grant_id,opportunity_title,alns,total,state_agency,university,tribal,local_government,nonprofit_or_other,unclassified,nc_dhhs,nc_state_agency,nc_state_agency_names,top_recipients,error,state_agency_share,university_share,coverage,verdict,state_agency_history
00000220-55f5-4691-aec6-6eed51f77f2d,Early-Stage Innovative Technology Development for Basic and Clinical Cancer Research (R61 Clinical Trial Not Allowed),93.394,2210353701.25,0.0,1345944191.9999993,0.0,17057231.69,718168494.6399997,0.0,0.0,0.0,,"REGENTS OF THE UNIVERSITY OF CALIFORNIA, SAN FRANCISCO, THE ($91.2M); FRED HUTCHINSON CANCER CENTER ($89.9M); SLOAN-KETTERING INSTITUTE FOR CANCER RESEARCH ($76.5M)",,0.0,0.6089270650388852,0.9415551534367803,mostly universities,False
00140eab-1d32-4d13-b37f-c6a5605fe013,National Urban Indian Health Program (Education and Research),93.654,84476870.0,0.0,0.0,71400258.0,2000000.0,11076612.0,0.0,0.0,0.0,,INDIAN HEALTH COUNCIL INC ($2.9M); TUNICA-BILOXI TRIBE OF LOUISIANA TRIBAL OFFICE ($2.4M); INDIAN HEALTH CENTER OF SANTA CLARA VALLEY ($2.4M),,0.0,0.0,1.0,mostly tribal / Native organizations,False
002d36ed-9901-45b6-a1c4-2642dbf64146,NIH Research Software Engineer (RSE) Award (R50 Clinical Trials Not Allowed),93.113;93.121;93.172;93.213;93.233;93.242;93.273;93.279;93.286;93.307;93.310;93.396;93.398;93.837;93.838;93.839;93.840;93.846;93.847;93.853;93.865;93.866;93.867;93.879,84685286884.28001,215575.61000000002,64308235197.5,5596944.43,164573828.72,15230644033.88,0.0,0.0,0.0,,"ICAHN SCHOOL OF MEDICINE AT MOUNT SINAI ($73.2M); THE TRUSTEES OF COLUMBIA UNIVERSITY IN THE CITY OF NEW YORK ($64.4M); UNIVERSITY OF NORTH CAROLINA AT CHAPEL HILL ($57.1M) | REGENTS OF THE UNIVERSITY OF MICHIGAN ($71.4M); REGENTS OF THE UNIVERSITY OF CALIFORNIA, SAN FRANCISCO, THE ($64.3M); UNIVERSITY OF SOUTHERN CALIFORNIA ($62.6M) | THE LELAND STANFORD JUNIOR UNIVERSITY ($118.8M); UNIVERSITY OF",,2.545608782014021e-06,0.7593790794542071,0.9412410173335115,mostly universities,False
003549b9-b6bd-4440-9864-43a67d5f71f9,Limited Competition: Stimulating Access to Research in Residency Transition Scholar (StARRTS),93.233;93.837;93.838;93.839;93.840,11888355597.69,215575.61000000002,8800651331.629995,558986.0,27191929.69,2221105805.2699995,0.0,0.0,0.0,,"BRIGHAM & WOMENS HOSPITAL INC ($302.8M); TRUSTEES OF THE UNIVERSITY OF PENNSYLVANIA, THE ($298.7M); REGENTS OF THE UNIVERSITY OF MICHIGAN ($288.2M) | THE REGENTS OF THE UNIVERSITY OF COLORADO ($1.5M); INDIANA DEPARTMENT OF HEALTH ($0.6M); MINNESOTA DEPARTMENT OF HEALTH ($0.4M)",,1.8133341337963344e-05,0.740274906761708,0.9294576981148714,mostly universities,False
00787c6d-1b46-47b6-8b12-50c18efb56eb,NIDCD Research Grants for Translating Basic Research into Clinical Practice (R01 Clinical Trial Optional),93.173,1663121320.76,0.0,1359375084.86,0.0,0.0,270923269.94,0.0,0.0,0.0,,THE JOHNS HOPKINS UNIVERSITY ($66.5M); MASSACHUSETTS EYE AND EAR INFIRMARY ($63.7M); THE UNIVERSITY OF IOWA ($40.8M),,0.0,0.8173637532581228,0.9802642383629591,mostly universities,False
0079513d-b908-48a1-9715-f2ff7f2fc8c9,NIAMS Clinical Trial Implementation Cooperative Agreement,93.846,2137865170.47,0.0,1686577934.31,0.0,0.0,394461550.0499999,0.0,0.0,0.0,,"TRUSTEES OF THE UNIVERSITY OF PENNSYLVANIA, THE ($85.7M); REGENTS OF THE UNIVERSITY OF CALIFORNIA, SAN FRANCISCO, THE ($74.6M); BRIGHAM & WOMENS HOSPITAL INC ($72.0M)",,0.0,0.7889075314975141,0.9734194247163364,mostly universities,False
008f5d36-a786-4494-9e6d-7adfb58f2823,NIOSH Support for Conferences and Scientific Meetings (R13 Clinical Trial Not Allowed),93.262,467451525.40999997,14787640.309999997,351493913.23000026,0.0,31578874.61,69536097.25999999,55000.0,578513.52,578513.52,NORTH CAROLINA DEPARTMENT OF HEALTH & HUMAN SERVICES,CITY OF NEW YORK ($31.6M); CPWR: THE CENTER FOR CONSTRUCTION RESEARCH AND TRAINING ($21.4M); THE UNIVERSITY OF IOWA ($19.2M),,0.03163459632959763,0.7519366054516696,0.9998823407412106,NC DHHS has received awards,True
009984f3-5d56-4626-919f-fa5687db7d5b,Great Lakes Restoration Initiative: Community Forest and Open Space Conservation Program,10.689,20400889.37,37266.0,0.0,357250.0,7626501.9,12379871.469999999,0.0,0.0,0.0,,GREAT PENINSULA CONSERVANCY ($1.2M); WHIDBEY-CAMANO LAND TRUST ($1.0M); BAYFIELD COUNTY ($0.9M),,0.0018266850686813954,0.0,0.9999999999999998,"mostly nonprofits, hospitals or companies",False
00c2cbed-6c59-48fe-918e-c15efa2b9322,Multidisciplinary Research to Accelerate Hepatitis B Cure in Persons Living with HIV and HBV (MRA-HBV),93.855,17242464734.02,0.0,12062638314.500011,0.0,9836298.42,3962763745.0300007,0.0,0.0,0.0,,"FRED HUTCHINSON CANCER CENTER ($787.0M); DUKE UNIVERSITY ($576.9M); UNIVERSITY OF CALIFORNIA, LOS ANGELES ($576.8M)",,0.0,0.6995889799153826,0.9299852779348832,mostly universities,False
00ce4809-b5ff-479a-ac47-bfbf09abdccb,CHIPS Incentives Program – Facilities for Semiconductor Materials and Manufacturing Equipment,11.037,0.0,0.0,0.0,0.0,0.0,0.0,0.0,0.0,0.0,,,,0.0,0.0,0.0,no awards found FY2022-FY2025,False
010955ea-582f-4426-8345-f5d587cd6452,Development and Maintenance of Human and Animal Food Rapid Response Teams (U2F) Clinical Trials Not Allowed,93.103,978131651.19,204231952.81000003,317394711.29,6344842.82,13208169.0,393879205.75999993,0.0,0.0,6880186.38,NORTH CAROLINA DEPARTMENT OF AGRICULTURE & CONSUMER SERVICES,THE CRITICAL PATH INSTITUTE ($79.1M); NATIONAL ENVIRONMENTAL HEALTH ASSOCIATION ($44.4M); THE MEDICAL DEVICE INNOVATION CONSORTIUM ($42.6M),,0.2087980207587909,0.3244907890505904,0.9559642411554747,mixed recipients (some state agencies),False
01106fd9-4d85-4669-ae46-0b48b0c9e5f4,Cold Chain Grants for Emergency Food Assistance,10.197,0.0,0.0,0.0,0.0,0.0,0.0,0.0,0.0,0.0,,,,0.0,0.0,0.0,no awards found FY2022-FY2025,False
01a1f3ea-fac9-40f9-8414-6aa74edc8a21,Rural Health Network Development Planning Program,93.912,531715188.38,35331547.66,66459726.669999994,3416082.81,27568884.65,288123945.11,0.0,1404399.0,1404399.0,NORTH CAROLINA DEPARTMENT OF HEALTH & HUMAN SERVICES,"RURAL HEALTH RESOURCE CENTER ($44.8M); JBS INTERNATIONAL, INC. ($10.1M); RURAL HEALTH REDESIGN CENTER ORGANIZATION, INC. ($7.9M)",,0.06644825732295925,0.1249912135714719,0.7915895503801106,NC DHHS has received awards,True
01db6b26-98f3-43cc-ba54-f38ee97aefdb,National Science Foundation Translation to Practice,47.041;47.049;47.050;47.070;47.074;47.075;47.076;47.079;47.083;47.084,32412699683.0,33153443.0,24271392297.0,5844001.0,10109019.0,4120282094.0,160901546.0,0.0,694321.0,FRIENDS OF THE NORTH CAROLINA STATE MUSEUM OF NATURAL SCIENCES,"PURDUE UNIVERSITY ($81.2M); REGENTS OF THE UNIVERSITY OF MICHIGAN ($81.1M); GEORGIA TECH RESEARCH CORP ($80.6M) | ASSOCIATION OF UNIVERSITIES FOR RESEARCH IN ASTRONOMY, INC. ($574.0M); ASSOCIATED UNIVERSITIES INC ($531.2M); CALIFORNIA INSTITUTE OF TECHNOLOGY ($254.7M) | UNIVERSITY CORPORATION FOR ATMOSPHERIC RESEARCH ($587.8M); WOODS HOLE OCEANOGRAPHIC INSTITUTION ($497.0M); TEXAS A & M RESEARCH F",,0.0010228534902752488,0.7488235331946138,0.8774579449460912,mostly universities,False
01e3da3a-8032-4932-88c3-d97329a14eb9,MISSION ITALY ANNUAL PROGRAM STATEMENT 2023,19.040,257210709.31,0.0,18981816.92,765922.7,0.0,121256439.30999996,40952578.09,0.0,0.0,,MISCELLANEOUS FOREIGN AWARDEES ($41.0M); INDIVIDUAL RECIPIENT ($19.5M); MERIDIAN INTERNATIONAL CENTER ($4.4M),,0.0,0.07379870368120016,0.5482049301456434,mixed recipients (no state agencies),False
01f10b3d-0bc4-4e12-98af-f05c66e6537f,Specialty Crop Multi-State Grant Program 2026,10.170,385251876.34,356258866.90000004,8291537.800000001,2913325.75,0.0,17788145.889999997,0.0,0.0,6812526.19,NORTH CAROLINA DEPARTMENT OF AGRICULTURE & CONSUMER SERVICES,"FOOD & AGRICULTURE, CALIFORNIA DEPARTMENT OF ($108.5M); STATE OF WASHINGTON DEPARTMENT OF AGRICULTURE ($36.1M); DEPARTMENT OF AGRICULTURE & CONSUMER SERVICES FLORIDA ($17.1M)",,0.9247427171142122,0.021522381354172542,1.0000000000000002,other state agencies win this,True
0228b895-9cb3-4160-8acc-58709e75c3c7,The Genesis Mission:  Transforming Science and Energy with AI,81.049,6296806365.65,136505653.16,4322378373.770001,0.0,0.0,888488577.74,0.0,0.0,0.0,,MICHIGAN STATE UNIVERSITY ($501.9M); GENERAL ATOMICS ($407.1M); UNIVERSITY OF WISCONSIN SYSTEM ($228.5M),,0.021678553417913294,0.6864397795919545,0.8492197939960011,mostly universities,False
02a44bff-94d2-406d-abc3-1d90a285491b,DHQP Global NOFO,93.318,800719163.77,0.0,120532829.8,6970522.0,13803314.0,664832940.8499999,0.0,0.0,0.0,,"WORLD HEALTH ORGANIZATION ($88.4M); THE TASK FORCE FOR GLOBAL HEALTH, INC. ($83.2M); AFRICAN FIELD EPIDEMIOLOGY NETWORK LTD ($79.4M)",,0.0,0.15053071695261944,1.006769468154701,"mostly nonprofits, hospitals or companies",False
02b2d236-f596-4aca-874d-b8e364156ddc,Rural Communities Opioid Response Program - Community Systems Development,93.690,0.0,0.0,0.0,0.0,0.0,0.0,0.0,0.0,0.0,,,,0.0,0.0,0.0,no awards found FY2022-FY2025,False
02c6833e-637a-4833-bd57-303c9b003e1c,NIDCD Cooperative Agreement for Clinical Trials in Communication Disorders (U01 - Clinical Trial Required),93.173,1663121320.76,0.0,1359375084.86,0.0,0.0,270923269.94,0.0,0.0,0.0,,THE JOHNS HOPKINS UNIVERSITY ($66.5M); MASSACHUSETTS EYE AND EAR INFIRMARY ($63.7M); THE UNIVERSITY OF IOWA ($40.8M),,0.0,0.8173637532581228,0.9802642383629591,mostly universities,False
0313d641-27b6-42aa-95b7-42d26ddf7a40,EDU Core Research,47.076,5482502686.0,0.0,3766900369.0,0.0,0.0,293745388.0,0.0,0.0,0.0,,"MASSACHUSETTS INSTITUTE OF TECHNOLOGY ($106.0M); REGENTS OF THE UNIVERSITY OF CALIFORNIA, THE ($105.6M); THE LELAND STANFORD JUNIOR UNIVERSITY ($103.6M)",,0.0,0.6870767940741872,0.7406554979661345,mostly universities,False
03312979-edd6-4061-b418-2dda932d044b,U.S. Embassy Luanda Public Diplomacy Section Request for a Full Proposal Application,19.040,257210709.31,0.0,18981816.92,765922.7,0.0,121256439.30999996,40952578.09,0.0,0.0,,MISCELLANEOUS FOREIGN AWARDEES ($41.0M); INDIVIDUAL RECIPIENT ($19.5M); MERIDIAN INTERNATIONAL CENTER ($4.4M),,0.0,0.07379870368120016,0.5482049301456434,mixed recipients (no state agencies),False
03342bb6-adf4-42e1-9d1c-43345b72b6fc,"DoW Parkinson’s, Early Investigator Research Award",12.420,5640094062.21,0.0,3068370069.44,0.0,22619849.59,1893474804.760001,0.0,0.0,0.0,,"THE HENRY M. JACKSON FOUNDATION FOR THE ADVANCEMENT OF MILITARY MEDICINE, INC. ($420.3M); THE UNIVERISTY OF TEXAS M.D. ANDERSON CANCER CENTER ($150.0M); THE JOHNS HOPKINS UNIVERSITY ($136.4M)",,0.0,0.5440281732176817,0.8837556020895334,mostly universities,False
03a6eccc-2913-443a-8b8e-7603a32e2f8d,Development of Animal Models and Related Biological Materials for Research (R21 Clinical Trial Not Allowed),93.351,1118184048.6399999,0.0,854422162.4500003,0.0,0.0,252743423.24999994,0.0,0.0,0.0,,"UNIVERSITY OF CALIFORNIA, DAVIS ($82.0M); OREGON HEALTH & SCIENCE UNIVERSITY ($72.4M); UNIVERSITY OF WASHINGTON ($63.7M)",,0.0,0.7641158568566578,0.9901461097093981,mostly universities,False
040e3cf3-0d44-4cfd-ac23-6b1d13c4d848,Infertility Training Center,93.260,514157440.78999996,222350743.65,11640511.9,13819890.0,3266352.0,263079943.24,0.0,14866775.0,14866775.0,NORTH CAROLINA DEPARTMENT OF HEALTH & HUMAN SERVICES,ESSENTIAL ACCESS HEALTH ($30.1M); WOMENS HEALTH & FAMILY PLANNING ASSOCIATION OF TEXAS ($29.8M); NYS DEPARTMENT OF HEALTH ($22.9M),,0.4324565318132115,0.022639975572685326,1.0000000000000002,NC DHHS has received awards,True
0417c296-308c-43ab-aebb-6be71b75ae0c,New Approaches for Measuring Brain Changes Across Longer Timespans (R21 Clinical Trial Optional),93.396;93.865;93.866,23653917179.82,0.0,17715022314.659996,0.0,59364503.489999995,4360611507.349999,0.0,0.0,0.0,,"THE TRUSTEES OF COLUMBIA UNIVERSITY IN THE CITY OF NEW YORK ($129.4M); SLOAN-KETTERING INSTITUTE FOR CANCER RESEARCH ($115.4M); THE UNIVERISTY OF TEXAS M.D. ANDERSON CANCER CENTER ($112.5M) | REGENTS OF THE UNIVERSITY OF MICHIGAN ($145.9M); THE JOHNS HOPKINS UNIVERSITY ($122.6M); UNIVERSITY OF WASHINGTON ($109.8M) | REGENTS OF THE UNIVERSITY OF CALIFORNIA, SAN FRANCISCO, THE ($499.5M); THE TRUSTEE",,0.0,0.7489255238355749,0.9357857371879256,mostly universities,False
0430f169-66e0-47ef-8fef-40258a759c8e,Exploratory/Developmental Bioengineering Research Grants (EBRG) (R21 Clinical Trial Not Allowed),93.121;93.393;93.394;93.395;93.396;93.399,15414246452.179998,0.0,9890487481.419996,6745627.07,162424506.64,4782524913.4,0.0,0.0,0.0,,"REGENTS OF THE UNIVERSITY OF MICHIGAN ($71.4M); REGENTS OF THE UNIVERSITY OF CALIFORNIA, SAN FRANCISCO, THE ($64.3M); UNIVERSITY OF SOUTHERN CALIFORNIA ($62.6M) | THE UNIVERISTY OF TEXAS M.D. ANDERSON CANCER CENTER ($89.6M); SLOAN-KETTERING INSTITUTE FOR CANCER RESEARCH ($81.9M); FRED HUTCHINSON CANCER CENTER ($73.6M) | REGENTS OF THE UNIVERSITY OF CALIFORNIA, SAN FRANCISCO, THE ($91.2M); FRED HUT",,0.0,0.6416458639157939,0.962887324695065,mostly universities,False
04392bde-dbfc-4191-87ae-a98046dc15fb,IDeA Networks of Biomedical Research Excellence (INBRE),93.859,12070484526.24,0.0,9612792260.85001,0.0,0.0,889455283.0399997,0.0,0.0,0.0,,"THE LELAND STANFORD JUNIOR UNIVERSITY ($235.0M); REGENTS OF THE UNIVERSITY OF MICHIGAN ($221.4M); UNIVERSITY OF CALIFORNIA, SAN DIEGO ($215.2M)",,0.0,0.7963882675921403,0.8700767165608966,mostly universities,False
0460cf3e-ce31-4c12-9237-f5601fc839c8,Limited Competition: Small Grant Program for Mentored Research Career Development Award Recipients (R03) (Clinical Trials Not Allowed),93.846,2137865170.47,0.0,1686577934.31,0.0,0.0,394461550.0499999,0.0,0.0,0.0,,"TRUSTEES OF THE UNIVERSITY OF PENNSYLVANIA, THE ($85.7M); REGENTS OF THE UNIVERSITY OF CALIFORNIA, SAN FRANCISCO, THE ($74.6M); BRIGHAM & WOMENS HOSPITAL INC ($72.0M)",,0.0,0.7889075314975141,0.9734194247163364,mostly universities,False
04b31ad6-4390-4bcb-95d0-a75d25ddbae2,Advanced Technological Education,47.076,5482502686.0,0.0,3766900369.0,0.0,0.0,293745388.0,0.0,0.0,0.0,,"MASSACHUSETTS INSTITUTE OF TECHNOLOGY ($106.0M); REGENTS OF THE UNIVERSITY OF CALIFORNIA, THE ($105.6M); THE LELAND STANFORD JUNIOR UNIVERSITY ($103.6M)",,0.0,0.6870767940741872,0.7406554979661345,mostly universities,False
04cf4e58-5a89-47a9-b4c7-a1388edac495,Dissemination and Implementation Research in Health (R03 Clinical Trial Not Allowed),93.113;93.121;93.172;93.242;93.273;93.279;93.310;93.399;93.853;93.865;93.866;93.989,52841166715.58001,0.0,40073146575.50001,3133546.07,31890005.900000002,9348225384.119999,458618.0,0.0,0.0,,"ICAHN SCHOOL OF MEDICINE AT MOUNT SINAI ($73.2M); THE TRUSTEES OF COLUMBIA UNIVERSITY IN THE CITY OF NEW YORK ($64.4M); UNIVERSITY OF NORTH CAROLINA AT CHAPEL HILL ($57.1M) | REGENTS OF THE UNIVERSITY OF MICHIGAN ($71.4M); REGENTS OF THE UNIVERSITY OF CALIFORNIA, SAN FRANCISCO, THE ($64.3M); UNIVERSITY OF SOUTHERN CALIFORNIA ($62.6M) | THE LELAND STANFORD JUNIOR UNIVERSITY ($118.8M); UNIVERSITY OF",,0.0,0.7583698291749602,0.9359444271507348,mostly universities,False
04e6fd79-8789-47c8-be6f-646c0e686087,Improving Linkage to Care for People with Opioid Use Disorder (U01),93.136,1798553133.5900002,976733317.1399999,191223876.62,49049669.74,227249891.57,306696129.96999997,0.0,33736379.83,33751379.83,NORTH CAROLINA DEPARTMENT OF HEALTH & HUMAN SERVICES; NORTH CAROLINA DEPARTMENT OF PUBLIC INSTRUCTION,"FLORIDA DEPARTMENT OF HEALTH ($64.7M); PUBLIC HEALTH, CALIFORNIA DEPARTMENT OF ($45.6M); NATIONAL FOUNDATION FOR THE CENTERS FOR DISEASE CONTROL & PREVENTION, INC. ($34.5M)",,0.543066145168807,0.10632094935016337,0.9735341438287186,NC DHHS has received awards,True
04eb0e0a-50ab-419a-8258-fea87a1fd3e3,Ensuring “Pro-American Worker” Critical Minerals Supply Chain in the Western Hemisphere,17.401,290139979.87,0.0,-1031.92,0.0,0.0,290141011.79,0.0,0.0,0.0,,INTERNATIONAL LABOR ORGANIZATION ($110.6M); AMERICAN CENTER FOR INTERNATIONAL LABOR SOLIDARITY ($55.6M); AMERICAN INSTITUTES FOR RESEARCH IN THE BEHAVIORAL SCIENCES ($27.3M),,0.0,-3.5566280815982743e-06,1.0,"mostly nonprofits, hospitals or companies",False
0536c0e6-e21d-4548-8511-a293babd20b8,Research Opportunities in Cancer Epidemiology Cohort Studies (U01 Clinical Trial Not Allowed),93.393,2959662870.7,0.0,2008583928.6299999,5932664.0,25447703.72,873114092.6299998,0.0,0.0,0.0,,THE UNIVERISTY OF TEXAS M.D. ANDERSON CANCER CENTER ($89.6M); SLOAN-KETTERING INSTITUTE FOR CANCER RESEARCH ($81.9M); FRED HUTCHINSON CANCER CENTER ($73.6M),,0.0,0.6786529467644884,0.9842602067346331,mostly universities,False
05609907-27e0-4510-83f2-28f32a1912e1,"Logistical Support for Citizen Security, counternarcotics, border security, criminal deterrence and Law Enforcement Projects in Honduras",19.705,305404301.79,0.0,12669119.24,0.0,-9307.22,292519273.69,225216.08,0.0,0.0,,NATIONAL CENTER FOR STATE COURTS ($81.9M); WILDLIFE CONSERVATION SOCIETY ($32.8M); TRAFFIC INTERNATIONAL ($17.6M),,0.0,0.04148310670722462,0.9992625641528949,"mostly nonprofits, hospitals or companies",False
056e3a67-1026-4330-a98d-dad49975a09d,In Vivo High-Resolution Imaging for Inner Ear Visualization (R01 Clinical Trial optional),93.173,1663121320.76,0.0,1359375084.86,0.0,0.0,270923269.94,0.0,0.0,0.0,,THE JOHNS HOPKINS UNIVERSITY ($66.5M); MASSACHUSETTS EYE AND EAR INFIRMARY ($63.7M); THE UNIVERSITY OF IOWA ($40.8M),,0.0,0.8173637532581228,0.9802642383629591,mostly universities,False
058dfbec-211e-4892-a155-6c03e4b2eff3,"U.S. Mission to the United Nations-Geneva, Small Grants Program",19.040,257210709.31,0.0,18981816.92,765922.7,0.0,121256439.30999996,40952578.09,0.0,0.0,,MISCELLANEOUS FOREIGN AWARDEES ($41.0M); INDIVIDUAL RECIPIENT ($19.5M); MERIDIAN INTERNATIONAL CENTER ($4.4M),,0.0,0.07379870368120016,0.5482049301456434,mixed recipients (no state agencies),False
05ca71ed-8c53-44e1-87f0-9b7e75f28fef,The Research on Research Security Program,47.075,843974005.0,0.0,705744304.0,0.0,0.0,76586867.0,10961722.0,0.0,0.0,,REGENTS OF THE UNIVERSITY OF MICHIGAN ($99.6M); NATIONAL BUREAU OF ECONOMIC RESEARCH INC ($29.0M); NATIONAL OPINION RESEARCH CENTER ($18.9M),,0.0,0.8362156888943517,0.9269612172474435,mostly universities,False
06024144-a58a-42d8-8813-75357d9bb7fe,Demonstration Projects for Whole-Person Health Models for Women Living with HIV in the South,93.940,1302539542.04,844444861.4000001,12781359.34,19018935.12,250518458.15999997,201426793.48000002,0.0,30231239.1,30231239.1,NORTH CAROLINA DEPARTMENT OF HEALTH & HUMAN SERVICES; NORTH CAROLINA DEPARTMENT OF PUBLIC INSTRUCTION,"FLORIDA DEPARTMENT OF HEALTH ($133.4M); CITY OF NEW YORK ($102.1M); PUBLIC HEALTH, CALIFORNIA DEPARTMENT OF ($87.9M)",,0.6483065075148927,0.009812645933176203,1.0196929648829136,NC DHHS has received awards,True
060f0ee2-0217-48e6-bc79-2465b2d607bb,Autism Centers of Excellence P50,93.865,4921279091.58,0.0,3623055293.56,0.0,0.0,913474006.4399998,0.0,0.0,0.0,,REGENTS OF THE UNIVERSITY OF MICHIGAN ($145.9M); THE JOHNS HOPKINS UNIVERSITY ($122.6M); UNIVERSITY OF WASHINGTON ($109.8M),,0.0,0.736201956064394,0.921819148148236,mostly universities,False
062ea7d2-e4fd-4d92-9861-982b713dba25,Science of Organizations,47.075,843974005.0,0.0,705744304.0,0.0,0.0,76586867.0,10961722.0,0.0,0.0,,REGENTS OF THE UNIVERSITY OF MICHIGAN ($99.6M); NATIONAL BUREAU OF ECONOMIC RESEARCH INC ($29.0M); NATIONAL OPINION RESEARCH CENTER ($18.9M),,0.0,0.8362156888943517,0.9269612172474435,mostly universities,False
06339d3e-1543-4697-a7ed-345670f2bc0a,Screening and Functional Validation of Genomic Variants Associated with Human Congenital Anomalies (R01 Clinical Trial Not Allowed),93.121;93.351;93.865,7542938707.389999,0.0,5708095984.05,812963.07,900368.0,1415176095.1799998,0.0,0.0,0.0,,"REGENTS OF THE UNIVERSITY OF MICHIGAN ($71.4M); REGENTS OF THE UNIVERSITY OF CALIFORNIA, SAN FRANCISCO, THE ($64.3M); UNIVERSITY OF SOUTHERN CALIFORNIA ($62.6M) | UNIVERSITY OF CALIFORNIA, DAVIS ($82.0M); OREGON HEALTH & SCIENCE UNIVERSITY ($72.4M); UNIVERSITY OF WASHINGTON ($63.7M) | REGENTS OF THE UNIVERSITY OF MICHIGAN ($145.9M); THE JOHNS HOPKINS UNIVERSITY ($122.6M); UNIVERSITY OF WASHINGTON ",,0.0,0.7567469663325834,0.944590124180577,mostly universities,False
06492205-bcf9-41af-bbb8-fb7bd5370599,INCLUDE Project: Transformative Research Awards for Down syndrome (R01 Clinical Trial Not Allowed),93.121;93.173;93.233;93.242;93.310;93.350;93.351;93.395;93.837;93.838;93.839;93.840;93.846;93.847;93.855;93.865;93.866;93.867;93.879,85250064324.22,215575.61000000002,63324807592.8,1371949.0699999998,166748418.56,16538702977.490002,0.0,0.0,0.0,,"REGENTS OF THE UNIVERSITY OF MICHIGAN ($71.4M); REGENTS OF THE UNIVERSITY OF CALIFORNIA, SAN FRANCISCO, THE ($64.3M); UNIVERSITY OF SOUTHERN CALIFORNIA ($62.6M) | THE JOHNS HOPKINS UNIVERSITY ($66.5M); MASSACHUSETTS EYE AND EAR INFIRMARY ($63.7M); THE UNIVERSITY OF IOWA ($40.8M) | YALE UNIV ($308.6M); UNIVERSITY OF PITTSBURGH - OF THE COMMONWEALTH SYSTEM OF HIGHER EDUCATION ($244.2M); UNIVERSITY O",,2.5287442503284284e-06,0.7428124318119615,0.9387892800779098,mostly universities,False
065de23d-8220-4dbb-9ea2-82ae8e9fb4dc,Findable Accessible Interoperable Reusable Open Science,47.041;47.049;47.050;47.070;47.074;47.075;47.076;47.079;47.083;47.084,32412699683.0,33153443.0,24271392297.0,5844001.0,10109019.0,4120282094.0,160901546.0,0.0,694321.0,FRIENDS OF THE NORTH CAROLINA STATE MUSEUM OF NATURAL SCIENCES,"PURDUE UNIVERSITY ($81.2M); REGENTS OF THE UNIVERSITY OF MICHIGAN ($81.1M); GEORGIA TECH RESEARCH CORP ($80.6M) | ASSOCIATION OF UNIVERSITIES FOR RESEARCH IN ASTRONOMY, INC. ($574.0M); ASSOCIATED UNIVERSITIES INC ($531.2M); CALIFORNIA INSTITUTE OF TECHNOLOGY ($254.7M) | UNIVERSITY CORPORATION FOR ATMOSPHERIC RESEARCH ($587.8M); WOODS HOLE OCEANOGRAPHIC INSTITUTION ($497.0M); TEXAS A & M RESEARCH F",,0.0010228534902752488,0.7488235331946138,0.8774579449460912,mostly universities,False
068900fa-8b72-47a1-83e4-ce1be082203d,Academic Career Excellence (ACE) Award (K32 Independent Clinical Trial Not Allowed),93.121;93.286;93.398;93.853;93.855,28295120517.77,0.0,20690465053.550014,812963.07,28444758.07,5817924306.090001,0.0,0.0,0.0,,"REGENTS OF THE UNIVERSITY OF MICHIGAN ($71.4M); REGENTS OF THE UNIVERSITY OF CALIFORNIA, SAN FRANCISCO, THE ($64.3M); UNIVERSITY OF SOUTHERN CALIFORNIA ($62.6M) | THE GENERAL HOSPITAL CORPORATION ($72.2M); THE JOHNS HOPKINS UNIVERSITY ($67.8M); THE LELAND STANFORD JUNIOR UNIVERSITY ($42.0M) | SLOAN-KETTERING INSTITUTE FOR CANCER RESEARCH ($43.7M); THE GENERAL HOSPITAL CORPORATION ($30.6M); THE UNI",,0.0,0.7312379192926892,0.9378877557391476,mostly universities,False
069c1e81-d310-44fc-b066-218533eb35cc,"Institute of Education Sciences (IES): National Center for Education Research (NCER): Using Longitudinal Data to Support State Education Policymaking, Assistance Listing Number (ALN) 84.305S",84.305,640975752.57,4334271.02,423656139.1099998,0.0,0.0,212985342.42999998,0.0,0.0,1167478.0,NORTH CAROLINA DEPARTMENT OF PUBLIC INSTRUCTION,AMERICAN INSTITUTES FOR RESEARCH IN THE BEHAVIORAL SCIENCES ($49.8M); WESTED ($34.7M); MDRC ($19.7M),,0.00676198904969757,0.6609550164906323,0.9999999999843983,mostly universities,False
07056fb0-63a2-491f-899f-94fce614ad2e,Domestic Violence Prevention,93.653,16900000.0,0.0,0.0,12850000.0,0.0,4050000.0,0.0,0.0,0.0,,GREAT PLAINS TRIBAL LEADERS HEALTH BOARD ($0.9M); CHOCTAW NATION OF OKLAHOMA ($0.9M); GERALD L IGNACE INDIAN HEALTH CENTER INC ($0.9M),,0.0,0.0,1.0,mostly tribal / Native organizations,False
0709b96e-7fdb-4789-a1d7-71df1395a804,Clinical Trials in Organ Transplantation in Children and Adults,93.855,17242464734.02,0.0,12062638314.500011,0.0,9836298.42,3962763745.0300007,0.0,0.0,0.0,,"FRED HUTCHINSON CANCER CENTER ($787.0M); DUKE UNIVERSITY ($576.9M); UNIVERSITY OF CALIFORNIA, LOS ANGELES ($576.8M)",,0.0,0.6995889799153826,0.9299852779348832,mostly universities,False
0731381f-f39a-4d8f-9f55-701eddc5273b,Occupational Safety and Health Training Project Grants (T03),93.262,467451525.40999997,14787640.309999997,351493913.23000026,0.0,31578874.61,69536097.25999999,55000.0,578513.52,578513.52,NORTH CAROLINA DEPARTMENT OF HEALTH & HUMAN SERVICES,CITY OF NEW YORK ($31.6M); CPWR: THE CENTER FOR CONSTRUCTION RESEARCH AND TRAINING ($21.4M); THE UNIVERSITY OF IOWA ($19.2M),,0.03163459632959763,0.7519366054516696,0.9998823407412106,NC DHHS has received awards,True
0765e59e-2094-4f96-9d37-fe08934e626c,Research Council of Finland (RCF) – National Institutes of Health (NIH) Partnership Program,93.989,269299742.87,0.0,224151905.32000002,0.0,0.0,46411418.82000001,458618.0,0.0,0.0,,YALE UNIV ($10.7M); MAKERERE UNIVERSITY COLLEGE OF HEALTH SCIENCES ($8.3M); UNIVERSITY OF WASHINGTON ($8.1M),,0.0,0.8323509815908203,1.0046920998012612,mostly universities,False
077770e0-41ee-4340-89c7-e720c8892ae9,Research in the Formation of Engineers,47.041,3232868977.0,0.0,2788913637.0,0.0,0.0,193471652.0,0.0,0.0,0.0,,PURDUE UNIVERSITY ($81.2M); REGENTS OF THE UNIVERSITY OF MICHIGAN ($81.1M); GEORGIA TECH RESEARCH CORP ($80.6M),,0.0,0.8626745026914217,0.9225196907817647,mostly universities,False
078c6a60-731b-4c4f-bd44-d6ed7c5293c1,Accelerating the Pace of Substance Use Research Using Existing Data (R01 Clinical Trial Not Allowed),93.273;93.279,7758462585.63,0.0,5813784068.239999,0.0,0.0,1316183911.8899999,0.0,0.0,0.0,,"YALE UNIV ($71.9M); UNIVERSITY OF NORTH CAROLINA AT CHAPEL HILL ($48.6M); TRUSTEES OF INDIANA UNIVERSITY ($45.7M) | YALE UNIV ($242.7M); THE JOHNS HOPKINS UNIVERSITY ($216.1M); UNIVERSITY OF CALIFORNIA, SAN DIEGO ($210.2M)",,0.0,0.7493474388866838,0.9189923778630987,mostly universities,False
07b5ef08-35da-4934-94a6-389b5dd4e221,"Community Engagement Evaluation and Data Coordination (CEED) Hub to Advance Data and Practice Transformation for Optimizing Oral Health for All (U01, Clinical Trial Not Allowed)",93.121;93.310;93.313,6124662204.62,0.0,4642484564.72,812963.07,3957586.0,1222075730.1699998,0.0,0.0,0.0,,"REGENTS OF THE UNIVERSITY OF MICHIGAN ($71.4M); REGENTS OF THE UNIVERSITY OF CALIFORNIA, SAN FRANCISCO, THE ($64.3M); UNIVERSITY OF SOUTHERN CALIFORNIA ($62.6M) | THE LELAND STANFORD JUNIOR UNIVERSITY ($131.6M); DUKE UNIVERSITY ($131.5M); YALE UNIV ($124.9M)",,0.0,0.7579984674449551,0.9583109480768758,mostly universities,False
08393a0c-1336-4f0b-a76c-18f8385d7dd1,Limited Competition: Supporting Programs to Advance Research Knowledge in Environmental Health Sciences (SPARK-EHS) (UE5/T32 - Clinical Trial Not Allowed),93.113,1715114949.74,0.0,1435295386.189999,1144693.0,7190860.0,201053474.33,0.0,0.0,0.0,,ICAHN SCHOOL OF MEDICINE AT MOUNT SINAI ($73.2M); THE TRUSTEES OF COLUMBIA UNIVERSITY IN THE CITY OF NEW YORK ($64.4M); UNIVERSITY OF NORTH CAROLINA AT CHAPEL HILL ($57.1M),,0.0,0.8368508398854434,0.9589353843422112,mostly universities,False
08c3e255-51ed-4d45-8526-01b16fe94ca6,Division of Chemistry: Disciplinary Research Programs,47.049,6727369096.0,0.0,5005763263.0,0.0,0.0,1316835947.0,71509669.0,0.0,0.0,,"ASSOCIATION OF UNIVERSITIES FOR RESEARCH IN ASTRONOMY, INC. ($574.0M); ASSOCIATED UNIVERSITIES INC ($531.2M); CALIFORNIA INSTITUTE OF TECHNOLOGY ($254.7M)",,0.0,0.7440892853606557,0.9398323653386774,mostly universities,False
08d8a024-e8ce-4a17-b9b3-a30546fe116c,Center for Research on Complex Generics (U18) Clinical Trials Optional,93.103,978131651.19,204231952.81000003,317394711.29,6344842.82,13208169.0,393879205.75999993,0.0,0.0,6880186.38,NORTH CAROLINA DEPARTMENT OF AGRICULTURE & CONSUMER SERVICES,THE CRITICAL PATH INSTITUTE ($79.1M); NATIONAL ENVIRONMENTAL HEALTH ASSOCIATION ($44.4M); THE MEDICAL DEVICE INNOVATION CONSORTIUM ($42.6M),,0.2087980207587909,0.3244907890505904,0.9559642411554747,mixed recipients (some state agencies),False
091935c9-a2f8-4a38-b635-ad9c17862d81,Establishing a Center for the Advancement of Substance Use Disorder (SUD) Pharmacotherapeutics through Training and Preclinical Support (U54 Clinical Trial Not Allowed),93.279,5976314704.01,0.0,4356075983.7,0.0,0.0,1038203679.6999999,0.0,0.0,0.0,,"YALE UNIV ($242.7M); THE JOHNS HOPKINS UNIVERSITY ($216.1M); UNIVERSITY OF CALIFORNIA, SAN DIEGO ($210.2M)",,0.0,0.7288899931553389,0.9026097069119426,mostly universities,False
0924a13a-4892-488c-a3cd-c0f9a67a163b,"Institute of Education Sciences (IES): National Center for Special Education Research (NCSER): Research Training Programs in Special Education, Assistance Listing Number (ALN) 84.324B",84.324,246976803.10999998,0.0,222147576.16999996,0.0,0.0,24829226.94,0.0,0.0,0.0,,UNIVERSITY OF KANSAS CENTER FOR RESEARCH INC ($27.1M); UNIVERSITY OF OREGON ($14.9M); UNIVERSITY OF TEXAS AT AUSTIN ($14.6M),,0.0,0.8994673725331952,0.9999999999999999,mostly universities,False
093302d1-5ade-4c5b-a90a-ab6e43bcc72b,Tribal Colleges Research Grants Program,10.227,8477498.71,0.0,8127508.699999999,349990.01,0.0,0.0,0.0,0.0,0.0,,NAVAJO TECHNICAL UNIVERSITY ($1.6M); COLLEGE OF THE MENOMINEE NATION ($1.3M); NORTHWEST INDIAN COLLEGE ($0.7M),,0.0,0.958715415717238,0.9999999999999998,mostly universities,False
09413154-0d72-4645-a9f8-ae4d8b10982b,"Space Technology Research, Development, Demonstration, and Infusion (SpaceTech REDDI-2026)",43.012,259178389.42000002,0.0,207104818.59999993,0.0,763180.07,51795841.53000001,0.0,0.0,0.0,,GEORGIA TECH RESEARCH CORP ($22.7M); THE REGENTS OF THE UNIVERSITY OF COLORADO ($19.3M); UNIVERSITY OF TEXAS AT AUSTIN ($17.7M),,0.0,0.7990821266521008,1.0018730372585702,mostly universities,False
09a29386-5346-441f-a9a5-d540284698ac,"DoW Peer Reviewed Cancer, Clinical Trial Award",12.420,5640094062.21,0.0,3068370069.44,0.0,22619849.59,1893474804.760001,0.0,0.0,0.0,,"THE HENRY M. JACKSON FOUNDATION FOR THE ADVANCEMENT OF MILITARY MEDICINE, INC. ($420.3M); THE UNIVERISTY OF TEXAS M.D. ANDERSON CANCER CENTER ($150.0M); THE JOHNS HOPKINS UNIVERSITY ($136.4M)",,0.0,0.5440281732176817,0.8837556020895334,mostly universities,False
09d605ff-216d-436e-94b6-cb9cc5aaf868,Data Standards for Tobacco Research and Scientific Review Phase 2,93.103,978131651.19,204231952.81000003,317394711.29,6344842.82,13208169.0,393879205.75999993,0.0,0.0,6880186.38,NORTH CAROLINA DEPARTMENT OF AGRICULTURE & CONSUMER SERVICES,THE CRITICAL PATH INSTITUTE ($79.1M); NATIONAL ENVIRONMENTAL HEALTH ASSOCIATION ($44.4M); THE MEDICAL DEVICE INNOVATION CONSORTIUM ($42.6M),,0.2087980207587909,0.3244907890505904,0.9559642411554747,mixed recipients (some state agencies),False
09e581fe-7695-4b3b-ab60-b5456bd788fd,Accelerating the Pace of Substance Use Research Using Existing Data (R21 Clinical Trial Not Allowed),93.273;93.279,7758462585.63,0.0,5813784068.239999,0.0,0.0,1316183911.8899999,0.0,0.0,0.0,,"YALE UNIV ($71.9M); UNIVERSITY OF NORTH CAROLINA AT CHAPEL HILL ($48.6M); TRUSTEES OF INDIANA UNIVERSITY ($45.7M) | YALE UNIV ($242.7M); THE JOHNS HOPKINS UNIVERSITY ($216.1M); UNIVERSITY OF CALIFORNIA, SAN DIEGO ($210.2M)",,0.0,0.7493474388866838,0.9189923778630987,mostly universities,False
0a382c1b-1a5e-42d9-b3cd-976729344eae,NIOSH Robotics and Intelligent Mining Technology and Workplace Safety Research (U60),93.262,467451525.40999997,14787640.309999997,351493913.23000026,0.0,31578874.61,69536097.25999999,55000.0,578513.52,578513.52,NORTH CAROLINA DEPARTMENT OF HEALTH & HUMAN SERVICES,CITY OF NEW YORK ($31.6M); CPWR: THE CENTER FOR CONSTRUCTION RESEARCH AND TRAINING ($21.4M); THE UNIVERSITY OF IOWA ($19.2M),,0.03163459632959763,0.7519366054516696,0.9998823407412106,NC DHHS has received awards,True
0a510108-a714-4d61-9811-7c9ae16e7768,Climate Program Office for FY 2012,11.431,312322118.54,152171.0,258622641.65999997,3376538.0,0.0,50170767.879999995,0.0,0.0,0.0,,UNIVERSITY CORPORATION FOR ATMOSPHERIC RESEARCH ($98.2M); MULTIPLIER ($23.3M); THE REGENTS OF THE UNIVERSITY OF COLORADO ($12.8M),,0.00048722453827909406,0.8280638043471692,0.9999999999999998,mostly universities,False
0a58aeb3-6d3d-43ed-b3c9-6140500c2c06,NIDA Animal Genomics Program (U01  Clinical Trial Not Allowed),93.279,5976314704.01,0.0,4356075983.7,0.0,0.0,1038203679.6999999,0.0,0.0,0.0,,"YALE UNIV ($242.7M); THE JOHNS HOPKINS UNIVERSITY ($216.1M); UNIVERSITY OF CALIFORNIA, SAN DIEGO ($210.2M)",,0.0,0.7288899931553389,0.9026097069119426,mostly universities,False
0af7d5aa-210e-4d0e-93c0-e8f2bf6304d4,Flexible Funding Model-Infrastructure Development and Maintenance for State Manufactured Food Regulatory Programs (U2F) Clinical Trials Not Allowed,93.103,978131651.19,204231952.81000003,317394711.29,6344842.82,13208169.0,393879205.75999993,0.0,0.0,6880186.38,NORTH CAROLINA DEPARTMENT OF AGRICULTURE & CONSUMER SERVICES,THE CRITICAL PATH INSTITUTE ($79.1M); NATIONAL ENVIRONMENTAL HEALTH ASSOCIATION ($44.4M); THE MEDICAL DEVICE INNOVATION CONSORTIUM ($42.6M),,0.2087980207587909,0.3244907890505904,0.9559642411554747,mixed recipients (some state agencies),False
0b08c799-a202-45f2-92ad-318044afbc2d,NARMS Cooperative Agreement Program to Strengthen Antibiotic Resistance Surveillance in Retail Food Specimens,93.103,978131651.19,204231952.81000003,317394711.29,6344842.82,13208169.0,393879205.75999993,0.0,0.0,6880186.38,NORTH CAROLINA DEPARTMENT OF AGRICULTURE & CONSUMER SERVICES,THE CRITICAL PATH INSTITUTE ($79.1M); NATIONAL ENVIRONMENTAL HEALTH ASSOCIATION ($44.4M); THE MEDICAL DEVICE INNOVATION CONSORTIUM ($42.6M),,0.2087980207587909,0.3244907890505904,0.9559642411554747,mixed recipients (some state agencies),False
0b70b41e-d616-4689-adc2-b1633401efb3,Advanced Technologies and Instrumentation for the Astronomical Sciences,47.049,6727369096.0,0.0,5005763263.0,0.0,0.0,1316835947.0,71509669.0,0.0,0.0,,"ASSOCIATION OF UNIVERSITIES FOR RESEARCH IN ASTRONOMY, INC. ($574.0M); ASSOCIATED UNIVERSITIES INC ($531.2M); CALIFORNIA INSTITUTE OF TECHNOLOGY ($254.7M)",,0.0,0.7440892853606557,0.9398323653386774,mostly universities,False
0ba0103e-9f96-40dd-9dc4-ba6096f45f3f,Mechanisms that Impact Cancer Risk after Bariatric Surgery (R01 Clinical Trial Optional),93.393;93.396;93.399,7131796853.42,0.0,4684644805.489998,5932664.0,76219282.3,2262796671.8199997,0.0,0.0,0.0,,"THE UNIVERISTY OF TEXAS M.D. ANDERSON CANCER CENTER ($89.6M); SLOAN-KETTERING INSTITUTE FOR CANCER RESEARCH ($81.9M); FRED HUTCHINSON CANCER CENTER ($73.6M) | THE TRUSTEES OF COLUMBIA UNIVERSITY IN THE CITY OF NEW YORK ($129.4M); SLOAN-KETTERING INSTITUTE FOR CANCER RESEARCH ($115.4M); THE UNIVERISTY OF TEXAS M.D. ANDERSON CANCER CENTER ($112.5M) | ECOG-ACRIN MEDICAL RESEARCH FOUNDATION, INC. ($80",,0.0,0.6568673928567541,0.9856693296359119,mostly universities,False
0bbeec01-73e3-4391-997b-1dc30c7e8e82,"Animal Food Regulatory Program Standards Implementation Development and Maintenance, with Mutual Reliance Initiatives",93.103,978131651.19,204231952.81000003,317394711.29,6344842.82,13208169.0,393879205.75999993,0.0,0.0,6880186.38,NORTH CAROLINA DEPARTMENT OF AGRICULTURE & CONSUMER SERVICES,THE CRITICAL PATH INSTITUTE ($79.1M); NATIONAL ENVIRONMENTAL HEALTH ASSOCIATION ($44.4M); THE MEDICAL DEVICE INNOVATION CONSORTIUM ($42.6M),,0.2087980207587909,0.3244907890505904,0.9559642411554747,mixed recipients (some state agencies),False
0c04af5a-83ce-4fe5-a8fb-a7399f78e6d6,Full-Scale Hybrid Effectiveness-Implementation Trials for Mental Health Interventions (R01 - Clinical Trial Required),93.242,7107924163.190001,0.0,5396186256.740001,0.0,0.0,1251736935.5299997,0.0,0.0,0.0,,"YALE UNIV ($308.6M); UNIVERSITY OF PITTSBURGH - OF THE COMMONWEALTH SYSTEM OF HIGHER EDUCATION ($244.2M); UNIVERSITY OF CALIFORNIA, LOS ANGELES ($186.0M)",,0.0,0.7591789294384114,0.9352833597603335,mostly universities,False
0c2a30d6-d732-4708-9a3f-c069cb554c1f,Tobacco Centers of Regulatory Science (TCORS) (Clinical Trial Optional),93.077,240231164.66,0.0,213112805.24,0.0,0.0,27118359.419999998,0.0,0.0,0.0,,"YALE UNIV ($22.2M); UNIVERSITY OF SOUTHERN CALIFORNIA ($18.4M); OHIO STATE UNIVERSITY, THE ($18.1M)",,0.0,0.8871155644673301,1.0,mostly universities,False
0c2dd004-b757-48bf-9a9a-e243f4644e02,The Countering Violent Extremism Small Grants Program FY2022,19.900,151470737.13,0.0,13981411.920000002,394220.0,360000.0,103776852.72,20207298.17,0.0,0.0,,"AMERICAN COUNCILS FOR INTERNATIONAL EDUCATION: ACTR/ACCELS, INC. ($32.5M); MISCELLANEOUS FOREIGN AWARDEES ($20.2M); WORLD LEARNING INC. ($4.7M)",,0.0,0.092304376309996,0.7824117508472047,"mostly nonprofits, hospitals or companies",False
0c33aa4f-7dd8-4887-a43e-25eab341ae98,Ruth L. Kirschstein National Research Service Award (NRSA) Individual Postdoctoral Fellowship (Parent F32),93.113;93.121;93.172;93.173;93.213;93.233;93.242;93.273;93.279;93.286;93.307;93.310;93.361;93.837;93.838;93.839;93.840;93.846;93.847;93.855;93.859;93.865;93.866;93.867,104313997601.24,215575.61000000002,78888722207.31001,6965750.43,105657812.9,18079735215.35,0.0,0.0,0.0,,"ICAHN SCHOOL OF MEDICINE AT MOUNT SINAI ($73.2M); THE TRUSTEES OF COLUMBIA UNIVERSITY IN THE CITY OF NEW YORK ($64.4M); UNIVERSITY OF NORTH CAROLINA AT CHAPEL HILL ($57.1M) | REGENTS OF THE UNIVERSITY OF MICHIGAN ($71.4M); REGENTS OF THE UNIVERSITY OF CALIFORNIA, SAN FRANCISCO, THE ($64.3M); UNIVERSITY OF SOUTHERN CALIFORNIA ($62.6M) | THE LELAND STANFORD JUNIOR UNIVERSITY ($118.8M); UNIVERSITY OF",,2.066602900447537e-06,0.7562620935004052,0.9306641370673151,mostly universities,False
0c66a0ce-e7b2-44ff-b1f0-914922e1166e,Assay Validation of High Quality Markers for Clinical Studies in Cancer (UH3 Clinical Trials Not Allowed),93.394,2210353701.25,0.0,1345944191.9999993,0.0,17057231.69,718168494.6399997,0.0,0.0,0.0,,"REGENTS OF THE UNIVERSITY OF CALIFORNIA, SAN FRANCISCO, THE ($91.2M); FRED HUTCHINSON CANCER CENTER ($89.9M); SLOAN-KETTERING INSTITUTE FOR CANCER RESEARCH ($76.5M)",,0.0,0.6089270650388852,0.9415551534367803,mostly universities,False
0cbb2b4f-c123-48cf-bdc4-6d5666ce73d9,Precision and Systems Biology to Uncover the Link Between Chronic and Infectious Diseases,93.855;93.866,32471954231.89,0.0,23770144650.96001,0.0,19694016.33,6396339073.880001,0.0,0.0,0.0,,"FRED HUTCHINSON CANCER CENTER ($787.0M); DUKE UNIVERSITY ($576.9M); UNIVERSITY OF CALIFORNIA, LOS ANGELES ($576.8M) | REGENTS OF THE UNIVERSITY OF CALIFORNIA, SAN FRANCISCO, THE ($499.5M); THE TRUSTEES OF COLUMBIA UNIVERSITY IN THE CITY OF NEW YORK ($473.8M); WASHINGTON UNIVERSITY, THE ($471.3M)",,0.0,0.732020761091609,0.9296076708412216,mostly universities,False
0cedc129-ba81-465b-949a-d0cef8465c24,Innovation Grants to Nurture Initial Translational Efforts (IGNITE): Neurotherapeutic Agent Characterization and In vivo Efficacy Studies (R61/R33 Clinical Trial Not Allowed),93.853,7301417548.76,0.0,5703307653.840002,0.0,8115452.99,1095037634.0900006,0.0,0.0,0.0,,"THE GENERAL HOSPITAL CORPORATION ($234.6M); REGENTS OF THE UNIVERSITY OF CALIFORNIA, SAN FRANCISCO, THE ($226.7M); THE JOHNS HOPKINS UNIVERSITY ($223.1M)",,0.0,0.7811233388246087,0.9322108611739297,mostly universities,False
0d072c0e-e8ce-4a20-a7b5-f49dd4899877,ancient DNA for Modern Genomics (aDMG) Coordination Center,93.172,1744531538.97,0.0,1235774918.2100003,1175890.0,1503596.0,492556536.87,0.0,0.0,0.0,,"THE LELAND STANFORD JUNIOR UNIVERSITY ($118.8M); UNIVERSITY OF WASHINGTON ($97.7M); THE BROAD INSTITUTE, INC ($94.8M)",,0.0,0.7083706373916415,0.9922497257355505,mostly universities,False
0d0d9bec-38e7-4dfb-88b9-7ec21ee318bf,U.S. Embassy Cotonou PDS Request for Statements of Interest,19.022;19.040,301728511.71,0.0,21642133.680000003,815846.6,0.0,150230758.36999995,49013172.45,0.0,0.0,,INDIVIDUAL RECIPIENT ($8.2M); MISCELLANEOUS FOREIGN AWARDEES ($8.1M); GEORGETOWN UNIVERSITY ($1.6M) | MISCELLANEOUS FOREIGN AWARDEES ($41.0M); INDIVIDUAL RECIPIENT ($19.5M); MERIDIAN INTERNATIONAL CENTER ($4.4M),,0.0,0.0717271747285218,0.5723315230347741,mixed recipients (no state agencies),False
0d1c69f4-92c1-4a6b-bf70-2132c6f764ac,UNITED STATES MILITARY ACADEMY Broad Agency Announcement,12.431,2303372550.5,0.0,1740909553.2299995,0.0,0.0,488342019.1999998,0.0,0.0,0.0,,"UNIVERSITY OF MARYLAND, COLLEGE PARK ($133.9M); GENERAL DYNAMICS ROBOTIC SYSTEMS INC ($106.0M); MASSACHUSETTS INSTITUTE OF TECHNOLOGY ($84.9M)",,0.0,0.7558089345347522,0.9678206731890111,mostly universities,False
0d4254cd-1d67-419e-97e4-9e1bfc9289e3,"DoW Peer Reviewed Cancer, Idea Award",12.420,5640094062.21,0.0,3068370069.44,0.0,22619849.59,1893474804.760001,0.0,0.0,0.0,,"THE HENRY M. JACKSON FOUNDATION FOR THE ADVANCEMENT OF MILITARY MEDICINE, INC. ($420.3M); THE UNIVERISTY OF TEXAS M.D. ANDERSON CANCER CENTER ($150.0M); THE JOHNS HOPKINS UNIVERSITY ($136.4M)",,0.0,0.5440281732176817,0.8837556020895334,mostly universities,False
0d59ca36-277e-4d09-bb8b-d5eee79641f6,Secondary Analysis and Integration of Existing Data to Elucidate Cancer Risk and Related Outcomes (R21 Clinical Trials Not Allowed),93.121;93.172;93.393;93.866,21437159474.71,0.0,16182483711.34,7921517.07,37709385.629999995,4048204623.8399997,0.0,0.0,0.0,,"REGENTS OF THE UNIVERSITY OF MICHIGAN ($71.4M); REGENTS OF THE UNIVERSITY OF CALIFORNIA, SAN FRANCISCO, THE ($64.3M); UNIVERSITY OF SOUTHERN CALIFORNIA ($62.6M) | THE LELAND STANFORD JUNIOR UNIVERSITY ($118.8M); UNIVERSITY OF WASHINGTON ($97.7M); THE BROAD INSTITUTE, INC ($94.8M) | THE UNIVERISTY OF TEXAS M.D. ANDERSON CANCER CENTER ($89.6M); SLOAN-KETTERING INSTITUTE FOR CANCER RESEARCH ($81.9M);",,0.0,0.7548800357823021,0.9458491579446674,mostly universities,False
0d6ff094-5630-499b-8ff8-d4f7e8d62d9c,Molecular Imaging of Inflammation in Cancer (R01 Clinical Trial Not Allowed),93.394;93.395;93.396,10282122621.96,0.0,6359684832.529998,0.0,134811641.92000002,3284331748.15,0.0,0.0,0.0,,"REGENTS OF THE UNIVERSITY OF CALIFORNIA, SAN FRANCISCO, THE ($91.2M); FRED HUTCHINSON CANCER CENTER ($89.9M); SLOAN-KETTERING INSTITUTE FOR CANCER RESEARCH ($76.5M) | THE UNIVERISTY OF TEXAS M.D. ANDERSON CANCER CENTER ($157.0M); ICAHN SCHOOL OF MEDICINE AT MOUNT SINAI ($154.8M); DANA-FARBER CANCER INSTITUTE, INC. ($149.6M) | THE TRUSTEES OF COLUMBIA UNIVERSITY IN THE CITY OF NEW YORK ($129.4M); S",,0.0,0.6185186722970342,0.9510515077611414,mostly universities,False
0d83a655-81d6-4e77-9be3-11359860d209,Chemical Oceanography,47.050,4267308537.0,0.0,3152349973.0,0.0,0.0,938761319.0,14427929.0,0.0,0.0,,UNIVERSITY CORPORATION FOR ATMOSPHERIC RESEARCH ($587.8M); WOODS HOLE OCEANOGRAPHIC INSTITUTION ($497.0M); TEXAS A & M RESEARCH FOUNDATION ($228.6M),,0.0,0.7387208929627016,0.9587099823056455,mostly universities,False
0daff0f7-3225-41a4-b27e-a264bb3bf189,"NIDDK Multi-Purpose Resource-Related, Multi-Component Research Services Centers Cooperative Agreement (U2C - Clinical Trial Optional)",93.847,7801990499.05,0.0,5868063966.9,0.0,40709921.57,1426874242.5900002,0.0,0.0,0.0,,"REGENTS OF THE UNIVERSITY OF MICHIGAN ($278.9M); TRUSTEES OF THE UNIVERSITY OF PENNSYLVANIA, THE ($222.1M); WASHINGTON UNIVERSITY, THE ($189.5M)",,0.0,0.7521239570356458,0.9402277703303042,mostly universities,False
0dbbed9f-dfa7-421b-b6f6-941de5a77342,Sustained Support for Informatics Technologies for Cancer Research and Management (U24 Clinical Trial Optional),93.393;93.394;93.395;93.396;93.399,13910770885.01,0.0,8659868953.379997,5932664.0,161524138.64,4533566247.91,0.0,0.0,0.0,,"THE UNIVERISTY OF TEXAS M.D. ANDERSON CANCER CENTER ($89.6M); SLOAN-KETTERING INSTITUTE FOR CANCER RESEARCH ($81.9M); FRED HUTCHINSON CANCER CENTER ($73.6M) | REGENTS OF THE UNIVERSITY OF CALIFORNIA, SAN FRANCISCO, THE ($91.2M); FRED HUTCHINSON CANCER CENTER ($89.9M); SLOAN-KETTERING INSTITUTE FOR CANCER RESEARCH ($76.5M) | THE UNIVERISTY OF TEXAS M.D. ANDERSON CANCER CENTER ($157.0M); ICAHN SCHOO",,0.0,0.622529766679697,0.9604709986509415,mostly universities,False
0dde865e-f4ba-4b19-8e14-b5b86cb7ccdc,Collections Stewardship,45.037,0.0,0.0,0.0,0.0,0.0,0.0,0.0,0.0,0.0,,,,0.0,0.0,0.0,no awards found FY2022-FY2025,False
0e2de9a4-eb85-4ce3-9fad-6f0fbcb41fcd,Promoting Human Rights For Vulnerable Children in Haut-Katanga,19.225,24845180.07,0.0,-91.36,0.0,0.0,18587143.630000003,6258127.8,0.0,0.0,,MISCELLANEOUS FOREIGN AWARDEES ($6.3M); UNICEF ($5.7M); INSTITUTE FOR SECURITY STUDIES ($3.2M),,0.0,-3.6771719803437913e-06,0.7481150153724767,"mostly nonprofits, hospitals or companies",False
0e40ff2f-72f7-4de3-9b1f-1f5b9f56d2fa,Community Development Block Grant Program for Indian Tribes and Alaska Native Villages,14.862,585604798.6600001,0.0,0.0,376641003.88,5175000.0,130259275.29,0.0,0.0,0.0,,WHITE MOUNTAIN APACHE HOUSING AUTHORITY ($17.4M); ALL MISSION INDIAN HOUSING AUTHORITY ($16.2M); ALASKA NATIVE TRIBAL HEALTH CONSORTIUM ($11.9M),,0.0,0.0,0.8744383248596106,mostly tribal / Native organizations,False
0e61d658-5a10-46a1-9449-93a3c1ed768b,Amyotrophic Lateral Sclerosis (ALS) Intermediate Patient Population Expanded Access (U01 Clinical Trial Required),93.853,7301417548.76,0.0,5703307653.840002,0.0,8115452.99,1095037634.0900006,0.0,0.0,0.0,,"THE GENERAL HOSPITAL CORPORATION ($234.6M); REGENTS OF THE UNIVERSITY OF CALIFORNIA, SAN FRANCISCO, THE ($226.7M); THE JOHNS HOPKINS UNIVERSITY ($223.1M)",,0.0,0.7811233388246087,0.9322108611739297,mostly universities,False
0ec44ac6-a28d-4c8d-81f4-f655aba0d96c,Development of Psychosocial Therapeutic and Preventive Interventions for Mental Disorders (R33 Clinical Trial Required),93.242,7107924163.190001,0.0,5396186256.740001,0.0,0.0,1251736935.5299997,0.0,0.0,0.0,,"YALE UNIV ($308.6M); UNIVERSITY OF PITTSBURGH - OF THE COMMONWEALTH SYSTEM OF HIGHER EDUCATION ($244.2M); UNIVERSITY OF CALIFORNIA, LOS ANGELES ($186.0M)",,0.0,0.7591789294384114,0.9352833597603335,mostly universities,False
0edb3126-b0e0-4722-8c45-79b63b7cdf39,Cellular Senescence Network (SenNet): SenNet Data Coordination and Integration Center (SenNet DCIC) (UM1 Clinical Trials Not Allowed),93.310,4621186637.45,0.0,3411866036.6800003,0.0,3057218.0,973117064.68,0.0,0.0,0.0,,THE LELAND STANFORD JUNIOR UNIVERSITY ($131.6M); DUKE UNIVERSITY ($131.5M); YALE UNIV ($124.9M),,0.0,0.7383095088673349,0.9495483873772623,mostly universities,False
0f128306-4232-4789-813d-aff7ca15dd42,NSF-DFG Lead Agency Opportunity in Chemistry and Chemical Process and Transport Systems,47.041;47.049,9960238073.0,0.0,7794676900.0,0.0,0.0,1510307599.0,71509669.0,0.0,0.0,,"PURDUE UNIVERSITY ($81.2M); REGENTS OF THE UNIVERSITY OF MICHIGAN ($81.1M); GEORGIA TECH RESEARCH CORP ($80.6M) | ASSOCIATION OF UNIVERSITIES FOR RESEARCH IN ASTRONOMY, INC. ($574.0M); ASSOCIATED UNIVERSITIES INC ($531.2M); CALIFORNIA INSTITUTE OF TECHNOLOGY ($254.7M)",,0.0,0.7825793764036266,0.934213061053606,mostly universities,False
0fd59028-511b-4bb2-958a-75cb11d17353,NIAID Resource-Related Research Projects (R24 Clinical Trial Not Allowed),93.855,17242464734.02,0.0,12062638314.500011,0.0,9836298.42,3962763745.0300007,0.0,0.0,0.0,,"FRED HUTCHINSON CANCER CENTER ($787.0M); DUKE UNIVERSITY ($576.9M); UNIVERSITY OF CALIFORNIA, LOS ANGELES ($576.8M)",,0.0,0.6995889799153826,0.9299852779348832,mostly universities,False
0fdad522-909e-41f8-9e3e-246325f63e32,DoW Rare Cancers Resource and Community Development Award,12.420,5640094062.21,0.0,3068370069.44,0.0,22619849.59,1893474804.760001,0.0,0.0,0.0,,"THE HENRY M. JACKSON FOUNDATION FOR THE ADVANCEMENT OF MILITARY MEDICINE, INC. ($420.3M); THE UNIVERISTY OF TEXAS M.D. ANDERSON CANCER CENTER ($150.0M); THE JOHNS HOPKINS UNIVERSITY ($136.4M)",,0.0,0.5440281732176817,0.8837556020895334,mostly universities,False
0fe65ef7-422a-4388-bb0b-b7f25e74fd7a,Development of Biomarkers or Composite Biomarkers for Neurological and Neuromuscular Disorders (R61/R33 - Clinical Trial Optional),93.853;93.866,22530907046.63,0.0,17410813990.300003,0.0,17973170.9,3528612962.9400005,0.0,0.0,0.0,,"THE GENERAL HOSPITAL CORPORATION ($234.6M); REGENTS OF THE UNIVERSITY OF CALIFORNIA, SAN FRANCISCO, THE ($226.7M); THE JOHNS HOPKINS UNIVERSITY ($223.1M) | REGENTS OF THE UNIVERSITY OF CALIFORNIA, SAN FRANCISCO, THE ($499.5M); THE TRUSTEES OF COLUMBIA UNIVERSITY IN THE CITY OF NEW YORK ($473.8M); WASHINGTON UNIVERSITY, THE ($471.3M)",,0.0,0.7727524663905698,0.9301622913257125,mostly universities,False
0ff3ace3-70fb-4ef7-b6ba-b93a899a2707,Controlling and Preventing STIs in US Health Departments (CAP-STIs),93.977,853835455.77,591729469.67,9054657.0,15608153.0,103538584.85,133904591.25,0.0,23841888.0,23841888.0,NORTH CAROLINA DEPARTMENT OF HEALTH & HUMAN SERVICES,"DEPARTMENT OF STATE HEALTH SERVICES ($67.8M); PUBLIC HEALTH, CALIFORNIA DEPARTMENT OF ($62.6M); FLORIDA DEPARTMENT OF HEALTH ($53.4M)",,0.6930251791153023,0.01060468611230766,1.0,NC DHHS has received awards,True
100629a0-aec1-49d6-bbf1-554ae80baad1,Funding Opportunity Announcement for Impact of Environmental Exposures on Gut-Brain Signaling in Neurological Conditions (R01),93.113,1715114949.74,0.0,1435295386.189999,1144693.0,7190860.0,201053474.33,0.0,0.0,0.0,,ICAHN SCHOOL OF MEDICINE AT MOUNT SINAI ($73.2M); THE TRUSTEES OF COLUMBIA UNIVERSITY IN THE CITY OF NEW YORK ($64.4M); UNIVERSITY OF NORTH CAROLINA AT CHAPEL HILL ($57.1M),,0.0,0.8368508398854434,0.9589353843422112,mostly universities,False
100dd27f-4cc8-49e1-89b9-24602921eda6,Translational Bioinformatics and Experimental Approaches to Advance Drug Repositioning and Combination Therapy Development for Alzheimers Disease and Related Dementias (R01 Clinical Trial Not Allowed),93.866,15229489497.87,0.0,11707506336.46,0.0,9857717.91,2433575328.85,0.0,0.0,0.0,,"REGENTS OF THE UNIVERSITY OF CALIFORNIA, SAN FRANCISCO, THE ($499.5M); THE TRUSTEES OF COLUMBIA UNIVERSITY IN THE CITY OF NEW YORK ($473.8M); WASHINGTON UNIVERSITY, THE ($471.3M)",,0.0,0.7687392501303089,0.9291801530969999,mostly universities,False
10421317-b708-4889-b0a4-aaf410e648ee,Opportunities for Collaborative Research with the NIH Intramural Research Program (U01 Clinical Trial Optional),93.313,0.0,0.0,0.0,0.0,0.0,0.0,0.0,0.0,0.0,,,,0.0,0.0,0.0,no awards found FY2022-FY2025,False
1068d706-36d8-4f1d-ac25-c3233f27669a,Selective Precision Targeting (SPoT),93.350,2413260512.71,0.0,2177769794.8499985,0.0,0.0,234321018.16000003,0.0,0.0,0.0,,VANDERBILT UNIVERSITY MEDICAL CENTER ($81.9M); UNIVERSITY OF PITTSBURGH - OF THE COMMONWEALTH SYSTEM OF HIGHER EDUCATION ($79.6M); UNIVERSITY OF NORTH CAROLINA AT CHAPEL HILL ($60.0M),,0.0,0.9024180287955922,0.9995153031784836,mostly universities,False
106cd2d3-4fa8-4b20-a519-4eed2b256b3c,NIH Pragmatic Trials Conducted in Health Care Systems,93.213;93.473,465483989.4,0.0,345571281.5300001,0.0,0.0,121084127.74999997,0.0,0.0,0.0,,YALE UNIV ($22.6M); THE GENERAL HOSPITAL CORPORATION ($17.0M); DUKE UNIVERSITY ($15.9M),,0.0,0.7423913376170788,1.0025165632044832,mostly universities,False
1079c77e-80b2-4b29-8731-d11c9c9680d2,Limited Competition: Resources and Workforce Development for the Regional Biocontainment Laboratories,93.855,17242464734.02,0.0,12062638314.500011,0.0,9836298.42,3962763745.0300007,0.0,0.0,0.0,,"FRED HUTCHINSON CANCER CENTER ($787.0M); DUKE UNIVERSITY ($576.9M); UNIVERSITY OF CALIFORNIA, LOS ANGELES ($576.8M)",,0.0,0.6995889799153826,0.9299852779348832,mostly universities,False
108e277c-2935-4167-a2fb-e299b406e949,Dental Primary Care Practice-Based Research Network: Clinical Trial or Observational Study Planning and Implementation Cooperative Agreement,93.121,1503475567.17,0.0,1230618528.0399997,812963.07,900368.0,248958665.48999998,0.0,0.0,0.0,,"REGENTS OF THE UNIVERSITY OF MICHIGAN ($71.4M); REGENTS OF THE UNIVERSITY OF CALIFORNIA, SAN FRANCISCO, THE ($64.3M); UNIVERSITY OF SOUTHERN CALIFORNIA ($62.6M)",,0.0,0.8185158142319529,0.9852441615584353,mostly universities,False
1098343e-ef48-4d5d-8a05-583084b59671,Public Health Nursing,93.383,2100000.0,0.0,0.0,1500000.0,300000.0,300000.0,0.0,0.0,0.0,,"GREAT PLAINS TRIBAL LEADERS HEALTH BOARD ($0.3M); CENTRAL OKLAHOMA AMERICAN INDIAN HEALTH COUNCIL, INC. ($0.3M); ROSEBUD SIOUX TRIBE ($0.3M)",,0.0,0.0,1.0,mostly tribal / Native organizations,False
10a7404c-3e2f-4355-9044-78c8bafc35cd,Agriculture and Food Research Initiative Competitive Grants Program Foundational and Applied Science Program,10.310,1641161898.42,0.0,1460803382.4599998,0.0,0.0,129753570.83,0.0,0.0,0.0,,"OHIO STATE UNIVERSITY, THE ($63.3M); UNIVERSITY OF CALIFORNIA, DAVIS ($60.8M); PURDUE UNIVERSITY ($59.2M)",,0.0,0.8901031542752502,0.9691651718342235,mostly universities,False
10f4a697-e6a1-454a-bb73-74bc933f364a,"Emerging Infections Network - Research for Preventing, Detecting, and Managing Travel-associated Infectious Diseases",93.084,197776915.45999998,46230623.0,98936196.91,495417.0,1653463.0,50461215.55,0.0,35000.0,35000.0,NORTH CAROLINA DEPARTMENT OF HEALTH & HUMAN SERVICES,"PUERTO RICO SCIENCE, TECHNOLOGY, AND RESEARCH TRUST ($14.5M); PUBLIC HEALTH, MASSACHUSETTS DEPARTMENT OF ($11.6M); EMORY UNIVERSITY ($10.1M)",,0.2337513601750456,0.5002413789288248,1.0,mostly universities,False
10ff6dd1-54c3-4529-bb11-03efb6689e90,MPS Materials Research Programs (MPS Materials),47.049,6727369096.0,0.0,5005763263.0,0.0,0.0,1316835947.0,71509669.0,0.0,0.0,,"ASSOCIATION OF UNIVERSITIES FOR RESEARCH IN ASTRONOMY, INC. ($574.0M); ASSOCIATED UNIVERSITIES INC ($531.2M); CALIFORNIA INSTITUTE OF TECHNOLOGY ($254.7M)",,0.0,0.7440892853606557,0.9398323653386774,mostly universities,False
112a0e4f-edb3-44dd-9443-892840371b24,The NIDDK Disorders of Gastrointestinal Interoception Consortium Clinical Centers (DGIC),93.847,7801990499.05,0.0,5868063966.9,0.0,40709921.57,1426874242.5900002,0.0,0.0,0.0,,"REGENTS OF THE UNIVERSITY OF MICHIGAN ($278.9M); TRUSTEES OF THE UNIVERSITY OF PENNSYLVANIA, THE ($222.1M); WASHINGTON UNIVERSITY, THE ($189.5M)",,0.0,0.7521239570356458,0.9402277703303042,mostly universities,False
112cb2a2-971d-4d2c-ab72-d8c74b02baa1,Forecast to Publish a Funding Opportunity Announcement for EmbraceHealth Clinical Research Network to Reduce Health Disparities – Coordinating Center,93.307,1704951635.84,0.0,1454818367.4300005,1904412.3599999999,0.0,214651475.74999997,0.0,0.0,0.0,,THE JOHNS HOPKINS UNIVERSITY ($58.5M); THE TRUSTEES OF COLUMBIA UNIVERSITY IN THE CITY OF NEW YORK ($51.8M); UNIVERSITY OF HAWAII ($43.0M),,0.0,0.8532901091433229,0.980305963175632,mostly universities,False
1154d950-fe5b-4fe7-b92e-70f016dff157,NEI Clinical Research Study Planning Grant Program (R34 Clinical Trial Not Allowed),93.867,2746084071.1800003,0.0,2270607054.3100004,0.0,5189540.32,363231100.28000015,0.0,0.0,0.0,,"THE JOHNS HOPKINS UNIVERSITY ($112.9M); THE LELAND STANFORD JUNIOR UNIVERSITY ($80.4M); REGENTS OF THE UNIVERSITY OF CALIFORNIA, SAN FRANCISCO, THE ($73.8M)",,0.0,0.8268527093324983,0.9610148948484315,mostly universities,False
11a1ba17-6aeb-4de1-b138-635a62b81cdb,Novel Experiential Technologies Assisting Individual Learning (NExT AI) Hubs (P20 Clinical Trial Optional),93.865,4921279091.58,0.0,3623055293.56,0.0,0.0,913474006.4399998,0.0,0.0,0.0,,REGENTS OF THE UNIVERSITY OF MICHIGAN ($145.9M); THE JOHNS HOPKINS UNIVERSITY ($122.6M); UNIVERSITY OF WASHINGTON ($109.8M),,0.0,0.736201956064394,0.921819148148236,mostly universities,False
11a295e2-b809-4d15-ae4d-aff909c58d38,Antarctic Research Requiring U.S. Antarctic Program (USAP) Support for Fieldwork,47.050,4267308537.0,0.0,3152349973.0,0.0,0.0,938761319.0,14427929.0,0.0,0.0,,UNIVERSITY CORPORATION FOR ATMOSPHERIC RESEARCH ($587.8M); WOODS HOLE OCEANOGRAPHIC INSTITUTION ($497.0M); TEXAS A & M RESEARCH FOUNDATION ($228.6M),,0.0,0.7387208929627016,0.9587099823056455,mostly universities,False
1205cb8b-2fda-44bd-b04f-11ba98a5635c,"Limited Competition: The NHGRI Analysis, Visualization, and Informatics Lab-space (AnVIL) (U54 Clinical Trial Not Allowed)",93.172,1744531538.97,0.0,1235774918.2100003,1175890.0,1503596.0,492556536.87,0.0,0.0,0.0,,"THE LELAND STANFORD JUNIOR UNIVERSITY ($118.8M); UNIVERSITY OF WASHINGTON ($97.7M); THE BROAD INSTITUTE, INC ($94.8M)",,0.0,0.7083706373916415,0.9922497257355505,mostly universities,False
122005eb-b9d4-4ccc-bfa4-794cac626544,Pilot Effectiveness Trials for Post-Acute Interventions and Services to Optimize Longer-term Outcomes (R01 Clinical Trial Required),93.242,7107924163.190001,0.0,5396186256.740001,0.0,0.0,1251736935.5299997,0.0,0.0,0.0,,"YALE UNIV ($308.6M); UNIVERSITY OF PITTSBURGH - OF THE COMMONWEALTH SYSTEM OF HIGHER EDUCATION ($244.2M); UNIVERSITY OF CALIFORNIA, LOS ANGELES ($186.0M)",,0.0,0.7591789294384114,0.9352833597603335,mostly universities,False
123edae0-18f1-4d6b-90a1-36b36d0e412e,English-Language Program for Disadvantaged Communities Initiatives Program,19.900,151470737.13,0.0,13981411.920000002,394220.0,360000.0,103776852.72,20207298.17,0.0,0.0,,"AMERICAN COUNCILS FOR INTERNATIONAL EDUCATION: ACTR/ACCELS, INC. ($32.5M); MISCELLANEOUS FOREIGN AWARDEES ($20.2M); WORLD LEARNING INC. ($4.7M)",,0.0,0.092304376309996,0.7824117508472047,"mostly nonprofits, hospitals or companies",False
1257538b-2930-4d7a-a9f8-c7b0e349eda1,MPS Astronomical Sciences Research Programs (MPS Astro),47.049,6727369096.0,0.0,5005763263.0,0.0,0.0,1316835947.0,71509669.0,0.0,0.0,,"ASSOCIATION OF UNIVERSITIES FOR RESEARCH IN ASTRONOMY, INC. ($574.0M); ASSOCIATED UNIVERSITIES INC ($531.2M); CALIFORNIA INSTITUTE OF TECHNOLOGY ($254.7M)",,0.0,0.7440892853606557,0.9398323653386774,mostly universities,False
12b071b0-5e9c-4e61-99c6-7d31cd409eb8,Basic Research in Cancer Health Disparities (R21 Clinical Trial Not Allowed),93.393,2959662870.7,0.0,2008583928.6299999,5932664.0,25447703.72,873114092.6299998,0.0,0.0,0.0,,THE UNIVERISTY OF TEXAS M.D. ANDERSON CANCER CENTER ($89.6M); SLOAN-KETTERING INSTITUTE FOR CANCER RESEARCH ($81.9M); FRED HUTCHINSON CANCER CENTER ($73.6M),,0.0,0.6786529467644884,0.9842602067346331,mostly universities,False
12bec7a7-b996-45ba-8df0-de667afd4123,"DoW, Ovarian Cancer, Ovarian Cancer Clinical Trial Academy – Early-Career Investigator Award",12.420,5640094062.21,0.0,3068370069.44,0.0,22619849.59,1893474804.760001,0.0,0.0,0.0,,"THE HENRY M. JACKSON FOUNDATION FOR THE ADVANCEMENT OF MILITARY MEDICINE, INC. ($420.3M); THE UNIVERISTY OF TEXAS M.D. ANDERSON CANCER CENTER ($150.0M); THE JOHNS HOPKINS UNIVERSITY ($136.4M)",,0.0,0.5440281732176817,0.8837556020895334,mostly universities,False
12d37e89-ae40-43a9-8f29-59e3347676ae,Emergency Competitive Revision to Existing NIH Awards (Emergency Supplement - Clinical Trial Optional),93.113;93.142;93.143;93.279;93.307;93.846,11881087163.67,0.0,9163331809.779999,3049105.36,7190860.0,1964646745.29,0.0,0.0,0.0,,ICAHN SCHOOL OF MEDICINE AT MOUNT SINAI ($73.2M); THE TRUSTEES OF COLUMBIA UNIVERSITY IN THE CITY OF NEW YORK ($64.4M); UNIVERSITY OF NORTH CAROLINA AT CHAPEL HILL ($57.1M) | CPWR: THE CENTER FOR CONSTRUCTION RESEARCH AND TRAINING ($25.1M); STEELWORKERS CHARITABLE & EDUCATIONAL ORGANIZATION ($17.6M); INTERNATIONAL BROTHERHOOD OF TEAMSTERS ($11.8M) | OREGON STATE UNIVERSITY ($11.5M); UNIVERSITY OF ,,0.0,0.7712536473766175,0.937474691246139,mostly universities,False
12f44579-b7b8-43b0-935f-73c8011be8d8,Historically Black Colleges and Universities - Excellence in Research,47.041;47.049;47.050;47.070;47.074;47.075;47.076;47.079;47.083;47.084,32412699683.0,33153443.0,24271392297.0,5844001.0,10109019.0,4120282094.0,160901546.0,0.0,694321.0,FRIENDS OF THE NORTH CAROLINA STATE MUSEUM OF NATURAL SCIENCES,"PURDUE UNIVERSITY ($81.2M); REGENTS OF THE UNIVERSITY OF MICHIGAN ($81.1M); GEORGIA TECH RESEARCH CORP ($80.6M) | ASSOCIATION OF UNIVERSITIES FOR RESEARCH IN ASTRONOMY, INC. ($574.0M); ASSOCIATED UNIVERSITIES INC ($531.2M); CALIFORNIA INSTITUTE OF TECHNOLOGY ($254.7M) | UNIVERSITY CORPORATION FOR ATMOSPHERIC RESEARCH ($587.8M); WOODS HOLE OCEANOGRAPHIC INSTITUTION ($497.0M); TEXAS A & M RESEARCH F",,0.0010228534902752488,0.7488235331946138,0.8774579449460912,mostly universities,False
12fa8c02-b1d3-4e98-8cad-47257d7a9de9,ROSES25: A.14 Atmosphere,43.001,3927116561.76,0.0,2890276513.0599985,0.0,0.0,800101253.4799998,0.0,0.0,70019.0,FRIENDS OF THE NORTH CAROLINA STATE MUSEUM OF NATURAL SCIENCES,"UNIVERSITY OF MARYLAND, COLLEGE PARK ($186.3M); THE REGENTS OF THE UNIVERSITY OF COLORADO ($146.4M); THE JOHNS HOPKINS UNIVERSITY ($138.3M)",,0.0,0.7359793037985801,0.9397168911345214,mostly universities,False
131fabad-5506-431b-b87a-e564f1d8dcc4,Research Grants in Clinical Informatics (R01 Clinical Trial Optional),93.879,286763082.1,0.0,246189541.61999997,0.0,1757800.0,38815740.480000004,0.0,0.0,0.0,,THE LELAND STANFORD JUNIOR UNIVERSITY ($17.3M); YALE UNIV ($11.9M); UNIVERSITY OF WASHINGTON ($11.5M),,0.0,0.8585119807512348,0.9999999999999998,mostly universities,False
1346db63-0f5a-483b-a8e6-48156ba10da0,Infrastructure Capacity for Biological Research,47.074,3345592896.0,0.0,2465298076.0,0.0,6112845.0,489212404.0,64002226.0,0.0,694321.0,FRIENDS OF THE NORTH CAROLINA STATE MUSEUM OF NATURAL SCIENCES,BATTELLE MEMORIAL INSTITUTE ($316.2M); ARIZONA STATE UNIVERSITY ($95.2M); CORNELL UNIVERSITY ($67.2M),,0.0,0.7368792774959312,0.884932332484245,mostly universities,False
1351fb75-f66d-4304-80cb-864a04f7bea9,Academic-Industrial Partnerships for Translation of Technologies for Diagnosis and Treatment (R01 - Clinical Trial Optional),93.394;93.395,6778974031.59,0.0,3975224147.8900003,0.0,85304856.34,2270769576.09,0.0,0.0,0.0,,"REGENTS OF THE UNIVERSITY OF CALIFORNIA, SAN FRANCISCO, THE ($91.2M); FRED HUTCHINSON CANCER CENTER ($89.9M); SLOAN-KETTERING INSTITUTE FOR CANCER RESEARCH ($76.5M) | THE UNIVERISTY OF TEXAS M.D. ANDERSON CANCER CENTER ($157.0M); ICAHN SCHOOL OF MEDICINE AT MOUNT SINAI ($154.8M); DANA-FARBER CANCER INSTITUTE, INC. ($149.6M)",,0.0,0.5864049824303009,0.933961179201479,mostly universities,False
1352d10d-0bd9-4288-8c31-d540b962174b,Navigator Emergency Department Diversion Models for Non-Urgent Mental Health Concerns (R34 Clinical Trial Required),93.242,7107924163.190001,0.0,5396186256.740001,0.0,0.0,1251736935.5299997,0.0,0.0,0.0,,"YALE UNIV ($308.6M); UNIVERSITY OF PITTSBURGH - OF THE COMMONWEALTH SYSTEM OF HIGHER EDUCATION ($244.2M); UNIVERSITY OF CALIFORNIA, LOS ANGELES ($186.0M)",,0.0,0.7591789294384114,0.9352833597603335,mostly universities,False
136a5f16-d648-49ae-9bef-0c74b2bde92c,EPSCoR Research Infrastructure Improvement Program: Focused EPSCoR Collaborations Program (FEC),47.041;47.049;47.050;47.070;47.074;47.075;47.076;47.079;47.083;47.084,32412699683.0,33153443.0,24271392297.0,5844001.0,10109019.0,4120282094.0,160901546.0,0.0,694321.0,FRIENDS OF THE NORTH CAROLINA STATE MUSEUM OF NATURAL SCIENCES,"PURDUE UNIVERSITY ($81.2M); REGENTS OF THE UNIVERSITY OF MICHIGAN ($81.1M); GEORGIA TECH RESEARCH CORP ($80.6M) | ASSOCIATION OF UNIVERSITIES FOR RESEARCH IN ASTRONOMY, INC. ($574.0M); ASSOCIATED UNIVERSITIES INC ($531.2M); CALIFORNIA INSTITUTE OF TECHNOLOGY ($254.7M) | UNIVERSITY CORPORATION FOR ATMOSPHERIC RESEARCH ($587.8M); WOODS HOLE OCEANOGRAPHIC INSTITUTION ($497.0M); TEXAS A & M RESEARCH F",,0.0010228534902752488,0.7488235331946138,0.8774579449460912,mostly universities,False
1380cf9c-4561-45a6-a85d-7866dd308ef0,Dissemination and Implementation Research in Health (R21 Clinical Trial Optional),93.113;93.121;93.172;93.173;93.213;93.242;93.273;93.279;93.307;93.310;93.361;93.399;93.846;93.853;93.855;93.865;93.866;93.989,76645292484.75,0.0,57469089353.08002,6406764.43,41946667.31,14416672362.86,458618.0,0.0,0.0,,"ICAHN SCHOOL OF MEDICINE AT MOUNT SINAI ($73.2M); THE TRUSTEES OF COLUMBIA UNIVERSITY IN THE CITY OF NEW YORK ($64.4M); UNIVERSITY OF NORTH CAROLINA AT CHAPEL HILL ($57.1M) | REGENTS OF THE UNIVERSITY OF MICHIGAN ($71.4M); REGENTS OF THE UNIVERSITY OF CALIFORNIA, SAN FRANCISCO, THE ($64.3M); UNIVERSITY OF SOUTHERN CALIFORNIA ($62.6M) | THE LELAND STANFORD JUNIOR UNIVERSITY ($118.8M); UNIVERSITY OF",,0.0,0.749805858781406,0.9385327241329615,mostly universities,False
13af439f-7405-4592-9a1e-18c4f7db7622,State Occupational Safety and Health Surveillance Program (U60),93.262,467451525.40999997,14787640.309999997,351493913.23000026,0.0,31578874.61,69536097.25999999,55000.0,578513.52,578513.52,NORTH CAROLINA DEPARTMENT OF HEALTH & HUMAN SERVICES,CITY OF NEW YORK ($31.6M); CPWR: THE CENTER FOR CONSTRUCTION RESEARCH AND TRAINING ($21.4M); THE UNIVERSITY OF IOWA ($19.2M),,0.03163459632959763,0.7519366054516696,0.9998823407412106,NC DHHS has received awards,True
1443d20f-ff4b-47c9-bd59-bbb1d1f28af1,Alumni Engagement Innovation Fund (AEIF): Sierra Leone,19.022,44517802.4,0.0,2660316.7600000002,49923.9,0.0,28974319.05999999,8060594.36,0.0,0.0,,INDIVIDUAL RECIPIENT ($8.2M); MISCELLANEOUS FOREIGN AWARDEES ($8.1M); GEORGETOWN UNIVERSITY ($1.6M),,0.0,0.05975849248120119,0.7117278484528247,"mostly nonprofits, hospitals or companies",False
144a89d3-d417-4a72-9bca-d361652bd993,Authority to Accept Unsolicited Proposals for Research Partnerships Notice of Intent (NOI),14.506,38278971.56,-25000.0,30655644.069999997,0.0,474981.76,7173345.73,0.0,0.0,0.0,,WINSTON-SALEM STATE UNIVERSITY ($4.0M); TEXAS TECH UNIVERSITY SYSTEM ($3.2M); ARIZONA STATE UNIVERSITY ($3.0M),,-0.0006531000959838744,0.8008481633825795,0.9999999999999998,mostly universities,False
1455416e-d0f8-4b17-8823-711db1ebc6f2,Making America Healthy Again by Addressing Dementia Disparities,93.137,134907949.66,3554242.11,60723991.52,3571067.9699999997,16381201.440000001,84105657.35,0.0,0.0,0.0,,"THE MOREHOUSE SCHOOL OF MEDICINE, INC. ($13.4M); AMERICAN HEART ASSOCIATION, INC. ($12.2M); UNIVERSITY OF HAWAII ($7.0M)",,0.026345683252599512,0.4501142569658708,1.247785329287466,"mostly nonprofits, hospitals or companies",False
14a56590-38c0-4e5e-8202-117a9297aa35,HEAL Initiative: Studies to Enable Analgesic Discovery (R61/R33 - Clinical Trial Not Allowed),93.121;93.213;93.273;93.393;93.846;93.847;93.853;93.865;93.866;93.867,46848896187.8,0.0,35901600062.119995,6745627.07,90220704.50999999,8147790980.36,0.0,0.0,0.0,,"REGENTS OF THE UNIVERSITY OF MICHIGAN ($71.4M); REGENTS OF THE UNIVERSITY OF CALIFORNIA, SAN FRANCISCO, THE ($64.3M); UNIVERSITY OF SOUTHERN CALIFORNIA ($62.6M) | YALE UNIV ($22.6M); THE GENERAL HOSPITAL CORPORATION ($17.0M); DUKE UNIVERSITY ($15.9M) | YALE UNIV ($71.9M); UNIVERSITY OF NORTH CAROLINA AT CHAPEL HILL ($48.6M); TRUSTEES OF INDIANA UNIVERSITY ($45.7M) | THE UNIVERISTY OF TEXAS M.D. AN",,0.0,0.7663275548308263,0.9423137142248449,mostly universities,False
14c2b96f-e210-4856-8901-f8278996198a,NARMS Cooperative Agreement Program to Strengthen Antibiotic Resistance Surveillance in Retail Food Specimens,93.103,978131651.19,204231952.81000003,317394711.29,6344842.82,13208169.0,393879205.75999993,0.0,0.0,6880186.38,NORTH CAROLINA DEPARTMENT OF AGRICULTURE & CONSUMER SERVICES,THE CRITICAL PATH INSTITUTE ($79.1M); NATIONAL ENVIRONMENTAL HEALTH ASSOCIATION ($44.4M); THE MEDICAL DEVICE INNOVATION CONSORTIUM ($42.6M),,0.2087980207587909,0.3244907890505904,0.9559642411554747,mixed recipients (some state agencies),False
14d1bdf6-30d6-43c7-9c95-255149283c60,DoW Autism Idea Development Award,12.420,5640094062.21,0.0,3068370069.44,0.0,22619849.59,1893474804.760001,0.0,0.0,0.0,,"THE HENRY M. JACKSON FOUNDATION FOR THE ADVANCEMENT OF MILITARY MEDICINE, INC. ($420.3M); THE UNIVERISTY OF TEXAS M.D. ANDERSON CANCER CENTER ($150.0M); THE JOHNS HOPKINS UNIVERSITY ($136.4M)",,0.0,0.5440281732176817,0.8837556020895334,mostly universities,False
150fab00-17e1-48c3-9898-3310f1fa4786,Utilizing Invasive Recording and Stimulating Opportunities in Humans to Advance Neural Circuitry Understanding of Mental Health Disorders (R21 Clinical Trial Optional),93.242,7107924163.190001,0.0,5396186256.740001,0.0,0.0,1251736935.5299997,0.0,0.0,0.0,,"YALE UNIV ($308.6M); UNIVERSITY OF PITTSBURGH - OF THE COMMONWEALTH SYSTEM OF HIGHER EDUCATION ($244.2M); UNIVERSITY OF CALIFORNIA, LOS ANGELES ($186.0M)",,0.0,0.7591789294384114,0.9352833597603335,mostly universities,False
15373c25-322a-433e-b21d-bf3fc77a80e3,Single Source for Continuation of the Integrated Islet Distribution Program U24 (Clinical Trial Not Allowed),93.847,7801990499.05,0.0,5868063966.9,0.0,40709921.57,1426874242.5900002,0.0,0.0,0.0,,"REGENTS OF THE UNIVERSITY OF MICHIGAN ($278.9M); TRUSTEES OF THE UNIVERSITY OF PENNSYLVANIA, THE ($222.1M); WASHINGTON UNIVERSITY, THE ($189.5M)",,0.0,0.7521239570356458,0.9402277703303042,mostly universities,False
1544f10e-e38f-4d3c-adfa-d9c602273c73,Limited Competition: Community-Partnered Nursing Research Centers for Schools and Colleges of Nursing with Limited NIH Funding (P20 Clinical Trial Optional),93.361,590238918.6800001,0.0,486961794.9500001,1368806.0,220362.99,104562810.22,0.0,0.0,0.0,,"TRUSTEES OF THE UNIVERSITY OF PENNSYLVANIA, THE ($33.2M); THE JOHNS HOPKINS UNIVERSITY ($26.0M); THE TRUSTEES OF COLUMBIA UNIVERSITY IN THE CITY OF NEW YORK ($25.0M)",,0.0,0.8250248832100616,1.004870664046399,mostly universities,False
15a13021-8822-4ef4-9789-a10240816f75,Reissue of RFA-FD-22-001 - Efficient and Innovative Natural History Studies Addressing Unmet Needs in Rare Diseases (R01 Clinical Trials Optional),93.103,978131651.19,204231952.81000003,317394711.29,6344842.82,13208169.0,393879205.75999993,0.0,0.0,6880186.38,NORTH CAROLINA DEPARTMENT OF AGRICULTURE & CONSUMER SERVICES,THE CRITICAL PATH INSTITUTE ($79.1M); NATIONAL ENVIRONMENTAL HEALTH ASSOCIATION ($44.4M); THE MEDICAL DEVICE INNOVATION CONSORTIUM ($42.6M),,0.2087980207587909,0.3244907890505904,0.9559642411554747,mixed recipients (some state agencies),False
15a7a4eb-9a7e-4737-a6e1-7c3a45194e3d,Medical Scientist Training Program (MSTP) (T32),93.859,12070484526.24,0.0,9612792260.85001,0.0,0.0,889455283.0399997,0.0,0.0,0.0,,"THE LELAND STANFORD JUNIOR UNIVERSITY ($235.0M); REGENTS OF THE UNIVERSITY OF MICHIGAN ($221.4M); UNIVERSITY OF CALIFORNIA, SAN DIEGO ($215.2M)",,0.0,0.7963882675921403,0.8700767165608966,mostly universities,False
15fcc9fd-12c5-4cd5-bfea-17af1566cf90,Using Archived Data and Specimen Collections to Advance Maternal and Pediatric HIV/AIDS Research (R21 CT Not Allowed),93.242;93.865,12029203254.77,0.0,9019241550.300001,0.0,0.0,2165210941.9699993,0.0,0.0,0.0,,"YALE UNIV ($308.6M); UNIVERSITY OF PITTSBURGH - OF THE COMMONWEALTH SYSTEM OF HIGHER EDUCATION ($244.2M); UNIVERSITY OF CALIFORNIA, LOS ANGELES ($186.0M) | REGENTS OF THE UNIVERSITY OF MICHIGAN ($145.9M); THE JOHNS HOPKINS UNIVERSITY ($122.6M); UNIVERSITY OF WASHINGTON ($109.8M)",,0.0,0.7497787974214798,0.9297750029982221,mostly universities,False
1613e128-508f-47e1-9bf2-e2c02e7d79b1,AIDS Drug Assistance Program (ADAP) Emergency Relief Funds (ERF),93.917,5103315650.08,3887589992.2800007,0.0,100702105.44,-102.02,1115023654.38,0.0,187626459.44,187626459.44,NORTH CAROLINA DEPARTMENT OF HEALTH & HUMAN SERVICES,"PUBLIC HEALTH, CALIFORNIA DEPARTMENT OF ($598.7M); HEALTH RESEARCH, INC. ($529.8M); FLORIDA DEPARTMENT OF HEALTH ($518.5M)",,0.7617772951628141,0.0,1.0000000000000002,NC DHHS has received awards,True
162979f5-6831-4553-9522-450d46d92b6d,HIV/AIDS Clinical Trials Network Statistical and Data Management Centers,93.310;93.855,21863651371.47,0.0,15474504351.180012,0.0,12893516.42,4935880809.710001,0.0,0.0,0.0,,"THE LELAND STANFORD JUNIOR UNIVERSITY ($131.6M); DUKE UNIVERSITY ($131.5M); YALE UNIV ($124.9M) | FRED HUTCHINSON CANCER CENTER ($787.0M); DUKE UNIVERSITY ($576.9M); UNIVERSITY OF CALIFORNIA, LOS ANGELES ($576.8M)",,0.0,0.7077731019518898,0.9341202130564733,mostly universities,False
16dd4363-d3e1-44e7-81b8-eaf8f573d0d1,Maternal and Child Health (MCH) Nutrition Training Program,93.110,1164006561.72,318147766.46,360081155.95,18944098.18,17261226.42,353277865.66999996,0.0,13147007.87,13147007.87,NORTH CAROLINA DEPARTMENT OF HEALTH & HUMAN SERVICES,"ZERO TO THREE NATIONAL CENTER FOR INFANTS, TODDLERS & FAMILIES ($44.8M); UNIVERSITY HOSPITALS CLEVELAND MEDICAL CENTER ($41.8M); CHILDREN'S NATIONAL MEDICAL CENTER ($37.2M)",,0.27332128264800104,0.30934632826976877,0.9172732764515432,NC DHHS has received awards,True
1700147b-4832-40f6-8357-14a51630c62f,Limited Competition for the Continuation of the Caring for OutPatiEnts after Acute Kidney Injury (COPE-AKI) Clinical Centers (U01 Clinical Trial Required),93.847,7801990499.05,0.0,5868063966.9,0.0,40709921.57,1426874242.5900002,0.0,0.0,0.0,,"REGENTS OF THE UNIVERSITY OF MICHIGAN ($278.9M); TRUSTEES OF THE UNIVERSITY OF PENNSYLVANIA, THE ($222.1M); WASHINGTON UNIVERSITY, THE ($189.5M)",,0.0,0.7521239570356458,0.9402277703303042,mostly universities,False
17160b34-7d47-45a6-8d0c-f3eacd3a07db,Health and Extreme Weather Research Coordination and Data Center (U2C - Clinical Trial Not Allowed),93.113,1715114949.74,0.0,1435295386.189999,1144693.0,7190860.0,201053474.33,0.0,0.0,0.0,,ICAHN SCHOOL OF MEDICINE AT MOUNT SINAI ($73.2M); THE TRUSTEES OF COLUMBIA UNIVERSITY IN THE CITY OF NEW YORK ($64.4M); UNIVERSITY OF NORTH CAROLINA AT CHAPEL HILL ($57.1M),,0.0,0.8368508398854434,0.9589353843422112,mostly universities,False
17223aaa-4ddf-44ef-a26e-d995578c2cb9,NIH Research Project Grant (Parent R01 Clinical Trial Not Allowed),93.113;93.121;93.143;93.172;93.213;93.233;93.242;93.273;93.279;93.286;93.307;93.350;93.351;93.361;93.393;93.394;93.395;93.396;93.399;93.837;93.838;93.839;93.840;93.846;93.847;93.853;93.855;93.859;93.865;93.866;93.867;93.879,123259670921.04001,215575.61000000002,91949365779.86002,12898414.43,273997986.53,22999437557.46,0.0,0.0,0.0,,"ICAHN SCHOOL OF MEDICINE AT MOUNT SINAI ($73.2M); THE TRUSTEES OF COLUMBIA UNIVERSITY IN THE CITY OF NEW YORK ($64.4M); UNIVERSITY OF NORTH CAROLINA AT CHAPEL HILL ($57.1M) | REGENTS OF THE UNIVERSITY OF MICHIGAN ($71.4M); REGENTS OF THE UNIVERSITY OF CALIFORNIA, SAN FRANCISCO, THE ($64.3M); UNIVERSITY OF SOUTHERN CALIFORNIA ($62.6M) | OREGON STATE UNIVERSITY ($11.5M); UNIVERSITY OF LOUISVILLE ($1",,1.7489549370783042e-06,0.7459809448847439,0.934903642471267,mostly universities,False
1727db46-f685-4182-9a30-d7f101ba9889,FY26 Bureau of Land Management Youth Conservation Corps - Bureau wide      ,15.243,53284226.3,257813.86,2866641.56,-11869.31,48300.020000000004,50123340.17,0.0,0.0,0.0,,AMERICAN CONSERVATION EXPERIENCE ($15.0M); CONSERVATION LEGACY ($11.2M); COLORADO YOUTH CORPS ASSOCIATION ($5.4M),,0.004838464924843996,0.05379906510906775,1.0000000000000002,"mostly nonprofits, hospitals or companies",False
172926e9-5f18-4993-893d-ac73be5bbb9d,"Maternal-Child Surveillance and Partnerships for Action, Results, and Knowledge",93.073,69646456.33,15137819.11,31060032.0,0.0,503994.0,22944611.22,0.0,662000.0,662000.0,NORTH CAROLINA DEPARTMENT OF HEALTH & HUMAN SERVICES,THE JOHNS HOPKINS UNIVERSITY ($4.5M); UNIVERSITY OF NORTH CAROLINA AT CHAPEL HILL ($3.4M); AMERICAN ACADEMY OF PEDIATRICS ($2.8M),,0.21735232354498746,0.4459671552107524,1.0,NC DHHS has received awards,True
1750ece3-d50d-4613-a971-2965051fb638,FDA's Integrated Food Safety System Training Delivery and Development,93.103,978131651.19,204231952.81000003,317394711.29,6344842.82,13208169.0,393879205.75999993,0.0,0.0,6880186.38,NORTH CAROLINA DEPARTMENT OF AGRICULTURE & CONSUMER SERVICES,THE CRITICAL PATH INSTITUTE ($79.1M); NATIONAL ENVIRONMENTAL HEALTH ASSOCIATION ($44.4M); THE MEDICAL DEVICE INNOVATION CONSORTIUM ($42.6M),,0.2087980207587909,0.3244907890505904,0.9559642411554747,mixed recipients (some state agencies),False
17546621-c760-4f5f-97ad-bed6682eae03,Limited Competition: Small Grant Program for the NCATS Clinical and Translational Science Award (CTSA) Program (R03 Clinical Trial Optional),93.350,2413260512.71,0.0,2177769794.8499985,0.0,0.0,234321018.16000003,0.0,0.0,0.0,,VANDERBILT UNIVERSITY MEDICAL CENTER ($81.9M); UNIVERSITY OF PITTSBURGH - OF THE COMMONWEALTH SYSTEM OF HIGHER EDUCATION ($79.6M); UNIVERSITY OF NORTH CAROLINA AT CHAPEL HILL ($60.0M),,0.0,0.9024180287955922,0.9995153031784836,mostly universities,False
1771770c-74ca-48e2-b041-72d03af07b71,Law & Science,47.075,843974005.0,0.0,705744304.0,0.0,0.0,76586867.0,10961722.0,0.0,0.0,,REGENTS OF THE UNIVERSITY OF MICHIGAN ($99.6M); NATIONAL BUREAU OF ECONOMIC RESEARCH INC ($29.0M); NATIONAL OPINION RESEARCH CENTER ($18.9M),,0.0,0.8362156888943517,0.9269612172474435,mostly universities,False
17831514-d29d-4e00-8071-c319e7e79130,State Electronic Crash Data Collection,20.614,330065357.17,115609092.04000002,9611062.55,554986.0,0.0,204290216.57,0.0,0.0,792003.89,"MOTOR VEHICLES, NORTH CAROLINA DIVISION OF","HIGHWAY PATROL, CALIFORNIA ($63.7M); AUTOMOTIVE COALITION FOR TRAFFIC SAFETY, INC. ($56.2M); GOVERNORS HIGHWAY SAFETY ASSOCIATION (GHSA) ($14.1M)",,0.3502612119952219,0.02911866495898213,0.999999999969703,other state agencies win this,True
17ca70e3-ccb8-46b3-98ec-2808f8673f84,Healthy Tomorrows Partnership for Children Program (HTPCP),93.110,1164006561.72,318147766.46,360081155.95,18944098.18,17261226.42,353277865.66999996,0.0,13147007.87,13147007.87,NORTH CAROLINA DEPARTMENT OF HEALTH & HUMAN SERVICES,"ZERO TO THREE NATIONAL CENTER FOR INFANTS, TODDLERS & FAMILIES ($44.8M); UNIVERSITY HOSPITALS CLEVELAND MEDICAL CENTER ($41.8M); CHILDREN'S NATIONAL MEDICAL CENTER ($37.2M)",,0.27332128264800104,0.30934632826976877,0.9172732764515432,NC DHHS has received awards,True
17f217b6-2106-4de0-a9db-2c13c1b58262,NPS Cooperative Ecosystems Studies Units (CESU) Master Cooperative Agreements,15.945,269721997.05,2764726.1300000004,203524914.7799999,427744.44,0.0,61174586.96000002,0.0,0.0,0.0,,COLORADO STATE UNIVERSITY ($27.5M); THE NATURE CONSERVANCY ($12.0M); FLORIDA INTERNATIONAL UNIVERSITY ($11.2M),,0.010250280511928311,0.7545729195467556,0.9932151446303401,mostly universities,False
1835f8f5-45df-47b4-87b6-eebed0b0f0b7,Improving Chronic Conditions Through Inexpensive Interventions,93.866,15229489497.87,0.0,11707506336.46,0.0,9857717.91,2433575328.85,0.0,0.0,0.0,,"REGENTS OF THE UNIVERSITY OF CALIFORNIA, SAN FRANCISCO, THE ($499.5M); THE TRUSTEES OF COLUMBIA UNIVERSITY IN THE CITY OF NEW YORK ($473.8M); WASHINGTON UNIVERSITY, THE ($471.3M)",,0.0,0.7687392501303089,0.9291801530969999,mostly universities,False
18488b3f-1307-44af-90c9-c9bd13a857c0,Claude D. Pepper Older Americans Independence Centers,93.866,15229489497.87,0.0,11707506336.46,0.0,9857717.91,2433575328.85,0.0,0.0,0.0,,"REGENTS OF THE UNIVERSITY OF CALIFORNIA, SAN FRANCISCO, THE ($499.5M); THE TRUSTEES OF COLUMBIA UNIVERSITY IN THE CITY OF NEW YORK ($473.8M); WASHINGTON UNIVERSITY, THE ($471.3M)",,0.0,0.7687392501303089,0.9291801530969999,mostly universities,False
188aac01-0056-4dd0-9bde-54cf6ddf113c,Radiation Exposure Screening and Education Program,93.257,6463945.52,0.0,1718899.5,893610.0,876958.0,2974478.02,0.0,0.0,0.0,,INDIAN HEALTH SERVICE ($0.9M); UNIVERSITY OF NEW MEXICO ($0.9M); IHC HEALTH SERVICES INC ($0.9M),,0.0,0.2659210995330295,1.0,mixed recipients (no state agencies),False
18a40e20-5b27-4883-a5ab-bdf6d10b83a8,"DoW Amyotrophic Lateral Sclerosis Research Program, Clinical Outcomes and Biomarkers Award",12.420,5640094062.21,0.0,3068370069.44,0.0,22619849.59,1893474804.760001,0.0,0.0,0.0,,"THE HENRY M. JACKSON FOUNDATION FOR THE ADVANCEMENT OF MILITARY MEDICINE, INC. ($420.3M); THE UNIVERISTY OF TEXAS M.D. ANDERSON CANCER CENTER ($150.0M); THE JOHNS HOPKINS UNIVERSITY ($136.4M)",,0.0,0.5440281732176817,0.8837556020895334,mostly universities,False
18b1486a-7e60-44fd-90b1-8e1dd1610a09,FDA OMHHE Health Equity Innovation Award: Enhance Equity Funding Opportunity (U01) Clinical Trials Not Allowed,93.103,978131651.19,204231952.81000003,317394711.29,6344842.82,13208169.0,393879205.75999993,0.0,0.0,6880186.38,NORTH CAROLINA DEPARTMENT OF AGRICULTURE & CONSUMER SERVICES,THE CRITICAL PATH INSTITUTE ($79.1M); NATIONAL ENVIRONMENTAL HEALTH ASSOCIATION ($44.4M); THE MEDICAL DEVICE INNOVATION CONSORTIUM ($42.6M),,0.2087980207587909,0.3244907890505904,0.9559642411554747,mixed recipients (some state agencies),False
18c0a9f1-fe39-4c7a-8ffd-1d8c656d666f,Telehealth Nutrition Services Network Grant Program,93.468,0.0,0.0,0.0,0.0,0.0,0.0,0.0,0.0,0.0,,,,0.0,0.0,0.0,no awards found FY2022-FY2025,False
18caf2f2-792f-4fcf-a956-ed9864a8c1b6,"DoW Military Burn, Technology/Therapeutic Development Award",12.420,5640094062.21,0.0,3068370069.44,0.0,22619849.59,1893474804.760001,0.0,0.0,0.0,,"THE HENRY M. JACKSON FOUNDATION FOR THE ADVANCEMENT OF MILITARY MEDICINE, INC. ($420.3M); THE UNIVERISTY OF TEXAS M.D. ANDERSON CANCER CENTER ($150.0M); THE JOHNS HOPKINS UNIVERSITY ($136.4M)",,0.0,0.5440281732176817,0.8837556020895334,mostly universities,False
19850d71-3af6-4f9f-bf6e-1ee9b1f8d8b7,ONR FY27 NOFO for Young Investigator Program,12.300,3307063262.15,2300496.0,2565686577.1200027,0.0,2350000.0,542168836.0800002,0.0,0.0,0.0,,UNIVERSITY OF CALIFORNIA SAN DIEGO ($164.4M); MASSACHUSETTS INSTITUTE OF TECHNOLOGY ($137.1M); UNIVERSITY OF WASHINGTON ($102.3M),,0.0006956310834236636,0.775820228927822,0.9411691469054296,mostly universities,False
1992d55d-3baf-47a7-9483-9503754fc660,Stimulating Access to Research in Residency (StARR) (R38 Independent Clinical Trial Not Allowed),93.837;93.855;93.866;93.867,47105204676.18,0.0,34839749371.83,0.0,51735667.11000001,8980166550.740002,0.0,0.0,0.0,,"BRIGHAM & WOMENS HOSPITAL INC ($302.8M); TRUSTEES OF THE UNIVERSITY OF PENNSYLVANIA, THE ($298.7M); REGENTS OF THE UNIVERSITY OF MICHIGAN ($288.2M) | FRED HUTCHINSON CANCER CENTER ($787.0M); DUKE UNIVERSITY ($576.9M); UNIVERSITY OF CALIFORNIA, LOS ANGELES ($576.8M) | REGENTS OF THE UNIVERSITY OF CALIFORNIA, SAN FRANCISCO, THE ($499.5M); THE TRUSTEES OF COLUMBIA UNIVERSITY IN THE CITY OF NEW YORK (",,0.0,0.7396157093750544,0.9313546537218396,mostly universities,False
1998807c-2c4c-45ce-924c-748dbcdeb2ad,TIP Office International Programs to Combat Human Trafficking Annual Program Statement,19.019,246394243.55,0.0,21946412.42,0.0,0.0,224447831.13000003,0.0,0.0,0.0,,INTERNATIONAL ORGANIZATION FOR MIGRATION ($44.5M); UNITED NATIONS OFFICE ON DRUGS AND CRIME ($17.0M); INTERNATIONAL JUSTICE MISSION ($15.4M),,0.0,0.0890703131039118,1.0,"mostly nonprofits, hospitals or companies",False
19cdbfa9-20f5-423f-9b45-cfff9feda6b3,"BRAIN Initiative Cell Atlas Network (BICAN): Coordinating Unit for Biostatistics, Informatics, and Engagement (CUBIE)",93.242,7107924163.190001,0.0,5396186256.740001,0.0,0.0,1251736935.5299997,0.0,0.0,0.0,,"YALE UNIV ($308.6M); UNIVERSITY OF PITTSBURGH - OF THE COMMONWEALTH SYSTEM OF HIGHER EDUCATION ($244.2M); UNIVERSITY OF CALIFORNIA, LOS ANGELES ($186.0M)",,0.0,0.7591789294384114,0.9352833597603335,mostly universities,False
1a040f84-66ab-4cbc-a059-f2e51497817a,DoW Toxic Exposures Translational Research Award,12.420,5640094062.21,0.0,3068370069.44,0.0,22619849.59,1893474804.760001,0.0,0.0,0.0,,"THE HENRY M. JACKSON FOUNDATION FOR THE ADVANCEMENT OF MILITARY MEDICINE, INC. ($420.3M); THE UNIVERISTY OF TEXAS M.D. ANDERSON CANCER CENTER ($150.0M); THE JOHNS HOPKINS UNIVERSITY ($136.4M)",,0.0,0.5440281732176817,0.8837556020895334,mostly universities,False
1a15d9b6-d67c-4ad9-a283-1c43e474f6d6,Mechanisms Underlying Olfactory Dysfunction in Aging and Alzheimer’s Disease and Alzheimer’s Disease-Related Dementias,93.866,15229489497.87,0.0,11707506336.46,0.0,9857717.91,2433575328.85,0.0,0.0,0.0,,"REGENTS OF THE UNIVERSITY OF CALIFORNIA, SAN FRANCISCO, THE ($499.5M); THE TRUSTEES OF COLUMBIA UNIVERSITY IN THE CITY OF NEW YORK ($473.8M); WASHINGTON UNIVERSITY, THE ($471.3M)",,0.0,0.7687392501303089,0.9291801530969999,mostly universities,False
1a2d77c4-ef72-4978-b311-6511e5145f50,2022 Alumni Engagement Innovation Fund-Italy,19.040,257210709.31,0.0,18981816.92,765922.7,0.0,121256439.30999996,40952578.09,0.0,0.0,,MISCELLANEOUS FOREIGN AWARDEES ($41.0M); INDIVIDUAL RECIPIENT ($19.5M); MERIDIAN INTERNATIONAL CENTER ($4.4M),,0.0,0.07379870368120016,0.5482049301456434,mixed recipients (no state agencies),False
1a3231f6-36eb-40d1-afe8-232010fa2fe3,"US Travelers Health Research, Surveillance, Communication, and Outreach Network",93.084,197776915.45999998,46230623.0,98936196.91,495417.0,1653463.0,50461215.55,0.0,35000.0,35000.0,NORTH CAROLINA DEPARTMENT OF HEALTH & HUMAN SERVICES,"PUERTO RICO SCIENCE, TECHNOLOGY, AND RESEARCH TRUST ($14.5M); PUBLIC HEALTH, MASSACHUSETTS DEPARTMENT OF ($11.6M); EMORY UNIVERSITY ($10.1M)",,0.2337513601750456,0.5002413789288248,1.0,mostly universities,False
1a932b55-f5e4-4467-98d1-cadd948d6713,Louis Stokes Alliances for Minority Participation,47.076,5482502686.0,0.0,3766900369.0,0.0,0.0,293745388.0,0.0,0.0,0.0,,"MASSACHUSETTS INSTITUTE OF TECHNOLOGY ($106.0M); REGENTS OF THE UNIVERSITY OF CALIFORNIA, THE ($105.6M); THE LELAND STANFORD JUNIOR UNIVERSITY ($103.6M)",,0.0,0.6870767940741872,0.7406554979661345,mostly universities,False
1aac28d7-35c3-4d06-bdbc-719fc81796c0,Clinical Coordinating Center for Multi-Site Investigator-Initiated Clinical Trials (Collaborative UG3/UH3 Clinical Trial Required),93.233;93.837;93.838;93.839;93.840,11888355597.69,215575.61000000002,8800651331.629995,558986.0,27191929.69,2221105805.2699995,0.0,0.0,0.0,,"BRIGHAM & WOMENS HOSPITAL INC ($302.8M); TRUSTEES OF THE UNIVERSITY OF PENNSYLVANIA, THE ($298.7M); REGENTS OF THE UNIVERSITY OF MICHIGAN ($288.2M) | THE REGENTS OF THE UNIVERSITY OF COLORADO ($1.5M); INDIANA DEPARTMENT OF HEALTH ($0.6M); MINNESOTA DEPARTMENT OF HEALTH ($0.4M)",,1.8133341337963344e-05,0.740274906761708,0.9294576981148714,mostly universities,False
1af55c6e-2cb2-4c06-9690-1a2069a0f9c2,NHLBI Emerging Investigator Award (EIA) (R35 Clinical Trial Optional),93.233;93.837;93.838;93.839;93.840,11888355597.69,215575.61000000002,8800651331.629995,558986.0,27191929.69,2221105805.2699995,0.0,0.0,0.0,,"BRIGHAM & WOMENS HOSPITAL INC ($302.8M); TRUSTEES OF THE UNIVERSITY OF PENNSYLVANIA, THE ($298.7M); REGENTS OF THE UNIVERSITY OF MICHIGAN ($288.2M) | THE REGENTS OF THE UNIVERSITY OF COLORADO ($1.5M); INDIANA DEPARTMENT OF HEALTH ($0.6M); MINNESOTA DEPARTMENT OF HEALTH ($0.4M)",,1.8133341337963344e-05,0.740274906761708,0.9294576981148714,mostly universities,False
1b04cdeb-7432-47b1-949a-9d823782ca2d,Ancillary Studies to Ongoing Clinical Projects (RP1 Clinical Trial Not Allowed),93.846;93.866,17367354668.34,0.0,13394084270.769999,0.0,9857717.91,2828036878.8999996,0.0,0.0,0.0,,"TRUSTEES OF THE UNIVERSITY OF PENNSYLVANIA, THE ($85.7M); REGENTS OF THE UNIVERSITY OF CALIFORNIA, SAN FRANCISCO, THE ($74.6M); BRIGHAM & WOMENS HOSPITAL INC ($72.0M) | REGENTS OF THE UNIVERSITY OF CALIFORNIA, SAN FRANCISCO, THE ($499.5M); THE TRUSTEES OF COLUMBIA UNIVERSITY IN THE CITY OF NEW YORK ($473.8M); WASHINGTON UNIVERSITY, THE ($471.3M)",,0.0,0.7712219003154743,0.9346258643044961,mostly universities,False
1b49b219-b655-4560-b837-68ed45b6580f,NIAMS P30 Centers Program (P30 - Clinical Trial Not Allowed),93.313;93.846,2137865170.47,0.0,1686577934.31,0.0,0.0,394461550.0499999,0.0,0.0,0.0,,"TRUSTEES OF THE UNIVERSITY OF PENNSYLVANIA, THE ($85.7M); REGENTS OF THE UNIVERSITY OF CALIFORNIA, SAN FRANCISCO, THE ($74.6M); BRIGHAM & WOMENS HOSPITAL INC ($72.0M)",,0.0,0.7889075314975141,0.9734194247163364,mostly universities,False
1c1ad215-73b3-44cf-afef-a386915e2f7f,"NLM Institutional Grants for Research Training in Biomedical Informatics, Data Science, and AI",93.879,286763082.1,0.0,246189541.61999997,0.0,1757800.0,38815740.480000004,0.0,0.0,0.0,,THE LELAND STANFORD JUNIOR UNIVERSITY ($17.3M); YALE UNIV ($11.9M); UNIVERSITY OF WASHINGTON ($11.5M),,0.0,0.8585119807512348,0.9999999999999998,mostly universities,False
1c40eecf-764a-4c6f-ad1b-3d12cc9e43d0,Leading Edge Acceleration Projects for Health IT (LEAP),93.345,7834272.53,-10204.24,1964790.92,0.0,0.0,5879685.850000001,0.0,0.0,0.0,,"CHILDREN'S HOSPITAL CORPORATION, THE ($1.0M); HEALTHELINK, INC. ($1.0M); ALLIANCECHICAGO ($1.0M)",,-0.0013025127682148683,0.2507943031693333,1.0,"mostly nonprofits, hospitals or companies",False
1c599942-0af2-482e-a9dc-77e14021ebdc,Integrated Data Systems & Services (IDSS),47.070,4179713004.0,0.0,3693008871.0,5844001.0,3996174.0,293157321.0,0.0,0.0,0.0,,"UNIVERSITY OF TEXAS AT AUSTIN ($331.4M); UNIVERSITY OF CALIFORNIA, SAN DIEGO ($169.2M); UNIVERSITY OF ILLINOIS ($164.0M)",,0.0,0.8835556095516074,0.9560480260668156,mostly universities,False
1c78cc36-ef5b-43ad-805d-b0b46faee849,Facilitating Research at Predominantly Undergraduate Institutions:,47.041;47.049;47.050;47.070;47.074;47.075;47.076;47.079;47.083;47.084,32412699683.0,33153443.0,24271392297.0,5844001.0,10109019.0,4120282094.0,160901546.0,0.0,694321.0,FRIENDS OF THE NORTH CAROLINA STATE MUSEUM OF NATURAL SCIENCES,"PURDUE UNIVERSITY ($81.2M); REGENTS OF THE UNIVERSITY OF MICHIGAN ($81.1M); GEORGIA TECH RESEARCH CORP ($80.6M) | ASSOCIATION OF UNIVERSITIES FOR RESEARCH IN ASTRONOMY, INC. ($574.0M); ASSOCIATED UNIVERSITIES INC ($531.2M); CALIFORNIA INSTITUTE OF TECHNOLOGY ($254.7M) | UNIVERSITY CORPORATION FOR ATMOSPHERIC RESEARCH ($587.8M); WOODS HOLE OCEANOGRAPHIC INSTITUTION ($497.0M); TEXAS A & M RESEARCH F",,0.0010228534902752488,0.7488235331946138,0.8774579449460912,mostly universities,False
1c7b3701-9028-4d4f-8c74-e9f1aa1b2194,Food Safety Capacity and Infrastructure Building (U2F),93.103,978131651.19,204231952.81000003,317394711.29,6344842.82,13208169.0,393879205.75999993,0.0,0.0,6880186.38,NORTH CAROLINA DEPARTMENT OF AGRICULTURE & CONSUMER SERVICES,THE CRITICAL PATH INSTITUTE ($79.1M); NATIONAL ENVIRONMENTAL HEALTH ASSOCIATION ($44.4M); THE MEDICAL DEVICE INNOVATION CONSORTIUM ($42.6M),,0.2087980207587909,0.3244907890505904,0.9559642411554747,mixed recipients (some state agencies),False
1c7d1763-22ce-42c2-970f-dcc8c6921c6a,DEVCOM ANALYSIS CENTER BROAD AGENCY ANNOUNCEMENT FOR APPLIED RESEARCH,12.431,2303372550.5,0.0,1740909553.2299995,0.0,0.0,488342019.1999998,0.0,0.0,0.0,,"UNIVERSITY OF MARYLAND, COLLEGE PARK ($133.9M); GENERAL DYNAMICS ROBOTIC SYSTEMS INC ($106.0M); MASSACHUSETTS INSTITUTE OF TECHNOLOGY ($84.9M)",,0.0,0.7558089345347522,0.9678206731890111,mostly universities,False
1d3a1aca-46bb-4228-b6c8-a1cb58c5a746,"Engineering (ENG): Chemical, Bioengineering, Energy, and Transport Systems (CBET)",47.041,3232868977.0,0.0,2788913637.0,0.0,0.0,193471652.0,0.0,0.0,0.0,,PURDUE UNIVERSITY ($81.2M); REGENTS OF THE UNIVERSITY OF MICHIGAN ($81.1M); GEORGIA TECH RESEARCH CORP ($80.6M),,0.0,0.8626745026914217,0.9225196907817647,mostly universities,False
1d55627c-531e-4a60-95e0-719b256179bf,HIV Care Grant Program - Part B States/Territories Formula and AIDS Drug Assistance Program Formula and AIDS Drug Assistance Program Supplemental Awards,93.917,5103315650.08,3887589992.2800007,0.0,100702105.44,-102.02,1115023654.38,0.0,187626459.44,187626459.44,NORTH CAROLINA DEPARTMENT OF HEALTH & HUMAN SERVICES,"PUBLIC HEALTH, CALIFORNIA DEPARTMENT OF ($598.7M); HEALTH RESEARCH, INC. ($529.8M); FLORIDA DEPARTMENT OF HEALTH ($518.5M)",,0.7617772951628141,0.0,1.0000000000000002,NC DHHS has received awards,True
1db3894c-0156-4b3a-922a-68a33f783cf1,High-Risk Research in Biological Anthropology and Archaeology,47.075,843974005.0,0.0,705744304.0,0.0,0.0,76586867.0,10961722.0,0.0,0.0,,REGENTS OF THE UNIVERSITY OF MICHIGAN ($99.6M); NATIONAL BUREAU OF ECONOMIC RESEARCH INC ($29.0M); NATIONAL OPINION RESEARCH CENTER ($18.9M),,0.0,0.8362156888943517,0.9269612172474435,mostly universities,False
1ddea6e1-5241-4cb4-819a-a3c6f7f9510e,Early Stage Testing of Pharmacologic or Neuromodulatory Device-based Interventions for the Treatment of Mental Disorders (R33- Clinical Trial Required),93.242,7107924163.190001,0.0,5396186256.740001,0.0,0.0,1251736935.5299997,0.0,0.0,0.0,,"YALE UNIV ($308.6M); UNIVERSITY OF PITTSBURGH - OF THE COMMONWEALTH SYSTEM OF HIGHER EDUCATION ($244.2M); UNIVERSITY OF CALIFORNIA, LOS ANGELES ($186.0M)",,0.0,0.7591789294384114,0.9352833597603335,mostly universities,False
1e3e98f5-c33f-4d60-b824-d16414706728,DoW Melanoma Research Program Melanoma Academy Scholar Award,12.420,5640094062.21,0.0,3068370069.44,0.0,22619849.59,1893474804.760001,0.0,0.0,0.0,,"THE HENRY M. JACKSON FOUNDATION FOR THE ADVANCEMENT OF MILITARY MEDICINE, INC. ($420.3M); THE UNIVERISTY OF TEXAS M.D. ANDERSON CANCER CENTER ($150.0M); THE JOHNS HOPKINS UNIVERSITY ($136.4M)",,0.0,0.5440281732176817,0.8837556020895334,mostly universities,False
1e7f7ee0-15b6-4fac-a5c1-7605cc242e43,Causal Hypotheses on the Oral-Systemic Health Impacts of Human Behaviors among People with Chronic Conditions (U01 Clinical Trial Not Allowed),93.121,1503475567.17,0.0,1230618528.0399997,812963.07,900368.0,248958665.48999998,0.0,0.0,0.0,,"REGENTS OF THE UNIVERSITY OF MICHIGAN ($71.4M); REGENTS OF THE UNIVERSITY OF CALIFORNIA, SAN FRANCISCO, THE ($64.3M); UNIVERSITY OF SOUTHERN CALIFORNIA ($62.6M)",,0.0,0.8185158142319529,0.9852441615584353,mostly universities,False
1f00aff3-c8ff-4121-92cd-a86f16d17a1d,Crosscutting Activities in Materials Research,47.049,6727369096.0,0.0,5005763263.0,0.0,0.0,1316835947.0,71509669.0,0.0,0.0,,"ASSOCIATION OF UNIVERSITIES FOR RESEARCH IN ASTRONOMY, INC. ($574.0M); ASSOCIATED UNIVERSITIES INC ($531.2M); CALIFORNIA INSTITUTE OF TECHNOLOGY ($254.7M)",,0.0,0.7440892853606557,0.9398323653386774,mostly universities,False
1fc0e15a-85eb-4a37-b792-002fbfce5582,Forecast to Publish a Funding Opportunity Announcement for Cancer Epidemiology Cohorts: Building the Next Generation of Research Cohorts (U01 Clinical Trial Not Allowed),93.399,668985392.35,0.0,291600192.2199999,0.0,1264793.0,376120407.13000005,0.0,0.0,0.0,,"ECOG-ACRIN MEDICAL RESEARCH FOUNDATION, INC. ($80.5M); NRG ONCOLOGY FOUNDATION INC ($47.0M); ALLIANCE NCTN FOUNDATION ($40.7M)",,0.0,0.4358842443415273,0.9999999999999998,"mostly nonprofits, hospitals or companies",False
1fd3d671-8469-40ac-bbd6-adac625cf082,Dissemination and Implementation Research in Health (R01 Clinical Trial Optional),93.113;93.121;93.172;93.213;93.233;93.242;93.273;93.279;93.307;93.310;93.361;93.399;93.837;93.838;93.839;93.840;93.846;93.847;93.853;93.855;93.865;93.866;93.867,97149301589.04001,215575.61000000002,72824884715.73999,6965750.43,115038058.88999999,18110548822.239998,0.0,0.0,0.0,,"ICAHN SCHOOL OF MEDICINE AT MOUNT SINAI ($73.2M); THE TRUSTEES OF COLUMBIA UNIVERSITY IN THE CITY OF NEW YORK ($64.4M); UNIVERSITY OF NORTH CAROLINA AT CHAPEL HILL ($57.1M) | REGENTS OF THE UNIVERSITY OF MICHIGAN ($71.4M); REGENTS OF THE UNIVERSITY OF CALIFORNIA, SAN FRANCISCO, THE ($64.3M); UNIVERSITY OF SOUTHERN CALIFORNIA ($62.6M) | THE LELAND STANFORD JUNIOR UNIVERSITY ($118.8M); UNIVERSITY OF",,2.2190134820724267e-06,0.749618201310423,0.9372960117418152,mostly universities,False
200e5096-2748-4552-8b0a-b49290c94a8a,Clinical Trials Addressing Unmet Needs of Rare Neurodegenerative Diseases (R01) Clinical Trials Required,93.103,978131651.19,204231952.81000003,317394711.29,6344842.82,13208169.0,393879205.75999993,0.0,0.0,6880186.38,NORTH CAROLINA DEPARTMENT OF AGRICULTURE & CONSUMER SERVICES,THE CRITICAL PATH INSTITUTE ($79.1M); NATIONAL ENVIRONMENTAL HEALTH ASSOCIATION ($44.4M); THE MEDICAL DEVICE INNOVATION CONSORTIUM ($42.6M),,0.2087980207587909,0.3244907890505904,0.9559642411554747,mixed recipients (some state agencies),False
20862d9b-ae61-4d0b-bcc6-7d10c51b2d88,"DoW Spinal Cord Injury, Investigator-Initiated Research Award",12.420,5640094062.21,0.0,3068370069.44,0.0,22619849.59,1893474804.760001,0.0,0.0,0.0,,"THE HENRY M. JACKSON FOUNDATION FOR THE ADVANCEMENT OF MILITARY MEDICINE, INC. ($420.3M); THE UNIVERISTY OF TEXAS M.D. ANDERSON CANCER CENTER ($150.0M); THE JOHNS HOPKINS UNIVERSITY ($136.4M)",,0.0,0.5440281732176817,0.8837556020895334,mostly universities,False
2089145c-76c9-473b-b5c0-4bf4035831d8,Call for Proposals – Workshops to Stop the Spread of mis/disinformation,19.040,257210709.31,0.0,18981816.92,765922.7,0.0,121256439.30999996,40952578.09,0.0,0.0,,MISCELLANEOUS FOREIGN AWARDEES ($41.0M); INDIVIDUAL RECIPIENT ($19.5M); MERIDIAN INTERNATIONAL CENTER ($4.4M),,0.0,0.07379870368120016,0.5482049301456434,mixed recipients (no state agencies),False
208b9a8e-5bff-4b80-b713-4e597a525d5a,USDA/USDOI Joint Fire Science Program (JFSP),15.232,26509711.240000002,0.0,24642216.180000003,0.0,0.0,1867495.07,0.0,0.0,0.0,,REGENTS OF THE UNIVERSITY OF IDAHO ($1.8M); OREGON STATE UNIVERSITY ($1.8M); COLORADO STATE UNIVERSITY ($1.8M),,0.0,0.9295543039645724,1.0000000003772203,mostly universities,False
21233413-5552-4311-8eab-96ec6d16d288,Forecast to Publish a Notice of Funding Opportunity for SBIR Phase IIB Bridge Awards to Accelerate the Development of Cancer-Relevant Technologies Toward Commercialization (R44 Clinical Trial Optional),93.394;93.395,6778974031.59,0.0,3975224147.8900003,0.0,85304856.34,2270769576.09,0.0,0.0,0.0,,"REGENTS OF THE UNIVERSITY OF CALIFORNIA, SAN FRANCISCO, THE ($91.2M); FRED HUTCHINSON CANCER CENTER ($89.9M); SLOAN-KETTERING INSTITUTE FOR CANCER RESEARCH ($76.5M) | THE UNIVERISTY OF TEXAS M.D. ANDERSON CANCER CENTER ($157.0M); ICAHN SCHOOL OF MEDICINE AT MOUNT SINAI ($154.8M); DANA-FARBER CANCER INSTITUTE, INC. ($149.6M)",,0.0,0.5864049824303009,0.933961179201479,mostly universities,False
213b091b-76cd-4987-ad5f-beeaf8939fc7,F26AS00068 Partners for Fish and Wildlife FY26,15.631,122763661.53,10591594.67,7796821.21,3278077.0,3902000.6,91019290.91000004,1142954.43,0.0,0.0,NORTH CAROLINA WILDLIFE RESOURCES COMMISSION,"PHEASANTS FOREVER, INC. ($7.5M); KLAMATH WATERSHED PARTNERSHIP ($6.8M); UNIVERSITY OF GEORGIA RESEARCH FOUNDATION, INC. ($6.5M)",,0.08627630145596228,0.0635108232585151,0.9496929542257849,"mostly nonprofits, hospitals or companies",False
21641587-9295-49dc-811b-95337df4af5c,Advanced Development of Informatics Technologies for Cancer Research and Management (U24 Clinical Trial Optional),93.393;93.394;93.395;93.396;93.399,13910770885.01,0.0,8659868953.379997,5932664.0,161524138.64,4533566247.91,0.0,0.0,0.0,,"THE UNIVERISTY OF TEXAS M.D. ANDERSON CANCER CENTER ($89.6M); SLOAN-KETTERING INSTITUTE FOR CANCER RESEARCH ($81.9M); FRED HUTCHINSON CANCER CENTER ($73.6M) | REGENTS OF THE UNIVERSITY OF CALIFORNIA, SAN FRANCISCO, THE ($91.2M); FRED HUTCHINSON CANCER CENTER ($89.9M); SLOAN-KETTERING INSTITUTE FOR CANCER RESEARCH ($76.5M) | THE UNIVERISTY OF TEXAS M.D. ANDERSON CANCER CENTER ($157.0M); ICAHN SCHOO",,0.0,0.622529766679697,0.9604709986509415,mostly universities,False
217a3975-7543-445d-9638-8026297a75c4,The National Network of STI Prevention Training Centers (NNPTC),93.978,37843380.84,2060000.0,19540405.31,0.0,-153404.71999999997,16396380.25,0.0,0.0,0.0,,"DENVER HEALTH AND HOSPITAL AUTHORITY ($6.0M); REGENTS OF THE UNIVERSITY OF CALIFORNIA, SAN FRANCISCO, THE ($5.0M); UNIVERSITY OF WASHINGTON ($4.7M)",,0.05443488277935793,0.5163493555878608,0.9999999999999998,mostly universities,False
218d4960-fe80-4c76-b69f-aeddf8d9a404,KUH P30 Resource Core Center (P30 Clinical Trial Not Allowed),93.847,7801990499.05,0.0,5868063966.9,0.0,40709921.57,1426874242.5900002,0.0,0.0,0.0,,"REGENTS OF THE UNIVERSITY OF MICHIGAN ($278.9M); TRUSTEES OF THE UNIVERSITY OF PENNSYLVANIA, THE ($222.1M); WASHINGTON UNIVERSITY, THE ($189.5M)",,0.0,0.7521239570356458,0.9402277703303042,mostly universities,False
21c3a631-26bb-47eb-84aa-82af46b5f732,Countering Violent Extremism Small Grants Program FY2023,19.900,151470737.13,0.0,13981411.920000002,394220.0,360000.0,103776852.72,20207298.17,0.0,0.0,,"AMERICAN COUNCILS FOR INTERNATIONAL EDUCATION: ACTR/ACCELS, INC. ($32.5M); MISCELLANEOUS FOREIGN AWARDEES ($20.2M); WORLD LEARNING INC. ($4.7M)",,0.0,0.092304376309996,0.7824117508472047,"mostly nonprofits, hospitals or companies",False
21ccecb2-8a6f-4783-adac-ce03dea6023e,GROWING CONVERGENCE RESEARCH,47.041;47.049;47.050;47.070;47.074;47.075;47.076;47.083,29856559024.0,33153443.0,23087932263.0,5844001.0,10109019.0,3705071472.0,160901546.0,0.0,694321.0,FRIENDS OF THE NORTH CAROLINA STATE MUSEUM OF NATURAL SCIENCES,"PURDUE UNIVERSITY ($81.2M); REGENTS OF THE UNIVERSITY OF MICHIGAN ($81.1M); GEORGIA TECH RESEARCH CORP ($80.6M) | ASSOCIATION OF UNIVERSITIES FOR RESEARCH IN ASTRONOMY, INC. ($574.0M); ASSOCIATED UNIVERSITIES INC ($531.2M); CALIFORNIA INSTITUTE OF TECHNOLOGY ($254.7M) | UNIVERSITY CORPORATION FOR ATMOSPHERIC RESEARCH ($587.8M); WOODS HOLE OCEANOGRAPHIC INSTITUTION ($497.0M); TEXAS A & M RESEARCH F",,0.001110424110606645,0.7732951491309135,0.8990356248495731,mostly universities,False
21da5065-001b-4b0f-9045-3e1f789de123,Public Diplomacy Small Grants Program,19.040,257210709.31,0.0,18981816.92,765922.7,0.0,121256439.30999996,40952578.09,0.0,0.0,,MISCELLANEOUS FOREIGN AWARDEES ($41.0M); INDIVIDUAL RECIPIENT ($19.5M); MERIDIAN INTERNATIONAL CENTER ($4.4M),,0.0,0.07379870368120016,0.5482049301456434,mixed recipients (no state agencies),False
22227ca0-7530-42d3-858a-473b82a81d80,Retail Food Safety Regulatory Association Collaboration,93.103,978131651.19,204231952.81000003,317394711.29,6344842.82,13208169.0,393879205.75999993,0.0,0.0,6880186.38,NORTH CAROLINA DEPARTMENT OF AGRICULTURE & CONSUMER SERVICES,THE CRITICAL PATH INSTITUTE ($79.1M); NATIONAL ENVIRONMENTAL HEALTH ASSOCIATION ($44.4M); THE MEDICAL DEVICE INNOVATION CONSORTIUM ($42.6M),,0.2087980207587909,0.3244907890505904,0.9559642411554747,mixed recipients (some state agencies),False
22493742-3682-4c42-8539-5107fa7c561e,Toolkits for Dissemination of Genomic Technologies,93.172,1744531538.97,0.0,1235774918.2100003,1175890.0,1503596.0,492556536.87,0.0,0.0,0.0,,"THE LELAND STANFORD JUNIOR UNIVERSITY ($118.8M); UNIVERSITY OF WASHINGTON ($97.7M); THE BROAD INSTITUTE, INC ($94.8M)",,0.0,0.7083706373916415,0.9922497257355505,mostly universities,False
224cb740-46ae-4eab-bdb5-d858638ee591,Fair Housing Initiatives Program - Education and Outreach Initiative,14.416,-322268.71,0.0,0.0,0.0,0.0,0.0,0.0,0.0,0.0,,,,-0.0,-0.0,-0.0,no awards found FY2022-FY2025,False
2288fb30-cdca-431b-b6a8-7b30e611fdab,Partnership for Disaster Health Response System,93.817,73557028.17,-5095458.549999999,19246152.0,-107229.19,0.0,59513563.91,0.0,-2326.96,-2326.96,NORTH CAROLINA DEPARTMENT OF HEALTH & HUMAN SERVICES,"THE GENERAL HOSPITAL CORPORATION ($7.8M); EMORY UNIVERSITY ($7.8M); NEBRASKA MEDICAL CENTER, THE ($7.8M)",,-0.06927221880448625,0.26164939610555776,1.0,"mostly nonprofits, hospitals or companies",False
22cd6481-2f7c-4e91-9706-9e5c6f47978d,Ensuring Research Integrity - Research on Research Integrity (RRI),93.085,1514236.67,0.0,1394902.73,0.0,0.0,119333.93999999999,0.0,0.0,0.0,,UNIVERSITY OF ILLINOIS ($0.6M); REGENTS OF THE UNIVERSITY OF MICHIGAN ($0.3M); THE PENNSYLVANIA STATE UNIVERSITY ($0.3M),,0.0,0.921192015512344,1.0,mostly universities,False
22efce45-aaf7-4a38-9546-33067f7af9ec,EONS 2018: Appendix E Minority University Research and Education Project (MUREP) for Sustainability and Innovation Collaborative – (MUSIC) ,43.008,399805149.92,0.0,347230757.8199998,2410898.45,839921.0,49476836.95000001,0.0,0.0,0.0,,UNIVERSITIES SPACE RESEARCH ASSOCIATION ($11.6M); THE UNIVERSITY OF ALABAMA IN HUNTSVILLE ($9.4M); UNIVERSITY OF ALASKA FAIRBANKS ($9.3M),,0.0,0.8684999627680628,1.0003833474882216,mostly universities,False
22fffed1-95b8-4e7d-ae89-429de98b2f55,Applied regulatory science research to evaluate and treat cardiotoxicity of oncology therapeutics,93.103,978131651.19,204231952.81000003,317394711.29,6344842.82,13208169.0,393879205.75999993,0.0,0.0,6880186.38,NORTH CAROLINA DEPARTMENT OF AGRICULTURE & CONSUMER SERVICES,THE CRITICAL PATH INSTITUTE ($79.1M); NATIONAL ENVIRONMENTAL HEALTH ASSOCIATION ($44.4M); THE MEDICAL DEVICE INNOVATION CONSORTIUM ($42.6M),,0.2087980207587909,0.3244907890505904,0.9559642411554747,mixed recipients (some state agencies),False
2303ae9b-348e-4881-b756-175cc744ca31,Complex Integrated Multi-Component Projects in Aging Research (U19 Clinical Trial Optional),93.866,15229489497.87,0.0,11707506336.46,0.0,9857717.91,2433575328.85,0.0,0.0,0.0,,"REGENTS OF THE UNIVERSITY OF CALIFORNIA, SAN FRANCISCO, THE ($499.5M); THE TRUSTEES OF COLUMBIA UNIVERSITY IN THE CITY OF NEW YORK ($473.8M); WASHINGTON UNIVERSITY, THE ($471.3M)",,0.0,0.7687392501303089,0.9291801530969999,mostly universities,False
236f5081-4961-446a-ab89-945c7ad717dc,"Catalyze: Product Definition for Small Molecules, Biologics and Combination Products - Target Identification and Validation, and Preliminary Product/Lead Series Identification (R61/R33  Clinical Trials Not Allowed)",93.233;93.837;93.838;93.839;93.855,29127542857.11,0.0,20861635981.060005,0.0,36688408.88,6183360121.610001,0.0,0.0,0.0,,"BRIGHAM & WOMENS HOSPITAL INC ($302.8M); TRUSTEES OF THE UNIVERSITY OF PENNSYLVANIA, THE ($298.7M); REGENTS OF THE UNIVERSITY OF MICHIGAN ($288.2M) | FRED HUTCHINSON CANCER CENTER ($787.0M); DUKE UNIVERSITY ($576.9M); UNIVERSITY OF CALIFORNIA, LOS ANGELES ($576.8M)",,0.0,0.7162168152459761,0.9297620689944122,mostly universities,False
23a356f5-2b12-4891-a251-d01db68c7582,Multi-Site Investigator-Initiated Clinical Trials (Collaborative UG3/UH3 Clinical Trial Required),93.233;93.837;93.838;93.839;93.840,11888355597.69,215575.61000000002,8800651331.629995,558986.0,27191929.69,2221105805.2699995,0.0,0.0,0.0,,"BRIGHAM & WOMENS HOSPITAL INC ($302.8M); TRUSTEES OF THE UNIVERSITY OF PENNSYLVANIA, THE ($298.7M); REGENTS OF THE UNIVERSITY OF MICHIGAN ($288.2M) | THE REGENTS OF THE UNIVERSITY OF COLORADO ($1.5M); INDIANA DEPARTMENT OF HEALTH ($0.6M); MINNESOTA DEPARTMENT OF HEALTH ($0.4M)",,1.8133341337963344e-05,0.740274906761708,0.9294576981148714,mostly universities,False
23b80a6d-ae96-4b02-b4ae-69093f8939d5,Core State Injury Prevention Program (Core SIPP),93.136,1798553133.5900002,976733317.1399999,191223876.62,49049669.74,227249891.57,306696129.96999997,0.0,33736379.83,33751379.83,NORTH CAROLINA DEPARTMENT OF HEALTH & HUMAN SERVICES; NORTH CAROLINA DEPARTMENT OF PUBLIC INSTRUCTION,"FLORIDA DEPARTMENT OF HEALTH ($64.7M); PUBLIC HEALTH, CALIFORNIA DEPARTMENT OF ($45.6M); NATIONAL FOUNDATION FOR THE CENTERS FOR DISEASE CONTROL & PREVENTION, INC. ($34.5M)",,0.543066145168807,0.10632094935016337,0.9735341438287186,NC DHHS has received awards,True
23c43106-a9ec-4391-836c-fe2074d19df9,Intramural - Extramural Collaboration for Advanced 3-D Tissue Models for Drug Screening (Clinical Trial Not Allowed),93.350,2413260512.71,0.0,2177769794.8499985,0.0,0.0,234321018.16000003,0.0,0.0,0.0,,VANDERBILT UNIVERSITY MEDICAL CENTER ($81.9M); UNIVERSITY OF PITTSBURGH - OF THE COMMONWEALTH SYSTEM OF HIGHER EDUCATION ($79.6M); UNIVERSITY OF NORTH CAROLINA AT CHAPEL HILL ($60.0M),,0.0,0.9024180287955922,0.9995153031784836,mostly universities,False
23d60eec-baee-4017-9697-0d41cfbacb18,HEAL INITIATIVE: INTERACT Data Coordination and Integration Center (U24 Clinical Trial Not Allowed),93.121;93.273;93.846;93.866,20652978117.13,0.0,16082410883.349998,812963.07,10758085.91,3354975776.58,0.0,0.0,0.0,,"REGENTS OF THE UNIVERSITY OF MICHIGAN ($71.4M); REGENTS OF THE UNIVERSITY OF CALIFORNIA, SAN FRANCISCO, THE ($64.3M); UNIVERSITY OF SOUTHERN CALIFORNIA ($62.6M) | YALE UNIV ($71.9M); UNIVERSITY OF NORTH CAROLINA AT CHAPEL HILL ($48.6M); TRUSTEES OF INDIANA UNIVERSITY ($45.7M) | TRUSTEES OF THE UNIVERSITY OF PENNSYLVANIA, THE ($85.7M); REGENTS OF THE UNIVERSITY OF CALIFORNIA, SAN FRANCISCO, THE ($7",,0.0,0.7786969410484641,0.9417023345789844,mostly universities,False
23edd3f8-80e8-4537-b9ba-d0b852b29deb,National Biomedical Research Centers (P50 Clinical Trial Optional),93.351,1118184048.6399999,0.0,854422162.4500003,0.0,0.0,252743423.24999994,0.0,0.0,0.0,,"UNIVERSITY OF CALIFORNIA, DAVIS ($82.0M); OREGON HEALTH & SCIENCE UNIVERSITY ($72.4M); UNIVERSITY OF WASHINGTON ($63.7M)",,0.0,0.7641158568566578,0.9901461097093981,mostly universities,False
2428d7a5-a82f-456f-88ed-9eb6a3fd91e0,EMERGING FRONTIERS IN RESEARCH AND INNOVATION (EFRI-2026/27): Wave-Based Computing ( EFRI-WBC),47.041;47.049;47.084,12204367339.0,0.0,8786541180.0,0.0,0.0,1804932788.0,71509669.0,0.0,0.0,,"PURDUE UNIVERSITY ($81.2M); REGENTS OF THE UNIVERSITY OF MICHIGAN ($81.1M); GEORGIA TECH RESEARCH CORP ($80.6M) | ASSOCIATION OF UNIVERSITIES FOR RESEARCH IN ASTRONOMY, INC. ($574.0M); ASSOCIATED UNIVERSITIES INC ($531.2M); CALIFORNIA INSTITUTE OF TECHNOLOGY ($254.7M) | ARIZONA STATE UNIVERSITY ($44.7M); ACTIVATE GLOBAL INC ($39.0M); MASSACHUSETTS INSTITUTE OF TECHNOLOGY ($30.7M)",,0.0,0.719950566542022,0.8678429347299409,mostly universities,False
244cf955-4008-424f-9704-2fe634e8eeb9,Health Equity Innovation Award: Enhance Equity Funding Opportunity (U01) Clinical Trials Not Allowed,93.103,978131651.19,204231952.81000003,317394711.29,6344842.82,13208169.0,393879205.75999993,0.0,0.0,6880186.38,NORTH CAROLINA DEPARTMENT OF AGRICULTURE & CONSUMER SERVICES,THE CRITICAL PATH INSTITUTE ($79.1M); NATIONAL ENVIRONMENTAL HEALTH ASSOCIATION ($44.4M); THE MEDICAL DEVICE INNOVATION CONSORTIUM ($42.6M),,0.2087980207587909,0.3244907890505904,0.9559642411554747,mixed recipients (some state agencies),False
24972c0e-9015-40ed-b637-12ebde1e5066,Single Source for Chronic Kidney Diseases of UnceRtain Etiology (CKDu) in Agricultural Communities (CURE) Research Consortium - Data Coordinating Center (DCC),93.847,7801990499.05,0.0,5868063966.9,0.0,40709921.57,1426874242.5900002,0.0,0.0,0.0,,"REGENTS OF THE UNIVERSITY OF MICHIGAN ($278.9M); TRUSTEES OF THE UNIVERSITY OF PENNSYLVANIA, THE ($222.1M); WASHINGTON UNIVERSITY, THE ($189.5M)",,0.0,0.7521239570356458,0.9402277703303042,mostly universities,False
249fc5ce-1932-4e73-a660-4e1a5582ecfe,CHIPS Research and Development Office (CRDO) Broad Agency Announcement (BAA),11.042,9817465.96,0.0,0.0,0.0,0.0,9817465.96,0.0,0.0,0.0,,"ACTIVATE GLOBAL INC ($5.0M); OCTAVE PHOTONICS LLC ($0.3M); TIPTEK, LLC ($0.3M)",,0.0,0.0,1.0,"mostly nonprofits, hospitals or companies",False
24e288b3-ec28-4135-b845-37ace28563e3,Advanced Development and Validation of Emerging Technologies for Basic and Clinical Cancer Research (R33 Clinical Trial Not Allowed),93.394,2210353701.25,0.0,1345944191.9999993,0.0,17057231.69,718168494.6399997,0.0,0.0,0.0,,"REGENTS OF THE UNIVERSITY OF CALIFORNIA, SAN FRANCISCO, THE ($91.2M); FRED HUTCHINSON CANCER CENTER ($89.9M); SLOAN-KETTERING INSTITUTE FOR CANCER RESEARCH ($76.5M)",,0.0,0.6089270650388852,0.9415551534367803,mostly universities,False
24e694ee-a9d9-4231-9b02-b4ad438ea211,Cellular Senescence Network (SenNet):Technology Projects (UG3/UH3 Clinical Trial Not Allowed),93.310,4621186637.45,0.0,3411866036.6800003,0.0,3057218.0,973117064.68,0.0,0.0,0.0,,THE LELAND STANFORD JUNIOR UNIVERSITY ($131.6M); DUKE UNIVERSITY ($131.5M); YALE UNIV ($124.9M),,0.0,0.7383095088673349,0.9495483873772623,mostly universities,False
2517b9bd-136a-4f0f-a7b2-56834de11a1c,FY 2023 Disaster Supplemental,11.307,3725930093.24,391215607.03,584249726.72,50533149.0,426612756.55,896082043.5600001,0.0,0.0,0.0,,THE RESEARCH FOUNDATION FOR THE STATE UNIVERSITY OF NEW YORK ($65.8M); WICHITA STATE UNIVERSITY ($53.0M); THE SOUTHEAST CONFERENCE ($49.5M),,0.10499810711419068,0.1568064113119061,0.6303642913540602,mixed recipients (some state agencies),False
2535c6aa-2e20-495b-9a25-5deabefc9f21,Mood and Psychosis Symptoms during the Menopause Transition (R01 Clinical Trial Optional),93.242;93.313,7107924163.190001,0.0,5396186256.740001,0.0,0.0,1251736935.5299997,0.0,0.0,0.0,,"YALE UNIV ($308.6M); UNIVERSITY OF PITTSBURGH - OF THE COMMONWEALTH SYSTEM OF HIGHER EDUCATION ($244.2M); UNIVERSITY OF CALIFORNIA, LOS ANGELES ($186.0M)",,0.0,0.7591789294384114,0.9352833597603335,mostly universities,False
2543bb3e-ca02-46af-8e38-ed95b2472524,"Mission Spain Public Diplomacy NOFO Defensa y Yo 5.0, 2024-2025",19.040,257210709.31,0.0,18981816.92,765922.7,0.0,121256439.30999996,40952578.09,0.0,0.0,,MISCELLANEOUS FOREIGN AWARDEES ($41.0M); INDIVIDUAL RECIPIENT ($19.5M); MERIDIAN INTERNATIONAL CENTER ($4.4M),,0.0,0.07379870368120016,0.5482049301456434,mixed recipients (no state agencies),False
25d22ed0-f1fe-4c46-a5b6-0ab60a464f00,Collaboratory to Advance Mathematics Education and Learning (CAMEL) for K-12,47.075,843974005.0,0.0,705744304.0,0.0,0.0,76586867.0,10961722.0,0.0,0.0,,REGENTS OF THE UNIVERSITY OF MICHIGAN ($99.6M); NATIONAL BUREAU OF ECONOMIC RESEARCH INC ($29.0M); NATIONAL OPINION RESEARCH CENTER ($18.9M),,0.0,0.8362156888943517,0.9269612172474435,mostly universities,False
25e7d7f0-6668-445d-9655-897ef3b56d9a,Maximizing the Scientific Value of Data Generated by the Environmental influences on Child Health Outcomes (ECHO) Program: Dissertation Grant (R36 - Clinical Trial Not Allowed),93.310;93.313,4621186637.45,0.0,3411866036.6800003,0.0,3057218.0,973117064.68,0.0,0.0,0.0,,THE LELAND STANFORD JUNIOR UNIVERSITY ($131.6M); DUKE UNIVERSITY ($131.5M); YALE UNIV ($124.9M),,0.0,0.7383095088673349,0.9495483873772623,mostly universities,False
25f595e2-1671-4aae-a760-e3487a3d282c,Strategies to Innovate EmeRgENcy Care Clinical Trials Network (SIREN) Infrastructure – Clinical Enrollment Hubs,93.853,7301417548.76,0.0,5703307653.840002,0.0,8115452.99,1095037634.0900006,0.0,0.0,0.0,,"THE GENERAL HOSPITAL CORPORATION ($234.6M); REGENTS OF THE UNIVERSITY OF CALIFORNIA, SAN FRANCISCO, THE ($226.7M); THE JOHNS HOPKINS UNIVERSITY ($223.1M)",,0.0,0.7811233388246087,0.9322108611739297,mostly universities,False
260cfde6-2690-495e-8f46-92c2dcbd391d,KUH U24 Center Coordinating Hub (U24 Clinical Trial Not Allowed),93.847,7801990499.05,0.0,5868063966.9,0.0,40709921.57,1426874242.5900002,0.0,0.0,0.0,,"REGENTS OF THE UNIVERSITY OF MICHIGAN ($278.9M); TRUSTEES OF THE UNIVERSITY OF PENNSYLVANIA, THE ($222.1M); WASHINGTON UNIVERSITY, THE ($189.5M)",,0.0,0.7521239570356458,0.9402277703303042,mostly universities,False
26116df5-40e6-4c83-8e5a-d90664b418ba,Optimizing Behavioral Sleep Interventions for Adolescents and Young Adults (R34 Clinical Trial Required),93.242,7107924163.190001,0.0,5396186256.740001,0.0,0.0,1251736935.5299997,0.0,0.0,0.0,,"YALE UNIV ($308.6M); UNIVERSITY OF PITTSBURGH - OF THE COMMONWEALTH SYSTEM OF HIGHER EDUCATION ($244.2M); UNIVERSITY OF CALIFORNIA, LOS ANGELES ($186.0M)",,0.0,0.7591789294384114,0.9352833597603335,mostly universities,False
26162ad2-d8cc-4eb7-9e65-f6b5d9985c13,National Cooperative Drug/Device Discovery/Development Groups (NCDDG) for the Treatment of Mental Disorders (U19 Clinical Trial Optional),93.242,7107924163.190001,0.0,5396186256.740001,0.0,0.0,1251736935.5299997,0.0,0.0,0.0,,"YALE UNIV ($308.6M); UNIVERSITY OF PITTSBURGH - OF THE COMMONWEALTH SYSTEM OF HIGHER EDUCATION ($244.2M); UNIVERSITY OF CALIFORNIA, LOS ANGELES ($186.0M)",,0.0,0.7591789294384114,0.9352833597603335,mostly universities,False
2643d994-6062-49a4-b337-c486eb99777c,Limited Competition: Research Education Program for the Clinical and Translational Science Awards Program,93.350,2413260512.71,0.0,2177769794.8499985,0.0,0.0,234321018.16000003,0.0,0.0,0.0,,VANDERBILT UNIVERSITY MEDICAL CENTER ($81.9M); UNIVERSITY OF PITTSBURGH - OF THE COMMONWEALTH SYSTEM OF HIGHER EDUCATION ($79.6M); UNIVERSITY OF NORTH CAROLINA AT CHAPEL HILL ($60.0M),,0.0,0.9024180287955922,0.9995153031784836,mostly universities,False
26924d10-74ea-4448-a8c1-fa61e3990830,Limited Competition: Ruth L. Kirschstein National Research Service Award (NRSA) Predoctoral Research Training Grant for the Clinical and Translational Science Awards (CTSA) Program (T32 Clinical Trial Not Allowed),93.350,2413260512.71,0.0,2177769794.8499985,0.0,0.0,234321018.16000003,0.0,0.0,0.0,,VANDERBILT UNIVERSITY MEDICAL CENTER ($81.9M); UNIVERSITY OF PITTSBURGH - OF THE COMMONWEALTH SYSTEM OF HIGHER EDUCATION ($79.6M); UNIVERSITY OF NORTH CAROLINA AT CHAPEL HILL ($60.0M),,0.0,0.9024180287955922,0.9995153031784836,mostly universities,False
27344320-2b7e-47b2-afd7-b6f6f9360b1f,HEAL Initiative: Optimization of Therapeutic Medical Devices through Team Science Mechanistic Research (RM1),93.853,7301417548.76,0.0,5703307653.840002,0.0,8115452.99,1095037634.0900006,0.0,0.0,0.0,,"THE GENERAL HOSPITAL CORPORATION ($234.6M); REGENTS OF THE UNIVERSITY OF CALIFORNIA, SAN FRANCISCO, THE ($226.7M); THE JOHNS HOPKINS UNIVERSITY ($223.1M)",,0.0,0.7811233388246087,0.9322108611739297,mostly universities,False
274b2914-f34a-4663-8892-8567b7b2fb75,Seamless Early-Stage Clinical Drug Development (Phase 1 to 2a) for Novel therapeutic Agents for the Spectrum of Alzheimer's Disease (AD) and AD-related Dementias (ADRD) (UG3/UH3 Clinical Trial Required),93.242,7107924163.190001,0.0,5396186256.740001,0.0,0.0,1251736935.5299997,0.0,0.0,0.0,,"YALE UNIV ($308.6M); UNIVERSITY OF PITTSBURGH - OF THE COMMONWEALTH SYSTEM OF HIGHER EDUCATION ($244.2M); UNIVERSITY OF CALIFORNIA, LOS ANGELES ($186.0M)",,0.0,0.7591789294384114,0.9352833597603335,mostly universities,False
27f78383-af27-4294-8b40-589b0e3f0153,Rigor and Reproducibility for Biomarkers in Type 1 Diabetes Clinical Research,93.847,7801990499.05,0.0,5868063966.9,0.0,40709921.57,1426874242.5900002,0.0,0.0,0.0,,"REGENTS OF THE UNIVERSITY OF MICHIGAN ($278.9M); TRUSTEES OF THE UNIVERSITY OF PENNSYLVANIA, THE ($222.1M); WASHINGTON UNIVERSITY, THE ($189.5M)",,0.0,0.7521239570356458,0.9402277703303042,mostly universities,False
282f520a-db7e-4c0a-8c3d-33071253ad69,NOI: PROSPECT Program: Providing Opportunities for Specialized Education in Critical Technologies,81.117,1113543856.91,286776592.06000006,113157797.72999999,90932430.0,205846133.52,417554138.5799999,0.0,0.0,0.0,,STATE OF INDIANA ($90.8M); COLORADO ENERGY OFFICE ($37.2M); STATE OF CALIFORNIA ENERGY COMMISSION ($37.1M),,0.2575350672364027,0.10161952493187319,1.000649489443556,other state agencies win this,True
2851fc95-ac9b-4009-9867-795d8f296e3d,Expanding the Target Landscape by Drugging the Undruggable (R21 Clinical Trial Not Allowed),93.121;93.242;93.350;93.855;93.865;93.867,35934488139.85,0.0,26760875242.000015,812963.07,15926206.74,6974485470.93,0.0,0.0,0.0,,"REGENTS OF THE UNIVERSITY OF MICHIGAN ($71.4M); REGENTS OF THE UNIVERSITY OF CALIFORNIA, SAN FRANCISCO, THE ($64.3M); UNIVERSITY OF SOUTHERN CALIFORNIA ($62.6M) | YALE UNIV ($308.6M); UNIVERSITY OF PITTSBURGH - OF THE COMMONWEALTH SYSTEM OF HIGHER EDUCATION ($244.2M); UNIVERSITY OF CALIFORNIA, LOS ANGELES ($186.0M) | VANDERBILT UNIVERSITY MEDICAL CENTER ($81.9M); UNIVERSITY OF PITTSBURGH - OF THE ",,0.0,0.7447128546217752,0.9392675847053518,mostly universities,False
28685145-3771-46d6-9c2c-94db340ee74f,Mentored Research Scientist Development Award (Parent K01 - Independent Clinical Trial Required),93.113;93.121;93.172;93.173;93.213;93.233;93.242;93.273;93.279;93.286;93.307;93.310;93.313;93.361;93.398;93.837;93.838;93.839;93.840;93.846;93.847;93.853;93.865;93.866;93.879,80689414462.17,215575.61000000002,61499504338.36,6965750.43,110097865.81,14229336841.699999,0.0,0.0,0.0,,"ICAHN SCHOOL OF MEDICINE AT MOUNT SINAI ($73.2M); THE TRUSTEES OF COLUMBIA UNIVERSITY IN THE CITY OF NEW YORK ($64.4M); UNIVERSITY OF NORTH CAROLINA AT CHAPEL HILL ($57.1M) | REGENTS OF THE UNIVERSITY OF MICHIGAN ($71.4M); REGENTS OF THE UNIVERSITY OF CALIFORNIA, SAN FRANCISCO, THE ($64.3M); UNIVERSITY OF SOUTHERN CALIFORNIA ($62.6M) | THE LELAND STANFORD JUNIOR UNIVERSITY ($118.8M); UNIVERSITY OF",,2.6716715127616814e-06,0.7621756180569771,0.9399760907605706,mostly universities,False
28726c2d-05c3-44fb-9cc0-cfc1af0e6dd4,National Foundation for the Centers for Disease Control and Prevention,93.061,2146668.69,0.0,1480719.78,0.0,0.0,665948.9099999999,0.0,0.0,0.0,,PRESIDENT AND FELLOWS OF HARVARD COLLEGE ($1.0M); REGENTS OF THE UNIVERSITY OF MICHIGAN ($0.5M); FIREBIRD BIOMOLECULAR SCIENCES LLC ($0.5M),,0.0,0.6897756448853782,1.0,mostly universities,False
289adf14-3b51-4ede-ae50-4ed7d0527c17,Culture of Research and University Exchanges Prep program (CRUX) in One Health and Agricultural STEM,19.040,257210709.31,0.0,18981816.92,765922.7,0.0,121256439.30999996,40952578.09,0.0,0.0,,MISCELLANEOUS FOREIGN AWARDEES ($41.0M); INDIVIDUAL RECIPIENT ($19.5M); MERIDIAN INTERNATIONAL CENTER ($4.4M),,0.0,0.07379870368120016,0.5482049301456434,mixed recipients (no state agencies),False
2906e477-3c29-4d8e-b45c-cda5170e3fcb,OMHHE Educational Funding Opportunity: Expanding education on skin lightening products (U01) Clinical Trials Not Allowed,93.103,978131651.19,204231952.81000003,317394711.29,6344842.82,13208169.0,393879205.75999993,0.0,0.0,6880186.38,NORTH CAROLINA DEPARTMENT OF AGRICULTURE & CONSUMER SERVICES,THE CRITICAL PATH INSTITUTE ($79.1M); NATIONAL ENVIRONMENTAL HEALTH ASSOCIATION ($44.4M); THE MEDICAL DEVICE INNOVATION CONSORTIUM ($42.6M),,0.2087980207587909,0.3244907890505904,0.9559642411554747,mixed recipients (some state agencies),False
2956f460-56af-459c-bd3e-a62fd0d30ed3,Forecast to Publish a Notice of Funding Opportunity for Academic Career Excellence (ACE) Award (K32 - Clinical Trial Required),93.398,846269561.51,0.0,607322565.2500002,0.0,9592638.66,231198380.13000003,0.0,0.0,0.0,,SLOAN-KETTERING INSTITUTE FOR CANCER RESEARCH ($43.7M); THE GENERAL HOSPITAL CORPORATION ($30.6M); THE UNIVERISTY OF TEXAS M.D. ANDERSON CANCER CENTER ($29.7M),,0.0,0.717646708415642,1.0021790013653689,mostly universities,False
299bb7ba-7783-4da0-9c7c-12f00919cf0b,Implementation Science to End the HIV Epidemic,93.855,17242464734.02,0.0,12062638314.500011,0.0,9836298.42,3962763745.0300007,0.0,0.0,0.0,,"FRED HUTCHINSON CANCER CENTER ($787.0M); DUKE UNIVERSITY ($576.9M); UNIVERSITY OF CALIFORNIA, LOS ANGELES ($576.8M)",,0.0,0.6995889799153826,0.9299852779348832,mostly universities,False
29cb8db4-585f-4e67-a21e-235ec9bf6829,BRAIN Initiative: Exploratory Research Opportunities Using Invasive Neural Recording and Stimulating Technologies in the Human Brain (R61 Clinical Trial Not Allowed),93.173;93.213;93.242;93.273;93.279;93.286;93.853;93.865;93.866;93.867,48594755374.68,0.0,37305971021.46,0.0,23162711.22,8045212196.12,0.0,0.0,0.0,,"THE JOHNS HOPKINS UNIVERSITY ($66.5M); MASSACHUSETTS EYE AND EAR INFIRMARY ($63.7M); THE UNIVERSITY OF IOWA ($40.8M) | YALE UNIV ($22.6M); THE GENERAL HOSPITAL CORPORATION ($17.0M); DUKE UNIVERSITY ($15.9M) | YALE UNIV ($308.6M); UNIVERSITY OF PITTSBURGH - OF THE COMMONWEALTH SYSTEM OF HIGHER EDUCATION ($244.2M); UNIVERSITY OF CALIFORNIA, LOS ANGELES ($186.0M) | YALE UNIV ($71.9M); UNIVERSITY OF N",,0.0,0.7676954176190389,0.9337292796095032,mostly universities,False
29f34964-f2f4-45a6-848e-8896d070e71d,Annual Program Statement for U.S. Presentation at International Art Biennales,19.415,425297209.44,0.0,22738729.48,1400000.0,-33835.84,401763747.37000006,-571431.57,0.0,0.0,,"AMERICAN COUNCILS FOR INTERNATIONAL EDUCATION: ACTR/ACCELS, INC. ($167.2M); INTERNATIONAL RESEARCH AND EXCHANGES BOARD INC. ($42.2M); WORLD LEARNING INC. ($25.3M)",,0.0,0.053465503594393865,1.0013436052654858,"mostly nonprofits, hospitals or companies",False
2aaa85ab-169c-432e-806b-95a859bc94e2,"GREGoRi Data Coordination and Outreach Center (U01, Clinical Trials Not Allowed)",93.172,1744531538.97,0.0,1235774918.2100003,1175890.0,1503596.0,492556536.87,0.0,0.0,0.0,,"THE LELAND STANFORD JUNIOR UNIVERSITY ($118.8M); UNIVERSITY OF WASHINGTON ($97.7M); THE BROAD INSTITUTE, INC ($94.8M)",,0.0,0.7083706373916415,0.9922497257355505,mostly universities,False
2b5135c3-a845-4edd-a3a3-df496e84ba99,Cybersecurity Innovation for Cyberinfrastructure,47.070,4179713004.0,0.0,3693008871.0,5844001.0,3996174.0,293157321.0,0.0,0.0,0.0,,"UNIVERSITY OF TEXAS AT AUSTIN ($331.4M); UNIVERSITY OF CALIFORNIA, SAN DIEGO ($169.2M); UNIVERSITY OF ILLINOIS ($164.0M)",,0.0,0.8835556095516074,0.9560480260668156,mostly universities,False
2b529176-2d03-42a4-8057-4736a55db1be,NCI Research Specialist (Clinician Scientist) Award (R50 Clinical Trial Not Allowed),93.393;93.394;93.395;93.396;93.397;93.398;93.399,17081949318.8,0.0,10895547553.909998,6163220.57,195236297.97,5436967387.81,0.0,0.0,0.0,,"THE UNIVERISTY OF TEXAS M.D. ANDERSON CANCER CENTER ($89.6M); SLOAN-KETTERING INSTITUTE FOR CANCER RESEARCH ($81.9M); FRED HUTCHINSON CANCER CENTER ($73.6M) | REGENTS OF THE UNIVERSITY OF CALIFORNIA, SAN FRANCISCO, THE ($91.2M); FRED HUTCHINSON CANCER CENTER ($89.9M); SLOAN-KETTERING INSTITUTE FOR CANCER RESEARCH ($76.5M) | THE UNIVERISTY OF TEXAS M.D. ANDERSON CANCER CENTER ($157.0M); ICAHN SCHOO",,0.0,0.6378398243998189,0.9679173115250467,mostly universities,False
2b6c5466-1ff3-4684-a237-18a8b3e1f00b,Centers of Research Excellence in Science and Technology,47.076,5482502686.0,0.0,3766900369.0,0.0,0.0,293745388.0,0.0,0.0,0.0,,"MASSACHUSETTS INSTITUTE OF TECHNOLOGY ($106.0M); REGENTS OF THE UNIVERSITY OF CALIFORNIA, THE ($105.6M); THE LELAND STANFORD JUNIOR UNIVERSITY ($103.6M)",,0.0,0.6870767940741872,0.7406554979661345,mostly universities,False
2b92c566-35b9-4cee-a588-a878f90be222,African Medical Devices Regulatory Harmonization Program,93.103,978131651.19,204231952.81000003,317394711.29,6344842.82,13208169.0,393879205.75999993,0.0,0.0,6880186.38,NORTH CAROLINA DEPARTMENT OF AGRICULTURE & CONSUMER SERVICES,THE CRITICAL PATH INSTITUTE ($79.1M); NATIONAL ENVIRONMENTAL HEALTH ASSOCIATION ($44.4M); THE MEDICAL DEVICE INNOVATION CONSORTIUM ($42.6M),,0.2087980207587909,0.3244907890505904,0.9559642411554747,mixed recipients (some state agencies),False
2c4ecb8c-7777-42c5-ac08-3c642e70ca1a,Trusted Partner Program-Draft Solicitation-Advance Notice to Industry,12.431,2303372550.5,0.0,1740909553.2299995,0.0,0.0,488342019.1999998,0.0,0.0,0.0,,"UNIVERSITY OF MARYLAND, COLLEGE PARK ($133.9M); GENERAL DYNAMICS ROBOTIC SYSTEMS INC ($106.0M); MASSACHUSETTS INSTITUTE OF TECHNOLOGY ($84.9M)",,0.0,0.7558089345347522,0.9678206731890111,mostly universities,False
2ce00c65-6a64-4598-8adf-11920c911975,Utilizing the PLCO Biospecimens Resource to Bridge Gaps in Cancer Etiology and Early Detection Research (U01 Clinical Trial Not Allowed),93.393,2959662870.7,0.0,2008583928.6299999,5932664.0,25447703.72,873114092.6299998,0.0,0.0,0.0,,THE UNIVERISTY OF TEXAS M.D. ANDERSON CANCER CENTER ($89.6M); SLOAN-KETTERING INSTITUTE FOR CANCER RESEARCH ($81.9M); FRED HUTCHINSON CANCER CENTER ($73.6M),,0.0,0.6786529467644884,0.9842602067346331,mostly universities,False
2ce534e7-06fb-4e43-ad6b-e5646beae1b2,U.S. Embassy Phnom Penh – PAS Annual Program Statement,19.040,257210709.31,0.0,18981816.92,765922.7,0.0,121256439.30999996,40952578.09,0.0,0.0,,MISCELLANEOUS FOREIGN AWARDEES ($41.0M); INDIVIDUAL RECIPIENT ($19.5M); MERIDIAN INTERNATIONAL CENTER ($4.4M),,0.0,0.07379870368120016,0.5482049301456434,mixed recipients (no state agencies),False
2cefef55-df48-49f9-a95a-7719dae29481,Extracellular Vesicle Therapeutics for Regenerative Medicine (ExTReMe),93.350,2413260512.71,0.0,2177769794.8499985,0.0,0.0,234321018.16000003,0.0,0.0,0.0,,VANDERBILT UNIVERSITY MEDICAL CENTER ($81.9M); UNIVERSITY OF PITTSBURGH - OF THE COMMONWEALTH SYSTEM OF HIGHER EDUCATION ($79.6M); UNIVERSITY OF NORTH CAROLINA AT CHAPEL HILL ($60.0M),,0.0,0.9024180287955922,0.9995153031784836,mostly universities,False
2d0c0c90-ea80-446a-ad64-0d479b867e2c,NIDCR Dentist Scientist Career Transition Award for Intramural Investigators (K22 Clinical Trial Not Allowed),93.121,1503475567.17,0.0,1230618528.0399997,812963.07,900368.0,248958665.48999998,0.0,0.0,0.0,,"REGENTS OF THE UNIVERSITY OF MICHIGAN ($71.4M); REGENTS OF THE UNIVERSITY OF CALIFORNIA, SAN FRANCISCO, THE ($64.3M); UNIVERSITY OF SOUTHERN CALIFORNIA ($62.6M)",,0.0,0.8185158142319529,0.9852441615584353,mostly universities,False
2d9c4298-6c64-4b86-b74d-89fa990d3666,Clinical Trials and Ancillary Studies Conducted within NIH-Funded Clinical Trial Research Networks (UG3/UH3 - Clinical Trial Required),93.853,7301417548.76,0.0,5703307653.840002,0.0,8115452.99,1095037634.0900006,0.0,0.0,0.0,,"THE GENERAL HOSPITAL CORPORATION ($234.6M); REGENTS OF THE UNIVERSITY OF CALIFORNIA, SAN FRANCISCO, THE ($226.7M); THE JOHNS HOPKINS UNIVERSITY ($223.1M)",,0.0,0.7811233388246087,0.9322108611739297,mostly universities,False
2d9cd18b-46fe-4047-bc6f-0c09e5f13206,Limited Competition: Small Grant Program for the NCATS Clinical and Translational Science Award (CTSA) Program (Clinical Trial Optional),93.350,2413260512.71,0.0,2177769794.8499985,0.0,0.0,234321018.16000003,0.0,0.0,0.0,,VANDERBILT UNIVERSITY MEDICAL CENTER ($81.9M); UNIVERSITY OF PITTSBURGH - OF THE COMMONWEALTH SYSTEM OF HIGHER EDUCATION ($79.6M); UNIVERSITY OF NORTH CAROLINA AT CHAPEL HILL ($60.0M),,0.0,0.9024180287955922,0.9995153031784836,mostly universities,False
2e05d1e1-8c7b-4b33-a38f-016698ca8309,"Engineering (ENG): Electrical, Communications, and Computing Systems (ECCS)",47.041,3232868977.0,0.0,2788913637.0,0.0,0.0,193471652.0,0.0,0.0,0.0,,PURDUE UNIVERSITY ($81.2M); REGENTS OF THE UNIVERSITY OF MICHIGAN ($81.1M); GEORGIA TECH RESEARCH CORP ($80.6M),,0.0,0.8626745026914217,0.9225196907817647,mostly universities,False
2e0eb9da-c7df-4b56-9b1b-96751c70d099,"DoW Vision, Clinical Trial Award",12.420,5640094062.21,0.0,3068370069.44,0.0,22619849.59,1893474804.760001,0.0,0.0,0.0,,"THE HENRY M. JACKSON FOUNDATION FOR THE ADVANCEMENT OF MILITARY MEDICINE, INC. ($420.3M); THE UNIVERISTY OF TEXAS M.D. ANDERSON CANCER CENTER ($150.0M); THE JOHNS HOPKINS UNIVERSITY ($136.4M)",,0.0,0.5440281732176817,0.8837556020895334,mostly universities,False
2e37b591-e1cc-4d6a-a223-ff0c0962f74a,Illuminating AD/ADRD Genome to Enable Precision Genomic Medicine,93.866,15229489497.87,0.0,11707506336.46,0.0,9857717.91,2433575328.85,0.0,0.0,0.0,,"REGENTS OF THE UNIVERSITY OF CALIFORNIA, SAN FRANCISCO, THE ($499.5M); THE TRUSTEES OF COLUMBIA UNIVERSITY IN THE CITY OF NEW YORK ($473.8M); WASHINGTON UNIVERSITY, THE ($471.3M)",,0.0,0.7687392501303089,0.9291801530969999,mostly universities,False
2e580529-c869-47d0-9aab-7d0e239ed5e8,"Integrated Viral Hepatitis Surveillance, Testing, Treatment, and Prevention Programs for Health Departments (IVH-STTP)",93.270,105476311.88,69566520.52000001,1122335.85,1096961.51,12650182.47,21040311.53,0.0,1003727.08,1003727.08,NORTH CAROLINA DEPARTMENT OF HEALTH & HUMAN SERVICES,NATIONAL ALLIANCE OF STATE & TERRITORIAL AIDS DIRECTORS ($13.9M); COLORADO DEPARTMENT OF PUBLIC HEALTH & ENVIRONMENT ($3.0M); COUNTY OF LOS ANGELES ($2.8M),,0.6595463879998533,0.010640643666768302,1.0000000000000002,NC DHHS has received awards,True
2e83730e-3522-4121-9f74-d74cf08062b6,NIDCD Early Career Research(ECR) Award (R21 Clinical Trial Optional),93.173,1663121320.76,0.0,1359375084.86,0.0,0.0,270923269.94,0.0,0.0,0.0,,THE JOHNS HOPKINS UNIVERSITY ($66.5M); MASSACHUSETTS EYE AND EAR INFIRMARY ($63.7M); THE UNIVERSITY OF IOWA ($40.8M),,0.0,0.8173637532581228,0.9802642383629591,mostly universities,False
2ea3951b-2890-455c-b746-820bf32f7560,Single-Site Investigator-Initiated Clinical Trials (R61/R33 Clinical Trial Required),93.233;93.837;93.838;93.839;93.840,11888355597.69,215575.61000000002,8800651331.629995,558986.0,27191929.69,2221105805.2699995,0.0,0.0,0.0,,"BRIGHAM & WOMENS HOSPITAL INC ($302.8M); TRUSTEES OF THE UNIVERSITY OF PENNSYLVANIA, THE ($298.7M); REGENTS OF THE UNIVERSITY OF MICHIGAN ($288.2M) | THE REGENTS OF THE UNIVERSITY OF COLORADO ($1.5M); INDIANA DEPARTMENT OF HEALTH ($0.6M); MINNESOTA DEPARTMENT OF HEALTH ($0.4M)",,1.8133341337963344e-05,0.740274906761708,0.9294576981148714,mostly universities,False
2ecdb765-c837-4a2c-b640-b798713b80ef,Canine Cancer Immunotherapy Network (K9CIN; U01 Clinical Trial Not Allowed),93.393;93.394;93.395,9738636902.29,0.0,5983808076.52,5932664.0,110752560.06,3143883668.72,0.0,0.0,0.0,,"THE UNIVERISTY OF TEXAS M.D. ANDERSON CANCER CENTER ($89.6M); SLOAN-KETTERING INSTITUTE FOR CANCER RESEARCH ($81.9M); FRED HUTCHINSON CANCER CENTER ($73.6M) | REGENTS OF THE UNIVERSITY OF CALIFORNIA, SAN FRANCISCO, THE ($91.2M); FRED HUTCHINSON CANCER CENTER ($89.9M); SLOAN-KETTERING INSTITUTE FOR CANCER RESEARCH ($76.5M) | THE UNIVERISTY OF TEXAS M.D. ANDERSON CANCER CENTER ($157.0M); ICAHN SCHOO",,0.0,0.6144400018767444,0.9492475242737742,mostly universities,False
2edbb110-beb6-4fb6-a884-da3e8130db32,Small Business Transition Grant for New Entrepreneurs (Parent R41/R42 Clinical Trial Optional),93.113;93.121;93.172;93.173;93.213;93.233;93.273;93.279;93.350;93.361;93.837;93.838;93.839;93.840;93.846;93.859;93.865;93.866;93.867;93.879,67134010420.19,215575.61000000002,52032530609.61,5061338.07,53812174.910000004,10243762629.059998,0.0,0.0,0.0,,"ICAHN SCHOOL OF MEDICINE AT MOUNT SINAI ($73.2M); THE TRUSTEES OF COLUMBIA UNIVERSITY IN THE CITY OF NEW YORK ($64.4M); UNIVERSITY OF NORTH CAROLINA AT CHAPEL HILL ($57.1M) | REGENTS OF THE UNIVERSITY OF MICHIGAN ($71.4M); REGENTS OF THE UNIVERSITY OF CALIFORNIA, SAN FRANCISCO, THE ($64.3M); UNIVERSITY OF SOUTHERN CALIFORNIA ($62.6M) | THE LELAND STANFORD JUNIOR UNIVERSITY ($118.8M); UNIVERSITY OF",,3.211123671157405e-06,0.7750547045221902,0.9285216529908533,mostly universities,False
2f0e63ee-3ec1-4c99-ad04-cbf2794db3d5,Protecting and Improving Global Health Security by Engaging Local Partners: Strengthening and Sustaining Public Health Systems in Ghana,93.318,800719163.77,0.0,120532829.8,6970522.0,13803314.0,664832940.8499999,0.0,0.0,0.0,,"WORLD HEALTH ORGANIZATION ($88.4M); THE TASK FORCE FOR GLOBAL HEALTH, INC. ($83.2M); AFRICAN FIELD EPIDEMIOLOGY NETWORK LTD ($79.4M)",,0.0,0.15053071695261944,1.006769468154701,"mostly nonprofits, hospitals or companies",False
2f3cf5d9-890f-437a-aa7e-10c75ab5c401,Restoring Joint Health and Function to Reduce Pain (RE-JOIN) 2.0,93.846,2137865170.47,0.0,1686577934.31,0.0,0.0,394461550.0499999,0.0,0.0,0.0,,"TRUSTEES OF THE UNIVERSITY OF PENNSYLVANIA, THE ($85.7M); REGENTS OF THE UNIVERSITY OF CALIFORNIA, SAN FRANCISCO, THE ($74.6M); BRIGHAM & WOMENS HOSPITAL INC ($72.0M)",,0.0,0.7889075314975141,0.9734194247163364,mostly universities,False
2f432d16-a0c0-4144-9ec0-d79c6a65fc4d,Rigorously Evaluating Approaches to Prevent Child Sexual Abuse and Problematic Sexual Behavior among Youth,93.136,1798553133.5900002,976733317.1399999,191223876.62,49049669.74,227249891.57,306696129.96999997,0.0,33736379.83,33751379.83,NORTH CAROLINA DEPARTMENT OF HEALTH & HUMAN SERVICES; NORTH CAROLINA DEPARTMENT OF PUBLIC INSTRUCTION,"FLORIDA DEPARTMENT OF HEALTH ($64.7M); PUBLIC HEALTH, CALIFORNIA DEPARTMENT OF ($45.6M); NATIONAL FOUNDATION FOR THE CENTERS FOR DISEASE CONTROL & PREVENTION, INC. ($34.5M)",,0.543066145168807,0.10632094935016337,0.9735341438287186,NC DHHS has received awards,True
2f82c0a3-f147-4997-adad-3ba93919d653,RNomics Molecular Standards,93.310,4621186637.45,0.0,3411866036.6800003,0.0,3057218.0,973117064.68,0.0,0.0,0.0,,THE LELAND STANFORD JUNIOR UNIVERSITY ($131.6M); DUKE UNIVERSITY ($131.5M); YALE UNIV ($124.9M),,0.0,0.7383095088673349,0.9495483873772623,mostly universities,False
2fdf6077-9b03-431f-a642-73044d110f34,"Impact of Immunotherapies on CNS Outcomes in People with HIV: Potential Benefits, Challenges and Risks",93.242,7107924163.190001,0.0,5396186256.740001,0.0,0.0,1251736935.5299997,0.0,0.0,0.0,,"YALE UNIV ($308.6M); UNIVERSITY OF PITTSBURGH - OF THE COMMONWEALTH SYSTEM OF HIGHER EDUCATION ($244.2M); UNIVERSITY OF CALIFORNIA, LOS ANGELES ($186.0M)",,0.0,0.7591789294384114,0.9352833597603335,mostly universities,False
3021f11a-dd6c-4d15-9406-c2d7594a2e79,Advanced Laboratories for Accelerating the Reach and Impact of Treatments for Youth and Adults with Mental Illness (ALACRITY) Research Centers,93.242,7107924163.190001,0.0,5396186256.740001,0.0,0.0,1251736935.5299997,0.0,0.0,0.0,,"YALE UNIV ($308.6M); UNIVERSITY OF PITTSBURGH - OF THE COMMONWEALTH SYSTEM OF HIGHER EDUCATION ($244.2M); UNIVERSITY OF CALIFORNIA, LOS ANGELES ($186.0M)",,0.0,0.7591789294384114,0.9352833597603335,mostly universities,False
30cc4680-3bba-4b42-8e19-c8119f1fafa0,"Mgt, Species, Pollinators, Western Bumble bee Joint Base Elmendorf- Richardson, Alaska",12.005,478269090.19,6949643.8,359480331.19,735340.86,0.0,111103774.34000002,0.0,0.0,0.0,,COLORADO STATE UNIVERSITY ($310.1M); SALCHA-DELTA SWCD ($33.5M); UNIVERSITY OF HAWAII ($20.7M),,0.01453082363578868,0.7516277730747574,1.0,mostly universities,False
30d06dbd-1ffa-4595-a364-b8e66d0b9192,NIDCR Dual Degree Dentist Scientist Pathway to Independence Award (K99/R00 Clinical Trial Not Allowed),93.121,1503475567.17,0.0,1230618528.0399997,812963.07,900368.0,248958665.48999998,0.0,0.0,0.0,,"REGENTS OF THE UNIVERSITY OF MICHIGAN ($71.4M); REGENTS OF THE UNIVERSITY OF CALIFORNIA, SAN FRANCISCO, THE ($64.3M); UNIVERSITY OF SOUTHERN CALIFORNIA ($62.6M)",,0.0,0.8185158142319529,0.9852441615584353,mostly universities,False
311ba9a8-7926-4a39-bcf6-25916c609323,Renewable Energy Systems and Energy Efficiency Improvements Program,10.868,1501943691.74,1500000.0,0.0,5000000.0,1998820.0,210318719.09,0.0,0.0,0.0,,"THE LASER INVESTMENT GROUP, LLC ($2.2M); KASPAR WIRE WORKS, INC. ($2.0M); MITCHELL DELTA DISTRIBUTING, LLC ($2.0M)",,0.0009987058824171044,0.0,0.14568957564347845,unclear (top recipients cover too little of the money),False
3123ee82-9741-44ce-a5b9-08cac5bb1981,Chemical Countermeasures Research Program (CCRP) Initiative: Basic Research on The Deleterious Effects of Acute Exposure to Ultra-Potent Synthetic (UPS) Opioids (R01 Clinical Trial Not Allowed),93.233;93.279;93.837;93.838;93.839;93.840;93.855,35107135035.72,215575.61000000002,25219365629.830006,558986.0,37028228.11,7222073230.0,0.0,0.0,0.0,,"YALE UNIV ($242.7M); THE JOHNS HOPKINS UNIVERSITY ($216.1M); UNIVERSITY OF CALIFORNIA, SAN DIEGO ($210.2M) | BRIGHAM & WOMENS HOSPITAL INC ($302.8M); TRUSTEES OF THE UNIVERSITY OF PENNSYLVANIA, THE ($298.7M); REGENTS OF THE UNIVERSITY OF MICHIGAN ($288.2M) | THE REGENTS OF THE UNIVERSITY OF COLORADO ($1.5M); INDIANA DEPARTMENT OF HEALTH ($0.6M); MINNESOTA DEPARTMENT OF HEALTH ($0.4M) | FRED HUTCHI",,6.14050704452702e-06,0.7183544200963817,0.9251464585903627,mostly universities,False
318542ce-ac54-464c-91aa-cf525d3c36d5,Naval Engineering Education Consortium (NEEC) Broad Agency Announcement for Fiscal Year 2026,12.300,3307063262.15,2300496.0,2565686577.1200027,0.0,2350000.0,542168836.0800002,0.0,0.0,0.0,,UNIVERSITY OF CALIFORNIA SAN DIEGO ($164.4M); MASSACHUSETTS INSTITUTE OF TECHNOLOGY ($137.1M); UNIVERSITY OF WASHINGTON ($102.3M),,0.0006956310834236636,0.775820228927822,0.9411691469054296,mostly universities,False
31c10b18-b02d-40e2-b612-02fa501565b0,Democracy Commission Program Round 2 FY2023,19.900,151470737.13,0.0,13981411.920000002,394220.0,360000.0,103776852.72,20207298.17,0.0,0.0,,"AMERICAN COUNCILS FOR INTERNATIONAL EDUCATION: ACTR/ACCELS, INC. ($32.5M); MISCELLANEOUS FOREIGN AWARDEES ($20.2M); WORLD LEARNING INC. ($4.7M)",,0.0,0.092304376309996,0.7824117508472047,"mostly nonprofits, hospitals or companies",False
320f39c0-97c6-45c9-8869-a11037978626,Mathematical Sciences Infrastructure Program,47.049,6727369096.0,0.0,5005763263.0,0.0,0.0,1316835947.0,71509669.0,0.0,0.0,,"ASSOCIATION OF UNIVERSITIES FOR RESEARCH IN ASTRONOMY, INC. ($574.0M); ASSOCIATED UNIVERSITIES INC ($531.2M); CALIFORNIA INSTITUTE OF TECHNOLOGY ($254.7M)",,0.0,0.7440892853606557,0.9398323653386774,mostly universities,False
322e2417-4b14-4e57-a487-142850f52e2f,Academic Research Enhancement Award (AREA) for Undergraduate-Focused Institutions (R15 Clinical Trial Not Allowed),93.113;93.121;93.172;93.173;93.213;93.233;93.242;93.273;93.279;93.286;93.310;93.361;93.393;93.394;93.395;93.396;93.399;93.837;93.838;93.839;93.840;93.846;93.847;93.853;93.855;93.859;93.865;93.866;93.867;93.879,124107997481.27002,215575.61000000002,92043269988.72,10994002.07,277055204.53,23532503362.079994,0.0,0.0,0.0,,"ICAHN SCHOOL OF MEDICINE AT MOUNT SINAI ($73.2M); THE TRUSTEES OF COLUMBIA UNIVERSITY IN THE CITY OF NEW YORK ($64.4M); UNIVERSITY OF NORTH CAROLINA AT CHAPEL HILL ($57.1M) | REGENTS OF THE UNIVERSITY OF MICHIGAN ($71.4M); REGENTS OF THE UNIVERSITY OF CALIFORNIA, SAN FRANCISCO, THE ($64.3M); UNIVERSITY OF SOUTHERN CALIFORNIA ($62.6M) | THE LELAND STANFORD JUNIOR UNIVERSITY ($118.8M); UNIVERSITY OF",,1.7370001480568083e-06,0.7416385072413313,0.9335743101527024,mostly universities,False
32532d75-d1c4-4006-8cec-0ac97c6ebfdf,"Early Detection, Response, and Control of Global Rabies Outbreaks and Associated Threats to America's Dog-Rabies Free Status",93.084,197776915.45999998,46230623.0,98936196.91,495417.0,1653463.0,50461215.55,0.0,35000.0,35000.0,NORTH CAROLINA DEPARTMENT OF HEALTH & HUMAN SERVICES,"PUERTO RICO SCIENCE, TECHNOLOGY, AND RESEARCH TRUST ($14.5M); PUBLIC HEALTH, MASSACHUSETTS DEPARTMENT OF ($11.6M); EMORY UNIVERSITY ($10.1M)",,0.2337513601750456,0.5002413789288248,1.0,mostly universities,False
328db24c-35c9-42ea-91b0-acfcb3aeb6de,NCI Research Specialist Award for Core and Laboratory-based Scientists (R50 Clinical Trial Not Allowed),93.393;93.394;93.395;93.396;93.397;93.398;93.399,17081949318.8,0.0,10895547553.909998,6163220.57,195236297.97,5436967387.81,0.0,0.0,0.0,,"THE UNIVERISTY OF TEXAS M.D. ANDERSON CANCER CENTER ($89.6M); SLOAN-KETTERING INSTITUTE FOR CANCER RESEARCH ($81.9M); FRED HUTCHINSON CANCER CENTER ($73.6M) | REGENTS OF THE UNIVERSITY OF CALIFORNIA, SAN FRANCISCO, THE ($91.2M); FRED HUTCHINSON CANCER CENTER ($89.9M); SLOAN-KETTERING INSTITUTE FOR CANCER RESEARCH ($76.5M) | THE UNIVERISTY OF TEXAS M.D. ANDERSON CANCER CENTER ($157.0M); ICAHN SCHOO",,0.0,0.6378398243998189,0.9679173115250467,mostly universities,False
32b762a5-5284-4cd0-bb03-decc1b76a485,2023 Emerging Voices Small Grants Program,19.040,257210709.31,0.0,18981816.92,765922.7,0.0,121256439.30999996,40952578.09,0.0,0.0,,MISCELLANEOUS FOREIGN AWARDEES ($41.0M); INDIVIDUAL RECIPIENT ($19.5M); MERIDIAN INTERNATIONAL CENTER ($4.4M),,0.0,0.07379870368120016,0.5482049301456434,mixed recipients (no state agencies),False
331fb554-ad2f-47e1-829d-9411088ff208,Cooperative Agreement for In Vivo High-Resolution Imaging for Inner Ear Visualization (U01 Clinical Trial Required),93.173,1663121320.76,0.0,1359375084.86,0.0,0.0,270923269.94,0.0,0.0,0.0,,THE JOHNS HOPKINS UNIVERSITY ($66.5M); MASSACHUSETTS EYE AND EAR INFIRMARY ($63.7M); THE UNIVERSITY OF IOWA ($40.8M),,0.0,0.8173637532581228,0.9802642383629591,mostly universities,False
3373f830-2c05-4b96-b486-14282c4787f1,"Interventions to expand cancer screening and preventive services to ADVANCE health in populations that experience health disparities (R01, Clinical Trial Required)",93.121;93.307;93.313;93.399,3877412595.36,0.0,2977037087.69,2717375.4299999997,2165161.0,839730548.37,0.0,0.0,0.0,,"REGENTS OF THE UNIVERSITY OF MICHIGAN ($71.4M); REGENTS OF THE UNIVERSITY OF CALIFORNIA, SAN FRANCISCO, THE ($64.3M); UNIVERSITY OF SOUTHERN CALIFORNIA ($62.6M) | THE JOHNS HOPKINS UNIVERSITY ($58.5M); THE TRUSTEES OF COLUMBIA UNIVERSITY IN THE CITY OF NEW YORK ($51.8M); UNIVERSITY OF HAWAII ($43.0M) | ECOG-ACRIN MEDICAL RESEARCH FOUNDATION, INC. ($80.5M); NRG ONCOLOGY FOUNDATION INC ($47.0M); ALL",,0.0,0.7677896056902852,0.9856186512271794,mostly universities,False
3378fa08-6551-4cd6-a483-590bf9b25e69,"Notice of Intent to Publish a Funding Opportunity Announcement for HIV Pediatric, Adolescent and Maternal Clinical Trials",93.865,4921279091.58,0.0,3623055293.56,0.0,0.0,913474006.4399998,0.0,0.0,0.0,,REGENTS OF THE UNIVERSITY OF MICHIGAN ($145.9M); THE JOHNS HOPKINS UNIVERSITY ($122.6M); UNIVERSITY OF WASHINGTON ($109.8M),,0.0,0.736201956064394,0.921819148148236,mostly universities,False
338a8211-1705-4d21-a63b-e59ffb214ba8,RFI - DOE R,81.121,2771866728.87,124615.0,189207390.67999995,0.0,0.0,2582534723.1900005,0.0,0.0,0.0,,"X ENERGY, LLC ($844.7M); US SFR OWNER LLC ($837.3M); CFPP LLC ($191.9M)",,4.4957067633190826e-05,0.06825991621795384,1.0000000000000002,"mostly nonprofits, hospitals or companies",False
33908891-72ae-4968-9986-b22f495d7e53,RNomics Outreach and Coordination (ROC) Center,93.310,4621186637.45,0.0,3411866036.6800003,0.0,3057218.0,973117064.68,0.0,0.0,0.0,,THE LELAND STANFORD JUNIOR UNIVERSITY ($131.6M); DUKE UNIVERSITY ($131.5M); YALE UNIV ($124.9M),,0.0,0.7383095088673349,0.9495483873772623,mostly universities,False
33b8d341-8908-46c1-95c1-a8af9be3ccc8,Rural Health Value Program,93.692,0.0,0.0,0.0,0.0,0.0,0.0,0.0,0.0,0.0,,,,0.0,0.0,0.0,no awards found FY2022-FY2025,False
33e2b67d-8b5c-43ab-ba8f-d78990ee8f29,NHLBI Career Transition Award for Intramural Postdoctoral Fellows and Research Trainees (K22 Independent Clinical Trial Not Allowed),93.233;93.837;93.838;93.839;93.840,11888355597.69,215575.61000000002,8800651331.629995,558986.0,27191929.69,2221105805.2699995,0.0,0.0,0.0,,"BRIGHAM & WOMENS HOSPITAL INC ($302.8M); TRUSTEES OF THE UNIVERSITY OF PENNSYLVANIA, THE ($298.7M); REGENTS OF THE UNIVERSITY OF MICHIGAN ($288.2M) | THE REGENTS OF THE UNIVERSITY OF COLORADO ($1.5M); INDIANA DEPARTMENT OF HEALTH ($0.6M); MINNESOTA DEPARTMENT OF HEALTH ($0.4M)",,1.8133341337963344e-05,0.740274906761708,0.9294576981148714,mostly universities,False
342ab033-520e-4cf7-9f23-f823535044de,Forecast to Publish a Notice of Funding Opportunity Announcement for Addressing Determinants of Health Disparities Among Rural Populations (R01 - Clinical Trial Optional),93.307,1704951635.84,0.0,1454818367.4300005,1904412.3599999999,0.0,214651475.74999997,0.0,0.0,0.0,,THE JOHNS HOPKINS UNIVERSITY ($58.5M); THE TRUSTEES OF COLUMBIA UNIVERSITY IN THE CITY OF NEW YORK ($51.8M); UNIVERSITY OF HAWAII ($43.0M),,0.0,0.8532901091433229,0.980305963175632,mostly universities,False
34791fde-afbf-4c3b-83c1-31bcf6c64930,Clinical and Translational Science Award,93.350,2413260512.71,0.0,2177769794.8499985,0.0,0.0,234321018.16000003,0.0,0.0,0.0,,VANDERBILT UNIVERSITY MEDICAL CENTER ($81.9M); UNIVERSITY OF PITTSBURGH - OF THE COMMONWEALTH SYSTEM OF HIGHER EDUCATION ($79.6M); UNIVERSITY OF NORTH CAROLINA AT CHAPEL HILL ($60.0M),,0.0,0.9024180287955922,0.9995153031784836,mostly universities,False
34942f3a-232f-48f4-a624-123dd6d042a0,FY 2026 Continuation of Solicitation for the Office of Science Financial Assistance Program,81.049,6296806365.65,136505653.16,4322378373.770001,0.0,0.0,888488577.74,0.0,0.0,0.0,,MICHIGAN STATE UNIVERSITY ($501.9M); GENERAL ATOMICS ($407.1M); UNIVERSITY OF WISCONSIN SYSTEM ($228.5M),,0.021678553417913294,0.6864397795919545,0.8492197939960011,mostly universities,False
349e5f80-2ca6-4f57-a5a0-5d753af4bfa2,NIAID Career Transition Award (K22 Independent Clinical Trial Not Allowed),93.855,17242464734.02,0.0,12062638314.500011,0.0,9836298.42,3962763745.0300007,0.0,0.0,0.0,,"FRED HUTCHINSON CANCER CENTER ($787.0M); DUKE UNIVERSITY ($576.9M); UNIVERSITY OF CALIFORNIA, LOS ANGELES ($576.8M)",,0.0,0.6995889799153826,0.9299852779348832,mostly universities,False
34cbae0e-4ffc-46c2-bf39-c511547905a1,National Cancer Institute's Investigator-Initiated Early Phase Clinical Trials for Cancer Treatment and Diagnosis (R01 Clinical Trial Required),93.393;93.394;93.395;93.399,10407622294.640001,0.0,6275408268.740001,5932664.0,112017353.06,3520004075.85,0.0,0.0,0.0,,"THE UNIVERISTY OF TEXAS M.D. ANDERSON CANCER CENTER ($89.6M); SLOAN-KETTERING INSTITUTE FOR CANCER RESEARCH ($81.9M); FRED HUTCHINSON CANCER CENTER ($73.6M) | REGENTS OF THE UNIVERSITY OF CALIFORNIA, SAN FRANCISCO, THE ($91.2M); FRED HUTCHINSON CANCER CENTER ($89.9M); SLOAN-KETTERING INSTITUTE FOR CANCER RESEARCH ($76.5M) | THE UNIVERISTY OF TEXAS M.D. ANDERSON CANCER CENTER ($157.0M); ICAHN SCHOO",,0.0,0.6029627220399687,0.952509812616418,mostly universities,False
34dd63c9-1540-4fb4-8e51-27adafcd5428,Integrating Biospecimen Science Approaches into Clinical Assay Development (U01 Clinical Trial Not Allowed),93.393,2959662870.7,0.0,2008583928.6299999,5932664.0,25447703.72,873114092.6299998,0.0,0.0,0.0,,THE UNIVERISTY OF TEXAS M.D. ANDERSON CANCER CENTER ($89.6M); SLOAN-KETTERING INSTITUTE FOR CANCER RESEARCH ($81.9M); FRED HUTCHINSON CANCER CENTER ($73.6M),,0.0,0.6786529467644884,0.9842602067346331,mostly universities,False
3534db2c-f130-4af8-9ef7-48d31c15cff1,Investigator Initiated Innovation in Computational Genomics and Data Science (R01 Clinical Trial Not Allowed),93.172;93.879,2031294621.0700002,0.0,1481964459.8300002,1175890.0,3261396.0,531372277.35,0.0,0.0,0.0,,"THE LELAND STANFORD JUNIOR UNIVERSITY ($118.8M); UNIVERSITY OF WASHINGTON ($97.7M); THE BROAD INSTITUTE, INC ($94.8M) | THE LELAND STANFORD JUNIOR UNIVERSITY ($17.3M); YALE UNIV ($11.9M); UNIVERSITY OF WASHINGTON ($11.5M)",,0.0,0.7295664766981778,0.99334385187173,mostly universities,False
354883d0-cdf7-4353-90d4-59d5b8f7c331,Powering Affordable Reliable Technology (PART) Energy Program,10.757,0.0,0.0,0.0,0.0,0.0,0.0,0.0,0.0,0.0,,,,0.0,0.0,0.0,no awards found FY2022-FY2025,False
3578f3c4-3c0f-41c2-ac34-cb175fafc868,DIRECTED ENERGY TECHNOLOGY EXPERIMENTATION RESEARCH ADVANCED RESEARCH ANNOUCEMENT (DETER ARA),12.800,3127619506.15,0.0,1639559732.7100005,0.0,0.0,1343669096.6100004,0.0,0.0,0.0,,"BIOINDUSTRIAL MANUFACTURING AND DESIGN ECOSYSTEM ($521.4M); NATIONAL CENTER FOR DEFENSE MANUFACTURING AND MACHINING ($256.8M); FLEXTECH ALLIANCE, INC. ($189.0M)",,0.0,0.524219691521315,0.9538336819596896,mostly universities,False
359c3aab-a025-45ab-b50f-fd088b5b7a40,2020/2021 EducationUSA Graduate Opportunity Funds Program,19.022,44517802.4,0.0,2660316.7600000002,49923.9,0.0,28974319.05999999,8060594.36,0.0,0.0,,INDIVIDUAL RECIPIENT ($8.2M); MISCELLANEOUS FOREIGN AWARDEES ($8.1M); GEORGETOWN UNIVERSITY ($1.6M),,0.0,0.05975849248120119,0.7117278484528247,"mostly nonprofits, hospitals or companies",False
35b62c0a-f5e0-4c40-9404-e3eec2cef9d3,"DoW Ovarian Cancer, Clinical Trial Award",12.420,5640094062.21,0.0,3068370069.44,0.0,22619849.59,1893474804.760001,0.0,0.0,0.0,,"THE HENRY M. JACKSON FOUNDATION FOR THE ADVANCEMENT OF MILITARY MEDICINE, INC. ($420.3M); THE UNIVERISTY OF TEXAS M.D. ANDERSON CANCER CENTER ($150.0M); THE JOHNS HOPKINS UNIVERSITY ($136.4M)",,0.0,0.5440281732176817,0.8837556020895334,mostly universities,False
35f5f5a6-5da9-4f20-89c8-b441cfca578b,Leadership Education in Adolescent Health (LEAH),93.110,1164006561.72,318147766.46,360081155.95,18944098.18,17261226.42,353277865.66999996,0.0,13147007.87,13147007.87,NORTH CAROLINA DEPARTMENT OF HEALTH & HUMAN SERVICES,"ZERO TO THREE NATIONAL CENTER FOR INFANTS, TODDLERS & FAMILIES ($44.8M); UNIVERSITY HOSPITALS CLEVELAND MEDICAL CENTER ($41.8M); CHILDREN'S NATIONAL MEDICAL CENTER ($37.2M)",,0.27332128264800104,0.30934632826976877,0.9172732764515432,NC DHHS has received awards,True
360c4588-1512-4fa4-9b61-52a3f1d6c368,"Model-to-Clinic (M2C) for Precision Medicine with AI: Integrating Imaging with Multimodal Data (PRIMED-AI) (UG3/UH3, Clinical Trial Optional)",93.310,4621186637.45,0.0,3411866036.6800003,0.0,3057218.0,973117064.68,0.0,0.0,0.0,,THE LELAND STANFORD JUNIOR UNIVERSITY ($131.6M); DUKE UNIVERSITY ($131.5M); YALE UNIV ($124.9M),,0.0,0.7383095088673349,0.9495483873772623,mostly universities,False
361bdda9-215e-4064-8ce4-71e8f4980bb6,"DoW Breast Cancer, Transformative Breast Cancer Consortium Award",12.420,5640094062.21,0.0,3068370069.44,0.0,22619849.59,1893474804.760001,0.0,0.0,0.0,,"THE HENRY M. JACKSON FOUNDATION FOR THE ADVANCEMENT OF MILITARY MEDICINE, INC. ($420.3M); THE UNIVERISTY OF TEXAS M.D. ANDERSON CANCER CENTER ($150.0M); THE JOHNS HOPKINS UNIVERSITY ($136.4M)",,0.0,0.5440281732176817,0.8837556020895334,mostly universities,False
364c3084-41cd-4e28-b1d3-065e5cfcb1bb,Single Source for the Continuation of the Caring for OutPatiEnts after Acute Kidney Injury (COPE-AKI) Scientific and Data Research Center (U01 Clinical Trial Required),93.847,7801990499.05,0.0,5868063966.9,0.0,40709921.57,1426874242.5900002,0.0,0.0,0.0,,"REGENTS OF THE UNIVERSITY OF MICHIGAN ($278.9M); TRUSTEES OF THE UNIVERSITY OF PENNSYLVANIA, THE ($222.1M); WASHINGTON UNIVERSITY, THE ($189.5M)",,0.0,0.7521239570356458,0.9402277703303042,mostly universities,False
3664b7cc-4939-4406-b47f-fb9fcdba0d28,NIDCD Research Dissertation Fellowship for Au.D. Audiologists (F32),93.173,1663121320.76,0.0,1359375084.86,0.0,0.0,270923269.94,0.0,0.0,0.0,,THE JOHNS HOPKINS UNIVERSITY ($66.5M); MASSACHUSETTS EYE AND EAR INFIRMARY ($63.7M); THE UNIVERSITY OF IOWA ($40.8M),,0.0,0.8173637532581228,0.9802642383629591,mostly universities,False
369deb5e-871b-449b-b7bf-f9fb8440c325,Rural Decentralized Water System Grant Program,10.862,12842238.86,0.0,0.0,0.0,0.0,12842238.860000001,0.0,0.0,0.0,,"WATER WELL TRUST INC ($7.2M); COMMUNITIES UNLIMITED INC ($1.4M); GOLDEN TRIANGLE RESOURCE CONSERVATION & DEVELOPMENT AREA, INC ($1.0M)",,0.0,0.0,1.0000000000000002,"mostly nonprofits, hospitals or companies",False
36a9de0e-a05d-44da-a80d-521616235ffa,Accountable Institutions and Behavior,47.075,843974005.0,0.0,705744304.0,0.0,0.0,76586867.0,10961722.0,0.0,0.0,,REGENTS OF THE UNIVERSITY OF MICHIGAN ($99.6M); NATIONAL BUREAU OF ECONOMIC RESEARCH INC ($29.0M); NATIONAL OPINION RESEARCH CENTER ($18.9M),,0.0,0.8362156888943517,0.9269612172474435,mostly universities,False
36aecb34-d726-444e-88f4-a5f2edecc41a,"DoW Traumatic Brain Injury and Psychological Health, Clinical Trial Award",12.420,5640094062.21,0.0,3068370069.44,0.0,22619849.59,1893474804.760001,0.0,0.0,0.0,,"THE HENRY M. JACKSON FOUNDATION FOR THE ADVANCEMENT OF MILITARY MEDICINE, INC. ($420.3M); THE UNIVERISTY OF TEXAS M.D. ANDERSON CANCER CENTER ($150.0M); THE JOHNS HOPKINS UNIVERSITY ($136.4M)",,0.0,0.5440281732176817,0.8837556020895334,mostly universities,False
36b6fe58-bbed-461b-b995-c43ac2fbfa22,Toward Translation of Nanotechnology Cancer Interventions (TTNCI; R01 Clinical Trial Not Allowed),93.395,4568620330.34,0.0,2629279955.890001,0.0,68247624.65,1552601081.4500003,0.0,0.0,0.0,,"THE UNIVERISTY OF TEXAS M.D. ANDERSON CANCER CENTER ($157.0M); ICAHN SCHOOL OF MEDICINE AT MOUNT SINAI ($154.8M); DANA-FARBER CANCER INSTITUTE, INC. ($149.6M)",,0.0,0.5755085268147743,0.9302871227370525,mostly universities,False
36d76c44-9502-42f2-9387-65ea2a6d157a,NIH Small Research Grant Program (Parent R03 Clinical Trial Not Allowed),93.113;93.143;93.172;93.233;93.242;93.273;93.279;93.286;93.310;93.837;93.838;93.839;93.840;93.853;93.855;93.865;93.866;93.879,81418067734.1,215575.61000000002,60713159717.54001,2879569.0,68510873.01,15188644677.65,0.0,0.0,0.0,,"ICAHN SCHOOL OF MEDICINE AT MOUNT SINAI ($73.2M); THE TRUSTEES OF COLUMBIA UNIVERSITY IN THE CITY OF NEW YORK ($64.4M); UNIVERSITY OF NORTH CAROLINA AT CHAPEL HILL ($57.1M) | OREGON STATE UNIVERSITY ($11.5M); UNIVERSITY OF LOUISVILLE ($10.8M); THE UNIVERSITY OF IOWA ($10.3M) | THE LELAND STANFORD JUNIOR UNIVERSITY ($118.8M); UNIVERSITY OF WASHINGTON ($97.7M); THE BROAD INSTITUTE, INC ($94.8M) | YA",,2.6477613139142497e-06,0.7456963964782446,0.9331271611717502,mostly universities,False
36ef084c-de7b-4a08-987a-347a2e8e1dc0,Emerging Global Leader Award (K43 Independent Clinical Trial Not Allowed),93.113;93.121;93.172;93.173;93.233;93.242;93.279;93.313;93.398;93.837;93.838;93.839;93.840;93.853;93.866;93.867;93.989,57991398263.72001,215575.61000000002,44326873004.549995,3692532.07,69542103.57000001,9893992229.3,458618.0,0.0,0.0,,"ICAHN SCHOOL OF MEDICINE AT MOUNT SINAI ($73.2M); THE TRUSTEES OF COLUMBIA UNIVERSITY IN THE CITY OF NEW YORK ($64.4M); UNIVERSITY OF NORTH CAROLINA AT CHAPEL HILL ($57.1M) | REGENTS OF THE UNIVERSITY OF MICHIGAN ($71.4M); REGENTS OF THE UNIVERSITY OF CALIFORNIA, SAN FRANCISCO, THE ($64.3M); UNIVERSITY OF SOUTHERN CALIFORNIA ($62.6M) | THE LELAND STANFORD JUNIOR UNIVERSITY ($118.8M); UNIVERSITY OF",,3.717372169914831e-06,0.7643697915847862,0.9362477379523207,mostly universities,False
36fa146e-a461-4128-99a4-a65bc83aa928,Exploratory/Developmental Bioengineering Research Grants (EBRG) (R21 Clinical Trial Optional),93.393;93.394;93.395;93.396;93.399,13910770885.01,0.0,8659868953.379997,5932664.0,161524138.64,4533566247.91,0.0,0.0,0.0,,"THE UNIVERISTY OF TEXAS M.D. ANDERSON CANCER CENTER ($89.6M); SLOAN-KETTERING INSTITUTE FOR CANCER RESEARCH ($81.9M); FRED HUTCHINSON CANCER CENTER ($73.6M) | REGENTS OF THE UNIVERSITY OF CALIFORNIA, SAN FRANCISCO, THE ($91.2M); FRED HUTCHINSON CANCER CENTER ($89.9M); SLOAN-KETTERING INSTITUTE FOR CANCER RESEARCH ($76.5M) | THE UNIVERISTY OF TEXAS M.D. ANDERSON CANCER CENTER ($157.0M); ICAHN SCHOO",,0.0,0.622529766679697,0.9604709986509415,mostly universities,False
3702dc53-99c8-4506-ac67-4a017e0bdc73,Advancing Research on Empirically-Supported Interventions for Older Adults Living with Serious Mental Illness (SMI) (R01 Clinical Trial Optional),93.242,7107924163.190001,0.0,5396186256.740001,0.0,0.0,1251736935.5299997,0.0,0.0,0.0,,"YALE UNIV ($308.6M); UNIVERSITY OF PITTSBURGH - OF THE COMMONWEALTH SYSTEM OF HIGHER EDUCATION ($244.2M); UNIVERSITY OF CALIFORNIA, LOS ANGELES ($186.0M)",,0.0,0.7591789294384114,0.9352833597603335,mostly universities,False
3820f2c5-4b44-47ad-8a29-9f6084d60bb2,Pilot and Feasibility Studies in Preparation for Substance Use and HIV Prevention Intervention and Services Research Trials,93.279,5976314704.01,0.0,4356075983.7,0.0,0.0,1038203679.6999999,0.0,0.0,0.0,,"YALE UNIV ($242.7M); THE JOHNS HOPKINS UNIVERSITY ($216.1M); UNIVERSITY OF CALIFORNIA, SAN DIEGO ($210.2M)",,0.0,0.7288899931553389,0.9026097069119426,mostly universities,False
38699563-a819-4aef-9f49-6d7299c9d7ac,Ambassador’s Special Self-Help Fund,19.220,5636477.47,0.0,-11000.0,0.0,0.0,695972.59,4951504.88,0.0,0.0,,MISCELLANEOUS FOREIGN AWARDEES ($5.0M); ADRA I ANGOLA ($0.0M); TANDANA FOUNDATION INC ($0.0M),,0.0,-0.0019515734886810432,0.12152494064701726,unclear (top recipients cover too little of the money),False
386ceabf-3def-4e13-b6da-cde46ec50841,Division of Integrative Organismal Systems Core Programs (IOS),47.074,3345592896.0,0.0,2465298076.0,0.0,6112845.0,489212404.0,64002226.0,0.0,694321.0,FRIENDS OF THE NORTH CAROLINA STATE MUSEUM OF NATURAL SCIENCES,BATTELLE MEMORIAL INSTITUTE ($316.2M); ARIZONA STATE UNIVERSITY ($95.2M); CORNELL UNIVERSITY ($67.2M),,0.0,0.7368792774959312,0.884932332484245,mostly universities,False
38cdea15-d733-4596-811b-4cc471eb92ad,Notice of Intent to Publish a Funding Opportunity Announcement for Morris K. Udall Discovery Centers without Walls (DCWoW) for Parkinson's Disease Research (RM1 - Clinical Trial Optional),93.853,7301417548.76,0.0,5703307653.840002,0.0,8115452.99,1095037634.0900006,0.0,0.0,0.0,,"THE GENERAL HOSPITAL CORPORATION ($234.6M); REGENTS OF THE UNIVERSITY OF CALIFORNIA, SAN FRANCISCO, THE ($226.7M); THE JOHNS HOPKINS UNIVERSITY ($223.1M)",,0.0,0.7811233388246087,0.9322108611739297,mostly universities,False
38e79010-c2a9-4d5f-bf81-cede591318e4,Centers of Excellence in Healthcare Quality and Safety,93.084,197776915.45999998,46230623.0,98936196.91,495417.0,1653463.0,50461215.55,0.0,35000.0,35000.0,NORTH CAROLINA DEPARTMENT OF HEALTH & HUMAN SERVICES,"PUERTO RICO SCIENCE, TECHNOLOGY, AND RESEARCH TRUST ($14.5M); PUBLIC HEALTH, MASSACHUSETTS DEPARTMENT OF ($11.6M); EMORY UNIVERSITY ($10.1M)",,0.2337513601750456,0.5002413789288248,1.0,mostly universities,False
39082d33-81a4-4136-8e86-aa33bbfc438b,Laboratories to Optimize Digital Health (R01 Clinical Trial Required),93.242,7107924163.190001,0.0,5396186256.740001,0.0,0.0,1251736935.5299997,0.0,0.0,0.0,,"YALE UNIV ($308.6M); UNIVERSITY OF PITTSBURGH - OF THE COMMONWEALTH SYSTEM OF HIGHER EDUCATION ($244.2M); UNIVERSITY OF CALIFORNIA, LOS ANGELES ($186.0M)",,0.0,0.7591789294384114,0.9352833597603335,mostly universities,False
392e3547-dea5-4af0-bb7d-02d3cb7b4de2,Faculty Early Career Development Program,47.041;47.049;47.050;47.070;47.074;47.075;47.076;47.079;47.083;47.084,32412699683.0,33153443.0,24271392297.0,5844001.0,10109019.0,4120282094.0,160901546.0,0.0,694321.0,FRIENDS OF THE NORTH CAROLINA STATE MUSEUM OF NATURAL SCIENCES,"PURDUE UNIVERSITY ($81.2M); REGENTS OF THE UNIVERSITY OF MICHIGAN ($81.1M); GEORGIA TECH RESEARCH CORP ($80.6M) | ASSOCIATION OF UNIVERSITIES FOR RESEARCH IN ASTRONOMY, INC. ($574.0M); ASSOCIATED UNIVERSITIES INC ($531.2M); CALIFORNIA INSTITUTE OF TECHNOLOGY ($254.7M) | UNIVERSITY CORPORATION FOR ATMOSPHERIC RESEARCH ($587.8M); WOODS HOLE OCEANOGRAPHIC INSTITUTION ($497.0M); TEXAS A & M RESEARCH F",,0.0010228534902752488,0.7488235331946138,0.8774579449460912,mostly universities,False
3950a8ea-a5c8-4b0a-b5ea-670c8db6dc77,Forecast to Renew the Funding Opportunity Announcement for Multiple Chronic Disease Research Centers Coordinating Center (U24 Clinical Trial Not Required),93.307,1704951635.84,0.0,1454818367.4300005,1904412.3599999999,0.0,214651475.74999997,0.0,0.0,0.0,,THE JOHNS HOPKINS UNIVERSITY ($58.5M); THE TRUSTEES OF COLUMBIA UNIVERSITY IN THE CITY OF NEW YORK ($51.8M); UNIVERSITY OF HAWAII ($43.0M),,0.0,0.8532901091433229,0.980305963175632,mostly universities,False
39cfe6c4-f7b8-4c54-973f-61e7312aaab0,U.S. Mission Italy PDS Annual Program Statement,19.040,257210709.31,0.0,18981816.92,765922.7,0.0,121256439.30999996,40952578.09,0.0,0.0,,MISCELLANEOUS FOREIGN AWARDEES ($41.0M); INDIVIDUAL RECIPIENT ($19.5M); MERIDIAN INTERNATIONAL CENTER ($4.4M),,0.0,0.07379870368120016,0.5482049301456434,mixed recipients (no state agencies),False
39dec6be-55d0-4622-9703-fd1b7909fb1c,Coordinating Center for Language Access Services,93.137,134907949.66,3554242.11,60723991.52,3571067.9699999997,16381201.440000001,84105657.35,0.0,0.0,0.0,,"THE MOREHOUSE SCHOOL OF MEDICINE, INC. ($13.4M); AMERICAN HEART ASSOCIATION, INC. ($12.2M); UNIVERSITY OF HAWAII ($7.0M)",,0.026345683252599512,0.4501142569658708,1.247785329287466,"mostly nonprofits, hospitals or companies",False
3a152e00-fe8e-4e29-b30e-efc659bb83dd,Intervention Research to Improve Native American Health,93.279,5976314704.01,0.0,4356075983.7,0.0,0.0,1038203679.6999999,0.0,0.0,0.0,,"YALE UNIV ($242.7M); THE JOHNS HOPKINS UNIVERSITY ($216.1M); UNIVERSITY OF CALIFORNIA, SAN DIEGO ($210.2M)",,0.0,0.7288899931553389,0.9026097069119426,mostly universities,False
3a1c4127-9699-412d-8904-742bbf20a33a,Maternal and Child Health Encounters Networks (MCHEK),93.110,1164006561.72,318147766.46,360081155.95,18944098.18,17261226.42,353277865.66999996,0.0,13147007.87,13147007.87,NORTH CAROLINA DEPARTMENT OF HEALTH & HUMAN SERVICES,"ZERO TO THREE NATIONAL CENTER FOR INFANTS, TODDLERS & FAMILIES ($44.8M); UNIVERSITY HOSPITALS CLEVELAND MEDICAL CENTER ($41.8M); CHILDREN'S NATIONAL MEDICAL CENTER ($37.2M)",,0.27332128264800104,0.30934632826976877,0.9172732764515432,NC DHHS has received awards,True
3a6fe056-f3c6-43b5-b764-9f890efd4998,Urban Indian Health 4-in-1 Program,93.193,44766538.93,0.0,-8570.13,35663967.06,0.0,9111142.0,0.0,0.0,0.0,,"NATIONAL COUNCIL OF URBAN INDIAN HEALTH ($6.5M); SEATTLE INDIAN HEALTH BOARD ($2.8M); INDIAN HEALTH BOARD OF MINNEAPOLIS, INC. ($2.5M)",,0.0,-0.00019144053136207014,1.0,mostly tribal / Native organizations,False
3b08a0b1-2c47-4c2d-be75-fa522a98c2f9,Alumni Engagement Innovation Fund 2024,19.022,44517802.4,0.0,2660316.7600000002,49923.9,0.0,28974319.05999999,8060594.36,0.0,0.0,,INDIVIDUAL RECIPIENT ($8.2M); MISCELLANEOUS FOREIGN AWARDEES ($8.1M); GEORGETOWN UNIVERSITY ($1.6M),,0.0,0.05975849248120119,0.7117278484528247,"mostly nonprofits, hospitals or companies",False
3b1f9c55-84e6-4740-aab5-c48b5f95646a,Strengthening Global Health Security through local partnerships in Sierra Leone,93.318,800719163.77,0.0,120532829.8,6970522.0,13803314.0,664832940.8499999,0.0,0.0,0.0,,"WORLD HEALTH ORGANIZATION ($88.4M); THE TASK FORCE FOR GLOBAL HEALTH, INC. ($83.2M); AFRICAN FIELD EPIDEMIOLOGY NETWORK LTD ($79.4M)",,0.0,0.15053071695261944,1.006769468154701,"mostly nonprofits, hospitals or companies",False
3b449ff6-a5ab-45f4-8416-a6d5d8a0786c,"DoW, Ovarian Cancer, Investigator-Initiated Research Award",12.420,5640094062.21,0.0,3068370069.44,0.0,22619849.59,1893474804.760001,0.0,0.0,0.0,,"THE HENRY M. JACKSON FOUNDATION FOR THE ADVANCEMENT OF MILITARY MEDICINE, INC. ($420.3M); THE UNIVERISTY OF TEXAS M.D. ANDERSON CANCER CENTER ($150.0M); THE JOHNS HOPKINS UNIVERSITY ($136.4M)",,0.0,0.5440281732176817,0.8837556020895334,mostly universities,False
3b532f3c-e668-47f2-b108-6a468aa9277d,EPSCoR Research Infrastructure Improvement Program: EPSCoR Collaborations for Optimizing Research Ecosystems,47.083,1777229823.0,33153443.0,1509953770.0,0.0,0.0,103300574.0,0.0,0.0,0.0,,REGENTS OF THE UNIVERSITY OF IDAHO ($45.6M); IOWA STATE UNIVERSITY OF SCIENCE AND TECHNOLOGY ($39.2M); UNIVERSITY OF OKLAHOMA ($38.8M),,0.01865456148155128,0.8496108665626415,0.9263899163141603,mostly universities,False
3b67e2c0-f0d7-44ac-b43e-3d4503b65c06,U.S. Embassy Cairo Public Diplomacy Section  Annual Program Statement,19.040,257210709.31,0.0,18981816.92,765922.7,0.0,121256439.30999996,40952578.09,0.0,0.0,,MISCELLANEOUS FOREIGN AWARDEES ($41.0M); INDIVIDUAL RECIPIENT ($19.5M); MERIDIAN INTERNATIONAL CENTER ($4.4M),,0.0,0.07379870368120016,0.5482049301456434,mixed recipients (no state agencies),False
3b811770-3f95-4ee9-ac57-6fe99d2e8e01,Integrated Food Safety System Regulatory and Laboratory Training System National Coordination Center,93.103,978131651.19,204231952.81000003,317394711.29,6344842.82,13208169.0,393879205.75999993,0.0,0.0,6880186.38,NORTH CAROLINA DEPARTMENT OF AGRICULTURE & CONSUMER SERVICES,THE CRITICAL PATH INSTITUTE ($79.1M); NATIONAL ENVIRONMENTAL HEALTH ASSOCIATION ($44.4M); THE MEDICAL DEVICE INNOVATION CONSORTIUM ($42.6M),,0.2087980207587909,0.3244907890505904,0.9559642411554747,mixed recipients (some state agencies),False
3b8335e8-d6f3-496c-a96e-e123e2614971,"DoW Parkinson’s, Investigator-Initiated Research Award",12.420,5640094062.21,0.0,3068370069.44,0.0,22619849.59,1893474804.760001,0.0,0.0,0.0,,"THE HENRY M. JACKSON FOUNDATION FOR THE ADVANCEMENT OF MILITARY MEDICINE, INC. ($420.3M); THE UNIVERISTY OF TEXAS M.D. ANDERSON CANCER CENTER ($150.0M); THE JOHNS HOPKINS UNIVERSITY ($136.4M)",,0.0,0.5440281732176817,0.8837556020895334,mostly universities,False
3bcda474-f002-4d74-8b8c-9b179df30300,Childhood Asthma in Urban Settings Clinical Research Network,93.855,17242464734.02,0.0,12062638314.500011,0.0,9836298.42,3962763745.0300007,0.0,0.0,0.0,,"FRED HUTCHINSON CANCER CENTER ($787.0M); DUKE UNIVERSITY ($576.9M); UNIVERSITY OF CALIFORNIA, LOS ANGELES ($576.8M)",,0.0,0.6995889799153826,0.9299852779348832,mostly universities,False
3be7eb71-7a13-4cfd-96bf-54b554f081a4,"DoW Joint Warfighter Medical, Military Medical Research and Development Award",12.420,5640094062.21,0.0,3068370069.44,0.0,22619849.59,1893474804.760001,0.0,0.0,0.0,,"THE HENRY M. JACKSON FOUNDATION FOR THE ADVANCEMENT OF MILITARY MEDICINE, INC. ($420.3M); THE UNIVERISTY OF TEXAS M.D. ANDERSON CANCER CENTER ($150.0M); THE JOHNS HOPKINS UNIVERSITY ($136.4M)",,0.0,0.5440281732176817,0.8837556020895334,mostly universities,False
3c1f350b-8a60-43ae-baa3-a5a20959845f,Tribal Broadband Connectivity Program,11.029,2235757695.57,0.0,3225062.38,1575905780.8299992,1325671.0,630920720.8800001,0.0,0.0,0.0,,"DEPARTMENT OF HAWAIIAN HOME LANDS ($90.0M); NANA REGIONAL CORPORATION, INC. ($65.2M); THE HOOPA VALLEY TRIBE ($65.1M)",,0.0,0.001442491906162389,0.9890952134355574,mostly tribal / Native organizations,False
3c36bc50-73ae-42ad-a727-fae640dad5c9,Comprehensive Suicide Prevention Program for States,93.136,1798553133.5900002,976733317.1399999,191223876.62,49049669.74,227249891.57,306696129.96999997,0.0,33736379.83,33751379.83,NORTH CAROLINA DEPARTMENT OF HEALTH & HUMAN SERVICES; NORTH CAROLINA DEPARTMENT OF PUBLIC INSTRUCTION,"FLORIDA DEPARTMENT OF HEALTH ($64.7M); PUBLIC HEALTH, CALIFORNIA DEPARTMENT OF ($45.6M); NATIONAL FOUNDATION FOR THE CENTERS FOR DISEASE CONTROL & PREVENTION, INC. ($34.5M)",,0.543066145168807,0.10632094935016337,0.9735341438287186,NC DHHS has received awards,True
3c467ec1-a043-43ff-82ec-9aaccaf859d1,BRAIN Initiative: Reagent Resources for Brain Cell Type-Specific Access to Broaden Distribution of Enabling Technologies for Neuroscience (U24 Clinical Trial Not Allowed),93.173;93.213;93.242;93.273;93.279;93.286;93.853;93.865;93.866;93.867,48594755374.68,0.0,37305971021.46,0.0,23162711.22,8045212196.12,0.0,0.0,0.0,,"THE JOHNS HOPKINS UNIVERSITY ($66.5M); MASSACHUSETTS EYE AND EAR INFIRMARY ($63.7M); THE UNIVERSITY OF IOWA ($40.8M) | YALE UNIV ($22.6M); THE GENERAL HOSPITAL CORPORATION ($17.0M); DUKE UNIVERSITY ($15.9M) | YALE UNIV ($308.6M); UNIVERSITY OF PITTSBURGH - OF THE COMMONWEALTH SYSTEM OF HIGHER EDUCATION ($244.2M); UNIVERSITY OF CALIFORNIA, LOS ANGELES ($186.0M) | YALE UNIV ($71.9M); UNIVERSITY OF N",,0.0,0.7676954176190389,0.9337292796095032,mostly universities,False
3c97fce6-542d-44d5-9d28-a33bd11d22ec,"DoW, Ovarian Cancer, Pilot Award",12.420,5640094062.21,0.0,3068370069.44,0.0,22619849.59,1893474804.760001,0.0,0.0,0.0,,"THE HENRY M. JACKSON FOUNDATION FOR THE ADVANCEMENT OF MILITARY MEDICINE, INC. ($420.3M); THE UNIVERISTY OF TEXAS M.D. ANDERSON CANCER CENTER ($150.0M); THE JOHNS HOPKINS UNIVERSITY ($136.4M)",,0.0,0.5440281732176817,0.8837556020895334,mostly universities,False
3d3a2907-44a7-4fc4-8f4a-64cb089ed4b4,F25AS00379 Highlands Conservation Act - Base Funding Round,15.667,44438250.5,31403959.0,0.0,0.0,0.0,13034291.5,0.0,0.0,0.0,,"DEPARTMENT OF CONSERVATION & NATURAL RESOURCES PENNSYLVANIA ($25.0M); DEPT OF ENERGY & ENVIRONMENTAL PROTECTION ($12.0M); NEW YORK STATE OFFICE OF PARKS, RECREATION AND HISTORIC PRESERVATION ($6.8M)",,0.7066875641290153,0.0,1.0,other state agencies win this,True
3d403baa-2ec6-41d2-806e-dff7aad5f2fe,Request for Information (RFI): Community Influence on Human Judgment During  Information Processing Tasks,12.431,2303372550.5,0.0,1740909553.2299995,0.0,0.0,488342019.1999998,0.0,0.0,0.0,,"UNIVERSITY OF MARYLAND, COLLEGE PARK ($133.9M); GENERAL DYNAMICS ROBOTIC SYSTEMS INC ($106.0M); MASSACHUSETTS INSTITUTE OF TECHNOLOGY ($84.9M)",,0.0,0.7558089345347522,0.9678206731890111,mostly universities,False
3df028f3-f97a-4cdf-9359-1c6515d091ce,NIH Collaborative International Research Project (Parent PF5 Clinical Trial Optional),93.310,4621186637.45,0.0,3411866036.6800003,0.0,3057218.0,973117064.68,0.0,0.0,0.0,,THE LELAND STANFORD JUNIOR UNIVERSITY ($131.6M); DUKE UNIVERSITY ($131.5M); YALE UNIV ($124.9M),,0.0,0.7383095088673349,0.9495483873772623,mostly universities,False
3e9fb0bc-ebab-45f3-aacf-906b0ebb446c,National Centers for Biomedical Imaging and Bioengineering (NCBIB) (P41 Clinical Trials Optional),93.286,1401493106.31,0.0,1086577991.9200008,0.0,0.0,279965881.34999996,0.0,0.0,0.0,,THE GENERAL HOSPITAL CORPORATION ($72.2M); THE JOHNS HOPKINS UNIVERSITY ($67.8M); THE LELAND STANFORD JUNIOR UNIVERSITY ($42.0M),,0.0,0.7753002758471348,0.9750628576889563,mostly universities,False
3eb2a5d2-5b99-40e1-bce0-25149dc10a41,WaterSMART: Desalination Construction Projects,15.591,0.0,0.0,0.0,0.0,0.0,0.0,0.0,0.0,0.0,,,,0.0,0.0,0.0,no awards found FY2022-FY2025,False
3ee5e85e-010c-425f-aa08-8e4f40d81c0f,Forecast to Publish a Funding Opportunity Announcement for Copy of Integrative Neuroscience Initiative on Alcoholism (INIA) Consortia Administrative Resource Core (U24) (Clinical Trial Optional),93.273,1782147881.62,0.0,1457708084.539999,0.0,0.0,277980232.19,0.0,0.0,0.0,,YALE UNIV ($71.9M); UNIVERSITY OF NORTH CAROLINA AT CHAPEL HILL ($48.6M); TRUSTEES OF INDIANA UNIVERSITY ($45.7M),,0.0,0.8179501261224854,0.9739305781696588,mostly universities,False
3eee61f1-6dad-47af-86c4-5493e425f02f,"DoW Vision, Translational Research Award",12.420,5640094062.21,0.0,3068370069.44,0.0,22619849.59,1893474804.760001,0.0,0.0,0.0,,"THE HENRY M. JACKSON FOUNDATION FOR THE ADVANCEMENT OF MILITARY MEDICINE, INC. ($420.3M); THE UNIVERISTY OF TEXAS M.D. ANDERSON CANCER CENTER ($150.0M); THE JOHNS HOPKINS UNIVERSITY ($136.4M)",,0.0,0.5440281732176817,0.8837556020895334,mostly universities,False
3f13ec1b-3d98-484f-ac0b-6d8169f62831,"Tribal Maternal, Infant, and Early Childhood Home Visiting Program: Development and Implementation Grants",93.872,106063348.01,0.0,1901031.8,80739638.02000001,0.0,23422678.19,0.0,0.0,0.0,,SOUTHCENTRAL FOUNDATION ($5.3M); CHOCTAW NATION OF OKLAHOMA ($5.3M); INTER-TRIBAL COUNCIL OF MICHIGAN INC ($5.2M),,0.0,0.017923550742719948,1.0,mostly tribal / Native organizations,False
3f2bc75d-08f2-4a94-98f0-e836b049d3ac,Mentored Career Transition Award (KT1/R00),93.113,1715114949.74,0.0,1435295386.189999,1144693.0,7190860.0,201053474.33,0.0,0.0,0.0,,ICAHN SCHOOL OF MEDICINE AT MOUNT SINAI ($73.2M); THE TRUSTEES OF COLUMBIA UNIVERSITY IN THE CITY OF NEW YORK ($64.4M); UNIVERSITY OF NORTH CAROLINA AT CHAPEL HILL ($57.1M),,0.0,0.8368508398854434,0.9589353843422112,mostly universities,False
3f9ac6df-edb0-4f4e-8b2b-2270232ca82c,Direct-to-Consumer Distribution of HIV and other STI Self-Tests,93.940,1302539542.04,844444861.4000001,12781359.34,19018935.12,250518458.15999997,201426793.48000002,0.0,30231239.1,30231239.1,NORTH CAROLINA DEPARTMENT OF HEALTH & HUMAN SERVICES; NORTH CAROLINA DEPARTMENT OF PUBLIC INSTRUCTION,"FLORIDA DEPARTMENT OF HEALTH ($133.4M); CITY OF NEW YORK ($102.1M); PUBLIC HEALTH, CALIFORNIA DEPARTMENT OF ($87.9M)",,0.6483065075148927,0.009812645933176203,1.0196929648829136,NC DHHS has received awards,True
3fad2356-0302-47cc-83e0-8966c6eebb3e,"Ethical, Legal and Social Implications (ELSI) Research (R01 Clinical Trial Optional)",93.113;93.172;93.173;93.242;93.279;93.307;93.310;93.313;93.399;93.853;93.855;93.865;93.867,57413375787.85,0.0,42600600542.240005,4224995.359999999,36157758.730000004,11152869329.770002,0.0,0.0,0.0,,"ICAHN SCHOOL OF MEDICINE AT MOUNT SINAI ($73.2M); THE TRUSTEES OF COLUMBIA UNIVERSITY IN THE CITY OF NEW YORK ($64.4M); UNIVERSITY OF NORTH CAROLINA AT CHAPEL HILL ($57.1M) | THE LELAND STANFORD JUNIOR UNIVERSITY ($118.8M); UNIVERSITY OF WASHINGTON ($97.7M); THE BROAD INSTITUTE, INC ($94.8M) | THE JOHNS HOPKINS UNIVERSITY ($66.5M); MASSACHUSETTS EYE AND EAR INFIRMARY ($63.7M); THE UNIVERSITY OF IO",,0.0,0.7419978351326152,0.936956796006481,mostly universities,False
3fe27753-0c94-4aa0-b7fb-09712631f269,Infant-Toddler Court Program–State Awards,93.110,1164006561.72,318147766.46,360081155.95,18944098.18,17261226.42,353277865.66999996,0.0,13147007.87,13147007.87,NORTH CAROLINA DEPARTMENT OF HEALTH & HUMAN SERVICES,"ZERO TO THREE NATIONAL CENTER FOR INFANTS, TODDLERS & FAMILIES ($44.8M); UNIVERSITY HOSPITALS CLEVELAND MEDICAL CENTER ($41.8M); CHILDREN'S NATIONAL MEDICAL CENTER ($37.2M)",,0.27332128264800104,0.30934632826976877,0.9172732764515432,NC DHHS has received awards,True
3ff33fa1-de68-4575-bddc-e5f81377a2a8,Infrastructure for Population Dynamics Research Program (iPOP),93.865,4921279091.58,0.0,3623055293.56,0.0,0.0,913474006.4399998,0.0,0.0,0.0,,REGENTS OF THE UNIVERSITY OF MICHIGAN ($145.9M); THE JOHNS HOPKINS UNIVERSITY ($122.6M); UNIVERSITY OF WASHINGTON ($109.8M),,0.0,0.736201956064394,0.921819148148236,mostly universities,False
400b428e-a4b2-46bc-82a2-dc9bdfc8fe82,Mid-Career Advancement,47.050;47.074;47.075;47.076;47.083,15716607947.0,33153443.0,11600246492.0,0.0,6112845.0,1901606552.0,89391877.0,0.0,694321.0,FRIENDS OF THE NORTH CAROLINA STATE MUSEUM OF NATURAL SCIENCES,UNIVERSITY CORPORATION FOR ATMOSPHERIC RESEARCH ($587.8M); WOODS HOLE OCEANOGRAPHIC INSTITUTION ($497.0M); TEXAS A & M RESEARCH FOUNDATION ($228.6M) | BATTELLE MEMORIAL INSTITUTE ($316.2M); ARIZONA STATE UNIVERSITY ($95.2M); CORNELL UNIVERSITY ($67.2M) | REGENTS OF THE UNIVERSITY OF MICHIGAN ($99.6M); NATIONAL BUREAU OF ECONOMIC RESEARCH INC ($29.0M); NATIONAL OPINION RESEARCH CENTER ($18.9M) | MA,,0.002109452822886529,0.7380884304755,0.8615802708614833,mostly universities,False
401d247c-a24c-4161-82b1-b9348f732bb8,Rapid Response Team (RRT) Cooperative Agreement,93.103,978131651.19,204231952.81000003,317394711.29,6344842.82,13208169.0,393879205.75999993,0.0,0.0,6880186.38,NORTH CAROLINA DEPARTMENT OF AGRICULTURE & CONSUMER SERVICES,THE CRITICAL PATH INSTITUTE ($79.1M); NATIONAL ENVIRONMENTAL HEALTH ASSOCIATION ($44.4M); THE MEDICAL DEVICE INNOVATION CONSORTIUM ($42.6M),,0.2087980207587909,0.3244907890505904,0.9559642411554747,mixed recipients (some state agencies),False
40404d06-ae7a-4c46-988d-a343ee64ad9c,DoW Arthritis Clinical Research Award,12.420,5640094062.21,0.0,3068370069.44,0.0,22619849.59,1893474804.760001,0.0,0.0,0.0,,"THE HENRY M. JACKSON FOUNDATION FOR THE ADVANCEMENT OF MILITARY MEDICINE, INC. ($420.3M); THE UNIVERISTY OF TEXAS M.D. ANDERSON CANCER CENTER ($150.0M); THE JOHNS HOPKINS UNIVERSITY ($136.4M)",,0.0,0.5440281732176817,0.8837556020895334,mostly universities,False
40ac94ea-e7b9-44af-9ae4-d3340c342757,Validation Center for Precision Medicine with AI: Integrating Imaging with Multimodal Data (PRIMED-AI) (U54 Clinical Trials Not Allowed),93.310,4621186637.45,0.0,3411866036.6800003,0.0,3057218.0,973117064.68,0.0,0.0,0.0,,THE LELAND STANFORD JUNIOR UNIVERSITY ($131.6M); DUKE UNIVERSITY ($131.5M); YALE UNIV ($124.9M),,0.0,0.7383095088673349,0.9495483873772623,mostly universities,False
41024895-69ca-49fb-9312-128fc5316777,Improving Protection against Influenza and Other Respiratory Pathogens: the US Flu VE Network,93.185,630931490.09,180276159.0,107710979.88000001,10364061.0,14405192.0,318175098.20999986,0.0,433300.0,433300.0,NORTH CAROLINA DEPARTMENT OF HEALTH & HUMAN SERVICES,"UNICEF ($63.2M); NATIONAL FOUNDATION FOR THE CENTERS FOR DISEASE CONTROL & PREVENTION, INC. ($49.0M); COMMUNITY CATALYST INC ($23.8M)",,0.2857301653691184,0.17071739415738377,0.9999999999999998,NC DHHS has received awards,True
414f228f-fdfb-406d-bdf5-89bbb2bf9602,Improving Predictability of Food-Drug and Drug-Drug Interaction Risks by Utilizing In Vitro Simulated Gastrointestinal Dissolution Model for High-Risk Oral Drug Products (U01) Clinical Trial Optional,93.103,978131651.19,204231952.81000003,317394711.29,6344842.82,13208169.0,393879205.75999993,0.0,0.0,6880186.38,NORTH CAROLINA DEPARTMENT OF AGRICULTURE & CONSUMER SERVICES,THE CRITICAL PATH INSTITUTE ($79.1M); NATIONAL ENVIRONMENTAL HEALTH ASSOCIATION ($44.4M); THE MEDICAL DEVICE INNOVATION CONSORTIUM ($42.6M),,0.2087980207587909,0.3244907890505904,0.9559642411554747,mixed recipients (some state agencies),False
4159deee-28f7-45de-9145-45912620d425,Biomedical Technology Optimization and Dissemination Center (BTOD) (RM1 - Clinical Trial Not Allowed),93.859,12070484526.24,0.0,9612792260.85001,0.0,0.0,889455283.0399997,0.0,0.0,0.0,,"THE LELAND STANFORD JUNIOR UNIVERSITY ($235.0M); REGENTS OF THE UNIVERSITY OF MICHIGAN ($221.4M); UNIVERSITY OF CALIFORNIA, SAN DIEGO ($215.2M)",,0.0,0.7963882675921403,0.8700767165608966,mostly universities,False
41ef239d-a75a-478c-b11f-1e28d996a8af,Revision Applications for Validation of Biomarker Assays Developed Through NIH-Supported Research Grants (R01 Clinical Trial Not Allowed),93.394,2210353701.25,0.0,1345944191.9999993,0.0,17057231.69,718168494.6399997,0.0,0.0,0.0,,"REGENTS OF THE UNIVERSITY OF CALIFORNIA, SAN FRANCISCO, THE ($91.2M); FRED HUTCHINSON CANCER CENTER ($89.9M); SLOAN-KETTERING INSTITUTE FOR CANCER RESEARCH ($76.5M)",,0.0,0.6089270650388852,0.9415551534367803,mostly universities,False
42025fd1-c1a8-48a5-acb1-612361d8d0bd,Plant Genome Research Program,47.074,3345592896.0,0.0,2465298076.0,0.0,6112845.0,489212404.0,64002226.0,0.0,694321.0,FRIENDS OF THE NORTH CAROLINA STATE MUSEUM OF NATURAL SCIENCES,BATTELLE MEMORIAL INSTITUTE ($316.2M); ARIZONA STATE UNIVERSITY ($95.2M); CORNELL UNIVERSITY ($67.2M),,0.0,0.7368792774959312,0.884932332484245,mostly universities,False
4217a5d4-7c4e-4827-b006-f92f9a1ffc35,Oceanographic Facilities and Equipment Support,47.050,4267308537.0,0.0,3152349973.0,0.0,0.0,938761319.0,14427929.0,0.0,0.0,,UNIVERSITY CORPORATION FOR ATMOSPHERIC RESEARCH ($587.8M); WOODS HOLE OCEANOGRAPHIC INSTITUTION ($497.0M); TEXAS A & M RESEARCH FOUNDATION ($228.6M),,0.0,0.7387208929627016,0.9587099823056455,mostly universities,False
421ce454-e66a-42e6-92eb-08779f4c072b,NIDCD Research Career Enhancement Award for Established Investigators (K18 Clinical Trial Required),93.173,1663121320.76,0.0,1359375084.86,0.0,0.0,270923269.94,0.0,0.0,0.0,,THE JOHNS HOPKINS UNIVERSITY ($66.5M); MASSACHUSETTS EYE AND EAR INFIRMARY ($63.7M); THE UNIVERSITY OF IOWA ($40.8M),,0.0,0.8173637532581228,0.9802642383629591,mostly universities,False
424190a4-2eb4-4b7c-8b8f-46b92bdee5fc,Enhancing Mechanistic Research on Precision Probiotic Therapies (R33 Clinical Trial Optional),93.121;93.213;93.313;93.393;93.866,20158111925.14,0.0,15292280074.66,6745627.07,36205789.629999995,3676732214.7199993,0.0,0.0,0.0,,"REGENTS OF THE UNIVERSITY OF MICHIGAN ($71.4M); REGENTS OF THE UNIVERSITY OF CALIFORNIA, SAN FRANCISCO, THE ($64.3M); UNIVERSITY OF SOUTHERN CALIFORNIA ($62.6M) | YALE UNIV ($22.6M); THE GENERAL HOSPITAL CORPORATION ($17.0M); DUKE UNIVERSITY ($15.9M) | THE UNIVERISTY OF TEXAS M.D. ANDERSON CANCER CENTER ($89.6M); SLOAN-KETTERING INSTITUTE FOR CANCER RESEARCH ($81.9M); FRED HUTCHINSON CANCER CENTER",,0.0,0.7586166864957415,0.9431420847688323,mostly universities,False
42a1b238-2c19-47b4-ae58-f4a775231b78,Public Health Crisis Response Cooperative Agreement,93.354,-4366777162.57,0.0,0.0,0.0,0.0,0.0,0.0,0.0,0.0,,,,-0.0,-0.0,-0.0,no awards found FY2022-FY2025,False
42df9ed2-0331-41fd-8d9b-6040ec13e4c9,Exploratory Clinical Neuroscience Research on Substance Use Disorders,93.279,5976314704.01,0.0,4356075983.7,0.0,0.0,1038203679.6999999,0.0,0.0,0.0,,"YALE UNIV ($242.7M); THE JOHNS HOPKINS UNIVERSITY ($216.1M); UNIVERSITY OF CALIFORNIA, SAN DIEGO ($210.2M)",,0.0,0.7288899931553389,0.9026097069119426,mostly universities,False
43049089-8c2c-4794-a747-3c2b2ca6ca79,ROSS Rapid Response Program,14.870,144626449.15,1675210.0,0.0,1680467.6099999999,38007694.64000001,63237387.769999996,0.0,0.0,270710.0,WASHINGTON HOUSING AUTHORITY,"ABT GLOBAL LLC ($4.4M); THE PARTNERSHIP CENTER LTD ($2.8M); ICF INCORPORATED, L.L.C. ($2.0M)",,0.011583012718942909,0.0,0.7232477920515966,mixed recipients (some state agencies),False
437fad2e-74cc-465b-bbbc-ad7591dac604,Innovations in Graduate Education (IGE) Program,47.076,5482502686.0,0.0,3766900369.0,0.0,0.0,293745388.0,0.0,0.0,0.0,,"MASSACHUSETTS INSTITUTE OF TECHNOLOGY ($106.0M); REGENTS OF THE UNIVERSITY OF CALIFORNIA, THE ($105.6M); THE LELAND STANFORD JUNIOR UNIVERSITY ($103.6M)",,0.0,0.6870767940741872,0.7406554979661345,mostly universities,False
43b3833e-1f05-41d1-86d3-55fedc41ceb8,Support for Research Excellence (SuRE) Award (R16 Clinical Trial Not Allowed),93.113;93.121;93.172;93.173;93.242;93.273;93.279;93.286;93.307;93.361;93.398;93.846;93.847;93.853;93.855;93.859;93.865;93.866;93.867;93.879,95773421569.07,0.0,72887453318.18002,6406764.43,94874556.85999998,16129479972.35,0.0,0.0,0.0,,"ICAHN SCHOOL OF MEDICINE AT MOUNT SINAI ($73.2M); THE TRUSTEES OF COLUMBIA UNIVERSITY IN THE CITY OF NEW YORK ($64.4M); UNIVERSITY OF NORTH CAROLINA AT CHAPEL HILL ($57.1M) | REGENTS OF THE UNIVERSITY OF MICHIGAN ($71.4M); REGENTS OF THE UNIVERSITY OF CALIFORNIA, SAN FRANCISCO, THE ($64.3M); UNIVERSITY OF SOUTHERN CALIFORNIA ($62.6M) | THE LELAND STANFORD JUNIOR UNIVERSITY ($118.8M); UNIVERSITY OF",,0.0,0.7610405071057731,0.9305109199586195,mostly universities,False
43e1a3cc-7e23-4d34-b239-ef90fe120504,Novel approaches to support therapeutic development in ultra-rare cancers,93.103,978131651.19,204231952.81000003,317394711.29,6344842.82,13208169.0,393879205.75999993,0.0,0.0,6880186.38,NORTH CAROLINA DEPARTMENT OF AGRICULTURE & CONSUMER SERVICES,THE CRITICAL PATH INSTITUTE ($79.1M); NATIONAL ENVIRONMENTAL HEALTH ASSOCIATION ($44.4M); THE MEDICAL DEVICE INNOVATION CONSORTIUM ($42.6M),,0.2087980207587909,0.3244907890505904,0.9559642411554747,mixed recipients (some state agencies),False
43e32c6d-fbbd-4056-8fd4-f64cdebefd41,NIOSH Centers of Excellence for Total Worker Health® (U19),93.262,467451525.40999997,14787640.309999997,351493913.23000026,0.0,31578874.61,69536097.25999999,55000.0,578513.52,578513.52,NORTH CAROLINA DEPARTMENT OF HEALTH & HUMAN SERVICES,CITY OF NEW YORK ($31.6M); CPWR: THE CENTER FOR CONSTRUCTION RESEARCH AND TRAINING ($21.4M); THE UNIVERSITY OF IOWA ($19.2M),,0.03163459632959763,0.7519366054516696,0.9998823407412106,NC DHHS has received awards,True
44151ce8-0fad-4f18-84a2-c8748178958e,Genome Sequencing Center for the Gabriella Miller Kids First Pediatric Research Program (U24 Clinical Trial Not Allowed),93.310,4621186637.45,0.0,3411866036.6800003,0.0,3057218.0,973117064.68,0.0,0.0,0.0,,THE LELAND STANFORD JUNIOR UNIVERSITY ($131.6M); DUKE UNIVERSITY ($131.5M); YALE UNIV ($124.9M),,0.0,0.7383095088673349,0.9495483873772623,mostly universities,False
441d1fe1-394e-482b-bcea-f8318fafa561,Institutional Development Award (IDeA) for Clinical & Translational Research (CTR),93.859,12070484526.24,0.0,9612792260.85001,0.0,0.0,889455283.0399997,0.0,0.0,0.0,,"THE LELAND STANFORD JUNIOR UNIVERSITY ($235.0M); REGENTS OF THE UNIVERSITY OF MICHIGAN ($221.4M); UNIVERSITY OF CALIFORNIA, SAN DIEGO ($215.2M)",,0.0,0.7963882675921403,0.8700767165608966,mostly universities,False
441d2761-0d9c-42ae-a3da-905ce4ed0ca4,Strengthening Services to Prevent the Infectious Disease Consequences of Drug Use,93.488,31282283.0,600000.0,708000.0,0.0,500344.0,29473939.0,0.0,0.0,0.0,,NATIONAL ALLIANCE OF STATE & TERRITORIAL AIDS DIRECTORS ($25.7M); RESEARCH TRIANGLE INSTITUTE ($2.8M); NATIONAL HARM REDUCTION COALITION ($0.7M),,0.01918018579398441,0.022632619236901602,1.0,"mostly nonprofits, hospitals or companies",False
44244bcf-be69-4f35-a76b-334ff377abc8,"FY 2024 – 2026 Broad Agency Announcement (BAA), National Marine Fisheries Service",11.015,18645634.0,0.0,9686514.0,0.0,0.0,8959120.0,0.0,0.0,0.0,,NATIONAL FISH AND WILDLIFE FOUNDATION ($6.4M); UNIVERSITY OF MASSACHUSETTS LOWELL ($3.4M); UNIVERSITY OF ROCHESTER ($2.8M),,0.0,0.5195057459563992,1.0,mostly universities,False
44a089ce-dd0a-4cde-b6f4-c77d08d56a08,Rural Communities Opioid Response Program - Evaluation,93.690,0.0,0.0,0.0,0.0,0.0,0.0,0.0,0.0,0.0,,,,0.0,0.0,0.0,no awards found FY2022-FY2025,False
44b3dd63-bcf2-448c-a690-77656c999cd6,NICHD Resource Program Grants in Bioinformatics (P41 Clinical Trial Not Allowed),93.865,4921279091.58,0.0,3623055293.56,0.0,0.0,913474006.4399998,0.0,0.0,0.0,,REGENTS OF THE UNIVERSITY OF MICHIGAN ($145.9M); THE JOHNS HOPKINS UNIVERSITY ($122.6M); UNIVERSITY OF WASHINGTON ($109.8M),,0.0,0.736201956064394,0.921819148148236,mostly universities,False
44f4153f-d9bb-43dc-98f7-876bf8f9971c,"GREGoRi Technology Integration Center (U01, Clinical Trials Optional)",93.172,1744531538.97,0.0,1235774918.2100003,1175890.0,1503596.0,492556536.87,0.0,0.0,0.0,,"THE LELAND STANFORD JUNIOR UNIVERSITY ($118.8M); UNIVERSITY OF WASHINGTON ($97.7M); THE BROAD INSTITUTE, INC ($94.8M)",,0.0,0.7083706373916415,0.9922497257355505,mostly universities,False
44fa0a69-a4eb-4d5a-b64a-1b1d4859b5d3,"Investigate Novel Therapeutic Interventions and Testing Strategies for Neurological Disorders Including to Treat, Modify and Prevent the Development of Epilepsy (U24 Clinical Trial Not Allowed)",93.853,7301417548.76,0.0,5703307653.840002,0.0,8115452.99,1095037634.0900006,0.0,0.0,0.0,,"THE GENERAL HOSPITAL CORPORATION ($234.6M); REGENTS OF THE UNIVERSITY OF CALIFORNIA, SAN FRANCISCO, THE ($226.7M); THE JOHNS HOPKINS UNIVERSITY ($223.1M)",,0.0,0.7811233388246087,0.9322108611739297,mostly universities,False
4555ed2e-9e7f-4e23-af38-0ef0b9e892d3,Mentored Research Scientist Career Development Award (KR1),93.113,1715114949.74,0.0,1435295386.189999,1144693.0,7190860.0,201053474.33,0.0,0.0,0.0,,ICAHN SCHOOL OF MEDICINE AT MOUNT SINAI ($73.2M); THE TRUSTEES OF COLUMBIA UNIVERSITY IN THE CITY OF NEW YORK ($64.4M); UNIVERSITY OF NORTH CAROLINA AT CHAPEL HILL ($57.1M),,0.0,0.8368508398854434,0.9589353843422112,mostly universities,False
45ab10e1-1758-4a2f-ad07-e93d95c5bedc,Cancer Center Support Grants (CCSGs) for NCI-designated Cancer Centers (P30 Clinical Trial Optional),93.397,2324908872.2799997,0.0,1628356035.28,230556.57,24119520.67,672202759.7700001,0.0,0.0,0.0,,"SLOAN-KETTERING INSTITUTE FOR CANCER RESEARCH ($117.0M); THE UNIVERISTY OF TEXAS M.D. ANDERSON CANCER CENTER ($104.3M); DANA-FARBER CANCER INSTITUTE, INC. ($102.7M)",,0.0,0.7003956390269602,1.0000000000043014,mostly universities,False
45ead549-4b30-41a6-a0f6-8eea4788fe3f,Renewal of NIA Research Centers Collaborative Network (RCCN),93.866,15229489497.87,0.0,11707506336.46,0.0,9857717.91,2433575328.85,0.0,0.0,0.0,,"REGENTS OF THE UNIVERSITY OF CALIFORNIA, SAN FRANCISCO, THE ($499.5M); THE TRUSTEES OF COLUMBIA UNIVERSITY IN THE CITY OF NEW YORK ($473.8M); WASHINGTON UNIVERSITY, THE ($471.3M)",,0.0,0.7687392501303089,0.9291801530969999,mostly universities,False
4621556c-019d-4947-837c-c91a080c48c5,Professional Formation of Engineers,47.041,3232868977.0,0.0,2788913637.0,0.0,0.0,193471652.0,0.0,0.0,0.0,,PURDUE UNIVERSITY ($81.2M); REGENTS OF THE UNIVERSITY OF MICHIGAN ($81.1M); GEORGIA TECH RESEARCH CORP ($80.6M),,0.0,0.8626745026914217,0.9225196907817647,mostly universities,False
4646b7aa-0742-4793-8407-1b802ba78f50,NIH Specialized Center Grant (Parent P50),93.273,1782147881.62,0.0,1457708084.539999,0.0,0.0,277980232.19,0.0,0.0,0.0,,YALE UNIV ($71.9M); UNIVERSITY OF NORTH CAROLINA AT CHAPEL HILL ($48.6M); TRUSTEES OF INDIANA UNIVERSITY ($45.7M),,0.0,0.8179501261224854,0.9739305781696588,mostly universities,False
467d530f-00aa-485d-ace6-af05d7b4d5f1,NIDCD Mentored Career Development Award for Postdoctorate Au.D./Ph.D. Audiologists (K01 Independent Clinical Trial Not Allowed),93.173,1663121320.76,0.0,1359375084.86,0.0,0.0,270923269.94,0.0,0.0,0.0,,THE JOHNS HOPKINS UNIVERSITY ($66.5M); MASSACHUSETTS EYE AND EAR INFIRMARY ($63.7M); THE UNIVERSITY OF IOWA ($40.8M),,0.0,0.8173637532581228,0.9802642383629591,mostly universities,False
4767321c-d902-4914-b62d-48bd9453cbd1,NEI Research Grant for Vision-Related Secondary Data Analysis (R21 Clinical Trial Not Allowed),93.867,2746084071.1800003,0.0,2270607054.3100004,0.0,5189540.32,363231100.28000015,0.0,0.0,0.0,,"THE JOHNS HOPKINS UNIVERSITY ($112.9M); THE LELAND STANFORD JUNIOR UNIVERSITY ($80.4M); REGENTS OF THE UNIVERSITY OF CALIFORNIA, SAN FRANCISCO, THE ($73.8M)",,0.0,0.8268527093324983,0.9610148948484315,mostly universities,False
477f11ad-e8c7-40ea-84f3-f5bec6e50e3b,Statewide Perinatal Quality Collaboratives: Improving Perinatal Care and Outcomes,93.946,166312445.32999998,95827328.30999999,15788393.170000002,7915731.43,1882538.8099999998,44898453.60999999,0.0,851223.26,851223.26,NORTH CAROLINA DEPARTMENT OF HEALTH & HUMAN SERVICES; NORTH CAROLINA DEPARTMENT OF PUBLIC INSTRUCTION,"NATIONAL FOUNDATION FOR THE CENTERS FOR DISEASE CONTROL & PREVENTION, INC. ($12.6M); MICHIGAN DEPARTMENT OF HEALTH AND HUMAN SERVICES ($4.0M); HEALTH SERVICES KENTUCKY CABINET FOR ($3.8M)",,0.5761885595504159,0.09493212091658206,1.0,NC DHHS has received awards,True
4802584e-01a8-4435-9ce9-710fbc85cba0,Fiscal Year 2026 Flood Mitigation Assistance Swift Current,97.144,0.0,0.0,0.0,0.0,0.0,0.0,0.0,0.0,0.0,,,,0.0,0.0,0.0,no awards found FY2022-FY2025,False
483876e1-110a-4764-ab9d-2acc0cdc721d,"NHLBI TOPMed: Omics Phenotypes of Heart, Lung, and Blood Disorders (X01 - Clinical Trial Not Allowed)",93.233;93.837;93.838;93.839;93.840,11888355597.69,215575.61000000002,8800651331.629995,558986.0,27191929.69,2221105805.2699995,0.0,0.0,0.0,,"BRIGHAM & WOMENS HOSPITAL INC ($302.8M); TRUSTEES OF THE UNIVERSITY OF PENNSYLVANIA, THE ($298.7M); REGENTS OF THE UNIVERSITY OF MICHIGAN ($288.2M) | THE REGENTS OF THE UNIVERSITY OF COLORADO ($1.5M); INDIANA DEPARTMENT OF HEALTH ($0.6M); MINNESOTA DEPARTMENT OF HEALTH ($0.4M)",,1.8133341337963344e-05,0.740274906761708,0.9294576981148714,mostly universities,False
48b76af5-fee6-4257-92cd-60ba5adc4d73,"Science Track Award for Research Transition (START) Program (R03, Clinical Trial Optional)",93.279,5976314704.01,0.0,4356075983.7,0.0,0.0,1038203679.6999999,0.0,0.0,0.0,,"YALE UNIV ($242.7M); THE JOHNS HOPKINS UNIVERSITY ($216.1M); UNIVERSITY OF CALIFORNIA, SAN DIEGO ($210.2M)",,0.0,0.7288899931553389,0.9026097069119426,mostly universities,False
48bf4c5c-b6b3-4092-bbf4-32c3708800e1,Mechanistic Exploration of Therapeutic Targets and Treatable Traits to Improve CNS Outcomes in People with HIV,93.242,7107924163.190001,0.0,5396186256.740001,0.0,0.0,1251736935.5299997,0.0,0.0,0.0,,"YALE UNIV ($308.6M); UNIVERSITY OF PITTSBURGH - OF THE COMMONWEALTH SYSTEM OF HIGHER EDUCATION ($244.2M); UNIVERSITY OF CALIFORNIA, LOS ANGELES ($186.0M)",,0.0,0.7591789294384114,0.9352833597603335,mostly universities,False
49015f5d-da01-47dd-908f-147099d9e6de,Tribal Undergraduate to Graduate Research Training and Leadership Experiences (TURTLE) Program (UE5/T34),93.859,12070484526.24,0.0,9612792260.85001,0.0,0.0,889455283.0399997,0.0,0.0,0.0,,"THE LELAND STANFORD JUNIOR UNIVERSITY ($235.0M); REGENTS OF THE UNIVERSITY OF MICHIGAN ($221.4M); UNIVERSITY OF CALIFORNIA, SAN DIEGO ($215.2M)",,0.0,0.7963882675921403,0.8700767165608966,mostly universities,False
4911b8da-abec-4651-b3f1-3be87df6879b,National HIV Behavioral Surveillance,93.940,1302539542.04,844444861.4000001,12781359.34,19018935.12,250518458.15999997,201426793.48000002,0.0,30231239.1,30231239.1,NORTH CAROLINA DEPARTMENT OF HEALTH & HUMAN SERVICES; NORTH CAROLINA DEPARTMENT OF PUBLIC INSTRUCTION,"FLORIDA DEPARTMENT OF HEALTH ($133.4M); CITY OF NEW YORK ($102.1M); PUBLIC HEALTH, CALIFORNIA DEPARTMENT OF ($87.9M)",,0.6483065075148927,0.009812645933176203,1.0196929648829136,NC DHHS has received awards,True
4928d5eb-ef8e-47c7-bc71-65d45b526b7d,INCLUDE Project: Omics Phenotypes Related to Down Syndrome (X01 Clinical Trial Not Allowed),93.T21,0.0,0.0,0.0,0.0,0.0,0.0,0.0,0.0,0.0,,,not a standard assistance listing number,0.0,0.0,0.0,unknown (API error or non-standard listing),False
492cacb7-4928-4c3e-a5de-f9fe1b2f1e15,Stimulating Hematology Investigation: New Endeavors (SHINE) (R01 Clinical Trial Not Allowed),93.839;93.847;93.866,23031479996.920002,0.0,17575570303.36,0.0,50567639.480000004,3860449571.44,0.0,0.0,0.0,,"REGENTS OF THE UNIVERSITY OF MICHIGAN ($278.9M); TRUSTEES OF THE UNIVERSITY OF PENNSYLVANIA, THE ($222.1M); WASHINGTON UNIVERSITY, THE ($189.5M) | REGENTS OF THE UNIVERSITY OF CALIFORNIA, SAN FRANCISCO, THE ($499.5M); THE TRUSTEES OF COLUMBIA UNIVERSITY IN THE CITY OF NEW YORK ($473.8M); WASHINGTON UNIVERSITY, THE ($471.3M)",,0.0,0.7631107642978384,0.9329225702018888,mostly universities,False
493ea282-9ea7-48d4-9567-8495dceb20d4,Infectious Diseases Clinical Trials Network (IDCTN),93.855,17242464734.02,0.0,12062638314.500011,0.0,9836298.42,3962763745.0300007,0.0,0.0,0.0,,"FRED HUTCHINSON CANCER CENTER ($787.0M); DUKE UNIVERSITY ($576.9M); UNIVERSITY OF CALIFORNIA, LOS ANGELES ($576.8M)",,0.0,0.6995889799153826,0.9299852779348832,mostly universities,False
4941baf4-d478-46ed-a4b6-9e50e42502d5,Assay Validation of High Quality Markers for Clinical Studies in Cancer (UH2/UH3 Clinical Trial Not Allowed),93.394,2210353701.25,0.0,1345944191.9999993,0.0,17057231.69,718168494.6399997,0.0,0.0,0.0,,"REGENTS OF THE UNIVERSITY OF CALIFORNIA, SAN FRANCISCO, THE ($91.2M); FRED HUTCHINSON CANCER CENTER ($89.9M); SLOAN-KETTERING INSTITUTE FOR CANCER RESEARCH ($76.5M)",,0.0,0.6089270650388852,0.9415551534367803,mostly universities,False
499ab5d9-0429-43f3-8bf7-6e198e1891c1,NIDCD Research Fellowship for Audiologists,93.173,1663121320.76,0.0,1359375084.86,0.0,0.0,270923269.94,0.0,0.0,0.0,,THE JOHNS HOPKINS UNIVERSITY ($66.5M); MASSACHUSETTS EYE AND EAR INFIRMARY ($63.7M); THE UNIVERSITY OF IOWA ($40.8M),,0.0,0.8173637532581228,0.9802642383629591,mostly universities,False
49a6de08-2356-43b3-af61-6116b229acd8,Forecast to Publish a Funding Opportunity Announcement for Limited Competition for the Continuation of the National Consortium on Alcohol and Neurodevelopment in Adolescence (NCANDA) Research Project Sites (U01 Clinical Trials Optional),93.273,1782147881.62,0.0,1457708084.539999,0.0,0.0,277980232.19,0.0,0.0,0.0,,YALE UNIV ($71.9M); UNIVERSITY OF NORTH CAROLINA AT CHAPEL HILL ($48.6M); TRUSTEES OF INDIANA UNIVERSITY ($45.7M),,0.0,0.8179501261224854,0.9739305781696588,mostly universities,False
4abe9c3d-1440-49c8-8e79-afc7650a4c56,Limited Competition: International epidemiology Databases to Evaluate AIDS (IeDEA) (U01 Clinical Trial Not Allowed),93.855,17242464734.02,0.0,12062638314.500011,0.0,9836298.42,3962763745.0300007,0.0,0.0,0.0,,"FRED HUTCHINSON CANCER CENTER ($787.0M); DUKE UNIVERSITY ($576.9M); UNIVERSITY OF CALIFORNIA, LOS ANGELES ($576.8M)",,0.0,0.6995889799153826,0.9299852779348832,mostly universities,False
4b258187-e0d2-4832-9ccb-f7c821c14e87,Supporting Talented Early Career Researchers in Genomics (R01 Clinical Trial Optional),93.172,1744531538.97,0.0,1235774918.2100003,1175890.0,1503596.0,492556536.87,0.0,0.0,0.0,,"THE LELAND STANFORD JUNIOR UNIVERSITY ($118.8M); UNIVERSITY OF WASHINGTON ($97.7M); THE BROAD INSTITUTE, INC ($94.8M)",,0.0,0.7083706373916415,0.9922497257355505,mostly universities,False
4c2c5a17-fc4e-4833-8eeb-f59b2fdb61d0,Competing Revisions to Existing NIH Single Project Research Grants and Cooperative Agreements (Clinical Trial Optional),93.172;93.213;93.242;93.273;93.279;93.307;93.310;93.350;93.394;93.865;93.866;93.867,50923007425.07001,0.0,38782883600.009995,3080302.36,36665303.92,9032100000.839998,0.0,0.0,0.0,,"THE LELAND STANFORD JUNIOR UNIVERSITY ($118.8M); UNIVERSITY OF WASHINGTON ($97.7M); THE BROAD INSTITUTE, INC ($94.8M) | YALE UNIV ($22.6M); THE GENERAL HOSPITAL CORPORATION ($17.0M); DUKE UNIVERSITY ($15.9M) | YALE UNIV ($308.6M); UNIVERSITY OF PITTSBURGH - OF THE COMMONWEALTH SYSTEM OF HIGHER EDUCATION ($244.2M); UNIVERSITY OF CALIFORNIA, LOS ANGELES ($186.0M) | YALE UNIV ($71.9M); UNIVERSITY OF ",,0.0,0.7615984514873078,0.9397467201352002,mostly universities,False
4cbf781d-7933-4399-a49c-bfb5699b64f0,Commercial Fishing Occupational Safety Research Cooperative Agreement (U01),93.262,467451525.40999997,14787640.309999997,351493913.23000026,0.0,31578874.61,69536097.25999999,55000.0,578513.52,578513.52,NORTH CAROLINA DEPARTMENT OF HEALTH & HUMAN SERVICES,CITY OF NEW YORK ($31.6M); CPWR: THE CENTER FOR CONSTRUCTION RESEARCH AND TRAINING ($21.4M); THE UNIVERSITY OF IOWA ($19.2M),,0.03163459632959763,0.7519366054516696,0.9998823407412106,NC DHHS has received awards,True
4d8391bf-3396-44ae-9ed0-11c9e6d9cac8,"Protecting the American Seafood Supply Chain by Countering Unfair Labor Practices and Illegal, Unreported, and Unregulated (IUU) Fishing  ",17.401,290139979.87,0.0,-1031.92,0.0,0.0,290141011.79,0.0,0.0,0.0,,INTERNATIONAL LABOR ORGANIZATION ($110.6M); AMERICAN CENTER FOR INTERNATIONAL LABOR SOLIDARITY ($55.6M); AMERICAN INSTITUTES FOR RESEARCH IN THE BEHAVIORAL SCIENCES ($27.3M),,0.0,-3.5566280815982743e-06,1.0,"mostly nonprofits, hospitals or companies",False
4da9bd7f-6bf3-4b54-9a5c-b82ff115a92c,Infrastructure Innovation for Biological Research,47.074,3345592896.0,0.0,2465298076.0,0.0,6112845.0,489212404.0,64002226.0,0.0,694321.0,FRIENDS OF THE NORTH CAROLINA STATE MUSEUM OF NATURAL SCIENCES,BATTELLE MEMORIAL INSTITUTE ($316.2M); ARIZONA STATE UNIVERSITY ($95.2M); CORNELL UNIVERSITY ($67.2M),,0.0,0.7368792774959312,0.884932332484245,mostly universities,False
4dc45e27-8d07-4a99-8eb7-4881330a4355,NHLBI Early Phase Clinical Trials for Therapeutics and/or Diagnostics for HLBS Disorders (R33 CT Required),93.233;93.837;93.838;93.839,11885078123.09,0.0,8798997666.559996,0.0,26852110.46,2220596376.5799994,0.0,0.0,0.0,,"BRIGHAM & WOMENS HOSPITAL INC ($302.8M); TRUSTEES OF THE UNIVERSITY OF PENNSYLVANIA, THE ($298.7M); REGENTS OF THE UNIVERSITY OF MICHIGAN ($288.2M)",,0.0,0.7403399098795612,0.929438245099901,mostly universities,False
4dd61e81-d44e-4e85-a0e2-c422124fd0b9,GREGoRi Innovation Projects (U01 Clinical Trial Optional),93.172,1744531538.97,0.0,1235774918.2100003,1175890.0,1503596.0,492556536.87,0.0,0.0,0.0,,"THE LELAND STANFORD JUNIOR UNIVERSITY ($118.8M); UNIVERSITY OF WASHINGTON ($97.7M); THE BROAD INSTITUTE, INC ($94.8M)",,0.0,0.7083706373916415,0.9922497257355505,mostly universities,False
4dd9dfaf-b0da-4193-b312-74e1dc62db30,Comprehensive Housing Counseling (CHC) and the Housing Counseling Training (HCT) NOFO (FY2026),14.169,192594590.04,32797960.53,559130.85,90074.0,2183601.9200000004,157441936.04,0.0,0.0,0.0,,NEIGHBORHOOD STABILIZATION CORP ($13.8M); NEIGHBORHOOD REINVESTMENT CORPORATION ($12.7M); UNIDOSUS ($10.2M),,0.17029533655741935,0.002903149303850508,1.0024824856186287,"mostly nonprofits, hospitals or companies",False
4df75ddd-298f-4d70-9808-1fea9dfed914,Forecast to Publish a Funding Opportunity Announcement for the Consortium on the Neurobiology of Adolescent Drinking in Adulthood (NADIA) Administrative Resource (Collaborative U24 - Clinical Trials not allowed),93.273,1782147881.62,0.0,1457708084.539999,0.0,0.0,277980232.19,0.0,0.0,0.0,,YALE UNIV ($71.9M); UNIVERSITY OF NORTH CAROLINA AT CHAPEL HILL ($48.6M); TRUSTEES OF INDIANA UNIVERSITY ($45.7M),,0.0,0.8179501261224854,0.9739305781696588,mostly universities,False
4e2240c3-a6ef-4034-be00-8d27dca92c4a,Continuing Enhanced National Surveillance for Prion Diseases in the United States,93.317,454046488.84,328178810.44000006,8584073.0,3600383.0,8200154.0,105483068.4,0.0,5567517.0,5567517.0,NORTH CAROLINA DEPARTMENT OF HEALTH & HUMAN SERVICES,"STATE OF GEORGIA DEPARTMENT OF PUBLIC HEALTH ($28.5M); MINNESOTA DEPARTMENT OF HEALTH ($27.6M); HEALTH RESEARCH, INC. ($26.3M)",,0.7227868037883802,0.018905713866284108,1.0000000000000002,NC DHHS has received awards,True
4e2c555d-74ae-4a26-8020-d495a5da96c7,Limited Competition: NIH Research Evaluation and Commercialization Hubs (REACH) (SB0 Clinical Trial Optional),93.310,4621186637.45,0.0,3411866036.6800003,0.0,3057218.0,973117064.68,0.0,0.0,0.0,,THE LELAND STANFORD JUNIOR UNIVERSITY ($131.6M); DUKE UNIVERSITY ($131.5M); YALE UNIV ($124.9M),,0.0,0.7383095088673349,0.9495483873772623,mostly universities,False
4e2d1339-1a18-4f9a-aaa7-30979fc73fe2,Austrian-American Partnership Fund (AAPF),19.040,257210709.31,0.0,18981816.92,765922.7,0.0,121256439.30999996,40952578.09,0.0,0.0,,MISCELLANEOUS FOREIGN AWARDEES ($41.0M); INDIVIDUAL RECIPIENT ($19.5M); MERIDIAN INTERNATIONAL CENTER ($4.4M),,0.0,0.07379870368120016,0.5482049301456434,mixed recipients (no state agencies),False
4e7c86f1-5e6b-41a0-b796-b440ac5e3909,DoW Toxic Exposures Investigator Initiated Research Award,12.420,5640094062.21,0.0,3068370069.44,0.0,22619849.59,1893474804.760001,0.0,0.0,0.0,,"THE HENRY M. JACKSON FOUNDATION FOR THE ADVANCEMENT OF MILITARY MEDICINE, INC. ($420.3M); THE UNIVERISTY OF TEXAS M.D. ANDERSON CANCER CENTER ($150.0M); THE JOHNS HOPKINS UNIVERSITY ($136.4M)",,0.0,0.5440281732176817,0.8837556020895334,mostly universities,False
4ec76651-17d7-47fd-ac5e-377e8673b3a4,Information Processing Techniques Office Office-Wide,12.910,1172499948.48,0.0,1075478694.6799998,250000.0,0.0,96771253.81000002,0.0,0.0,0.0,,CLEMSON UNIVERSITY ($82.3M); REGENTS OF THE UNIVERSITY OF MICHIGAN ($51.8M); MASSACHUSETTS INSTITUTE OF TECHNOLOGY ($49.8M),,0.0,0.9172526583683214,1.0000000000085285,mostly universities,False
4ed18a56-4304-49a2-b9b4-87b4d78eb4f1,Diabetes Research Centers (P30 Clinical Trial Optional),93.847,7801990499.05,0.0,5868063966.9,0.0,40709921.57,1426874242.5900002,0.0,0.0,0.0,,"REGENTS OF THE UNIVERSITY OF MICHIGAN ($278.9M); TRUSTEES OF THE UNIVERSITY OF PENNSYLVANIA, THE ($222.1M); WASHINGTON UNIVERSITY, THE ($189.5M)",,0.0,0.7521239570356458,0.9402277703303042,mostly universities,False
4f04382b-86c8-49e1-a3b9-ec0da7277e40,Minor Use Minor Species Development of Drugs (R01),93.103,978131651.19,204231952.81000003,317394711.29,6344842.82,13208169.0,393879205.75999993,0.0,0.0,6880186.38,NORTH CAROLINA DEPARTMENT OF AGRICULTURE & CONSUMER SERVICES,THE CRITICAL PATH INSTITUTE ($79.1M); NATIONAL ENVIRONMENTAL HEALTH ASSOCIATION ($44.4M); THE MEDICAL DEVICE INNOVATION CONSORTIUM ($42.6M),,0.2087980207587909,0.3244907890505904,0.9559642411554747,mixed recipients (some state agencies),False
4f1ce8e3-89e0-40a1-85fb-013a60630300,Research Experiences and/or Mentoring Networks through Research Education to Enhance Clinician-Scientists' Participation in NIDCDs Research (R25 Clinical Trial Not Allowed),93.173,1663121320.76,0.0,1359375084.86,0.0,0.0,270923269.94,0.0,0.0,0.0,,THE JOHNS HOPKINS UNIVERSITY ($66.5M); MASSACHUSETTS EYE AND EAR INFIRMARY ($63.7M); THE UNIVERSITY OF IOWA ($40.8M),,0.0,0.8173637532581228,0.9802642383629591,mostly universities,False
4f6152b1-c088-4abb-8da8-29a20fb63c3e,"DoW, Peer Reviewed Cancer, Impact Award",12.420,5640094062.21,0.0,3068370069.44,0.0,22619849.59,1893474804.760001,0.0,0.0,0.0,,"THE HENRY M. JACKSON FOUNDATION FOR THE ADVANCEMENT OF MILITARY MEDICINE, INC. ($420.3M); THE UNIVERISTY OF TEXAS M.D. ANDERSON CANCER CENTER ($150.0M); THE JOHNS HOPKINS UNIVERSITY ($136.4M)",,0.0,0.5440281732176817,0.8837556020895334,mostly universities,False
4f761ca6-4ece-4326-91ff-c2c32204bb3b,Stephen I. Katz Early Stage Investigator Research Project Grant (R01 Clinical Trial Not Allowed),93.113;93.121;93.172;93.173;93.213;93.233;93.242;93.273;93.286;93.307;93.313;93.351;93.361;93.393;93.398;93.837;93.838;93.839;93.840;93.846;93.847;93.855;93.865;93.866;93.867;93.879,86856891296.48999,215575.61000000002,65224506124.03001,12898414.43,139398737.28,16574830824.419998,0.0,0.0,0.0,,"ICAHN SCHOOL OF MEDICINE AT MOUNT SINAI ($73.2M); THE TRUSTEES OF COLUMBIA UNIVERSITY IN THE CITY OF NEW YORK ($64.4M); UNIVERSITY OF NORTH CAROLINA AT CHAPEL HILL ($57.1M) | REGENTS OF THE UNIVERSITY OF MICHIGAN ($71.4M); REGENTS OF THE UNIVERSITY OF CALIFORNIA, SAN FRANCISCO, THE ($64.3M); UNIVERSITY OF SOUTHERN CALIFORNIA ($62.6M) | THE LELAND STANFORD JUNIOR UNIVERSITY ($118.8M); UNIVERSITY OF",,2.4819632245888557e-06,0.7509422125342151,0.9435273177809645,mostly universities,False
4f7ad730-5f01-4d71-b5bc-9988525b234c,Sequestration Information,,0.0,0.0,0.0,0.0,0.0,0.0,0.0,0.0,0.0,,,no assistance listing,0.0,0.0,0.0,unknown (API error or non-standard listing),False
4f906add-a968-4b6d-998f-3affe46f681e,Tribal Undergraduate to Graduate Research Training and Leadership Experiences (TURTLE) Program (UE5/T32),93.859,12070484526.24,0.0,9612792260.85001,0.0,0.0,889455283.0399997,0.0,0.0,0.0,,"THE LELAND STANFORD JUNIOR UNIVERSITY ($235.0M); REGENTS OF THE UNIVERSITY OF MICHIGAN ($221.4M); UNIVERSITY OF CALIFORNIA, SAN DIEGO ($215.2M)",,0.0,0.7963882675921403,0.8700767165608966,mostly universities,False
4fa4f79e-d43d-42c9-9269-f219c7bc09df,Bioengineering Research Grants (BRG) (R01 Clinical Trial Optional),93.393;93.394;93.395;93.396;93.399;93.865;93.867,21578134047.77,0.0,14553531301.249996,5932664.0,166713678.95999998,5810271354.629999,0.0,0.0,0.0,,"THE UNIVERISTY OF TEXAS M.D. ANDERSON CANCER CENTER ($89.6M); SLOAN-KETTERING INSTITUTE FOR CANCER RESEARCH ($81.9M); FRED HUTCHINSON CANCER CENTER ($73.6M) | REGENTS OF THE UNIVERSITY OF CALIFORNIA, SAN FRANCISCO, THE ($91.2M); FRED HUTCHINSON CANCER CENTER ($89.9M); SLOAN-KETTERING INSTITUTE FOR CANCER RESEARCH ($76.5M) | THE UNIVERISTY OF TEXAS M.D. ANDERSON CANCER CENTER ($157.0M); ICAHN SCHOO",,0.0,0.6744573589649211,0.9517249709069419,mostly universities,False
4fce1597-43e0-4e67-9373-ad93f1171a51,"Limited Competition: Social, Behavioral, & Economic (SBE) Coordinating Center",93.307;93.361;93.865;93.866,22445959143.97,0.0,17272341792.4,3273218.36,10078080.9,3666263621.2599998,0.0,0.0,0.0,,"THE JOHNS HOPKINS UNIVERSITY ($58.5M); THE TRUSTEES OF COLUMBIA UNIVERSITY IN THE CITY OF NEW YORK ($51.8M); UNIVERSITY OF HAWAII ($43.0M) | TRUSTEES OF THE UNIVERSITY OF PENNSYLVANIA, THE ($33.2M); THE JOHNS HOPKINS UNIVERSITY ($26.0M); THE TRUSTEES OF COLUMBIA UNIVERSITY IN THE CITY OF NEW YORK ($25.0M) | REGENTS OF THE UNIVERSITY OF MICHIGAN ($145.9M); THE JOHNS HOPKINS UNIVERSITY ($122.6M); UN",,0.0,0.7695078513515041,0.9334400271573444,mostly universities,False
50071472-0dd1-45a4-bcb7-34b4b1a84bd0,BRAIN Initiative: Development and Validation of Novel Tools to Probe Cell-Specific and Circuit-Specific Processes in the Brain (R01 Clinical Trial Not Allowed),93.173;93.213;93.242;93.273;93.279;93.286;93.853;93.865;93.866;93.867,48594755374.68,0.0,37305971021.46,0.0,23162711.22,8045212196.12,0.0,0.0,0.0,,"THE JOHNS HOPKINS UNIVERSITY ($66.5M); MASSACHUSETTS EYE AND EAR INFIRMARY ($63.7M); THE UNIVERSITY OF IOWA ($40.8M) | YALE UNIV ($22.6M); THE GENERAL HOSPITAL CORPORATION ($17.0M); DUKE UNIVERSITY ($15.9M) | YALE UNIV ($308.6M); UNIVERSITY OF PITTSBURGH - OF THE COMMONWEALTH SYSTEM OF HIGHER EDUCATION ($244.2M); UNIVERSITY OF CALIFORNIA, LOS ANGELES ($186.0M) | YALE UNIV ($71.9M); UNIVERSITY OF N",,0.0,0.7676954176190389,0.9337292796095032,mostly universities,False
50331a23-c800-4eb5-af5a-d74df99b844c,Forecast to Publish a Notice of Funding Opportunity for Paul Calabresi Career Development Award in Clinical Oncology (K12 Clinical Trial Optional),93.398,846269561.51,0.0,607322565.2500002,0.0,9592638.66,231198380.13000003,0.0,0.0,0.0,,SLOAN-KETTERING INSTITUTE FOR CANCER RESEARCH ($43.7M); THE GENERAL HOSPITAL CORPORATION ($30.6M); THE UNIVERISTY OF TEXAS M.D. ANDERSON CANCER CENTER ($29.7M),,0.0,0.717646708415642,1.0021790013653689,mostly universities,False
507bb18b-7239-4c03-b50d-4a3b60589be7,Data Coordinating Center for the Aging and Alzheimer’s Disease Mouse Brain Atlas (AD-MBA),93.866,15229489497.87,0.0,11707506336.46,0.0,9857717.91,2433575328.85,0.0,0.0,0.0,,"REGENTS OF THE UNIVERSITY OF CALIFORNIA, SAN FRANCISCO, THE ($499.5M); THE TRUSTEES OF COLUMBIA UNIVERSITY IN THE CITY OF NEW YORK ($473.8M); WASHINGTON UNIVERSITY, THE ($471.3M)",,0.0,0.7687392501303089,0.9291801530969999,mostly universities,False
508e8ee7-6925-4593-a548-66578974572f,Mathematical Foundations of Artificial Intelligence,47.041;47.049;47.070;47.075,14983925082.0,0.0,12193430075.0,5844001.0,3996174.0,1880051787.0,82471391.0,0.0,0.0,,"PURDUE UNIVERSITY ($81.2M); REGENTS OF THE UNIVERSITY OF MICHIGAN ($81.1M); GEORGIA TECH RESEARCH CORP ($80.6M) | ASSOCIATION OF UNIVERSITIES FOR RESEARCH IN ASTRONOMY, INC. ($574.0M); ASSOCIATED UNIVERSITIES INC ($531.2M); CALIFORNIA INSTITUTE OF TECHNOLOGY ($254.7M) | UNIVERSITY OF TEXAS AT AUSTIN ($331.4M); UNIVERSITY OF CALIFORNIA, SAN DIEGO ($169.2M); UNIVERSITY OF ILLINOIS ($164.0M) | REGENT",,0.0,0.8137674213045695,0.9398953852163955,mostly universities,False
50a28cda-9dcb-4999-bc2c-75ad4e7cc547,Addressing Methodological Challenges with Clinical Trials of Rapid-Acting Psychotropic Interventional Drugs (RAPIDs) (R01 Clinical Trial Required),93.242;93.279,13084238867.2,0.0,9752262240.44,0.0,0.0,2289940615.2299995,0.0,0.0,0.0,,"YALE UNIV ($308.6M); UNIVERSITY OF PITTSBURGH - OF THE COMMONWEALTH SYSTEM OF HIGHER EDUCATION ($244.2M); UNIVERSITY OF CALIFORNIA, LOS ANGELES ($186.0M) | YALE UNIV ($242.7M); THE JOHNS HOPKINS UNIVERSITY ($216.1M); UNIVERSITY OF CALIFORNIA, SAN DIEGO ($210.2M)",,0.0,0.74534425268613,0.9203594475684627,mostly universities,False
50d300a2-0377-4080-8f75-bb859772abfc,Limited Competition: Intellectual and Developmental Disabilities Research Centers 2027 (P50 Clinical Trial Optional),93.865,4921279091.58,0.0,3623055293.56,0.0,0.0,913474006.4399998,0.0,0.0,0.0,,REGENTS OF THE UNIVERSITY OF MICHIGAN ($145.9M); THE JOHNS HOPKINS UNIVERSITY ($122.6M); UNIVERSITY OF WASHINGTON ($109.8M),,0.0,0.736201956064394,0.921819148148236,mostly universities,False
50dc6b92-b042-4204-ba74-2753a244be5a,"Pilot Projects to Enhance the Human Virome Program (R03, Clinical Trials Not Allowed)",93.310,4621186637.45,0.0,3411866036.6800003,0.0,3057218.0,973117064.68,0.0,0.0,0.0,,THE LELAND STANFORD JUNIOR UNIVERSITY ($131.6M); DUKE UNIVERSITY ($131.5M); YALE UNIV ($124.9M),,0.0,0.7383095088673349,0.9495483873772623,mostly universities,False
50e5b762-c9bc-49bb-817e-ece3e37c28e6,NextTech: Translational Development of Next-Generation Diagnostic and Therapeutic Devices (R18 Clinical Trial Not Allowed),93.121;93.286,2904968673.48,0.0,2317196519.9600005,812963.07,900368.0,528924546.8399999,0.0,0.0,0.0,,"REGENTS OF THE UNIVERSITY OF MICHIGAN ($71.4M); REGENTS OF THE UNIVERSITY OF CALIFORNIA, SAN FRANCISCO, THE ($64.3M); UNIVERSITY OF SOUTHERN CALIFORNIA ($62.6M) | THE GENERAL HOSPITAL CORPORATION ($72.2M); THE JOHNS HOPKINS UNIVERSITY ($67.8M); THE LELAND STANFORD JUNIOR UNIVERSITY ($42.0M)",,0.0,0.7976666120754138,0.9803322231555923,mostly universities,False
50f3efc1-a95b-419c-bd5e-b89edc3dc80c,NICHD Small Research Grant Program (R03 Clinical Trial Required),93.865,4921279091.58,0.0,3623055293.56,0.0,0.0,913474006.4399998,0.0,0.0,0.0,,REGENTS OF THE UNIVERSITY OF MICHIGAN ($145.9M); THE JOHNS HOPKINS UNIVERSITY ($122.6M); UNIVERSITY OF WASHINGTON ($109.8M),,0.0,0.736201956064394,0.921819148148236,mostly universities,False
50ff4aad-87f9-4f11-bca8-d1c00f5a4d2a,NFRP Outreach and Invitation for Response,12.420,5640094062.21,0.0,3068370069.44,0.0,22619849.59,1893474804.760001,0.0,0.0,0.0,,"THE HENRY M. JACKSON FOUNDATION FOR THE ADVANCEMENT OF MILITARY MEDICINE, INC. ($420.3M); THE UNIVERISTY OF TEXAS M.D. ANDERSON CANCER CENTER ($150.0M); THE JOHNS HOPKINS UNIVERSITY ($136.4M)",,0.0,0.5440281732176817,0.8837556020895334,mostly universities,False
51fa7e21-beca-497f-a0f1-bf175382f77f,Fiscal Year (FY) 2027 Service Area Competition (SAC),93.224,13569529178.64,0.0,0.0,39983416.69,184853942.29,4420764918.75,0.0,9906240.86,9906240.86,NORTH CAROLINA DEPARTMENT OF HEALTH & HUMAN SERVICES,"CLINICA SIERRA VISTA ($52.4M); FAMILY HEALTH CENTERS OF SAN DIEGO INC ($51.8M); SUN RIVER HEALTH, INC. ($50.2M)",,0.0,0.0,0.3423554506992558,NC DHHS has received awards,True
5204aaa0-cb25-4d97-8e18-d6b29b34d8f9,Tribal Epidemiology Centers,93.231,164886552.88,0.0,0.0,150742722.88,800000.0,13343830.0,0.0,0.0,0.0,,GREAT PLAINS TRIBAL LEADERS HEALTH BOARD ($9.5M); ALASKA NATIVE TRIBAL HEALTH CONSORTIUM ($7.6M); SOUTHERN PLAINS TRIBAL HEALTH BOARD FOUNDATION ($7.6M),,0.0,0.0,1.0,mostly tribal / Native organizations,False
520cc49c-fa6d-4cce-9611-19be42ea2724,EDA FY25 Disaster Supplemental,11.307,3725930093.24,391215607.03,584249726.72,50533149.0,426612756.55,896082043.5600001,0.0,0.0,0.0,,THE RESEARCH FOUNDATION FOR THE STATE UNIVERSITY OF NEW YORK ($65.8M); WICHITA STATE UNIVERSITY ($53.0M); THE SOUTHEAST CONFERENCE ($49.5M),,0.10499810711419068,0.1568064113119061,0.6303642913540602,mixed recipients (some state agencies),False
520e6ef2-752e-4894-95de-13e8ac7dfca1,"Continuation of the Cardiovascular Repository for-Type 1 Diabetes (CARE-T1D) Consortium U01 (Open Competition)- Research (U01, Clinical Trial Not Allowed)",93.233;93.837;93.838;93.839;93.840;93.847,19690346096.74,215575.61000000002,14668715298.529995,558986.0,67901851.26,3647980047.8599997,0.0,0.0,0.0,,"BRIGHAM & WOMENS HOSPITAL INC ($302.8M); TRUSTEES OF THE UNIVERSITY OF PENNSYLVANIA, THE ($298.7M); REGENTS OF THE UNIVERSITY OF MICHIGAN ($288.2M) | THE REGENTS OF THE UNIVERSITY OF COLORADO ($1.5M); INDIANA DEPARTMENT OF HEALTH ($0.6M); MINNESOTA DEPARTMENT OF HEALTH ($0.4M) | REGENTS OF THE UNIVERSITY OF MICHIGAN ($278.9M); TRUSTEES OF THE UNIVERSITY OF PENNSYLVANIA, THE ($222.1M); WASHINGTON U",,1.094828952933902e-05,0.7449699069006509,0.9337251701382708,mostly universities,False
521e78f6-0598-41f6-bebd-6b6c086adb20,"NSF Scholarships in Science, Technology, Engineering, and Mathematics Program",47.076,5482502686.0,0.0,3766900369.0,0.0,0.0,293745388.0,0.0,0.0,0.0,,"MASSACHUSETTS INSTITUTE OF TECHNOLOGY ($106.0M); REGENTS OF THE UNIVERSITY OF CALIFORNIA, THE ($105.6M); THE LELAND STANFORD JUNIOR UNIVERSITY ($103.6M)",,0.0,0.6870767940741872,0.7406554979661345,mostly universities,False
524198f2-b212-4255-9487-070e29a13099,Jobs Plus NOFO for FY2026,14.895,38731199.839999996,3000000.0,0.0,0.0,19099631.13,16631568.709999999,0.0,0.0,0.0,,NEW YORK CITY HOUSING AUTHORITY ($3.7M); SOUTHERN NEVADA REGIONAL HOUSING AUTHORITY ($3.0M); VALDOSTA HOUSING AUTHORITY ($3.0M),,0.07745693426470417,0.0,1.0,mixed recipients (some state agencies),False
52596a75-bd24-4f15-a996-b8fae56e392c,Digital Health Technology and Reciprocal Innovation to Improve Clinical and Public Health Outcomes,93.989,269299742.87,0.0,224151905.32000002,0.0,0.0,46411418.82000001,458618.0,0.0,0.0,,YALE UNIV ($10.7M); MAKERERE UNIVERSITY COLLEGE OF HEALTH SCIENCES ($8.3M); UNIVERSITY OF WASHINGTON ($8.1M),,0.0,0.8323509815908203,1.0046920998012612,mostly universities,False
5262e552-dc2e-4079-a0fc-4bc8e766fd74,"DoW Orthopaedic, Clinical Research Award",12.420,5640094062.21,0.0,3068370069.44,0.0,22619849.59,1893474804.760001,0.0,0.0,0.0,,"THE HENRY M. JACKSON FOUNDATION FOR THE ADVANCEMENT OF MILITARY MEDICINE, INC. ($420.3M); THE UNIVERISTY OF TEXAS M.D. ANDERSON CANCER CENTER ($150.0M); THE JOHNS HOPKINS UNIVERSITY ($136.4M)",,0.0,0.5440281732176817,0.8837556020895334,mostly universities,False
5269870b-a071-47ba-a076-d3fbc1955077,Innovative Traffic Safety Enforcement (ITSE) Grant Program,20.614,330065357.17,115609092.04000002,9611062.55,554986.0,0.0,204290216.57,0.0,0.0,792003.89,"MOTOR VEHICLES, NORTH CAROLINA DIVISION OF","HIGHWAY PATROL, CALIFORNIA ($63.7M); AUTOMOTIVE COALITION FOR TRAFFIC SAFETY, INC. ($56.2M); GOVERNORS HIGHWAY SAFETY ASSOCIATION (GHSA) ($14.1M)",,0.3502612119952219,0.02911866495898213,0.999999999969703,other state agencies win this,True
528f0601-d652-4708-bc74-3567f288f365,FY26 US DOT Drone Infrastructure Inspection Grants (DIIG) Program,20.765,0.0,0.0,0.0,0.0,0.0,0.0,0.0,0.0,0.0,,,,0.0,0.0,0.0,no awards found FY2022-FY2025,False
529df056-4a25-4428-99b4-2afb596b23d9,Mid-scale Research Infrastructure-1,47.041;47.049;47.050;47.070;47.074;47.075;47.076;47.079;47.083;47.084,32412699683.0,33153443.0,24271392297.0,5844001.0,10109019.0,4120282094.0,160901546.0,0.0,694321.0,FRIENDS OF THE NORTH CAROLINA STATE MUSEUM OF NATURAL SCIENCES,"PURDUE UNIVERSITY ($81.2M); REGENTS OF THE UNIVERSITY OF MICHIGAN ($81.1M); GEORGIA TECH RESEARCH CORP ($80.6M) | ASSOCIATION OF UNIVERSITIES FOR RESEARCH IN ASTRONOMY, INC. ($574.0M); ASSOCIATED UNIVERSITIES INC ($531.2M); CALIFORNIA INSTITUTE OF TECHNOLOGY ($254.7M) | UNIVERSITY CORPORATION FOR ATMOSPHERIC RESEARCH ($587.8M); WOODS HOLE OCEANOGRAPHIC INSTITUTION ($497.0M); TEXAS A & M RESEARCH F",,0.0010228534902752488,0.7488235331946138,0.8774579449460912,mostly universities,False
52f11090-a54a-4d78-bb43-0b4f1ef74882,Defense Security Cooperation University - Research Grants,12.024,10282453.89,4963200.0,2865006.92,0.0,0.0,2454246.9699999997,0.0,0.0,0.0,,CALIFORNIA MILITARY DEPARTMENT ($5.0M); CLEMSON UNIVERSITY ($0.6M); TRANSPARENCY INTERNATIONAL (UK) ($0.6M),,0.48268633665616173,0.2786306606039154,1.0,other state agencies win this,True
531f27d8-e616-4612-bf93-c4d912b7fa20,Training-based Workforce Development for Advanced Cyberinfrastructure  (CyberTraining),47.041;47.049;47.050;47.070;47.075;47.076,24733736305.0,0.0,19112680417.0,5844001.0,3996174.0,3112558494.0,96899320.0,0.0,0.0,,"PURDUE UNIVERSITY ($81.2M); REGENTS OF THE UNIVERSITY OF MICHIGAN ($81.1M); GEORGIA TECH RESEARCH CORP ($80.6M) | ASSOCIATION OF UNIVERSITIES FOR RESEARCH IN ASTRONOMY, INC. ($574.0M); ASSOCIATED UNIVERSITIES INC ($531.2M); CALIFORNIA INSTITUTE OF TECHNOLOGY ($254.7M) | UNIVERSITY CORPORATION FOR ATMOSPHERIC RESEARCH ($587.8M); WOODS HOLE OCEANOGRAPHIC INSTITUTION ($497.0M); TEXAS A & M RESEARCH F",,0.0,0.7727372921468526,0.8989777691413776,mostly universities,False
5332bec1-8e95-4161-b663-fd1f3b5eb506,Midcareer Investigator Award in Patient-Oriented Research (Parent K24 Independent Clinical Trial Not Allowed),93.113;93.173;93.213;93.233;93.242;93.273;93.279;93.307;93.310;93.313;93.361;93.837;93.838;93.839;93.840;93.846;93.855;93.866,72124659200.73999,215575.61000000002,53961232193.520004,4976897.359999999,57354387.010000005,13465219499.289999,0.0,0.0,0.0,,ICAHN SCHOOL OF MEDICINE AT MOUNT SINAI ($73.2M); THE TRUSTEES OF COLUMBIA UNIVERSITY IN THE CITY OF NEW YORK ($64.4M); UNIVERSITY OF NORTH CAROLINA AT CHAPEL HILL ($57.1M) | THE JOHNS HOPKINS UNIVERSITY ($66.5M); MASSACHUSETTS EYE AND EAR INFIRMARY ($63.7M); THE UNIVERSITY OF IOWA ($40.8M) | YALE UNIV ($22.6M); THE GENERAL HOSPITAL CORPORATION ($17.0M); DUKE UNIVERSITY ($15.9M) | YALE UNIV ($308.,,2.9889307261751086e-06,0.7481661999030474,0.9357271049968104,mostly universities,False
5360763c-6147-47d4-a126-1471c2ebb367,FY2026 Water Resources Research Act Non-Competitive Coordination,15.805,57643927.63,0.0,51415795.12,0.0,0.0,6228132.51,0.0,0.0,0.0,,NEVADA SYSTEM OF HIGHER EDUCATION ($3.9M); PURDUE UNIVERSITY ($3.5M); REGENTS OF THE UNIVERSITY OF MINNESOTA ($3.0M),,0.0,0.8919550980291173,0.9999999999999999,mostly universities,False
53985854-67e4-4f78-a110-e444a3e4ca3f,Continuation and Expansion of the National Mesothelioma Virtual Bank for Translational Research (U24),93.262,467451525.40999997,14787640.309999997,351493913.23000026,0.0,31578874.61,69536097.25999999,55000.0,578513.52,578513.52,NORTH CAROLINA DEPARTMENT OF HEALTH & HUMAN SERVICES,CITY OF NEW YORK ($31.6M); CPWR: THE CENTER FOR CONSTRUCTION RESEARCH AND TRAINING ($21.4M); THE UNIVERSITY OF IOWA ($19.2M),,0.03163459632959763,0.7519366054516696,0.9998823407412106,NC DHHS has received awards,True
539b476c-1468-4d9e-9ad6-00276f8fae1d,Domestic Violence Prevention: Forensic Healthcare Services,93.653,16900000.0,0.0,0.0,12850000.0,0.0,4050000.0,0.0,0.0,0.0,,GREAT PLAINS TRIBAL LEADERS HEALTH BOARD ($0.9M); CHOCTAW NATION OF OKLAHOMA ($0.9M); GERALD L IGNACE INDIAN HEALTH CENTER INC ($0.9M),,0.0,0.0,1.0,mostly tribal / Native organizations,False
53a03767-1e1c-416f-bfde-44b5ba74add8,Integrating Machine Learning with Computational Fluid Dynamics Models of Orally Inhaled Drug Products (U01) Clinical Trials Not Allowed,93.103,978131651.19,204231952.81000003,317394711.29,6344842.82,13208169.0,393879205.75999993,0.0,0.0,6880186.38,NORTH CAROLINA DEPARTMENT OF AGRICULTURE & CONSUMER SERVICES,THE CRITICAL PATH INSTITUTE ($79.1M); NATIONAL ENVIRONMENTAL HEALTH ASSOCIATION ($44.4M); THE MEDICAL DEVICE INNOVATION CONSORTIUM ($42.6M),,0.2087980207587909,0.3244907890505904,0.9559642411554747,mixed recipients (some state agencies),False
53a50b75-bff2-46ac-835b-e5f063f44959,Identify and Evaluate Potential Risk Factors for Amyotrophic Lateral Sclerosis (ALS),93.061,2146668.69,0.0,1480719.78,0.0,0.0,665948.9099999999,0.0,0.0,0.0,,PRESIDENT AND FELLOWS OF HARVARD COLLEGE ($1.0M); REGENTS OF THE UNIVERSITY OF MICHIGAN ($0.5M); FIREBIRD BIOMOLECULAR SCIENCES LLC ($0.5M),,0.0,0.6897756448853782,1.0,mostly universities,False
53a9668b-46cf-44c9-af8c-b5011200eb65,Preservation and Reinvestment Initiative for Community Enhancement (PRICE),14.024,225000000.0,42026690.629999995,0.0,25975671.97,18293269.93,138704367.47,0.0,0.0,0.0,,"ROC USA LLC ($38.1M); GREATER CHARLOTTESVILLE HABITAT FOR HUMANITY, INC. ($29.2M); KENTUCKY DEPARTMENT FOR LOCAL GOVERNMENT ($28.3M)",,0.18678529168888885,0.0,1.0,"mostly nonprofits, hospitals or companies",False
540f0a51-dda9-4ec3-889b-85b8c24f2787,Ruth L. Kirschstein National Research Service Award (NRSA) Short-Term Institutional Research Training Grant (Parent T35),93.113;93.173;93.213;93.233;93.273;93.286;93.351;93.847;93.866;93.867,33923109364.57,0.0,26385127349.16,1144693.0,62948039.800000004,5627431080.53,0.0,0.0,0.0,,ICAHN SCHOOL OF MEDICINE AT MOUNT SINAI ($73.2M); THE TRUSTEES OF COLUMBIA UNIVERSITY IN THE CITY OF NEW YORK ($64.4M); UNIVERSITY OF NORTH CAROLINA AT CHAPEL HILL ($57.1M) | THE JOHNS HOPKINS UNIVERSITY ($66.5M); MASSACHUSETTS EYE AND EAR INFIRMARY ($63.7M); THE UNIVERSITY OF IOWA ($40.8M) | YALE UNIV ($22.6M); THE GENERAL HOSPITAL CORPORATION ($17.0M); DUKE UNIVERSITY ($15.9M) | YALE UNIV ($71.9,,0.0,0.7777921258809246,0.9455693114025544,mostly universities,False
54289269-5100-4962-8d85-9acf50246ae0,Pacific Disaster Center,12.019,45483704.69,0.0,45483704.69,0.0,0.0,0.0,0.0,0.0,0.0,,UNIVERSITY OF HAWAII ($45.5M),,0.0,1.0,1.0,mostly universities,False
54392cd3-bbe0-42e1-93c2-ac78bfcae5ea,FY25 Long Range Broad Agency Announcement (BAA) for Navy and Marine Corps Science and Technology,12.300,3307063262.15,2300496.0,2565686577.1200027,0.0,2350000.0,542168836.0800002,0.0,0.0,0.0,,UNIVERSITY OF CALIFORNIA SAN DIEGO ($164.4M); MASSACHUSETTS INSTITUTE OF TECHNOLOGY ($137.1M); UNIVERSITY OF WASHINGTON ($102.3M),,0.0006956310834236636,0.775820228927822,0.9411691469054296,mostly universities,False
543cf352-4807-484e-92da-93fabdf76368,Title XVI Water Reclamation and Reuse Projects,15.504,864171612.37,1300000.0,0.0,0.0,400310296.05,462561316.31,0.0,0.0,0.0,,THE METROPOLITAN WATER DISTRICT OF SOUTHERN CALIFORNIA ($130.5M); CITY OF SAN BUENAVENTURA ($106.2M); WATER REPLENISHMENT DISTRICT OF SOUTHERN CALIFORNIA ($41.9M),,0.001504330831274052,0.0,0.9999999999884283,"mostly nonprofits, hospitals or companies",False
54666d94-e0dc-44d3-90e6-6eb913f79ca9,Implementation Research on Coordinated Combinations of Community-Clinical Linkage Strategies for Diabetes Prevention and Management,93.945,435677649.89000005,161630212.66,115784434.51000004,13422305.619999997,14862738.04,127533389.34999998,0.0,7074032.81,7074032.81,NORTH CAROLINA DEPARTMENT OF HEALTH & HUMAN SERVICES,"NATIONAL ASSOCIATION OF CHRONIC DISEASE DIRECTORS, INC. ($22.5M); MICHIGAN DEPARTMENT OF HEALTH AND HUMAN SERVICES ($9.5M); EMORY UNIVERSITY ($9.4M)",,0.37098577974061425,0.2657571131758384,0.9943890403590424,NC DHHS has received awards,True
5485b163-57e7-4818-b290-f1cdc0a65555,Department of War Cyber Service Academy (DoW CSA),12.902,32008651.73,0.0,29377471.39,0.0,0.0,2631180.34,0.0,0.0,0.0,,UNIVERSITY OF NORTH TEXAS ($2.1M); THE CITADEL ($1.8M); CEDARVILLE UNIVERSITY ($1.6M),,0.0,0.9177978390906751,1.0,mostly universities,False
54c6b441-1759-42d7-ae62-fff1161497c0,National Training Center for Title X and Teen Pregnancy Prevention (TPP),93.260,514157440.78999996,222350743.65,11640511.9,13819890.0,3266352.0,263079943.24,0.0,14866775.0,14866775.0,NORTH CAROLINA DEPARTMENT OF HEALTH & HUMAN SERVICES,ESSENTIAL ACCESS HEALTH ($30.1M); WOMENS HEALTH & FAMILY PLANNING ASSOCIATION OF TEXAS ($29.8M); NYS DEPARTMENT OF HEALTH ($22.9M),,0.4324565318132115,0.022639975572685326,1.0000000000000002,NC DHHS has received awards,True
54f00c74-f69e-43f8-9bec-cd99f315a66c,DoW Melanoma Research Program Idea Award,12.420,5640094062.21,0.0,3068370069.44,0.0,22619849.59,1893474804.760001,0.0,0.0,0.0,,"THE HENRY M. JACKSON FOUNDATION FOR THE ADVANCEMENT OF MILITARY MEDICINE, INC. ($420.3M); THE UNIVERISTY OF TEXAS M.D. ANDERSON CANCER CENTER ($150.0M); THE JOHNS HOPKINS UNIVERSITY ($136.4M)",,0.0,0.5440281732176817,0.8837556020895334,mostly universities,False
54f77fd7-7117-4d57-b433-20c3fd323434,Interdisciplinary Research to Understand the Complex Biology of Resilience to Alzheimer’s and Related Dementias Disease Risk,93.866,15229489497.87,0.0,11707506336.46,0.0,9857717.91,2433575328.85,0.0,0.0,0.0,,"REGENTS OF THE UNIVERSITY OF CALIFORNIA, SAN FRANCISCO, THE ($499.5M); THE TRUSTEES OF COLUMBIA UNIVERSITY IN THE CITY OF NEW YORK ($473.8M); WASHINGTON UNIVERSITY, THE ($471.3M)",,0.0,0.7687392501303089,0.9291801530969999,mostly universities,False
54f918aa-7f7a-4288-a918-ab0dfdb4aea6,Development of Psychosocial Therapeutic and Preventive Interventions for Mental Disorders (R61/R33 Clinical Trial Required),93.242,7107924163.190001,0.0,5396186256.740001,0.0,0.0,1251736935.5299997,0.0,0.0,0.0,,"YALE UNIV ($308.6M); UNIVERSITY OF PITTSBURGH - OF THE COMMONWEALTH SYSTEM OF HIGHER EDUCATION ($244.2M); UNIVERSITY OF CALIFORNIA, LOS ANGELES ($186.0M)",,0.0,0.7591789294384114,0.9352833597603335,mostly universities,False
55336300-357e-46bc-a3bc-b8ca8367da90,Annual Program Statement (APS),19.040,257210709.31,0.0,18981816.92,765922.7,0.0,121256439.30999996,40952578.09,0.0,0.0,,MISCELLANEOUS FOREIGN AWARDEES ($41.0M); INDIVIDUAL RECIPIENT ($19.5M); MERIDIAN INTERNATIONAL CENTER ($4.4M),,0.0,0.07379870368120016,0.5482049301456434,mixed recipients (no state agencies),False
55758ad7-4d40-42e0-b87e-ad97273cc2ab,Gabriella Miller Kids First Training and Outreach Core (U24 Clinical Trials Not Allowed),93.310,4621186637.45,0.0,3411866036.6800003,0.0,3057218.0,973117064.68,0.0,0.0,0.0,,THE LELAND STANFORD JUNIOR UNIVERSITY ($131.6M); DUKE UNIVERSITY ($131.5M); YALE UNIV ($124.9M),,0.0,0.7383095088673349,0.9495483873772623,mostly universities,False
55ace8a7-76fe-4727-b882-c231a2832875,NEI Translational Research Program for Therapeutics (R61/R33 Clinical Trial Not Allowed),93.867,2746084071.1800003,0.0,2270607054.3100004,0.0,5189540.32,363231100.28000015,0.0,0.0,0.0,,"THE JOHNS HOPKINS UNIVERSITY ($112.9M); THE LELAND STANFORD JUNIOR UNIVERSITY ($80.4M); REGENTS OF THE UNIVERSITY OF CALIFORNIA, SAN FRANCISCO, THE ($73.8M)",,0.0,0.8268527093324983,0.9610148948484315,mostly universities,False
55cdd522-19c9-4acf-a17c-040044dd46b4,"Suicide Prevention, Intervention, and Postvention",93.654,84476870.0,0.0,0.0,71400258.0,2000000.0,11076612.0,0.0,0.0,0.0,,INDIAN HEALTH COUNCIL INC ($2.9M); TUNICA-BILOXI TRIBE OF LOUISIANA TRIBAL OFFICE ($2.4M); INDIAN HEALTH CENTER OF SANTA CLARA VALLEY ($2.4M),,0.0,0.0,1.0,mostly tribal / Native organizations,False
560f93a2-b89b-4f91-b7cc-90076bf41cc5,F26AS00085 Aquatic Invasive Species Interjurisdictional Grants to the Great Lakes States and Tribes - Fiscal Year 2026 Great Lakes Restoration Initiative,15.662,126381093.26,56673221.580000006,7256115.76,1875406.34,774926.27,59801423.31,0.0,0.0,0.0,,"NATIONAL FISH AND WILDLIFE FOUNDATION ($47.6M); DEPARTMENT OF NATURAL RESOURCES ILLINOIS ($37.0M); NATURAL RESOURCES, OHIO DEPARTMENT OF, DIVISION OF WILDLIFE ($6.9M)",,0.4484311705027579,0.05741456710674445,1.0,other state agencies win this,True
5686905a-446f-4b0d-8885-e1683d35c3f4,"Pilot Testing, Implementation, and Evaluation of the Cervical, Breast and Colorectal Cancer Clinical Decision Support Tools",93.945,435677649.89000005,161630212.66,115784434.51000004,13422305.619999997,14862738.04,127533389.34999998,0.0,7074032.81,7074032.81,NORTH CAROLINA DEPARTMENT OF HEALTH & HUMAN SERVICES,"NATIONAL ASSOCIATION OF CHRONIC DISEASE DIRECTORS, INC. ($22.5M); MICHIGAN DEPARTMENT OF HEALTH AND HUMAN SERVICES ($9.5M); EMORY UNIVERSITY ($9.4M)",,0.37098577974061425,0.2657571131758384,0.9943890403590424,NC DHHS has received awards,True
568fb3c7-74aa-436e-83b3-7cfc226ae206,Early-Stage Dissemination and Implementation Research in Communication Disorders (R21 Clinical Trial Optional),93.173,1663121320.76,0.0,1359375084.86,0.0,0.0,270923269.94,0.0,0.0,0.0,,THE JOHNS HOPKINS UNIVERSITY ($66.5M); MASSACHUSETTS EYE AND EAR INFIRMARY ($63.7M); THE UNIVERSITY OF IOWA ($40.8M),,0.0,0.8173637532581228,0.9802642383629591,mostly universities,False
56b44275-40f7-4e14-bccb-c25c5e2df868,"Research on the Science and Technology Enterprise: Indicators, Statistics, and Methods (NCSES S&T)",47.075,843974005.0,0.0,705744304.0,0.0,0.0,76586867.0,10961722.0,0.0,0.0,,REGENTS OF THE UNIVERSITY OF MICHIGAN ($99.6M); NATIONAL BUREAU OF ECONOMIC RESEARCH INC ($29.0M); NATIONAL OPINION RESEARCH CENTER ($18.9M),,0.0,0.8362156888943517,0.9269612172474435,mostly universities,False
56cb921d-6c86-4108-bf10-a2ec4f8ceef3,Forecast to Publish a Funding Opportunity Announcement for Copy of Integrative Neuroscience Initiative on Alcoholism (INIA) Consortia Research Resource (U24) (Clinical Trial Optional),93.273,1782147881.62,0.0,1457708084.539999,0.0,0.0,277980232.19,0.0,0.0,0.0,,YALE UNIV ($71.9M); UNIVERSITY OF NORTH CAROLINA AT CHAPEL HILL ($48.6M); TRUSTEES OF INDIANA UNIVERSITY ($45.7M),,0.0,0.8179501261224854,0.9739305781696588,mostly universities,False
56d667b4-9531-44e3-a344-62763b27c1cf,World Trade Center Youth Research Coordinating Center (U54),93.262,467451525.40999997,14787640.309999997,351493913.23000026,0.0,31578874.61,69536097.25999999,55000.0,578513.52,578513.52,NORTH CAROLINA DEPARTMENT OF HEALTH & HUMAN SERVICES,CITY OF NEW YORK ($31.6M); CPWR: THE CENTER FOR CONSTRUCTION RESEARCH AND TRAINING ($21.4M); THE UNIVERSITY OF IOWA ($19.2M),,0.03163459632959763,0.7519366054516696,0.9998823407412106,NC DHHS has received awards,True
56e4c5bf-fe1e-4ae1-905b-93a9b53cd8d3,Foundational Research in Robotics,47.041;47.070,7412581981.0,0.0,6481922508.0,5844001.0,3996174.0,486628973.0,0.0,0.0,0.0,,"PURDUE UNIVERSITY ($81.2M); REGENTS OF THE UNIVERSITY OF MICHIGAN ($81.1M); GEORGIA TECH RESEARCH CORP ($80.6M) | UNIVERSITY OF TEXAS AT AUSTIN ($331.4M); UNIVERSITY OF CALIFORNIA, SAN DIEGO ($169.2M); UNIVERSITY OF ILLINOIS ($164.0M)",,0.0,0.8744486772105219,0.9414252245556378,mostly universities,False
57075261-4a9d-4834-b547-db4bc3befb71,Controlled Clinical Trials on Long-Term Effects of Nutritional Interventions on the Progression of Risk Factors for Age-Related Chronic Conditions Over the Life Span and Their Age of Onset,93.866,15229489497.87,0.0,11707506336.46,0.0,9857717.91,2433575328.85,0.0,0.0,0.0,,"REGENTS OF THE UNIVERSITY OF CALIFORNIA, SAN FRANCISCO, THE ($499.5M); THE TRUSTEES OF COLUMBIA UNIVERSITY IN THE CITY OF NEW YORK ($473.8M); WASHINGTON UNIVERSITY, THE ($471.3M)",,0.0,0.7687392501303089,0.9291801530969999,mostly universities,False
57c3cd68-e9e5-42c4-ac5b-b31a3ee245e3,Dementia Care and Caregiver Support Intervention Research - Stage I Only,93.866,15229489497.87,0.0,11707506336.46,0.0,9857717.91,2433575328.85,0.0,0.0,0.0,,"REGENTS OF THE UNIVERSITY OF CALIFORNIA, SAN FRANCISCO, THE ($499.5M); THE TRUSTEES OF COLUMBIA UNIVERSITY IN THE CITY OF NEW YORK ($473.8M); WASHINGTON UNIVERSITY, THE ($471.3M)",,0.0,0.7687392501303089,0.9291801530969999,mostly universities,False
58016469-6456-405c-b21d-838af9e3473a,Academic Research Enhancement Award (AREA) for Undergraduate-Focused Institutions (R15 Clinical Trial Required),93.173;93.233;93.242;93.273;93.279;93.361;93.393;93.394;93.395;93.396;93.399;93.837;93.838;93.839;93.840;93.853;93.865;93.866;93.867,73117143680.35,215575.61000000002,53821303827.969986,7860456.0,212099142.54,14503397050.42,0.0,0.0,0.0,,"THE JOHNS HOPKINS UNIVERSITY ($66.5M); MASSACHUSETTS EYE AND EAR INFIRMARY ($63.7M); THE UNIVERSITY OF IOWA ($40.8M) | YALE UNIV ($308.6M); UNIVERSITY OF PITTSBURGH - OF THE COMMONWEALTH SYSTEM OF HIGHER EDUCATION ($244.2M); UNIVERSITY OF CALIFORNIA, LOS ANGELES ($186.0M) | YALE UNIV ($71.9M); UNIVERSITY OF NORTH CAROLINA AT CHAPEL HILL ($48.6M); TRUSTEES OF INDIANA UNIVERSITY ($45.7M) | YALE UNIV",,2.948359292349316e-06,0.7360969140597636,0.937466544811996,mostly universities,False
580bf02a-af63-40f8-9fdc-e79ab5f63ad5,NCI Pathway to Independence Award (K99/R00  Clinical Trial Required),93.398,846269561.51,0.0,607322565.2500002,0.0,9592638.66,231198380.13000003,0.0,0.0,0.0,,SLOAN-KETTERING INSTITUTE FOR CANCER RESEARCH ($43.7M); THE GENERAL HOSPITAL CORPORATION ($30.6M); THE UNIVERISTY OF TEXAS M.D. ANDERSON CANCER CENTER ($29.7M),,0.0,0.717646708415642,1.0021790013653689,mostly universities,False
5812c680-3ea9-4883-8114-5502f4a5e53f,Exploratory Clinical Trial Grants in Arthritis and Musculoskeletal and Skin Diseases (R61 Clinical Trial Required),93.846,2137865170.47,0.0,1686577934.31,0.0,0.0,394461550.0499999,0.0,0.0,0.0,,"TRUSTEES OF THE UNIVERSITY OF PENNSYLVANIA, THE ($85.7M); REGENTS OF THE UNIVERSITY OF CALIFORNIA, SAN FRANCISCO, THE ($74.6M); BRIGHAM & WOMENS HOSPITAL INC ($72.0M)",,0.0,0.7889075314975141,0.9734194247163364,mostly universities,False
588a169a-478d-4554-bbd6-d8e3416000d2,Optimal Treatment Strategies for use of Anti-Obesity Medications (AOMs) in Children and Adolescents Clinical Centers (U01 Clinical Trial Required),93.847,7801990499.05,0.0,5868063966.9,0.0,40709921.57,1426874242.5900002,0.0,0.0,0.0,,"REGENTS OF THE UNIVERSITY OF MICHIGAN ($278.9M); TRUSTEES OF THE UNIVERSITY OF PENNSYLVANIA, THE ($222.1M); WASHINGTON UNIVERSITY, THE ($189.5M)",,0.0,0.7521239570356458,0.9402277703303042,mostly universities,False
58bf2237-9c6b-4e21-b2f2-cbd2e934e249,Expanding global health security through local partnerships in Ethiopia,93.318,800719163.77,0.0,120532829.8,6970522.0,13803314.0,664832940.8499999,0.0,0.0,0.0,,"WORLD HEALTH ORGANIZATION ($88.4M); THE TASK FORCE FOR GLOBAL HEALTH, INC. ($83.2M); AFRICAN FIELD EPIDEMIOLOGY NETWORK LTD ($79.4M)",,0.0,0.15053071695261944,1.006769468154701,"mostly nonprofits, hospitals or companies",False
58c36d1c-2ed3-40b5-adcd-fa09e2377565,"National Defense Education Program (NDEP) Science, Technology, Engineering, and Mathematics (STEM) Consortia Request for Information (RFI) for the Office of the Under Secretary of Defense (Research & Engineering)",12.006,112256422.95,0.0,56343815.030000016,0.0,0.0,55912607.910000004,0.0,0.0,0.0,,RESEARCH TRIANGLE INSTITUTE ($35.3M); THE UNIVERSITY OF TEXAS AT EL PASO ($9.3M); BARRY GOLDWATER SCHOLARSHIP ($9.0M),,0.0,0.5019206344664665,0.9999999999109185,mostly universities,False
5937fcae-3395-414e-968d-0c9f14113657,Cyberinfrastructure for Public Access and Open Science,47.041;47.049;47.050;47.070;47.074;47.075;47.076;47.079;47.083;47.084,32412699683.0,33153443.0,24271392297.0,5844001.0,10109019.0,4120282094.0,160901546.0,0.0,694321.0,FRIENDS OF THE NORTH CAROLINA STATE MUSEUM OF NATURAL SCIENCES,"PURDUE UNIVERSITY ($81.2M); REGENTS OF THE UNIVERSITY OF MICHIGAN ($81.1M); GEORGIA TECH RESEARCH CORP ($80.6M) | ASSOCIATION OF UNIVERSITIES FOR RESEARCH IN ASTRONOMY, INC. ($574.0M); ASSOCIATED UNIVERSITIES INC ($531.2M); CALIFORNIA INSTITUTE OF TECHNOLOGY ($254.7M) | UNIVERSITY CORPORATION FOR ATMOSPHERIC RESEARCH ($587.8M); WOODS HOLE OCEANOGRAPHIC INSTITUTION ($497.0M); TEXAS A & M RESEARCH F",,0.0010228534902752488,0.7488235331946138,0.8774579449460912,mostly universities,False
593a83b5-e3a6-4ef4-a1a4-07121d5accb9,Ending the HIV/HCV Epidemics in Indian Country,93.899,26860519.85,730000.0,5622385.949999999,0.0,5320297.84,15187836.060000002,0.0,0.0,0.0,,JSI RESEARCH & TRAINING INSTITUTE INC ($8.4M); THE TRUSTEES OF COLUMBIA UNIVERSITY IN THE CITY OF NEW YORK ($3.5M); AFRICAN-AMERICAN AIDS POLICY AND TRAINING INSTITUTE ($1.9M),,0.027177433797879378,0.20931783827705772,1.0,"mostly nonprofits, hospitals or companies",False
59439b3a-9619-474c-aa85-ae681e8129f9,Synthesis and Biological Activity Assessment of Different Diastereomers in siRNA Drug LEQVIO (Inclisiran) (U01) Clinical Trial Not Allowed,93.103,978131651.19,204231952.81000003,317394711.29,6344842.82,13208169.0,393879205.75999993,0.0,0.0,6880186.38,NORTH CAROLINA DEPARTMENT OF AGRICULTURE & CONSUMER SERVICES,THE CRITICAL PATH INSTITUTE ($79.1M); NATIONAL ENVIRONMENTAL HEALTH ASSOCIATION ($44.4M); THE MEDICAL DEVICE INNOVATION CONSORTIUM ($42.6M),,0.2087980207587909,0.3244907890505904,0.9559642411554747,mixed recipients (some state agencies),False
59462b36-6d05-4832-a628-427f72260f3d,State Veterans Home Construction Grant Program,64.005,645123484.39,365936878.95000017,0.0,0.0,0.0,279186605.44,0.0,0.0,-290494.03,"VETERANS AFFAIRS, NORTH CAROLINA DIVISION OF",VETERANS' HOME IN HOLYOKE ($215.3M); ILLINOIS DEPARTMENT OF VETERANS' AFFAIRS ($194.6M); DEPARTMENT OF VETERANS AFFAIRS MINNESOTA ($60.0M),,0.5672354019107113,0.0,1.0000000000000002,other state agencies win this,True
599c5796-9954-4aa0-93d2-4a70f0c432ce,"Energy, Power, Control, and Networks",47.041,3232868977.0,0.0,2788913637.0,0.0,0.0,193471652.0,0.0,0.0,0.0,,PURDUE UNIVERSITY ($81.2M); REGENTS OF THE UNIVERSITY OF MICHIGAN ($81.1M); GEORGIA TECH RESEARCH CORP ($80.6M),,0.0,0.8626745026914217,0.9225196907817647,mostly universities,False
59c3ea57-ba49-4e96-9706-0528937de746,Maximizing Investigators' Research Award (MIRA) (R35 - Clinical Trial Optional),93.859,12070484526.24,0.0,9612792260.85001,0.0,0.0,889455283.0399997,0.0,0.0,0.0,,"THE LELAND STANFORD JUNIOR UNIVERSITY ($235.0M); REGENTS OF THE UNIVERSITY OF MICHIGAN ($221.4M); UNIVERSITY OF CALIFORNIA, SAN DIEGO ($215.2M)",,0.0,0.7963882675921403,0.8700767165608966,mostly universities,False
59fa608f-e4ca-4ca9-b06c-6b499711f535,BRAIN Initiative: Development and Validation of Novel Tools and New Approaches for Neuroscience Research,93.242,7107924163.190001,0.0,5396186256.740001,0.0,0.0,1251736935.5299997,0.0,0.0,0.0,,"YALE UNIV ($308.6M); UNIVERSITY OF PITTSBURGH - OF THE COMMONWEALTH SYSTEM OF HIGHER EDUCATION ($244.2M); UNIVERSITY OF CALIFORNIA, LOS ANGELES ($186.0M)",,0.0,0.7591789294384114,0.9352833597603335,mostly universities,False
5a01de72-0d63-4009-852c-d2e64018c100,Alzheimer's Drug-Development Program (U01 Clinical Trial Optional),93.866,15229489497.87,0.0,11707506336.46,0.0,9857717.91,2433575328.85,0.0,0.0,0.0,,"REGENTS OF THE UNIVERSITY OF CALIFORNIA, SAN FRANCISCO, THE ($499.5M); THE TRUSTEES OF COLUMBIA UNIVERSITY IN THE CITY OF NEW YORK ($473.8M); WASHINGTON UNIVERSITY, THE ($471.3M)",,0.0,0.7687392501303089,0.9291801530969999,mostly universities,False
5a0b4ac7-5736-4698-ae7a-a12fca515956,Limited Competition: Chronic Kidney Diseases of UnceRtain Etiology (CKDu) in Agricultural Communities (CURE) Research Consortium- Field Epidemiology Sites,93.847,7801990499.05,0.0,5868063966.9,0.0,40709921.57,1426874242.5900002,0.0,0.0,0.0,,"REGENTS OF THE UNIVERSITY OF MICHIGAN ($278.9M); TRUSTEES OF THE UNIVERSITY OF PENNSYLVANIA, THE ($222.1M); WASHINGTON UNIVERSITY, THE ($189.5M)",,0.0,0.7521239570356458,0.9402277703303042,mostly universities,False
5a5fa137-3c95-47b6-ad88-a9c47719fa41,Core Research in Biological Sciences (BIO Core),47.074,3345592896.0,0.0,2465298076.0,0.0,6112845.0,489212404.0,64002226.0,0.0,694321.0,FRIENDS OF THE NORTH CAROLINA STATE MUSEUM OF NATURAL SCIENCES,BATTELLE MEMORIAL INSTITUTE ($316.2M); ARIZONA STATE UNIVERSITY ($95.2M); CORNELL UNIVERSITY ($67.2M),,0.0,0.7368792774959312,0.884932332484245,mostly universities,False
5a815c5e-6a8c-4e78-a1f0-df9a527788f4,"NIH StrokeNet Clinical Trials and Biomarker Studies for Stroke Treatment, Recovery, and Prevention (UG3/UH3 Clinical Trial Optional)",93.853,7301417548.76,0.0,5703307653.840002,0.0,8115452.99,1095037634.0900006,0.0,0.0,0.0,,"THE GENERAL HOSPITAL CORPORATION ($234.6M); REGENTS OF THE UNIVERSITY OF CALIFORNIA, SAN FRANCISCO, THE ($226.7M); THE JOHNS HOPKINS UNIVERSITY ($223.1M)",,0.0,0.7811233388246087,0.9322108611739297,mostly universities,False
5aa9cabe-0695-413f-9348-1b6b387e505b,NHLBI Outstanding Investigator Award (OIA) (R35 Clinical Trial Optional),93.233;93.837;93.838;93.839;93.840,11888355597.69,215575.61000000002,8800651331.629995,558986.0,27191929.69,2221105805.2699995,0.0,0.0,0.0,,"BRIGHAM & WOMENS HOSPITAL INC ($302.8M); TRUSTEES OF THE UNIVERSITY OF PENNSYLVANIA, THE ($298.7M); REGENTS OF THE UNIVERSITY OF MICHIGAN ($288.2M) | THE REGENTS OF THE UNIVERSITY OF COLORADO ($1.5M); INDIANA DEPARTMENT OF HEALTH ($0.6M); MINNESOTA DEPARTMENT OF HEALTH ($0.4M)",,1.8133341337963344e-05,0.740274906761708,0.9294576981148714,mostly universities,False
5ad87bc8-7d4d-4b27-a676-5a516f771c39,Plasma Physics,47.049,6727369096.0,0.0,5005763263.0,0.0,0.0,1316835947.0,71509669.0,0.0,0.0,,"ASSOCIATION OF UNIVERSITIES FOR RESEARCH IN ASTRONOMY, INC. ($574.0M); ASSOCIATED UNIVERSITIES INC ($531.2M); CALIFORNIA INSTITUTE OF TECHNOLOGY ($254.7M)",,0.0,0.7440892853606557,0.9398323653386774,mostly universities,False
5b0a5980-5b84-4cdf-9370-2a36c301760b,Development and Testing of a Multi-use Frameworks Playbook for Precision Medicine with AI: Integrating Imaging with Multimodal Data (PRIMED-AI) (U01 Clinical Trial Not Allowed),93.310,4621186637.45,0.0,3411866036.6800003,0.0,3057218.0,973117064.68,0.0,0.0,0.0,,THE LELAND STANFORD JUNIOR UNIVERSITY ($131.6M); DUKE UNIVERSITY ($131.5M); YALE UNIV ($124.9M),,0.0,0.7383095088673349,0.9495483873772623,mostly universities,False
5b1c2b70-6f77-40c5-8a01-f508bc98a0cf,Educational Funding Opportunity: Expanding education on skin lightening products (U01) Clinical Trials Not Allowed,93.103,978131651.19,204231952.81000003,317394711.29,6344842.82,13208169.0,393879205.75999993,0.0,0.0,6880186.38,NORTH CAROLINA DEPARTMENT OF AGRICULTURE & CONSUMER SERVICES,THE CRITICAL PATH INSTITUTE ($79.1M); NATIONAL ENVIRONMENTAL HEALTH ASSOCIATION ($44.4M); THE MEDICAL DEVICE INNOVATION CONSORTIUM ($42.6M),,0.2087980207587909,0.3244907890505904,0.9559642411554747,mixed recipients (some state agencies),False
5b1da72c-4257-4213-8658-e1e19d367e56,Division of Materials Research: Condensed Matter and Materials Theory (CMMT),47.049,6727369096.0,0.0,5005763263.0,0.0,0.0,1316835947.0,71509669.0,0.0,0.0,,"ASSOCIATION OF UNIVERSITIES FOR RESEARCH IN ASTRONOMY, INC. ($574.0M); ASSOCIATED UNIVERSITIES INC ($531.2M); CALIFORNIA INSTITUTE OF TECHNOLOGY ($254.7M)",,0.0,0.7440892853606557,0.9398323653386774,mostly universities,False
5b441628-d177-4d99-920d-70c016da6fb9,NSF STEM K-12,47.076,5482502686.0,0.0,3766900369.0,0.0,0.0,293745388.0,0.0,0.0,0.0,,"MASSACHUSETTS INSTITUTE OF TECHNOLOGY ($106.0M); REGENTS OF THE UNIVERSITY OF CALIFORNIA, THE ($105.6M); THE LELAND STANFORD JUNIOR UNIVERSITY ($103.6M)",,0.0,0.6870767940741872,0.7406554979661345,mostly universities,False
5b56ac84-232c-44a4-adb9-6094c341ddbf,U.S. Embassy Djibouti PDS Annual Program Statement,19.022;19.040,301728511.71,0.0,21642133.680000003,815846.6,0.0,150230758.36999995,49013172.45,0.0,0.0,,INDIVIDUAL RECIPIENT ($8.2M); MISCELLANEOUS FOREIGN AWARDEES ($8.1M); GEORGETOWN UNIVERSITY ($1.6M) | MISCELLANEOUS FOREIGN AWARDEES ($41.0M); INDIVIDUAL RECIPIENT ($19.5M); MERIDIAN INTERNATIONAL CENTER ($4.4M),,0.0,0.0717271747285218,0.5723315230347741,mixed recipients (no state agencies),False
5bee6178-e0a0-4f52-9dc7-bf54a8186f35,Limited Competition: Biomedical Research Environment & Sponsored Programs Administration Development (BRE-SPAD) Program,93.859,12070484526.24,0.0,9612792260.85001,0.0,0.0,889455283.0399997,0.0,0.0,0.0,,"THE LELAND STANFORD JUNIOR UNIVERSITY ($235.0M); REGENTS OF THE UNIVERSITY OF MICHIGAN ($221.4M); UNIVERSITY OF CALIFORNIA, SAN DIEGO ($215.2M)",,0.0,0.7963882675921403,0.8700767165608966,mostly universities,False
5bf434f3-5a29-4c07-a179-1ba41c662fd3,Agriculture and Food Research Initiative Competitive Grants Program Education and Workforce Development,10.310,1641161898.42,0.0,1460803382.4599998,0.0,0.0,129753570.83,0.0,0.0,0.0,,"OHIO STATE UNIVERSITY, THE ($63.3M); UNIVERSITY OF CALIFORNIA, DAVIS ($60.8M); PURDUE UNIVERSITY ($59.2M)",,0.0,0.8901031542752502,0.9691651718342235,mostly universities,False
5c3a6ce5-5ac6-4e16-b441-47f4deccd053,Pancreatic Cancer Detection Consortium: Research Units (U01 Clinical Trial Optional),93.394,2210353701.25,0.0,1345944191.9999993,0.0,17057231.69,718168494.6399997,0.0,0.0,0.0,,"REGENTS OF THE UNIVERSITY OF CALIFORNIA, SAN FRANCISCO, THE ($91.2M); FRED HUTCHINSON CANCER CENTER ($89.9M); SLOAN-KETTERING INSTITUTE FOR CANCER RESEARCH ($76.5M)",,0.0,0.6089270650388852,0.9415551534367803,mostly universities,False
5c44abb7-fd43-49f2-b7fa-50f90187812d,Limited Competition: CCRP Initiative: Promoting a Basic Understanding of Chemical Threats to Skin (R34 Clinical Trial Not Allowed),93.846;93.855,19380329904.49,0.0,13749216248.81001,0.0,9836298.42,4357225295.080001,0.0,0.0,0.0,,"TRUSTEES OF THE UNIVERSITY OF PENNSYLVANIA, THE ($85.7M); REGENTS OF THE UNIVERSITY OF CALIFORNIA, SAN FRANCISCO, THE ($74.6M); BRIGHAM & WOMENS HOSPITAL INC ($72.0M) | FRED HUTCHINSON CANCER CENTER ($787.0M); DUKE UNIVERSITY ($576.9M); UNIVERSITY OF CALIFORNIA, LOS ANGELES ($576.8M)",,0.0,0.7094418060254287,0.9347765456826854,mostly universities,False
5c4969d5-f078-4caa-b8d3-2b7b2b94cbe7,Forecast to Publish a Notice of Funding Opportunity for Small Business Transition Grant For Early Career Scientists (R41/R42 Clinical Trial Not Allowed),93.172;93.286;93.394,5356378346.53,0.0,3668297102.13,1175890.0,18560827.69,1490690912.8599997,0.0,0.0,0.0,,"THE LELAND STANFORD JUNIOR UNIVERSITY ($118.8M); UNIVERSITY OF WASHINGTON ($97.7M); THE BROAD INSTITUTE, INC ($94.8M) | THE GENERAL HOSPITAL CORPORATION ($72.2M); THE JOHNS HOPKINS UNIVERSITY ($67.8M); THE LELAND STANFORD JUNIOR UNIVERSITY ($42.0M) | REGENTS OF THE UNIVERSITY OF CALIFORNIA, SAN FRANCISCO, THE ($91.2M); FRED HUTCHINSON CANCER CENTER ($89.9M); SLOAN-KETTERING INSTITUTE FOR CANCER RE",,0.0,0.6848465259192189,0.9668332589005613,mostly universities,False
5c5aded0-56d5-455b-8a4d-3fc2af8881f7,Identification of Drug-related and Formulation-Related Factors that Result in Alcohol Dose Dumping of Modified Release Oral Drug Products (U01) Clinical Trial Not Allowed,93.103,978131651.19,204231952.81000003,317394711.29,6344842.82,13208169.0,393879205.75999993,0.0,0.0,6880186.38,NORTH CAROLINA DEPARTMENT OF AGRICULTURE & CONSUMER SERVICES,THE CRITICAL PATH INSTITUTE ($79.1M); NATIONAL ENVIRONMENTAL HEALTH ASSOCIATION ($44.4M); THE MEDICAL DEVICE INNOVATION CONSORTIUM ($42.6M),,0.2087980207587909,0.3244907890505904,0.9559642411554747,mixed recipients (some state agencies),False
5c771725-7f87-4355-b81c-4057facbdbb2,Alumni Engagement Innovation Fund (AEIF) 2021,19.022,44517802.4,0.0,2660316.7600000002,49923.9,0.0,28974319.05999999,8060594.36,0.0,0.0,,INDIVIDUAL RECIPIENT ($8.2M); MISCELLANEOUS FOREIGN AWARDEES ($8.1M); GEORGETOWN UNIVERSITY ($1.6M),,0.0,0.05975849248120119,0.7117278484528247,"mostly nonprofits, hospitals or companies",False
5cbcf015-ea67-4e2d-ba06-d129fcb90301,Joint Center of Excellence for Advanced Materials Research,20.109,169435111.43,0.0,150327122.28000003,0.0,0.0,19107989.15,0.0,0.0,0.0,,WICHITA STATE UNIVERSITY ($29.8M); GEORGIA TECH RESEARCH CORP ($18.9M); MISSISSIPPI STATE UNIVERSITY ($16.6M),,0.0,0.8872253278040649,1.0000000000000002,mostly universities,False
5d178606-a977-4ffe-bddf-bfe72eeb4c43,NIH Research Education Program - Research Experiences (Parent R25 - Clinical Trial Not Allowed),93.113;93.121;93.172;93.173;93.233;93.242;93.273;93.279;93.310;93.313;93.361;93.398;93.837;93.838;93.839;93.840;93.847;93.853;93.855;93.859;93.865;93.866;93.867;93.879;93.T21;93.THR,107038653891.59,215575.61000000002,80871996392.83002,5061338.07,125123704.55,18434623935.15,0.0,0.0,0.0,,"ICAHN SCHOOL OF MEDICINE AT MOUNT SINAI ($73.2M); THE TRUSTEES OF COLUMBIA UNIVERSITY IN THE CITY OF NEW YORK ($64.4M); UNIVERSITY OF NORTH CAROLINA AT CHAPEL HILL ($57.1M) | REGENTS OF THE UNIVERSITY OF MICHIGAN ($71.4M); REGENTS OF THE UNIVERSITY OF CALIFORNIA, SAN FRANCISCO, THE ($64.3M); UNIVERSITY OF SOUTHERN CALIFORNIA ($62.6M) | THE LELAND STANFORD JUNIOR UNIVERSITY ($118.8M); UNIVERSITY OF",not a standard assistance listing number,2.0139977677441415e-06,0.7555401105355652,0.9289823566626781,mostly universities,False
5d21f1ac-343d-46c5-8304-6a9136c19af4,Limited Competition: High Impact Specialized Innovation Programs in Clinical and Translational Science,93.350,2413260512.71,0.0,2177769794.8499985,0.0,0.0,234321018.16000003,0.0,0.0,0.0,,VANDERBILT UNIVERSITY MEDICAL CENTER ($81.9M); UNIVERSITY OF PITTSBURGH - OF THE COMMONWEALTH SYSTEM OF HIGHER EDUCATION ($79.6M); UNIVERSITY OF NORTH CAROLINA AT CHAPEL HILL ($60.0M),,0.0,0.9024180287955922,0.9995153031784836,mostly universities,False
5d3176e5-2dab-44c7-b2eb-8061f68175ac,INCLUDE Project: Exploratory/Developmental Research Awards for Down syndrome (R21 Clinical Trial Not Allowed),93.121;93.173;93.233;93.310;93.351;93.395;93.837;93.838;93.839;93.840;93.846;93.855;93.865;93.866;93.867;93.879,67926889149.270004,215575.61000000002,49882787574.31001,1371949.0699999998,126038496.99000001,13625770781.210001,0.0,0.0,0.0,,"REGENTS OF THE UNIVERSITY OF MICHIGAN ($71.4M); REGENTS OF THE UNIVERSITY OF CALIFORNIA, SAN FRANCISCO, THE ($64.3M); UNIVERSITY OF SOUTHERN CALIFORNIA ($62.6M) | THE JOHNS HOPKINS UNIVERSITY ($66.5M); MASSACHUSETTS EYE AND EAR INFIRMARY ($63.7M); THE UNIVERSITY OF IOWA ($40.8M) | THE LELAND STANFORD JUNIOR UNIVERSITY ($131.6M); DUKE UNIVERSITY ($131.5M); YALE UNIV ($124.9M) | UNIVERSITY OF CALIFO",,3.1736417300999977e-06,0.7343599596426696,0.9368334863289393,mostly universities,False
5df08c2e-5127-472c-a6ff-8e0bd4c6509b,Single Source for the Continuation of the Physiology of the Weight Reduced State (POWERS) Study (U01- Clinical Trials Required),93.847,7801990499.05,0.0,5868063966.9,0.0,40709921.57,1426874242.5900002,0.0,0.0,0.0,,"REGENTS OF THE UNIVERSITY OF MICHIGAN ($278.9M); TRUSTEES OF THE UNIVERSITY OF PENNSYLVANIA, THE ($222.1M); WASHINGTON UNIVERSITY, THE ($189.5M)",,0.0,0.7521239570356458,0.9402277703303042,mostly universities,False
5e185327-5f25-4c09-889a-43615e1f54da,DEVCOM ARMY RESEARCH LABORATORY BROAD AGENCY ANNOUNCEMENT FOR FOUNDATIONAL RESEARCH,12.431,2303372550.5,0.0,1740909553.2299995,0.0,0.0,488342019.1999998,0.0,0.0,0.0,,"UNIVERSITY OF MARYLAND, COLLEGE PARK ($133.9M); GENERAL DYNAMICS ROBOTIC SYSTEMS INC ($106.0M); MASSACHUSETTS INSTITUTE OF TECHNOLOGY ($84.9M)",,0.0,0.7558089345347522,0.9678206731890111,mostly universities,False
5e20d263-9eee-432b-bbfe-ba53e73b13da,Early Stage Testing of Pharmacologic or Neuromodulatory Device-based Interventions for the Treatment of Mental Disorders (R61/R33 Clinical Trial Required),93.242,7107924163.190001,0.0,5396186256.740001,0.0,0.0,1251736935.5299997,0.0,0.0,0.0,,"YALE UNIV ($308.6M); UNIVERSITY OF PITTSBURGH - OF THE COMMONWEALTH SYSTEM OF HIGHER EDUCATION ($244.2M); UNIVERSITY OF CALIFORNIA, LOS ANGELES ($186.0M)",,0.0,0.7591789294384114,0.9352833597603335,mostly universities,False
5e2908a1-beec-4438-ad6c-c5ff453cfa44,Marine Geology and Geophysics,47.050,4267308537.0,0.0,3152349973.0,0.0,0.0,938761319.0,14427929.0,0.0,0.0,,UNIVERSITY CORPORATION FOR ATMOSPHERIC RESEARCH ($587.8M); WOODS HOLE OCEANOGRAPHIC INSTITUTION ($497.0M); TEXAS A & M RESEARCH FOUNDATION ($228.6M),,0.0,0.7387208929627016,0.9587099823056455,mostly universities,False
5e3d9abd-5a49-4f06-a82a-d7c050647ffe,Pilot Effectiveness Trials of Peer Support Services for Suicide Prevention,93.242,7107924163.190001,0.0,5396186256.740001,0.0,0.0,1251736935.5299997,0.0,0.0,0.0,,"YALE UNIV ($308.6M); UNIVERSITY OF PITTSBURGH - OF THE COMMONWEALTH SYSTEM OF HIGHER EDUCATION ($244.2M); UNIVERSITY OF CALIFORNIA, LOS ANGELES ($186.0M)",,0.0,0.7591789294384114,0.9352833597603335,mostly universities,False
5e977140-325e-47a7-b68e-6d76d7c6a77d,PAS Freetown Small Grants Program,19.040,257210709.31,0.0,18981816.92,765922.7,0.0,121256439.30999996,40952578.09,0.0,0.0,,MISCELLANEOUS FOREIGN AWARDEES ($41.0M); INDIVIDUAL RECIPIENT ($19.5M); MERIDIAN INTERNATIONAL CENTER ($4.4M),,0.0,0.07379870368120016,0.5482049301456434,mixed recipients (no state agencies),False
5ed4cdfe-bc42-4ccb-b082-b0f0b4002bac,Innovation Grants to Nurture Initial Translational Efforts (IGNITE):  Development and Validation of Model Systems to Facilitate Neurotherapeutic Discovery (R61/R33 Clinical Trial Not Allowed),93.853,7301417548.76,0.0,5703307653.840002,0.0,8115452.99,1095037634.0900006,0.0,0.0,0.0,,"THE GENERAL HOSPITAL CORPORATION ($234.6M); REGENTS OF THE UNIVERSITY OF CALIFORNIA, SAN FRANCISCO, THE ($226.7M); THE JOHNS HOPKINS UNIVERSITY ($223.1M)",,0.0,0.7811233388246087,0.9322108611739297,mostly universities,False
5edf6eec-e8eb-4a55-a914-5c6077ef8e64,The NIDDK Inflammatory Bowel Disease Genetics Consortium (IBDGC) Genomic Research Centers,93.847,7801990499.05,0.0,5868063966.9,0.0,40709921.57,1426874242.5900002,0.0,0.0,0.0,,"REGENTS OF THE UNIVERSITY OF MICHIGAN ($278.9M); TRUSTEES OF THE UNIVERSITY OF PENNSYLVANIA, THE ($222.1M); WASHINGTON UNIVERSITY, THE ($189.5M)",,0.0,0.7521239570356458,0.9402277703303042,mostly universities,False
5eee2aa1-5761-4fdb-a0d0-835245a05a86,FDA OMHHE Convener for Racial & Ethnic minority Acceleration Consortium for Health Equity (REACH),93.103,978131651.19,204231952.81000003,317394711.29,6344842.82,13208169.0,393879205.75999993,0.0,0.0,6880186.38,NORTH CAROLINA DEPARTMENT OF AGRICULTURE & CONSUMER SERVICES,THE CRITICAL PATH INSTITUTE ($79.1M); NATIONAL ENVIRONMENTAL HEALTH ASSOCIATION ($44.4M); THE MEDICAL DEVICE INNOVATION CONSORTIUM ($42.6M),,0.2087980207587909,0.3244907890505904,0.9559642411554747,mixed recipients (some state agencies),False
5f3dd026-e320-4834-a0fc-86d17021a346,Alliance for Innovation on Maternal Health (AIM) Technical Assistance Center,93.688,0.0,0.0,0.0,0.0,0.0,0.0,0.0,0.0,0.0,,,,0.0,0.0,0.0,no awards found FY2022-FY2025,False
5f45c3a4-a418-4723-948a-6643b32cba1a,Long-term health outcomes of people living with spina bifida,93.073,69646456.33,15137819.11,31060032.0,0.0,503994.0,22944611.22,0.0,662000.0,662000.0,NORTH CAROLINA DEPARTMENT OF HEALTH & HUMAN SERVICES,THE JOHNS HOPKINS UNIVERSITY ($4.5M); UNIVERSITY OF NORTH CAROLINA AT CHAPEL HILL ($3.4M); AMERICAN ACADEMY OF PEDIATRICS ($2.8M),,0.21735232354498746,0.4459671552107524,1.0,NC DHHS has received awards,True
5fae2522-d0cd-4356-819f-e19bd7aeb1ba,"DoW Military Burn, Discovery Award",12.420,5640094062.21,0.0,3068370069.44,0.0,22619849.59,1893474804.760001,0.0,0.0,0.0,,"THE HENRY M. JACKSON FOUNDATION FOR THE ADVANCEMENT OF MILITARY MEDICINE, INC. ($420.3M); THE UNIVERISTY OF TEXAS M.D. ANDERSON CANCER CENTER ($150.0M); THE JOHNS HOPKINS UNIVERSITY ($136.4M)",,0.0,0.5440281732176817,0.8837556020895334,mostly universities,False
5fc752ac-cdc0-43d4-b57d-940045f472c6,Limited Competition: Renewal of Existing NINDS-Supported Clinical Trial Cooperative Agreement Awards (U01 - Clinical Trials Required),93.853,7301417548.76,0.0,5703307653.840002,0.0,8115452.99,1095037634.0900006,0.0,0.0,0.0,,"THE GENERAL HOSPITAL CORPORATION ($234.6M); REGENTS OF THE UNIVERSITY OF CALIFORNIA, SAN FRANCISCO, THE ($226.7M); THE JOHNS HOPKINS UNIVERSITY ($223.1M)",,0.0,0.7811233388246087,0.9322108611739297,mostly universities,False
5fc9e460-abc2-4c8b-b02e-25090753f213,Resource-Related Research Projects for Development of Models and Related Materials for Studying Human Health and Diseases (R24 Clinical Trials Not Allowed),93.351,1118184048.6399999,0.0,854422162.4500003,0.0,0.0,252743423.24999994,0.0,0.0,0.0,,"UNIVERSITY OF CALIFORNIA, DAVIS ($82.0M); OREGON HEALTH & SCIENCE UNIVERSITY ($72.4M); UNIVERSITY OF WASHINGTON ($63.7M)",,0.0,0.7641158568566578,0.9901461097093981,mostly universities,False
5fe4b6b6-e5dc-48d0-ac8a-9df771d873fa,Youth Regional Treatment Center Aftercare Program,93.654,84476870.0,0.0,0.0,71400258.0,2000000.0,11076612.0,0.0,0.0,0.0,,INDIAN HEALTH COUNCIL INC ($2.9M); TUNICA-BILOXI TRIBE OF LOUISIANA TRIBAL OFFICE ($2.4M); INDIAN HEALTH CENTER OF SANTA CLARA VALLEY ($2.4M),,0.0,0.0,1.0,mostly tribal / Native organizations,False
6006bba3-62e3-41fd-865f-4bfe25e8f9b3,Autism Centers of Excellence R01,93.865,4921279091.58,0.0,3623055293.56,0.0,0.0,913474006.4399998,0.0,0.0,0.0,,REGENTS OF THE UNIVERSITY OF MICHIGAN ($145.9M); THE JOHNS HOPKINS UNIVERSITY ($122.6M); UNIVERSITY OF WASHINGTON ($109.8M),,0.0,0.736201956064394,0.921819148148236,mostly universities,False
602cbc1a-d601-44f1-90d7-e6914ba594a6,Bridge2AI Network for AI Health Science,93.310,4621186637.45,0.0,3411866036.6800003,0.0,3057218.0,973117064.68,0.0,0.0,0.0,,THE LELAND STANFORD JUNIOR UNIVERSITY ($131.6M); DUKE UNIVERSITY ($131.5M); YALE UNIV ($124.9M),,0.0,0.7383095088673349,0.9495483873772623,mostly universities,False
6044773a-6221-44e4-81e9-e61c47d4119a,"Specialized Programs of Research Excellence (SPOREs) in Human Cancers for Years 2027, 2028, and 2029 (P50 Clinical Trial Required)",93.395,4568620330.34,0.0,2629279955.890001,0.0,68247624.65,1552601081.4500003,0.0,0.0,0.0,,"THE UNIVERISTY OF TEXAS M.D. ANDERSON CANCER CENTER ($157.0M); ICAHN SCHOOL OF MEDICINE AT MOUNT SINAI ($154.8M); DANA-FARBER CANCER INSTITUTE, INC. ($149.6M)",,0.0,0.5755085268147743,0.9302871227370525,mostly universities,False
6057e668-8e43-40b4-8eca-c7f037995b28,SBE Postdoctoral Research Fellowships,47.075,843974005.0,0.0,705744304.0,0.0,0.0,76586867.0,10961722.0,0.0,0.0,,REGENTS OF THE UNIVERSITY OF MICHIGAN ($99.6M); NATIONAL BUREAU OF ECONOMIC RESEARCH INC ($29.0M); NATIONAL OPINION RESEARCH CENTER ($18.9M),,0.0,0.8362156888943517,0.9269612172474435,mostly universities,False
6076b54f-ab56-4ed2-81f5-8b43c030a4c0,Fiscal Year (FY) 2027 Service Area Competition (SAC),93.224,13569529178.64,0.0,0.0,39983416.69,184853942.29,4420764918.75,0.0,9906240.86,9906240.86,NORTH CAROLINA DEPARTMENT OF HEALTH & HUMAN SERVICES,"CLINICA SIERRA VISTA ($52.4M); FAMILY HEALTH CENTERS OF SAN DIEGO INC ($51.8M); SUN RIVER HEALTH, INC. ($50.2M)",,0.0,0.0,0.3423554506992558,NC DHHS has received awards,True
608cd9b0-5182-47eb-afff-c3777fb2081b,Paris Peace Agreements Report NOFO,19.040,257210709.31,0.0,18981816.92,765922.7,0.0,121256439.30999996,40952578.09,0.0,0.0,,MISCELLANEOUS FOREIGN AWARDEES ($41.0M); INDIVIDUAL RECIPIENT ($19.5M); MERIDIAN INTERNATIONAL CENTER ($4.4M),,0.0,0.07379870368120016,0.5482049301456434,mixed recipients (no state agencies),False
613a8201-3c22-4ac2-9dd3-bdea185b32d5,DoW Melanoma Research Program Focused Program Award – Rare Melanomas,12.420,5640094062.21,0.0,3068370069.44,0.0,22619849.59,1893474804.760001,0.0,0.0,0.0,,"THE HENRY M. JACKSON FOUNDATION FOR THE ADVANCEMENT OF MILITARY MEDICINE, INC. ($420.3M); THE UNIVERISTY OF TEXAS M.D. ANDERSON CANCER CENTER ($150.0M); THE JOHNS HOPKINS UNIVERSITY ($136.4M)",,0.0,0.5440281732176817,0.8837556020895334,mostly universities,False
6179eb2c-9239-40ad-9a12-7329291f3509,Development of Collaborative Research Facilities or Research-Resource Facilities (C06 Clinical Trial Not Allowed),93.310;93.352,4920818934.349999,0.0,3657299585.5800004,0.0,3057218.0,1027315812.68,0.0,0.0,0.0,,"THE LELAND STANFORD JUNIOR UNIVERSITY ($131.6M); DUKE UNIVERSITY ($131.5M); YALE UNIV ($124.9M) | UNIVERSITY OF KANSAS MEDICAL CENTER RESEARCH INSTITUTE, INC. ($8.0M); WEILL MEDICAL COLLEGE OF CORNELL UNIVERSITY ($8.0M); WAYNE STATE UNIVERSITY ($8.0M)",,0.0,0.7432298636412031,0.9526204233074883,mostly universities,False
61b3fa3d-491d-4a13-b580-2000a9d17564,Limited Competition: Small Grant Program for NHLBI K01/K08/K23/K25 Recipients (R03 Clinical Trial Optional),93.233;93.837;93.838;93.839;93.840,11888355597.69,215575.61000000002,8800651331.629995,558986.0,27191929.69,2221105805.2699995,0.0,0.0,0.0,,"BRIGHAM & WOMENS HOSPITAL INC ($302.8M); TRUSTEES OF THE UNIVERSITY OF PENNSYLVANIA, THE ($298.7M); REGENTS OF THE UNIVERSITY OF MICHIGAN ($288.2M) | THE REGENTS OF THE UNIVERSITY OF COLORADO ($1.5M); INDIANA DEPARTMENT OF HEALTH ($0.6M); MINNESOTA DEPARTMENT OF HEALTH ($0.4M)",,1.8133341337963344e-05,0.740274906761708,0.9294576981148714,mostly universities,False
6219f5d0-0978-4477-8a3f-13d2c43d8c55,BRAIN Initiative Connectivity across Scales (BRAIN CONNECTS): Specialized Projects for Scalable Technologies (U01 Clinical Trial Not Allowed),93.173;93.213;93.242;93.273;93.279;93.286;93.372;93.853;93.865;93.866;93.867,49026784137.32001,0.0,37652530582.770004,0.0,23162711.22,8130432616.44,248781.0,0.0,0.0,,"THE JOHNS HOPKINS UNIVERSITY ($66.5M); MASSACHUSETTS EYE AND EAR INFIRMARY ($63.7M); THE UNIVERSITY OF IOWA ($40.8M) | YALE UNIV ($22.6M); THE GENERAL HOSPITAL CORPORATION ($17.0M); DUKE UNIVERSITY ($15.9M) | YALE UNIV ($308.6M); UNIVERSITY OF PITTSBURGH - OF THE COMMONWEALTH SYSTEM OF HIGHER EDUCATION ($244.2M); UNIVERSITY OF CALIFORNIA, LOS ANGELES ($186.0M) | YALE UNIV ($71.9M); UNIVERSITY OF N",,0.0,0.7679991915706392,0.9343081892161393,mostly universities,False
627cc17e-e369-480b-86cc-d7b1e82da372,"ORACLE 3C: Chronic Conditions, Coinfections, and Comorbidities in HIV",93.865,4921279091.58,0.0,3623055293.56,0.0,0.0,913474006.4399998,0.0,0.0,0.0,,REGENTS OF THE UNIVERSITY OF MICHIGAN ($145.9M); THE JOHNS HOPKINS UNIVERSITY ($122.6M); UNIVERSITY OF WASHINGTON ($109.8M),,0.0,0.736201956064394,0.921819148148236,mostly universities,False
628e387b-3119-4b47-9e49-f39c70ae187b,Limited Competition for the Continuation of the National Consortium on Alcohol and Neurodevelopment in Adolescence (NCANDA) Data Analysis Resource (U24 Clinical Trials Optional),93.273,1782147881.62,0.0,1457708084.539999,0.0,0.0,277980232.19,0.0,0.0,0.0,,YALE UNIV ($71.9M); UNIVERSITY OF NORTH CAROLINA AT CHAPEL HILL ($48.6M); TRUSTEES OF INDIANA UNIVERSITY ($45.7M),,0.0,0.8179501261224854,0.9739305781696588,mostly universities,False
629cca27-a08f-4329-971c-a55fa8375450,F26AS00083 Aquatic Invasive Species Grants to Great Lakes States - Fiscal Year 2026 Great Lakes Restoration Initiative,15.662,126381093.26,56673221.580000006,7256115.76,1875406.34,774926.27,59801423.31,0.0,0.0,0.0,,"NATIONAL FISH AND WILDLIFE FOUNDATION ($47.6M); DEPARTMENT OF NATURAL RESOURCES ILLINOIS ($37.0M); NATURAL RESOURCES, OHIO DEPARTMENT OF, DIVISION OF WILDLIFE ($6.9M)",,0.4484311705027579,0.05741456710674445,1.0,other state agencies win this,True
62cbc866-169b-474c-9dc9-cae3aa77fb4b,Ruth L. Kirschstein National Research Service Award (NRSA) Individual Fellowship for Students at Institutions Without NIH-Funded Institutional Predoctoral Dual-Degree Training Programs (Parent F30),93.113;93.121;93.173;93.213;93.233;93.242;93.273;93.279;93.286;93.307;93.310;93.361;93.398;93.837;93.838;93.839;93.840;93.846;93.847;93.853;93.855;93.859;93.865;93.866;93.867,110717153172.54001,215575.61000000002,83963577508.19002,5789860.43,121862308.55000001,18913414692.699997,0.0,0.0,0.0,,"ICAHN SCHOOL OF MEDICINE AT MOUNT SINAI ($73.2M); THE TRUSTEES OF COLUMBIA UNIVERSITY IN THE CITY OF NEW YORK ($64.4M); UNIVERSITY OF NORTH CAROLINA AT CHAPEL HILL ($57.1M) | REGENTS OF THE UNIVERSITY OF MICHIGAN ($71.4M); REGENTS OF THE UNIVERSITY OF CALIFORNIA, SAN FRANCISCO, THE ($64.3M); UNIVERSITY OF SOUTHERN CALIFORNIA ($62.6M) | THE JOHNS HOPKINS UNIVERSITY ($66.5M); MASSACHUSETTS EYE AND E",,1.947084113191116e-06,0.7583610588084974,0.9303423814100308,mostly universities,False
62ed707b-d5e9-40fe-8d95-cfa4573ff618,NIMH Biobehavioral Research Awards for Innovative New Scientists (NIMH BRAINS) (R01 Clinical Trial Optional),93.242,7107924163.190001,0.0,5396186256.740001,0.0,0.0,1251736935.5299997,0.0,0.0,0.0,,"YALE UNIV ($308.6M); UNIVERSITY OF PITTSBURGH - OF THE COMMONWEALTH SYSTEM OF HIGHER EDUCATION ($244.2M); UNIVERSITY OF CALIFORNIA, LOS ANGELES ($186.0M)",,0.0,0.7591789294384114,0.9352833597603335,mostly universities,False
63297aa2-31d7-48db-bf60-0be097b1e40f,Exploratory Clinical Trial Grants in Arthritis and Musculoskeletal and Skin Diseases,93.846,2137865170.47,0.0,1686577934.31,0.0,0.0,394461550.0499999,0.0,0.0,0.0,,"TRUSTEES OF THE UNIVERSITY OF PENNSYLVANIA, THE ($85.7M); REGENTS OF THE UNIVERSITY OF CALIFORNIA, SAN FRANCISCO, THE ($74.6M); BRIGHAM & WOMENS HOSPITAL INC ($72.0M)",,0.0,0.7889075314975141,0.9734194247163364,mostly universities,False
637a8204-317d-41ff-9424-7790e8f205e5,Prevention and Intervention Approaches for Fetal Alcohol Spectrum Disorders (R61/R33 Clinical Trial Optional),93.273,1782147881.62,0.0,1457708084.539999,0.0,0.0,277980232.19,0.0,0.0,0.0,,YALE UNIV ($71.9M); UNIVERSITY OF NORTH CAROLINA AT CHAPEL HILL ($48.6M); TRUSTEES OF INDIANA UNIVERSITY ($45.7M),,0.0,0.8179501261224854,0.9739305781696588,mostly universities,False
63825fde-457d-44bc-81a4-acfd908d086c,Fiscal Year (FY) 2026 Funding Opportunity for Indian Tribes and Intertribal Consortia for Nonpoint Source Management Grants Under Clean Water Act Section 319,66.460,463034470.0,404537093.0,0.0,22898293.0,0.0,35599084.0,0.0,0.0,11652900.0,NORTH CAROLINA DEPARTMENT OF ENVIRONMENTAL QUALITY,STATE OF CALIFORNIA WATER RESOURCES CONTROL BOARD ($35.3M); ILLINOIS ENVIRONMENTAL PROTECTION AGENCY ($20.5M); THE STATE OF OHIO OFFICE OF BUDGET AND MANAGEMENT ($20.1M),,0.8736651787500831,0.0,1.0,other state agencies win this,True
63dddfa9-c9f7-4da4-b0f8-ee56e73457c6,"Institutional Network Award for Promoting Kidney, Urologic, and Hematologic Research Training (U2C - Clinical Trial Not Allowed)",93.847,7801990499.05,0.0,5868063966.9,0.0,40709921.57,1426874242.5900002,0.0,0.0,0.0,,"REGENTS OF THE UNIVERSITY OF MICHIGAN ($278.9M); TRUSTEES OF THE UNIVERSITY OF PENNSYLVANIA, THE ($222.1M); WASHINGTON UNIVERSITY, THE ($189.5M)",,0.0,0.7521239570356458,0.9402277703303042,mostly universities,False
6415aa23-4d11-49c1-9bb9-891bba5cfe4c,Osage Nation Wildland Fire Response,15.035,252929621.2,30267588.25,-17526.95,212580748.37999997,196987.63999999998,9901823.879999999,0.0,0.0,0.0,,CONFEDERATED TRIBES OF WARM SPRINGS RESERVATION OF OREGON ($24.4M); CONFEDERATED SALISH AND KOOTENAI TRIBES OF THE FLATHEAD RESERVATION ($24.3M); WASHINGTON STATE DEPARTMENT OF NATURAL RESOURCES ($17.3M),,0.11966802506720396,-6.929575870491203e-05,0.9999999999999999,mostly tribal / Native organizations,False
644030f6-37f5-40f8-bb89-acf868c1b28f,BJA FY 2026 The Kevin and Avonte Program: Reducing Injury and Death of Missing Individuals with Dementia and Developmental Disabilities,16.015,9462497.45,592307.77,299996.0,0.0,4391969.709999999,4178223.9700000007,0.0,0.0,0.0,,AUTISM SOCIETY OF AMERICA INC ($1.2M); INTERNATIONAL ASSOCIATION FOR INDIGENOUS AGING ($0.3M); NATIONAL AUTISM ASSOCIATION INC ($0.3M),,0.06259528978789844,0.03170368093467756,1.0,mixed recipients (some state agencies),False
646e27d6-2e72-4093-8fdc-700e57d0cbc6,Environmental influences on Child Health Outcomes (ECHO) Cohort Data and Biospecimen Access (X01 Clinical Trial Not Allowed),93.310,4621186637.45,0.0,3411866036.6800003,0.0,3057218.0,973117064.68,0.0,0.0,0.0,,THE LELAND STANFORD JUNIOR UNIVERSITY ($131.6M); DUKE UNIVERSITY ($131.5M); YALE UNIV ($124.9M),,0.0,0.7383095088673349,0.9495483873772623,mostly universities,False
6484ed95-0a3e-4be1-bcc4-f1e2bf6f1fa1,Academic-Industrial Partnerships (AIP) to Translate and Validate In Vivo Imaging Systems (R01 Clinical Trial Optional),93.394;93.395,6778974031.59,0.0,3975224147.8900003,0.0,85304856.34,2270769576.09,0.0,0.0,0.0,,"REGENTS OF THE UNIVERSITY OF CALIFORNIA, SAN FRANCISCO, THE ($91.2M); FRED HUTCHINSON CANCER CENTER ($89.9M); SLOAN-KETTERING INSTITUTE FOR CANCER RESEARCH ($76.5M) | THE UNIVERISTY OF TEXAS M.D. ANDERSON CANCER CENTER ($157.0M); ICAHN SCHOOL OF MEDICINE AT MOUNT SINAI ($154.8M); DANA-FARBER CANCER INSTITUTE, INC. ($149.6M)",,0.0,0.5864049824303009,0.933961179201479,mostly universities,False
64ad28a5-f0c6-402a-aaab-2d355a84ef2e,Sociology,47.075,843974005.0,0.0,705744304.0,0.0,0.0,76586867.0,10961722.0,0.0,0.0,,REGENTS OF THE UNIVERSITY OF MICHIGAN ($99.6M); NATIONAL BUREAU OF ECONOMIC RESEARCH INC ($29.0M); NATIONAL OPINION RESEARCH CENTER ($18.9M),,0.0,0.8362156888943517,0.9269612172474435,mostly universities,False
64b1663b-d1f2-4f13-9572-82246b39d93a,Astronomy and Astrophysics Research Grants,47.049,6727369096.0,0.0,5005763263.0,0.0,0.0,1316835947.0,71509669.0,0.0,0.0,,"ASSOCIATION OF UNIVERSITIES FOR RESEARCH IN ASTRONOMY, INC. ($574.0M); ASSOCIATED UNIVERSITIES INC ($531.2M); CALIFORNIA INSTITUTE OF TECHNOLOGY ($254.7M)",,0.0,0.7440892853606557,0.9398323653386774,mostly universities,False
64fca4f7-f19f-4654-a26b-0866a452cc8f,"Systematic Testing of Radionuclides in Preclinical Experiments (STRIPE, RP1 Clinical Trial Not Allowed)",93.394;93.395,6778974031.59,0.0,3975224147.8900003,0.0,85304856.34,2270769576.09,0.0,0.0,0.0,,"REGENTS OF THE UNIVERSITY OF CALIFORNIA, SAN FRANCISCO, THE ($91.2M); FRED HUTCHINSON CANCER CENTER ($89.9M); SLOAN-KETTERING INSTITUTE FOR CANCER RESEARCH ($76.5M) | THE UNIVERISTY OF TEXAS M.D. ANDERSON CANCER CENTER ($157.0M); ICAHN SCHOOL OF MEDICINE AT MOUNT SINAI ($154.8M); DANA-FARBER CANCER INSTITUTE, INC. ($149.6M)",,0.0,0.5864049824303009,0.933961179201479,mostly universities,False
65230579-1858-444e-97ad-677f1168c9b4,Tribal Institutional Review Board Establishment and Enhancement (TIRBEE) (R24 - Clinical Trial Not Allowed),93.859,12070484526.24,0.0,9612792260.85001,0.0,0.0,889455283.0399997,0.0,0.0,0.0,,"THE LELAND STANFORD JUNIOR UNIVERSITY ($235.0M); REGENTS OF THE UNIVERSITY OF MICHIGAN ($221.4M); UNIVERSITY OF CALIFORNIA, SAN DIEGO ($215.2M)",,0.0,0.7963882675921403,0.8700767165608966,mostly universities,False
6552e00b-8e51-4278-ab04-b6e3765a88a0,Comprehensive Partnerships to Advance Cancer Health (CPACH) (U54 Clinical Trial Optional),93.393;93.394;93.395;93.396;93.397;93.398;93.399,17081949318.8,0.0,10895547553.909998,6163220.57,195236297.97,5436967387.81,0.0,0.0,0.0,,"THE UNIVERISTY OF TEXAS M.D. ANDERSON CANCER CENTER ($89.6M); SLOAN-KETTERING INSTITUTE FOR CANCER RESEARCH ($81.9M); FRED HUTCHINSON CANCER CENTER ($73.6M) | REGENTS OF THE UNIVERSITY OF CALIFORNIA, SAN FRANCISCO, THE ($91.2M); FRED HUTCHINSON CANCER CENTER ($89.9M); SLOAN-KETTERING INSTITUTE FOR CANCER RESEARCH ($76.5M) | THE UNIVERISTY OF TEXAS M.D. ANDERSON CANCER CENTER ($157.0M); ICAHN SCHOO",,0.0,0.6378398243998189,0.9679173115250467,mostly universities,False
6555b91e-c017-4f0f-ae71-3d682d14c7fe,PEPFAR Community Led Monitoring – Mozambique Relief Programs,19.029,109108132.69,0.0,97900.0,18612.27,553488.5,104424927.07000001,6924915.77,0.0,0.0,,"THE HENRY M. JACKSON FOUNDATION FOR THE ADVANCEMENT OF MILITARY MEDICINE, INC. ($89.9M); MISCELLANEOUS FOREIGN AWARDEES ($6.9M); TAMRA FOR SOCIAL DEVELOPMENT ORGANIZATION (TDS) ($0.6M)",,0.0,0.0008972750022049708,0.9632180961120251,"mostly nonprofits, hospitals or companies",False
656b470c-38fc-441c-8675-f04f75b507d0,HIV/AIDS Clinical Trials Network Clinical Trials Units,93.310;93.855,21863651371.47,0.0,15474504351.180012,0.0,12893516.42,4935880809.710001,0.0,0.0,0.0,,"THE LELAND STANFORD JUNIOR UNIVERSITY ($131.6M); DUKE UNIVERSITY ($131.5M); YALE UNIV ($124.9M) | FRED HUTCHINSON CANCER CENTER ($787.0M); DUKE UNIVERSITY ($576.9M); UNIVERSITY OF CALIFORNIA, LOS ANGELES ($576.8M)",,0.0,0.7077731019518898,0.9341202130564733,mostly universities,False
65e271b5-fbf5-48d0-8183-a59b1027f78b,Mechanisms that Impact Cancer Risk after Bariatric Surgery (R21 Clinical Trial Not Allowed),93.393;93.396;93.399,7131796853.42,0.0,4684644805.489998,5932664.0,76219282.3,2262796671.8199997,0.0,0.0,0.0,,"THE UNIVERISTY OF TEXAS M.D. ANDERSON CANCER CENTER ($89.6M); SLOAN-KETTERING INSTITUTE FOR CANCER RESEARCH ($81.9M); FRED HUTCHINSON CANCER CENTER ($73.6M) | THE TRUSTEES OF COLUMBIA UNIVERSITY IN THE CITY OF NEW YORK ($129.4M); SLOAN-KETTERING INSTITUTE FOR CANCER RESEARCH ($115.4M); THE UNIVERISTY OF TEXAS M.D. ANDERSON CANCER CENTER ($112.5M) | ECOG-ACRIN MEDICAL RESEARCH FOUNDATION, INC. ($80",,0.0,0.6568673928567541,0.9856693296359119,mostly universities,False
661eb5ae-2b77-4338-ae39-4405de5c59b0,CDC National Centers of Excellence in Youth Violence Prevention (YVPCs): Rigorous Evaluation of Prevention Approaches to Prevent and Reduce Youth Violence,93.136,1798553133.5900002,976733317.1399999,191223876.62,49049669.74,227249891.57,306696129.96999997,0.0,33736379.83,33751379.83,NORTH CAROLINA DEPARTMENT OF HEALTH & HUMAN SERVICES; NORTH CAROLINA DEPARTMENT OF PUBLIC INSTRUCTION,"FLORIDA DEPARTMENT OF HEALTH ($64.7M); PUBLIC HEALTH, CALIFORNIA DEPARTMENT OF ($45.6M); NATIONAL FOUNDATION FOR THE CENTERS FOR DISEASE CONTROL & PREVENTION, INC. ($34.5M)",,0.543066145168807,0.10632094935016337,0.9735341438287186,NC DHHS has received awards,True
66b556a1-f978-4dbe-ae6b-4d23f799eb1a,NIOSH Small Research Grant Program (R03),93.262,467451525.40999997,14787640.309999997,351493913.23000026,0.0,31578874.61,69536097.25999999,55000.0,578513.52,578513.52,NORTH CAROLINA DEPARTMENT OF HEALTH & HUMAN SERVICES,CITY OF NEW YORK ($31.6M); CPWR: THE CENTER FOR CONSTRUCTION RESEARCH AND TRAINING ($21.4M); THE UNIVERSITY OF IOWA ($19.2M),,0.03163459632959763,0.7519366054516696,0.9998823407412106,NC DHHS has received awards,True
66f64d29-5e88-4ac7-b67c-f75c036eba5b,Algebra and Number Theory,47.049,6727369096.0,0.0,5005763263.0,0.0,0.0,1316835947.0,71509669.0,0.0,0.0,,"ASSOCIATION OF UNIVERSITIES FOR RESEARCH IN ASTRONOMY, INC. ($574.0M); ASSOCIATED UNIVERSITIES INC ($531.2M); CALIFORNIA INSTITUTE OF TECHNOLOGY ($254.7M)",,0.0,0.7440892853606557,0.9398323653386774,mostly universities,False
66fe85df-7bdd-4d12-bfc4-3150ecb07066,Computational and Data-Enabled Science and Engineering,47.041;47.049,9960238073.0,0.0,7794676900.0,0.0,0.0,1510307599.0,71509669.0,0.0,0.0,,"PURDUE UNIVERSITY ($81.2M); REGENTS OF THE UNIVERSITY OF MICHIGAN ($81.1M); GEORGIA TECH RESEARCH CORP ($80.6M) | ASSOCIATION OF UNIVERSITIES FOR RESEARCH IN ASTRONOMY, INC. ($574.0M); ASSOCIATED UNIVERSITIES INC ($531.2M); CALIFORNIA INSTITUTE OF TECHNOLOGY ($254.7M)",,0.0,0.7825793764036266,0.934213061053606,mostly universities,False
670bbd45-5534-47bc-bc1c-d11da6b460d9,"DoW Amyotrophic Lateral Sclerosis Research Program, Pilot Clinical Trial Award",12.420,5640094062.21,0.0,3068370069.44,0.0,22619849.59,1893474804.760001,0.0,0.0,0.0,,"THE HENRY M. JACKSON FOUNDATION FOR THE ADVANCEMENT OF MILITARY MEDICINE, INC. ($420.3M); THE UNIVERISTY OF TEXAS M.D. ANDERSON CANCER CENTER ($150.0M); THE JOHNS HOPKINS UNIVERSITY ($136.4M)",,0.0,0.5440281732176817,0.8837556020895334,mostly universities,False
671882c4-21d8-491e-aab2-68ebd6f03d85,Innovation Grants to Nurture Initial Translational Efforts (IGNITE): Assay Development and Neurotherapeutic Agent Identification (R61/R33 Clinical Trial Not Allowed),93.853,7301417548.76,0.0,5703307653.840002,0.0,8115452.99,1095037634.0900006,0.0,0.0,0.0,,"THE GENERAL HOSPITAL CORPORATION ($234.6M); REGENTS OF THE UNIVERSITY OF CALIFORNIA, SAN FRANCISCO, THE ($226.7M); THE JOHNS HOPKINS UNIVERSITY ($223.1M)",,0.0,0.7811233388246087,0.9322108611739297,mostly universities,False
672b5279-6dda-4076-bfd7-a44e9ae46678,"DoW Pancreatic Cancer Research Program, Idea Development Award",12.420,5640094062.21,0.0,3068370069.44,0.0,22619849.59,1893474804.760001,0.0,0.0,0.0,,"THE HENRY M. JACKSON FOUNDATION FOR THE ADVANCEMENT OF MILITARY MEDICINE, INC. ($420.3M); THE UNIVERISTY OF TEXAS M.D. ANDERSON CANCER CENTER ($150.0M); THE JOHNS HOPKINS UNIVERSITY ($136.4M)",,0.0,0.5440281732176817,0.8837556020895334,mostly universities,False
67d97081-2134-43c3-8257-14a67f20222c,Building Sustainable Software Tools for Open Science (R03 Clinical Trial Not Allowed),93.310,4621186637.45,0.0,3411866036.6800003,0.0,3057218.0,973117064.68,0.0,0.0,0.0,,THE LELAND STANFORD JUNIOR UNIVERSITY ($131.6M); DUKE UNIVERSITY ($131.5M); YALE UNIV ($124.9M),,0.0,0.7383095088673349,0.9495483873772623,mostly universities,False
67e06df1-e563-43fa-8fd0-46f3cbbc9aef,Network of the National Library of Medicine Coordinating Center (U24 Clinical Trial Optional),93.879,286763082.1,0.0,246189541.61999997,0.0,1757800.0,38815740.480000004,0.0,0.0,0.0,,THE LELAND STANFORD JUNIOR UNIVERSITY ($17.3M); YALE UNIV ($11.9M); UNIVERSITY OF WASHINGTON ($11.5M),,0.0,0.8585119807512348,0.9999999999999998,mostly universities,False
6849a0ee-8fb9-4f52-869e-3f2645dad835,AFCP 2020 Small Grants Competition,19.025,17058301.55,0.0,1706596.87,0.0,0.0,12748380.970000003,2603323.71,0.0,0.0,,"MISCELLANEOUS FOREIGN AWARDEES ($2.6M); WORLD MONUMENTS FUND, INC. ($1.9M); THE AMERICAN CENTER OF RESEARCH, INCORPORATED ($1.6M)",,0.0,0.10004494673738488,0.8473866989413141,"mostly nonprofits, hospitals or companies",False
68819b89-548b-4e10-8c3f-17a1473714b1,"DoW Traumatic Brain Injury and Psychological Health, Translational Research Award",12.420,5640094062.21,0.0,3068370069.44,0.0,22619849.59,1893474804.760001,0.0,0.0,0.0,,"THE HENRY M. JACKSON FOUNDATION FOR THE ADVANCEMENT OF MILITARY MEDICINE, INC. ($420.3M); THE UNIVERISTY OF TEXAS M.D. ANDERSON CANCER CENTER ($150.0M); THE JOHNS HOPKINS UNIVERSITY ($136.4M)",,0.0,0.5440281732176817,0.8837556020895334,mostly universities,False
6899b4bb-0139-4408-9a57-42898c940ebd,Retail Food Safety Regulatory Association Collaboration CAP,93.103,978131651.19,204231952.81000003,317394711.29,6344842.82,13208169.0,393879205.75999993,0.0,0.0,6880186.38,NORTH CAROLINA DEPARTMENT OF AGRICULTURE & CONSUMER SERVICES,THE CRITICAL PATH INSTITUTE ($79.1M); NATIONAL ENVIRONMENTAL HEALTH ASSOCIATION ($44.4M); THE MEDICAL DEVICE INNOVATION CONSORTIUM ($42.6M),,0.2087980207587909,0.3244907890505904,0.9559642411554747,mixed recipients (some state agencies),False
68e1c3f7-51e4-472d-bc5d-89d4deb2eda0,Native American Research Centers for Health (NARCH) Planning Grants (R34 - Clinical Trial Not Allowed),93.859,12070484526.24,0.0,9612792260.85001,0.0,0.0,889455283.0399997,0.0,0.0,0.0,,"THE LELAND STANFORD JUNIOR UNIVERSITY ($235.0M); REGENTS OF THE UNIVERSITY OF MICHIGAN ($221.4M); UNIVERSITY OF CALIFORNIA, SAN DIEGO ($215.2M)",,0.0,0.7963882675921403,0.8700767165608966,mostly universities,False
69e280af-be56-4bfa-81e9-5ae7d83b1210,Ambassadors Fund for Cultural Preservation Large Grants Program,19.025,17058301.55,0.0,1706596.87,0.0,0.0,12748380.970000003,2603323.71,0.0,0.0,,"MISCELLANEOUS FOREIGN AWARDEES ($2.6M); WORLD MONUMENTS FUND, INC. ($1.9M); THE AMERICAN CENTER OF RESEARCH, INCORPORATED ($1.6M)",,0.0,0.10004494673738488,0.8473866989413141,"mostly nonprofits, hospitals or companies",False
6a1650c5-4c8e-42a0-b948-4749048f593e,Middle East Regional Cooperation (MERC),19.502,0.0,0.0,0.0,0.0,0.0,0.0,0.0,0.0,0.0,,,,0.0,0.0,0.0,no awards found FY2022-FY2025,False
6a23ca0d-def6-4685-937d-4c8ed13aae5b,Pancreatic Cancer Detection Consortium: Management and Data Coordination Unit (U24 Clinical Trial Not Allowed),93.394,2210353701.25,0.0,1345944191.9999993,0.0,17057231.69,718168494.6399997,0.0,0.0,0.0,,"REGENTS OF THE UNIVERSITY OF CALIFORNIA, SAN FRANCISCO, THE ($91.2M); FRED HUTCHINSON CANCER CENTER ($89.9M); SLOAN-KETTERING INSTITUTE FOR CANCER RESEARCH ($76.5M)",,0.0,0.6089270650388852,0.9415551534367803,mostly universities,False
6a2983fc-5762-4eb0-8040-d1f5b7172501,Limited Competition: Clinical and Translational Science Awards (CTSA) Program: Collaborative and Innovative Acceleration Award,93.350,2413260512.71,0.0,2177769794.8499985,0.0,0.0,234321018.16000003,0.0,0.0,0.0,,VANDERBILT UNIVERSITY MEDICAL CENTER ($81.9M); UNIVERSITY OF PITTSBURGH - OF THE COMMONWEALTH SYSTEM OF HIGHER EDUCATION ($79.6M); UNIVERSITY OF NORTH CAROLINA AT CHAPEL HILL ($60.0M),,0.0,0.9024180287955922,0.9995153031784836,mostly universities,False
6b1bd5f9-fd9d-4802-aae7-3cfb723aa6dd,ROSES25: C.4 Planetary Science Enabling Facilities,43.001,3927116561.76,0.0,2890276513.0599985,0.0,0.0,800101253.4799998,0.0,0.0,70019.0,FRIENDS OF THE NORTH CAROLINA STATE MUSEUM OF NATURAL SCIENCES,"UNIVERSITY OF MARYLAND, COLLEGE PARK ($186.3M); THE REGENTS OF THE UNIVERSITY OF COLORADO ($146.4M); THE JOHNS HOPKINS UNIVERSITY ($138.3M)",,0.0,0.7359793037985801,0.9397168911345214,mostly universities,False
6b21678a-a356-4171-8b30-5d99dc5b0895,Neuromodulation/Neurostimulation Device Development for Mental Health Applications (R01 Clinical Trial Not Allowed),93.242,7107924163.190001,0.0,5396186256.740001,0.0,0.0,1251736935.5299997,0.0,0.0,0.0,,"YALE UNIV ($308.6M); UNIVERSITY OF PITTSBURGH - OF THE COMMONWEALTH SYSTEM OF HIGHER EDUCATION ($244.2M); UNIVERSITY OF CALIFORNIA, LOS ANGELES ($186.0M)",,0.0,0.7591789294384114,0.9352833597603335,mostly universities,False
6b2d1e6a-62c3-47cb-981a-53b41a59b9dd,Blueprint Neurotherapeutics Network (BPN): Small Molecule Drug Discovery and Development,93.853,7301417548.76,0.0,5703307653.840002,0.0,8115452.99,1095037634.0900006,0.0,0.0,0.0,,"THE GENERAL HOSPITAL CORPORATION ($234.6M); REGENTS OF THE UNIVERSITY OF CALIFORNIA, SAN FRANCISCO, THE ($226.7M); THE JOHNS HOPKINS UNIVERSITY ($223.1M)",,0.0,0.7811233388246087,0.9322108611739297,mostly universities,False
6b68b9fe-d7c5-4b7b-ab75-314afe64e9f4,Resource and Capacity Building to Advance the Science of Aggression across Species and Disciplines (R24 Clinical Trial Optional),93.310,4621186637.45,0.0,3411866036.6800003,0.0,3057218.0,973117064.68,0.0,0.0,0.0,,THE LELAND STANFORD JUNIOR UNIVERSITY ($131.6M); DUKE UNIVERSITY ($131.5M); YALE UNIV ($124.9M),,0.0,0.7383095088673349,0.9495483873772623,mostly universities,False
6b8f181f-f43c-4307-9fc7-8642ac7bc91c,MPS Chemistry Research Programs (MPS Chem),47.049,6727369096.0,0.0,5005763263.0,0.0,0.0,1316835947.0,71509669.0,0.0,0.0,,"ASSOCIATION OF UNIVERSITIES FOR RESEARCH IN ASTRONOMY, INC. ($574.0M); ASSOCIATED UNIVERSITIES INC ($531.2M); CALIFORNIA INSTITUTE OF TECHNOLOGY ($254.7M)",,0.0,0.7440892853606557,0.9398323653386774,mostly universities,False
6bb622a8-8308-496a-9c79-2e31062a6873,Development of Candidate Medical Countermeasures (MCMs) and Technologies Against Chemical or Radiation/Nuclear (CRN) Threats,93.279;93.846;93.853;93.855;93.867,35404146228.44,0.0,26079206940.660015,0.0,23141291.73,6853697709.150001,0.0,0.0,0.0,,"YALE UNIV ($242.7M); THE JOHNS HOPKINS UNIVERSITY ($216.1M); UNIVERSITY OF CALIFORNIA, SAN DIEGO ($210.2M) | TRUSTEES OF THE UNIVERSITY OF PENNSYLVANIA, THE ($85.7M); REGENTS OF THE UNIVERSITY OF CALIFORNIA, SAN FRANCISCO, THE ($74.6M); BRIGHAM & WOMENS HOSPITAL INC ($72.0M) | THE GENERAL HOSPITAL CORPORATION ($234.6M); REGENTS OF THE UNIVERSITY OF CALIFORNIA, SAN FRANCISCO, THE ($226.7M); THE JOH",,0.0,0.7366144849924582,0.9308527235453163,mostly universities,False
6bb680a6-1953-4cb5-b983-0c9312848582,Topology,47.049,6727369096.0,0.0,5005763263.0,0.0,0.0,1316835947.0,71509669.0,0.0,0.0,,"ASSOCIATION OF UNIVERSITIES FOR RESEARCH IN ASTRONOMY, INC. ($574.0M); ASSOCIATED UNIVERSITIES INC ($531.2M); CALIFORNIA INSTITUTE OF TECHNOLOGY ($254.7M)",,0.0,0.7440892853606557,0.9398323653386774,mostly universities,False
6bb78bd6-bd13-42d8-8530-1850ce9f5cac,Cooperative Centers of Excellence in Hematology (CCEHs),93.847,7801990499.05,0.0,5868063966.9,0.0,40709921.57,1426874242.5900002,0.0,0.0,0.0,,"REGENTS OF THE UNIVERSITY OF MICHIGAN ($278.9M); TRUSTEES OF THE UNIVERSITY OF PENNSYLVANIA, THE ($222.1M); WASHINGTON UNIVERSITY, THE ($189.5M)",,0.0,0.7521239570356458,0.9402277703303042,mostly universities,False
6bc69d9c-87b7-4329-962c-16c8e3ad553d,Rural Residency Planning and Development Program,93.746,0.0,0.0,0.0,0.0,0.0,0.0,0.0,0.0,0.0,,,,0.0,0.0,0.0,no awards found FY2022-FY2025,False
6c418e5b-5ca6-48bf-be5c-ccd0ee67dc8e,Ruth L. Kirschstein National Research Service Award (NRSA) Institutional Research Training Grant (Parent T32),93.113;93.121;93.172;93.173;93.213;93.233;93.242;93.273;93.279;93.286;93.310;93.313;93.351;93.361;93.396;93.397;93.398;93.399;93.837;93.838;93.839;93.840;93.846;93.847;93.853;93.855;93.859;93.865;93.866;93.867,118371959979.31,215575.61000000002,88903373133.56,5291894.64,198257003.79999998,21505948516.029995,0.0,0.0,0.0,,"ICAHN SCHOOL OF MEDICINE AT MOUNT SINAI ($73.2M); THE TRUSTEES OF COLUMBIA UNIVERSITY IN THE CITY OF NEW YORK ($64.4M); UNIVERSITY OF NORTH CAROLINA AT CHAPEL HILL ($57.1M) | REGENTS OF THE UNIVERSITY OF MICHIGAN ($71.4M); REGENTS OF THE UNIVERSITY OF CALIFORNIA, SAN FRANCISCO, THE ($64.3M); UNIVERSITY OF SOUTHERN CALIFORNIA ($62.6M) | THE LELAND STANFORD JUNIOR UNIVERSITY ($118.8M); UNIVERSITY OF",,1.821171247292687e-06,0.7510509511635969,0.9344534477842037,mostly universities,False
6c6417e0-a321-48cd-a93d-8dce887d6b55,Systematic Characterization of Genomic Variation to Assess Effects of Individual Variants on Genome Function and Phenotype (UM1 Clinical Trials Not Allowed),93.172,1744531538.97,0.0,1235774918.2100003,1175890.0,1503596.0,492556536.87,0.0,0.0,0.0,,"THE LELAND STANFORD JUNIOR UNIVERSITY ($118.8M); UNIVERSITY OF WASHINGTON ($97.7M); THE BROAD INSTITUTE, INC ($94.8M)",,0.0,0.7083706373916415,0.9922497257355505,mostly universities,False
6ca421f6-5577-4c78-a736-cf2c3b6bfe72,Investigator-Focused Award (Parent R35),93.113;93.121;93.172;93.307;93.310;93.393;93.394;93.395;93.396;93.397;93.398;93.399;93.543;93.859;93.867;93.879,43474541327.490005,0.0,31793509647.240005,11201179.0,214835680.29000002,8858806728.73,0.0,0.0,0.0,,"ICAHN SCHOOL OF MEDICINE AT MOUNT SINAI ($73.2M); THE TRUSTEES OF COLUMBIA UNIVERSITY IN THE CITY OF NEW YORK ($64.4M); UNIVERSITY OF NORTH CAROLINA AT CHAPEL HILL ($57.1M) | REGENTS OF THE UNIVERSITY OF MICHIGAN ($71.4M); REGENTS OF THE UNIVERSITY OF CALIFORNIA, SAN FRANCISCO, THE ($64.3M); UNIVERSITY OF SOUTHERN CALIFORNIA ($62.6M) | THE LELAND STANFORD JUNIOR UNIVERSITY ($118.8M); UNIVERSITY OF",,0.0,0.7313132853488254,0.9402825650839387,mostly universities,False
6cb6d4a5-2aa1-4962-a9b7-e0f6bcda2ccb,"Water, Landscape, and Critical Zone Processes",47.050,4267308537.0,0.0,3152349973.0,0.0,0.0,938761319.0,14427929.0,0.0,0.0,,UNIVERSITY CORPORATION FOR ATMOSPHERIC RESEARCH ($587.8M); WOODS HOLE OCEANOGRAPHIC INSTITUTION ($497.0M); TEXAS A & M RESEARCH FOUNDATION ($228.6M),,0.0,0.7387208929627016,0.9587099823056455,mostly universities,False
6cdf09e4-254a-4b7f-97d8-eac5de2919f0,Seattle FY 2021 – FY 2023 EDA Planning and Local Technical Assistance,11.302;11.303,151550437.96,10812384.62,27284643.970000003,5240988.68,3076677.62,57299314.51,0.0,0.0,0.0,,"KENTUCKY DEPARTMENT FOR LOCAL GOVERNMENT ($5.0M); SOUTHEASTERN NEW MEXICO ECONOMIC DEVELOPMENT DISTRICT, INC. ($0.8M); SEDA COUNCIL OF GOVERNMENTS ($0.7M) | NATIONAL ASSOCIATION OF DEVELOPMENT ORGANIZATIONS RESEARCH FOUNDATION, INC. ($1.5M); BOARD OF REGENTS OF NEVADA SYSTEM OF HIGHER EDUCATION ($1.0M); INSTITUTE FOR LOCAL SELF-RELIANCE, INC. ($0.8M)",,0.0713451228880896,0.18003672135346432,0.6843530826837605,mixed recipients (some state agencies),False
6d44bb23-2a1f-4e12-8d72-c2b5b46195d4,Promoting Population Health through Increased Capacity in Alcohol Epidemiology & the Prevention of Excessive Alcohol Use,93.845,4773519.0,3000006.0,0.0,0.0,0.0,1773513.0,0.0,333334.0,333334.0,NORTH CAROLINA DEPARTMENT OF HEALTH & HUMAN SERVICES,ADVANCEMENT STRATEGY LLC ($0.8M); MARYLAND DEPARTMENT OF HEALTH ($0.3M); NORTH CAROLINA DEPARTMENT OF HEALTH & HUMAN SERVICES ($0.3M),,0.6284684317795739,0.0,1.0,NC DHHS has received awards,True
6d8275c8-1af8-4226-9757-4f4ea56591ad,NIDCR Prospective Observational or Biomarker Validation Study Cooperative Agreement (U01 Clinical Trial Not Allowed),93.121,1503475567.17,0.0,1230618528.0399997,812963.07,900368.0,248958665.48999998,0.0,0.0,0.0,,"REGENTS OF THE UNIVERSITY OF MICHIGAN ($71.4M); REGENTS OF THE UNIVERSITY OF CALIFORNIA, SAN FRANCISCO, THE ($64.3M); UNIVERSITY OF SOUTHERN CALIFORNIA ($62.6M)",,0.0,0.8185158142319529,0.9852441615584353,mostly universities,False
6db2ce81-3523-4a4e-84b8-65b6aaac9f28,Research and Development (RAD) Directed Energy (RD) University Assistance Instruments,12.800,3127619506.15,0.0,1639559732.7100005,0.0,0.0,1343669096.6100004,0.0,0.0,0.0,,"BIOINDUSTRIAL MANUFACTURING AND DESIGN ECOSYSTEM ($521.4M); NATIONAL CENTER FOR DEFENSE MANUFACTURING AND MACHINING ($256.8M); FLEXTECH ALLIANCE, INC. ($189.0M)",,0.0,0.524219691521315,0.9538336819596896,mostly universities,False
6e32869b-eedc-4cf9-bf79-ceab04147b50,Atmosphere Cluster,47.050,4267308537.0,0.0,3152349973.0,0.0,0.0,938761319.0,14427929.0,0.0,0.0,,UNIVERSITY CORPORATION FOR ATMOSPHERIC RESEARCH ($587.8M); WOODS HOLE OCEANOGRAPHIC INSTITUTION ($497.0M); TEXAS A & M RESEARCH FOUNDATION ($228.6M),,0.0,0.7387208929627016,0.9587099823056455,mostly universities,False
6e5dffa5-a76e-4b59-8677-6a4eee44c827,Behavioral Health Integration Initiative,93.979,0.0,0.0,0.0,0.0,0.0,0.0,0.0,0.0,0.0,,,,0.0,0.0,0.0,no awards found FY2022-FY2025,False
6e628d8f-c560-4587-a47e-db62d12bf210,NEI New Innovator Award (DP2 Clinical Trial Not Allowed),93.867,2746084071.1800003,0.0,2270607054.3100004,0.0,5189540.32,363231100.28000015,0.0,0.0,0.0,,"THE JOHNS HOPKINS UNIVERSITY ($112.9M); THE LELAND STANFORD JUNIOR UNIVERSITY ($80.4M); REGENTS OF THE UNIVERSITY OF CALIFORNIA, SAN FRANCISCO, THE ($73.8M)",,0.0,0.8268527093324983,0.9610148948484315,mostly universities,False
6ec9450d-7683-4f5d-87b1-069b65a7e8ca,New Approaches for Measuring Brain Changes Across Longer Timespans (R01 Clinical Trial Optional),93.286;93.396;93.865;93.866,25055410286.13,0.0,18801600306.579998,0.0,59364503.489999995,4640577388.699999,0.0,0.0,0.0,,THE GENERAL HOSPITAL CORPORATION ($72.2M); THE JOHNS HOPKINS UNIVERSITY ($67.8M); THE LELAND STANFORD JUNIOR UNIVERSITY ($42.0M) | THE TRUSTEES OF COLUMBIA UNIVERSITY IN THE CITY OF NEW YORK ($129.4M); SLOAN-KETTERING INSTITUTE FOR CANCER RESEARCH ($115.4M); THE UNIVERISTY OF TEXAS M.D. ANDERSON CANCER CENTER ($112.5M) | REGENTS OF THE UNIVERSITY OF MICHIGAN ($145.9M); THE JOHNS HOPKINS UNIVERSITY,,0.0,0.7504008153076646,0.9379827322875577,mostly universities,False
6f88ccf1-8d15-4aec-8645-efaf903aea0b,NIA Expanding Research in AD/ADRD (ERA) Postbaccalaureate Research Education Program (R25 Independent Clinical Trial Not Allowed),93.866,15229489497.87,0.0,11707506336.46,0.0,9857717.91,2433575328.85,0.0,0.0,0.0,,"REGENTS OF THE UNIVERSITY OF CALIFORNIA, SAN FRANCISCO, THE ($499.5M); THE TRUSTEES OF COLUMBIA UNIVERSITY IN THE CITY OF NEW YORK ($473.8M); WASHINGTON UNIVERSITY, THE ($471.3M)",,0.0,0.7687392501303089,0.9291801530969999,mostly universities,False
6fc36162-1e77-4f38-8ceb-82a18531940c,Innovative Approaches for Reducing Disparities in Kidney Health,93.137,134907949.66,3554242.11,60723991.52,3571067.9699999997,16381201.440000001,84105657.35,0.0,0.0,0.0,,"THE MOREHOUSE SCHOOL OF MEDICINE, INC. ($13.4M); AMERICAN HEART ASSOCIATION, INC. ($12.2M); UNIVERSITY OF HAWAII ($7.0M)",,0.026345683252599512,0.4501142569658708,1.247785329287466,"mostly nonprofits, hospitals or companies",False
70263e11-944c-4395-b181-b937a0f57734,Biomedical Research Environment and Sponsored Programs Administration Development (BRE-SPAD) Program (UC2- Clinical Trial Not Allowed),93.121;93.213;93.242;93.273;93.279;93.310;93.846;93.853;93.859;93.866;93.867,60941873757.36,0.0,47178817411.00001,812963.07,27120297.22,9086841601.650002,0.0,0.0,0.0,,"REGENTS OF THE UNIVERSITY OF MICHIGAN ($71.4M); REGENTS OF THE UNIVERSITY OF CALIFORNIA, SAN FRANCISCO, THE ($64.3M); UNIVERSITY OF SOUTHERN CALIFORNIA ($62.6M) | YALE UNIV ($22.6M); THE GENERAL HOSPITAL CORPORATION ($17.0M); DUKE UNIVERSITY ($15.9M) | YALE UNIV ($308.6M); UNIVERSITY OF PITTSBURGH - OF THE COMMONWEALTH SYSTEM OF HIGHER EDUCATION ($244.2M); UNIVERSITY OF CALIFORNIA, LOS ANGELES ($1",,0.0,0.774160925849481,0.9237259835014736,mostly universities,False
703509fe-0d61-4f19-9a44-59d02da62ba4,HEAL Initiative Whole Joint Health Program,93.213,465483989.4,0.0,345571281.5300001,0.0,0.0,121084127.74999997,0.0,0.0,0.0,,YALE UNIV ($22.6M); THE GENERAL HOSPITAL CORPORATION ($17.0M); DUKE UNIVERSITY ($15.9M),,0.0,0.7423913376170788,1.0025165632044832,mostly universities,False
7055450d-1520-47c9-a1a4-0c654b4eadff,Translational Centers Using Microphysiologic Systems for Infectious Diseases,93.855,17242464734.02,0.0,12062638314.500011,0.0,9836298.42,3962763745.0300007,0.0,0.0,0.0,,"FRED HUTCHINSON CANCER CENTER ($787.0M); DUKE UNIVERSITY ($576.9M); UNIVERSITY OF CALIFORNIA, LOS ANGELES ($576.8M)",,0.0,0.6995889799153826,0.9299852779348832,mostly universities,False
705f557f-8e45-4a72-a32b-6659c96c6a6f,Method to Extend Research in Time (MERIT) Award Extension Request (Type 4 eSubmission Clinical Trial Optional),93.393;93.394;93.395;93.396;93.397;93.399,16235679757.289999,0.0,10288224988.659998,6163220.57,185643659.31,5205769007.68,0.0,0.0,0.0,,"THE UNIVERISTY OF TEXAS M.D. ANDERSON CANCER CENTER ($89.6M); SLOAN-KETTERING INSTITUTE FOR CANCER RESEARCH ($81.9M); FRED HUTCHINSON CANCER CENTER ($73.6M) | REGENTS OF THE UNIVERSITY OF CALIFORNIA, SAN FRANCISCO, THE ($91.2M); FRED HUTCHINSON CANCER CENTER ($89.9M); SLOAN-KETTERING INSTITUTE FOR CANCER RESEARCH ($76.5M) | THE UNIVERISTY OF TEXAS M.D. ANDERSON CANCER CENTER ($157.0M); ICAHN SCHOO",,0.0,0.6336799655117903,0.9661314531149766,mostly universities,False
7088f3f8-0aad-4f2e-afa1-f53b59efa54d,Pediatric and Reproductive Environmental Health Scholars (PREHS) Program,93.113,1715114949.74,0.0,1435295386.189999,1144693.0,7190860.0,201053474.33,0.0,0.0,0.0,,ICAHN SCHOOL OF MEDICINE AT MOUNT SINAI ($73.2M); THE TRUSTEES OF COLUMBIA UNIVERSITY IN THE CITY OF NEW YORK ($64.4M); UNIVERSITY OF NORTH CAROLINA AT CHAPEL HILL ($57.1M),,0.0,0.8368508398854434,0.9589353843422112,mostly universities,False
709d706d-461f-4ce1-bc94-72aaae2e4cde,New Investigator Grants to Conduct Research to Prevent Interpersonal Violence and Suicide Among Children and Adolescents (K01),93.136,1798553133.5900002,976733317.1399999,191223876.62,49049669.74,227249891.57,306696129.96999997,0.0,33736379.83,33751379.83,NORTH CAROLINA DEPARTMENT OF HEALTH & HUMAN SERVICES; NORTH CAROLINA DEPARTMENT OF PUBLIC INSTRUCTION,"FLORIDA DEPARTMENT OF HEALTH ($64.7M); PUBLIC HEALTH, CALIFORNIA DEPARTMENT OF ($45.6M); NATIONAL FOUNDATION FOR THE CENTERS FOR DISEASE CONTROL & PREVENTION, INC. ($34.5M)",,0.543066145168807,0.10632094935016337,0.9735341438287186,NC DHHS has received awards,True
70e5bb00-3652-4fab-89e6-652ec4aa4ca1,NSF Astronomy and Astrophysics Postdoctoral Fellowships,47.049,6727369096.0,0.0,5005763263.0,0.0,0.0,1316835947.0,71509669.0,0.0,0.0,,"ASSOCIATION OF UNIVERSITIES FOR RESEARCH IN ASTRONOMY, INC. ($574.0M); ASSOCIATED UNIVERSITIES INC ($531.2M); CALIFORNIA INSTITUTE OF TECHNOLOGY ($254.7M)",,0.0,0.7440892853606557,0.9398323653386774,mostly universities,False
71b32b1f-dd0b-4409-9ba4-f933504b8a05,"DoW Bone Marrow Failure, Idea Development Award",12.420,5640094062.21,0.0,3068370069.44,0.0,22619849.59,1893474804.760001,0.0,0.0,0.0,,"THE HENRY M. JACKSON FOUNDATION FOR THE ADVANCEMENT OF MILITARY MEDICINE, INC. ($420.3M); THE UNIVERISTY OF TEXAS M.D. ANDERSON CANCER CENTER ($150.0M); THE JOHNS HOPKINS UNIVERSITY ($136.4M)",,0.0,0.5440281732176817,0.8837556020895334,mostly universities,False
71f5944d-49d5-42ec-b3fb-d35a9af3e7f6,NIH Pathway to Independence Award (Parent K99/R00  Independent Clinical Trial Not Allowed),93.113;93.121;93.172;93.173;93.213;93.233;93.242;93.273;93.279;93.286;93.307;93.310;93.313;93.361;93.398;93.837;93.838;93.839;93.840;93.846;93.847;93.853;93.855;93.859;93.865;93.866;93.867;93.879,112748447793.61002,215575.61000000002,85445541968.02002,6965750.43,125123704.55000001,19444786970.05,0.0,0.0,0.0,,"ICAHN SCHOOL OF MEDICINE AT MOUNT SINAI ($73.2M); THE TRUSTEES OF COLUMBIA UNIVERSITY IN THE CITY OF NEW YORK ($64.4M); UNIVERSITY OF NORTH CAROLINA AT CHAPEL HILL ($57.1M) | REGENTS OF THE UNIVERSITY OF MICHIGAN ($71.4M); REGENTS OF THE UNIVERSITY OF CALIFORNIA, SAN FRANCISCO, THE ($64.3M); UNIVERSITY OF SOUTHERN CALIFORNIA ($62.6M) | THE LELAND STANFORD JUNIOR UNIVERSITY ($118.8M); UNIVERSITY OF",,1.9120051248476496e-06,0.7578422908706564,0.9314774262871239,mostly universities,False
721d5c2c-af72-4c33-8ce6-013b1e8ad59b,FAA Aviation Research Grants Program,20.108,1634020.0,0.0,1634020.0,0.0,0.0,0.0,0.0,0.0,0.0,,"OHIO STATE UNIVERSITY, THE ($0.9M); GEORGE MASON UNIVERSITY ($0.6M); THE UNIVERSITY OF CHICAGO ($0.3M)",,0.0,1.0,1.0,mostly universities,False
723b7985-22ad-4264-be88-518100618931,EPSCoR Research Infrastructure Improvement (RII): EPSCoR Research Fellows,47.041;47.049;47.050;47.070;47.074;47.075;47.076;47.079;47.083;47.084,32412699683.0,33153443.0,24271392297.0,5844001.0,10109019.0,4120282094.0,160901546.0,0.0,694321.0,FRIENDS OF THE NORTH CAROLINA STATE MUSEUM OF NATURAL SCIENCES,"PURDUE UNIVERSITY ($81.2M); REGENTS OF THE UNIVERSITY OF MICHIGAN ($81.1M); GEORGIA TECH RESEARCH CORP ($80.6M) | ASSOCIATION OF UNIVERSITIES FOR RESEARCH IN ASTRONOMY, INC. ($574.0M); ASSOCIATED UNIVERSITIES INC ($531.2M); CALIFORNIA INSTITUTE OF TECHNOLOGY ($254.7M) | UNIVERSITY CORPORATION FOR ATMOSPHERIC RESEARCH ($587.8M); WOODS HOLE OCEANOGRAPHIC INSTITUTION ($497.0M); TEXAS A & M RESEARCH F",,0.0010228534902752488,0.7488235331946138,0.8774579449460912,mostly universities,False
72610d49-3969-4f3f-8018-48f186c2c4dc,Secondary Analysis and Integration of Existing Data to Elucidate Cancer Risk and Related Outcomes (R01 Clinical Trial Not Allowed),93.121;93.172;93.393;93.866,21437159474.71,0.0,16182483711.34,7921517.07,37709385.629999995,4048204623.8399997,0.0,0.0,0.0,,"REGENTS OF THE UNIVERSITY OF MICHIGAN ($71.4M); REGENTS OF THE UNIVERSITY OF CALIFORNIA, SAN FRANCISCO, THE ($64.3M); UNIVERSITY OF SOUTHERN CALIFORNIA ($62.6M) | THE LELAND STANFORD JUNIOR UNIVERSITY ($118.8M); UNIVERSITY OF WASHINGTON ($97.7M); THE BROAD INSTITUTE, INC ($94.8M) | THE UNIVERISTY OF TEXAS M.D. ANDERSON CANCER CENTER ($89.6M); SLOAN-KETTERING INSTITUTE FOR CANCER RESEARCH ($81.9M);",,0.0,0.7548800357823021,0.9458491579446674,mostly universities,False
7272573c-cbbc-40d5-9760-dc0ce718fecb,AIDS Research Center on Mental Health and HIV/AIDS (P30 Clinical Trial Optional),93.242,7107924163.190001,0.0,5396186256.740001,0.0,0.0,1251736935.5299997,0.0,0.0,0.0,,"YALE UNIV ($308.6M); UNIVERSITY OF PITTSBURGH - OF THE COMMONWEALTH SYSTEM OF HIGHER EDUCATION ($244.2M); UNIVERSITY OF CALIFORNIA, LOS ANGELES ($186.0M)",,0.0,0.7591789294384114,0.9352833597603335,mostly universities,False
72bd1f82-d3f8-4226-872e-fc254dd21a6a,"Institute of Education Sciences (IES): National Center for Special Education Research (NCSER): Using Longitudinal Data to Support State Education Policymaking in Special Education, Assistance Listing Number (ALN) 84.324S",84.324,246976803.10999998,0.0,222147576.16999996,0.0,0.0,24829226.94,0.0,0.0,0.0,,UNIVERSITY OF KANSAS CENTER FOR RESEARCH INC ($27.1M); UNIVERSITY OF OREGON ($14.9M); UNIVERSITY OF TEXAS AT AUSTIN ($14.6M),,0.0,0.8994673725331952,0.9999999999999999,mostly universities,False
72c16e90-9e1f-4fa0-8d67-db0423301955,Innovative Screening Approaches and Therapies for Screenable Disorders in Newborns (R01 - Clinical Trial Optional),93.865,4921279091.58,0.0,3623055293.56,0.0,0.0,913474006.4399998,0.0,0.0,0.0,,REGENTS OF THE UNIVERSITY OF MICHIGAN ($145.9M); THE JOHNS HOPKINS UNIVERSITY ($122.6M); UNIVERSITY OF WASHINGTON ($109.8M),,0.0,0.736201956064394,0.921819148148236,mostly universities,False
72e1732b-ce47-49a4-98c0-8c04576cceff,Utilizing Real-World Data and Algorithmic Analyses to Assess Post-Market Clinical Outcomes in Patients Switching Amongst Therapeutically Equivalent Complex Generic Drug Products and Reference Listed Drugs (U01) Clinical Trial Not Allowed,93.103,978131651.19,204231952.81000003,317394711.29,6344842.82,13208169.0,393879205.75999993,0.0,0.0,6880186.38,NORTH CAROLINA DEPARTMENT OF AGRICULTURE & CONSUMER SERVICES,THE CRITICAL PATH INSTITUTE ($79.1M); NATIONAL ENVIRONMENTAL HEALTH ASSOCIATION ($44.4M); THE MEDICAL DEVICE INNOVATION CONSORTIUM ($42.6M),,0.2087980207587909,0.3244907890505904,0.9559642411554747,mixed recipients (some state agencies),False
73712c84-83f0-4442-8b58-7b75836a9596,Research Resource for a National Swine Resource and Research Center (U42 Clinical Trial Not Allowed),93.351,1118184048.6399999,0.0,854422162.4500003,0.0,0.0,252743423.24999994,0.0,0.0,0.0,,"UNIVERSITY OF CALIFORNIA, DAVIS ($82.0M); OREGON HEALTH & SCIENCE UNIVERSITY ($72.4M); UNIVERSITY OF WASHINGTON ($63.7M)",,0.0,0.7641158568566578,0.9901461097093981,mostly universities,False
73f39ef2-101c-4f6a-bf77-30ebea1d8474,Short Courses on Innovative Methodologies and Approaches in the Behavioral and Social Sciences (R25 Clinical Trials Not Allowed),93.121;93.173;93.213;93.233;93.242;93.279;93.313;93.361;93.398;93.837;93.838;93.839;93.840;93.847,37843174321.46,215575.61000000002,28450826793.6,2740755.07,78615220.91,6914647916.619998,0.0,0.0,0.0,,"REGENTS OF THE UNIVERSITY OF MICHIGAN ($71.4M); REGENTS OF THE UNIVERSITY OF CALIFORNIA, SAN FRANCISCO, THE ($64.3M); UNIVERSITY OF SOUTHERN CALIFORNIA ($62.6M) | THE JOHNS HOPKINS UNIVERSITY ($66.5M); MASSACHUSETTS EYE AND EAR INFIRMARY ($63.7M); THE UNIVERSITY OF IOWA ($40.8M) | YALE UNIV ($22.6M); THE GENERAL HOSPITAL CORPORATION ($17.0M); DUKE UNIVERSITY ($15.9M) | YALE UNIV ($308.6M); UNIVERS",,5.696551990295169e-06,0.7518086762998152,0.9366826884210078,mostly universities,False
73ff0209-aa1f-4f73-a3fc-ee97ee3710cf,Ryan White HIV/AIDS Program Part B AIDS Drug Assistance Program Training and Technical Assistance,93.145,530419309.90999997,8326035.12,196343822.7,0.0,29911511.01,195427671.41000003,0.0,0.0,0.0,,"REGENTS OF THE UNIVERSITY OF CALIFORNIA, SAN FRANCISCO, THE ($24.4M); VANDERBILT UNIVERSITY MEDICAL CENTER ($19.2M); THE TRUSTEES OF COLUMBIA UNIVERSITY IN THE CITY OF NEW YORK ($18.2M)",,0.01569708146826845,0.37016718477559774,0.8106964286669026,mixed recipients (some state agencies),False
74072dd0-e80a-4e5e-8c5c-910a52a60682,Collaborations to Enhance Drug Development and Regulatory Science,93.103,978131651.19,204231952.81000003,317394711.29,6344842.82,13208169.0,393879205.75999993,0.0,0.0,6880186.38,NORTH CAROLINA DEPARTMENT OF AGRICULTURE & CONSUMER SERVICES,THE CRITICAL PATH INSTITUTE ($79.1M); NATIONAL ENVIRONMENTAL HEALTH ASSOCIATION ($44.4M); THE MEDICAL DEVICE INNOVATION CONSORTIUM ($42.6M),,0.2087980207587909,0.3244907890505904,0.9559642411554747,mixed recipients (some state agencies),False
741f2935-18c1-4e3e-8f54-f30dc3a6ee80,Rural Maternity and Obstetrics Management Strategies Program,93.912,531715188.38,35331547.66,66459726.669999994,3416082.81,27568884.65,288123945.11,0.0,1404399.0,1404399.0,NORTH CAROLINA DEPARTMENT OF HEALTH & HUMAN SERVICES,"RURAL HEALTH RESOURCE CENTER ($44.8M); JBS INTERNATIONAL, INC. ($10.1M); RURAL HEALTH REDESIGN CENTER ORGANIZATION, INC. ($7.9M)",,0.06644825732295925,0.1249912135714719,0.7915895503801106,NC DHHS has received awards,True
7472b3bc-2bef-4494-854d-146821158d74,Centers of Excellence (COE),93.157,100499053.78,0.0,100459053.77999999,0.0,0.0,40000.0,0.0,0.0,0.0,,MEHARRY MEDICAL COLLEGE ($23.3M); TUSKEGEE UNIVERSITY ($11.8M); XAVIER UNIVERSITY OF LOUISIANA ($11.6M),,0.0,0.9996019863024026,0.9999999999999999,mostly universities,False
74855e01-3250-4945-b023-e56dc75d4963,PDS Italy Annual Program Statement,19.040,257210709.31,0.0,18981816.92,765922.7,0.0,121256439.30999996,40952578.09,0.0,0.0,,MISCELLANEOUS FOREIGN AWARDEES ($41.0M); INDIVIDUAL RECIPIENT ($19.5M); MERIDIAN INTERNATIONAL CENTER ($4.4M),,0.0,0.07379870368120016,0.5482049301456434,mixed recipients (no state agencies),False
748bc51b-4220-4298-ad1d-8071fb390b66,Martin Delaney Collaboratories for HIV Cure Research,93.855,17242464734.02,0.0,12062638314.500011,0.0,9836298.42,3962763745.0300007,0.0,0.0,0.0,,"FRED HUTCHINSON CANCER CENTER ($787.0M); DUKE UNIVERSITY ($576.9M); UNIVERSITY OF CALIFORNIA, LOS ANGELES ($576.8M)",,0.0,0.6995889799153826,0.9299852779348832,mostly universities,False
74c7ed49-a225-421f-aaed-af3139bd4fb9,Eviction Protection Grant Program,14.537,75767897.35,0.0,0.0,0.0,3650581.28,72117316.07,0.0,0.0,0.0,,COMMUNITY LEGAL AID INC. ($4.8M); LEGAL SERVICES OF GREATER MIAMI INC ($3.5M); LEGAL SERVICES OF THE HUDSON VALLEY ($3.2M),,0.0,0.0,1.0,"mostly nonprofits, hospitals or companies",False
74cd709c-c350-4c08-a6b5-4045632749d6,Limited Competition: Biospecimen Banks to support NCI National Clinical Trials Network Biospecimen Banks (NCTN Biobanks) and the NCI Early-Phase and Experimental Clinical Trials Biospecimen Bank (EET Biobank) (U24 Clinical Trial Not Allowed),93.394,2210353701.25,0.0,1345944191.9999993,0.0,17057231.69,718168494.6399997,0.0,0.0,0.0,,"REGENTS OF THE UNIVERSITY OF CALIFORNIA, SAN FRANCISCO, THE ($91.2M); FRED HUTCHINSON CANCER CENTER ($89.9M); SLOAN-KETTERING INSTITUTE FOR CANCER RESEARCH ($76.5M)",,0.0,0.6089270650388852,0.9415551534367803,mostly universities,False
74fad140-f61b-4fa4-b94e-ac3d99134d77,Growing Research Access for Nationally Transformative Economic Development,47.083,1777229823.0,33153443.0,1509953770.0,0.0,0.0,103300574.0,0.0,0.0,0.0,,REGENTS OF THE UNIVERSITY OF IDAHO ($45.6M); IOWA STATE UNIVERSITY OF SCIENCE AND TECHNOLOGY ($39.2M); UNIVERSITY OF OKLAHOMA ($38.8M),,0.01865456148155128,0.8496108665626415,0.9263899163141603,mostly universities,False
753762d3-a429-4720-9d59-f483298d5705,Exposomic Contributions to ADRD Pathology and Resilience,93.853,7301417548.76,0.0,5703307653.840002,0.0,8115452.99,1095037634.0900006,0.0,0.0,0.0,,"THE GENERAL HOSPITAL CORPORATION ($234.6M); REGENTS OF THE UNIVERSITY OF CALIFORNIA, SAN FRANCISCO, THE ($226.7M); THE JOHNS HOPKINS UNIVERSITY ($223.1M)",,0.0,0.7811233388246087,0.9322108611739297,mostly universities,False
75c1d6c6-6f1e-46c7-84f1-1aaa0fc81bc2,Modular R01s in Cancer Control and Population Sciences (R01 Clinical Trial Optional),93.393;93.399,3628648263.0499997,0.0,2300184120.85,5932664.0,26712496.72,1249234499.7599998,0.0,0.0,0.0,,"THE UNIVERISTY OF TEXAS M.D. ANDERSON CANCER CENTER ($89.6M); SLOAN-KETTERING INSTITUTE FOR CANCER RESEARCH ($81.9M); FRED HUTCHINSON CANCER CENTER ($73.6M) | ECOG-ACRIN MEDICAL RESEARCH FOUNDATION, INC. ($80.5M); NRG ONCOLOGY FOUNDATION INC ($47.0M); ALLIANCE NCTN FOUNDATION ($40.7M)",,0.0,0.6338955870351067,0.9871620288484935,mostly universities,False
75f811fc-1478-42ec-b72a-06c96c4ede29,Food and Agricultural Sciences National Needs Graduate and Postgraduate Fellowships,10.210,9229950.46,0.0,9233048.789999995,0.0,0.0,-3098.33,0.0,0.0,0.0,,VIRGINIA POLYTECHNIC INSTITUTE & STATE UNIVERSITY ($0.7M); MICHIGAN STATE UNIVERSITY ($0.7M); THE PENNSYLVANIA STATE UNIVERSITY ($0.7M),,0.0,1.0003356821917324,0.9999999999999994,mostly universities,False
75fc5a54-3480-4e11-bdae-eb5d41a36797,FY 2021 - 2023 Economic Development RNTA,11.303;11.312,41762664.07,491484.62,27784643.970000003,707135.75,1522166.51,11257233.22,0.0,0.0,0.0,,"NATIONAL ASSOCIATION OF DEVELOPMENT ORGANIZATIONS RESEARCH FOUNDATION, INC. ($1.5M); BOARD OF REGENTS OF NEVADA SYSTEM OF HIGHER EDUCATION ($1.0M); INSTITUTE FOR LOCAL SELF-RELIANCE, INC. ($0.8M) | UCHICAGO ARGONNE, LLC ($3.8M); THE URBAN INSTITUTE ($0.6M); VIRGINIA POLYTECHNIC INSTITUTE & STATE UNIVERSITY ($0.5M)",,0.011768516950360346,0.665298648654911,1.0,mostly universities,False
76e69002-8eff-4020-877e-6185de52139e,Continuing Human Enabling Enhancing Restoring and Sustaining,12.800,3127619506.15,0.0,1639559732.7100005,0.0,0.0,1343669096.6100004,0.0,0.0,0.0,,"BIOINDUSTRIAL MANUFACTURING AND DESIGN ECOSYSTEM ($521.4M); NATIONAL CENTER FOR DEFENSE MANUFACTURING AND MACHINING ($256.8M); FLEXTECH ALLIANCE, INC. ($189.0M)",,0.0,0.524219691521315,0.9538336819596896,mostly universities,False
770eae58-b245-4431-a4b8-7b1aca9e917f,Title X Family Planning Services Grants,93.217,522994292.9,218092501.43,6571035.72,16985571.0,4598531.93,276746652.8,0.0,14678412.09,14678412.09,NORTH CAROLINA DEPARTMENT OF HEALTH & HUMAN SERVICES,ESSENTIAL ACCESS HEALTH ($33.5M); WOMENS HEALTH & FAMILY PLANNING ASSOCIATION OF TEXAS ($31.6M); NYS DEPARTMENT OF HEALTH ($24.3M),,0.4170074212869102,0.01256425893973651,0.9999999999617587,NC DHHS has received awards,True
77942f5d-0b5f-4656-bfd7-a6148b1624a4,Limited Competition: Centers of Biomedical Research Excellence: Expansion/Sustainability Phases (COBRE-E/S) (P30 - Clinical Trial Not Allowed),93.859,12070484526.24,0.0,9612792260.85001,0.0,0.0,889455283.0399997,0.0,0.0,0.0,,"THE LELAND STANFORD JUNIOR UNIVERSITY ($235.0M); REGENTS OF THE UNIVERSITY OF MICHIGAN ($221.4M); UNIVERSITY OF CALIFORNIA, SAN DIEGO ($215.2M)",,0.0,0.7963882675921403,0.8700767165608966,mostly universities,False
77b51e1b-4047-41fc-85d5-a6ac7ca20dc3,National Indian Health Outreach and Education,93.933,44843385.56,0.0,0.0,33670289.66999999,1136283.76,12173690.340000002,0.0,0.0,0.0,,BOYS & GIRLS CLUBS OF AMERICA ($2.8M); NATIONAL INDIAN HEALTH BOARD ($2.1M); PASCUA YAQUI TRIBE ($2.0M),,0.0,0.0,1.0476520267886746,mostly tribal / Native organizations,False
7839275b-3a58-42a2-8fd5-d75a3f977771,"Electronics, Photonics and Magnetic Devices",47.041,3232868977.0,0.0,2788913637.0,0.0,0.0,193471652.0,0.0,0.0,0.0,,PURDUE UNIVERSITY ($81.2M); REGENTS OF THE UNIVERSITY OF MICHIGAN ($81.1M); GEORGIA TECH RESEARCH CORP ($80.6M),,0.0,0.8626745026914217,0.9225196907817647,mostly universities,False
785bf1c9-11f8-4133-b550-70bcd2df50a2,National Training Center for Title X and Teen Pregnancy Prevention (TPP),93.297,351631509.2,10410940.459999999,51935309.93,8255077.29,37040240.95,243989940.57000008,0.0,-327549.91,-327549.91,NORTH CAROLINA DEPARTMENT OF HEALTH & HUMAN SERVICES,"EDUCATION TRAINING & RESEARCH ASSOCIATES ($13.4M); CHILD TRENDS, INCORPORATED ($10.5M); POLICY AND RESEARCH L.L.C. ($10.1M)",,0.029607530006870043,0.14769811171973324,1.0000000000000004,"mostly nonprofits, hospitals or companies",False
78db6f0b-a0e9-4be9-8552-1b5591b5bc93,"NSF Small Business Innovation Research / Small Business Technology Transfer Phase I, Phase II, Fast-Track Programs: A Pilot Emphasis on Scientific Instrumentation",47.084,2244129266.0,0.0,991864280.0,0.0,0.0,294625189.0,0.0,0.0,0.0,,ARIZONA STATE UNIVERSITY ($44.7M); ACTIVATE GLOBAL INC ($39.0M); MASSACHUSETTS INSTITUTE OF TECHNOLOGY ($30.7M),,0.0,0.4419817944658452,0.5732688791555557,mixed recipients (no state agencies),False
790f847d-65a1-4a11-949a-b239a1b4d4d4,Expanding global health security through local partnerships in Nigeria,93.318,800719163.77,0.0,120532829.8,6970522.0,13803314.0,664832940.8499999,0.0,0.0,0.0,,"WORLD HEALTH ORGANIZATION ($88.4M); THE TASK FORCE FOR GLOBAL HEALTH, INC. ($83.2M); AFRICAN FIELD EPIDEMIOLOGY NETWORK LTD ($79.4M)",,0.0,0.15053071695261944,1.006769468154701,"mostly nonprofits, hospitals or companies",False
791709d3-a2a6-428b-b94d-d4ba3f57d3ce,Counter Wildlife Trafficking NOFO,19.124,125576512.58,0.0,5380351.3100000005,149408.0,0.0,105608436.28000002,14438317.0,0.0,0.0,,THE ASIA FOUNDATION ($82.0M); MISCELLANEOUS FOREIGN AWARDEES ($14.4M); U.S. CIVILIAN RESEARCH AND DEVELOPMENT FOUNDATION ($6.8M),,0.0,0.0428452040868103,0.8850237461340401,"mostly nonprofits, hospitals or companies",False
793e4716-44ff-4f29-9a06-326f00e9bae9,Mathematical Sciences Postdoctoral Research Fellowships,47.049,6727369096.0,0.0,5005763263.0,0.0,0.0,1316835947.0,71509669.0,0.0,0.0,,"ASSOCIATION OF UNIVERSITIES FOR RESEARCH IN ASTRONOMY, INC. ($574.0M); ASSOCIATED UNIVERSITIES INC ($531.2M); CALIFORNIA INSTITUTE OF TECHNOLOGY ($254.7M)",,0.0,0.7440892853606557,0.9398323653386774,mostly universities,False
7946beab-e132-4137-9fd4-aba8e0af3bf4,"DoW Spinal Cord Injury, Translational Research Award",12.420,5640094062.21,0.0,3068370069.44,0.0,22619849.59,1893474804.760001,0.0,0.0,0.0,,"THE HENRY M. JACKSON FOUNDATION FOR THE ADVANCEMENT OF MILITARY MEDICINE, INC. ($420.3M); THE UNIVERISTY OF TEXAS M.D. ANDERSON CANCER CENTER ($150.0M); THE JOHNS HOPKINS UNIVERSITY ($136.4M)",,0.0,0.5440281732176817,0.8837556020895334,mostly universities,False
79bade5f-509e-483b-9823-3efc52c2f3c5,Forecast for NIH Blueprint and BRAIN Initiative ACTION Potential Program (F99/K00 Clinical Trial Not Allowed),93.853,7301417548.76,0.0,5703307653.840002,0.0,8115452.99,1095037634.0900006,0.0,0.0,0.0,,"THE GENERAL HOSPITAL CORPORATION ($234.6M); REGENTS OF THE UNIVERSITY OF CALIFORNIA, SAN FRANCISCO, THE ($226.7M); THE JOHNS HOPKINS UNIVERSITY ($223.1M)",,0.0,0.7811233388246087,0.9322108611739297,mostly universities,False
79e5ec41-4617-4aba-b2c7-2e5246e3b5e5,Improving global health security in Côte d'Ivoire to stop the spread of infectious disease,93.318,800719163.77,0.0,120532829.8,6970522.0,13803314.0,664832940.8499999,0.0,0.0,0.0,,"WORLD HEALTH ORGANIZATION ($88.4M); THE TASK FORCE FOR GLOBAL HEALTH, INC. ($83.2M); AFRICAN FIELD EPIDEMIOLOGY NETWORK LTD ($79.4M)",,0.0,0.15053071695261944,1.006769468154701,"mostly nonprofits, hospitals or companies",False
7a4a9822-f39f-464d-8a1d-d941afaebcdf,The NIA Genetics of Alzheimer's Disease Data Storage Site (NIAGADS),93.866,15229489497.87,0.0,11707506336.46,0.0,9857717.91,2433575328.85,0.0,0.0,0.0,,"REGENTS OF THE UNIVERSITY OF CALIFORNIA, SAN FRANCISCO, THE ($499.5M); THE TRUSTEES OF COLUMBIA UNIVERSITY IN THE CITY OF NEW YORK ($473.8M); WASHINGTON UNIVERSITY, THE ($471.3M)",,0.0,0.7687392501303089,0.9291801530969999,mostly universities,False
7a53fbb5-1fa8-4b03-b27f-e6b1469630bc,Denver FY 2021 – FY 2023 EDA Planning and Local Technical Assistance,11.302;11.303,151550437.96,10812384.62,27284643.970000003,5240988.68,3076677.62,57299314.51,0.0,0.0,0.0,,"KENTUCKY DEPARTMENT FOR LOCAL GOVERNMENT ($5.0M); SOUTHEASTERN NEW MEXICO ECONOMIC DEVELOPMENT DISTRICT, INC. ($0.8M); SEDA COUNCIL OF GOVERNMENTS ($0.7M) | NATIONAL ASSOCIATION OF DEVELOPMENT ORGANIZATIONS RESEARCH FOUNDATION, INC. ($1.5M); BOARD OF REGENTS OF NEVADA SYSTEM OF HIGHER EDUCATION ($1.0M); INSTITUTE FOR LOCAL SELF-RELIANCE, INC. ($0.8M)",,0.0713451228880896,0.18003672135346432,0.6843530826837605,mixed recipients (some state agencies),False
7aa0406b-a619-4e48-ac77-e9519620136d,U.S. Exchange Alumni Summit Bangladesh 2024,19.040,257210709.31,0.0,18981816.92,765922.7,0.0,121256439.30999996,40952578.09,0.0,0.0,,MISCELLANEOUS FOREIGN AWARDEES ($41.0M); INDIVIDUAL RECIPIENT ($19.5M); MERIDIAN INTERNATIONAL CENTER ($4.4M),,0.0,0.07379870368120016,0.5482049301456434,mixed recipients (no state agencies),False
7ab09c50-d4d8-4057-8347-d96c5cbc05cd,Developing novel theory and methods for understanding the genetic architecture of complex human traits (R21 Clinical Trial Not Allowed),93.172;93.399,2413516931.32,0.0,1527375110.4300003,1175890.0,2768389.0,868676944.0,0.0,0.0,0.0,,"THE LELAND STANFORD JUNIOR UNIVERSITY ($118.8M); UNIVERSITY OF WASHINGTON ($97.7M); THE BROAD INSTITUTE, INC ($94.8M) | ECOG-ACRIN MEDICAL RESEARCH FOUNDATION, INC. ($80.5M); NRG ONCOLOGY FOUNDATION INC ($47.0M); ALLIANCE NCTN FOUNDATION ($40.7M)",,0.0,0.6328420947080942,0.9943979684938008,mostly universities,False
7b438dcc-74fd-44b7-bb2e-fb6c5b92f391,HIV Care Grant Program - Part B States/Territories Formula and AIDS Drug Assistance Program Formula and AIDS Drug Assistance Program Supplemental Awards: Pacific Islands Jurisdictions,93.917,5103315650.08,3887589992.2800007,0.0,100702105.44,-102.02,1115023654.38,0.0,187626459.44,187626459.44,NORTH CAROLINA DEPARTMENT OF HEALTH & HUMAN SERVICES,"PUBLIC HEALTH, CALIFORNIA DEPARTMENT OF ($598.7M); HEALTH RESEARCH, INC. ($529.8M); FLORIDA DEPARTMENT OF HEALTH ($518.5M)",,0.7617772951628141,0.0,1.0000000000000002,NC DHHS has received awards,True
7b7624ef-1ddc-4039-a04c-f50a7488315e,National Space Grant College and Fellowship Program - Opportunities in NASA STEM FY 2020 – 2024,43.008,399805149.92,0.0,347230757.8199998,2410898.45,839921.0,49476836.95000001,0.0,0.0,0.0,,UNIVERSITIES SPACE RESEARCH ASSOCIATION ($11.6M); THE UNIVERSITY OF ALABAMA IN HUNTSVILLE ($9.4M); UNIVERSITY OF ALASKA FAIRBANKS ($9.3M),,0.0,0.8684999627680628,1.0003833474882216,mostly universities,False
7b85616a-e7b4-4c39-a71a-5269c238a9f6,"Leveraging Network Infrastructure to Conduct Innovative Research for Women, Children, Pregnant and Lactating Women, and Persons with Disabilities (UG3/UH3 - Clinical Trial Optional)",93.313;93.865,4921279091.58,0.0,3623055293.56,0.0,0.0,913474006.4399998,0.0,0.0,0.0,,REGENTS OF THE UNIVERSITY OF MICHIGAN ($145.9M); THE JOHNS HOPKINS UNIVERSITY ($122.6M); UNIVERSITY OF WASHINGTON ($109.8M),,0.0,0.736201956064394,0.921819148148236,mostly universities,False
7b8c53c5-0182-4512-a98f-737d16aebeb4,Biological Oceanography (BioOce),47.050,4267308537.0,0.0,3152349973.0,0.0,0.0,938761319.0,14427929.0,0.0,0.0,,UNIVERSITY CORPORATION FOR ATMOSPHERIC RESEARCH ($587.8M); WOODS HOLE OCEANOGRAPHIC INSTITUTION ($497.0M); TEXAS A & M RESEARCH FOUNDATION ($228.6M),,0.0,0.7387208929627016,0.9587099823056455,mostly universities,False
7bc94704-2c21-4603-8009-e164e00386d0,Facility and Instrumentation Request Process,47.050,4267308537.0,0.0,3152349973.0,0.0,0.0,938761319.0,14427929.0,0.0,0.0,,UNIVERSITY CORPORATION FOR ATMOSPHERIC RESEARCH ($587.8M); WOODS HOLE OCEANOGRAPHIC INSTITUTION ($497.0M); TEXAS A & M RESEARCH FOUNDATION ($228.6M),,0.0,0.7387208929627016,0.9587099823056455,mostly universities,False
7be8c36d-5f71-4ae7-8201-8dca6b6f5fe1,Archaeometry,47.075,843974005.0,0.0,705744304.0,0.0,0.0,76586867.0,10961722.0,0.0,0.0,,REGENTS OF THE UNIVERSITY OF MICHIGAN ($99.6M); NATIONAL BUREAU OF ECONOMIC RESEARCH INC ($29.0M); NATIONAL OPINION RESEARCH CENTER ($18.9M),,0.0,0.8362156888943517,0.9269612172474435,mostly universities,False
7c4d90dc-e86e-4e90-bad2-7734bd75dc31,"DoW Breast Cancer, Breakthrough Award Level 3",12.420,5640094062.21,0.0,3068370069.44,0.0,22619849.59,1893474804.760001,0.0,0.0,0.0,,"THE HENRY M. JACKSON FOUNDATION FOR THE ADVANCEMENT OF MILITARY MEDICINE, INC. ($420.3M); THE UNIVERISTY OF TEXAS M.D. ANDERSON CANCER CENTER ($150.0M); THE JOHNS HOPKINS UNIVERSITY ($136.4M)",,0.0,0.5440281732176817,0.8837556020895334,mostly universities,False
7cdf8bba-1af0-452e-8f38-1b8d79786c69,U.S. National Science Foundation State and Regional Artificial Intelligence Infrastructure Hubs:,47.070;47.076;47.084,11906344956.0,0.0,8451773520.0,5844001.0,3996174.0,881527898.0,0.0,0.0,0.0,,"UNIVERSITY OF TEXAS AT AUSTIN ($331.4M); UNIVERSITY OF CALIFORNIA, SAN DIEGO ($169.2M); UNIVERSITY OF ILLINOIS ($164.0M) | MASSACHUSETTS INSTITUTE OF TECHNOLOGY ($106.0M); REGENTS OF THE UNIVERSITY OF CALIFORNIA, THE ($105.6M); THE LELAND STANFORD JUNIOR UNIVERSITY ($103.6M) | ARIZONA STATE UNIVERSITY ($44.7M); ACTIVATE GLOBAL INC ($39.0M); MASSACHUSETTS INSTITUTE OF TECHNOLOGY ($30.7M)",,0.0,0.7098545818413293,0.7847195447072682,mostly universities,False
7ceb414d-faf3-4792-a2ed-9b4f5075be14,Chemical Evolution of the Solid Earth and Volcanology,47.050,4267308537.0,0.0,3152349973.0,0.0,0.0,938761319.0,14427929.0,0.0,0.0,,UNIVERSITY CORPORATION FOR ATMOSPHERIC RESEARCH ($587.8M); WOODS HOLE OCEANOGRAPHIC INSTITUTION ($497.0M); TEXAS A & M RESEARCH FOUNDATION ($228.6M),,0.0,0.7387208929627016,0.9587099823056455,mostly universities,False
7cf4ba90-dba8-4cfd-bc31-5baeb10bea5f,Mentored Clinical Scientist Research Career Development Award (Parent K08  Independent Clinical Trial Not Allowed),93.113;93.121;93.172;93.173;93.213;93.233;93.242;93.273;93.279;93.286;93.307;93.310;93.313;93.398;93.837;93.838;93.839;93.840;93.846;93.847;93.853;93.855;93.859;93.865;93.866;93.867;93.879,112158208874.93,215575.61000000002,84958580173.07,5596944.43,124903341.56,19340224159.829998,0.0,0.0,0.0,,"ICAHN SCHOOL OF MEDICINE AT MOUNT SINAI ($73.2M); THE TRUSTEES OF COLUMBIA UNIVERSITY IN THE CITY OF NEW YORK ($64.4M); UNIVERSITY OF NORTH CAROLINA AT CHAPEL HILL ($57.1M) | REGENTS OF THE UNIVERSITY OF MICHIGAN ($71.4M); REGENTS OF THE UNIVERSITY OF CALIFORNIA, SAN FRANCISCO, THE ($64.3M); UNIVERSITY OF SOUTHERN CALIFORNIA ($62.6M) | THE LELAND STANFORD JUNIOR UNIVERSITY ($118.8M); UNIVERSITY OF",,1.9220671599739343e-06,0.7574887386781393,0.9310911902217659,mostly universities,False
7d131a23-ef5d-468e-bdcb-8801e3000991,Paul B. Beeson Emerging Leaders Career Development Award in Aging,93.866,15229489497.87,0.0,11707506336.46,0.0,9857717.91,2433575328.85,0.0,0.0,0.0,,"REGENTS OF THE UNIVERSITY OF CALIFORNIA, SAN FRANCISCO, THE ($499.5M); THE TRUSTEES OF COLUMBIA UNIVERSITY IN THE CITY OF NEW YORK ($473.8M); WASHINGTON UNIVERSITY, THE ($471.3M)",,0.0,0.7687392501303089,0.9291801530969999,mostly universities,False
7dc670db-9ef6-4b31-9db9-7443760e9b7a,Dental Primary Care Practice-Based Research Network: Coordinating Center,93.121,1503475567.17,0.0,1230618528.0399997,812963.07,900368.0,248958665.48999998,0.0,0.0,0.0,,"REGENTS OF THE UNIVERSITY OF MICHIGAN ($71.4M); REGENTS OF THE UNIVERSITY OF CALIFORNIA, SAN FRANCISCO, THE ($64.3M); UNIVERSITY OF SOUTHERN CALIFORNIA ($62.6M)",,0.0,0.8185158142319529,0.9852441615584353,mostly universities,False
7dc976b1-c6ab-4669-b482-5ff5173e4a4e,Support for Research Excellence  First Independent Research (SuRE-First) Award (R16 - Clinical Trial Not Allowed),93.113;93.121;93.172;93.173;93.242;93.273;93.279;93.286;93.307;93.361;93.398;93.846;93.847;93.853;93.855;93.859;93.865;93.866;93.867;93.879,95773421569.07,0.0,72887453318.18002,6406764.43,94874556.85999998,16129479972.35,0.0,0.0,0.0,,"ICAHN SCHOOL OF MEDICINE AT MOUNT SINAI ($73.2M); THE TRUSTEES OF COLUMBIA UNIVERSITY IN THE CITY OF NEW YORK ($64.4M); UNIVERSITY OF NORTH CAROLINA AT CHAPEL HILL ($57.1M) | REGENTS OF THE UNIVERSITY OF MICHIGAN ($71.4M); REGENTS OF THE UNIVERSITY OF CALIFORNIA, SAN FRANCISCO, THE ($64.3M); UNIVERSITY OF SOUTHERN CALIFORNIA ($62.6M) | THE LELAND STANFORD JUNIOR UNIVERSITY ($118.8M); UNIVERSITY OF",,0.0,0.7610405071057731,0.9305109199586195,mostly universities,False
7dddce9c-5fd8-4d19-8cd2-9193c70666ef,APS 2022 PDS Italy,19.040,257210709.31,0.0,18981816.92,765922.7,0.0,121256439.30999996,40952578.09,0.0,0.0,,MISCELLANEOUS FOREIGN AWARDEES ($41.0M); INDIVIDUAL RECIPIENT ($19.5M); MERIDIAN INTERNATIONAL CENTER ($4.4M),,0.0,0.07379870368120016,0.5482049301456434,mixed recipients (no state agencies),False
7dee3c60-acc9-4110-a5c3-10b962b4a591,NIDCR Small Grant Program for New Investigators (R03 Clinical Trial Not Allowed),93.121,1503475567.17,0.0,1230618528.0399997,812963.07,900368.0,248958665.48999998,0.0,0.0,0.0,,"REGENTS OF THE UNIVERSITY OF MICHIGAN ($71.4M); REGENTS OF THE UNIVERSITY OF CALIFORNIA, SAN FRANCISCO, THE ($64.3M); UNIVERSITY OF SOUTHERN CALIFORNIA ($62.6M)",,0.0,0.8185158142319529,0.9852441615584353,mostly universities,False
7e0288fc-4bd9-4084-a180-6ceb68d3c850,Expanding global health security through local partnerships in Indonesia,93.318,800719163.77,0.0,120532829.8,6970522.0,13803314.0,664832940.8499999,0.0,0.0,0.0,,"WORLD HEALTH ORGANIZATION ($88.4M); THE TASK FORCE FOR GLOBAL HEALTH, INC. ($83.2M); AFRICAN FIELD EPIDEMIOLOGY NETWORK LTD ($79.4M)",,0.0,0.15053071695261944,1.006769468154701,"mostly nonprofits, hospitals or companies",False
7edf8107-676a-478d-8049-f2971fbdab7c,Geospace Cluster,47.050,4267308537.0,0.0,3152349973.0,0.0,0.0,938761319.0,14427929.0,0.0,0.0,,UNIVERSITY CORPORATION FOR ATMOSPHERIC RESEARCH ($587.8M); WOODS HOLE OCEANOGRAPHIC INSTITUTION ($497.0M); TEXAS A & M RESEARCH FOUNDATION ($228.6M),,0.0,0.7387208929627016,0.9587099823056455,mostly universities,False
7ef4b263-e6d5-4091-b2a5-9815fdf37ba1,Cooperative Agreement to Support a Human Abuse Potential Study of Botanical Kratom (U01 Clinical Trial Required),93.103,978131651.19,204231952.81000003,317394711.29,6344842.82,13208169.0,393879205.75999993,0.0,0.0,6880186.38,NORTH CAROLINA DEPARTMENT OF AGRICULTURE & CONSUMER SERVICES,THE CRITICAL PATH INSTITUTE ($79.1M); NATIONAL ENVIRONMENTAL HEALTH ASSOCIATION ($44.4M); THE MEDICAL DEVICE INNOVATION CONSORTIUM ($42.6M),,0.2087980207587909,0.3244907890505904,0.9559642411554747,mixed recipients (some state agencies),False
7fc6adf4-6abc-42b0-886a-2e6114903e90,Ocean Drilling Program,47.050,4267308537.0,0.0,3152349973.0,0.0,0.0,938761319.0,14427929.0,0.0,0.0,,UNIVERSITY CORPORATION FOR ATMOSPHERIC RESEARCH ($587.8M); WOODS HOLE OCEANOGRAPHIC INSTITUTION ($497.0M); TEXAS A & M RESEARCH FOUNDATION ($228.6M),,0.0,0.7387208929627016,0.9587099823056455,mostly universities,False
80398751-7067-4249-947d-add3d89989c6,Single Source Competition for Continuation of Understanding and Targeting the Pathophysiology of Youth-Onset Type 2 Diabetes Clinical Centers (U01 Clinical Trial Not Allowed),93.847,7801990499.05,0.0,5868063966.9,0.0,40709921.57,1426874242.5900002,0.0,0.0,0.0,,"REGENTS OF THE UNIVERSITY OF MICHIGAN ($278.9M); TRUSTEES OF THE UNIVERSITY OF PENNSYLVANIA, THE ($222.1M); WASHINGTON UNIVERSITY, THE ($189.5M)",,0.0,0.7521239570356458,0.9402277703303042,mostly universities,False
804ec077-438e-4559-ad7c-80fcbfc7bd8c,Dementia CAReS Grants for American Indian and Alaska Native Communities,93.933,44843385.56,0.0,0.0,33670289.66999999,1136283.76,12173690.340000002,0.0,0.0,0.0,,BOYS & GIRLS CLUBS OF AMERICA ($2.8M); NATIONAL INDIAN HEALTH BOARD ($2.1M); PASCUA YAQUI TRIBE ($2.0M),,0.0,0.0,1.0476520267886746,mostly tribal / Native organizations,False
806174a5-61cf-4bcb-946b-e6cd65b52726,Renewable Energy Systems and Energy Efficiency Improvements Program,10.868,1501943691.74,1500000.0,0.0,5000000.0,1998820.0,210318719.09,0.0,0.0,0.0,,"THE LASER INVESTMENT GROUP, LLC ($2.2M); KASPAR WIRE WORKS, INC. ($2.0M); MITCHELL DELTA DISTRIBUTING, LLC ($2.0M)",,0.0009987058824171044,0.0,0.14568957564347845,unclear (top recipients cover too little of the money),False
806f4939-5a1c-41b5-83e4-45d57153633d,NIOSH Support for Conferences and Scientific Meetings (U13 Clinical Trial Not Allowed),93.262,467451525.40999997,14787640.309999997,351493913.23000026,0.0,31578874.61,69536097.25999999,55000.0,578513.52,578513.52,NORTH CAROLINA DEPARTMENT OF HEALTH & HUMAN SERVICES,CITY OF NEW YORK ($31.6M); CPWR: THE CENTER FOR CONSTRUCTION RESEARCH AND TRAINING ($21.4M); THE UNIVERSITY OF IOWA ($19.2M),,0.03163459632959763,0.7519366054516696,0.9998823407412106,NC DHHS has received awards,True
80ed650a-d7bf-413c-b122-95c1fa1a8bde,Pilot Projects Investigating Understudied Proteins Associated with Rare Diseases (R03 Clinical Trial Not Allowed),93.121;93.173;93.242;93.350;93.853;93.855,37231663846.61,0.0,27929895632.83001,812963.07,18852119.41,7063741268.240001,0.0,0.0,0.0,,"REGENTS OF THE UNIVERSITY OF MICHIGAN ($71.4M); REGENTS OF THE UNIVERSITY OF CALIFORNIA, SAN FRANCISCO, THE ($64.3M); UNIVERSITY OF SOUTHERN CALIFORNIA ($62.6M) | THE JOHNS HOPKINS UNIVERSITY ($66.5M); MASSACHUSETTS EYE AND EAR INFIRMARY ($63.7M); THE UNIVERSITY OF IOWA ($40.8M) | YALE UNIV ($308.6M); UNIVERSITY OF PITTSBURGH - OF THE COMMONWEALTH SYSTEM OF HIGHER EDUCATION ($244.2M); UNIVERSITY O",,0.0,0.7501651214916915,0.9404173320805813,mostly universities,False
80f2cd82-006e-4e67-bfa2-5f1943100a42,Collaborative Network for Clinical Research on Immune Tolerance,93.855,17242464734.02,0.0,12062638314.500011,0.0,9836298.42,3962763745.0300007,0.0,0.0,0.0,,"FRED HUTCHINSON CANCER CENTER ($787.0M); DUKE UNIVERSITY ($576.9M); UNIVERSITY OF CALIFORNIA, LOS ANGELES ($576.8M)",,0.0,0.6995889799153826,0.9299852779348832,mostly universities,False
80f4ff32-4962-4c26-890e-308ca5501fc5,"Science of Science: Discovery, Communication and Impact",47.075,843974005.0,0.0,705744304.0,0.0,0.0,76586867.0,10961722.0,0.0,0.0,,REGENTS OF THE UNIVERSITY OF MICHIGAN ($99.6M); NATIONAL BUREAU OF ECONOMIC RESEARCH INC ($29.0M); NATIONAL OPINION RESEARCH CENTER ($18.9M),,0.0,0.8362156888943517,0.9269612172474435,mostly universities,False
812b55e0-deb1-43cc-a2e2-f9f82ad735ad,Fiscal Year (FY) 2027 Department of War (DoW) Defense University Research Instrumentation Program (DURIP),12.300,3307063262.15,2300496.0,2565686577.1200027,0.0,2350000.0,542168836.0800002,0.0,0.0,0.0,,UNIVERSITY OF CALIFORNIA SAN DIEGO ($164.4M); MASSACHUSETTS INSTITUTE OF TECHNOLOGY ($137.1M); UNIVERSITY OF WASHINGTON ($102.3M),,0.0006956310834236636,0.775820228927822,0.9411691469054296,mostly universities,False
81894eca-8b06-4001-8ae9-133ed086714f,"Institute of Education Sciences (IES): National Center for Education Research (NCER): Research Training Programs in The Education Sciences, Assistance Listing Number (ALN) 84.305B",84.305,640975752.57,4334271.02,423656139.1099998,0.0,0.0,212985342.42999998,0.0,0.0,1167478.0,NORTH CAROLINA DEPARTMENT OF PUBLIC INSTRUCTION,AMERICAN INSTITUTES FOR RESEARCH IN THE BEHAVIORAL SCIENCES ($49.8M); WESTED ($34.7M); MDRC ($19.7M),,0.00676198904969757,0.6609550164906323,0.9999999999843983,mostly universities,False
81895450-caf7-48ab-bab4-b80f0d74e3b1,NIAID Clinical Trial Implementation Cooperative Agreement (U01 Clinical Trial Required),93.855,17242464734.02,0.0,12062638314.500011,0.0,9836298.42,3962763745.0300007,0.0,0.0,0.0,,"FRED HUTCHINSON CANCER CENTER ($787.0M); DUKE UNIVERSITY ($576.9M); UNIVERSITY OF CALIFORNIA, LOS ANGELES ($576.8M)",,0.0,0.6995889799153826,0.9299852779348832,mostly universities,False
818e5c60-39e1-4009-9d8e-698d365b5ad1,Intervention Research to Improve Native American Health (R01 Clinical Trial Optional),93.113;93.121;93.173;93.233;93.242;93.273;93.279;93.286;93.307;93.310;93.313;93.361;93.399;93.837;93.838;93.839;93.840;93.846;93.847;93.855;93.865;93.866;93.879,88243161949.90001,215575.61000000002,65961766426.25,5789860.43,101987269.58,16628344315.02,0.0,0.0,0.0,,"ICAHN SCHOOL OF MEDICINE AT MOUNT SINAI ($73.2M); THE TRUSTEES OF COLUMBIA UNIVERSITY IN THE CITY OF NEW YORK ($64.4M); UNIVERSITY OF NORTH CAROLINA AT CHAPEL HILL ($57.1M) | REGENTS OF THE UNIVERSITY OF MICHIGAN ($71.4M); REGENTS OF THE UNIVERSITY OF CALIFORNIA, SAN FRANCISCO, THE ($64.3M); UNIVERSITY OF SOUTHERN CALIFORNIA ($62.6M) | THE JOHNS HOPKINS UNIVERSITY ($66.5M); MASSACHUSETTS EYE AND E",,2.44297240983265e-06,0.7475000325090316,0.9371616068544981,mostly universities,False
81ac49ff-ffb4-4f46-ba07-5c856a051b0c,Single Source: Resource Center for the Support for Research Excellence (SuRE) Program,93.859,12070484526.24,0.0,9612792260.85001,0.0,0.0,889455283.0399997,0.0,0.0,0.0,,"THE LELAND STANFORD JUNIOR UNIVERSITY ($235.0M); REGENTS OF THE UNIVERSITY OF MICHIGAN ($221.4M); UNIVERSITY OF CALIFORNIA, SAN DIEGO ($215.2M)",,0.0,0.7963882675921403,0.8700767165608966,mostly universities,False
8212b1d6-5192-4926-8bbb-ee8522f33a10,Collaborative Awards to Support Microphysiological System Pilot Studies in Type 2 Diabetes Research,93.847,7801990499.05,0.0,5868063966.9,0.0,40709921.57,1426874242.5900002,0.0,0.0,0.0,,"REGENTS OF THE UNIVERSITY OF MICHIGAN ($278.9M); TRUSTEES OF THE UNIVERSITY OF PENNSYLVANIA, THE ($222.1M); WASHINGTON UNIVERSITY, THE ($189.5M)",,0.0,0.7521239570356458,0.9402277703303042,mostly universities,False
821a861d-68cb-43f3-a688-c91b2fbb7923,Research Interests of the United States Air Force Academy (formerly USAFA-BAA-2021),12.800,3127619506.15,0.0,1639559732.7100005,0.0,0.0,1343669096.6100004,0.0,0.0,0.0,,"BIOINDUSTRIAL MANUFACTURING AND DESIGN ECOSYSTEM ($521.4M); NATIONAL CENTER FOR DEFENSE MANUFACTURING AND MACHINING ($256.8M); FLEXTECH ALLIANCE, INC. ($189.0M)",,0.0,0.524219691521315,0.9538336819596896,mostly universities,False
827dcfb3-b730-4160-94e6-eb1ceb95bda4,The NCI Worta McCaskill-Stevens Career Development Award for Community Oncology and Prevention Research (K12 Clinical Trial Optional),93.398;93.399,1515254953.8600001,0.0,898922757.4700001,0.0,10857431.66,607318787.2600001,0.0,0.0,0.0,,"SLOAN-KETTERING INSTITUTE FOR CANCER RESEARCH ($43.7M); THE GENERAL HOSPITAL CORPORATION ($30.6M); THE UNIVERISTY OF TEXAS M.D. ANDERSON CANCER CENTER ($29.7M) | ECOG-ACRIN MEDICAL RESEARCH FOUNDATION, INC. ($80.5M); NRG ONCOLOGY FOUNDATION INC ($47.0M); ALLIANCE NCTN FOUNDATION ($40.7M)",,0.0,0.5932485191221852,1.0012169717876866,mostly universities,False
82a041d2-752e-4b3f-9b8c-f881e28d7b8f,Biological Testing Facility for Contraception & Reproductive Health (X01 Clinical Trial Not Allowed),93.865,4921279091.58,0.0,3623055293.56,0.0,0.0,913474006.4399998,0.0,0.0,0.0,,REGENTS OF THE UNIVERSITY OF MICHIGAN ($145.9M); THE JOHNS HOPKINS UNIVERSITY ($122.6M); UNIVERSITY OF WASHINGTON ($109.8M),,0.0,0.736201956064394,0.921819148148236,mostly universities,False
830a45d7-9fd9-4000-bef1-4ec4e813664b,Cancer Prevention and Control Clinical Trials Planning Grant Program (U34 Clinical Trials Optional),93.399,668985392.35,0.0,291600192.2199999,0.0,1264793.0,376120407.13000005,0.0,0.0,0.0,,"ECOG-ACRIN MEDICAL RESEARCH FOUNDATION, INC. ($80.5M); NRG ONCOLOGY FOUNDATION INC ($47.0M); ALLIANCE NCTN FOUNDATION ($40.7M)",,0.0,0.4358842443415273,0.9999999999999998,"mostly nonprofits, hospitals or companies",False
8316fa76-bcf8-4db7-8006-67561aa9b7bc,Tribal Management Development,93.228,74693933.93,0.0,0.0,63338106.93000004,4700000.0,6655827.0,0.0,0.0,0.0,,NORTHWEST PORTLAND AREA INDIAN HEALTH BOARD ($6.5M); SOUTHERN PLAINS TRIBAL HEALTH BOARD FOUNDATION ($5.6M); GREAT PLAINS TRIBAL LEADERS HEALTH BOARD ($5.6M),,0.0,0.0,1.0000000000000004,mostly tribal / Native organizations,False
83a0f6eb-7ed1-4d8f-8f83-a18249f16157,"Ethical, Legal and Social Implications (ELSI) Small Research Grant (R03 Clinical Trial Optional)",93.113;93.121;93.172;93.173;93.242;93.279;93.310;93.313;93.399;93.855;93.865;93.989,47433697842.11001,0.0,34626637900.02001,3133546.07,23753133.42,9775319203.960001,458618.0,0.0,0.0,,"ICAHN SCHOOL OF MEDICINE AT MOUNT SINAI ($73.2M); THE TRUSTEES OF COLUMBIA UNIVERSITY IN THE CITY OF NEW YORK ($64.4M); UNIVERSITY OF NORTH CAROLINA AT CHAPEL HILL ($57.1M) | REGENTS OF THE UNIVERSITY OF MICHIGAN ($71.4M); REGENTS OF THE UNIVERSITY OF CALIFORNIA, SAN FRANCISCO, THE ($64.3M); UNIVERSITY OF SOUTHERN CALIFORNIA ($62.6M) | THE LELAND STANFORD JUNIOR UNIVERSITY ($118.8M); UNIVERSITY OF",,0.0,0.7300008111381034,0.9366514904943298,mostly universities,False
83c59d6d-e83a-4769-bc38-5ae27d97e4be,Tribal Self-Governance - Negotiation,93.00E,0.0,0.0,0.0,0.0,0.0,0.0,0.0,0.0,0.0,,,not a standard assistance listing number,0.0,0.0,0.0,unknown (API error or non-standard listing),False
841ce4d3-5420-4630-a9c9-6b1635c773d9,Early-Stage Innovative Technology Development for Basic and Clinical Cancer Research (R61 Clinical Trial Not Allowed),93.394,2210353701.25,0.0,1345944191.9999993,0.0,17057231.69,718168494.6399997,0.0,0.0,0.0,,"REGENTS OF THE UNIVERSITY OF CALIFORNIA, SAN FRANCISCO, THE ($91.2M); FRED HUTCHINSON CANCER CENTER ($89.9M); SLOAN-KETTERING INSTITUTE FOR CANCER RESEARCH ($76.5M)",,0.0,0.6089270650388852,0.9415551534367803,mostly universities,False
841dab53-489e-435e-99c8-99bab7f8ceaa,Philadelphia FY 2021 – FY 2023 EDA Planning and Local Technical Assistance,11.302;11.303,151550437.96,10812384.62,27284643.970000003,5240988.68,3076677.62,57299314.51,0.0,0.0,0.0,,"KENTUCKY DEPARTMENT FOR LOCAL GOVERNMENT ($5.0M); SOUTHEASTERN NEW MEXICO ECONOMIC DEVELOPMENT DISTRICT, INC. ($0.8M); SEDA COUNCIL OF GOVERNMENTS ($0.7M) | NATIONAL ASSOCIATION OF DEVELOPMENT ORGANIZATIONS RESEARCH FOUNDATION, INC. ($1.5M); BOARD OF REGENTS OF NEVADA SYSTEM OF HIGHER EDUCATION ($1.0M); INSTITUTE FOR LOCAL SELF-RELIANCE, INC. ($0.8M)",,0.0713451228880896,0.18003672135346432,0.6843530826837605,mixed recipients (some state agencies),False
8421e010-b00e-4718-84e9-1db9a34b606a,"Limited Competition: Growing Great Ideas: Research Education Course in Entrepreneurship and Product Development for Researchers Studying Drug Use, Drug Misuse, and Drug Addiction (UE5 Clinical Trial Not Allowed)",93.279,5976314704.01,0.0,4356075983.7,0.0,0.0,1038203679.6999999,0.0,0.0,0.0,,"YALE UNIV ($242.7M); THE JOHNS HOPKINS UNIVERSITY ($216.1M); UNIVERSITY OF CALIFORNIA, SAN DIEGO ($210.2M)",,0.0,0.7288899931553389,0.9026097069119426,mostly universities,False
84591a58-29e7-4e31-ab4d-f31851650ae8,Strengthening ties between the U.S. and Cyprus,19.040,257210709.31,0.0,18981816.92,765922.7,0.0,121256439.30999996,40952578.09,0.0,0.0,,MISCELLANEOUS FOREIGN AWARDEES ($41.0M); INDIVIDUAL RECIPIENT ($19.5M); MERIDIAN INTERNATIONAL CENTER ($4.4M),,0.0,0.07379870368120016,0.5482049301456434,mixed recipients (no state agencies),False
84650d31-209c-4f65-9264-c872352a7eee,High-Priority Research in Tobacco Regulatory Science (Clinical Trial Optional),93.077,240231164.66,0.0,213112805.24,0.0,0.0,27118359.419999998,0.0,0.0,0.0,,"YALE UNIV ($22.2M); UNIVERSITY OF SOUTHERN CALIFORNIA ($18.4M); OHIO STATE UNIVERSITY, THE ($18.1M)",,0.0,0.8871155644673301,1.0,mostly universities,False
8473fc98-91d3-488d-9aef-458a385cc22c,BRAIN Initiative: Preclinical Proof of Concept for Novel Recording and Modulation Technologies in the Human CNS (R18 - Clinical Trial Not Allowed),93.173;93.213;93.242;93.273;93.279;93.286;93.853;93.865;93.866;93.867,48594755374.68,0.0,37305971021.46,0.0,23162711.22,8045212196.12,0.0,0.0,0.0,,"THE JOHNS HOPKINS UNIVERSITY ($66.5M); MASSACHUSETTS EYE AND EAR INFIRMARY ($63.7M); THE UNIVERSITY OF IOWA ($40.8M) | YALE UNIV ($22.6M); THE GENERAL HOSPITAL CORPORATION ($17.0M); DUKE UNIVERSITY ($15.9M) | YALE UNIV ($308.6M); UNIVERSITY OF PITTSBURGH - OF THE COMMONWEALTH SYSTEM OF HIGHER EDUCATION ($244.2M); UNIVERSITY OF CALIFORNIA, LOS ANGELES ($186.0M) | YALE UNIV ($71.9M); UNIVERSITY OF N",,0.0,0.7676954176190389,0.9337292796095032,mostly universities,False
847cbfa3-7f00-4b91-bd69-e0b7f5c676f3,Major Research Instrumentation Program,47.041;47.049;47.050;47.070;47.074;47.075;47.076;47.079;47.083;47.084,32412699683.0,33153443.0,24271392297.0,5844001.0,10109019.0,4120282094.0,160901546.0,0.0,694321.0,FRIENDS OF THE NORTH CAROLINA STATE MUSEUM OF NATURAL SCIENCES,"PURDUE UNIVERSITY ($81.2M); REGENTS OF THE UNIVERSITY OF MICHIGAN ($81.1M); GEORGIA TECH RESEARCH CORP ($80.6M) | ASSOCIATION OF UNIVERSITIES FOR RESEARCH IN ASTRONOMY, INC. ($574.0M); ASSOCIATED UNIVERSITIES INC ($531.2M); CALIFORNIA INSTITUTE OF TECHNOLOGY ($254.7M) | UNIVERSITY CORPORATION FOR ATMOSPHERIC RESEARCH ($587.8M); WOODS HOLE OCEANOGRAPHIC INSTITUTION ($497.0M); TEXAS A & M RESEARCH F",,0.0010228534902752488,0.7488235331946138,0.8774579449460912,mostly universities,False
84afc4e4-f232-4366-a6ee-50205610a432,NIH Research Project Grant (Parent R01 Clinical Trial Required),93.113;93.143;93.172;93.173;93.213;93.233;93.242;93.273;93.279;93.286;93.307;93.361;93.837;93.838;93.839;93.840;93.846;93.847;93.853;93.855;93.859;93.865;93.866;93.867;93.879,105977101228.26999,215575.61000000002,80386061426.00003,6152787.359999999,111573479.89,18000771472.59,0.0,0.0,0.0,,"ICAHN SCHOOL OF MEDICINE AT MOUNT SINAI ($73.2M); THE TRUSTEES OF COLUMBIA UNIVERSITY IN THE CITY OF NEW YORK ($64.4M); UNIVERSITY OF NORTH CAROLINA AT CHAPEL HILL ($57.1M) | OREGON STATE UNIVERSITY ($11.5M); UNIVERSITY OF LOUISVILLE ($10.8M); THE UNIVERSITY OF IOWA ($10.3M) | THE LELAND STANFORD JUNIOR UNIVERSITY ($118.8M); UNIVERSITY OF WASHINGTON ($97.7M); THE BROAD INSTITUTE, INC ($94.8M) | TH",,2.034171604068125e-06,0.7585229308438245,0.9294911221366123,mostly universities,False
84c7f111-baf9-4729-8daf-eb09376a6d45,Fiscal Year 2027 Defense University Research Instrumentation Program (DURIP),12.800,3127619506.15,0.0,1639559732.7100005,0.0,0.0,1343669096.6100004,0.0,0.0,0.0,,"BIOINDUSTRIAL MANUFACTURING AND DESIGN ECOSYSTEM ($521.4M); NATIONAL CENTER FOR DEFENSE MANUFACTURING AND MACHINING ($256.8M); FLEXTECH ALLIANCE, INC. ($189.0M)",,0.0,0.524219691521315,0.9538336819596896,mostly universities,False
84e0a1e2-18c0-422b-8ac7-1618bf4597e9,Established Program to Stimulate Competitive Research (EPSCoR):  Workshop Opportunities,47.041;47.049;47.050;47.070;47.074;47.075;47.076;47.079;47.083;47.084,32412699683.0,33153443.0,24271392297.0,5844001.0,10109019.0,4120282094.0,160901546.0,0.0,694321.0,FRIENDS OF THE NORTH CAROLINA STATE MUSEUM OF NATURAL SCIENCES,"PURDUE UNIVERSITY ($81.2M); REGENTS OF THE UNIVERSITY OF MICHIGAN ($81.1M); GEORGIA TECH RESEARCH CORP ($80.6M) | ASSOCIATION OF UNIVERSITIES FOR RESEARCH IN ASTRONOMY, INC. ($574.0M); ASSOCIATED UNIVERSITIES INC ($531.2M); CALIFORNIA INSTITUTE OF TECHNOLOGY ($254.7M) | UNIVERSITY CORPORATION FOR ATMOSPHERIC RESEARCH ($587.8M); WOODS HOLE OCEANOGRAPHIC INSTITUTION ($497.0M); TEXAS A & M RESEARCH F",,0.0010228534902752488,0.7488235331946138,0.8774579449460912,mostly universities,False
84e6343d-b23a-4f7d-83b1-0b63b406bc6f,Better Tools for Fair Cotton: Traceability Solutions to Protect U.S. Supply Chains from Chinese Forced Labor,17.401,290139979.87,0.0,-1031.92,0.0,0.0,290141011.79,0.0,0.0,0.0,,INTERNATIONAL LABOR ORGANIZATION ($110.6M); AMERICAN CENTER FOR INTERNATIONAL LABOR SOLIDARITY ($55.6M); AMERICAN INSTITUTES FOR RESEARCH IN THE BEHAVIORAL SCIENCES ($27.3M),,0.0,-3.5566280815982743e-06,1.0,"mostly nonprofits, hospitals or companies",False
84fa78c0-46b1-4007-8d53-928d450961dc,Continuation or Revision of NIDCR Clinical Trial Planning and Implementation Cooperative Agreement (UH3 Clinical Trial Required),93.121,1503475567.17,0.0,1230618528.0399997,812963.07,900368.0,248958665.48999998,0.0,0.0,0.0,,"REGENTS OF THE UNIVERSITY OF MICHIGAN ($71.4M); REGENTS OF THE UNIVERSITY OF CALIFORNIA, SAN FRANCISCO, THE ($64.3M); UNIVERSITY OF SOUTHERN CALIFORNIA ($62.6M)",,0.0,0.8185158142319529,0.9852441615584353,mostly universities,False
85add0d5-8e02-48d7-b38f-77095c7a8c98,Advancement and Innovation in Measurement of Language Development and Predictors (R21 Clinical Trial Not Allowed),93.173;93.865,6584400412.34,0.0,4982430378.42,0.0,0.0,1184397276.3799999,0.0,0.0,0.0,,THE JOHNS HOPKINS UNIVERSITY ($66.5M); MASSACHUSETTS EYE AND EAR INFIRMARY ($63.7M); THE UNIVERSITY OF IOWA ($40.8M) | REGENTS OF THE UNIVERSITY OF MICHIGAN ($145.9M); THE JOHNS HOPKINS UNIVERSITY ($122.6M); UNIVERSITY OF WASHINGTON ($109.8M),,0.0,0.756702215296976,0.936581506076481,mostly universities,False
85cfae9e-d222-469b-b791-a4271fd26b29,Unemployment Insurance Integrity Center of Excellence Operations,17.225,13410528207.9,10952258522.72,0.0,249535483.82,0.0,2208734201.3600006,0.0,0.0,0.0,,STATE OF CALIFORNIA EMPLOYMENT DEVELOPMENT DEPARTMENT ($1815.1M); DEPARTMENT OF LABOR NEW YORK ($921.7M); TEXAS WORKFORCE COMMISSION ($802.7M),,0.8166910618977812,0.0,1.0,other state agencies win this,True
860b4fea-1a14-41e2-9192-20914548302b,Advancing Healthcare for Older Adults from Populations that Experience Health Disparities (R01 - Clinical Trial Optional),93.307;93.361;93.393;93.866,20484342923.09,0.0,15657870427.47,9205882.36,35525784.62,3625903707.45,0.0,0.0,0.0,,"THE JOHNS HOPKINS UNIVERSITY ($58.5M); THE TRUSTEES OF COLUMBIA UNIVERSITY IN THE CITY OF NEW YORK ($51.8M); UNIVERSITY OF HAWAII ($43.0M) | TRUSTEES OF THE UNIVERSITY OF PENNSYLVANIA, THE ($33.2M); THE JOHNS HOPKINS UNIVERSITY ($26.0M); THE TRUSTEES OF COLUMBIA UNIVERSITY IN THE CITY OF NEW YORK ($25.0M) | THE UNIVERISTY OF TEXAS M.D. ANDERSON CANCER CENTER ($89.6M); SLOAN-KETTERING INSTITUTE FOR",,0.0,0.7643823619951416,0.9435746059549149,mostly universities,False
860d4e48-5298-4caf-bada-905645586fe4,NCI Pathway to Independence Award for Early-Stage Postdoctoral Researchers (K99/R00 - Independent Clinical Trial Required),93.398,846269561.51,0.0,607322565.2500002,0.0,9592638.66,231198380.13000003,0.0,0.0,0.0,,SLOAN-KETTERING INSTITUTE FOR CANCER RESEARCH ($43.7M); THE GENERAL HOSPITAL CORPORATION ($30.6M); THE UNIVERISTY OF TEXAS M.D. ANDERSON CANCER CENTER ($29.7M),,0.0,0.717646708415642,1.0021790013653689,mostly universities,False
86414383-5e44-4e7b-88a9-7068e1c5b219,ROSES25: D.8 Habitable Worlds Observatory Precursor Science Investigation,43.001,3927116561.76,0.0,2890276513.0599985,0.0,0.0,800101253.4799998,0.0,0.0,70019.0,FRIENDS OF THE NORTH CAROLINA STATE MUSEUM OF NATURAL SCIENCES,"UNIVERSITY OF MARYLAND, COLLEGE PARK ($186.3M); THE REGENTS OF THE UNIVERSITY OF COLORADO ($146.4M); THE JOHNS HOPKINS UNIVERSITY ($138.3M)",,0.0,0.7359793037985801,0.9397168911345214,mostly universities,False
86b34b22-1c01-4d94-8256-f582a1f0af24,Small Business Transition Grant for New Entrepreneurs (Parent R43/R44 Clinical Trial Optional),93.113;93.121;93.143;93.172;93.173;93.213;93.233;93.273;93.279;93.350;93.361;93.837;93.838;93.839;93.840;93.846;93.847;93.859;93.865;93.866;93.867;93.879,75135586120.03,215575.61000000002,58090921164.46001,5061338.07,94522096.47999999,11679895484.49,0.0,0.0,0.0,,"ICAHN SCHOOL OF MEDICINE AT MOUNT SINAI ($73.2M); THE TRUSTEES OF COLUMBIA UNIVERSITY IN THE CITY OF NEW YORK ($64.4M); UNIVERSITY OF NORTH CAROLINA AT CHAPEL HILL ($57.1M) | REGENTS OF THE UNIVERSITY OF MICHIGAN ($71.4M); REGENTS OF THE UNIVERSITY OF CALIFORNIA, SAN FRANCISCO, THE ($64.3M); UNIVERSITY OF SOUTHERN CALIFORNIA ($62.6M) | OREGON STATE UNIVERSITY ($11.5M); UNIVERSITY OF LOUISVILLE ($1",,2.869154566194711e-06,0.7731479071935243,0.9299270727387533,mostly universities,False
86e848c2-6ff6-4b35-a18b-bc2d031f81c1,Optimal Treatment Strategies for use of Anti-Obesity Medications (AOMs) in Children and Adolescents Research Coordinating Center (U24 Clinical Trial Not Allowed),93.847,7801990499.05,0.0,5868063966.9,0.0,40709921.57,1426874242.5900002,0.0,0.0,0.0,,"REGENTS OF THE UNIVERSITY OF MICHIGAN ($278.9M); TRUSTEES OF THE UNIVERSITY OF PENNSYLVANIA, THE ($222.1M); WASHINGTON UNIVERSITY, THE ($189.5M)",,0.0,0.7521239570356458,0.9402277703303042,mostly universities,False
86ea6263-7d76-4576-961b-68f7388bf810,FY26 DEFENSE ESTABLISHED PROGRAM TO STIMULATE COMPETITIVE RESEARCH (DEPSCoR) CAPACITY BUILDING (CB),12.431,2303372550.5,0.0,1740909553.2299995,0.0,0.0,488342019.1999998,0.0,0.0,0.0,,"UNIVERSITY OF MARYLAND, COLLEGE PARK ($133.9M); GENERAL DYNAMICS ROBOTIC SYSTEMS INC ($106.0M); MASSACHUSETTS INSTITUTE OF TECHNOLOGY ($84.9M)",,0.0,0.7558089345347522,0.9678206731890111,mostly universities,False
87180f5c-ab64-486d-a3f7-ab91583b97c0,Fiscal Year (FY) 2022-2026 Advanced Digital Construction Management Systems (ADCMS),20.200,604264812.1800001,237157861.94,55431766.63999999,1406126.25,11441033.35,298828024.0,0.0,0.0,1870216.0,TRANSPORTATION NORTH CAROLINA DEPARTMENT,"NATIONAL ACADEMY OF SCIENCES ($266.4M); UTAH DEPARTMENT OF TRANSPORTATION ($23.0M); TRANSPORTATION, DELAWARE DEPARTMENT OF ($18.8M)",,0.3924733943788783,0.09173422897159834,0.9999999999999998,other state agencies win this,True
8747b235-c8dd-497f-a66b-9a9f5db2eb9c,Advanced Development and Validation of Emerging Technologies for Basic and Clinical Cancer Research (R33 Clinical Trial Not Allowed),93.394,2210353701.25,0.0,1345944191.9999993,0.0,17057231.69,718168494.6399997,0.0,0.0,0.0,,"REGENTS OF THE UNIVERSITY OF CALIFORNIA, SAN FRANCISCO, THE ($91.2M); FRED HUTCHINSON CANCER CENTER ($89.9M); SLOAN-KETTERING INSTITUTE FOR CANCER RESEARCH ($76.5M)",,0.0,0.6089270650388852,0.9415551534367803,mostly universities,False
87b9a258-23cf-462a-a0af-154134f8948d,"NEA Arts and Artifacts Domestic Indemnity Program 1, FY2027 (12/26)",45.201,0.0,0.0,0.0,0.0,0.0,0.0,0.0,0.0,0.0,,,,0.0,0.0,0.0,no awards found FY2022-FY2025,False
881ebc06-b741-480f-a9fb-688cb1407352,Plant Protection Act Section 7721 Fiscal Year 2027 National Clean Plant Network (NCPN),10.031,0.0,0.0,0.0,0.0,0.0,0.0,0.0,0.0,0.0,,,,0.0,0.0,0.0,no awards found FY2022-FY2025,False
8899390a-91ee-47f3-b8f4-3a2998dfde40,Biological Technologies,12.910,1172499948.48,0.0,1075478694.6799998,250000.0,0.0,96771253.81000002,0.0,0.0,0.0,,CLEMSON UNIVERSITY ($82.3M); REGENTS OF THE UNIVERSITY OF MICHIGAN ($51.8M); MASSACHUSETTS INSTITUTE OF TECHNOLOGY ($49.8M),,0.0,0.9172526583683214,1.0000000000085285,mostly universities,False
889bb2c2-a754-41fb-a6bf-c671c4da659d,Meet the Corner Program FY2024,19.022,44517802.4,0.0,2660316.7600000002,49923.9,0.0,28974319.05999999,8060594.36,0.0,0.0,,INDIVIDUAL RECIPIENT ($8.2M); MISCELLANEOUS FOREIGN AWARDEES ($8.1M); GEORGETOWN UNIVERSITY ($1.6M),,0.0,0.05975849248120119,0.7117278484528247,"mostly nonprofits, hospitals or companies",False
88a9b974-d54d-4114-8623-9730c5d07351,STARBASE Cherry Point,12.330,83699716.67,0.0,41615150.35000001,0.0,686578.0,41397988.32,0.0,0.0,0.0,,"UNIVERSITIES SPACE RESEARCH ASSOCIATION ($25.6M); GEORGE WASHINGTON UNIVERSITY (THE) ($5.9M); UNIVERSITY OF CALIFORNIA, SAN DIEGO ($4.9M)",,0.0,0.49719583298082876,1.0000000000000002,mixed recipients (no state agencies),False
88b8f3fc-c8e0-4ab0-98e5-65a31953386d,Public Affairs Section Notice of Funding Opportunity 2020,19.040,257210709.31,0.0,18981816.92,765922.7,0.0,121256439.30999996,40952578.09,0.0,0.0,,MISCELLANEOUS FOREIGN AWARDEES ($41.0M); INDIVIDUAL RECIPIENT ($19.5M); MERIDIAN INTERNATIONAL CENTER ($4.4M),,0.0,0.07379870368120016,0.5482049301456434,mixed recipients (no state agencies),False
88f12b64-0fbc-44ea-a689-57ed9e9fb9dd,Fiscal Year (FY) 2027 State and Regional Primary Care Association (PCA) Cooperative Agreements,93.129,310544194.28999996,10421148.230000002,5619382.79,4430361.7,4116634.0,285956667.57000005,0.0,0.0,0.0,,"CALIFORNIA PRIMARY CARE ASSOCIATION ($13.9M); NATIONAL ASSOCIATION OF COMMUNITY HEALTH CENTERS, INC. ($13.2M); TEXAS ASSOCIATION OF COMMUNITY HEALTH CENTERS, INC. ($7.7M)",,0.03355769781439955,0.018095275626864145,1.0000000000000004,"mostly nonprofits, hospitals or companies",False
890987ab-43f2-4384-8acb-5fcfabb06854,NRL Long Range Broad Agency Announcement (BAA) for Basic and Applied Research,12.300,3307063262.15,2300496.0,2565686577.1200027,0.0,2350000.0,542168836.0800002,0.0,0.0,0.0,,UNIVERSITY OF CALIFORNIA SAN DIEGO ($164.4M); MASSACHUSETTS INSTITUTE OF TECHNOLOGY ($137.1M); UNIVERSITY OF WASHINGTON ($102.3M),,0.0006956310834236636,0.775820228927822,0.9411691469054296,mostly universities,False
894961b0-a582-43d9-b92d-9d4809e7b00d,Translational Transplantation Tolerance Cooperative Study Group,93.855,17242464734.02,0.0,12062638314.500011,0.0,9836298.42,3962763745.0300007,0.0,0.0,0.0,,"FRED HUTCHINSON CANCER CENTER ($787.0M); DUKE UNIVERSITY ($576.9M); UNIVERSITY OF CALIFORNIA, LOS ANGELES ($576.8M)",,0.0,0.6995889799153826,0.9299852779348832,mostly universities,False
89a07b27-f689-431c-87e4-85a217971976,NCCIH Natural Product Early Phase Clinical Trial Award (R33 Clinical Trial Required),93.213,465483989.4,0.0,345571281.5300001,0.0,0.0,121084127.74999997,0.0,0.0,0.0,,YALE UNIV ($22.6M); THE GENERAL HOSPITAL CORPORATION ($17.0M); DUKE UNIVERSITY ($15.9M),,0.0,0.7423913376170788,1.0025165632044832,mostly universities,False
89d165d3-00db-4330-bc9a-8be4444f2633,Outdoor Recreation Legacy Partnership Program (ORLP) Recurring Notice 5 Year,15.916,1532139094.3,1190023583.2300003,0.0,28076820.24,0.0,314038690.83,0.0,0.0,48944811.5,NORTH CAROLINA DEPARTMENT OF NATURAL AND CULTURAL RESOURCES,"CALIFORNIA DEPARTMENT OF PARKS & RECREATION ($220.8M); TEXAS PARKS AND WILDLIFE DEPARTMENT ($128.4M); NEW YORK STATE OFFICE OF PARKS, RECREATION AND HISTORIC PRESERVATION ($65.2M)",,0.7767072765503026,0.0,1.0000000000000002,other state agencies win this,True
8ad02b0a-1712-4da7-9ce5-247363b661ab,"UNITED STATES ARMY RESEARCH INSTITUTE FOR THE BEHAVIORAL AND SOCIAL SCIENCES (ARI) BROAD AGENCY ANNOUNCEMENT FOR BASIC, APPLIED, AND ADVANCED SCIENTIFIC RESEARCH",12.630,1018931623.4100001,0.0,726860963.8400002,0.0,0.0,275566843.68,0.0,0.0,0.0,,MSI STEM RESEARCH & DEVELOPMENT CONSORTIUM ($73.1M); BATTELLE MEMORIAL INSTITUTE ($69.6M); UNIVERSITY OF CALIFORNIA SAN DIEGO ($44.1M),,0.0,0.7133559771238194,0.9838028229659146,mostly universities,False
8ae80981-8f34-48e1-9a75-c7ca81553ce7,Personal Health Informatics for Delivering Actionable Insights to Individuals (R01 Clinical Trial Optional),93.242;93.879,7394687245.290001,0.0,5642375798.360001,0.0,1757800.0,1290552676.0099998,0.0,0.0,0.0,,"YALE UNIV ($308.6M); UNIVERSITY OF PITTSBURGH - OF THE COMMONWEALTH SYSTEM OF HIGHER EDUCATION ($244.2M); UNIVERSITY OF CALIFORNIA, LOS ANGELES ($186.0M) | THE LELAND STANFORD JUNIOR UNIVERSITY ($17.3M); YALE UNIV ($11.9M); UNIVERSITY OF WASHINGTON ($11.5M)",,0.0,0.7630310263566422,0.9377930457825657,mostly universities,False
8aeb4ef5-51e3-434b-b5a8-0c4287be2b64,Atlanta FY 2021 – FY 2023 EDA Planning and Local Technical Assistance,11.302;11.303,151550437.96,10812384.62,27284643.970000003,5240988.68,3076677.62,57299314.51,0.0,0.0,0.0,,"KENTUCKY DEPARTMENT FOR LOCAL GOVERNMENT ($5.0M); SOUTHEASTERN NEW MEXICO ECONOMIC DEVELOPMENT DISTRICT, INC. ($0.8M); SEDA COUNCIL OF GOVERNMENTS ($0.7M) | NATIONAL ASSOCIATION OF DEVELOPMENT ORGANIZATIONS RESEARCH FOUNDATION, INC. ($1.5M); BOARD OF REGENTS OF NEVADA SYSTEM OF HIGHER EDUCATION ($1.0M); INSTITUTE FOR LOCAL SELF-RELIANCE, INC. ($0.8M)",,0.0713451228880896,0.18003672135346432,0.6843530826837605,mixed recipients (some state agencies),False
8b031432-4455-4e66-9a51-ec41e8d6fa09,Clinical and Translational Science Award (UM1 Clinical Trial Optional),93.350,2413260512.71,0.0,2177769794.8499985,0.0,0.0,234321018.16000003,0.0,0.0,0.0,,VANDERBILT UNIVERSITY MEDICAL CENTER ($81.9M); UNIVERSITY OF PITTSBURGH - OF THE COMMONWEALTH SYSTEM OF HIGHER EDUCATION ($79.6M); UNIVERSITY OF NORTH CAROLINA AT CHAPEL HILL ($60.0M),,0.0,0.9024180287955922,0.9995153031784836,mostly universities,False
8b2aa3e2-733a-44d8-876e-56df42678c9a,Fiscal Year 2027 Regional Nutrition Hubs,93.129,310544194.28999996,10421148.230000002,5619382.79,4430361.7,4116634.0,285956667.57000005,0.0,0.0,0.0,,"CALIFORNIA PRIMARY CARE ASSOCIATION ($13.9M); NATIONAL ASSOCIATION OF COMMUNITY HEALTH CENTERS, INC. ($13.2M); TEXAS ASSOCIATION OF COMMUNITY HEALTH CENTERS, INC. ($7.7M)",,0.03355769781439955,0.018095275626864145,1.0000000000000004,"mostly nonprofits, hospitals or companies",False
8b2ad75c-3341-42c5-806d-f468c9e3e28f,Teaching Health Center Graduate Medical Education (THCGME) Program,93.530,834607108.53,0.0,24900408.599999998,9317808.0,61372716.88,739016175.04,0.0,0.0,0.0,,"THE WRIGHT CENTER FOR GRADUATE MEDICAL EDUCATION ($92.9M); OSTEOPATHIC MEDICAL EDUCATION CONSORTIUM OF OKLAHOMA, INC ($70.0M); DETROIT WAYNE COUNTY HEALTH AUTHORITY ($56.7M)",,0.0,0.029834886793448576,0.9999999999880184,"mostly nonprofits, hospitals or companies",False
8b6a506d-2b5b-41b6-86ea-443599f32b2b,WaterSMART Cooperative Watershed Management Program,15.554,22714231.91,238213.27,204579.26,547589.84,2492796.6,19231052.939999998,0.0,0.0,0.0,,"TROUT UNLIMITED, INC. ($2.2M); NFRIA-WSERC CONSERVATION CENTER, INC. ($1.6M); DESCHUTES RIVER CONSERVANCY ($0.5M)",,0.010487401508616542,0.00900665542249454,0.9999999999999999,"mostly nonprofits, hospitals or companies",False
8b8e84db-ef5a-4e00-8d5b-f316b7dfe960,Small Grant Program in the People's Republic of China,19.040,257210709.31,0.0,18981816.92,765922.7,0.0,121256439.30999996,40952578.09,0.0,0.0,,MISCELLANEOUS FOREIGN AWARDEES ($41.0M); INDIVIDUAL RECIPIENT ($19.5M); MERIDIAN INTERNATIONAL CENTER ($4.4M),,0.0,0.07379870368120016,0.5482049301456434,mixed recipients (no state agencies),False
8bb15754-c013-462d-b305-f2a8dd116e08,Rural Health Network Development Program,93.912,531715188.38,35331547.66,66459726.669999994,3416082.81,27568884.65,288123945.11,0.0,1404399.0,1404399.0,NORTH CAROLINA DEPARTMENT OF HEALTH & HUMAN SERVICES,"RURAL HEALTH RESOURCE CENTER ($44.8M); JBS INTERNATIONAL, INC. ($10.1M); RURAL HEALTH REDESIGN CENTER ORGANIZATION, INC. ($7.9M)",,0.06644825732295925,0.1249912135714719,0.7915895503801106,NC DHHS has received awards,True
8bc3f85c-e660-422a-888e-b708f3e993ba,Clinical Studies of Orphan Products Addressing Unmet Needs of Rare Diseases (R01 Clinical Trials Required),93.103,978131651.19,204231952.81000003,317394711.29,6344842.82,13208169.0,393879205.75999993,0.0,0.0,6880186.38,NORTH CAROLINA DEPARTMENT OF AGRICULTURE & CONSUMER SERVICES,THE CRITICAL PATH INSTITUTE ($79.1M); NATIONAL ENVIRONMENTAL HEALTH ASSOCIATION ($44.4M); THE MEDICAL DEVICE INNOVATION CONSORTIUM ($42.6M),,0.2087980207587909,0.3244907890505904,0.9559642411554747,mixed recipients (some state agencies),False
8bc4a6d6-6ae5-4f51-b8fc-cee66eaacd76,Lasker Clinical Research Scholar's Program (Si2/R00 Clinical Trial  Optional),93.173;93.213;93.233;93.307;93.398;93.837;93.838;93.839;93.840;93.853;93.855;93.865;93.879,46320106561.659996,215575.61000000002,34202929434.220013,2463398.36,56494119.760000005,9069054184.880001,0.0,0.0,0.0,,THE JOHNS HOPKINS UNIVERSITY ($66.5M); MASSACHUSETTS EYE AND EAR INFIRMARY ($63.7M); THE UNIVERSITY OF IOWA ($40.8M) | YALE UNIV ($22.6M); THE GENERAL HOSPITAL CORPORATION ($17.0M); DUKE UNIVERSITY ($15.9M) | THE JOHNS HOPKINS UNIVERSITY ($58.5M); THE TRUSTEES OF COLUMBIA UNIVERSITY IN THE CITY OF NEW YORK ($51.8M); UNIVERSITY OF HAWAII ($43.0M) | SLOAN-KETTERING INSTITUTE FOR CANCER RESEARCH ($43,,4.654039595375972e-06,0.738403513573313,0.935471870194185,mostly universities,False
8be6fe10-f53b-4855-b3a3-06d2baeb2fa9,Children’s Hospitals Graduate Medical Education (CHGME) Payment Program,93.255,1460629787.0,6464494.0,38517702.0,0.0,12581188.0,1403066403.0,0.0,0.0,0.0,,"THE CHILDREN'S HOSPITAL OF PHILADELPHIA ($108.5M); CHILDREN'S HOSPITAL CORPORATION, THE ($93.5M); CHILDREN'S NATIONAL MEDICAL CENTER ($64.7M)",,0.004425826487680687,0.026370612418573112,1.0,"mostly nonprofits, hospitals or companies",False
8d1358e4-662b-4359-aa77-e553a65a6511,Veterans Legacy Grants Program,64.204,8565549.57,0.0,5693959.85,0.0,0.0,2871589.72,0.0,0.0,0.0,,LOYOLA MARYMOUNT UNIVERSITY ($1.4M); THE UNIVERSITY OF CENTRAL FLORIDA BOARD OF TRUSTEES ($1.0M); GILDER LEHRMAN INSTITUTE OF AMERICAN HISTORY ($1.0M),,0.0,0.66475125775263,1.0,mostly universities,False
8d272419-96d1-4898-9706-0d86a1e63c03,Preschool Development Grant Birth Through Five (PDG B-5) SMART Grant,93.434,1194273824.21,978883629.9099998,63583458.11,42000000.0,0.0,109806736.19000001,0.0,36274500.0,36274500.0,NORTH CAROLINA DEPARTMENT OF HEALTH & HUMAN SERVICES,COMMONWEALTH OF PENNSYLVANIA DEPARTMENT OF EDUCATION ($48.0M); TEXAS WORKFORCE COMMISSION ($48.0M); OHIO DEPARTMENT OF JOB & FAMILY SERVICES ($48.0M),,0.8196475632860173,0.05324026770163853,0.9999999999999998,NC DHHS has received awards,True
8d79c6d1-86ef-4cb3-b467-b00baccfeea0,Federal and State Integration Activities to Advance Cooperation and Regulatory Standards Among Animal Food Safety Regulatory Programs,93.103,978131651.19,204231952.81000003,317394711.29,6344842.82,13208169.0,393879205.75999993,0.0,0.0,6880186.38,NORTH CAROLINA DEPARTMENT OF AGRICULTURE & CONSUMER SERVICES,THE CRITICAL PATH INSTITUTE ($79.1M); NATIONAL ENVIRONMENTAL HEALTH ASSOCIATION ($44.4M); THE MEDICAL DEVICE INNOVATION CONSORTIUM ($42.6M),,0.2087980207587909,0.3244907890505904,0.9559642411554747,mixed recipients (some state agencies),False
8dd806c4-1ded-4652-be78-b19ba6bd4b8d,Global Collaborative Research Training on Non-Communicable Diseases and Disorders Across the Lifespan,93.989,269299742.87,0.0,224151905.32000002,0.0,0.0,46411418.82000001,458618.0,0.0,0.0,,YALE UNIV ($10.7M); MAKERERE UNIVERSITY COLLEGE OF HEALTH SCIENCES ($8.3M); UNIVERSITY OF WASHINGTON ($8.1M),,0.0,0.8323509815908203,1.0046920998012612,mostly universities,False
8dfe8b42-bbb0-4938-a9b5-6c6cec3a1bbb,"DoW Amyotrophic Lateral Sclerosis Research Program, Therapeutic Idea Award",12.420,5640094062.21,0.0,3068370069.44,0.0,22619849.59,1893474804.760001,0.0,0.0,0.0,,"THE HENRY M. JACKSON FOUNDATION FOR THE ADVANCEMENT OF MILITARY MEDICINE, INC. ($420.3M); THE UNIVERISTY OF TEXAS M.D. ANDERSON CANCER CENTER ($150.0M); THE JOHNS HOPKINS UNIVERSITY ($136.4M)",,0.0,0.5440281732176817,0.8837556020895334,mostly universities,False
8e1f564e-26b9-47d2-b838-486402d83eae,"HEAL Initiative: Integrative Management of chronic Pain and OUD for Whole Recovery (IMPOWR) - Building Engagement, Assistance, Capacity, Outreach, and Networks (BEACON) Center",93.279,5976314704.01,0.0,4356075983.7,0.0,0.0,1038203679.6999999,0.0,0.0,0.0,,"YALE UNIV ($242.7M); THE JOHNS HOPKINS UNIVERSITY ($216.1M); UNIVERSITY OF CALIFORNIA, SAN DIEGO ($210.2M)",,0.0,0.7288899931553389,0.9026097069119426,mostly universities,False
8e4a156c-436f-47fe-9f8b-b82ca0ca901e,Vet-LIRN Capacity-Building Project and Equipment Grants (U18),93.103,978131651.19,204231952.81000003,317394711.29,6344842.82,13208169.0,393879205.75999993,0.0,0.0,6880186.38,NORTH CAROLINA DEPARTMENT OF AGRICULTURE & CONSUMER SERVICES,THE CRITICAL PATH INSTITUTE ($79.1M); NATIONAL ENVIRONMENTAL HEALTH ASSOCIATION ($44.4M); THE MEDICAL DEVICE INNOVATION CONSORTIUM ($42.6M),,0.2087980207587909,0.3244907890505904,0.9559642411554747,mixed recipients (some state agencies),False
8e89d84a-1f55-4cb8-b969-5a94c782ea79,Mentored Patient-Oriented Research Career Development Award (Parent K23  Independent Clinical Trial Not Allowed),93.113;93.121;93.173;93.213;93.233;93.242;93.273;93.279;93.286;93.307;93.310;93.313;93.361;93.837;93.838;93.839;93.840;93.847;93.853;93.855;93.859;93.865;93.866,104986934369.38,215575.61000000002,79399069954.32,5789860.43,107080129.57,17924523662.239998,0.0,0.0,0.0,,"ICAHN SCHOOL OF MEDICINE AT MOUNT SINAI ($73.2M); THE TRUSTEES OF COLUMBIA UNIVERSITY IN THE CITY OF NEW YORK ($64.4M); UNIVERSITY OF NORTH CAROLINA AT CHAPEL HILL ($57.1M) | REGENTS OF THE UNIVERSITY OF MICHIGAN ($71.4M); REGENTS OF THE UNIVERSITY OF CALIFORNIA, SAN FRANCISCO, THE ($64.3M); UNIVERSITY OF SOUTHERN CALIFORNIA ($62.6M) | THE JOHNS HOPKINS UNIVERSITY ($66.5M); MASSACHUSETTS EYE AND E",,2.0533565561742297e-06,0.7562757254628169,0.9280838588862341,mostly universities,False
8ef2f23a-ee0a-4b39-bd42-61e814fba369,Specialized Center Cooperative Agreements in Aging and/or Alzheimer's Disease (AD) and AD-Related Dementias (ADRD) Research,93.866,15229489497.87,0.0,11707506336.46,0.0,9857717.91,2433575328.85,0.0,0.0,0.0,,"REGENTS OF THE UNIVERSITY OF CALIFORNIA, SAN FRANCISCO, THE ($499.5M); THE TRUSTEES OF COLUMBIA UNIVERSITY IN THE CITY OF NEW YORK ($473.8M); WASHINGTON UNIVERSITY, THE ($471.3M)",,0.0,0.7687392501303089,0.9291801530969999,mostly universities,False
8faea2b6-4c0b-4e8d-ba24-f637ba6e7bcc,Fundamental Research to Counter Weapons of Mass Destruction,12.351,194599280.36,0.0,168485583.70000005,0.0,0.0,26113696.66,0.0,0.0,0.0,,"THE JOHNS HOPKINS UNIVERSITY ($36.0M); THE PENNSYLVANIA STATE UNIVERSITY ($25.3M); REGENTS OF THE UNIVERSITY OF CALIFORNIA, SAN FRANCISCO, THE ($8.7M)",,0.0,0.865807845683238,1.0000000000000002,mostly universities,False
901aad7d-210f-4978-b820-f4c3e48d5329,Medical Scientist Training Program (MSTP),93.859,12070484526.24,0.0,9612792260.85001,0.0,0.0,889455283.0399997,0.0,0.0,0.0,,"THE LELAND STANFORD JUNIOR UNIVERSITY ($235.0M); REGENTS OF THE UNIVERSITY OF MICHIGAN ($221.4M); UNIVERSITY OF CALIFORNIA, SAN DIEGO ($215.2M)",,0.0,0.7963882675921403,0.8700767165608966,mostly universities,False
91048663-1b10-45b7-9d7a-c76709a880f1,Biomarkers of Cognitive Decline and Dementias of Aging in Individuals within the Autism Spectrum,93.866,15229489497.87,0.0,11707506336.46,0.0,9857717.91,2433575328.85,0.0,0.0,0.0,,"REGENTS OF THE UNIVERSITY OF CALIFORNIA, SAN FRANCISCO, THE ($499.5M); THE TRUSTEES OF COLUMBIA UNIVERSITY IN THE CITY OF NEW YORK ($473.8M); WASHINGTON UNIVERSITY, THE ($471.3M)",,0.0,0.7687392501303089,0.9291801530969999,mostly universities,False
910a75ad-0418-4091-a436-703280874498,Infant-Toddler Court Program–National Resource Center,93.110,1164006561.72,318147766.46,360081155.95,18944098.18,17261226.42,353277865.66999996,0.0,13147007.87,13147007.87,NORTH CAROLINA DEPARTMENT OF HEALTH & HUMAN SERVICES,"ZERO TO THREE NATIONAL CENTER FOR INFANTS, TODDLERS & FAMILIES ($44.8M); UNIVERSITY HOSPITALS CLEVELAND MEDICAL CENTER ($41.8M); CHILDREN'S NATIONAL MEDICAL CENTER ($37.2M)",,0.27332128264800104,0.30934632826976877,0.9172732764515432,NC DHHS has received awards,True
91454c48-930c-4d95-a0dd-8d71233d502b,Annual Program Statement (APS) For Fiscal Year 2026,19.040,257210709.31,0.0,18981816.92,765922.7,0.0,121256439.30999996,40952578.09,0.0,0.0,,MISCELLANEOUS FOREIGN AWARDEES ($41.0M); INDIVIDUAL RECIPIENT ($19.5M); MERIDIAN INTERNATIONAL CENTER ($4.4M),,0.0,0.07379870368120016,0.5482049301456434,mixed recipients (no state agencies),False
91646887-7c4c-414b-9b0e-6d550296ece1,Early Immune System Development and Ontogeny (R01 Clinical Trial Optional),93.865,4921279091.58,0.0,3623055293.56,0.0,0.0,913474006.4399998,0.0,0.0,0.0,,REGENTS OF THE UNIVERSITY OF MICHIGAN ($145.9M); THE JOHNS HOPKINS UNIVERSITY ($122.6M); UNIVERSITY OF WASHINGTON ($109.8M),,0.0,0.736201956064394,0.921819148148236,mostly universities,False
916fc598-7434-4cd9-8b95-4d165cb71cde,"NEA Arts and Artifacts International Indemnity Program 2, FY2027 (3/27)",45.201,0.0,0.0,0.0,0.0,0.0,0.0,0.0,0.0,0.0,,,,0.0,0.0,0.0,no awards found FY2022-FY2025,False
91d0d477-b844-4189-8880-bd7a2876b24e,Surveillance and Case Control Study of Stillbirth and Birth Defects (SUCCSSBD),93.073,69646456.33,15137819.11,31060032.0,0.0,503994.0,22944611.22,0.0,662000.0,662000.0,NORTH CAROLINA DEPARTMENT OF HEALTH & HUMAN SERVICES,THE JOHNS HOPKINS UNIVERSITY ($4.5M); UNIVERSITY OF NORTH CAROLINA AT CHAPEL HILL ($3.4M); AMERICAN ACADEMY OF PEDIATRICS ($2.8M),,0.21735232354498746,0.4459671552107524,1.0,NC DHHS has received awards,True
91f345f9-d1cc-4d70-b752-f66de49e0f6f,Translational Neural Devices (R61/R33 - Clinical Trial Optional),93.853,7301417548.76,0.0,5703307653.840002,0.0,8115452.99,1095037634.0900006,0.0,0.0,0.0,,"THE GENERAL HOSPITAL CORPORATION ($234.6M); REGENTS OF THE UNIVERSITY OF CALIFORNIA, SAN FRANCISCO, THE ($226.7M); THE JOHNS HOPKINS UNIVERSITY ($223.1M)",,0.0,0.7811233388246087,0.9322108611739297,mostly universities,False
9291f357-5202-4da7-8541-582c3becd270,Promoting Access with a Language Services Assistance Symbol,93.137,134907949.66,3554242.11,60723991.52,3571067.9699999997,16381201.440000001,84105657.35,0.0,0.0,0.0,,"THE MOREHOUSE SCHOOL OF MEDICINE, INC. ($13.4M); AMERICAN HEART ASSOCIATION, INC. ($12.2M); UNIVERSITY OF HAWAII ($7.0M)",,0.026345683252599512,0.4501142569658708,1.247785329287466,"mostly nonprofits, hospitals or companies",False
92c259c8-0ced-4420-b023-0e894fd2a0cf,Mechanisms that Impact Cancer Risk with Use of Incretin Mimetics (R01 Clinical Trial Optional),93.393,2959662870.7,0.0,2008583928.6299999,5932664.0,25447703.72,873114092.6299998,0.0,0.0,0.0,,THE UNIVERISTY OF TEXAS M.D. ANDERSON CANCER CENTER ($89.6M); SLOAN-KETTERING INSTITUTE FOR CANCER RESEARCH ($81.9M); FRED HUTCHINSON CANCER CENTER ($73.6M),,0.0,0.6786529467644884,0.9842602067346331,mostly universities,False
92d5dca4-b6e9-4c88-9e9d-9b6a6b32d029,Innovative Mental Health Services Research Not Involving Clinical Trials (R01 Clinical Trials Not Allowed),93.242,7107924163.190001,0.0,5396186256.740001,0.0,0.0,1251736935.5299997,0.0,0.0,0.0,,"YALE UNIV ($308.6M); UNIVERSITY OF PITTSBURGH - OF THE COMMONWEALTH SYSTEM OF HIGHER EDUCATION ($244.2M); UNIVERSITY OF CALIFORNIA, LOS ANGELES ($186.0M)",,0.0,0.7591789294384114,0.9352833597603335,mostly universities,False
92fe438d-91dc-4ce2-9a45-edc615c4d0b6,BRAIN Initiative: Research Resource Grants for Technology Integration and Dissemination (U24 Clinical Trial Not Allowed),93.372,432028762.64,0.0,346559561.30999994,0.0,0.0,85220420.31999998,248781.0,0.0,0.0,,THE LELAND STANFORD JUNIOR UNIVERSITY ($24.2M); ALLEN INSTITUTE ($21.3M); PRESIDENT AND FELLOWS OF HARVARD COLLEGE ($20.9M),,0.0,0.8021677982555535,0.9994241563721826,mostly universities,False
93496b21-4bb1-4f90-a26c-6068420af24f,Expanding global health security though local partnerships in Tanzania,93.318,800719163.77,0.0,120532829.8,6970522.0,13803314.0,664832940.8499999,0.0,0.0,0.0,,"WORLD HEALTH ORGANIZATION ($88.4M); THE TASK FORCE FOR GLOBAL HEALTH, INC. ($83.2M); AFRICAN FIELD EPIDEMIOLOGY NETWORK LTD ($79.4M)",,0.0,0.15053071695261944,1.006769468154701,"mostly nonprofits, hospitals or companies",False
93676f0f-8a65-4202-bd1a-45a49e07f773,"DoW Amyotrophic Lateral Sclerosis Research Program, Therapeutic Development Award",12.420,5640094062.21,0.0,3068370069.44,0.0,22619849.59,1893474804.760001,0.0,0.0,0.0,,"THE HENRY M. JACKSON FOUNDATION FOR THE ADVANCEMENT OF MILITARY MEDICINE, INC. ($420.3M); THE UNIVERISTY OF TEXAS M.D. ANDERSON CANCER CENTER ($150.0M); THE JOHNS HOPKINS UNIVERSITY ($136.4M)",,0.0,0.5440281732176817,0.8837556020895334,mostly universities,False
93773e78-8e58-490e-92c4-9452254b56fd,NDEP STEM Open NFO,12.006,112256422.95,0.0,56343815.030000016,0.0,0.0,55912607.910000004,0.0,0.0,0.0,,RESEARCH TRIANGLE INSTITUTE ($35.3M); THE UNIVERSITY OF TEXAS AT EL PASO ($9.3M); BARRY GOLDWATER SCHOLARSHIP ($9.0M),,0.0,0.5019206344664665,0.9999999999109185,mostly universities,False
9381a795-83da-40fa-9d6a-ee4c0f7b63be,Ryan White HIV/AIDS Program Part C Capacity Development Program,93.918,349132532.35,6812396.54,52475881.93000001,848082.26,29561753.259999994,182280761.27,0.0,0.0,0.0,,"FLORIDA DEPARTMENT OF HEALTH ($5.8M); AIDS HEALTHCARE FOUNDATION ($2.7M); SUN RIVER HEALTH, INC. ($2.7M)",,0.01951235106664502,0.150303615583419,0.7790132687702255,"mostly nonprofits, hospitals or companies",False
93c305fa-831d-4193-8944-ac3a3cde9ab7,"DoW Reconstructive Transplant, Investigator-Initiated Research Award",12.420,5640094062.21,0.0,3068370069.44,0.0,22619849.59,1893474804.760001,0.0,0.0,0.0,,"THE HENRY M. JACKSON FOUNDATION FOR THE ADVANCEMENT OF MILITARY MEDICINE, INC. ($420.3M); THE UNIVERISTY OF TEXAS M.D. ANDERSON CANCER CENTER ($150.0M); THE JOHNS HOPKINS UNIVERSITY ($136.4M)",,0.0,0.5440281732176817,0.8837556020895334,mostly universities,False
944c3ea8-b927-4989-917c-b20610d3d2f2,DoW Autism Clinical Trial Award,12.420,5640094062.21,0.0,3068370069.44,0.0,22619849.59,1893474804.760001,0.0,0.0,0.0,,"THE HENRY M. JACKSON FOUNDATION FOR THE ADVANCEMENT OF MILITARY MEDICINE, INC. ($420.3M); THE UNIVERISTY OF TEXAS M.D. ANDERSON CANCER CENTER ($150.0M); THE JOHNS HOPKINS UNIVERSITY ($136.4M)",,0.0,0.5440281732176817,0.8837556020895334,mostly universities,False
944cc2fe-ff34-430f-8a21-d34bccd2f5cd,Neuromodulation/Neurostimulation Device Development for Mental Health Applications (R21 Clinical Trial Not Allowed),93.242,7107924163.190001,0.0,5396186256.740001,0.0,0.0,1251736935.5299997,0.0,0.0,0.0,,"YALE UNIV ($308.6M); UNIVERSITY OF PITTSBURGH - OF THE COMMONWEALTH SYSTEM OF HIGHER EDUCATION ($244.2M); UNIVERSITY OF CALIFORNIA, LOS ANGELES ($186.0M)",,0.0,0.7591789294384114,0.9352833597603335,mostly universities,False
947c6d74-e9c9-4516-b82b-7490312492ed,"DoW Bone Marrow Failure, Investigator-Initiated Research Award",12.420,5640094062.21,0.0,3068370069.44,0.0,22619849.59,1893474804.760001,0.0,0.0,0.0,,"THE HENRY M. JACKSON FOUNDATION FOR THE ADVANCEMENT OF MILITARY MEDICINE, INC. ($420.3M); THE UNIVERISTY OF TEXAS M.D. ANDERSON CANCER CENTER ($150.0M); THE JOHNS HOPKINS UNIVERSITY ($136.4M)",,0.0,0.5440281732176817,0.8837556020895334,mostly universities,False
94973af9-6bcf-42f1-b5e6-cc2288b9b4de,First in Human and Early Stage Clinical Trials of Novel Investigational Drugs or Neuromodulatory Device-based Interventions for Psychiatric Disorders (U01 Clinical Trial Required),93.242,7107924163.190001,0.0,5396186256.740001,0.0,0.0,1251736935.5299997,0.0,0.0,0.0,,"YALE UNIV ($308.6M); UNIVERSITY OF PITTSBURGH - OF THE COMMONWEALTH SYSTEM OF HIGHER EDUCATION ($244.2M); UNIVERSITY OF CALIFORNIA, LOS ANGELES ($186.0M)",,0.0,0.7591789294384114,0.9352833597603335,mostly universities,False
94ae732d-369d-47b0-917d-8c2c104f5e98,"DoW’s Energy, Installations, and Environment Innovation Partners Programs",12.632,24380798.14,-16111.73,3202488.74,0.0,-235194.65,21429615.79,0.0,0.0,0.0,,NATIONAL PRESERVATION INSTITUTE ($7.5M); NATIONAL ASSOCIATION OF CONSERVATION DISTRICTS ($7.1M); COLORADO STATE UNIVERSITY ($2.9M),,-0.0006608368564262269,0.131352908203029,1.0000000004101588,"mostly nonprofits, hospitals or companies",False
94d057db-76e8-43de-8f13-89d62c167fe9,Predoctoral to Postdoctoral Transition Award (Parent F99/K00 - Clinical Trial Not Allowed),93.113;93.121;93.172;93.173;93.213;93.242;93.273;93.279;93.310;93.398;93.846;93.853;93.855;93.859;93.865;93.866;93.867;93.T21;93.THR,89074654953.94,0.0,67502278973.57002,3133546.07,55243690.3,15158811014.390001,0.0,0.0,0.0,,"ICAHN SCHOOL OF MEDICINE AT MOUNT SINAI ($73.2M); THE TRUSTEES OF COLUMBIA UNIVERSITY IN THE CITY OF NEW YORK ($64.4M); UNIVERSITY OF NORTH CAROLINA AT CHAPEL HILL ($57.1M) | REGENTS OF THE UNIVERSITY OF MICHIGAN ($71.4M); REGENTS OF THE UNIVERSITY OF CALIFORNIA, SAN FRANCISCO, THE ($64.3M); UNIVERSITY OF SOUTHERN CALIFORNIA ($62.6M) | THE LELAND STANFORD JUNIOR UNIVERSITY ($118.8M); UNIVERSITY OF",not a standard assistance listing number,0.0,0.7578169009857525,0.9286532433620291,mostly universities,False
94e47d25-a7fe-47a7-9e57-d9641334b81f,HEAL Initiative: Pain Research Enhancement Program (PREP) (R15 Clinical Trial Optional),93.121;93.213;93.273;93.846;93.853;93.865;93.866,33341158746.870003,0.0,25754345112.28,812963.07,18873538.9,5484571544.860001,0.0,0.0,0.0,,"REGENTS OF THE UNIVERSITY OF MICHIGAN ($71.4M); REGENTS OF THE UNIVERSITY OF CALIFORNIA, SAN FRANCISCO, THE ($64.3M); UNIVERSITY OF SOUTHERN CALIFORNIA ($62.6M) | YALE UNIV ($22.6M); THE GENERAL HOSPITAL CORPORATION ($17.0M); DUKE UNIVERSITY ($15.9M) | YALE UNIV ($71.9M); UNIVERSITY OF NORTH CAROLINA AT CHAPEL HILL ($48.6M); TRUSTEES OF INDIANA UNIVERSITY ($45.7M) | TRUSTEES OF THE UNIVERSITY OF P",,0.0,0.7724490113798987,0.9375379960975259,mostly universities,False
94fb1ce5-b19a-4f48-9b88-d0ea1fdace24,Forecast to Publish a Funding Opportunity Announcement for the Consortium on the Neurobiology of Adolescent Drinking in Adulthood (NADIA) Research Resource (Collaborative U24 - Clinical Trials not allowed),93.273,1782147881.62,0.0,1457708084.539999,0.0,0.0,277980232.19,0.0,0.0,0.0,,YALE UNIV ($71.9M); UNIVERSITY OF NORTH CAROLINA AT CHAPEL HILL ($48.6M); TRUSTEES OF INDIANA UNIVERSITY ($45.7M),,0.0,0.8179501261224854,0.9739305781696588,mostly universities,False
950bfc05-f22c-4e7b-aed3-1d65fd6a95ef,Continuation of the Collaborative Islet Transplantation Registry (U01 Clinical Trial Not allowed),93.847,7801990499.05,0.0,5868063966.9,0.0,40709921.57,1426874242.5900002,0.0,0.0,0.0,,"REGENTS OF THE UNIVERSITY OF MICHIGAN ($278.9M); TRUSTEES OF THE UNIVERSITY OF PENNSYLVANIA, THE ($222.1M); WASHINGTON UNIVERSITY, THE ($189.5M)",,0.0,0.7521239570356458,0.9402277703303042,mostly universities,False
9527b370-92ef-4470-a3c9-55025d9d7dd4,High Priority HIV and Substance Use Research (R01 Clinical Trial Optional),93.279,5976314704.01,0.0,4356075983.7,0.0,0.0,1038203679.6999999,0.0,0.0,0.0,,"YALE UNIV ($242.7M); THE JOHNS HOPKINS UNIVERSITY ($216.1M); UNIVERSITY OF CALIFORNIA, SAN DIEGO ($210.2M)",,0.0,0.7288899931553389,0.9026097069119426,mostly universities,False
9560959b-f3b5-4d8e-9306-8d87996ed72a,NIH Blueprint Initiative: Tools for Germline Gene Editing in the Nervous System,93.279,5976314704.01,0.0,4356075983.7,0.0,0.0,1038203679.6999999,0.0,0.0,0.0,,"YALE UNIV ($242.7M); THE JOHNS HOPKINS UNIVERSITY ($216.1M); UNIVERSITY OF CALIFORNIA, SAN DIEGO ($210.2M)",,0.0,0.7288899931553389,0.9026097069119426,mostly universities,False
95d8c541-2ee0-40cc-960c-61b524d2babd,Silvio O. Conte Centers for Basic Neuroscience or Translational Mental Health Research,93.242,7107924163.190001,0.0,5396186256.740001,0.0,0.0,1251736935.5299997,0.0,0.0,0.0,,"YALE UNIV ($308.6M); UNIVERSITY OF PITTSBURGH - OF THE COMMONWEALTH SYSTEM OF HIGHER EDUCATION ($244.2M); UNIVERSITY OF CALIFORNIA, LOS ANGELES ($186.0M)",,0.0,0.7591789294384114,0.9352833597603335,mostly universities,False
95f87dc7-4ca4-42be-9a70-cbbf768caf15,AFCP 2020 Small Grants Competition,19.025,17058301.55,0.0,1706596.87,0.0,0.0,12748380.970000003,2603323.71,0.0,0.0,,"MISCELLANEOUS FOREIGN AWARDEES ($2.6M); WORLD MONUMENTS FUND, INC. ($1.9M); THE AMERICAN CENTER OF RESEARCH, INCORPORATED ($1.6M)",,0.0,0.10004494673738488,0.8473866989413141,"mostly nonprofits, hospitals or companies",False
967f621e-4adc-4208-98d4-ae3b7671ad10,FDA Support for Conferences and Scientific Meetings (R13 Clinical Trial Not Allowed),93.103,978131651.19,204231952.81000003,317394711.29,6344842.82,13208169.0,393879205.75999993,0.0,0.0,6880186.38,NORTH CAROLINA DEPARTMENT OF AGRICULTURE & CONSUMER SERVICES,THE CRITICAL PATH INSTITUTE ($79.1M); NATIONAL ENVIRONMENTAL HEALTH ASSOCIATION ($44.4M); THE MEDICAL DEVICE INNOVATION CONSORTIUM ($42.6M),,0.2087980207587909,0.3244907890505904,0.9559642411554747,mixed recipients (some state agencies),False
969c8766-0b5a-4f3f-9c0a-8c41921e311e,Carcinogen Hazard Assessment Monographs Program (CHAMP) (R01 Clinical Trial Not Allowed),93.393;93.396;93.399,7131796853.42,0.0,4684644805.489998,5932664.0,76219282.3,2262796671.8199997,0.0,0.0,0.0,,"THE UNIVERISTY OF TEXAS M.D. ANDERSON CANCER CENTER ($89.6M); SLOAN-KETTERING INSTITUTE FOR CANCER RESEARCH ($81.9M); FRED HUTCHINSON CANCER CENTER ($73.6M) | THE TRUSTEES OF COLUMBIA UNIVERSITY IN THE CITY OF NEW YORK ($129.4M); SLOAN-KETTERING INSTITUTE FOR CANCER RESEARCH ($115.4M); THE UNIVERISTY OF TEXAS M.D. ANDERSON CANCER CENTER ($112.5M) | ECOG-ACRIN MEDICAL RESEARCH FOUNDATION, INC. ($80",,0.0,0.6568673928567541,0.9856693296359119,mostly universities,False
96c01146-104b-4e72-bd65-1bee3428493a,Antarctic Research Not Requiring U.S. Antarctic Program (USAP) Field Support,47.050,4267308537.0,0.0,3152349973.0,0.0,0.0,938761319.0,14427929.0,0.0,0.0,,UNIVERSITY CORPORATION FOR ATMOSPHERIC RESEARCH ($587.8M); WOODS HOLE OCEANOGRAPHIC INSTITUTION ($497.0M); TEXAS A & M RESEARCH FOUNDATION ($228.6M),,0.0,0.7387208929627016,0.9587099823056455,mostly universities,False
96ebf1ff-7ddc-429d-b059-15cc5f577eec,Establishing Pediatric CNS Pharmacodynamic Measures as Tools to Enable Psychiatric Indications in Adolescents,93.242,7107924163.190001,0.0,5396186256.740001,0.0,0.0,1251736935.5299997,0.0,0.0,0.0,,"YALE UNIV ($308.6M); UNIVERSITY OF PITTSBURGH - OF THE COMMONWEALTH SYSTEM OF HIGHER EDUCATION ($244.2M); UNIVERSITY OF CALIFORNIA, LOS ANGELES ($186.0M)",,0.0,0.7591789294384114,0.9352833597603335,mostly universities,False
970063e5-d342-4a0d-97c2-17646ac315ba,F25AS00332 Highlands Conservation Act – Competitive Funding Round,15.667,44438250.5,31403959.0,0.0,0.0,0.0,13034291.5,0.0,0.0,0.0,,"DEPARTMENT OF CONSERVATION & NATURAL RESOURCES PENNSYLVANIA ($25.0M); DEPT OF ENERGY & ENVIRONMENTAL PROTECTION ($12.0M); NEW YORK STATE OFFICE OF PARKS, RECREATION AND HISTORIC PRESERVATION ($6.8M)",,0.7066875641290153,0.0,1.0,other state agencies win this,True
9724578f-3059-46b2-86d7-23f5e55853c2,"DoW Bone Marrow Failure, Resource Development Award",12.420,5640094062.21,0.0,3068370069.44,0.0,22619849.59,1893474804.760001,0.0,0.0,0.0,,"THE HENRY M. JACKSON FOUNDATION FOR THE ADVANCEMENT OF MILITARY MEDICINE, INC. ($420.3M); THE UNIVERISTY OF TEXAS M.D. ANDERSON CANCER CENTER ($150.0M); THE JOHNS HOPKINS UNIVERSITY ($136.4M)",,0.0,0.5440281732176817,0.8837556020895334,mostly universities,False
97a58662-f148-46c2-bacd-1d2147666063,Animal and Biological Material Resource Centers (P40 Clinical Trial Not Allowed),93.351,1118184048.6399999,0.0,854422162.4500003,0.0,0.0,252743423.24999994,0.0,0.0,0.0,,"UNIVERSITY OF CALIFORNIA, DAVIS ($82.0M); OREGON HEALTH & SCIENCE UNIVERSITY ($72.4M); UNIVERSITY OF WASHINGTON ($63.7M)",,0.0,0.7641158568566578,0.9901461097093981,mostly universities,False
97adaa7a-4d74-44c6-8771-6d061767a40a,Blueprint MedTech Translator (UG3/UH3 - Clinical Trial Optional),93.121;93.213;93.242;93.273;93.279;93.286;93.853;93.865;93.866;93.867,48435109621.090004,0.0,37177214464.64,812963.07,24063079.22,8023247591.669999,0.0,0.0,0.0,,"REGENTS OF THE UNIVERSITY OF MICHIGAN ($71.4M); REGENTS OF THE UNIVERSITY OF CALIFORNIA, SAN FRANCISCO, THE ($64.3M); UNIVERSITY OF SOUTHERN CALIFORNIA ($62.6M) | YALE UNIV ($22.6M); THE GENERAL HOSPITAL CORPORATION ($17.0M); DUKE UNIVERSITY ($15.9M) | YALE UNIV ($308.6M); UNIVERSITY OF PITTSBURGH - OF THE COMMONWEALTH SYSTEM OF HIGHER EDUCATION ($244.2M); UNIVERSITY OF CALIFORNIA, LOS ANGELES ($1",,0.0,0.7675674682163205,0.9337304788282675,mostly universities,False
97da3551-d936-4fc1-9c2d-81292ae079b4,Atmospheric and Geospace Sciences Postdoctoral Research Fellowships,47.050,4267308537.0,0.0,3152349973.0,0.0,0.0,938761319.0,14427929.0,0.0,0.0,,UNIVERSITY CORPORATION FOR ATMOSPHERIC RESEARCH ($587.8M); WOODS HOLE OCEANOGRAPHIC INSTITUTION ($497.0M); TEXAS A & M RESEARCH FOUNDATION ($228.6M),,0.0,0.7387208929627016,0.9587099823056455,mostly universities,False
97e7fa32-4f8f-45a0-847a-3f84f1ac56fb,NSF's Eddie Bernice Johnson Inclusion across the Nation of Communities of Learners of Underrepresented Discoverers in Engineering and Science (INCLUDES) Initiative,47.041;47.049;47.050;47.070;47.074;47.075;47.076;47.079;47.083;47.084,32412699683.0,33153443.0,24271392297.0,5844001.0,10109019.0,4120282094.0,160901546.0,0.0,694321.0,FRIENDS OF THE NORTH CAROLINA STATE MUSEUM OF NATURAL SCIENCES,"PURDUE UNIVERSITY ($81.2M); REGENTS OF THE UNIVERSITY OF MICHIGAN ($81.1M); GEORGIA TECH RESEARCH CORP ($80.6M) | ASSOCIATION OF UNIVERSITIES FOR RESEARCH IN ASTRONOMY, INC. ($574.0M); ASSOCIATED UNIVERSITIES INC ($531.2M); CALIFORNIA INSTITUTE OF TECHNOLOGY ($254.7M) | UNIVERSITY CORPORATION FOR ATMOSPHERIC RESEARCH ($587.8M); WOODS HOLE OCEANOGRAPHIC INSTITUTION ($497.0M); TEXAS A & M RESEARCH F",,0.0010228534902752488,0.7488235331946138,0.8774579449460912,mostly universities,False
98140293-39e0-4a8c-9ff1-624cb8ca1618,Geometric Analysis,47.049,6727369096.0,0.0,5005763263.0,0.0,0.0,1316835947.0,71509669.0,0.0,0.0,,"ASSOCIATION OF UNIVERSITIES FOR RESEARCH IN ASTRONOMY, INC. ($574.0M); ASSOCIATED UNIVERSITIES INC ($531.2M); CALIFORNIA INSTITUTE OF TECHNOLOGY ($254.7M)",,0.0,0.7440892853606557,0.9398323653386774,mostly universities,False
984331ba-4bd4-4498-95dd-0d428c5ecef7,Economics,47.075,843974005.0,0.0,705744304.0,0.0,0.0,76586867.0,10961722.0,0.0,0.0,,REGENTS OF THE UNIVERSITY OF MICHIGAN ($99.6M); NATIONAL BUREAU OF ECONOMIC RESEARCH INC ($29.0M); NATIONAL OPINION RESEARCH CENTER ($18.9M),,0.0,0.8362156888943517,0.9269612172474435,mostly universities,False
985f68aa-76f5-4fb0-b6d9-f22255a7a594,"Institute of Education Sciences (IES): National Center for Education Research (NCER): Statistical and Research Methodology in Education, Assistance Listing Number (ALN) 84.305D",84.305,640975752.57,4334271.02,423656139.1099998,0.0,0.0,212985342.42999998,0.0,0.0,1167478.0,NORTH CAROLINA DEPARTMENT OF PUBLIC INSTRUCTION,AMERICAN INSTITUTES FOR RESEARCH IN THE BEHAVIORAL SCIENCES ($49.8M); WESTED ($34.7M); MDRC ($19.7M),,0.00676198904969757,0.6609550164906323,0.9999999999843983,mostly universities,False
98696099-8a71-4a7c-8e2d-1dfcf3817f75,ERDC Broad Agency Announcement,12.630,1018931623.4100001,0.0,726860963.8400002,0.0,0.0,275566843.68,0.0,0.0,0.0,,MSI STEM RESEARCH & DEVELOPMENT CONSORTIUM ($73.1M); BATTELLE MEMORIAL INSTITUTE ($69.6M); UNIVERSITY OF CALIFORNIA SAN DIEGO ($44.1M),,0.0,0.7133559771238194,0.9838028229659146,mostly universities,False
986c5d91-3227-411a-bd45-5e21489e55d6,"FY 2024 – 2026 Broad Agency Announcement (BAA), Office of Oceanic and Atmospheric Research (OAR)",11.015,18645634.0,0.0,9686514.0,0.0,0.0,8959120.0,0.0,0.0,0.0,,NATIONAL FISH AND WILDLIFE FOUNDATION ($6.4M); UNIVERSITY OF MASSACHUSETTS LOWELL ($3.4M); UNIVERSITY OF ROCHESTER ($2.8M),,0.0,0.5195057459563992,1.0,mostly universities,False
98857886-def1-4563-8bf7-f7fa8787e5c5,HEAL Initiative: Pain Management Effectiveness Research Network: Clinical Trial Planning and Implementation Cooperative Agreement (UG3/UH3 Clinical Trial Required),93.853,7301417548.76,0.0,5703307653.840002,0.0,8115452.99,1095037634.0900006,0.0,0.0,0.0,,"THE GENERAL HOSPITAL CORPORATION ($234.6M); REGENTS OF THE UNIVERSITY OF CALIFORNIA, SAN FRANCISCO, THE ($226.7M); THE JOHNS HOPKINS UNIVERSITY ($223.1M)",,0.0,0.7811233388246087,0.9322108611739297,mostly universities,False
98df19d3-203c-48aa-89dc-e8457f0a48ea,RESTORE Act Centers of Excellence Research Grants Program,21.015,477728924.0,384251367.41999996,0.0,0.0,76661961.67000002,16815594.92,0.0,0.0,0.0,,COASTAL PROTECTION & RESTORATION AUTHORITY OF LOUISIANA ($127.9M); ALABAMA DEPARTMENT OF CONSERVATION AND NATURAL RESOURCES ($117.9M); DEPARTMENT OF ENVIRONMENTAL QUALITY MISSISSIPPI ($103.2M),,0.8043292924420041,0.0,1.0000000000209324,other state agencies win this,True
994a62bf-3ab5-4046-ad9f-e5abf6b89934,Centers for Structural Biology of HIV and other Infectious Diseases,93.855,17242464734.02,0.0,12062638314.500011,0.0,9836298.42,3962763745.0300007,0.0,0.0,0.0,,"FRED HUTCHINSON CANCER CENTER ($787.0M); DUKE UNIVERSITY ($576.9M); UNIVERSITY OF CALIFORNIA, LOS ANGELES ($576.8M)",,0.0,0.6995889799153826,0.9299852779348832,mostly universities,False
9978ab03-daa2-4d23-b5bb-eeb42dcf7878,Palliative Care Research Across the Lifespan: Leveraging the Palliative Care Consortium,93.866,15229489497.87,0.0,11707506336.46,0.0,9857717.91,2433575328.85,0.0,0.0,0.0,,"REGENTS OF THE UNIVERSITY OF CALIFORNIA, SAN FRANCISCO, THE ($499.5M); THE TRUSTEES OF COLUMBIA UNIVERSITY IN THE CITY OF NEW YORK ($473.8M); WASHINGTON UNIVERSITY, THE ($471.3M)",,0.0,0.7687392501303089,0.9291801530969999,mostly universities,False
99880b2a-a7d3-4869-a2f9-ef4c6e1f019e,Forecast to Publish a Funding Opportunity Announcement for Integrative Neuroscience Initiative on Alcoholism (INIA) Consortia (U01 Clinical Trial Optional),93.273,1782147881.62,0.0,1457708084.539999,0.0,0.0,277980232.19,0.0,0.0,0.0,,YALE UNIV ($71.9M); UNIVERSITY OF NORTH CAROLINA AT CHAPEL HILL ($48.6M); TRUSTEES OF INDIANA UNIVERSITY ($45.7M),,0.0,0.8179501261224854,0.9739305781696588,mostly universities,False
99c20e3e-db22-4aba-9a35-60ec39849620,Expanding the Therapeutic Pipeline for Treating and Preventing Alzheimer's Disease and Related Dementias: Preclinical Validation and Drug Discovery for Novel Candidate Targets (U01 Clinical Trial Not Allowed),93.866,15229489497.87,0.0,11707506336.46,0.0,9857717.91,2433575328.85,0.0,0.0,0.0,,"REGENTS OF THE UNIVERSITY OF CALIFORNIA, SAN FRANCISCO, THE ($499.5M); THE TRUSTEES OF COLUMBIA UNIVERSITY IN THE CITY OF NEW YORK ($473.8M); WASHINGTON UNIVERSITY, THE ($471.3M)",,0.0,0.7687392501303089,0.9291801530969999,mostly universities,False
99c292e3-156e-4e6c-9eab-09f1cec4ebe1,Navigator Emergency Department Diversion Models for Non-Urgent Mental Health Concerns (R01 Clinical Trial Required),93.242,7107924163.190001,0.0,5396186256.740001,0.0,0.0,1251736935.5299997,0.0,0.0,0.0,,"YALE UNIV ($308.6M); UNIVERSITY OF PITTSBURGH - OF THE COMMONWEALTH SYSTEM OF HIGHER EDUCATION ($244.2M); UNIVERSITY OF CALIFORNIA, LOS ANGELES ($186.0M)",,0.0,0.7591789294384114,0.9352833597603335,mostly universities,False
99cd70d1-05f4-49dc-b577-eaba13ac8b18,NCCIH Natural Product Mid Phase Clinical Trial (R01 Clinical Trial Required),93.213,465483989.4,0.0,345571281.5300001,0.0,0.0,121084127.74999997,0.0,0.0,0.0,,YALE UNIV ($22.6M); THE GENERAL HOSPITAL CORPORATION ($17.0M); DUKE UNIVERSITY ($15.9M),,0.0,0.7423913376170788,1.0025165632044832,mostly universities,False
99e43e8c-dfd4-4e00-9930-081ca0dd9eae,Preclinical Proof of Concept Studies for Rare Diseases (R21 Clinical Trial Not Allowed),93.350,2413260512.71,0.0,2177769794.8499985,0.0,0.0,234321018.16000003,0.0,0.0,0.0,,VANDERBILT UNIVERSITY MEDICAL CENTER ($81.9M); UNIVERSITY OF PITTSBURGH - OF THE COMMONWEALTH SYSTEM OF HIGHER EDUCATION ($79.6M); UNIVERSITY OF NORTH CAROLINA AT CHAPEL HILL ($60.0M),,0.0,0.9024180287955922,0.9995153031784836,mostly universities,False
9a1d3271-6ece-4b4a-9e5c-b8e556041edf,ANNUAL PROGRAM STATEMENT - PUBLIC AFFAIRS ITALY,19.040,257210709.31,0.0,18981816.92,765922.7,0.0,121256439.30999996,40952578.09,0.0,0.0,,MISCELLANEOUS FOREIGN AWARDEES ($41.0M); INDIVIDUAL RECIPIENT ($19.5M); MERIDIAN INTERNATIONAL CENTER ($4.4M),,0.0,0.07379870368120016,0.5482049301456434,mixed recipients (no state agencies),False
9a4aeb2f-d0ac-403b-ac67-9d1fd24d9556,Maximizing Investigators’ Research Award (MIRA) for Early Stage Investigators (ESI),93.859,12070484526.24,0.0,9612792260.85001,0.0,0.0,889455283.0399997,0.0,0.0,0.0,,"THE LELAND STANFORD JUNIOR UNIVERSITY ($235.0M); REGENTS OF THE UNIVERSITY OF MICHIGAN ($221.4M); UNIVERSITY OF CALIFORNIA, SAN DIEGO ($215.2M)",,0.0,0.7963882675921403,0.8700767165608966,mostly universities,False
9a589956-ee54-442d-805f-3f62d29bf73c,NIA Academic Leadership Career Award (K07 Independent Clinical Trial Not Allowed),93.866,15229489497.87,0.0,11707506336.46,0.0,9857717.91,2433575328.85,0.0,0.0,0.0,,"REGENTS OF THE UNIVERSITY OF CALIFORNIA, SAN FRANCISCO, THE ($499.5M); THE TRUSTEES OF COLUMBIA UNIVERSITY IN THE CITY OF NEW YORK ($473.8M); WASHINGTON UNIVERSITY, THE ($471.3M)",,0.0,0.7687392501303089,0.9291801530969999,mostly universities,False
9a5ced43-cd82-4b1c-9b1c-8c06f924fbfc,Alzheimer's Clinical Trials Consortium (ACTC) Clinical Trials,93.866,15229489497.87,0.0,11707506336.46,0.0,9857717.91,2433575328.85,0.0,0.0,0.0,,"REGENTS OF THE UNIVERSITY OF CALIFORNIA, SAN FRANCISCO, THE ($499.5M); THE TRUSTEES OF COLUMBIA UNIVERSITY IN THE CITY OF NEW YORK ($473.8M); WASHINGTON UNIVERSITY, THE ($471.3M)",,0.0,0.7687392501303089,0.9291801530969999,mostly universities,False
9a7a8932-5cbb-4b38-8700-bdbe6f4fa303,NIDCD Clinical Research Center Grant (P50 Clinical Trial Optional),93.173,1663121320.76,0.0,1359375084.86,0.0,0.0,270923269.94,0.0,0.0,0.0,,THE JOHNS HOPKINS UNIVERSITY ($66.5M); MASSACHUSETTS EYE AND EAR INFIRMARY ($63.7M); THE UNIVERSITY OF IOWA ($40.8M),,0.0,0.8173637532581228,0.9802642383629591,mostly universities,False
9aa9be7d-7f39-4546-ab9f-05aae6fac967,F26AS00104 State ANS Management Plan 2026,15.608,227830006.93,77116210.07000001,31457225.070000004,28528652.63,7665369.159999999,82135281.99000001,0.0,0.0,274529.54000000004,NORTH CAROLINA WILDLIFE RESOURCES COMMISSION; USS NORTH CAROLINA BATTLESHIP COMMISSION,TAHOE REGIONAL PLANNING AGENCY ($22.6M); AUBURN UNIVERSITY ($18.9M); ARKANSAS GAME & FISH COMMISSION ($12.5M),,0.33848135769795107,0.13807323053659534,0.9959300005188303,other state agencies win this,True
9accc70c-9683-4b78-bb7b-e8fdbcff1b47,Health Workforce Research Center (HWRC),93.300,23282834.46,0.0,21508712.390000004,0.0,0.0,1774122.07,0.0,0.0,0.0,,REGENTS OF THE UNIVERSITY OF MINNESOTA ($4.3M); UNIVERSITY OF WASHINGTON ($4.0M); UNIVERSITY OF NORTH CAROLINA AT CHAPEL HILL ($3.5M),,0.0,0.9238012848887474,1.0000000000000002,mostly universities,False
9aea1523-3187-471c-859e-cacb890941c7,"BRAIN Initiative: Theories, Models and Methods for Analysis of Complex Data from the Brain (R01 Clinical Trial Not Allowed)",93.173;93.213;93.242;93.273;93.279;93.286;93.372;93.853;93.865;93.866;93.867,49026784137.32001,0.0,37652530582.770004,0.0,23162711.22,8130432616.44,248781.0,0.0,0.0,,"THE JOHNS HOPKINS UNIVERSITY ($66.5M); MASSACHUSETTS EYE AND EAR INFIRMARY ($63.7M); THE UNIVERSITY OF IOWA ($40.8M) | YALE UNIV ($22.6M); THE GENERAL HOSPITAL CORPORATION ($17.0M); DUKE UNIVERSITY ($15.9M) | YALE UNIV ($308.6M); UNIVERSITY OF PITTSBURGH - OF THE COMMONWEALTH SYSTEM OF HIGHER EDUCATION ($244.2M); UNIVERSITY OF CALIFORNIA, LOS ANGELES ($186.0M) | YALE UNIV ($71.9M); UNIVERSITY OF N",,0.0,0.7679991915706392,0.9343081892161393,mostly universities,False
9b4ae9e9-8f44-494c-9f45-95774b2c84f4,NIAID Investigator Initiated Program Project Applications (P01 Clinical Trial Not Allowed),93.855,17242464734.02,0.0,12062638314.500011,0.0,9836298.42,3962763745.0300007,0.0,0.0,0.0,,"FRED HUTCHINSON CANCER CENTER ($787.0M); DUKE UNIVERSITY ($576.9M); UNIVERSITY OF CALIFORNIA, LOS ANGELES ($576.8M)",,0.0,0.6995889799153826,0.9299852779348832,mostly universities,False
9b99689b-52c2-4134-8d19-313963a8b2b4,Cancer Prevention and Control Clinical Trials Grant Program (R01 Clinical Trial Required),93.393;93.399,3628648263.0499997,0.0,2300184120.85,5932664.0,26712496.72,1249234499.7599998,0.0,0.0,0.0,,"THE UNIVERISTY OF TEXAS M.D. ANDERSON CANCER CENTER ($89.6M); SLOAN-KETTERING INSTITUTE FOR CANCER RESEARCH ($81.9M); FRED HUTCHINSON CANCER CENTER ($73.6M) | ECOG-ACRIN MEDICAL RESEARCH FOUNDATION, INC. ($80.5M); NRG ONCOLOGY FOUNDATION INC ($47.0M); ALLIANCE NCTN FOUNDATION ($40.7M)",,0.0,0.6338955870351067,0.9871620288484935,mostly universities,False
9ba4b04c-e63a-43cd-ab99-1e24e2570e15,Alzheimer's Drug-Development Program (U01 Clinical Trial Optional),93.866,15229489497.87,0.0,11707506336.46,0.0,9857717.91,2433575328.85,0.0,0.0,0.0,,"REGENTS OF THE UNIVERSITY OF CALIFORNIA, SAN FRANCISCO, THE ($499.5M); THE TRUSTEES OF COLUMBIA UNIVERSITY IN THE CITY OF NEW YORK ($473.8M); WASHINGTON UNIVERSITY, THE ($471.3M)",,0.0,0.7687392501303089,0.9291801530969999,mostly universities,False
9bd80298-4f43-40e6-890d-64fed9ef6d41,Unlocking Dataset Value for AI-Enabled Scientific Discovery (AI Datasets),47.041;47.049;47.050;47.070;47.074;47.084,23996981776.0,0.0,18097198100.0,5844001.0,10109019.0,3526063832.0,149939824.0,0.0,694321.0,FRIENDS OF THE NORTH CAROLINA STATE MUSEUM OF NATURAL SCIENCES,"PURDUE UNIVERSITY ($81.2M); REGENTS OF THE UNIVERSITY OF MICHIGAN ($81.1M); GEORGIA TECH RESEARCH CORP ($80.6M) | ASSOCIATION OF UNIVERSITIES FOR RESEARCH IN ASTRONOMY, INC. ($574.0M); ASSOCIATED UNIVERSITIES INC ($531.2M); CALIFORNIA INSTITUTE OF TECHNOLOGY ($254.7M) | UNIVERSITY CORPORATION FOR ATMOSPHERIC RESEARCH ($587.8M); WOODS HOLE OCEANOGRAPHIC INSTITUTION ($497.0M); TEXAS A & M RESEARCH F",,0.0,0.7541447615757859,0.9017473594800967,mostly universities,False
9d8d48d9-1b2e-46ba-9533-1e43c9d4b7a3,F26AS00069 Coastal Program FY26,15.630,61961404.63,8357917.290000001,3626755.1600000006,231138.65,2047109.2899999998,48285172.92000001,23000.0,0.0,164927.75,FRIENDS OF THE NORTH CAROLINA STATE MUSEUM OF NATURAL SCIENCES; NORTH CAROLINA DEPARTMENT OF NATURAL AND CULTURAL RESOURCES,"GREENTRUST ALLIANCE INC ($23.4M); STATE OF DELAWARE, DNREC ($6.3M); DUCKS UNLIMITED, INC. ($2.6M)",,0.1348890868421877,0.05853248779069843,1.0094686149144518,"mostly nonprofits, hospitals or companies",False
9d99eac6-dcd5-46ad-a2de-33cf63b41c53,Forecast for NINDS Exploratory Grant Program in Myalgic Encephalomyelitis/Chronic Fatigue Syndrome Research (P20 - Clinical Trial Optional),93.853,7301417548.76,0.0,5703307653.840002,0.0,8115452.99,1095037634.0900006,0.0,0.0,0.0,,"THE GENERAL HOSPITAL CORPORATION ($234.6M); REGENTS OF THE UNIVERSITY OF CALIFORNIA, SAN FRANCISCO, THE ($226.7M); THE JOHNS HOPKINS UNIVERSITY ($223.1M)",,0.0,0.7811233388246087,0.9322108611739297,mostly universities,False
9db5c0ab-0ed9-4cf4-b00b-6fe7d13bf9c6,Reducing Fraud and Lowering Barriers to the Production of Drugs in Shortage by Outsourcing Facilities,93.103,978131651.19,204231952.81000003,317394711.29,6344842.82,13208169.0,393879205.75999993,0.0,0.0,6880186.38,NORTH CAROLINA DEPARTMENT OF AGRICULTURE & CONSUMER SERVICES,THE CRITICAL PATH INSTITUTE ($79.1M); NATIONAL ENVIRONMENTAL HEALTH ASSOCIATION ($44.4M); THE MEDICAL DEVICE INNOVATION CONSORTIUM ($42.6M),,0.2087980207587909,0.3244907890505904,0.9559642411554747,mixed recipients (some state agencies),False
9dc7dc74-19eb-4f04-b102-c914542f74d1,Notice of Intent to Publish a Request for Concept Notes Announcement on Capacity Development for the Reception & Placement Program,19.510,1587726669.74,0.0,0.0,0.0,0.0,1587726669.74,0.0,0.0,0.0,,"INTERNATIONAL RESCUE COMMITTEE, INC. ($316.1M); CHURCH WORLD SERVICE, INC. ($263.9M); LUTHERAN IMMIGRATION AND REFUGEE SERVICE INC ($223.0M)",,0.0,0.0,1.0,"mostly nonprofits, hospitals or companies",False
9dccc561-32c6-4e45-a89a-e2ca4cafc04a,George M. O’Brien Urology Cooperative Research Centers Program (U54 Clinical Trial Optional),93.847,7801990499.05,0.0,5868063966.9,0.0,40709921.57,1426874242.5900002,0.0,0.0,0.0,,"REGENTS OF THE UNIVERSITY OF MICHIGAN ($278.9M); TRUSTEES OF THE UNIVERSITY OF PENNSYLVANIA, THE ($222.1M); WASHINGTON UNIVERSITY, THE ($189.5M)",,0.0,0.7521239570356458,0.9402277703303042,mostly universities,False
9e356693-4109-428d-82ca-d7d5577a06dc,Mood and Psychosis Symptoms during the Menopause Transition (R21 Clinical Trial Optional),93.242;93.313,7107924163.190001,0.0,5396186256.740001,0.0,0.0,1251736935.5299997,0.0,0.0,0.0,,"YALE UNIV ($308.6M); UNIVERSITY OF PITTSBURGH - OF THE COMMONWEALTH SYSTEM OF HIGHER EDUCATION ($244.2M); UNIVERSITY OF CALIFORNIA, LOS ANGELES ($186.0M)",,0.0,0.7591789294384114,0.9352833597603335,mostly universities,False
9e5e5cc9-842c-478b-8bfd-4481fc1e3c32,U.S.-Africa Strategic Investment Program,19.989,17309344.39,0.0,499880.66000000003,0.0,0.0,15121574.73,1687889.0,0.0,0.0,,"AFRICAN LEGAL SUPPORT FACILITY ($4.9M); UNITED NATIONS EDUCATIONAL, SCIENTIFIC AND CULTURAL ORGANISATION ($2.2M); MISCELLANEOUS FOREIGN AWARDEES ($1.7M)",,0.0,0.028879237060462692,0.9024868324316702,"mostly nonprofits, hospitals or companies",False
9ea4ff0a-477c-47df-9892-f1c93740c579,Advanced Nuclear Energy Licensing Cost-Share Grant Program,81.121,2771866728.87,124615.0,189207390.67999995,0.0,0.0,2582534723.1900005,0.0,0.0,0.0,,"X ENERGY, LLC ($844.7M); US SFR OWNER LLC ($837.3M); CFPP LLC ($191.9M)",,4.4957067633190826e-05,0.06825991621795384,1.0000000000000002,"mostly nonprofits, hospitals or companies",False
9ea57cf9-811c-4b26-9d18-fc27169861e7,"Development and Testing of Novel Interventions to Improve HIV Prevention, Treatment, and Program Implementation for People Who Use Substances (R34 Clinical Trial Required)",93.279,5976314704.01,0.0,4356075983.7,0.0,0.0,1038203679.6999999,0.0,0.0,0.0,,"YALE UNIV ($242.7M); THE JOHNS HOPKINS UNIVERSITY ($216.1M); UNIVERSITY OF CALIFORNIA, SAN DIEGO ($210.2M)",,0.0,0.7288899931553389,0.9026097069119426,mostly universities,False
9eef95f7-4437-45bc-810a-2514c89f8019,Data Coordinating Center for Multi-Site Investigator-Initiated Clinical Trials (Collaborative U24 Clinical Trial Required),93.233;93.837;93.838;93.839;93.840,11888355597.69,215575.61000000002,8800651331.629995,558986.0,27191929.69,2221105805.2699995,0.0,0.0,0.0,,"BRIGHAM & WOMENS HOSPITAL INC ($302.8M); TRUSTEES OF THE UNIVERSITY OF PENNSYLVANIA, THE ($298.7M); REGENTS OF THE UNIVERSITY OF MICHIGAN ($288.2M) | THE REGENTS OF THE UNIVERSITY OF COLORADO ($1.5M); INDIANA DEPARTMENT OF HEALTH ($0.6M); MINNESOTA DEPARTMENT OF HEALTH ($0.4M)",,1.8133341337963344e-05,0.740274906761708,0.9294576981148714,mostly universities,False
9f06c317-b398-4482-89b1-57bcf35363f3,Notice of Intent to Publish a Funding Opportunity Announcement for Trailblazer Award for New and Early-Stage Investigators (R21 Clinical Trial Optional),93.286,1401493106.31,0.0,1086577991.9200008,0.0,0.0,279965881.34999996,0.0,0.0,0.0,,THE GENERAL HOSPITAL CORPORATION ($72.2M); THE JOHNS HOPKINS UNIVERSITY ($67.8M); THE LELAND STANFORD JUNIOR UNIVERSITY ($42.0M),,0.0,0.7753002758471348,0.9750628576889563,mostly universities,False
9f506d94-0ad4-4b56-998d-4ddb82ce92b9,Cooperative Agreement to Support Effective Dissemination of Clinical Practice Guidelines,93.103,978131651.19,204231952.81000003,317394711.29,6344842.82,13208169.0,393879205.75999993,0.0,0.0,6880186.38,NORTH CAROLINA DEPARTMENT OF AGRICULTURE & CONSUMER SERVICES,THE CRITICAL PATH INSTITUTE ($79.1M); NATIONAL ENVIRONMENTAL HEALTH ASSOCIATION ($44.4M); THE MEDICAL DEVICE INNOVATION CONSORTIUM ($42.6M),,0.2087980207587909,0.3244907890505904,0.9559642411554747,mixed recipients (some state agencies),False
9f5c5a97-af42-49ea-b8e0-0dcbd93a61eb,Health Promotion and Disease Prevention Research Centers:  2027 Special Interest Project Supplements (SIPS),93.135,89256425.91,3000006.0,76572160.97000001,0.0,0.0,9684258.94,0.0,333334.0,333334.0,NORTH CAROLINA DEPARTMENT OF HEALTH & HUMAN SERVICES,EMORY UNIVERSITY ($5.7M); REGENTS OF THE UNIVERSITY OF MICHIGAN ($5.4M); NEW YORK UNIVERSITY ($5.0M),,0.03361109264026546,0.8578896162300973,1.0000000000000002,NC DHHS has received awards,True
9f5f39de-4e3f-47ea-aaa5-f82539b61c49,Alumni Engagement Innovation Fund (AEIF) 2026: Exchange Alumni Advancing Freedom250,19.022,44517802.4,0.0,2660316.7600000002,49923.9,0.0,28974319.05999999,8060594.36,0.0,0.0,,INDIVIDUAL RECIPIENT ($8.2M); MISCELLANEOUS FOREIGN AWARDEES ($8.1M); GEORGETOWN UNIVERSITY ($1.6M),,0.0,0.05975849248120119,0.7117278484528247,"mostly nonprofits, hospitals or companies",False
9f9e47ff-9a7b-4ab5-b55c-fb64273defdd,Independent Scientist Award (Parent K02 - Independent Clinical Trial Not Allowed),93.121;93.273;93.279;93.310;93.313;93.853;93.866,36414031836.880005,0.0,27867082623.260002,812963.07,21930756.9,6066872605.0,0.0,0.0,0.0,,"REGENTS OF THE UNIVERSITY OF MICHIGAN ($71.4M); REGENTS OF THE UNIVERSITY OF CALIFORNIA, SAN FRANCISCO, THE ($64.3M); UNIVERSITY OF SOUTHERN CALIFORNIA ($62.6M) | YALE UNIV ($71.9M); UNIVERSITY OF NORTH CAROLINA AT CHAPEL HILL ($48.6M); TRUSTEES OF INDIANA UNIVERSITY ($45.7M) | YALE UNIV ($242.7M); THE JOHNS HOPKINS UNIVERSITY ($216.1M); UNIVERSITY OF CALIFORNIA, SAN DIEGO ($210.2M) | THE LELAND S",,0.0,0.7652841835282935,0.9325168687813025,mostly universities,False
9fd4ae6c-672c-4fdd-9fae-d795a50b9681,NOAA Great Lakes Fish Habitat Restoration Partnership Grants,11.463,1236508669.03,214507096.4,24213645.0,178681540.0,96265480.48,722840907.15,0.0,0.0,0.0,,"THE NATURE CONSERVANCY ($160.7M); COASTAL PROTECTION & RESTORATION AUTHORITY OF LOUISIANA ($107.1M); TROUT UNLIMITED, INC. ($47.0M)",,0.17347803680848733,0.019582268694480567,1.0,"mostly nonprofits, hospitals or companies",False
9feba724-7117-42d6-b42c-2a649f4ef2ec,LPS Qubit Collaboratory (LQC),12.431,2303372550.5,0.0,1740909553.2299995,0.0,0.0,488342019.1999998,0.0,0.0,0.0,,"UNIVERSITY OF MARYLAND, COLLEGE PARK ($133.9M); GENERAL DYNAMICS ROBOTIC SYSTEMS INC ($106.0M); MASSACHUSETTS INSTITUTE OF TECHNOLOGY ($84.9M)",,0.0,0.7558089345347522,0.9678206731890111,mostly universities,False
a0e65cbc-14cf-4907-978e-adc4629c5e7c,NIDA Mentored Clinical Scientist Development Program Award in Substance Use and Substance Use Disorder Research (K12 Clinical Trial Optional),93.279,5976314704.01,0.0,4356075983.7,0.0,0.0,1038203679.6999999,0.0,0.0,0.0,,"YALE UNIV ($242.7M); THE JOHNS HOPKINS UNIVERSITY ($216.1M); UNIVERSITY OF CALIFORNIA, SAN DIEGO ($210.2M)",,0.0,0.7288899931553389,0.9026097069119426,mostly universities,False
a0e833b4-2a2c-4f1e-bdbb-7b625962adb3,"Engineering (ENG): Civil, Mechanical and Manufacturing Innovation (CMMI)",47.041,3232868977.0,0.0,2788913637.0,0.0,0.0,193471652.0,0.0,0.0,0.0,,PURDUE UNIVERSITY ($81.2M); REGENTS OF THE UNIVERSITY OF MICHIGAN ($81.1M); GEORGIA TECH RESEARCH CORP ($80.6M),,0.0,0.8626745026914217,0.9225196907817647,mostly universities,False
a1498213-87dc-41ef-b4d1-cdda9c8fe538,NIDCD Research Career Enhancement Award for Established Investigators (K18 Clinical Trial Not Allowed),93.173,1663121320.76,0.0,1359375084.86,0.0,0.0,270923269.94,0.0,0.0,0.0,,THE JOHNS HOPKINS UNIVERSITY ($66.5M); MASSACHUSETTS EYE AND EAR INFIRMARY ($63.7M); THE UNIVERSITY OF IOWA ($40.8M),,0.0,0.8173637532581228,0.9802642383629591,mostly universities,False
a16a8998-c3d8-45c8-ab49-7ee05622e4d1,Evaluating the Cutaneous Pharmacokinetics of Topical Drug Products Using Pharmacokinetic Tomography (U01 Clinical Trial Required),93.103,978131651.19,204231952.81000003,317394711.29,6344842.82,13208169.0,393879205.75999993,0.0,0.0,6880186.38,NORTH CAROLINA DEPARTMENT OF AGRICULTURE & CONSUMER SERVICES,THE CRITICAL PATH INSTITUTE ($79.1M); NATIONAL ENVIRONMENTAL HEALTH ASSOCIATION ($44.4M); THE MEDICAL DEVICE INNOVATION CONSORTIUM ($42.6M),,0.2087980207587909,0.3244907890505904,0.9559642411554747,mixed recipients (some state agencies),False
a17265a0-a839-4e4a-b114-49c9254cd4a7,NIH Science Education Partnership Award (SEPA) (R25 - Clinical Trial Not Allowed),93.121;93.172;93.213;93.242;93.279;93.286;93.307;93.310;93.313;93.855;93.859;93.866,69067800100.47,0.0,51900426276.06002,3893265.4299999997,25155198.33,11906068724.039999,0.0,0.0,0.0,,"REGENTS OF THE UNIVERSITY OF MICHIGAN ($71.4M); REGENTS OF THE UNIVERSITY OF CALIFORNIA, SAN FRANCISCO, THE ($64.3M); UNIVERSITY OF SOUTHERN CALIFORNIA ($62.6M) | THE LELAND STANFORD JUNIOR UNIVERSITY ($118.8M); UNIVERSITY OF WASHINGTON ($97.7M); THE BROAD INSTITUTE, INC ($94.8M) | YALE UNIV ($22.6M); THE GENERAL HOSPITAL CORPORATION ($17.0M); DUKE UNIVERSITY ($15.9M) | YALE UNIV ($308.6M); UNIVER",,0.0,0.7514417166981238,0.9242446316662924,mostly universities,False
a20fb768-e7ea-4e32-bf0e-89ea0f1cf31e,Early- and Late-Stage Clinical Trials for the Spectrum of Alzheimer's Disease/Alzheimer's Disease-Related Dementias and Age-Related Cognitive Decline,93.866,15229489497.87,0.0,11707506336.46,0.0,9857717.91,2433575328.85,0.0,0.0,0.0,,"REGENTS OF THE UNIVERSITY OF CALIFORNIA, SAN FRANCISCO, THE ($499.5M); THE TRUSTEES OF COLUMBIA UNIVERSITY IN THE CITY OF NEW YORK ($473.8M); WASHINGTON UNIVERSITY, THE ($471.3M)",,0.0,0.7687392501303089,0.9291801530969999,mostly universities,False
a2141770-82f7-44df-8c86-e1731648e086,Community Led Monitoring Intervention,19.029,109108132.69,0.0,97900.0,18612.27,553488.5,104424927.07000001,6924915.77,0.0,0.0,,"THE HENRY M. JACKSON FOUNDATION FOR THE ADVANCEMENT OF MILITARY MEDICINE, INC. ($89.9M); MISCELLANEOUS FOREIGN AWARDEES ($6.9M); TAMRA FOR SOCIAL DEVELOPMENT ORGANIZATION (TDS) ($0.6M)",,0.0,0.0008972750022049708,0.9632180961120251,"mostly nonprofits, hospitals or companies",False
a23b92cf-f38b-4910-9757-188371a453ab,Mentored Clinician Research Scientist Career Development Award (KC1),93.113,1715114949.74,0.0,1435295386.189999,1144693.0,7190860.0,201053474.33,0.0,0.0,0.0,,ICAHN SCHOOL OF MEDICINE AT MOUNT SINAI ($73.2M); THE TRUSTEES OF COLUMBIA UNIVERSITY IN THE CITY OF NEW YORK ($64.4M); UNIVERSITY OF NORTH CAROLINA AT CHAPEL HILL ($57.1M),,0.0,0.8368508398854434,0.9589353843422112,mostly universities,False
a2ea641e-ccb6-46e8-922d-c2d3d0c5ed04,NIDDK Disease Research and Translational Core Centers (P30 Clinical Trial Optional),93.847,7801990499.05,0.0,5868063966.9,0.0,40709921.57,1426874242.5900002,0.0,0.0,0.0,,"REGENTS OF THE UNIVERSITY OF MICHIGAN ($278.9M); TRUSTEES OF THE UNIVERSITY OF PENNSYLVANIA, THE ($222.1M); WASHINGTON UNIVERSITY, THE ($189.5M)",,0.0,0.7521239570356458,0.9402277703303042,mostly universities,False
a36c6294-903e-4aa3-80c9-914060a60380,Drug-Free Communities (DFC) Support Program – NEW (Year 1),93.276,364195958.48,500000.0,1749321.0,2348509.5,39344547.62,69813765.28,0.0,0.0,0.0,,"GRAHAM COUNTY SUBSTANCE ABUSE COALITION ($0.8M); PREVENTION RESOURCES, INC. ($0.7M); MOSAIC COMMUNITY SERVICES, INC ($0.7M)",,0.0013728872832273829,0.004803241110365218,0.3123487253257012,unclear (top recipients cover too little of the money),False
a3c04dfb-d7de-4068-a394-5c445daa61db,Independent Scientist Award (Parent K02 - Independent Clinical Trial Required),93.273;93.279;93.310;93.313;93.853;93.866,34910556269.71,0.0,26636464095.22,0.0,21030388.9,5817913939.51,0.0,0.0,0.0,,"YALE UNIV ($71.9M); UNIVERSITY OF NORTH CAROLINA AT CHAPEL HILL ($48.6M); TRUSTEES OF INDIANA UNIVERSITY ($45.7M) | YALE UNIV ($242.7M); THE JOHNS HOPKINS UNIVERSITY ($216.1M); UNIVERSITY OF CALIFORNIA, SAN DIEGO ($210.2M) | THE LELAND STANFORD JUNIOR UNIVERSITY ($131.6M); DUKE UNIVERSITY ($131.5M); YALE UNIV ($124.9M) | THE GENERAL HOSPITAL CORPORATION ($234.6M); REGENTS OF THE UNIVERSITY OF CALI",,0.0,0.7629916833588533,0.9302460886825558,mostly universities,False
a3c41b76-6e51-4a28-8392-43dcdb48cda3,Low-Cost Chip-Scale Atomic Clock (LC CSAC),12.431,2303372550.5,0.0,1740909553.2299995,0.0,0.0,488342019.1999998,0.0,0.0,0.0,,"UNIVERSITY OF MARYLAND, COLLEGE PARK ($133.9M); GENERAL DYNAMICS ROBOTIC SYSTEMS INC ($106.0M); MASSACHUSETTS INSTITUTE OF TECHNOLOGY ($84.9M)",,0.0,0.7558089345347522,0.9678206731890111,mostly universities,False
a3e35efa-ec13-4e1e-ba19-cd5e49fdc0a2,Ruth L. Kirschstein National Research Service Award (NRSA) Individual Senior Fellowship (Parent F33),93.113;93.121;93.233;93.279;93.310;93.837;93.838;93.839;93.840;93.846;93.859,39912797152.77,215575.61000000002,30533877461.400005,2516642.07,38340375.69,5966355522.5599985,0.0,0.0,0.0,,"ICAHN SCHOOL OF MEDICINE AT MOUNT SINAI ($73.2M); THE TRUSTEES OF COLUMBIA UNIVERSITY IN THE CITY OF NEW YORK ($64.4M); UNIVERSITY OF NORTH CAROLINA AT CHAPEL HILL ($57.1M) | REGENTS OF THE UNIVERSITY OF MICHIGAN ($71.4M); REGENTS OF THE UNIVERSITY OF CALIFORNIA, SAN FRANCISCO, THE ($64.3M); UNIVERSITY OF SOUTHERN CALIFORNIA ($62.6M) | YALE UNIV ($242.7M); THE JOHNS HOPKINS UNIVERSITY ($216.1M); U",,5.401165174539485e-06,0.7650147230856487,0.9155285568552038,mostly universities,False
a3fe5760-281e-4303-aac7-08dcea8327c2,The Metastasis Research Network (MetNet): MetNet Research Projects (U01 Clinical Trial Not Allowed),93.396,3503148590.37,0.0,2384460684.6399975,0.0,49506785.58,1013562172.06,0.0,0.0,0.0,,THE TRUSTEES OF COLUMBIA UNIVERSITY IN THE CITY OF NEW YORK ($129.4M); SLOAN-KETTERING INSTITUTE FOR CANCER RESEARCH ($115.4M); THE UNIVERISTY OF TEXAS M.D. ANDERSON CANCER CENTER ($112.5M),,0.0,0.6806621595198029,0.9841231547405963,mostly universities,False
a41c508c-e2c8-48bd-be6d-615027fca6b7,FY 2024 – 2026 - Broad Agency Announcement (BAA) for the Office of Education,11.015,18645634.0,0.0,9686514.0,0.0,0.0,8959120.0,0.0,0.0,0.0,,NATIONAL FISH AND WILDLIFE FOUNDATION ($6.4M); UNIVERSITY OF MASSACHUSETTS LOWELL ($3.4M); UNIVERSITY OF ROCHESTER ($2.8M),,0.0,0.5195057459563992,1.0,mostly universities,False
a44b38f2-6d15-4b5b-b1df-788a730bb203,NIH Small Business Innovation Research (SBIR) Phase IIB Strategic Breakthrough Award (Parent [R44] Clinical Trial Optional),93.233;93.242;93.273;93.307;93.313;93.350;93.351;93.393;93.394;93.395;93.837;93.838;93.839;93.840;93.847;93.853;93.855;93.859;93.865;93.866;93.867,103066670710.68002,215575.61000000002,76973334954.58002,8396062.36,211653420.95999998,18680833899.19,0.0,0.0,0.0,,"YALE UNIV ($308.6M); UNIVERSITY OF PITTSBURGH - OF THE COMMONWEALTH SYSTEM OF HIGHER EDUCATION ($244.2M); UNIVERSITY OF CALIFORNIA, LOS ANGELES ($186.0M) | YALE UNIV ($71.9M); UNIVERSITY OF NORTH CAROLINA AT CHAPEL HILL ($48.6M); TRUSTEES OF INDIANA UNIVERSITY ($45.7M) | THE JOHNS HOPKINS UNIVERSITY ($58.5M); THE TRUSTEES OF COLUMBIA UNIVERSITY IN THE CITY OF NEW YORK ($51.8M); UNIVERSITY OF HAWAI",,2.0916132102990453e-06,0.7468305168278211,0.9302176275959331,mostly universities,False
a4d63251-b2fd-4d44-86ac-21da0f120a4c,"Communications, Circuits, and Sensing-Systems",47.041,3232868977.0,0.0,2788913637.0,0.0,0.0,193471652.0,0.0,0.0,0.0,,PURDUE UNIVERSITY ($81.2M); REGENTS OF THE UNIVERSITY OF MICHIGAN ($81.1M); GEORGIA TECH RESEARCH CORP ($80.6M),,0.0,0.8626745026914217,0.9225196907817647,mostly universities,False
a5372826-8453-46de-8c64-5dd80e9da434,Utilizing Invasive Recording and Stimulating Opportunities in Humans to Advance Neural Circuitry Understanding of Mental Health Disorders (R01 Clinical Trial Optional),93.242,7107924163.190001,0.0,5396186256.740001,0.0,0.0,1251736935.5299997,0.0,0.0,0.0,,"YALE UNIV ($308.6M); UNIVERSITY OF PITTSBURGH - OF THE COMMONWEALTH SYSTEM OF HIGHER EDUCATION ($244.2M); UNIVERSITY OF CALIFORNIA, LOS ANGELES ($186.0M)",,0.0,0.7591789294384114,0.9352833597603335,mostly universities,False
a55926dd-83b8-4e51-801e-384852d46065,National Resource Network for the Study of Human Auditory and Vestibular Disorders,93.173,1663121320.76,0.0,1359375084.86,0.0,0.0,270923269.94,0.0,0.0,0.0,,THE JOHNS HOPKINS UNIVERSITY ($66.5M); MASSACHUSETTS EYE AND EAR INFIRMARY ($63.7M); THE UNIVERSITY OF IOWA ($40.8M),,0.0,0.8173637532581228,0.9802642383629591,mostly universities,False
a5fdd007-af1e-44d4-9397-3cd7d439e88b,NIEHS Worker Training Program’s SBIR E-Learning for HAZMAT and Emergency Response (R43/R44 Clinical Trial Not Allowed),93.142,147255502.82,0.0,40237550.2,0.0,0.0,107017952.62,0.0,0.0,0.0,,CPWR: THE CENTER FOR CONSTRUCTION RESEARCH AND TRAINING ($25.1M); STEELWORKERS CHARITABLE & EDUCATIONAL ORGANIZATION ($17.6M); INTERNATIONAL BROTHERHOOD OF TEAMSTERS ($11.8M),,0.0,0.2732498917149805,1.0,"mostly nonprofits, hospitals or companies",False
a73919b2-7a90-4735-8ec5-a67c08dea3ed,Ryan White HIV/AIDS Program (RWHAP) Integrated HIV/AIDS Planning Resource Allocation Cooperative Agreement,93.145,530419309.90999997,8326035.12,196343822.7,0.0,29911511.01,195427671.41000003,0.0,0.0,0.0,,"REGENTS OF THE UNIVERSITY OF CALIFORNIA, SAN FRANCISCO, THE ($24.4M); VANDERBILT UNIVERSITY MEDICAL CENTER ($19.2M); THE TRUSTEES OF COLUMBIA UNIVERSITY IN THE CITY OF NEW YORK ($18.2M)",,0.01569708146826845,0.37016718477559774,0.8106964286669026,mixed recipients (some state agencies),False
a760bf80-264f-4113-95fd-ac4a77c24408,NCCIH Multi-Site Feasibility Clinical Trials of Mind and Body Interventions (R01 Clinical Trial Required),93.213,465483989.4,0.0,345571281.5300001,0.0,0.0,121084127.74999997,0.0,0.0,0.0,,YALE UNIV ($22.6M); THE GENERAL HOSPITAL CORPORATION ($17.0M); DUKE UNIVERSITY ($15.9M),,0.0,0.7423913376170788,1.0025165632044832,mostly universities,False
a78092c5-6cca-4d8f-adfb-dc268355b574,Institutional Mentored Career Development Award (Parent K12) (Clinical Trials Not Allowed),93.113;93.121;93.279;93.310;93.313;93.847;93.853;93.859;93.865;93.867;93.T21;93.THR,48657347595.18,0.0,37511682164.07001,1957656.0699999998,65163360.88,7149405150.639999,0.0,0.0,0.0,,"ICAHN SCHOOL OF MEDICINE AT MOUNT SINAI ($73.2M); THE TRUSTEES OF COLUMBIA UNIVERSITY IN THE CITY OF NEW YORK ($64.4M); UNIVERSITY OF NORTH CAROLINA AT CHAPEL HILL ($57.1M) | REGENTS OF THE UNIVERSITY OF MICHIGAN ($71.4M); REGENTS OF THE UNIVERSITY OF CALIFORNIA, SAN FRANCISCO, THE ($64.3M); UNIVERSITY OF SOUTHERN CALIFORNIA ($62.6M) | YALE UNIV ($242.7M); THE JOHNS HOPKINS UNIVERSITY ($216.1M); U",not a standard assistance listing number,0.0,0.7709356144145004,0.9192487988410364,mostly universities,False
a7c7c619-278d-49c9-8e15-a350e8573830,NIDCD Mentored Career Development Award for Postdoctorate Au.D./Ph.D. Audiologists (K01 Clinical Trial Required),93.173,1663121320.76,0.0,1359375084.86,0.0,0.0,270923269.94,0.0,0.0,0.0,,THE JOHNS HOPKINS UNIVERSITY ($66.5M); MASSACHUSETTS EYE AND EAR INFIRMARY ($63.7M); THE UNIVERSITY OF IOWA ($40.8M),,0.0,0.8173637532581228,0.9802642383629591,mostly universities,False
a7d210c3-a31d-4c04-a39e-6b5206dc858f,Prevention and Intervention Approaches for Fetal Alcohol Spectrum Disorders (R34 Clinical Trial Optional),93.273,1782147881.62,0.0,1457708084.539999,0.0,0.0,277980232.19,0.0,0.0,0.0,,YALE UNIV ($71.9M); UNIVERSITY OF NORTH CAROLINA AT CHAPEL HILL ($48.6M); TRUSTEES OF INDIANA UNIVERSITY ($45.7M),,0.0,0.8179501261224854,0.9739305781696588,mostly universities,False
a7d90b10-6b93-44b3-b848-78bede8db2f0,NIOSH National Center of Excellence for the Prevention of Childhood Agricultural Injury (U54),93.262,467451525.40999997,14787640.309999997,351493913.23000026,0.0,31578874.61,69536097.25999999,55000.0,578513.52,578513.52,NORTH CAROLINA DEPARTMENT OF HEALTH & HUMAN SERVICES,CITY OF NEW YORK ($31.6M); CPWR: THE CENTER FOR CONSTRUCTION RESEARCH AND TRAINING ($21.4M); THE UNIVERSITY OF IOWA ($19.2M),,0.03163459632959763,0.7519366054516696,0.9998823407412106,NC DHHS has received awards,True
a7edd98f-db02-40a6-a974-0a96fc875854,Research Project Cooperative Agreements in Aging and/or Alzheimer's disease (AD) and Alzheimer's disease-related dementias (ADRD) Research,93.866,15229489497.87,0.0,11707506336.46,0.0,9857717.91,2433575328.85,0.0,0.0,0.0,,"REGENTS OF THE UNIVERSITY OF CALIFORNIA, SAN FRANCISCO, THE ($499.5M); THE TRUSTEES OF COLUMBIA UNIVERSITY IN THE CITY OF NEW YORK ($473.8M); WASHINGTON UNIVERSITY, THE ($471.3M)",,0.0,0.7687392501303089,0.9291801530969999,mostly universities,False
a84630f2-9d3d-4a26-a95f-e716b804bf89,NCCIH Natural Product Early Phase Clinical Trial Phased Innovation Award (R61/R33 Clinical Trial Required),93.213,465483989.4,0.0,345571281.5300001,0.0,0.0,121084127.74999997,0.0,0.0,0.0,,YALE UNIV ($22.6M); THE GENERAL HOSPITAL CORPORATION ($17.0M); DUKE UNIVERSITY ($15.9M),,0.0,0.7423913376170788,1.0025165632044832,mostly universities,False
a86adccf-1577-4f68-9f2f-e9e0c5ab46f2,Translational Efforts to Advance Gene-based Therapies for Ultra-Rare Neurological and Neuromuscular Disorders (U01 - Clinical Trial Optional),93.853,7301417548.76,0.0,5703307653.840002,0.0,8115452.99,1095037634.0900006,0.0,0.0,0.0,,"THE GENERAL HOSPITAL CORPORATION ($234.6M); REGENTS OF THE UNIVERSITY OF CALIFORNIA, SAN FRANCISCO, THE ($226.7M); THE JOHNS HOPKINS UNIVERSITY ($223.1M)",,0.0,0.7811233388246087,0.9322108611739297,mostly universities,False
a89aee06-1920-406b-89e3-0ec7d640af04,Notice of Intent on Upcoming 2020 TIP Office Funding Opportunity,19.019,246394243.55,0.0,21946412.42,0.0,0.0,224447831.13000003,0.0,0.0,0.0,,INTERNATIONAL ORGANIZATION FOR MIGRATION ($44.5M); UNITED NATIONS OFFICE ON DRUGS AND CRIME ($17.0M); INTERNATIONAL JUSTICE MISSION ($15.4M),,0.0,0.0890703131039118,1.0,"mostly nonprofits, hospitals or companies",False
a8d0bab5-9426-4045-bcb5-46c2748fc511,CHEERS Open Period 2 - All Technical Areas,12.800,3127619506.15,0.0,1639559732.7100005,0.0,0.0,1343669096.6100004,0.0,0.0,0.0,,"BIOINDUSTRIAL MANUFACTURING AND DESIGN ECOSYSTEM ($521.4M); NATIONAL CENTER FOR DEFENSE MANUFACTURING AND MACHINING ($256.8M); FLEXTECH ALLIANCE, INC. ($189.0M)",,0.0,0.524219691521315,0.9538336819596896,mostly universities,False
a940c518-8df8-4df8-ad9b-e1a5c84d48eb,WaterSMART Enhancing Water Resources Projects,15.507,395874628.39,13843397.59,0.0,7903367.2,102524780.97,256761826.32999998,0.0,0.0,0.0,,"TROUT UNLIMITED, INC. ($10.8M); THE METROPOLITAN WATER DISTRICT OF SOUTHERN CALIFORNIA ($9.0M); NORTH KERN WATER STORAGE DISTRICT ($8.9M)",,0.034969145778046766,0.0,0.9625102109716943,"mostly nonprofits, hospitals or companies",False
a95a0e27-22ad-4a6c-a4e5-7c1d80eb1485,F26AS00084 Aquatic Invasive Species Grants to Great Lakes Tribes - Fiscal Year 2026 Great Lakes Restoration Initiative,15.662,126381093.26,56673221.580000006,7256115.76,1875406.34,774926.27,59801423.31,0.0,0.0,0.0,,"NATIONAL FISH AND WILDLIFE FOUNDATION ($47.6M); DEPARTMENT OF NATURAL RESOURCES ILLINOIS ($37.0M); NATURAL RESOURCES, OHIO DEPARTMENT OF, DIVISION OF WILDLIFE ($6.9M)",,0.4484311705027579,0.05741456710674445,1.0,other state agencies win this,True
a968f5d6-6f8f-49af-895d-b25227674717,Discovery of in vivo Chemical Probes for the Nervous System (R01 Clinical Trial Not Allowed),93.242;93.279;93.866;93.867,31059812436.25,0.0,23730375631.210003,0.0,15047258.23,5086747044.36,0.0,0.0,0.0,,"YALE UNIV ($308.6M); UNIVERSITY OF PITTSBURGH - OF THE COMMONWEALTH SYSTEM OF HIGHER EDUCATION ($244.2M); UNIVERSITY OF CALIFORNIA, LOS ANGELES ($186.0M) | YALE UNIV ($242.7M); THE JOHNS HOPKINS UNIVERSITY ($216.1M); UNIVERSITY OF CALIFORNIA, SAN DIEGO ($210.2M) | REGENTS OF THE UNIVERSITY OF CALIFORNIA, SAN FRANCISCO, THE ($499.5M); THE TRUSTEES OF COLUMBIA UNIVERSITY IN THE CITY OF NEW YORK ($47",,0.0,0.7640218587899201,0.9282789454372201,mostly universities,False
a97036b3-685a-4c33-8d2c-e2b6a705ca0d,U.S. Embassy Praia Ambassador’s Special Self-Help (SSH) Program,19.220,5636477.47,0.0,-11000.0,0.0,0.0,695972.59,4951504.88,0.0,0.0,,MISCELLANEOUS FOREIGN AWARDEES ($5.0M); ADRA I ANGOLA ($0.0M); TANDANA FOUNDATION INC ($0.0M),,0.0,-0.0019515734886810432,0.12152494064701726,unclear (top recipients cover too little of the money),False
a975ac4b-ca02-4d2b-8dcd-c75493f04087,Logistics Center for Precision Medicine with AI: Integrating Imaging with Multimodal Data (PRIMED-AI) (U24 Clinical Trials Not Allowed),93.310,4621186637.45,0.0,3411866036.6800003,0.0,3057218.0,973117064.68,0.0,0.0,0.0,,THE LELAND STANFORD JUNIOR UNIVERSITY ($131.6M); DUKE UNIVERSITY ($131.5M); YALE UNIV ($124.9M),,0.0,0.7383095088673349,0.9495483873772623,mostly universities,False
a98d65b7-8333-4bdc-b123-39f2f7f84ca3,MPS Mathematical Sciences Research Programs (MPS MathSci),47.049,6727369096.0,0.0,5005763263.0,0.0,0.0,1316835947.0,71509669.0,0.0,0.0,,"ASSOCIATION OF UNIVERSITIES FOR RESEARCH IN ASTRONOMY, INC. ($574.0M); ASSOCIATED UNIVERSITIES INC ($531.2M); CALIFORNIA INSTITUTE OF TECHNOLOGY ($254.7M)",,0.0,0.7440892853606557,0.9398323653386774,mostly universities,False
a9a8b77d-de7b-4cfe-aac2-7b217f908ed8,2026 National Urban and Community Forestry Challenge Cost Share Grant Program,10.675,36733476.68,15502453.51,4478634.42,0.0,268711.34,16483677.430000002,0.0,0.0,0.0,,DEPARTMENT OF NATURAL RESOURCES ILLINOIS ($4.0M); DEPARTMENT OF NATURAL RESOURCES ($2.5M); MINNESOTA DEPARTMENT OF NATURAL RESOURCES ($2.4M),,0.4220252181694662,0.12192242131108838,1.0000000005444625,other state agencies win this,True
a9bd82a0-ca19-4281-ab98-37daeca3fa46,Asthma and Allergic Diseases Cooperative Research Centers,93.855,17242464734.02,0.0,12062638314.500011,0.0,9836298.42,3962763745.0300007,0.0,0.0,0.0,,"FRED HUTCHINSON CANCER CENTER ($787.0M); DUKE UNIVERSITY ($576.9M); UNIVERSITY OF CALIFORNIA, LOS ANGELES ($576.8M)",,0.0,0.6995889799153826,0.9299852779348832,mostly universities,False
aa2857de-cd78-432b-9266-9b2919a6eb6c,Announcement of Stand Down Grants,17.805,208048963.63,1470066.42,6398.8,10678817.33,7562598.62,195647463.9800001,0.0,0.0,0.0,,VOCATIONAL REHABILITATION SPECIALISTS INC ($16.3M); VOLUNTEERS OF AMERICA OHIO & INDIANA ($9.9M); VETERANS INC ($6.1M),,0.007065963676773736,3.07562214603472e-05,1.035166632855772,"mostly nonprofits, hospitals or companies",False
aae1388d-369b-4899-be47-2b34c587b623,Accelerating Discovery through Partnered Research with All of Us to Analyze Participant Biospecimens (X01 Clinical Trial Not Allowed),93.368,88878193.19,0.0,7242050.62,0.0,0.0,81636142.57,0.0,0.0,0.0,,MAYO CLINIC ($69.2M); SCRIPPS RESEARCH INSTITUTE ($10.7M); BRIGHAM & WOMENS HOSPITAL INC ($1.3M),,0.0,0.08148287403320918,1.0,"mostly nonprofits, hospitals or companies",False
ab0cd049-b490-4b2b-ad3a-660a0a7f219b,Global Infectious Diseases Research Training Program (D43 Clinical Trial Optional),93.989,269299742.87,0.0,224151905.32000002,0.0,0.0,46411418.82000001,458618.0,0.0,0.0,,YALE UNIV ($10.7M); MAKERERE UNIVERSITY COLLEGE OF HEALTH SCIENCES ($8.3M); UNIVERSITY OF WASHINGTON ($8.1M),,0.0,0.8323509815908203,1.0046920998012612,mostly universities,False
ab5fa29f-4625-4afc-8c27-0832c7ab547d,Request for Information – University Partnership Models,12.431,2303372550.5,0.0,1740909553.2299995,0.0,0.0,488342019.1999998,0.0,0.0,0.0,,"UNIVERSITY OF MARYLAND, COLLEGE PARK ($133.9M); GENERAL DYNAMICS ROBOTIC SYSTEMS INC ($106.0M); MASSACHUSETTS INSTITUTE OF TECHNOLOGY ($84.9M)",,0.0,0.7558089345347522,0.9678206731890111,mostly universities,False
ab679839-efe7-4a8a-b172-a42c5793a160,Emerging Global Leader Award (K43 Independent Clinical Trial Required),93.113;93.172;93.173;93.233;93.242;93.279;93.313;93.398;93.837;93.838;93.839;93.840;93.853;93.866;93.989,53741838625.37,215575.61000000002,40825647422.2,2879569.0,63452195.25,9281802463.53,458618.0,0.0,0.0,,"ICAHN SCHOOL OF MEDICINE AT MOUNT SINAI ($73.2M); THE TRUSTEES OF COLUMBIA UNIVERSITY IN THE CITY OF NEW YORK ($64.4M); UNIVERSITY OF NORTH CAROLINA AT CHAPEL HILL ($57.1M) | THE LELAND STANFORD JUNIOR UNIVERSITY ($118.8M); UNIVERSITY OF WASHINGTON ($97.7M); THE BROAD INSTITUTE, INC ($94.8M) | THE JOHNS HOPKINS UNIVERSITY ($66.5M); MASSACHUSETTS EYE AND EAR INFIRMARY ($63.7M); THE UNIVERSITY OF IO",,4.0113180999027615e-06,0.7596622755464746,0.933611474950622,mostly universities,False
ab6fa3f9-5b5d-4fdf-9f6f-1e4b8752dfcb,Health and Extreme Weather Solutions-Focused Research Hubs (U54 - Clinical Trial Optional),93.113,1715114949.74,0.0,1435295386.189999,1144693.0,7190860.0,201053474.33,0.0,0.0,0.0,,ICAHN SCHOOL OF MEDICINE AT MOUNT SINAI ($73.2M); THE TRUSTEES OF COLUMBIA UNIVERSITY IN THE CITY OF NEW YORK ($64.4M); UNIVERSITY OF NORTH CAROLINA AT CHAPEL HILL ($57.1M),,0.0,0.8368508398854434,0.9589353843422112,mostly universities,False
abd15dbe-3891-47eb-b1e1-31c03f8ea731,NHLBI Clinical Trial Pilot Studies (R34 Clinical Trial Optional),93.233;93.837;93.838;93.839;93.840,11888355597.69,215575.61000000002,8800651331.629995,558986.0,27191929.69,2221105805.2699995,0.0,0.0,0.0,,"BRIGHAM & WOMENS HOSPITAL INC ($302.8M); TRUSTEES OF THE UNIVERSITY OF PENNSYLVANIA, THE ($298.7M); REGENTS OF THE UNIVERSITY OF MICHIGAN ($288.2M) | THE REGENTS OF THE UNIVERSITY OF COLORADO ($1.5M); INDIANA DEPARTMENT OF HEALTH ($0.6M); MINNESOTA DEPARTMENT OF HEALTH ($0.4M)",,1.8133341337963344e-05,0.740274906761708,0.9294576981148714,mostly universities,False
ac3712db-ed37-4921-b138-2ecb98ab0ada,NEI Center Core Grant for Vision Research (P30 Clinical Trial Not Allowed),93.867,2746084071.1800003,0.0,2270607054.3100004,0.0,5189540.32,363231100.28000015,0.0,0.0,0.0,,"THE JOHNS HOPKINS UNIVERSITY ($112.9M); THE LELAND STANFORD JUNIOR UNIVERSITY ($80.4M); REGENTS OF THE UNIVERSITY OF CALIFORNIA, SAN FRANCISCO, THE ($73.8M)",,0.0,0.8268527093324983,0.9610148948484315,mostly universities,False
ac5709b0-e4ba-4653-a2b9-2087cb1c9b42,Notice of Intent:  Program to End Modern Slavery FY 2023,19.019,246394243.55,0.0,21946412.42,0.0,0.0,224447831.13000003,0.0,0.0,0.0,,INTERNATIONAL ORGANIZATION FOR MIGRATION ($44.5M); UNITED NATIONS OFFICE ON DRUGS AND CRIME ($17.0M); INTERNATIONAL JUSTICE MISSION ($15.4M),,0.0,0.0890703131039118,1.0,"mostly nonprofits, hospitals or companies",False
ac8b189e-988c-4dc5-a0cb-1dd7633bd640,"Animal Food Regulatory Program Standards Implementation Development and Maintenance, with Mutual Reliance Initiatives Clinical Trials Not Allowed",93.103,978131651.19,204231952.81000003,317394711.29,6344842.82,13208169.0,393879205.75999993,0.0,0.0,6880186.38,NORTH CAROLINA DEPARTMENT OF AGRICULTURE & CONSUMER SERVICES,THE CRITICAL PATH INSTITUTE ($79.1M); NATIONAL ENVIRONMENTAL HEALTH ASSOCIATION ($44.4M); THE MEDICAL DEVICE INNOVATION CONSORTIUM ($42.6M),,0.2087980207587909,0.3244907890505904,0.9559642411554747,mixed recipients (some state agencies),False
acab0368-18be-4f5d-8d14-9761df88abdc,ancient DNA for Modern Genomics (aDMG) Data Generation and Resource Center,93.172,1744531538.97,0.0,1235774918.2100003,1175890.0,1503596.0,492556536.87,0.0,0.0,0.0,,"THE LELAND STANFORD JUNIOR UNIVERSITY ($118.8M); UNIVERSITY OF WASHINGTON ($97.7M); THE BROAD INSTITUTE, INC ($94.8M)",,0.0,0.7083706373916415,0.9922497257355505,mostly universities,False
acb0d3ed-3dea-4b0f-a64c-fdf81d55de6b,"Clinical Trial Readiness for Rare Diseases, Disorders, and Syndromes (R21 Clinical Trial Not Allowed)",93.350;93.865,7334539604.29,0.0,5800825088.409998,0.0,0.0,1147795024.6,0.0,0.0,0.0,,VANDERBILT UNIVERSITY MEDICAL CENTER ($81.9M); UNIVERSITY OF PITTSBURGH - OF THE COMMONWEALTH SYSTEM OF HIGHER EDUCATION ($79.6M); UNIVERSITY OF NORTH CAROLINA AT CHAPEL HILL ($60.0M) | REGENTS OF THE UNIVERSITY OF MICHIGAN ($145.9M); THE JOHNS HOPKINS UNIVERSITY ($122.6M); UNIVERSITY OF WASHINGTON ($109.8M),,0.0,0.7908915080391785,0.9473832698300142,mostly universities,False
ad2e3bf2-1326-4c49-945c-8f882426c387,"Arctic Doctoral Dissertation Research Improvement Grants (Arctic DDRIG)  Arctic Social Sciences, Arctic System Sciences, and Arctic Observing Network",47.050,4267308537.0,0.0,3152349973.0,0.0,0.0,938761319.0,14427929.0,0.0,0.0,,UNIVERSITY CORPORATION FOR ATMOSPHERIC RESEARCH ($587.8M); WOODS HOLE OCEANOGRAPHIC INSTITUTION ($497.0M); TEXAS A & M RESEARCH FOUNDATION ($228.6M),,0.0,0.7387208929627016,0.9587099823056455,mostly universities,False
ad915364-00bf-4782-8a03-4852d074f6e8,Advancing Research on the Application of Digital Health Technology to the Management of Type 2 Diabetes (R01- Clinical Trail Required),93.847,7801990499.05,0.0,5868063966.9,0.0,40709921.57,1426874242.5900002,0.0,0.0,0.0,,"REGENTS OF THE UNIVERSITY OF MICHIGAN ($278.9M); TRUSTEES OF THE UNIVERSITY OF PENNSYLVANIA, THE ($222.1M); WASHINGTON UNIVERSITY, THE ($189.5M)",,0.0,0.7521239570356458,0.9402277703303042,mostly universities,False
adb29b42-c398-4a67-a265-40692684dc55,"DoW Traumatic Brain Injury and Psychological Health, Health Services Research Award",12.420,5640094062.21,0.0,3068370069.44,0.0,22619849.59,1893474804.760001,0.0,0.0,0.0,,"THE HENRY M. JACKSON FOUNDATION FOR THE ADVANCEMENT OF MILITARY MEDICINE, INC. ($420.3M); THE UNIVERISTY OF TEXAS M.D. ANDERSON CANCER CENTER ($150.0M); THE JOHNS HOPKINS UNIVERSITY ($136.4M)",,0.0,0.5440281732176817,0.8837556020895334,mostly universities,False
ae5e8da1-f514-44cc-a388-b50fb9e9a505,NASA Innovative Advanced Concepts (NIAC) Phase II,43.012,259178389.42000002,0.0,207104818.59999993,0.0,763180.07,51795841.53000001,0.0,0.0,0.0,,GEORGIA TECH RESEARCH CORP ($22.7M); THE REGENTS OF THE UNIVERSITY OF COLORADO ($19.3M); UNIVERSITY OF TEXAS AT AUSTIN ($17.7M),,0.0,0.7990821266521008,1.0018730372585702,mostly universities,False
ae66f504-4d1d-4b33-9f3d-23e8e588f71b,Arctic Research Opportunities,47.050,4267308537.0,0.0,3152349973.0,0.0,0.0,938761319.0,14427929.0,0.0,0.0,,UNIVERSITY CORPORATION FOR ATMOSPHERIC RESEARCH ($587.8M); WOODS HOLE OCEANOGRAPHIC INSTITUTION ($497.0M); TEXAS A & M RESEARCH FOUNDATION ($228.6M),,0.0,0.7387208929627016,0.9587099823056455,mostly universities,False
aeb92aa0-a323-4b96-aa21-0250c6c37a24,Efficient and Innovative Natural History Studies Addressing Unmet Needs in Rare Diseases (R01 Clinical Trials Optional),93.103,978131651.19,204231952.81000003,317394711.29,6344842.82,13208169.0,393879205.75999993,0.0,0.0,6880186.38,NORTH CAROLINA DEPARTMENT OF AGRICULTURE & CONSUMER SERVICES,THE CRITICAL PATH INSTITUTE ($79.1M); NATIONAL ENVIRONMENTAL HEALTH ASSOCIATION ($44.4M); THE MEDICAL DEVICE INNOVATION CONSORTIUM ($42.6M),,0.2087980207587909,0.3244907890505904,0.9559642411554747,mixed recipients (some state agencies),False
aec299fc-ac56-43f0-b947-521bb8699893,Embassy Belgrade PAS - University Partnership,19.900,151470737.13,0.0,13981411.920000002,394220.0,360000.0,103776852.72,20207298.17,0.0,0.0,,"AMERICAN COUNCILS FOR INTERNATIONAL EDUCATION: ACTR/ACCELS, INC. ($32.5M); MISCELLANEOUS FOREIGN AWARDEES ($20.2M); WORLD LEARNING INC. ($4.7M)",,0.0,0.092304376309996,0.7824117508472047,"mostly nonprofits, hospitals or companies",False
af354c83-4514-4b6e-8a6b-079b8ffabb59,"DoW Spinal Cord Injury, Clinical Translation Research Award",12.420,5640094062.21,0.0,3068370069.44,0.0,22619849.59,1893474804.760001,0.0,0.0,0.0,,"THE HENRY M. JACKSON FOUNDATION FOR THE ADVANCEMENT OF MILITARY MEDICINE, INC. ($420.3M); THE UNIVERISTY OF TEXAS M.D. ANDERSON CANCER CENTER ($150.0M); THE JOHNS HOPKINS UNIVERSITY ($136.4M)",,0.0,0.5440281732176817,0.8837556020895334,mostly universities,False
af6f6c91-f640-4744-a92c-b32fa0e22865,STARBASE Wright Patt,12.800,3127619506.15,0.0,1639559732.7100005,0.0,0.0,1343669096.6100004,0.0,0.0,0.0,,"BIOINDUSTRIAL MANUFACTURING AND DESIGN ECOSYSTEM ($521.4M); NATIONAL CENTER FOR DEFENSE MANUFACTURING AND MACHINING ($256.8M); FLEXTECH ALLIANCE, INC. ($189.0M)",,0.0,0.524219691521315,0.9538336819596896,mostly universities,False
af9f36de-ad12-4609-b1cc-54f8ca90ca4d,Limited Competition: Institutional Mentored Research Career Development Program for the Clinical and Translational Science Awards Program,93.350,2413260512.71,0.0,2177769794.8499985,0.0,0.0,234321018.16000003,0.0,0.0,0.0,,VANDERBILT UNIVERSITY MEDICAL CENTER ($81.9M); UNIVERSITY OF PITTSBURGH - OF THE COMMONWEALTH SYSTEM OF HIGHER EDUCATION ($79.6M); UNIVERSITY OF NORTH CAROLINA AT CHAPEL HILL ($60.0M),,0.0,0.9024180287955922,0.9995153031784836,mostly universities,False
afb03ca4-ddb4-4fee-8813-c19520fb09ab,Notice of Intent to Publish a Funding Opportunity Announcement for Impact of Technology and Digital Media Exposure Usage on Child and Adolescent Development,93.865,4921279091.58,0.0,3623055293.56,0.0,0.0,913474006.4399998,0.0,0.0,0.0,,REGENTS OF THE UNIVERSITY OF MICHIGAN ($145.9M); THE JOHNS HOPKINS UNIVERSITY ($122.6M); UNIVERSITY OF WASHINGTON ($109.8M),,0.0,0.736201956064394,0.921819148148236,mostly universities,False
afc00d6c-1c46-41b9-bf6a-49e00362e143,Network of the National Library of Medicine Training Center (U24 Clinical Trial Not Allowed),93.879,286763082.1,0.0,246189541.61999997,0.0,1757800.0,38815740.480000004,0.0,0.0,0.0,,THE LELAND STANFORD JUNIOR UNIVERSITY ($17.3M); YALE UNIV ($11.9M); UNIVERSITY OF WASHINGTON ($11.5M),,0.0,0.8585119807512348,0.9999999999999998,mostly universities,False
afcdeb32-6988-444d-8b2d-c9aa8bcd9790,Expanding Global Health Security through local partnerships in Senegal,93.318,800719163.77,0.0,120532829.8,6970522.0,13803314.0,664832940.8499999,0.0,0.0,0.0,,"WORLD HEALTH ORGANIZATION ($88.4M); THE TASK FORCE FOR GLOBAL HEALTH, INC. ($83.2M); AFRICAN FIELD EPIDEMIOLOGY NETWORK LTD ($79.4M)",,0.0,0.15053071695261944,1.006769468154701,"mostly nonprofits, hospitals or companies",False
b01d0f63-1162-4786-beaa-c4a11d07502f,Structure and Physics of the Solid Earth,47.050,4267308537.0,0.0,3152349973.0,0.0,0.0,938761319.0,14427929.0,0.0,0.0,,UNIVERSITY CORPORATION FOR ATMOSPHERIC RESEARCH ($587.8M); WOODS HOLE OCEANOGRAPHIC INSTITUTION ($497.0M); TEXAS A & M RESEARCH FOUNDATION ($228.6M),,0.0,0.7387208929627016,0.9587099823056455,mostly universities,False
b02912bb-0c85-4a16-9fa4-414a788554ec,Healthy Lifestyles in Youth,93.00K,0.0,0.0,0.0,0.0,0.0,0.0,0.0,0.0,0.0,,,not a standard assistance listing number,0.0,0.0,0.0,unknown (API error or non-standard listing),False
b08f815b-a840-48cb-bd2e-62caa8fd5482,Feasibility Studies to Inform the Design of Future Clinical Trials,93.213,465483989.4,0.0,345571281.5300001,0.0,0.0,121084127.74999997,0.0,0.0,0.0,,YALE UNIV ($22.6M); THE GENERAL HOSPITAL CORPORATION ($17.0M); DUKE UNIVERSITY ($15.9M),,0.0,0.7423913376170788,1.0025165632044832,mostly universities,False
b0a479a6-91de-4bb1-87ff-913e7c25d10c,U.S. Embassy The Hague PD Annual Program Statement,19.040,257210709.31,0.0,18981816.92,765922.7,0.0,121256439.30999996,40952578.09,0.0,0.0,,MISCELLANEOUS FOREIGN AWARDEES ($41.0M); INDIVIDUAL RECIPIENT ($19.5M); MERIDIAN INTERNATIONAL CENTER ($4.4M),,0.0,0.07379870368120016,0.5482049301456434,mixed recipients (no state agencies),False
b0e57916-acbd-4700-b92c-4a4a81367e92,"DoW Orthopaedic, Applied Research Award",12.420,5640094062.21,0.0,3068370069.44,0.0,22619849.59,1893474804.760001,0.0,0.0,0.0,,"THE HENRY M. JACKSON FOUNDATION FOR THE ADVANCEMENT OF MILITARY MEDICINE, INC. ($420.3M); THE UNIVERISTY OF TEXAS M.D. ANDERSON CANCER CENTER ($150.0M); THE JOHNS HOPKINS UNIVERSITY ($136.4M)",,0.0,0.5440281732176817,0.8837556020895334,mostly universities,False
b0ee3f1a-589d-46e6-8447-74d6a4b9c2ef,Academic Research Enhancement Award (AREA) for Undergraduate-Focused Institutions (R15 Clinical Trial Required),93.172;93.173;93.233;93.242;93.273;93.279;93.361;93.393;93.394;93.395;93.396;93.399;93.837;93.838;93.839;93.840;93.865;93.866;93.867,67560257670.560005,215575.61000000002,49353771092.33999,9036346.0,205487285.55,13900915953.2,0.0,0.0,0.0,,"THE LELAND STANFORD JUNIOR UNIVERSITY ($118.8M); UNIVERSITY OF WASHINGTON ($97.7M); THE BROAD INSTITUTE, INC ($94.8M) | THE JOHNS HOPKINS UNIVERSITY ($66.5M); MASSACHUSETTS EYE AND EAR INFIRMARY ($63.7M); THE UNIVERSITY OF IOWA ($40.8M) | YALE UNIV ($308.6M); UNIVERSITY OF PITTSBURGH - OF THE COMMONWEALTH SYSTEM OF HIGHER EDUCATION ($244.2M); UNIVERSITY OF CALIFORNIA, LOS ANGELES ($186.0M) | YALE ",,3.1908642363562067e-06,0.7305148439930587,0.9394491442319849,mostly universities,False
b0ee7315-3f38-4234-aa95-f51e12ac9978,U.S. Department of Justice FY26 Coordinated Tribal Assistance Solicitation Notice of Funding Opportunity,16.043;16.583;16.585;16.596;16.710;16.731,2599357708.23,237493128.38000003,73129608.08,229223167.33999997,721297641.92,266985795.75,0.0,0.0,16684159.0,JUDICIARY COURTS OF THE STATE OF NORTH CAROLINA; NORTH CAROLINA DEPARTMENT OF PUBLIC SAFETY; NORTH CAROLINA STATE BUREAU OF INVESTIGATION; STATE OF NORTH CAROLINA DEPT OF JUSTICE,"JUDICIARY COURTS OF STATE OF KANSAS ($4.5M); AMERICAN UNIVERSITY ($3.8M); ALL RISE FOR JUSTICE ($3.2M) | RED LAKE BAND OF CHIPPEWA INDIANS ($0.5M); SWINOMISH INDIAN TRIBAL COMMUNITY ($0.5M); ALASKA NATIVE JUSTICE CENTER, INC ($0.5M) | ALL RISE FOR JUSTICE ($25.9M); UNIFIED COURT SYSTEM OF NEW YORK STATE ($12.1M); JUSTICE INNOVATION INC. ($10.4M) | FOND DU LAC RESERVATION ($3.3M); CHICKALOON NATIVE",,0.09136608156240181,0.02813372236089687,0.5878872833206786,mixed recipients (some state agencies),False
b1489614-88c5-4534-a1ef-ffafdd1ba9d0,FY26 DEFENSE ESTABLISHED PROGRAM TO STIMULATE COMPETITIVE RESEARCH (DEPSCoR) – RESEARCH COLLABORATION (RC),12.431,2303372550.5,0.0,1740909553.2299995,0.0,0.0,488342019.1999998,0.0,0.0,0.0,,"UNIVERSITY OF MARYLAND, COLLEGE PARK ($133.9M); GENERAL DYNAMICS ROBOTIC SYSTEMS INC ($106.0M); MASSACHUSETTS INSTITUTE OF TECHNOLOGY ($84.9M)",,0.0,0.7558089345347522,0.9678206731890111,mostly universities,False
b1494dba-7b03-40d8-8787-04576f3b5f13,Cancer Center Support Grants (CCSGs) for NCI-designated Cancer Centers (P30 Clinical Trial Optional),93.397,2324908872.2799997,0.0,1628356035.28,230556.57,24119520.67,672202759.7700001,0.0,0.0,0.0,,"SLOAN-KETTERING INSTITUTE FOR CANCER RESEARCH ($117.0M); THE UNIVERISTY OF TEXAS M.D. ANDERSON CANCER CENTER ($104.3M); DANA-FARBER CANCER INSTITUTE, INC. ($102.7M)",,0.0,0.7003956390269602,1.0000000000043014,mostly universities,False
b14b3c3b-fdee-4eac-a25f-1d3046b063af,Research Infrastructure in the Social and Behavioral Sciences,47.075,843974005.0,0.0,705744304.0,0.0,0.0,76586867.0,10961722.0,0.0,0.0,,REGENTS OF THE UNIVERSITY OF MICHIGAN ($99.6M); NATIONAL BUREAU OF ECONOMIC RESEARCH INC ($29.0M); NATIONAL OPINION RESEARCH CENTER ($18.9M),,0.0,0.8362156888943517,0.9269612172474435,mostly universities,False
b14f024d-b4ee-4c78-b599-18a3c69c0e00,Engineering Biological and Biomedical Systems (EBBS),47.041,3232868977.0,0.0,2788913637.0,0.0,0.0,193471652.0,0.0,0.0,0.0,,PURDUE UNIVERSITY ($81.2M); REGENTS OF THE UNIVERSITY OF MICHIGAN ($81.1M); GEORGIA TECH RESEARCH CORP ($80.6M),,0.0,0.8626745026914217,0.9225196907817647,mostly universities,False
b15b4cd0-da35-4c68-b71c-ae3501bbb2b9,Shared Instrumentation Grant (SIG) Program (S10 Clinical Trial Not Allowed),93.310;93.351;93.855;93.859;93.866;93.867,53027893515.4,0.0,39919832165.250015,0.0,27940774.65,8874885945.130001,0.0,0.0,0.0,,"THE LELAND STANFORD JUNIOR UNIVERSITY ($131.6M); DUKE UNIVERSITY ($131.5M); YALE UNIV ($124.9M) | UNIVERSITY OF CALIFORNIA, DAVIS ($82.0M); OREGON HEALTH & SCIENCE UNIVERSITY ($72.4M); UNIVERSITY OF WASHINGTON ($63.7M) | FRED HUTCHINSON CANCER CENTER ($787.0M); DUKE UNIVERSITY ($576.9M); UNIVERSITY OF CALIFORNIA, LOS ANGELES ($576.8M) | THE LELAND STANFORD JUNIOR UNIVERSITY ($235.0M); REGENTS OF T",,0.0,0.752808182992537,0.9206976866024532,mostly universities,False
b18997d8-b1fd-4f6c-95cb-7e7b60dde1fe,"Screening, Brief Intervention and Referral to Treatment or Prevention (SBIRT/P) for alcohol, tobacco, and other drugs (ATOD) use and misuse in adult populations that experience health disparities (R01, Clinical Trial Required)",93.121;93.273;93.279;93.307;93.313;93.399,11635875180.99,0.0,8790821155.929998,2717375.4299999997,2165161.0,2155914460.2599998,0.0,0.0,0.0,,"REGENTS OF THE UNIVERSITY OF MICHIGAN ($71.4M); REGENTS OF THE UNIVERSITY OF CALIFORNIA, SAN FRANCISCO, THE ($64.3M); UNIVERSITY OF SOUTHERN CALIFORNIA ($62.6M) | YALE UNIV ($71.9M); UNIVERSITY OF NORTH CAROLINA AT CHAPEL HILL ($48.6M); TRUSTEES OF INDIANA UNIVERSITY ($45.7M) | YALE UNIV ($242.7M); THE JOHNS HOPKINS UNIVERSITY ($216.1M); UNIVERSITY OF CALIFORNIA, SAN DIEGO ($210.2M) | THE JOHNS HO",,0.0,0.7554929061366968,0.9411941931546414,mostly universities,False
b19c89bb-baf4-4121-a24f-28891f9b1111,Novel Approaches to Advance Precision Aging and Cognitive Health,93.866,15229489497.87,0.0,11707506336.46,0.0,9857717.91,2433575328.85,0.0,0.0,0.0,,"REGENTS OF THE UNIVERSITY OF CALIFORNIA, SAN FRANCISCO, THE ($499.5M); THE TRUSTEES OF COLUMBIA UNIVERSITY IN THE CITY OF NEW YORK ($473.8M); WASHINGTON UNIVERSITY, THE ($471.3M)",,0.0,0.7687392501303089,0.9291801530969999,mostly universities,False
b1a490a3-f0c4-4734-b8b8-7cdf6cada9cf,FAIR HOUSING INITIATIVES PROGRAM PRIVATE ENFORCEMENT INITIATIVE,14.418,168440734.33,0.0,1847218.67,1761036.0,6924018.45,157908461.20999998,0.0,0.0,0.0,,"LEGAL AID SERVICES OF OKLAHOMA, INC. ($2.0M); BROOKLYN LEGAL SERVICES, INC. ($2.0M); COMMUNITY LEGAL AID INC. ($2.0M)",,0.0,0.01096657929774296,0.9999999999999998,"mostly nonprofits, hospitals or companies",False
b20006cd-aff4-452c-8cca-27766c86a220,Supporting Implementation of the Labor Provisions of Trade Arrangements for American Worker Competitiveness,17.401,290139979.87,0.0,-1031.92,0.0,0.0,290141011.79,0.0,0.0,0.0,,INTERNATIONAL LABOR ORGANIZATION ($110.6M); AMERICAN CENTER FOR INTERNATIONAL LABOR SOLIDARITY ($55.6M); AMERICAN INSTITUTES FOR RESEARCH IN THE BEHAVIORAL SCIENCES ($27.3M),,0.0,-3.5566280815982743e-06,1.0,"mostly nonprofits, hospitals or companies",False
b2b577a9-12ef-4005-b962-2d3922b922bf,Catalyze Product Definition  Medical Device prototype design/testing and disease target identification and assay development (R61/R33 - Clinical Trial Not Allowed),93.233;93.837;93.838;93.839,11885078123.09,0.0,8798997666.559996,0.0,26852110.46,2220596376.5799994,0.0,0.0,0.0,,"BRIGHAM & WOMENS HOSPITAL INC ($302.8M); TRUSTEES OF THE UNIVERSITY OF PENNSYLVANIA, THE ($298.7M); REGENTS OF THE UNIVERSITY OF MICHIGAN ($288.2M)",,0.0,0.7403399098795612,0.929438245099901,mostly universities,False
b2c6980b-352b-469e-b48e-807b1019329f,NIOSH Miner Safety and Health Training Program - Western United States – U60,93.262,467451525.40999997,14787640.309999997,351493913.23000026,0.0,31578874.61,69536097.25999999,55000.0,578513.52,578513.52,NORTH CAROLINA DEPARTMENT OF HEALTH & HUMAN SERVICES,CITY OF NEW YORK ($31.6M); CPWR: THE CENTER FOR CONSTRUCTION RESEARCH AND TRAINING ($21.4M); THE UNIVERSITY OF IOWA ($19.2M),,0.03163459632959763,0.7519366054516696,0.9998823407412106,NC DHHS has received awards,True
b2df416d-b6cd-4412-bb34-6984d8a9f8b4,BRAIN Initiative: Brain Behavior Quantification and Synchronization- Next Generation Sensor Technology Development (U01 Clinical Trial Optional),93.173;93.213;93.242;93.273;93.286;93.853;93.865;93.866;93.867,42618440670.670006,0.0,32949895037.760006,0.0,23162711.22,7007008516.42,0.0,0.0,0.0,,"THE JOHNS HOPKINS UNIVERSITY ($66.5M); MASSACHUSETTS EYE AND EAR INFIRMARY ($63.7M); THE UNIVERSITY OF IOWA ($40.8M) | YALE UNIV ($22.6M); THE GENERAL HOSPITAL CORPORATION ($17.0M); DUKE UNIVERSITY ($15.9M) | YALE UNIV ($308.6M); UNIVERSITY OF PITTSBURGH - OF THE COMMONWEALTH SYSTEM OF HIGHER EDUCATION ($244.2M); UNIVERSITY OF CALIFORNIA, LOS ANGELES ($186.0M) | YALE UNIV ($71.9M); UNIVERSITY OF N",,0.0,0.773137039254374,0.9380931267369028,mostly universities,False
b3050431-1e08-4019-93ff-ee83b69abe98,NEI Collaborative Clinical Vision Research (UG1 - Clinical Trial Optional),93.867,2746084071.1800003,0.0,2270607054.3100004,0.0,5189540.32,363231100.28000015,0.0,0.0,0.0,,"THE JOHNS HOPKINS UNIVERSITY ($112.9M); THE LELAND STANFORD JUNIOR UNIVERSITY ($80.4M); REGENTS OF THE UNIVERSITY OF CALIFORNIA, SAN FRANCISCO, THE ($73.8M)",,0.0,0.8268527093324983,0.9610148948484315,mostly universities,False
b307f2ac-767d-4715-be92-f5326db2cd9d,National Center for Construction Safety and Health Research and Translation (U54),93.262,467451525.40999997,14787640.309999997,351493913.23000026,0.0,31578874.61,69536097.25999999,55000.0,578513.52,578513.52,NORTH CAROLINA DEPARTMENT OF HEALTH & HUMAN SERVICES,CITY OF NEW YORK ($31.6M); CPWR: THE CENTER FOR CONSTRUCTION RESEARCH AND TRAINING ($21.4M); THE UNIVERSITY OF IOWA ($19.2M),,0.03163459632959763,0.7519366054516696,0.9998823407412106,NC DHHS has received awards,True
b3577f33-eee0-49fb-aeba-2ea0b02fe59e,Expanded Surveillance for Pediatric Infectious Diseases,93.083,31861532.37,1436368.0,-581855.12,0.0,0.0,31007019.49,0.0,0.0,0.0,,"COUNCIL OF MEDICAL SPECIA ($18.4M); POST-ACUTE AND LONG-TERM CARE MEDICAL ASSOCIATION, INC. ($5.5M); NATIONAL HEALTH LABORATORY SERVICE ($2.0M)",,0.045081573080660964,-0.01826199422058745,0.9999999999999999,"mostly nonprofits, hospitals or companies",False
b365a7b5-b32f-409f-8ae3-18386784d50a,Clinical Research Network on Antimicrobial Resistance,93.855,17242464734.02,0.0,12062638314.500011,0.0,9836298.42,3962763745.0300007,0.0,0.0,0.0,,"FRED HUTCHINSON CANCER CENTER ($787.0M); DUKE UNIVERSITY ($576.9M); UNIVERSITY OF CALIFORNIA, LOS ANGELES ($576.8M)",,0.0,0.6995889799153826,0.9299852779348832,mostly universities,False
b44a8dff-ef17-4fc5-8f00-2526c8cce87f,Cooperative Agreement for Long Term Data Collection on Antimicrobial Use in Animals (U01) Clinical Trial Not Allowed,93.103,978131651.19,204231952.81000003,317394711.29,6344842.82,13208169.0,393879205.75999993,0.0,0.0,6880186.38,NORTH CAROLINA DEPARTMENT OF AGRICULTURE & CONSUMER SERVICES,THE CRITICAL PATH INSTITUTE ($79.1M); NATIONAL ENVIRONMENTAL HEALTH ASSOCIATION ($44.4M); THE MEDICAL DEVICE INNOVATION CONSORTIUM ($42.6M),,0.2087980207587909,0.3244907890505904,0.9559642411554747,mixed recipients (some state agencies),False
b5365cea-b07c-4e8d-8313-e23ab0fd3766,FY 2025 EDA Public Works and Economic Adjustment Assistance Programs,11.300;11.307,4107217149.81,391875468.72999996,648011512.65,68845053.0,630132293.98,991116011.07,0.0,0.0,0.0,,YUROK ECONOMIC DEVELOPMENT CORP ($6.0M); COUNTY OF GRENADA ($5.4M); ATHENS COUNTY PORT AUTHORITY ($5.0M) | THE RESEARCH FOUNDATION FOR THE STATE UNIVERSITY OF NEW YORK ($65.8M); WICHITA STATE UNIVERSITY ($53.0M); THE SOUTHEAST CONFERENCE ($49.5M),,0.09541143173988942,0.15777386220740167,0.664678842109989,mixed recipients (some state agencies),False
b56109e1-0c63-42ea-96cb-13f4ef3a5064,Data Sharing for Demographic Research Infrastructure Program,93.865,4921279091.58,0.0,3623055293.56,0.0,0.0,913474006.4399998,0.0,0.0,0.0,,REGENTS OF THE UNIVERSITY OF MICHIGAN ($145.9M); THE JOHNS HOPKINS UNIVERSITY ($122.6M); UNIVERSITY OF WASHINGTON ($109.8M),,0.0,0.736201956064394,0.921819148148236,mostly universities,False
b59b92fd-fc9b-4355-9414-7546726446c7,Research Enhancement Award Program (REAP) for Health Professional Schools and Graduate Schools (R15 Clinical Trial Required),93.172;93.173;93.233;93.242;93.273;93.279;93.307;93.361;93.393;93.394;93.395;93.399;93.837;93.838;93.839;93.840;93.865;93.866;93.867,65762060716.03001,215575.61000000002,48424128775.12999,10940758.36,155980499.97,13102005256.890001,0.0,0.0,0.0,,"THE LELAND STANFORD JUNIOR UNIVERSITY ($118.8M); UNIVERSITY OF WASHINGTON ($97.7M); THE BROAD INSTITUTE, INC ($94.8M) | THE JOHNS HOPKINS UNIVERSITY ($66.5M); MASSACHUSETTS EYE AND EAR INFIRMARY ($63.7M); THE UNIVERSITY OF IOWA ($40.8M) | YALE UNIV ($308.6M); UNIVERSITY OF PITTSBURGH - OF THE COMMONWEALTH SYSTEM OF HIGHER EDUCATION ($244.2M); UNIVERSITY OF CALIFORNIA, LOS ANGELES ($186.0M) | YALE ",,3.2781151875834055e-06,0.7363535790679113,0.9381286138881865,mostly universities,False
b5b9d054-554e-47b1-a1ba-1e302c6e6589,"NIDA Core ""Center of Transformative Science"" Grant Program",93.279,5976314704.01,0.0,4356075983.7,0.0,0.0,1038203679.6999999,0.0,0.0,0.0,,"YALE UNIV ($242.7M); THE JOHNS HOPKINS UNIVERSITY ($216.1M); UNIVERSITY OF CALIFORNIA, SAN DIEGO ($210.2M)",,0.0,0.7288899931553389,0.9026097069119426,mostly universities,False
b5cded22-b04f-4a83-b907-8121c44a2568,Basic Research in Cancer Health Disparities (R01 Clinical Trial Not Allowed),93.393,2959662870.7,0.0,2008583928.6299999,5932664.0,25447703.72,873114092.6299998,0.0,0.0,0.0,,THE UNIVERISTY OF TEXAS M.D. ANDERSON CANCER CENTER ($89.6M); SLOAN-KETTERING INSTITUTE FOR CANCER RESEARCH ($81.9M); FRED HUTCHINSON CANCER CENTER ($73.6M),,0.0,0.6786529467644884,0.9842602067346331,mostly universities,False
b6747a33-2447-4eba-819d-29a36983a0a0,NIH Research Program Projects (Parent P01 Clinical Trial Optional),93.113;93.233;93.273;93.279;93.307;93.313;93.393;93.394;93.395;93.396;93.399;93.837;93.838;93.839;93.840;93.855;93.866;93.879,69736372967.90001,215575.61000000002,50180752299.450005,9540755.36,217358744.66,14921715729.51,0.0,0.0,0.0,,"ICAHN SCHOOL OF MEDICINE AT MOUNT SINAI ($73.2M); THE TRUSTEES OF COLUMBIA UNIVERSITY IN THE CITY OF NEW YORK ($64.4M); UNIVERSITY OF NORTH CAROLINA AT CHAPEL HILL ($57.1M) | YALE UNIV ($71.9M); UNIVERSITY OF NORTH CAROLINA AT CHAPEL HILL ($48.6M); TRUSTEES OF INDIANA UNIVERSITY ($45.7M) | YALE UNIV ($242.7M); THE JOHNS HOPKINS UNIVERSITY ($216.1M); UNIVERSITY OF CALIFORNIA, SAN DIEGO ($210.2M) | ",,3.0912936940272263e-06,0.7195778926235301,0.936807871190283,mostly universities,False
b6a413a2-36d3-43b6-a38a-c3dfaebc20c9,Opportunities for Collaborative Research at the NIH Clinical Center (U01 Clinical Trial Optional),93.313,0.0,0.0,0.0,0.0,0.0,0.0,0.0,0.0,0.0,,,,0.0,0.0,0.0,no awards found FY2022-FY2025,False
b6b700be-df44-43fe-8827-9c49b7fb5081,Established Clinician Investigator Award to Support Mentoring (KS1),93.113,1715114949.74,0.0,1435295386.189999,1144693.0,7190860.0,201053474.33,0.0,0.0,0.0,,ICAHN SCHOOL OF MEDICINE AT MOUNT SINAI ($73.2M); THE TRUSTEES OF COLUMBIA UNIVERSITY IN THE CITY OF NEW YORK ($64.4M); UNIVERSITY OF NORTH CAROLINA AT CHAPEL HILL ($57.1M),,0.0,0.8368508398854434,0.9589353843422112,mostly universities,False
b7317f5a-7b2f-4451-85b0-08a91b47c238,Multilateral Partnerships Leveraging Excellence,47.079,312011393.0,0.0,191595754.0,0.0,0.0,120585433.0,0.0,0.0,0.0,,INTERNAT HUMAN FRONTIER SCIENCE PROGRAMM ($44.8M); U.S. CIVILIAN RESEARCH AND DEVELOPMENT FOUNDATION ($40.9M); UNIVERSITY OF ILLINOIS ($15.9M),,0.0,0.6140665318589825,1.0005441916667446,mostly universities,False
b7cf3f29-1b9b-46d8-96a2-85c4bbf2ade2,Coordinating Austere Nodes through Virtualization and Analysis of Streams (CANVAS),12.800,3127619506.15,0.0,1639559732.7100005,0.0,0.0,1343669096.6100004,0.0,0.0,0.0,,"BIOINDUSTRIAL MANUFACTURING AND DESIGN ECOSYSTEM ($521.4M); NATIONAL CENTER FOR DEFENSE MANUFACTURING AND MACHINING ($256.8M); FLEXTECH ALLIANCE, INC. ($189.0M)",,0.0,0.524219691521315,0.9538336819596896,mostly universities,False
b7dcc875-4d78-4f8c-83f6-f7b1f3f761fb,Urban Indian Health Program - Education & Research,93.193,44766538.93,0.0,-8570.13,35663967.06,0.0,9111142.0,0.0,0.0,0.0,,"NATIONAL COUNCIL OF URBAN INDIAN HEALTH ($6.5M); SEATTLE INDIAN HEALTH BOARD ($2.8M); INDIAN HEALTH BOARD OF MINNEAPOLIS, INC. ($2.5M)",,0.0,-0.00019144053136207014,1.0,mostly tribal / Native organizations,False
b8454cff-6165-4d83-a1eb-a88d5e918254,NCI Pathway to Independence Award for Early-Stage Postdoctoral Researchers (K99/R00 - Independent Clinical Trial Not Allowed),93.398,846269561.51,0.0,607322565.2500002,0.0,9592638.66,231198380.13000003,0.0,0.0,0.0,,SLOAN-KETTERING INSTITUTE FOR CANCER RESEARCH ($43.7M); THE GENERAL HOSPITAL CORPORATION ($30.6M); THE UNIVERISTY OF TEXAS M.D. ANDERSON CANCER CENTER ($29.7M),,0.0,0.717646708415642,1.0021790013653689,mostly universities,False
b8708107-b111-4a75-a6b2-7189a2e15538,Pilot Hybrid Effectiveness-Implementation Trials for Mental Health Interventions (R01  Clinical Trial Required),93.242,7107924163.190001,0.0,5396186256.740001,0.0,0.0,1251736935.5299997,0.0,0.0,0.0,,"YALE UNIV ($308.6M); UNIVERSITY OF PITTSBURGH - OF THE COMMONWEALTH SYSTEM OF HIGHER EDUCATION ($244.2M); UNIVERSITY OF CALIFORNIA, LOS ANGELES ($186.0M)",,0.0,0.7591789294384114,0.9352833597603335,mostly universities,False
b8957faa-5824-4b59-b18f-3b4a69501121,Accelerating Solutions to Improve Access and Quality of Empirically-Supported Practices for Youth Mental Health (R01 Clinical Trial Optional),93.242,7107924163.190001,0.0,5396186256.740001,0.0,0.0,1251736935.5299997,0.0,0.0,0.0,,"YALE UNIV ($308.6M); UNIVERSITY OF PITTSBURGH - OF THE COMMONWEALTH SYSTEM OF HIGHER EDUCATION ($244.2M); UNIVERSITY OF CALIFORNIA, LOS ANGELES ($186.0M)",,0.0,0.7591789294384114,0.9352833597603335,mostly universities,False
b8b51aae-68fc-448a-bbca-5fbfd229a841,Manufactured Foods Flexible Funding Model (MF-FFM),93.103,978131651.19,204231952.81000003,317394711.29,6344842.82,13208169.0,393879205.75999993,0.0,0.0,6880186.38,NORTH CAROLINA DEPARTMENT OF AGRICULTURE & CONSUMER SERVICES,THE CRITICAL PATH INSTITUTE ($79.1M); NATIONAL ENVIRONMENTAL HEALTH ASSOCIATION ($44.4M); THE MEDICAL DEVICE INNOVATION CONSORTIUM ($42.6M),,0.2087980207587909,0.3244907890505904,0.9559642411554747,mixed recipients (some state agencies),False
b90a0ff5-43a7-4cc6-91a7-06111b728403,Indian Housing Block Grant Competitive Program (IHBG-COMP) for FY 2026,14.867,4568741466.11,0.0,0.0,1931266743.3600001,0.0,2347075590.98,0.0,0.0,0.0,,NAVAJO HOUSING AUTHORITY ($454.3M); CHEROKEE NATION ($184.8M); MUSCOGEE CREEK NATION ($117.0M),,0.0,0.0,0.9364378278079157,"mostly nonprofits, hospitals or companies",False
b92739e9-8690-4e79-acd3-3f246ea9bfac,LAUNCHing Leaders for Future U.S. Investments in Global Health Research (D43 Clinical Trial Optional),93.989,269299742.87,0.0,224151905.32000002,0.0,0.0,46411418.82000001,458618.0,0.0,0.0,,YALE UNIV ($10.7M); MAKERERE UNIVERSITY COLLEGE OF HEALTH SCIENCES ($8.3M); UNIVERSITY OF WASHINGTON ($8.1M),,0.0,0.8323509815908203,1.0046920998012612,mostly universities,False
b92ee363-0a5f-4ee2-868f-84b93ce7050a,Community-Partnered Nursing Research Centers (P20 Clinical Trial Optional),93.361,590238918.6800001,0.0,486961794.9500001,1368806.0,220362.99,104562810.22,0.0,0.0,0.0,,"TRUSTEES OF THE UNIVERSITY OF PENNSYLVANIA, THE ($33.2M); THE JOHNS HOPKINS UNIVERSITY ($26.0M); THE TRUSTEES OF COLUMBIA UNIVERSITY IN THE CITY OF NEW YORK ($25.0M)",,0.0,0.8250248832100616,1.004870664046399,mostly universities,False
b9304bd3-c0a4-4512-b3cb-869117adacbe,Mentored Patient-Oriented Research Career Development Award (Parent K23  Independent Clinical Trial Required),93.113;93.121;93.173;93.213;93.233;93.242;93.273;93.279;93.286;93.307;93.310;93.313;93.361;93.837;93.838;93.839;93.840;93.846;93.847;93.853;93.859;93.865;93.866,89882334805.83,215575.61000000002,69023009574.13,5789860.43,97243831.14999999,14356221467.26,0.0,0.0,0.0,,"ICAHN SCHOOL OF MEDICINE AT MOUNT SINAI ($73.2M); THE TRUSTEES OF COLUMBIA UNIVERSITY IN THE CITY OF NEW YORK ($64.4M); UNIVERSITY OF NORTH CAROLINA AT CHAPEL HILL ($57.1M) | REGENTS OF THE UNIVERSITY OF MICHIGAN ($71.4M); REGENTS OF THE UNIVERSITY OF CALIFORNIA, SAN FRANCISCO, THE ($64.3M); UNIVERSITY OF SOUTHERN CALIFORNIA ($62.6M) | THE JOHNS HOPKINS UNIVERSITY ($66.5M); MASSACHUSETTS EYE AND E",,2.3984202286878868e-06,0.7679263085815278,0.9287974159652683,mostly universities,False
b94ecba1-502d-4c59-86bc-0ce1086a0511,Improved Drug Susceptibility Testing (DST) for Mycobacteria,93.855,17242464734.02,0.0,12062638314.500011,0.0,9836298.42,3962763745.0300007,0.0,0.0,0.0,,"FRED HUTCHINSON CANCER CENTER ($787.0M); DUKE UNIVERSITY ($576.9M); UNIVERSITY OF CALIFORNIA, LOS ANGELES ($576.8M)",,0.0,0.6995889799153826,0.9299852779348832,mostly universities,False
b9bdeaa2-068f-4aa9-960a-948c0b0a9bfd,"The Home Visiting Research, Improvement, Sustainability and Evaluation Center (HV-RISE)",93.870,1748247447.69,1272183557.3399994,5982397.43,45047870.34,0.0,425033622.58000004,0.0,21067754.07,21067754.07,NORTH CAROLINA DEPARTMENT OF HEALTH & HUMAN SERVICES,"PUBLIC HEALTH, CALIFORNIA DEPARTMENT OF ($102.3M); HEALTH & HUMAN SVC COMMN TX ($82.3M); PA DEPARTMENT OF HUMAN SERVICES ($76.7M)",,0.7276907848605557,0.003421939747662541,0.9999999999999998,NC DHHS has received awards,True
b9befe54-117a-40b1-ba53-91ec6954b1c8,Family-to-Family Health Information Centers (F2F HIC),93.504,21291947.1,878612.14,2835737.19,1193688.0,0.0,16383909.77,0.0,0.0,0.0,,INDIANA FAMILY TO FAMILY INC ($0.5M); PARENT INFORMATION CENTER OF DELAWARE INC ($0.4M); TEXAS PARENT TO PARENT ($0.4M),,0.041264997319103804,0.13318355417105088,0.9999999999999998,"mostly nonprofits, hospitals or companies",False
b9c2ac9d-d8f0-45eb-9c6e-3b7446d01802,Women's Initiative for Screening and Health (WISH),93.110,1164006561.72,318147766.46,360081155.95,18944098.18,17261226.42,353277865.66999996,0.0,13147007.87,13147007.87,NORTH CAROLINA DEPARTMENT OF HEALTH & HUMAN SERVICES,"ZERO TO THREE NATIONAL CENTER FOR INFANTS, TODDLERS & FAMILIES ($44.8M); UNIVERSITY HOSPITALS CLEVELAND MEDICAL CENTER ($41.8M); CHILDREN'S NATIONAL MEDICAL CENTER ($37.2M)",,0.27332128264800104,0.30934632826976877,0.9172732764515432,NC DHHS has received awards,True
b9d7723c-cdcb-484c-b8b5-5f0b3ff1ee41,Grants for Early Medical/Surgical Specialists' Transition to Aging Research (GEMSSTAR),93.866,15229489497.87,0.0,11707506336.46,0.0,9857717.91,2433575328.85,0.0,0.0,0.0,,"REGENTS OF THE UNIVERSITY OF CALIFORNIA, SAN FRANCISCO, THE ($499.5M); THE TRUSTEES OF COLUMBIA UNIVERSITY IN THE CITY OF NEW YORK ($473.8M); WASHINGTON UNIVERSITY, THE ($471.3M)",,0.0,0.7687392501303089,0.9291801530969999,mostly universities,False
ba4cff17-e757-4899-be3c-e7b2157eb0c0,Applied Mathematics,47.049,6727369096.0,0.0,5005763263.0,0.0,0.0,1316835947.0,71509669.0,0.0,0.0,,"ASSOCIATION OF UNIVERSITIES FOR RESEARCH IN ASTRONOMY, INC. ($574.0M); ASSOCIATED UNIVERSITIES INC ($531.2M); CALIFORNIA INSTITUTE OF TECHNOLOGY ($254.7M)",,0.0,0.7440892853606557,0.9398323653386774,mostly universities,False
ba699726-91ac-405c-b9b6-d13c91085555,Development of Fiscal Year 2027 Commercial Vehicle Safety Plans to Support National Safety Goals,20.218,1827159563.46,1511501138.0799994,0.0,31543623.7,-453295.82999999996,284568097.5100001,0.0,0.0,58263758.71,NORTH CAROLINA DEPARTMENT OF PUBLIC SAFETY; NORTH CAROLINA STATE HIGHWAY PATROL,"TEXAS DEPARTMENT OF PUBLIC SAFETY ($195.1M); HIGHWAY PATROL, CALIFORNIA ($120.4M); FLORIDA DEPARTMENT OF HIGHWAY SAFETY AND MOTOR VEHICLES ($82.0M)",,0.8272409089536471,0.0,0.9999999999999998,other state agencies win this,True
ba7325bb-1f37-4b10-bfbb-61ecb8528831,Division of Environmental Biology (core programs) (DEB),47.074,3345592896.0,0.0,2465298076.0,0.0,6112845.0,489212404.0,64002226.0,0.0,694321.0,FRIENDS OF THE NORTH CAROLINA STATE MUSEUM OF NATURAL SCIENCES,BATTELLE MEMORIAL INSTITUTE ($316.2M); ARIZONA STATE UNIVERSITY ($95.2M); CORNELL UNIVERSITY ($67.2M),,0.0,0.7368792774959312,0.884932332484245,mostly universities,False
bab9ddd0-0fd0-4153-b023-115f0d286991,Cutting-Edge Basic Research Awards (CEBRA) (R21 Clinical Trial Optional),93.279,5976314704.01,0.0,4356075983.7,0.0,0.0,1038203679.6999999,0.0,0.0,0.0,,"YALE UNIV ($242.7M); THE JOHNS HOPKINS UNIVERSITY ($216.1M); UNIVERSITY OF CALIFORNIA, SAN DIEGO ($210.2M)",,0.0,0.7288899931553389,0.9026097069119426,mostly universities,False
bac51cc6-c524-4bfe-8db1-89f45418ac98,"Capacity Building for Global, Regional, and National Immunization Programs",93.318,800719163.77,0.0,120532829.8,6970522.0,13803314.0,664832940.8499999,0.0,0.0,0.0,,"WORLD HEALTH ORGANIZATION ($88.4M); THE TASK FORCE FOR GLOBAL HEALTH, INC. ($83.2M); AFRICAN FIELD EPIDEMIOLOGY NETWORK LTD ($79.4M)",,0.0,0.15053071695261944,1.006769468154701,"mostly nonprofits, hospitals or companies",False
bb15f387-fad4-4fcd-b9f8-4919a0d119c1,Strengthening Public Health Systems and Services in Indian Country,93.772,76334969.0,14244892.0,10000.0,43199350.0,6554335.0,12326392.0,0.0,1290677.0,1290677.0,NORTH CAROLINA DEPARTMENT OF HEALTH & HUMAN SERVICES,CHICKASAW NATION ($5.3M); SOUTHERN PLAINS TRIBAL HEALTH BOARD FOUNDATION ($5.2M); WABANAKI PUBLIC HEALTH & WELLNESS NPC ($5.1M),,0.1866103070009762,0.00013100155971767016,1.0,NC DHHS has received awards,True
bb3b6580-5f03-45b2-bde5-487493826c63,Accelerating Research and Development of Next Generation Malaria Vaccines Against Malaria – A Model for Mosquito-Borne Diseases,93.855,17242464734.02,0.0,12062638314.500011,0.0,9836298.42,3962763745.0300007,0.0,0.0,0.0,,"FRED HUTCHINSON CANCER CENTER ($787.0M); DUKE UNIVERSITY ($576.9M); UNIVERSITY OF CALIFORNIA, LOS ANGELES ($576.8M)",,0.0,0.6995889799153826,0.9299852779348832,mostly universities,False
bb697296-f13f-454c-bf67-a7a0077da134,Computational Approaches to Curation at Scale for Biomedical Research Assets (R01 Clinical Trial Not Allowed),93.879,286763082.1,0.0,246189541.61999997,0.0,1757800.0,38815740.480000004,0.0,0.0,0.0,,THE LELAND STANFORD JUNIOR UNIVERSITY ($17.3M); YALE UNIV ($11.9M); UNIVERSITY OF WASHINGTON ($11.5M),,0.0,0.8585119807512348,0.9999999999999998,mostly universities,False
bb9991ad-d1e7-4376-afd9-06d623254c40,Request for Information (RFI) No.  95332421K0004 - Community Engagement Services for the Solomon Islands Threshold Program,85.002,2551221184.75,0.0,1912490.73,0.0,0.0,23737545.179999992,2525571148.84,0.0,0.0,,"REDACTED DUE TO PII ($2296.4M); MISCELLANEOUS FOREIGN AWARDEES ($229.2M); AMERICAN COUNCILS FOR INTERNATIONAL EDUCATION: ACTR/ACCELS, INC. ($16.6M)",,0.0,0.0007496373663843691,0.01005402278066827,unclear (top recipients cover too little of the money),False
bbf0a18c-1e2f-45ef-acd6-980df3828974,Forecast to Renew the Notice of Funding Opportunity Announcement for the Multiple Chronic Disease Research Centers,93.307,1704951635.84,0.0,1454818367.4300005,1904412.3599999999,0.0,214651475.74999997,0.0,0.0,0.0,,THE JOHNS HOPKINS UNIVERSITY ($58.5M); THE TRUSTEES OF COLUMBIA UNIVERSITY IN THE CITY OF NEW YORK ($51.8M); UNIVERSITY OF HAWAII ($43.0M),,0.0,0.8532901091433229,0.980305963175632,mostly universities,False
bc019a76-e595-4ff2-90f1-59353aa7bb96,Life and Environments Through Time,47.050,4267308537.0,0.0,3152349973.0,0.0,0.0,938761319.0,14427929.0,0.0,0.0,,UNIVERSITY CORPORATION FOR ATMOSPHERIC RESEARCH ($587.8M); WOODS HOLE OCEANOGRAPHIC INSTITUTION ($497.0M); TEXAS A & M RESEARCH FOUNDATION ($228.6M),,0.0,0.7387208929627016,0.9587099823056455,mostly universities,False
bc31f8d1-feb3-4275-88ed-6e435b5854ae,Automated Processes for Knowledge Discovery and Information Retrieval,12.800;12.910,4300119454.63,0.0,2715038427.3900003,250000.0,0.0,1440440350.4200003,0.0,0.0,0.0,,"BIOINDUSTRIAL MANUFACTURING AND DESIGN ECOSYSTEM ($521.4M); NATIONAL CENTER FOR DEFENSE MANUFACTURING AND MACHINING ($256.8M); FLEXTECH ALLIANCE, INC. ($189.0M) | CLEMSON UNIVERSITY ($82.3M); REGENTS OF THE UNIVERSITY OF MICHIGAN ($51.8M); MASSACHUSETTS INSTITUTE OF TECHNOLOGY ($49.8M)",,0.0,0.6313867454232416,0.9664217056424951,mostly universities,False
bc336752-e518-4aef-a123-06e593fad00f,GEOSPATIAL INTELLIGENCE PROCESSING AND EXPLOITATION (GeoPEX),12.800,3127619506.15,0.0,1639559732.7100005,0.0,0.0,1343669096.6100004,0.0,0.0,0.0,,"BIOINDUSTRIAL MANUFACTURING AND DESIGN ECOSYSTEM ($521.4M); NATIONAL CENTER FOR DEFENSE MANUFACTURING AND MACHINING ($256.8M); FLEXTECH ALLIANCE, INC. ($189.0M)",,0.0,0.524219691521315,0.9538336819596896,mostly universities,False
bc768aba-aa46-47dc-990e-48ea87be8e79,Advanced Development and Sustainment of Informatics Technologies for Cancer Research and Management (U24 Clinical Trial Optional),93.393;93.394;93.395;93.396;93.399,13910770885.01,0.0,8659868953.379997,5932664.0,161524138.64,4533566247.91,0.0,0.0,0.0,,"THE UNIVERISTY OF TEXAS M.D. ANDERSON CANCER CENTER ($89.6M); SLOAN-KETTERING INSTITUTE FOR CANCER RESEARCH ($81.9M); FRED HUTCHINSON CANCER CENTER ($73.6M) | REGENTS OF THE UNIVERSITY OF CALIFORNIA, SAN FRANCISCO, THE ($91.2M); FRED HUTCHINSON CANCER CENTER ($89.9M); SLOAN-KETTERING INSTITUTE FOR CANCER RESEARCH ($76.5M) | THE UNIVERISTY OF TEXAS M.D. ANDERSON CANCER CENTER ($157.0M); ICAHN SCHOO",,0.0,0.622529766679697,0.9604709986509415,mostly universities,False
bc779217-71de-48ea-af41-d39ac6437ab2,Conformance with the Egg Regulatory Program Standards,93.103,978131651.19,204231952.81000003,317394711.29,6344842.82,13208169.0,393879205.75999993,0.0,0.0,6880186.38,NORTH CAROLINA DEPARTMENT OF AGRICULTURE & CONSUMER SERVICES,THE CRITICAL PATH INSTITUTE ($79.1M); NATIONAL ENVIRONMENTAL HEALTH ASSOCIATION ($44.4M); THE MEDICAL DEVICE INNOVATION CONSORTIUM ($42.6M),,0.2087980207587909,0.3244907890505904,0.9559642411554747,mixed recipients (some state agencies),False
bc87b9d1-ec92-44e1-bd82-43f375fa3a73,Limited Competition: NCATS Clinical and Translational Science Award (CTSA) Program Research Education Grants Programs (R25 - Clinical Trial Not Allowed),93.350,2413260512.71,0.0,2177769794.8499985,0.0,0.0,234321018.16000003,0.0,0.0,0.0,,VANDERBILT UNIVERSITY MEDICAL CENTER ($81.9M); UNIVERSITY OF PITTSBURGH - OF THE COMMONWEALTH SYSTEM OF HIGHER EDUCATION ($79.6M); UNIVERSITY OF NORTH CAROLINA AT CHAPEL HILL ($60.0M),,0.0,0.9024180287955922,0.9995153031784836,mostly universities,False
bd113473-bd20-4739-95e0-51131671558a,Administrative Supplements to Existing NIH Grants and Cooperative Agreements (Parent Admin Supp Clinical Trial Optional),93.113;93.121;93.142;93.143;93.172;93.173;93.213;93.233;93.242;93.273;93.279;93.286;93.307;93.310;93.313;93.350;93.351;93.361;93.372;93.393;93.394;93.395;93.396;93.399;93.837;93.838;93.839;93.840;93.846;93.847;93.853;93.855;93.859;93.865;93.866;93.867;93.879;93.989;93.ECH,130392562887.57999,215575.61000000002,97331555918.23001,12898414.43,277055204.53,24482127683.839996,707399.0,0.0,0.0,,"ICAHN SCHOOL OF MEDICINE AT MOUNT SINAI ($73.2M); THE TRUSTEES OF COLUMBIA UNIVERSITY IN THE CITY OF NEW YORK ($64.4M); UNIVERSITY OF NORTH CAROLINA AT CHAPEL HILL ($57.1M) | REGENTS OF THE UNIVERSITY OF MICHIGAN ($71.4M); REGENTS OF THE UNIVERSITY OF CALIFORNIA, SAN FRANCISCO, THE ($64.3M); UNIVERSITY OF SOUTHERN CALIFORNIA ($62.6M) | CPWR: THE CENTER FOR CONSTRUCTION RESEARCH AND TRAINING ($25.1",not a standard assistance listing number,1.6532814849713624e-06,0.7464502097573307,0.9364326468673968,mostly universities,False
bd1b6f4b-400a-451b-9af9-14b572457e6f,Animal and Veterinary Innovation Centers (U18),93.103,978131651.19,204231952.81000003,317394711.29,6344842.82,13208169.0,393879205.75999993,0.0,0.0,6880186.38,NORTH CAROLINA DEPARTMENT OF AGRICULTURE & CONSUMER SERVICES,THE CRITICAL PATH INSTITUTE ($79.1M); NATIONAL ENVIRONMENTAL HEALTH ASSOCIATION ($44.4M); THE MEDICAL DEVICE INNOVATION CONSORTIUM ($42.6M),,0.2087980207587909,0.3244907890505904,0.9559642411554747,mixed recipients (some state agencies),False
bd451531-c875-4143-978d-9984b76eba0b,2026 Alaska Marine Education and Training Mini-Grant Program,11.455,719740.0,0.0,297340.0,0.0,0.0,422400.0,0.0,0.0,0.0,,SEA EDUCATION ASSOCIATION INC ($0.4M); UNIVERSITY OF FLORIDA ($0.2M); UNIVERSITY OF SOUTH ALABAMA ($0.1M),,0.0,0.4131214049517881,1.0,"mostly nonprofits, hospitals or companies",False
bd5d4bd5-e3f3-48e7-8016-33c79aaafd57,Child Protection Compact Annual Program Statement,19.019,246394243.55,0.0,21946412.42,0.0,0.0,224447831.13000003,0.0,0.0,0.0,,INTERNATIONAL ORGANIZATION FOR MIGRATION ($44.5M); UNITED NATIONS OFFICE ON DRUGS AND CRIME ($17.0M); INTERNATIONAL JUSTICE MISSION ($15.4M),,0.0,0.0890703131039118,1.0,"mostly nonprofits, hospitals or companies",False
bdbb2609-2eae-406f-8d65-df1d5f44c3f9,RNomics Technology Enhancement Centers,93.310,4621186637.45,0.0,3411866036.6800003,0.0,3057218.0,973117064.68,0.0,0.0,0.0,,THE LELAND STANFORD JUNIOR UNIVERSITY ($131.6M); DUKE UNIVERSITY ($131.5M); YALE UNIV ($124.9M),,0.0,0.7383095088673349,0.9495483873772623,mostly universities,False
bdd8e776-8fcc-4740-a784-2f8a95921e0a,Commercial Fishing Occupational Safety Training Project Grants (T03),93.262,467451525.40999997,14787640.309999997,351493913.23000026,0.0,31578874.61,69536097.25999999,55000.0,578513.52,578513.52,NORTH CAROLINA DEPARTMENT OF HEALTH & HUMAN SERVICES,CITY OF NEW YORK ($31.6M); CPWR: THE CENTER FOR CONSTRUCTION RESEARCH AND TRAINING ($21.4M); THE UNIVERSITY OF IOWA ($19.2M),,0.03163459632959763,0.7519366054516696,0.9998823407412106,NC DHHS has received awards,True
bdea7396-f052-4c3f-89a5-4677d3f2339a,HEAL Initiative: Integrative Management of Chronic Pain and Opioid Use Disorder (OUD) for Whole Recovery: Health Systems,93.279,5976314704.01,0.0,4356075983.7,0.0,0.0,1038203679.6999999,0.0,0.0,0.0,,"YALE UNIV ($242.7M); THE JOHNS HOPKINS UNIVERSITY ($216.1M); UNIVERSITY OF CALIFORNIA, SAN DIEGO ($210.2M)",,0.0,0.7288899931553389,0.9026097069119426,mostly universities,False
be45d1d0-0dd3-4e97-b104-00fe89bd65ce,Limited Competition for the Continuation of the National Consortium on Alcohol and Neurodevelopment in Adolescence (NCANDA) Administrative Resource (U24 Clinical Trials Optional),93.273,1782147881.62,0.0,1457708084.539999,0.0,0.0,277980232.19,0.0,0.0,0.0,,YALE UNIV ($71.9M); UNIVERSITY OF NORTH CAROLINA AT CHAPEL HILL ($48.6M); TRUSTEES OF INDIANA UNIVERSITY ($45.7M),,0.0,0.8179501261224854,0.9739305781696588,mostly universities,False
be465a8b-8694-4eef-9801-5160a92c7cdf,Ryan White HIV/AIDS Program Part B States/Territories Supplemental Grant Program,93.917,5103315650.08,3887589992.2800007,0.0,100702105.44,-102.02,1115023654.38,0.0,187626459.44,187626459.44,NORTH CAROLINA DEPARTMENT OF HEALTH & HUMAN SERVICES,"PUBLIC HEALTH, CALIFORNIA DEPARTMENT OF ($598.7M); HEALTH RESEARCH, INC. ($529.8M); FLORIDA DEPARTMENT OF HEALTH ($518.5M)",,0.7617772951628141,0.0,1.0000000000000002,NC DHHS has received awards,True
be7ad44e-fbed-483b-85a7-7a1ab154910e,NIEHS Worker Training Program’s HAZMAT Training at DOE Nuclear Weapons Complex (UH4 Clinical Trial Not Allowed),93.142,147255502.82,0.0,40237550.2,0.0,0.0,107017952.62,0.0,0.0,0.0,,CPWR: THE CENTER FOR CONSTRUCTION RESEARCH AND TRAINING ($25.1M); STEELWORKERS CHARITABLE & EDUCATIONAL ORGANIZATION ($17.6M); INTERNATIONAL BROTHERHOOD OF TEAMSTERS ($11.8M),,0.0,0.2732498917149805,1.0,"mostly nonprofits, hospitals or companies",False
beca1b75-ff01-4a57-be4c-562584cbec91,RFI - DOE Infrastructure Work Scope Development,81.121,2771866728.87,124615.0,189207390.67999995,0.0,0.0,2582534723.1900005,0.0,0.0,0.0,,"X ENERGY, LLC ($844.7M); US SFR OWNER LLC ($837.3M); CFPP LLC ($191.9M)",,4.4957067633190826e-05,0.06825991621795384,1.0000000000000002,"mostly nonprofits, hospitals or companies",False
becd2751-e070-42cc-b3a4-58bf7e681842,Interdisciplinary Research Networks to Advance Biomedical Research on Resilience and Health Optimization,93.213,465483989.4,0.0,345571281.5300001,0.0,0.0,121084127.74999997,0.0,0.0,0.0,,YALE UNIV ($22.6M); THE GENERAL HOSPITAL CORPORATION ($17.0M); DUKE UNIVERSITY ($15.9M),,0.0,0.7423913376170788,1.0025165632044832,mostly universities,False
bf898dfb-a35c-4bd9-8f8e-3da26d712b74,Minor Use Minor Species Development of Drugs (R01),93.103,978131651.19,204231952.81000003,317394711.29,6344842.82,13208169.0,393879205.75999993,0.0,0.0,6880186.38,NORTH CAROLINA DEPARTMENT OF AGRICULTURE & CONSUMER SERVICES,THE CRITICAL PATH INSTITUTE ($79.1M); NATIONAL ENVIRONMENTAL HEALTH ASSOCIATION ($44.4M); THE MEDICAL DEVICE INNOVATION CONSORTIUM ($42.6M),,0.2087980207587909,0.3244907890505904,0.9559642411554747,mixed recipients (some state agencies),False
bf8f6a45-ca5b-4bed-93b2-93efa39040a1,"DoW Spinal Cord Injury, Clinical Trial Award",12.420,5640094062.21,0.0,3068370069.44,0.0,22619849.59,1893474804.760001,0.0,0.0,0.0,,"THE HENRY M. JACKSON FOUNDATION FOR THE ADVANCEMENT OF MILITARY MEDICINE, INC. ($420.3M); THE UNIVERISTY OF TEXAS M.D. ANDERSON CANCER CENTER ($150.0M); THE JOHNS HOPKINS UNIVERSITY ($136.4M)",,0.0,0.5440281732176817,0.8837556020895334,mostly universities,False
bfdf98bd-f2ab-4070-bce9-fd7dedb57e31,A Holistic Approach to Study Non-Addictive Natural Products for Pain Management,93.473,0.0,0.0,0.0,0.0,0.0,0.0,0.0,0.0,0.0,,,,0.0,0.0,0.0,no awards found FY2022-FY2025,False
bfe162c2-81f7-4d58-9fed-3f803e44e632,"NEA Arts and Artifacts Domestic Indemnity Program 2, FY2027 (12/26)",45.201,0.0,0.0,0.0,0.0,0.0,0.0,0.0,0.0,0.0,,,,0.0,0.0,0.0,no awards found FY2022-FY2025,False
bff7d656-b162-4dd9-9f3c-33087d58a7c1,Mathematical Biology,47.049,6727369096.0,0.0,5005763263.0,0.0,0.0,1316835947.0,71509669.0,0.0,0.0,,"ASSOCIATION OF UNIVERSITIES FOR RESEARCH IN ASTRONOMY, INC. ($574.0M); ASSOCIATED UNIVERSITIES INC ($531.2M); CALIFORNIA INSTITUTE OF TECHNOLOGY ($254.7M)",,0.0,0.7440892853606557,0.9398323653386774,mostly universities,False
bfff80db-fe94-4069-b095-ea79fe5fe2c8,Mentored Quantitative Research Development Award (Parent K25 Independent Clinical Trial Not Allowed),93.113;93.121;93.172;93.173;93.233;93.273;93.279;93.286;93.310;93.313;93.398;93.837;93.838;93.839;93.840;93.846;93.847;93.855;93.859;93.865;93.866;93.867;93.879,95578431537.74002,215575.61000000002,72058696613.53,3692532.07,116787888.57,16657713986.710001,0.0,0.0,0.0,,"ICAHN SCHOOL OF MEDICINE AT MOUNT SINAI ($73.2M); THE TRUSTEES OF COLUMBIA UNIVERSITY IN THE CITY OF NEW YORK ($64.4M); UNIVERSITY OF NORTH CAROLINA AT CHAPEL HILL ($57.1M) | REGENTS OF THE UNIVERSITY OF MICHIGAN ($71.4M); REGENTS OF THE UNIVERSITY OF CALIFORNIA, SAN FRANCISCO, THE ($64.3M); UNIVERSITY OF SOUTHERN CALIFORNIA ($62.6M) | THE LELAND STANFORD JUNIOR UNIVERSITY ($118.8M); UNIVERSITY OF",,2.25548386316507e-06,0.7539221501566173,0.9294681359299337,mostly universities,False
c01ad57e-de58-4431-a31c-5762fb49578a,Career Transition Award for NINDS Intramural Clinician-Scientists (K22 Clinical Trial Not Allowed),93.853,7301417548.76,0.0,5703307653.840002,0.0,8115452.99,1095037634.0900006,0.0,0.0,0.0,,"THE GENERAL HOSPITAL CORPORATION ($234.6M); REGENTS OF THE UNIVERSITY OF CALIFORNIA, SAN FRANCISCO, THE ($226.7M); THE JOHNS HOPKINS UNIVERSITY ($223.1M)",,0.0,0.7811233388246087,0.9322108611739297,mostly universities,False
c0eb03bb-3e20-459f-850e-a8cf1e1271c1,NIH Exploratory/Developmental Research Project Grant (Parent R21 Clinical Trial Required),93.113;93.143;93.172;93.173;93.213;93.233;93.242;93.273;93.279;93.286;93.307;93.361;93.393;93.394;93.395;93.396;93.399;93.837;93.838;93.839;93.840;93.846;93.855;93.865;93.866;93.867;93.879,92713979539.23001,215575.61000000002,67861766497.79001,12085451.36,224272243.97,19122970560.779995,0.0,0.0,0.0,,"ICAHN SCHOOL OF MEDICINE AT MOUNT SINAI ($73.2M); THE TRUSTEES OF COLUMBIA UNIVERSITY IN THE CITY OF NEW YORK ($64.4M); UNIVERSITY OF NORTH CAROLINA AT CHAPEL HILL ($57.1M) | OREGON STATE UNIVERSITY ($11.5M); UNIVERSITY OF LOUISVILLE ($10.8M); THE UNIVERSITY OF IOWA ($10.3M) | THE LELAND STANFORD JUNIOR UNIVERSITY ($118.8M); UNIVERSITY OF WASHINGTON ($97.7M); THE BROAD INSTITUTE, INC ($94.8M) | TH",,2.325168341078312e-06,0.7319475103436338,0.9407568390762917,mostly universities,False
c161721b-cd02-466c-b932-7fa8fff7f848,Facilities for Atmospheric Research and Education,47.050,4267308537.0,0.0,3152349973.0,0.0,0.0,938761319.0,14427929.0,0.0,0.0,,UNIVERSITY CORPORATION FOR ATMOSPHERIC RESEARCH ($587.8M); WOODS HOLE OCEANOGRAPHIC INSTITUTION ($497.0M); TEXAS A & M RESEARCH FOUNDATION ($228.6M),,0.0,0.7387208929627016,0.9587099823056455,mostly universities,False
c1eed04a-ba67-4522-8093-b8ed07d3148a,ROSES25: A.13 Accelerating Earth Solutions,43.001,3927116561.76,0.0,2890276513.0599985,0.0,0.0,800101253.4799998,0.0,0.0,70019.0,FRIENDS OF THE NORTH CAROLINA STATE MUSEUM OF NATURAL SCIENCES,"UNIVERSITY OF MARYLAND, COLLEGE PARK ($186.3M); THE REGENTS OF THE UNIVERSITY OF COLORADO ($146.4M); THE JOHNS HOPKINS UNIVERSITY ($138.3M)",,0.0,0.7359793037985801,0.9397168911345214,mostly universities,False
c212a6ad-22b6-4397-a3fc-3c465f85a4f0,Mentored Quantitative Research Development Award (Parent K25 Independent Clinical Trial Required),93.113;93.173;93.233;93.273;93.279;93.286;93.310;93.313;93.398;93.837;93.838;93.839;93.840;93.847;93.865;93.866;93.879,58133525929.69,215575.61000000002,43959687603.30999,1703679.0,99358085.83,10306287105.949999,0.0,0.0,0.0,,ICAHN SCHOOL OF MEDICINE AT MOUNT SINAI ($73.2M); THE TRUSTEES OF COLUMBIA UNIVERSITY IN THE CITY OF NEW YORK ($64.4M); UNIVERSITY OF NORTH CAROLINA AT CHAPEL HILL ($57.1M) | THE JOHNS HOPKINS UNIVERSITY ($66.5M); MASSACHUSETTS EYE AND EAR INFIRMARY ($63.7M); THE UNIVERSITY OF IOWA ($40.8M) | YALE UNIV ($71.9M); UNIVERSITY OF NORTH CAROLINA AT CHAPEL HILL ($48.6M); TRUSTEES OF INDIANA UNIVERSITY (,,3.7082837579941295e-06,0.7561847815058963,0.9352133933086192,mostly universities,False
c223b7bc-1da4-4533-a09f-d35659e6d29b,"Computational Modeling and Analysis of the Impact of Genomic Variation on Function (UM1, Clinical Trial Not Allowed)",93.172,1744531538.97,0.0,1235774918.2100003,1175890.0,1503596.0,492556536.87,0.0,0.0,0.0,,"THE LELAND STANFORD JUNIOR UNIVERSITY ($118.8M); UNIVERSITY OF WASHINGTON ($97.7M); THE BROAD INSTITUTE, INC ($94.8M)",,0.0,0.7083706373916415,0.9922497257355505,mostly universities,False
c2500e29-7d3e-4f5a-a2fd-161fffca1b00,Division of Chemistry: Disciplinary Research Programs: No Deadline Pilot,47.049,6727369096.0,0.0,5005763263.0,0.0,0.0,1316835947.0,71509669.0,0.0,0.0,,"ASSOCIATION OF UNIVERSITIES FOR RESEARCH IN ASTRONOMY, INC. ($574.0M); ASSOCIATED UNIVERSITIES INC ($531.2M); CALIFORNIA INSTITUTE OF TECHNOLOGY ($254.7M)",,0.0,0.7440892853606557,0.9398323653386774,mostly universities,False
c25cb85c-95f8-414f-8754-79bec3d6d71e,NIGMS National and Regional Resources (R24 - Clinical Trial Not Allowed),93.859,12070484526.24,0.0,9612792260.85001,0.0,0.0,889455283.0399997,0.0,0.0,0.0,,"THE LELAND STANFORD JUNIOR UNIVERSITY ($235.0M); REGENTS OF THE UNIVERSITY OF MICHIGAN ($221.4M); UNIVERSITY OF CALIFORNIA, SAN DIEGO ($215.2M)",,0.0,0.7963882675921403,0.8700767165608966,mostly universities,False
c28e0695-f517-40da-8653-0cb40f65bc59,HIV/AIDS Clinical Trials Network Leadership and Operations Centers,93.310;93.855,21863651371.47,0.0,15474504351.180012,0.0,12893516.42,4935880809.710001,0.0,0.0,0.0,,"THE LELAND STANFORD JUNIOR UNIVERSITY ($131.6M); DUKE UNIVERSITY ($131.5M); YALE UNIV ($124.9M) | FRED HUTCHINSON CANCER CENTER ($787.0M); DUKE UNIVERSITY ($576.9M); UNIVERSITY OF CALIFORNIA, LOS ANGELES ($576.8M)",,0.0,0.7077731019518898,0.9341202130564733,mostly universities,False
c2e16709-0524-47c9-a39f-461613ada2bf,DoW Autism Career Development Award,12.420,5640094062.21,0.0,3068370069.44,0.0,22619849.59,1893474804.760001,0.0,0.0,0.0,,"THE HENRY M. JACKSON FOUNDATION FOR THE ADVANCEMENT OF MILITARY MEDICINE, INC. ($420.3M); THE UNIVERISTY OF TEXAS M.D. ANDERSON CANCER CENTER ($150.0M); THE JOHNS HOPKINS UNIVERSITY ($136.4M)",,0.0,0.5440281732176817,0.8837556020895334,mostly universities,False
c30fddfd-2094-4cf0-ba21-04b6736fc755,Fiscal Year (FY) Service Area Competition (SAC),93.224,13569529178.64,0.0,0.0,39983416.69,184853942.29,4420764918.75,0.0,9906240.86,9906240.86,NORTH CAROLINA DEPARTMENT OF HEALTH & HUMAN SERVICES,"CLINICA SIERRA VISTA ($52.4M); FAMILY HEALTH CENTERS OF SAN DIEGO INC ($51.8M); SUN RIVER HEALTH, INC. ($50.2M)",,0.0,0.0,0.3423554506992558,NC DHHS has received awards,True
c32471d8-ae64-4d6a-917c-430417bdd3c1,Research Enhancement Award Program (REAP) for Health Professional Schools and Graduate Schools (R15 Clinical Trial Not Allowed),93.113;93.121;93.172;93.173;93.213;93.233;93.242;93.273;93.279;93.286;93.351;93.361;93.393;93.394;93.395;93.396;93.399;93.837;93.838;93.839;93.840;93.846;93.853;93.855;93.865;93.866;93.867,100445756785.07,215575.61000000002,73758780345.12,10994002.07,231530264.95999995,20456984454.539997,0.0,0.0,0.0,,"ICAHN SCHOOL OF MEDICINE AT MOUNT SINAI ($73.2M); THE TRUSTEES OF COLUMBIA UNIVERSITY IN THE CITY OF NEW YORK ($64.4M); UNIVERSITY OF NORTH CAROLINA AT CHAPEL HILL ($57.1M) | REGENTS OF THE UNIVERSITY OF MICHIGAN ($71.4M); REGENTS OF THE UNIVERSITY OF CALIFORNIA, SAN FRANCISCO, THE ($64.3M); UNIVERSITY OF SOUTHERN CALIFORNIA ($62.6M) | THE LELAND STANFORD JUNIOR UNIVERSITY ($118.8M); UNIVERSITY OF",,2.146189315505686e-06,0.7343145465362585,0.9403931800167397,mostly universities,False
c33b8d86-6f73-43bf-adcc-da3cecc0dc70,Research on System Support and Tools for Provider Training and Quality Monitoring for Suicide Preventive Care,93.242,7107924163.190001,0.0,5396186256.740001,0.0,0.0,1251736935.5299997,0.0,0.0,0.0,,"YALE UNIV ($308.6M); UNIVERSITY OF PITTSBURGH - OF THE COMMONWEALTH SYSTEM OF HIGHER EDUCATION ($244.2M); UNIVERSITY OF CALIFORNIA, LOS ANGELES ($186.0M)",,0.0,0.7591789294384114,0.9352833597603335,mostly universities,False
c33f1e5e-0354-4976-adca-9aa7240778d3,"HEAL Initiative: Translating Addiction Epidemiology, Prevention, Treatment, and Recovery Research into Practice (R61/R33 - Clinical Trial Optional)",93.213;93.273;93.279;93.866,23453436072.9,0.0,17866861686.229996,0.0,9857717.91,3870843368.49,0.0,0.0,0.0,,"YALE UNIV ($22.6M); THE GENERAL HOSPITAL CORPORATION ($17.0M); DUKE UNIVERSITY ($15.9M) | YALE UNIV ($71.9M); UNIVERSITY OF NORTH CAROLINA AT CHAPEL HILL ($48.6M); TRUSTEES OF INDIANA UNIVERSITY ($45.7M) | YALE UNIV ($242.7M); THE JOHNS HOPKINS UNIVERSITY ($216.1M); UNIVERSITY OF CALIFORNIA, SAN DIEGO ($210.2M) | REGENTS OF THE UNIVERSITY OF CALIFORNIA, SAN FRANCISCO, THE ($499.5M); THE TRUSTEES O",,0.0,0.7618014533433254,0.9272655275343169,mostly universities,False
c3b72a13-83cd-4e74-83d4-a8f130d8cc1b,Artificial Intelligence and Cybersecurity Education Innovation and Scholarship for Service (CyberAI SFS),47.076,5482502686.0,0.0,3766900369.0,0.0,0.0,293745388.0,0.0,0.0,0.0,,"MASSACHUSETTS INSTITUTE OF TECHNOLOGY ($106.0M); REGENTS OF THE UNIVERSITY OF CALIFORNIA, THE ($105.6M); THE LELAND STANFORD JUNIOR UNIVERSITY ($103.6M)",,0.0,0.6870767940741872,0.7406554979661345,mostly universities,False
c3e55272-5efb-4f85-995f-780ab5cf9774,Bioengineering Partnerships with Industry (U01 Clinical Trial Optional),93.286;93.394;93.395;93.866;93.867,26156040706.95,0.0,19039915530.58,0.0,100352114.57,5347541886.57,0.0,0.0,0.0,,"THE GENERAL HOSPITAL CORPORATION ($72.2M); THE JOHNS HOPKINS UNIVERSITY ($67.8M); THE LELAND STANFORD JUNIOR UNIVERSITY ($42.0M) | REGENTS OF THE UNIVERSITY OF CALIFORNIA, SAN FRANCISCO, THE ($91.2M); FRED HUTCHINSON CANCER CENTER ($89.9M); SLOAN-KETTERING INSTITUTE FOR CANCER RESEARCH ($76.5M) | THE UNIVERISTY OF TEXAS M.D. ANDERSON CANCER CENTER ($157.0M); ICAHN SCHOOL OF MEDICINE AT MOUNT SINAI",,0.0,0.7279356896520217,0.9362200420957929,mostly universities,False
c45f5203-5263-4624-a12f-6fe8d40b4c6b,"HEAL Initiative: Program to Reveal and Evaluate Cells-to-gene Information that Specify Intricacies, Origins and the Nature of (PRECISION) Human Pain Network",93.853,7301417548.76,0.0,5703307653.840002,0.0,8115452.99,1095037634.0900006,0.0,0.0,0.0,,"THE GENERAL HOSPITAL CORPORATION ($234.6M); REGENTS OF THE UNIVERSITY OF CALIFORNIA, SAN FRANCISCO, THE ($226.7M); THE JOHNS HOPKINS UNIVERSITY ($223.1M)",,0.0,0.7811233388246087,0.9322108611739297,mostly universities,False
c467080e-51a0-4a76-b416-035664fa95df,Collaborative Program Grant for Multidisciplinary Teams,93.859,12070484526.24,0.0,9612792260.85001,0.0,0.0,889455283.0399997,0.0,0.0,0.0,,"THE LELAND STANFORD JUNIOR UNIVERSITY ($235.0M); REGENTS OF THE UNIVERSITY OF MICHIGAN ($221.4M); UNIVERSITY OF CALIFORNIA, SAN DIEGO ($215.2M)",,0.0,0.7963882675921403,0.8700767165608966,mostly universities,False
c48ba1b9-988b-42cd-8ea0-c98cad680ea7,Annual Program Statement (APS) for Fiscal Year 2025,19.040,257210709.31,0.0,18981816.92,765922.7,0.0,121256439.30999996,40952578.09,0.0,0.0,,MISCELLANEOUS FOREIGN AWARDEES ($41.0M); INDIVIDUAL RECIPIENT ($19.5M); MERIDIAN INTERNATIONAL CENTER ($4.4M),,0.0,0.07379870368120016,0.5482049301456434,mixed recipients (no state agencies),False
c4c05cde-899f-44e8-897b-78e2ed71ce82,DoW Toxic Exposures Clinical Trial Award,12.420,5640094062.21,0.0,3068370069.44,0.0,22619849.59,1893474804.760001,0.0,0.0,0.0,,"THE HENRY M. JACKSON FOUNDATION FOR THE ADVANCEMENT OF MILITARY MEDICINE, INC. ($420.3M); THE UNIVERISTY OF TEXAS M.D. ANDERSON CANCER CENTER ($150.0M); THE JOHNS HOPKINS UNIVERSITY ($136.4M)",,0.0,0.5440281732176817,0.8837556020895334,mostly universities,False
c4c4d1db-a57c-47fc-aac0-4d78290582fc,Interventions to Reduce Sleep Health Disparities (R01 - Clinical Trials Optional),93.233;93.273;93.307;93.361;93.399;93.837;93.838;93.839;93.840;93.853;93.866,39165586472.810005,215575.61000000002,29902553761.069996,3832204.36,46650256.58,6723033693.5,0.0,0.0,0.0,,"YALE UNIV ($71.9M); UNIVERSITY OF NORTH CAROLINA AT CHAPEL HILL ($48.6M); TRUSTEES OF INDIANA UNIVERSITY ($45.7M) | THE JOHNS HOPKINS UNIVERSITY ($58.5M); THE TRUSTEES OF COLUMBIA UNIVERSITY IN THE CITY OF NEW YORK ($51.8M); UNIVERSITY OF HAWAII ($43.0M) | TRUSTEES OF THE UNIVERSITY OF PENNSYLVANIA, THE ($33.2M); THE JOHNS HOPKINS UNIVERSITY ($26.0M); THE TRUSTEES OF COLUMBIA UNIVERSITY IN THE CIT",,5.504209930563901e-06,0.7634905143531886,0.9364416262879617,mostly universities,False
c4dcba1f-96ec-4594-9b3a-e5b844ba7236,"Catalyze: Product Definition for Small Molecules, Biologics, and Combination Products - Preliminary Product/Lead Series Identification and Combination Product Prototype (R33 - Clinical Trial Not Allowed)",93.233;93.837;93.838;93.839;93.855,29127542857.11,0.0,20861635981.060005,0.0,36688408.88,6183360121.610001,0.0,0.0,0.0,,"BRIGHAM & WOMENS HOSPITAL INC ($302.8M); TRUSTEES OF THE UNIVERSITY OF PENNSYLVANIA, THE ($298.7M); REGENTS OF THE UNIVERSITY OF MICHIGAN ($288.2M) | FRED HUTCHINSON CANCER CENTER ($787.0M); DUKE UNIVERSITY ($576.9M); UNIVERSITY OF CALIFORNIA, LOS ANGELES ($576.8M)",,0.0,0.7162168152459761,0.9297620689944122,mostly universities,False
c4e39e95-ac54-466c-8d9a-774c50c6247c,Community-Based Participatory Research to Advance Data and Practice Transformation (ADAPT) for Optimizing Oral Health for All (UG3/UH3 Clinical Trial Optional),93.121;93.307;93.310;93.313,7829613840.46,0.0,6097302932.150001,2717375.4299999997,3957586.0,1436727205.9199998,0.0,0.0,0.0,,"REGENTS OF THE UNIVERSITY OF MICHIGAN ($71.4M); REGENTS OF THE UNIVERSITY OF CALIFORNIA, SAN FRANCISCO, THE ($64.3M); UNIVERSITY OF SOUTHERN CALIFORNIA ($62.6M) | THE JOHNS HOPKINS UNIVERSITY ($58.5M); THE TRUSTEES OF COLUMBIA UNIVERSITY IN THE CITY OF NEW YORK ($51.8M); UNIVERSITY OF HAWAII ($43.0M) | THE LELAND STANFORD JUNIOR UNIVERSITY ($131.6M); DUKE UNIVERSITY ($131.5M); YALE UNIV ($124.9M)",,0.0,0.7787488701731139,0.9631005121265308,mostly universities,False
c4e59dd9-c37c-467e-ad94-b704cb0211f4,Mind and Body Interventions to Restore Whole Person Health via Emotional Well-Being Mechanisms (R61/R33 Clinical Trial Required),93.213,465483989.4,0.0,345571281.5300001,0.0,0.0,121084127.74999997,0.0,0.0,0.0,,YALE UNIV ($22.6M); THE GENERAL HOSPITAL CORPORATION ($17.0M); DUKE UNIVERSITY ($15.9M),,0.0,0.7423913376170788,1.0025165632044832,mostly universities,False
c59e6081-9fb7-46fa-9164-6911d790d242,Division of Materials Research: Topical Materials Research Programs,47.049,6727369096.0,0.0,5005763263.0,0.0,0.0,1316835947.0,71509669.0,0.0,0.0,,"ASSOCIATION OF UNIVERSITIES FOR RESEARCH IN ASTRONOMY, INC. ($574.0M); ASSOCIATED UNIVERSITIES INC ($531.2M); CALIFORNIA INSTITUTE OF TECHNOLOGY ($254.7M)",,0.0,0.7440892853606557,0.9398323653386774,mostly universities,False
c5bac9bb-9a66-462c-9d16-c894928192ad,"Strengthening Ghana Health Service laboratory services, diagnostic networks, and systems for a more effective, efficient, and sustainable response to HIV, TB, and other priority health threats",93.067,6125800176.42,0.0,1351760352.9700003,0.0,34101740.629999995,4710240527.739999,0.0,0.0,0.0,,THE TRUSTEES OF COLUMBIA UNIVERSITY IN THE CITY OF NEW YORK ($569.4M); ELIZABETH GLASER PEDIATRIC AIDS FOUNDATION ($305.5M); MANAGEMENT AND DEVELOPMENT FOR HEALTH ($217.2M),,0.0,0.2206667396976679,0.9951520529196634,"mostly nonprofits, hospitals or companies",False
c5ccb26d-ade1-424e-9069-4ff023c78351,Critical Path Public Private Partnerships Clinical Trials Optional,93.103,978131651.19,204231952.81000003,317394711.29,6344842.82,13208169.0,393879205.75999993,0.0,0.0,6880186.38,NORTH CAROLINA DEPARTMENT OF AGRICULTURE & CONSUMER SERVICES,THE CRITICAL PATH INSTITUTE ($79.1M); NATIONAL ENVIRONMENTAL HEALTH ASSOCIATION ($44.4M); THE MEDICAL DEVICE INNOVATION CONSORTIUM ($42.6M),,0.2087980207587909,0.3244907890505904,0.9559642411554747,mixed recipients (some state agencies),False
c60789ce-21db-4ba1-9cb1-ef7f670c1957,Effectiveness Trials to Test Mental Health System Interventions (R61/R33 Clinical Trial Required),93.242,7107924163.190001,0.0,5396186256.740001,0.0,0.0,1251736935.5299997,0.0,0.0,0.0,,"YALE UNIV ($308.6M); UNIVERSITY OF PITTSBURGH - OF THE COMMONWEALTH SYSTEM OF HIGHER EDUCATION ($244.2M); UNIVERSITY OF CALIFORNIA, LOS ANGELES ($186.0M)",,0.0,0.7591789294384114,0.9352833597603335,mostly universities,False
c67ebf32-1965-4e00-8600-d154e9371ad6,NCI Pathway to Independence Award (K99/R00  Clinical Trial Not Allowed),93.398,846269561.51,0.0,607322565.2500002,0.0,9592638.66,231198380.13000003,0.0,0.0,0.0,,SLOAN-KETTERING INSTITUTE FOR CANCER RESEARCH ($43.7M); THE GENERAL HOSPITAL CORPORATION ($30.6M); THE UNIVERISTY OF TEXAS M.D. ANDERSON CANCER CENTER ($29.7M),,0.0,0.717646708415642,1.0021790013653689,mostly universities,False
c690cfde-3f5c-44f1-9738-30e4d505bf09,"DoW Pancreatic Cancer Research Program, Focused Pilot Award",12.420,5640094062.21,0.0,3068370069.44,0.0,22619849.59,1893474804.760001,0.0,0.0,0.0,,"THE HENRY M. JACKSON FOUNDATION FOR THE ADVANCEMENT OF MILITARY MEDICINE, INC. ($420.3M); THE UNIVERISTY OF TEXAS M.D. ANDERSON CANCER CENTER ($150.0M); THE JOHNS HOPKINS UNIVERSITY ($136.4M)",,0.0,0.5440281732176817,0.8837556020895334,mostly universities,False
c72602c1-8777-4f1f-b2b7-6138dfd7fe36,The Role of Work in Health Disparities in the U.S. (R01 Clinical Trials Optional),93.242;93.279;93.307;93.361;93.393;93.396;93.399;93.866,37740715773.01,0.0,28086193544.769997,9205882.36,86297363.19999999,7305526901.869999,0.0,0.0,0.0,,"YALE UNIV ($308.6M); UNIVERSITY OF PITTSBURGH - OF THE COMMONWEALTH SYSTEM OF HIGHER EDUCATION ($244.2M); UNIVERSITY OF CALIFORNIA, LOS ANGELES ($186.0M) | YALE UNIV ($242.7M); THE JOHNS HOPKINS UNIVERSITY ($216.1M); UNIVERSITY OF CALIFORNIA, SAN DIEGO ($210.2M) | THE JOHNS HOPKINS UNIVERSITY ($58.5M); THE TRUSTEES OF COLUMBIA UNIVERSITY IN THE CITY OF NEW YORK ($51.8M); UNIVERSITY OF HAWAII ($43.",,0.0,0.7441881524900922,0.9402901605162037,mostly universities,False
c76f4850-6126-47a3-8dee-8308a8c9c09b,Application Instructions for the Indian Community Development Block Grant (ICDBG) Imminent Threat (IT) Program,14.862,585604798.6600001,0.0,0.0,376641003.88,5175000.0,130259275.29,0.0,0.0,0.0,,WHITE MOUNTAIN APACHE HOUSING AUTHORITY ($17.4M); ALL MISSION INDIAN HOUSING AUTHORITY ($16.2M); ALASKA NATIVE TRIBAL HEALTH CONSORTIUM ($11.9M),,0.0,0.0,0.8744383248596106,mostly tribal / Native organizations,False
c77df76e-8169-4ce2-9616-94003ac5ec34,Infrastructure Cluster,47.050,4267308537.0,0.0,3152349973.0,0.0,0.0,938761319.0,14427929.0,0.0,0.0,,UNIVERSITY CORPORATION FOR ATMOSPHERIC RESEARCH ($587.8M); WOODS HOLE OCEANOGRAPHIC INSTITUTION ($497.0M); TEXAS A & M RESEARCH FOUNDATION ($228.6M),,0.0,0.7387208929627016,0.9587099823056455,mostly universities,False
c78e4cd3-f897-4a41-a882-c8b4ba06a1ca,Notice of Intent to Publish a Funding Opportunity Announcement for ClinGen Genomic Curation Expert Panels,93.865,4921279091.58,0.0,3623055293.56,0.0,0.0,913474006.4399998,0.0,0.0,0.0,,REGENTS OF THE UNIVERSITY OF MICHIGAN ($145.9M); THE JOHNS HOPKINS UNIVERSITY ($122.6M); UNIVERSITY OF WASHINGTON ($109.8M),,0.0,0.736201956064394,0.921819148148236,mostly universities,False
c7d4fdfb-bb99-4717-a08f-27b0ef4f1daa,Chronic Care Telehealth Centers of Excellence Program,93.467,0.0,0.0,0.0,0.0,0.0,0.0,0.0,0.0,0.0,,,,0.0,0.0,0.0,no awards found FY2022-FY2025,False
c84ecbec-b258-4470-afa0-ff82d26ad823,Department of Defense HIV/AIDS Prevention Program,12.350,212671888.54,0.0,30210439.5,0.0,0.0,182461449.03999996,0.0,0.0,0.0,,"JHPIEGO CORP ($57.6M); UNIVERSITY RESEARCH CO., LLC ($30.2M); CENTRE FOR INFECTIOUS DISEASE RESEARCH IN ZAMBIA ($23.3M)",,0.0,0.14205187017144452,0.9999999999999999,"mostly nonprofits, hospitals or companies",False
c85038d2-7966-43c4-b238-d09482b370b0,HEAL Initiative: Non-addictive Analgesic Therapeutics Development [Small Molecules and Biologics] to Treat Pain (UG3/UH3 Clinical Trial Optional),93.213;93.233;93.273;93.279;93.395;93.837;93.838;93.839;93.840;93.846;93.853;93.865;93.866;93.867,57017057882.920006,215575.61000000002,42580340909.76999,558986.0,118602265.56,10410754546.07,0.0,0.0,0.0,,"YALE UNIV ($22.6M); THE GENERAL HOSPITAL CORPORATION ($17.0M); DUKE UNIVERSITY ($15.9M) | YALE UNIV ($71.9M); UNIVERSITY OF NORTH CAROLINA AT CHAPEL HILL ($48.6M); TRUSTEES OF INDIANA UNIVERSITY ($45.7M) | YALE UNIV ($242.7M); THE JOHNS HOPKINS UNIVERSITY ($216.1M); UNIVERSITY OF CALIFORNIA, SAN DIEGO ($210.2M) | THE UNIVERISTY OF TEXAS M.D. ANDERSON CANCER CENTER ($157.0M); ICAHN SCHOOL OF MEDICI",,3.7808967702729835e-06,0.7468000365295125,0.9314839147272053,mostly universities,False
c85c8500-e8a0-45d4-a887-cc759a4401af,ROSES25: A.15 Biosphere,43.001,3927116561.76,0.0,2890276513.0599985,0.0,0.0,800101253.4799998,0.0,0.0,70019.0,FRIENDS OF THE NORTH CAROLINA STATE MUSEUM OF NATURAL SCIENCES,"UNIVERSITY OF MARYLAND, COLLEGE PARK ($186.3M); THE REGENTS OF THE UNIVERSITY OF COLORADO ($146.4M); THE JOHNS HOPKINS UNIVERSITY ($138.3M)",,0.0,0.7359793037985801,0.9397168911345214,mostly universities,False
c8944dab-96c4-4db9-ad50-9802ffc7228c,Early-Stage Development of Informatics Technologies for Cancer Research and Management (U01 Clinical Trial Optional),93.393;93.394;93.395;93.396;93.399,13910770885.01,0.0,8659868953.379997,5932664.0,161524138.64,4533566247.91,0.0,0.0,0.0,,"THE UNIVERISTY OF TEXAS M.D. ANDERSON CANCER CENTER ($89.6M); SLOAN-KETTERING INSTITUTE FOR CANCER RESEARCH ($81.9M); FRED HUTCHINSON CANCER CENTER ($73.6M) | REGENTS OF THE UNIVERSITY OF CALIFORNIA, SAN FRANCISCO, THE ($91.2M); FRED HUTCHINSON CANCER CENTER ($89.9M); SLOAN-KETTERING INSTITUTE FOR CANCER RESEARCH ($76.5M) | THE UNIVERISTY OF TEXAS M.D. ANDERSON CANCER CENTER ($157.0M); ICAHN SCHOO",,0.0,0.622529766679697,0.9604709986509415,mostly universities,False
c8965b4c-390b-4abc-8961-14bc48ba76a9,Fiscal Year (FY) 2027 Department of the Navy (DoN) Historically Black Colleges and Universities/Minority Institutions (HBCU/MI) Program,12.300,3307063262.15,2300496.0,2565686577.1200027,0.0,2350000.0,542168836.0800002,0.0,0.0,0.0,,UNIVERSITY OF CALIFORNIA SAN DIEGO ($164.4M); MASSACHUSETTS INSTITUTE OF TECHNOLOGY ($137.1M); UNIVERSITY OF WASHINGTON ($102.3M),,0.0006956310834236636,0.775820228927822,0.9411691469054296,mostly universities,False
c9538bbb-6a36-47e1-8b0e-4aee098334c5,"DoW Pancreatic Cancer Research Program, Translational Research Partnership Award",12.420,5640094062.21,0.0,3068370069.44,0.0,22619849.59,1893474804.760001,0.0,0.0,0.0,,"THE HENRY M. JACKSON FOUNDATION FOR THE ADVANCEMENT OF MILITARY MEDICINE, INC. ($420.3M); THE UNIVERISTY OF TEXAS M.D. ANDERSON CANCER CENTER ($150.0M); THE JOHNS HOPKINS UNIVERSITY ($136.4M)",,0.0,0.5440281732176817,0.8837556020895334,mostly universities,False
c9548bbc-778b-4cc1-bce7-35c4f0eb075a,NIH Exploratory/Developmental Research Project Grant (Parent R21 Clinical Trial Not Allowed),93.113;93.121;93.143;93.172;93.173;93.213;93.233;93.242;93.273;93.279;93.286;93.307;93.310;93.350;93.361;93.393;93.394;93.395;93.396;93.399;93.837;93.838;93.839;93.840;93.846;93.855;93.865;93.866;93.867;93.879,101251902256.56,215575.61000000002,74682020857.35999,12898414.43,228229829.97,20579367309.109997,0.0,0.0,0.0,,"ICAHN SCHOOL OF MEDICINE AT MOUNT SINAI ($73.2M); THE TRUSTEES OF COLUMBIA UNIVERSITY IN THE CITY OF NEW YORK ($64.4M); UNIVERSITY OF NORTH CAROLINA AT CHAPEL HILL ($57.1M) | REGENTS OF THE UNIVERSITY OF MICHIGAN ($71.4M); REGENTS OF THE UNIVERSITY OF CALIFORNIA, SAN FRANCISCO, THE ($64.3M); UNIVERSITY OF SOUTHERN CALIFORNIA ($62.6M) | OREGON STATE UNIVERSITY ($11.5M); UNIVERSITY OF LOUISVILLE ($1",,2.1291018261934243e-06,0.7375863484334826,0.9432191381894997,mostly universities,False
c9fd53ee-51ee-4461-83ac-c751c53a294c,"Coupling, Energetics, and Dynamics of Atmospheric Regions",47.050,4267308537.0,0.0,3152349973.0,0.0,0.0,938761319.0,14427929.0,0.0,0.0,,UNIVERSITY CORPORATION FOR ATMOSPHERIC RESEARCH ($587.8M); WOODS HOLE OCEANOGRAPHIC INSTITUTION ($497.0M); TEXAS A & M RESEARCH FOUNDATION ($228.6M),,0.0,0.7387208929627016,0.9587099823056455,mostly universities,False
c9ff9b71-b097-4198-9853-3871ccb9ba19,IGVF Data and Coordinating Center (U24 Clinical trials Not Allowed),93.172,1744531538.97,0.0,1235774918.2100003,1175890.0,1503596.0,492556536.87,0.0,0.0,0.0,,"THE LELAND STANFORD JUNIOR UNIVERSITY ($118.8M); UNIVERSITY OF WASHINGTON ($97.7M); THE BROAD INSTITUTE, INC ($94.8M)",,0.0,0.7083706373916415,0.9922497257355505,mostly universities,False
ca108e77-69f6-4d3a-9723-a1353076a4ad,"Advancing Bioinformatics, Translational Bioinformatics and Computational Biology Research (R01 Clinical Trial Optional)",93.879,286763082.1,0.0,246189541.61999997,0.0,1757800.0,38815740.480000004,0.0,0.0,0.0,,THE LELAND STANFORD JUNIOR UNIVERSITY ($17.3M); YALE UNIV ($11.9M); UNIVERSITY OF WASHINGTON ($11.5M),,0.0,0.8585119807512348,0.9999999999999998,mostly universities,False
ca1829af-e8b7-4caa-8ab4-ae6f675492e5,Center of Excellence for Alternative Jet Fuels and Environment ,20.109,169435111.43,0.0,150327122.28000003,0.0,0.0,19107989.15,0.0,0.0,0.0,,WICHITA STATE UNIVERSITY ($29.8M); GEORGIA TECH RESEARCH CORP ($18.9M); MISSISSIPPI STATE UNIVERSITY ($16.6M),,0.0,0.8872253278040649,1.0000000000000002,mostly universities,False
ca4b0eed-ef31-4a8c-961f-65955cce9cfc,Single source: Childhood Cancer Survivor Study (U24 Clinical Trial Not Allowed),93.395,4568620330.34,0.0,2629279955.890001,0.0,68247624.65,1552601081.4500003,0.0,0.0,0.0,,"THE UNIVERISTY OF TEXAS M.D. ANDERSON CANCER CENTER ($157.0M); ICAHN SCHOOL OF MEDICINE AT MOUNT SINAI ($154.8M); DANA-FARBER CANCER INSTITUTE, INC. ($149.6M)",,0.0,0.5755085268147743,0.9302871227370525,mostly universities,False
ca93b895-6ca4-4379-b016-ff97bbb6ce41,Limited Competition: Instrumentation Grant Program for Resource-Limited Institutions (S10 - Clinical Trial Not Allowed),93.121;93.172;93.173;93.242;93.286;93.351;93.846;93.853;93.859;93.866;93.867,54024070559.560005,0.0,42143746181.990005,1988853.0699999998,25566675.22,7972645608.740001,0.0,0.0,0.0,,"REGENTS OF THE UNIVERSITY OF MICHIGAN ($71.4M); REGENTS OF THE UNIVERSITY OF CALIFORNIA, SAN FRANCISCO, THE ($64.3M); UNIVERSITY OF SOUTHERN CALIFORNIA ($62.6M) | THE LELAND STANFORD JUNIOR UNIVERSITY ($118.8M); UNIVERSITY OF WASHINGTON ($97.7M); THE BROAD INSTITUTE, INC ($94.8M) | THE JOHNS HOPKINS UNIVERSITY ($66.5M); MASSACHUSETTS EYE AND EAR INFIRMARY ($63.7M); THE UNIVERSITY OF IOWA ($40.8M) ",,0.0,0.7800920172338314,0.9281778807048189,mostly universities,False
ca96308f-058b-47fa-9a1a-b1ee06f9c937,Centers for AIDS Research (CFAR),93.855,17242464734.02,0.0,12062638314.500011,0.0,9836298.42,3962763745.0300007,0.0,0.0,0.0,,"FRED HUTCHINSON CANCER CENTER ($787.0M); DUKE UNIVERSITY ($576.9M); UNIVERSITY OF CALIFORNIA, LOS ANGELES ($576.8M)",,0.0,0.6995889799153826,0.9299852779348832,mostly universities,False
ca9db99d-1e3c-4ff9-be27-39c4e81f9122,Sheep Production and Marketing Grant Program FY 2026,10.173,0.0,0.0,0.0,0.0,0.0,0.0,0.0,0.0,0.0,,,,0.0,0.0,0.0,no awards found FY2022-FY2025,False
cabf2507-f32e-467b-ba74-ca8b853ad972,NIH Research Educational Program - Mentoring Activities & Networks (Parent R25/UE5 - Clinical Trial Not Allowed),93.121;93.172;93.173;93.233;93.242;93.273;93.279;93.310;93.313;93.361;93.394;93.398;93.837;93.838;93.839;93.840;93.847;93.853;93.855;93.859;93.866;93.867;93.T21,102325850469.42001,215575.61000000002,76913400363.46002,3916645.07,133232276.23999998,17999449208.539997,0.0,0.0,0.0,,"REGENTS OF THE UNIVERSITY OF MICHIGAN ($71.4M); REGENTS OF THE UNIVERSITY OF CALIFORNIA, SAN FRANCISCO, THE ($64.3M); UNIVERSITY OF SOUTHERN CALIFORNIA ($62.6M) | THE LELAND STANFORD JUNIOR UNIVERSITY ($118.8M); UNIVERSITY OF WASHINGTON ($97.7M); THE BROAD INSTITUTE, INC ($94.8M) | THE JOHNS HOPKINS UNIVERSITY ($66.5M); MASSACHUSETTS EYE AND EAR INFIRMARY ($63.7M); THE UNIVERSITY OF IOWA ($40.8M) ",not a standard assistance listing number,2.1067561032822746e-06,0.7516517088362292,0.9288973766929568,mostly universities,False
cacb4ffa-0f3a-4794-8df6-0af933d88f0c,Research Grants to Rigorously Evaluate Innovative and Promising Approaches to Prevent Firearm-Related Violence and Injuries,93.136,1798553133.5900002,976733317.1399999,191223876.62,49049669.74,227249891.57,306696129.96999997,0.0,33736379.83,33751379.83,NORTH CAROLINA DEPARTMENT OF HEALTH & HUMAN SERVICES; NORTH CAROLINA DEPARTMENT OF PUBLIC INSTRUCTION,"FLORIDA DEPARTMENT OF HEALTH ($64.7M); PUBLIC HEALTH, CALIFORNIA DEPARTMENT OF ($45.6M); NATIONAL FOUNDATION FOR THE CENTERS FOR DISEASE CONTROL & PREVENTION, INC. ($34.5M)",,0.543066145168807,0.10632094935016337,0.9735341438287186,NC DHHS has received awards,True
cb00c4af-063a-49b3-82fe-1c6d5b5e47e0,Single Source: Chronic Kidney Diseases of UnceRtain Etiology (CKDu) in Agricultural Communities (CURE) Research Consortium- Renal and Environmental Science Core (U01-Clinical Trial Not Allowed),93.847,7801990499.05,0.0,5868063966.9,0.0,40709921.57,1426874242.5900002,0.0,0.0,0.0,,"REGENTS OF THE UNIVERSITY OF MICHIGAN ($278.9M); TRUSTEES OF THE UNIVERSITY OF PENNSYLVANIA, THE ($222.1M); WASHINGTON UNIVERSITY, THE ($189.5M)",,0.0,0.7521239570356458,0.9402277703303042,mostly universities,False
cb2cbb9f-741d-4e6b-ad32-557d751f9903,Home Study and Post-Release Services for Unaccompanied Alien Children​​,93.676,10009501542.130001,0.0,2187470.0,0.0,94378438.0,9984845680.150005,0.0,0.0,0.0,,SOUTHWEST KEY PROGRAMS INC ($2850.8M); COMPASS CONNECTIONS ($1014.7M); BCFS HEALTH AND HUMAN SERVICES ($613.1M),,0.0,0.00021853935391217402,1.0071841785245084,"mostly nonprofits, hospitals or companies",False
cb2e8072-dfd4-4101-9004-c4f1e1ccbad7,Fiscal Year (FY) 2027 Department of War (DoW) Defense University Research Instrumentation Program (DURIP),12.431,2303372550.5,0.0,1740909553.2299995,0.0,0.0,488342019.1999998,0.0,0.0,0.0,,"UNIVERSITY OF MARYLAND, COLLEGE PARK ($133.9M); GENERAL DYNAMICS ROBOTIC SYSTEMS INC ($106.0M); MASSACHUSETTS INSTITUTE OF TECHNOLOGY ($84.9M)",,0.0,0.7558089345347522,0.9678206731890111,mostly universities,False
cb36f642-f92b-4b27-9bc8-47440c03eb09,Nutrition Obesity Research Centers (NORCs) (P30 Clinical Trial Optional),93.847,7801990499.05,0.0,5868063966.9,0.0,40709921.57,1426874242.5900002,0.0,0.0,0.0,,"REGENTS OF THE UNIVERSITY OF MICHIGAN ($278.9M); TRUSTEES OF THE UNIVERSITY OF PENNSYLVANIA, THE ($222.1M); WASHINGTON UNIVERSITY, THE ($189.5M)",,0.0,0.7521239570356458,0.9402277703303042,mostly universities,False
cb50bf8f-e3ab-444e-8d32-9175b16472c4,Security and Preparedness,47.075,843974005.0,0.0,705744304.0,0.0,0.0,76586867.0,10961722.0,0.0,0.0,,REGENTS OF THE UNIVERSITY OF MICHIGAN ($99.6M); NATIONAL BUREAU OF ECONOMIC RESEARCH INC ($29.0M); NATIONAL OPINION RESEARCH CENTER ($18.9M),,0.0,0.8362156888943517,0.9269612172474435,mostly universities,False
cb7194d0-da5c-40c7-a9d7-8abb9cdaac59,"Precision Approaches in Radiation Synthetic Combinations (PAIRS, RP1 Clinical Trial Optional)",93.395,4568620330.34,0.0,2629279955.890001,0.0,68247624.65,1552601081.4500003,0.0,0.0,0.0,,"THE UNIVERISTY OF TEXAS M.D. ANDERSON CANCER CENTER ($157.0M); ICAHN SCHOOL OF MEDICINE AT MOUNT SINAI ($154.8M); DANA-FARBER CANCER INSTITUTE, INC. ($149.6M)",,0.0,0.5755085268147743,0.9302871227370525,mostly universities,False
cb89d3bc-9c9e-4890-a37a-863258403a55,Tribal Self-Governance - Planning,93.444,1877293.63,0.0,0.0,1697293.6300000001,0.0,180000.0,0.0,0.0,0.0,,NORTHERN ARAPAHO TRIBE ($0.2M); TONKAWA TRIBE ($0.2M); MICCOSUKEE CORPORATION ($0.2M),,0.0,0.0,1.0000000000000002,mostly tribal / Native organizations,False
cb91feb1-23b4-49b7-b8d3-9a8fe626a5b5,Mentored Research Scientist Development Award (Parent K01 - Independent Clinical Trial Not Allowed),93.113;93.121;93.172;93.173;93.213;93.233;93.242;93.273;93.279;93.286;93.307;93.310;93.313;93.351;93.361;93.398;93.837;93.838;93.839;93.840;93.846;93.847;93.853;93.855;93.865;93.866;93.879,99050063244.83,215575.61000000002,74416564815.31,6965750.43,119934164.22999999,18444844009.98,0.0,0.0,0.0,,"ICAHN SCHOOL OF MEDICINE AT MOUNT SINAI ($73.2M); THE TRUSTEES OF COLUMBIA UNIVERSITY IN THE CITY OF NEW YORK ($64.4M); UNIVERSITY OF NORTH CAROLINA AT CHAPEL HILL ($57.1M) | REGENTS OF THE UNIVERSITY OF MICHIGAN ($71.4M); REGENTS OF THE UNIVERSITY OF CALIFORNIA, SAN FRANCISCO, THE ($64.3M); UNIVERSITY OF SOUTHERN CALIFORNIA ($62.6M) | THE LELAND STANFORD JUNIOR UNIVERSITY ($118.8M); UNIVERSITY OF",,2.1764308162746394e-06,0.7513025471913996,0.9388032805765383,mostly universities,False
cbe89638-50f8-4505-95c7-8b8e565be499,"NIDCR Drug, Biologic, Device and/or Procedure Intervention Clinical Trial Planning and Implementation Cooperative Agreement (UG3/UH3 Clinical Trial Required)",93.121,1503475567.17,0.0,1230618528.0399997,812963.07,900368.0,248958665.48999998,0.0,0.0,0.0,,"REGENTS OF THE UNIVERSITY OF MICHIGAN ($71.4M); REGENTS OF THE UNIVERSITY OF CALIFORNIA, SAN FRANCISCO, THE ($64.3M); UNIVERSITY OF SOUTHERN CALIFORNIA ($62.6M)",,0.0,0.8185158142319529,0.9852441615584353,mostly universities,False
cc2a99b9-6669-4f45-b233-9189edfaa59e,Native Entities Grant Program,11.036,52881724.08,0.0,0.0,0.0,10722299.83,42159424.25,0.0,0.0,0.0,,"NATIONAL DIGITAL INCLUSION ALLIANCE ($25.8M); CLARK COUNTY, NV ($10.7M); INTERNATIONAL RESCUE COMMITTEE, INC. ($8.4M)",,0.0,0.0,1.0,"mostly nonprofits, hospitals or companies",False
cc2db03a-79c2-4ef5-afab-3f8c2561f135,Single Source for the Continuation of the Epidemiology of Diabetes Interventions and Complications (EDIC) Study Research Center (Collaborative U01 Clinical Trial Not Allowed),93.847,7801990499.05,0.0,5868063966.9,0.0,40709921.57,1426874242.5900002,0.0,0.0,0.0,,"REGENTS OF THE UNIVERSITY OF MICHIGAN ($278.9M); TRUSTEES OF THE UNIVERSITY OF PENNSYLVANIA, THE ($222.1M); WASHINGTON UNIVERSITY, THE ($189.5M)",,0.0,0.7521239570356458,0.9402277703303042,mostly universities,False
cd037a29-c61c-4e15-b08e-ced02b67de37,Centers without Walls for mechanisms of neurodegeneration in Alzheimer’s disease-related dementias (ADRD),93.853,7301417548.76,0.0,5703307653.840002,0.0,8115452.99,1095037634.0900006,0.0,0.0,0.0,,"THE GENERAL HOSPITAL CORPORATION ($234.6M); REGENTS OF THE UNIVERSITY OF CALIFORNIA, SAN FRANCISCO, THE ($226.7M); THE JOHNS HOPKINS UNIVERSITY ($223.1M)",,0.0,0.7811233388246087,0.9322108611739297,mostly universities,False
cd0b0182-3083-4c13-a1e6-0519c0d4dd1b,Strengthening global health security in India to contain public health threats and accelerate outbreak response,93.318,800719163.77,0.0,120532829.8,6970522.0,13803314.0,664832940.8499999,0.0,0.0,0.0,,"WORLD HEALTH ORGANIZATION ($88.4M); THE TASK FORCE FOR GLOBAL HEALTH, INC. ($83.2M); AFRICAN FIELD EPIDEMIOLOGY NETWORK LTD ($79.4M)",,0.0,0.15053071695261944,1.006769468154701,"mostly nonprofits, hospitals or companies",False
cd0c6205-ae0e-44fd-adf9-44db71b94674,Identification and Evaluation of Possible Approaches to Addressing Nitrosamine Impurities in Drugs (U01),93.103,978131651.19,204231952.81000003,317394711.29,6344842.82,13208169.0,393879205.75999993,0.0,0.0,6880186.38,NORTH CAROLINA DEPARTMENT OF AGRICULTURE & CONSUMER SERVICES,THE CRITICAL PATH INSTITUTE ($79.1M); NATIONAL ENVIRONMENTAL HEALTH ASSOCIATION ($44.4M); THE MEDICAL DEVICE INNOVATION CONSORTIUM ($42.6M),,0.2087980207587909,0.3244907890505904,0.9559642411554747,mixed recipients (some state agencies),False
ce0af039-93ef-4a21-879f-9ac3aca06b0d,REACHing Communities (REACH) Consortium (U01) Clinical Trials Optional,93.103,978131651.19,204231952.81000003,317394711.29,6344842.82,13208169.0,393879205.75999993,0.0,0.0,6880186.38,NORTH CAROLINA DEPARTMENT OF AGRICULTURE & CONSUMER SERVICES,THE CRITICAL PATH INSTITUTE ($79.1M); NATIONAL ENVIRONMENTAL HEALTH ASSOCIATION ($44.4M); THE MEDICAL DEVICE INNOVATION CONSORTIUM ($42.6M),,0.2087980207587909,0.3244907890505904,0.9559642411554747,mixed recipients (some state agencies),False
ce40dc6d-52a2-434c-8312-8a792306ae3d,Small Grants Program,19.040,257210709.31,0.0,18981816.92,765922.7,0.0,121256439.30999996,40952578.09,0.0,0.0,,MISCELLANEOUS FOREIGN AWARDEES ($41.0M); INDIVIDUAL RECIPIENT ($19.5M); MERIDIAN INTERNATIONAL CENTER ($4.4M),,0.0,0.07379870368120016,0.5482049301456434,mixed recipients (no state agencies),False
ce4783ff-15da-4007-87b9-200205f2e5b6,DOW Combat Readiness – Medical Research Program Translational Research Award,12.420,5640094062.21,0.0,3068370069.44,0.0,22619849.59,1893474804.760001,0.0,0.0,0.0,,"THE HENRY M. JACKSON FOUNDATION FOR THE ADVANCEMENT OF MILITARY MEDICINE, INC. ($420.3M); THE UNIVERISTY OF TEXAS M.D. ANDERSON CANCER CENTER ($150.0M); THE JOHNS HOPKINS UNIVERSITY ($136.4M)",,0.0,0.5440281732176817,0.8837556020895334,mostly universities,False
ce7b2eb1-fb49-4460-81ea-04064394eaf4,Advancement and Innovation in Measurement of Language Development and Predictors (R01 Clinical Trial Not Allowed),93.173;93.865,6584400412.34,0.0,4982430378.42,0.0,0.0,1184397276.3799999,0.0,0.0,0.0,,THE JOHNS HOPKINS UNIVERSITY ($66.5M); MASSACHUSETTS EYE AND EAR INFIRMARY ($63.7M); THE UNIVERSITY OF IOWA ($40.8M) | REGENTS OF THE UNIVERSITY OF MICHIGAN ($145.9M); THE JOHNS HOPKINS UNIVERSITY ($122.6M); UNIVERSITY OF WASHINGTON ($109.8M),,0.0,0.756702215296976,0.936581506076481,mostly universities,False
ce88b262-95b3-4f53-942d-41dc3ff2fa7f,INCLUDE Project: Clinical Trials Phased Awards for Down syndrome Research (R61/R33 Clinical Trial Required),93.173;93.233;93.310;93.350;93.395;93.837;93.838;93.839;93.840;93.846;93.847;93.865;93.866,55245168657.920006,215575.61000000002,41264145735.14,558986.0,149064411.82000002,10420453367.429998,0.0,0.0,0.0,,THE JOHNS HOPKINS UNIVERSITY ($66.5M); MASSACHUSETTS EYE AND EAR INFIRMARY ($63.7M); THE UNIVERSITY OF IOWA ($40.8M) | THE LELAND STANFORD JUNIOR UNIVERSITY ($131.6M); DUKE UNIVERSITY ($131.5M); YALE UNIV ($124.9M) | VANDERBILT UNIVERSITY MEDICAL CENTER ($81.9M); UNIVERSITY OF PITTSBURGH - OF THE COMMONWEALTH SYSTEM OF HIGHER EDUCATION ($79.6M); UNIVERSITY OF NORTH CAROLINA AT CHAPEL HILL ($60.0M),,3.902162220462239e-06,0.7469276814167953,0.9382619210914285,mostly universities,False
cf0d0679-8e43-4034-833b-0aa6cca9a1de,The NIDDK Disorders of Gastrointestinal Interoception Consortium Clinical Centers (DGIC),93.847,7801990499.05,0.0,5868063966.9,0.0,40709921.57,1426874242.5900002,0.0,0.0,0.0,,"REGENTS OF THE UNIVERSITY OF MICHIGAN ($278.9M); TRUSTEES OF THE UNIVERSITY OF PENNSYLVANIA, THE ($222.1M); WASHINGTON UNIVERSITY, THE ($189.5M)",,0.0,0.7521239570356458,0.9402277703303042,mostly universities,False
cf16b93e-9744-4efd-80ea-47f2e85dd940,Notice of Funding Opportunity (NOFO) SUSI Civic Engagement and Environmental Issues Selection Process,19.040,257210709.31,0.0,18981816.92,765922.7,0.0,121256439.30999996,40952578.09,0.0,0.0,,MISCELLANEOUS FOREIGN AWARDEES ($41.0M); INDIVIDUAL RECIPIENT ($19.5M); MERIDIAN INTERNATIONAL CENTER ($4.4M),,0.0,0.07379870368120016,0.5482049301456434,mixed recipients (no state agencies),False
cf2715a3-010f-4d16-9153-113579cfb0ac,Centers for Genomics Research Capacity Building,93.172,1744531538.97,0.0,1235774918.2100003,1175890.0,1503596.0,492556536.87,0.0,0.0,0.0,,"THE LELAND STANFORD JUNIOR UNIVERSITY ($118.8M); UNIVERSITY OF WASHINGTON ($97.7M); THE BROAD INSTITUTE, INC ($94.8M)",,0.0,0.7083706373916415,0.9922497257355505,mostly universities,False
cfa56b8d-4bbb-4087-9deb-008c97153720,RESTORE Act Direct Component - Non-Construction Activities,21.015,477728924.0,384251367.41999996,0.0,0.0,76661961.67000002,16815594.92,0.0,0.0,0.0,,COASTAL PROTECTION & RESTORATION AUTHORITY OF LOUISIANA ($127.9M); ALABAMA DEPARTMENT OF CONSERVATION AND NATURAL RESOURCES ($117.9M); DEPARTMENT OF ENVIRONMENTAL QUALITY MISSISSIPPI ($103.2M),,0.8043292924420041,0.0,1.0000000000209324,other state agencies win this,True
cfc3f14d-a37a-4cf4-a5f4-420d7c3a78bb,Family Unification Program (FUP) Multi-Year NOFO,14.880,0.0,0.0,0.0,0.0,0.0,0.0,0.0,0.0,0.0,,,,0.0,0.0,0.0,no awards found FY2022-FY2025,False
cfd077a0-5a0e-47eb-a8e2-8d5646c15f2a,Center for Inherited Disease Research (CIDR) High Throughput Sequencing and Genotyping Resource Access (X01 Clinical Trial Not Allowed),93.172,1744531538.97,0.0,1235774918.2100003,1175890.0,1503596.0,492556536.87,0.0,0.0,0.0,,"THE LELAND STANFORD JUNIOR UNIVERSITY ($118.8M); UNIVERSITY OF WASHINGTON ($97.7M); THE BROAD INSTITUTE, INC ($94.8M)",,0.0,0.7083706373916415,0.9922497257355505,mostly universities,False
d0033870-c493-41da-a2e3-98e2e341ea90,Developing PBPK Model-Based Mechanistic IVIVCs for Long Acting Injectable Suspensions and Implants (U01) Clinical Trial Optional,93.103,978131651.19,204231952.81000003,317394711.29,6344842.82,13208169.0,393879205.75999993,0.0,0.0,6880186.38,NORTH CAROLINA DEPARTMENT OF AGRICULTURE & CONSUMER SERVICES,THE CRITICAL PATH INSTITUTE ($79.1M); NATIONAL ENVIRONMENTAL HEALTH ASSOCIATION ($44.4M); THE MEDICAL DEVICE INNOVATION CONSORTIUM ($42.6M),,0.2087980207587909,0.3244907890505904,0.9559642411554747,mixed recipients (some state agencies),False
d012ee5f-6d1a-4344-ad32-168ea9bcad98,Annual Program Statement for U.S. Presentation at International Architecture Biennales,19.415,425297209.44,0.0,22738729.48,1400000.0,-33835.84,401763747.37000006,-571431.57,0.0,0.0,,"AMERICAN COUNCILS FOR INTERNATIONAL EDUCATION: ACTR/ACCELS, INC. ($167.2M); INTERNATIONAL RESEARCH AND EXCHANGES BOARD INC. ($42.2M); WORLD LEARNING INC. ($25.3M)",,0.0,0.053465503594393865,1.0013436052654858,"mostly nonprofits, hospitals or companies",False
d056d8ef-89b0-4e67-ab19-1aa5384ee71b,Program to End Modern Slavery Annual Program Statement,19.019,246394243.55,0.0,21946412.42,0.0,0.0,224447831.13000003,0.0,0.0,0.0,,INTERNATIONAL ORGANIZATION FOR MIGRATION ($44.5M); UNITED NATIONS OFFICE ON DRUGS AND CRIME ($17.0M); INTERNATIONAL JUSTICE MISSION ($15.4M),,0.0,0.0890703131039118,1.0,"mostly nonprofits, hospitals or companies",False
d05b15ba-864c-4255-a510-42d9fd966215,Fiscal Year (FY) 2027 Service Area Competition (SAC),93.224,13569529178.64,0.0,0.0,39983416.69,184853942.29,4420764918.75,0.0,9906240.86,9906240.86,NORTH CAROLINA DEPARTMENT OF HEALTH & HUMAN SERVICES,"CLINICA SIERRA VISTA ($52.4M); FAMILY HEALTH CENTERS OF SAN DIEGO INC ($51.8M); SUN RIVER HEALTH, INC. ($50.2M)",,0.0,0.0,0.3423554506992558,NC DHHS has received awards,True
d07ebcd7-96cf-40cb-8ae3-f401b6274080,PRIMED-AI: Data-to-Model Academic-Industrial Partnerships (D2M-AIP) for Precision Medicine with AI: Integrating Imaging with Multimodal Data (UG3/UH3 Clinical Trial Optional),93.310,4621186637.45,0.0,3411866036.6800003,0.0,3057218.0,973117064.68,0.0,0.0,0.0,,THE LELAND STANFORD JUNIOR UNIVERSITY ($131.6M); DUKE UNIVERSITY ($131.5M); YALE UNIV ($124.9M),,0.0,0.7383095088673349,0.9495483873772623,mostly universities,False
d0a3f1a1-e322-49c9-9cbf-e144a9fc0cf1,DRAFT Community Noise Mitigation Program,12.600,1149342560.94,178677770.59,36276195.0,0.0,707893445.5,226495149.85,0.0,0.0,0.0,,SCHOOL DIST #201 ISLAND COUNTY ($137.0M); HAWAII STATE DEPARTMENT OF EDUCATION ($119.3M); HILLSBOROUGH COUNTY SCHOOL DISTRICT ($86.4M),,0.1554608492387742,0.03156256127009792,1.0,mostly local governments,False
d0c117d6-6a01-4747-b38e-73e71bfa24b6,Limited Competition: Clinical and Translational Science Award (CTSA) Program: Collaborative and Innovative Acceleration Award (UG3/UH3 Clinical Trial Optional),93.121;93.172;93.307;93.313;93.350;93.846;93.855;93.859;93.865,43738312777.00001,0.0,33084045411.750023,3893265.4299999997,12240262.42,7350642280.83,0.0,0.0,0.0,,"REGENTS OF THE UNIVERSITY OF MICHIGAN ($71.4M); REGENTS OF THE UNIVERSITY OF CALIFORNIA, SAN FRANCISCO, THE ($64.3M); UNIVERSITY OF SOUTHERN CALIFORNIA ($62.6M) | THE LELAND STANFORD JUNIOR UNIVERSITY ($118.8M); UNIVERSITY OF WASHINGTON ($97.7M); THE BROAD INSTITUTE, INC ($94.8M) | THE JOHNS HOPKINS UNIVERSITY ($58.5M); THE TRUSTEES OF COLUMBIA UNIVERSITY IN THE CITY OF NEW YORK ($51.8M); UNIVERSI",,0.0,0.7564088166918825,0.9248372571358371,mostly universities,False
d0d4d391-fca7-490f-99e4-018a0a05c4fd,NSF National Innovation Corps Teams (NSF National I-Corps (TM) Teams) program,47.041;47.049;47.050;47.070;47.074;47.075;47.076;47.079;47.083;47.084,32412699683.0,33153443.0,24271392297.0,5844001.0,10109019.0,4120282094.0,160901546.0,0.0,694321.0,FRIENDS OF THE NORTH CAROLINA STATE MUSEUM OF NATURAL SCIENCES,"PURDUE UNIVERSITY ($81.2M); REGENTS OF THE UNIVERSITY OF MICHIGAN ($81.1M); GEORGIA TECH RESEARCH CORP ($80.6M) | ASSOCIATION OF UNIVERSITIES FOR RESEARCH IN ASTRONOMY, INC. ($574.0M); ASSOCIATED UNIVERSITIES INC ($531.2M); CALIFORNIA INSTITUTE OF TECHNOLOGY ($254.7M) | UNIVERSITY CORPORATION FOR ATMOSPHERIC RESEARCH ($587.8M); WOODS HOLE OCEANOGRAPHIC INSTITUTION ($497.0M); TEXAS A & M RESEARCH F",,0.0010228534902752488,0.7488235331946138,0.8774579449460912,mostly universities,False
d0d553a4-1d8b-4cfa-bf2a-6f4d9e935a28,Funding for New Counter-Disinformation Game,19.040,257210709.31,0.0,18981816.92,765922.7,0.0,121256439.30999996,40952578.09,0.0,0.0,,MISCELLANEOUS FOREIGN AWARDEES ($41.0M); INDIVIDUAL RECIPIENT ($19.5M); MERIDIAN INTERNATIONAL CENTER ($4.4M),,0.0,0.07379870368120016,0.5482049301456434,mixed recipients (no state agencies),False
d105798f-211e-41bd-9361-46a7f634ea96,BROAD AGENCY ANNOUNCEMENT (BAA) for Extramural Biomedical and Human Performance Research and Development Department of Defense,12.420,5640094062.21,0.0,3068370069.44,0.0,22619849.59,1893474804.760001,0.0,0.0,0.0,,"THE HENRY M. JACKSON FOUNDATION FOR THE ADVANCEMENT OF MILITARY MEDICINE, INC. ($420.3M); THE UNIVERISTY OF TEXAS M.D. ANDERSON CANCER CENTER ($150.0M); THE JOHNS HOPKINS UNIVERSITY ($136.4M)",,0.0,0.5440281732176817,0.8837556020895334,mostly universities,False
d11d69d2-58da-41ad-a298-1dfc10877bf8,Studies Addressing Rare Neurodegenerative Diseases including ALS,93.103,978131651.19,204231952.81000003,317394711.29,6344842.82,13208169.0,393879205.75999993,0.0,0.0,6880186.38,NORTH CAROLINA DEPARTMENT OF AGRICULTURE & CONSUMER SERVICES,THE CRITICAL PATH INSTITUTE ($79.1M); NATIONAL ENVIRONMENTAL HEALTH ASSOCIATION ($44.4M); THE MEDICAL DEVICE INNOVATION CONSORTIUM ($42.6M),,0.2087980207587909,0.3244907890505904,0.9559642411554747,mixed recipients (some state agencies),False
d120e2b0-2891-4761-a4a3-91d426e5e9f6,Native American Research Centers for Health (NARCH),93.859,12070484526.24,0.0,9612792260.85001,0.0,0.0,889455283.0399997,0.0,0.0,0.0,,"THE LELAND STANFORD JUNIOR UNIVERSITY ($235.0M); REGENTS OF THE UNIVERSITY OF MICHIGAN ($221.4M); UNIVERSITY OF CALIFORNIA, SAN DIEGO ($215.2M)",,0.0,0.7963882675921403,0.8700767165608966,mostly universities,False
d130e512-7423-41a6-bde5-edba8cf84f61,2nd Annual Program Statement PA Italy,19.040,257210709.31,0.0,18981816.92,765922.7,0.0,121256439.30999996,40952578.09,0.0,0.0,,MISCELLANEOUS FOREIGN AWARDEES ($41.0M); INDIVIDUAL RECIPIENT ($19.5M); MERIDIAN INTERNATIONAL CENTER ($4.4M),,0.0,0.07379870368120016,0.5482049301456434,mixed recipients (no state agencies),False
d197a1f8-5a9a-4b17-a2e1-2d73b3ba7850,Blueprint Neurotherapeutics Network (BPN): Biologic-based Drug Discovery and Development for Disorders of the Nervous System (UG3/UH3 Clinical Trial Optional),93.113;93.121;93.213;93.242;93.273;93.279;93.853;93.866;93.867,43827452372.94,0.0,33902876565.350002,1957656.0699999998,31253939.22,7030861178.209999,0.0,0.0,0.0,,"ICAHN SCHOOL OF MEDICINE AT MOUNT SINAI ($73.2M); THE TRUSTEES OF COLUMBIA UNIVERSITY IN THE CITY OF NEW YORK ($64.4M); UNIVERSITY OF NORTH CAROLINA AT CHAPEL HILL ($57.1M) | REGENTS OF THE UNIVERSITY OF MICHIGAN ($71.4M); REGENTS OF THE UNIVERSITY OF CALIFORNIA, SAN FRANCISCO, THE ($64.3M); UNIVERSITY OF SOUTHERN CALIFORNIA ($62.6M) | YALE UNIV ($22.6M); THE GENERAL HOSPITAL CORPORATION ($17.0M);",,0.0,0.7735534403611002,0.9347326189587936,mostly universities,False
d1aa3067-5978-40bd-a18a-a8c219bdcee2,Physical Oceanography,47.050,4267308537.0,0.0,3152349973.0,0.0,0.0,938761319.0,14427929.0,0.0,0.0,,UNIVERSITY CORPORATION FOR ATMOSPHERIC RESEARCH ($587.8M); WOODS HOLE OCEANOGRAPHIC INSTITUTION ($497.0M); TEXAS A & M RESEARCH FOUNDATION ($228.6M),,0.0,0.7387208929627016,0.9587099823056455,mostly universities,False
d1ba49e5-3684-4420-849a-ab2330ec493e,"NIH, CDC and FDA Small Business Innovation Research Grant (Parent SBIR [R43/R44] Clinical Trial Optional)",93.068;93.070;93.073;93.083;93.084;93.103;93.113;93.121;93.136;93.142;93.143;93.172;93.173;93.213;93.233;93.242;93.273;93.279;93.286;93.307;93.313;93.326;93.350;93.351;93.361;93.393;93.394;93.395;93.837;93.838;93.839;93.840;93.846;93.847;93.853;93.855;93.859;93.865;93.866;93.867;93.879,124484452562.96,1492632481.84,91391593384.55002,84045335.93,477433516.57,22947115200.99,0.0,40962770.879999995,47857957.25999999,NORTH CAROLINA DEPARTMENT OF AGRICULTURE & CONSUMER SERVICES; NORTH CAROLINA DEPARTMENT OF HEALTH & HUMAN SERVICES; NORTH CAROLINA DEPARTMENT OF PUBLIC INSTRUCTION,"NEW YORK UNIVERSITY ($3.8M); AMERICAN COLLEGE OF RHEUMATOLOGY, INC ($3.4M); LUPUS FOUNDATION OF AMERICA INC. ($3.4M) | MICHIGAN DEPARTMENT OF HEALTH AND HUMAN SERVICES ($8.3M); MINNESOTA DEPARTMENT OF HEALTH ($5.2M); AMERICA'S POISON CENTERS ($4.6M) | THE JOHNS HOPKINS UNIVERSITY ($4.5M); UNIVERSITY OF NORTH CAROLINA AT CHAPEL HILL ($3.4M); AMERICAN ACADEMY OF PEDIATRICS ($2.8M) | COUNCIL OF MEDIC",,0.011990513281850013,0.7341607044327665,0.9349988494427647,NC DHHS has received awards,True
d1bbe8bf-fd2c-4bdc-8c7d-ebc5e095b3b4,Ruth L. Kirschstein National Research Service Award (NRSA) Individual Fellowship for Students at Institutions with NIH-Funded Institutional Predoctoral Dual-Degree Training Programs (Parent F30),93.113;93.121;93.173;93.213;93.233;93.242;93.273;93.279;93.307;93.310;93.361;93.398;93.837;93.838;93.839;93.840;93.847;93.855;93.865;93.866;93.867,87805892820.76001,215575.61000000002,65874321667.27,5789860.43,113746855.56,16254494344.17,0.0,0.0,0.0,,"ICAHN SCHOOL OF MEDICINE AT MOUNT SINAI ($73.2M); THE TRUSTEES OF COLUMBIA UNIVERSITY IN THE CITY OF NEW YORK ($64.4M); UNIVERSITY OF NORTH CAROLINA AT CHAPEL HILL ($57.1M) | REGENTS OF THE UNIVERSITY OF MICHIGAN ($71.4M); REGENTS OF THE UNIVERSITY OF CALIFORNIA, SAN FRANCISCO, THE ($64.3M); UNIVERSITY OF SOUTHERN CALIFORNIA ($62.6M) | THE JOHNS HOPKINS UNIVERSITY ($66.5M); MASSACHUSETTS EYE AND E",,2.4551382951034842e-06,0.7502266596359383,0.9367089800104385,mostly universities,False
d20337d3-5bbf-4301-9282-ed38c9582ba0,Analysis,47.049,6727369096.0,0.0,5005763263.0,0.0,0.0,1316835947.0,71509669.0,0.0,0.0,,"ASSOCIATION OF UNIVERSITIES FOR RESEARCH IN ASTRONOMY, INC. ($574.0M); ASSOCIATED UNIVERSITIES INC ($531.2M); CALIFORNIA INSTITUTE OF TECHNOLOGY ($254.7M)",,0.0,0.7440892853606557,0.9398323653386774,mostly universities,False
d23e74e1-5ffd-4ef3-ad72-7fb9697e5949,Interventions to Address Disparities in Liver Diseases and Liver Cancer (R01 - Clinical Trials Optional),93.273;93.307;93.399,4156084909.81,0.0,3204126644.189999,1904412.3599999999,1264793.0,868752115.0699999,0.0,0.0,0.0,,"YALE UNIV ($71.9M); UNIVERSITY OF NORTH CAROLINA AT CHAPEL HILL ($48.6M); TRUSTEES OF INDIANA UNIVERSITY ($45.7M) | THE JOHNS HOPKINS UNIVERSITY ($58.5M); THE TRUSTEES OF COLUMBIA UNIVERSITY IN THE CITY OF NEW YORK ($51.8M); UNIVERSITY OF HAWAII ($43.0M) | ECOG-ACRIN MEDICAL RESEARCH FOUNDATION, INC. ($80.5M); NRG ONCOLOGY FOUNDATION INC ($47.0M); ALLIANCE NCTN FOUNDATION ($40.7M)",,0.0,0.7709483116254425,0.980742225693926,mostly universities,False
d269d1d5-241b-48d5-b1c0-d7e614f02f09,Boosting Innovative GEOINT - Science & Technology  Broad Agency Announcement (BIG-ST BAA),12.630,1018931623.4100001,0.0,726860963.8400002,0.0,0.0,275566843.68,0.0,0.0,0.0,,MSI STEM RESEARCH & DEVELOPMENT CONSORTIUM ($73.1M); BATTELLE MEMORIAL INSTITUTE ($69.6M); UNIVERSITY OF CALIFORNIA SAN DIEGO ($44.1M),,0.0,0.7133559771238194,0.9838028229659146,mostly universities,False
d2717fb7-71bc-4742-b421-46ce6d8b0f7c,FY 2024 – 2026 - Broad Agency Announcement (BAA) Announcement Type: Initial,11.015,18645634.0,0.0,9686514.0,0.0,0.0,8959120.0,0.0,0.0,0.0,,NATIONAL FISH AND WILDLIFE FOUNDATION ($6.4M); UNIVERSITY OF MASSACHUSETTS LOWELL ($3.4M); UNIVERSITY OF ROCHESTER ($2.8M),,0.0,0.5195057459563992,1.0,mostly universities,False
d2c68406-e847-4502-8fce-0eb66ca5baab,Innovative Pilot Mental Health Services Research Not Involving Clinical Trials (R34 Clinical Trial Not Allowed),93.242,7107924163.190001,0.0,5396186256.740001,0.0,0.0,1251736935.5299997,0.0,0.0,0.0,,"YALE UNIV ($308.6M); UNIVERSITY OF PITTSBURGH - OF THE COMMONWEALTH SYSTEM OF HIGHER EDUCATION ($244.2M); UNIVERSITY OF CALIFORNIA, LOS ANGELES ($186.0M)",,0.0,0.7591789294384114,0.9352833597603335,mostly universities,False
d328b689-058f-47a8-b290-fd3f7b36bafd,Tactical Behaviors for Autonomous Maneuver,12.630,1018931623.4100001,0.0,726860963.8400002,0.0,0.0,275566843.68,0.0,0.0,0.0,,MSI STEM RESEARCH & DEVELOPMENT CONSORTIUM ($73.1M); BATTELLE MEMORIAL INSTITUTE ($69.6M); UNIVERSITY OF CALIFORNIA SAN DIEGO ($44.1M),,0.0,0.7133559771238194,0.9838028229659146,mostly universities,False
d3522436-c23c-4947-a204-f9039454dc77,National Facilities,47.049,6727369096.0,0.0,5005763263.0,0.0,0.0,1316835947.0,71509669.0,0.0,0.0,,"ASSOCIATION OF UNIVERSITIES FOR RESEARCH IN ASTRONOMY, INC. ($574.0M); ASSOCIATED UNIVERSITIES INC ($531.2M); CALIFORNIA INSTITUTE OF TECHNOLOGY ($254.7M)",,0.0,0.7440892853606557,0.9398323653386774,mostly universities,False
d37264ed-efc2-47ca-a9d3-ab2f2b69d0c5,DoW Melanoma Research Program Team Science Award,12.420,5640094062.21,0.0,3068370069.44,0.0,22619849.59,1893474804.760001,0.0,0.0,0.0,,"THE HENRY M. JACKSON FOUNDATION FOR THE ADVANCEMENT OF MILITARY MEDICINE, INC. ($420.3M); THE UNIVERISTY OF TEXAS M.D. ANDERSON CANCER CENTER ($150.0M); THE JOHNS HOPKINS UNIVERSITY ($136.4M)",,0.0,0.5440281732176817,0.8837556020895334,mostly universities,False
d3dfbffd-183a-4fd1-89b5-141d4ff5d80c,Archaeology Program Senior Research Awards,47.075,843974005.0,0.0,705744304.0,0.0,0.0,76586867.0,10961722.0,0.0,0.0,,REGENTS OF THE UNIVERSITY OF MICHIGAN ($99.6M); NATIONAL BUREAU OF ECONOMIC RESEARCH INC ($29.0M); NATIONAL OPINION RESEARCH CENTER ($18.9M),,0.0,0.8362156888943517,0.9269612172474435,mostly universities,False
d3fa5bee-6713-46d4-9f6f-24e839301546,"International Programs & Trade, Invasive Species Program Funding Opportunity",10.684,90216583.34,0.0,20714450.739999995,199982.58,0.0,67522109.15,0.0,0.0,0.0,,FOREST SERVICE INTERNATIONAL FOUNDATION ($7.8M); MONARCH JOINT VENTURE ($6.3M); PROFONANPE ($3.2M),,0.0,0.22960801632149233,0.9802692497975505,"mostly nonprofits, hospitals or companies",False
d40414c8-6ebb-4e3a-a9e0-5bf7e0a40d63,Pregnancy and Postpartum Hypertension Control Initiative,93.088,44671569.22,8111401.71,14420192.1,1200000.0,2900493.5,18039481.92,0.0,0.0,0.0,,JSI RESEARCH & TRAINING INSTITUTE INC ($7.2M); VIRGINIA COMMONWEALTH UNIVERSITY ($3.2M); PACIFIC INSTITUTE FOR RESEARCH & EVALUATION ($2.3M),,0.1815786159212967,0.3228046910325216,1.000000000223856,mixed recipients (some state agencies),False
d4268bdd-718e-40f1-8754-b42a26df3aed,EPSCoR Research Infrastructure Improvement Program: EPSCoR Research Incubators for STEM Excellence (E-RISE),47.075,843974005.0,0.0,705744304.0,0.0,0.0,76586867.0,10961722.0,0.0,0.0,,REGENTS OF THE UNIVERSITY OF MICHIGAN ($99.6M); NATIONAL BUREAU OF ECONOMIC RESEARCH INC ($29.0M); NATIONAL OPINION RESEARCH CENTER ($18.9M),,0.0,0.8362156888943517,0.9269612172474435,mostly universities,False
d4999547-c9a4-4812-9535-0d8d88fc4803,DOD Defense Health Agency (DHA) Research & Development FY23-FY27 BROAD AGENCY ANNOUNCEMENT for Extramural Medical Research,12.420,5640094062.21,0.0,3068370069.44,0.0,22619849.59,1893474804.760001,0.0,0.0,0.0,,"THE HENRY M. JACKSON FOUNDATION FOR THE ADVANCEMENT OF MILITARY MEDICINE, INC. ($420.3M); THE UNIVERISTY OF TEXAS M.D. ANDERSON CANCER CENTER ($150.0M); THE JOHNS HOPKINS UNIVERSITY ($136.4M)",,0.0,0.5440281732176817,0.8837556020895334,mostly universities,False
d4d26a55-bb35-40f0-b205-1b261d7807a7,Chicago FY 2021 – FY 2023 EDA Planning and Local Technical Assistance,11.302;11.303,151550437.96,10812384.62,27284643.970000003,5240988.68,3076677.62,57299314.51,0.0,0.0,0.0,,"KENTUCKY DEPARTMENT FOR LOCAL GOVERNMENT ($5.0M); SOUTHEASTERN NEW MEXICO ECONOMIC DEVELOPMENT DISTRICT, INC. ($0.8M); SEDA COUNCIL OF GOVERNMENTS ($0.7M) | NATIONAL ASSOCIATION OF DEVELOPMENT ORGANIZATIONS RESEARCH FOUNDATION, INC. ($1.5M); BOARD OF REGENTS OF NEVADA SYSTEM OF HIGHER EDUCATION ($1.0M); INSTITUTE FOR LOCAL SELF-RELIANCE, INC. ($0.8M)",,0.0713451228880896,0.18003672135346432,0.6843530826837605,mixed recipients (some state agencies),False
d4e9f37d-0a43-40de-94bb-4d007267df73,MPS Physics Research Programs (MPS Physics),47.049,6727369096.0,0.0,5005763263.0,0.0,0.0,1316835947.0,71509669.0,0.0,0.0,,"ASSOCIATION OF UNIVERSITIES FOR RESEARCH IN ASTRONOMY, INC. ($574.0M); ASSOCIATED UNIVERSITIES INC ($531.2M); CALIFORNIA INSTITUTE OF TECHNOLOGY ($254.7M)",,0.0,0.7440892853606557,0.9398323653386774,mostly universities,False
d5000ab5-7171-4c60-8d85-ce2117bfc9aa,Annual Recurring University Training and Research,81.089,2772574956.6400003,317814520.0,943182116.53,53040000.0,47856740.0,1407261007.1600006,0.0,0.0,0.0,,COLORADO STATE UNIVERSITY ($334.3M); INSTITUTE OF GAS TECHNOLOGY ($257.5M); TEXAS COMMISSION ON ENVIRONMENTAL QUALITY ($134.2M),,0.11462792709674828,0.3401827295132947,0.998766282966739,"mostly nonprofits, hospitals or companies",False
d525c635-fbd4-4490-81d1-dcc147792eff,NHLBI Career Transition Award for Intramural Postdoctoral Fellows and Research Trainees (K22 Clinical Trial Required),93.233;93.837;93.838;93.839;93.840,11888355597.69,215575.61000000002,8800651331.629995,558986.0,27191929.69,2221105805.2699995,0.0,0.0,0.0,,"BRIGHAM & WOMENS HOSPITAL INC ($302.8M); TRUSTEES OF THE UNIVERSITY OF PENNSYLVANIA, THE ($298.7M); REGENTS OF THE UNIVERSITY OF MICHIGAN ($288.2M) | THE REGENTS OF THE UNIVERSITY OF COLORADO ($1.5M); INDIANA DEPARTMENT OF HEALTH ($0.6M); MINNESOTA DEPARTMENT OF HEALTH ($0.4M)",,1.8133341337963344e-05,0.740274906761708,0.9294576981148714,mostly universities,False
d58539ca-cfee-40d8-a0cc-b4fbd68bdd79,Austin FY 2021 – FY 2023 EDA Planning and Local Technical Assistance,11.302;11.303,151550437.96,10812384.62,27284643.970000003,5240988.68,3076677.62,57299314.51,0.0,0.0,0.0,,"KENTUCKY DEPARTMENT FOR LOCAL GOVERNMENT ($5.0M); SOUTHEASTERN NEW MEXICO ECONOMIC DEVELOPMENT DISTRICT, INC. ($0.8M); SEDA COUNCIL OF GOVERNMENTS ($0.7M) | NATIONAL ASSOCIATION OF DEVELOPMENT ORGANIZATIONS RESEARCH FOUNDATION, INC. ($1.5M); BOARD OF REGENTS OF NEVADA SYSTEM OF HIGHER EDUCATION ($1.0M); INSTITUTE FOR LOCAL SELF-RELIANCE, INC. ($0.8M)",,0.0713451228880896,0.18003672135346432,0.6843530826837605,mixed recipients (some state agencies),False
d585c440-7e3a-4f58-b09b-b5cc4f85955f,US Army Combat Capabilities Development Command Broad Agency Announcement,12.431,2303372550.5,0.0,1740909553.2299995,0.0,0.0,488342019.1999998,0.0,0.0,0.0,,"UNIVERSITY OF MARYLAND, COLLEGE PARK ($133.9M); GENERAL DYNAMICS ROBOTIC SYSTEMS INC ($106.0M); MASSACHUSETTS INSTITUTE OF TECHNOLOGY ($84.9M)",,0.0,0.7558089345347522,0.9678206731890111,mostly universities,False
d5b530c0-49d4-4132-b779-92740cd67b37,Innovation Grants to Nurture Initial Translational Efforts (IGNITE): Therapeutic Agent Characterization and Preclinical Efficacy Studies,93.853,7301417548.76,0.0,5703307653.840002,0.0,8115452.99,1095037634.0900006,0.0,0.0,0.0,,"THE GENERAL HOSPITAL CORPORATION ($234.6M); REGENTS OF THE UNIVERSITY OF CALIFORNIA, SAN FRANCISCO, THE ($226.7M); THE JOHNS HOPKINS UNIVERSITY ($223.1M)",,0.0,0.7811233388246087,0.9322108611739297,mostly universities,False
d608e124-edb6-4788-85f1-65c924070f62,FY 2024 – 2026 - Broad Agency Announcement (BAA),11.015,18645634.0,0.0,9686514.0,0.0,0.0,8959120.0,0.0,0.0,0.0,,NATIONAL FISH AND WILDLIFE FOUNDATION ($6.4M); UNIVERSITY OF MASSACHUSETTS LOWELL ($3.4M); UNIVERSITY OF ROCHESTER ($2.8M),,0.0,0.5195057459563992,1.0,mostly universities,False
d627b1df-47ea-4df5-8d54-0d22bfa6563f,DoW Melanoma Research Program Survivorship Research Award,12.420,5640094062.21,0.0,3068370069.44,0.0,22619849.59,1893474804.760001,0.0,0.0,0.0,,"THE HENRY M. JACKSON FOUNDATION FOR THE ADVANCEMENT OF MILITARY MEDICINE, INC. ($420.3M); THE UNIVERISTY OF TEXAS M.D. ANDERSON CANCER CENTER ($150.0M); THE JOHNS HOPKINS UNIVERSITY ($136.4M)",,0.0,0.5440281732176817,0.8837556020895334,mostly universities,False
d63a14af-6c35-4920-9a31-53d5aef8fd33,BRAIN Initiative: Data Archives for the BRAIN Initiative,93.242,7107924163.190001,0.0,5396186256.740001,0.0,0.0,1251736935.5299997,0.0,0.0,0.0,,"YALE UNIV ($308.6M); UNIVERSITY OF PITTSBURGH - OF THE COMMONWEALTH SYSTEM OF HIGHER EDUCATION ($244.2M); UNIVERSITY OF CALIFORNIA, LOS ANGELES ($186.0M)",,0.0,0.7591789294384114,0.9352833597603335,mostly universities,False
d6520035-ce74-4cb2-9047-28429757d3dd,Statistics,47.049,6727369096.0,0.0,5005763263.0,0.0,0.0,1316835947.0,71509669.0,0.0,0.0,,"ASSOCIATION OF UNIVERSITIES FOR RESEARCH IN ASTRONOMY, INC. ($574.0M); ASSOCIATED UNIVERSITIES INC ($531.2M); CALIFORNIA INSTITUTE OF TECHNOLOGY ($254.7M)",,0.0,0.7440892853606557,0.9398323653386774,mostly universities,False
d6b0c5c6-bc62-4f60-938c-bee3a9a2b511,"Ryan White HIV/AIDS Program Part D - Women, Infants, Children and Youth Grant Supplemental Funding",93.153,260509812.51,17804734.8,97407533.80999999,0.0,29753908.410000004,115543635.49000002,0.0,0.0,0.0,,"HEALTH, NEW JERSEY DEPARTMENT OF ($8.1M); UNIVERSITY OF MIAMI ($7.0M); MONTEFIORE MEDICAL CENTER ($6.5M)",,0.06834573572662084,0.3739111892618666,1.0000000000000002,mixed recipients (some state agencies),False
d6b67f8d-4044-4415-9e98-033bd927bd3e,Zero Suicide Initiative,93.00F,0.0,0.0,0.0,0.0,0.0,0.0,0.0,0.0,0.0,,,not a standard assistance listing number,0.0,0.0,0.0,unknown (API error or non-standard listing),False
d73ae356-f2bf-46e2-9838-207e1e01c400,Assay Validation of High Quality Markers for Clinical Studies in Cancer (UH2/UH3 Clinical Trial Not Allowed),93.394,2210353701.25,0.0,1345944191.9999993,0.0,17057231.69,718168494.6399997,0.0,0.0,0.0,,"REGENTS OF THE UNIVERSITY OF CALIFORNIA, SAN FRANCISCO, THE ($91.2M); FRED HUTCHINSON CANCER CENTER ($89.9M); SLOAN-KETTERING INSTITUTE FOR CANCER RESEARCH ($76.5M)",,0.0,0.6089270650388852,0.9415551534367803,mostly universities,False
d7411a32-fc22-4455-b33e-9cde49981bc4,Expeditions in Computing,47.070,4179713004.0,0.0,3693008871.0,5844001.0,3996174.0,293157321.0,0.0,0.0,0.0,,"UNIVERSITY OF TEXAS AT AUSTIN ($331.4M); UNIVERSITY OF CALIFORNIA, SAN DIEGO ($169.2M); UNIVERSITY OF ILLINOIS ($164.0M)",,0.0,0.8835556095516074,0.9560480260668156,mostly universities,False
d74df651-ab55-4651-9c55-fc67b40d917c,Transformative Technologies for Experimental and Computational RNome Characterization and Functional Analysis,93.310,4621186637.45,0.0,3411866036.6800003,0.0,3057218.0,973117064.68,0.0,0.0,0.0,,THE LELAND STANFORD JUNIOR UNIVERSITY ($131.6M); DUKE UNIVERSITY ($131.5M); YALE UNIV ($124.9M),,0.0,0.7383095088673349,0.9495483873772623,mostly universities,False
d75201a7-bce7-44f9-b16a-4aa957fd68d7,Midcareer Investigator Award in Patient-Oriented Research (Parent K24 Independent Clinical Trial Required),93.113;93.173;93.213;93.233;93.242;93.273;93.279;93.310;93.313;93.361;93.837;93.838;93.839;93.840;93.846;93.855;93.866,70419707564.9,215575.61000000002,52506413826.090004,3072485.0,57354387.010000005,13250568023.54,0.0,0.0,0.0,,ICAHN SCHOOL OF MEDICINE AT MOUNT SINAI ($73.2M); THE TRUSTEES OF COLUMBIA UNIVERSITY IN THE CITY OF NEW YORK ($64.4M); UNIVERSITY OF NORTH CAROLINA AT CHAPEL HILL ($57.1M) | THE JOHNS HOPKINS UNIVERSITY ($66.5M); MASSACHUSETTS EYE AND EAR INFIRMARY ($63.7M); THE UNIVERSITY OF IOWA ($40.8M) | YALE UNIV ($22.6M); THE GENERAL HOSPITAL CORPORATION ($17.0M); DUKE UNIVERSITY ($15.9M) | YALE UNIV ($308.,,3.061296580951034e-06,0.7456210149367519,0.9346477935397753,mostly universities,False
d7e29c22-7d81-49cc-9be1-c05e2140490d,Limited Competition: High Impact Specialized Innovation Programs in Clinical and Translational Science (RC2 Clinical Trial Optional),93.350;93.855,19655725246.73,0.0,14240408109.35001,0.0,9836298.42,4197084763.1900005,0.0,0.0,0.0,,"VANDERBILT UNIVERSITY MEDICAL CENTER ($81.9M); UNIVERSITY OF PITTSBURGH - OF THE COMMONWEALTH SYSTEM OF HIGHER EDUCATION ($79.6M); UNIVERSITY OF NORTH CAROLINA AT CHAPEL HILL ($60.0M) | FRED HUTCHINSON CANCER CENTER ($787.0M); DUKE UNIVERSITY ($576.9M); UNIVERSITY OF CALIFORNIA, LOS ANGELES ($576.8M)",,0.0,0.7244916140511832,0.9385219288221877,mostly universities,False
d8202f1b-4bb1-4230-a4df-5278277b72a4,"DoW Military Burn, Patient-Centered Research Award",12.420,5640094062.21,0.0,3068370069.44,0.0,22619849.59,1893474804.760001,0.0,0.0,0.0,,"THE HENRY M. JACKSON FOUNDATION FOR THE ADVANCEMENT OF MILITARY MEDICINE, INC. ($420.3M); THE UNIVERISTY OF TEXAS M.D. ANDERSON CANCER CENTER ($150.0M); THE JOHNS HOPKINS UNIVERSITY ($136.4M)",,0.0,0.5440281732176817,0.8837556020895334,mostly universities,False
d8256c27-2afc-4973-b602-4b8c61a503a7,DoW Rare Cancers Concept Award,12.420,5640094062.21,0.0,3068370069.44,0.0,22619849.59,1893474804.760001,0.0,0.0,0.0,,"THE HENRY M. JACKSON FOUNDATION FOR THE ADVANCEMENT OF MILITARY MEDICINE, INC. ($420.3M); THE UNIVERISTY OF TEXAS M.D. ANDERSON CANCER CENTER ($150.0M); THE JOHNS HOPKINS UNIVERSITY ($136.4M)",,0.0,0.5440281732176817,0.8837556020895334,mostly universities,False
d82a6cfb-6747-4940-82fa-1f2af5ce6a85,US Army Combat Capabilities Development Command (DEVCOM) Indo-Pacific Fundamental Research Collaboration Opportunities,12.800,3127619506.15,0.0,1639559732.7100005,0.0,0.0,1343669096.6100004,0.0,0.0,0.0,,"BIOINDUSTRIAL MANUFACTURING AND DESIGN ECOSYSTEM ($521.4M); NATIONAL CENTER FOR DEFENSE MANUFACTURING AND MACHINING ($256.8M); FLEXTECH ALLIANCE, INC. ($189.0M)",,0.0,0.524219691521315,0.9538336819596896,mostly universities,False
d87d3264-4bd8-470d-9b31-29bebd33c707,NINDS Efficacy and Exploratory Clinical Trials (UG3/UH3 - Clinical Trial Required),93.853,7301417548.76,0.0,5703307653.840002,0.0,8115452.99,1095037634.0900006,0.0,0.0,0.0,,"THE GENERAL HOSPITAL CORPORATION ($234.6M); REGENTS OF THE UNIVERSITY OF CALIFORNIA, SAN FRANCISCO, THE ($226.7M); THE JOHNS HOPKINS UNIVERSITY ($223.1M)",,0.0,0.7811233388246087,0.9322108611739297,mostly universities,False
d88aea72-290a-4396-83ba-139886a6ffc8,NIGMS Institutional Biomedical Undergraduate Research Training (BURT) Program (T34),93.859,12070484526.24,0.0,9612792260.85001,0.0,0.0,889455283.0399997,0.0,0.0,0.0,,"THE LELAND STANFORD JUNIOR UNIVERSITY ($235.0M); REGENTS OF THE UNIVERSITY OF MICHIGAN ($221.4M); UNIVERSITY OF CALIFORNIA, SAN DIEGO ($215.2M)",,0.0,0.7963882675921403,0.8700767165608966,mostly universities,False
d89e0652-3f85-4614-a6f3-0b3bd491928c,World Trade Center Health Program Mentored Research Scientist Career Development Award (K01),93.262,467451525.40999997,14787640.309999997,351493913.23000026,0.0,31578874.61,69536097.25999999,55000.0,578513.52,578513.52,NORTH CAROLINA DEPARTMENT OF HEALTH & HUMAN SERVICES,CITY OF NEW YORK ($31.6M); CPWR: THE CENTER FOR CONSTRUCTION RESEARCH AND TRAINING ($21.4M); THE UNIVERSITY OF IOWA ($19.2M),,0.03163459632959763,0.7519366054516696,0.9998823407412106,NC DHHS has received awards,True
d8d9d04f-99c9-4feb-b85a-3b4e5f240087,"Substance Abuse Prevention, Treatment, and Aftercare",93.00G,0.0,0.0,0.0,0.0,0.0,0.0,0.0,0.0,0.0,,,not a standard assistance listing number,0.0,0.0,0.0,unknown (API error or non-standard listing),False
d8dad5bf-fb45-4108-b461-3d83e0a5c046,Long Term Research in Environmental Biology,47.074,3345592896.0,0.0,2465298076.0,0.0,6112845.0,489212404.0,64002226.0,0.0,694321.0,FRIENDS OF THE NORTH CAROLINA STATE MUSEUM OF NATURAL SCIENCES,BATTELLE MEMORIAL INSTITUTE ($316.2M); ARIZONA STATE UNIVERSITY ($95.2M); CORNELL UNIVERSITY ($67.2M),,0.0,0.7368792774959312,0.884932332484245,mostly universities,False
d8de0550-c5b0-4efc-872a-7777a933452b,Notice of Intent:  Program to End Modern Slavery FY 2025,19.019,246394243.55,0.0,21946412.42,0.0,0.0,224447831.13000003,0.0,0.0,0.0,,INTERNATIONAL ORGANIZATION FOR MIGRATION ($44.5M); UNITED NATIONS OFFICE ON DRUGS AND CRIME ($17.0M); INTERNATIONAL JUSTICE MISSION ($15.4M),,0.0,0.0890703131039118,1.0,"mostly nonprofits, hospitals or companies",False
d91c6831-95b8-4598-90e1-255b03260d44,Limited Competition: Small Grant Program for NIDDK K01/K08/K23/K25 Recipients (R03 Clinical Trial Optional),93.847,7801990499.05,0.0,5868063966.9,0.0,40709921.57,1426874242.5900002,0.0,0.0,0.0,,"REGENTS OF THE UNIVERSITY OF MICHIGAN ($278.9M); TRUSTEES OF THE UNIVERSITY OF PENNSYLVANIA, THE ($222.1M); WASHINGTON UNIVERSITY, THE ($189.5M)",,0.0,0.7521239570356458,0.9402277703303042,mostly universities,False
d92a6645-61df-4765-8caa-4db9aa678c6e,NIA Expanding Research in AD/ADRD (ERA) Summer Research Education Program (R25 Independent Clinical Trial Not Allowed),93.866,15229489497.87,0.0,11707506336.46,0.0,9857717.91,2433575328.85,0.0,0.0,0.0,,"REGENTS OF THE UNIVERSITY OF CALIFORNIA, SAN FRANCISCO, THE ($499.5M); THE TRUSTEES OF COLUMBIA UNIVERSITY IN THE CITY OF NEW YORK ($473.8M); WASHINGTON UNIVERSITY, THE ($471.3M)",,0.0,0.7687392501303089,0.9291801530969999,mostly universities,False
d9551b09-3a45-4dc1-a343-3f09521de9aa,"Fetal, Infant, and Child Death Review Program",93.110,1164006561.72,318147766.46,360081155.95,18944098.18,17261226.42,353277865.66999996,0.0,13147007.87,13147007.87,NORTH CAROLINA DEPARTMENT OF HEALTH & HUMAN SERVICES,"ZERO TO THREE NATIONAL CENTER FOR INFANTS, TODDLERS & FAMILIES ($44.8M); UNIVERSITY HOSPITALS CLEVELAND MEDICAL CENTER ($41.8M); CHILDREN'S NATIONAL MEDICAL CENTER ($37.2M)",,0.27332128264800104,0.30934632826976877,0.9172732764515432,NC DHHS has received awards,True
d9b0c7ce-9dbb-41a1-b994-2d2c636c6590,Avant Garde/Avenir Awards for Investigators Conducting High Risk/High Reward Research on HIV and Substance Use (or Substance Use Disorders) (DP1 Clinical Trial Optional),93.279,5976314704.01,0.0,4356075983.7,0.0,0.0,1038203679.6999999,0.0,0.0,0.0,,"YALE UNIV ($242.7M); THE JOHNS HOPKINS UNIVERSITY ($216.1M); UNIVERSITY OF CALIFORNIA, SAN DIEGO ($210.2M)",,0.0,0.7288899931553389,0.9026097069119426,mostly universities,False
d9f9695f-bc11-49cb-a6ab-bebe8767c637,"Pilot Health Services and Economic Research on the Treatment of Drug, Alcohol, and Tobacco Use Disorders (R34 Clinical Trial Optional)",93.279,5976314704.01,0.0,4356075983.7,0.0,0.0,1038203679.6999999,0.0,0.0,0.0,,"YALE UNIV ($242.7M); THE JOHNS HOPKINS UNIVERSITY ($216.1M); UNIVERSITY OF CALIFORNIA, SAN DIEGO ($210.2M)",,0.0,0.7288899931553389,0.9026097069119426,mostly universities,False
da13f6fa-c132-4963-9339-3c75046c75e8,NCMRR Early Career Research Award (R03 Clinical Trial Optional),93.865,4921279091.58,0.0,3623055293.56,0.0,0.0,913474006.4399998,0.0,0.0,0.0,,REGENTS OF THE UNIVERSITY OF MICHIGAN ($145.9M); THE JOHNS HOPKINS UNIVERSITY ($122.6M); UNIVERSITY OF WASHINGTON ($109.8M),,0.0,0.736201956064394,0.921819148148236,mostly universities,False
da4219b9-f953-44c0-b3dd-d955533772e0,"Clinical Data, Safety and Statistical Centers (CDSSC)",93.855,17242464734.02,0.0,12062638314.500011,0.0,9836298.42,3962763745.0300007,0.0,0.0,0.0,,"FRED HUTCHINSON CANCER CENTER ($787.0M); DUKE UNIVERSITY ($576.9M); UNIVERSITY OF CALIFORNIA, LOS ANGELES ($576.8M)",,0.0,0.6995889799153826,0.9299852779348832,mostly universities,False
da7539a2-83d7-43b5-a2c6-c75c241c83db,"Pilot Studies of Biological, Behavioral and Social Mechanisms Contributing to HIV Pathogenesis Within the Mission of NIDDK (R21 Clinical Trial Not Allowed)",93.847,7801990499.05,0.0,5868063966.9,0.0,40709921.57,1426874242.5900002,0.0,0.0,0.0,,"REGENTS OF THE UNIVERSITY OF MICHIGAN ($278.9M); TRUSTEES OF THE UNIVERSITY OF PENNSYLVANIA, THE ($222.1M); WASHINGTON UNIVERSITY, THE ($189.5M)",,0.0,0.7521239570356458,0.9402277703303042,mostly universities,False
dab12ed3-a896-4907-ab71-3436214fdc13,The NIDDK Inflammatory Bowel Disease Genetics Consortium (IBDGC) Data Coordinating Center,93.847,7801990499.05,0.0,5868063966.9,0.0,40709921.57,1426874242.5900002,0.0,0.0,0.0,,"REGENTS OF THE UNIVERSITY OF MICHIGAN ($278.9M); TRUSTEES OF THE UNIVERSITY OF PENNSYLVANIA, THE ($222.1M); WASHINGTON UNIVERSITY, THE ($189.5M)",,0.0,0.7521239570356458,0.9402277703303042,mostly universities,False
daffbf0f-45f1-423b-8b6d-e994db43ce08,Limited Competition: Superfund Hazardous Substance Research and Training Program (P42 Clinical Trial Optional),93.143,199585200.79,0.0,190326587.94999993,0.0,0.0,9258612.84,0.0,0.0,0.0,,OREGON STATE UNIVERSITY ($11.5M); UNIVERSITY OF LOUISVILLE ($10.8M); THE UNIVERSITY OF IOWA ($10.3M),,0.0,0.9536107246261118,0.9999999999999997,mostly universities,False
db2370bb-df90-4845-890a-7d25963d44ef,BRAIN Initiative: Brain-Behavior Quantification and Synchronization – Transformative Research on Behavior at the Organismal Level,93.372,432028762.64,0.0,346559561.30999994,0.0,0.0,85220420.31999998,248781.0,0.0,0.0,,THE LELAND STANFORD JUNIOR UNIVERSITY ($24.2M); ALLEN INSTITUTE ($21.3M); PRESIDENT AND FELLOWS OF HARVARD COLLEGE ($20.9M),,0.0,0.8021677982555535,0.9994241563721826,mostly universities,False
db77b347-3d04-44b2-9ecd-ad04c0d896bd,Limited Competition: NIGMS Mature Synchrotron Resources (MSR) for Structural Biology (P30 - Clinical Trial Not Allowed),93.859,12070484526.24,0.0,9612792260.85001,0.0,0.0,889455283.0399997,0.0,0.0,0.0,,"THE LELAND STANFORD JUNIOR UNIVERSITY ($235.0M); REGENTS OF THE UNIVERSITY OF MICHIGAN ($221.4M); UNIVERSITY OF CALIFORNIA, SAN DIEGO ($215.2M)",,0.0,0.7963882675921403,0.8700767165608966,mostly universities,False
dc4a1879-6e72-4d6f-8303-34f4c71cd5f5,Ocean Technology and Interdisciplinary Coordination,47.050,4267308537.0,0.0,3152349973.0,0.0,0.0,938761319.0,14427929.0,0.0,0.0,,UNIVERSITY CORPORATION FOR ATMOSPHERIC RESEARCH ($587.8M); WOODS HOLE OCEANOGRAPHIC INSTITUTION ($497.0M); TEXAS A & M RESEARCH FOUNDATION ($228.6M),,0.0,0.7387208929627016,0.9587099823056455,mostly universities,False
dcf3dae2-56a4-4107-8c0e-582a82132dbc,Community Forest and Open Space Conservation Program,10.689,20400889.37,37266.0,0.0,357250.0,7626501.9,12379871.469999999,0.0,0.0,0.0,,GREAT PENINSULA CONSERVANCY ($1.2M); WHIDBEY-CAMANO LAND TRUST ($1.0M); BAYFIELD COUNTY ($0.9M),,0.0018266850686813954,0.0,0.9999999999999998,"mostly nonprofits, hospitals or companies",False
dd11fec8-7502-4ea4-b1c4-d2cfd69cd517,"Advancing Screening, Diagnosis, and Referral for Late Talking Children",93.173,1663121320.76,0.0,1359375084.86,0.0,0.0,270923269.94,0.0,0.0,0.0,,THE JOHNS HOPKINS UNIVERSITY ($66.5M); MASSACHUSETTS EYE AND EAR INFIRMARY ($63.7M); THE UNIVERSITY OF IOWA ($40.8M),,0.0,0.8173637532581228,0.9802642383629591,mostly universities,False
dd4bf75c-5d20-4d9f-b1db-51e395e6949c,Forecast to Publish a Funding Opportunity Announcement for Research Centers in Minority Institutions (RCMI) (U54 - Clinical Trial Optional),93.307,1704951635.84,0.0,1454818367.4300005,1904412.3599999999,0.0,214651475.74999997,0.0,0.0,0.0,,THE JOHNS HOPKINS UNIVERSITY ($58.5M); THE TRUSTEES OF COLUMBIA UNIVERSITY IN THE CITY OF NEW YORK ($51.8M); UNIVERSITY OF HAWAII ($43.0M),,0.0,0.8532901091433229,0.980305963175632,mostly universities,False
dd4de2c1-38cd-49f7-9020-cf3007305812,Understanding Cerebellar Contributions to Cognitive and Affective Functions in Aging and Alzheimer's Disease/Alzheimer's Disease-Related Dementias,93.866,15229489497.87,0.0,11707506336.46,0.0,9857717.91,2433575328.85,0.0,0.0,0.0,,"REGENTS OF THE UNIVERSITY OF CALIFORNIA, SAN FRANCISCO, THE ($499.5M); THE TRUSTEES OF COLUMBIA UNIVERSITY IN THE CITY OF NEW YORK ($473.8M); WASHINGTON UNIVERSITY, THE ($471.3M)",,0.0,0.7687392501303089,0.9291801530969999,mostly universities,False
dd8d7a29-5191-4919-95ce-f7ac57922cff,Discovery of the Genetic Basis of Childhood Cancers and of Congenital Anomalies: Gabriella Miller Kids First Pediatric Research Program (X01 Clinical Trial Not Allowed),93.310,4621186637.45,0.0,3411866036.6800003,0.0,3057218.0,973117064.68,0.0,0.0,0.0,,THE LELAND STANFORD JUNIOR UNIVERSITY ($131.6M); DUKE UNIVERSITY ($131.5M); YALE UNIV ($124.9M),,0.0,0.7383095088673349,0.9495483873772623,mostly universities,False
dd97ae1d-d356-4337-a255-5aeeb1160258,NSF National Quantum Virtual Laboratory - Quantum Testbeds,47.041;47.049;47.070;47.074;47.076;47.084,25212175925.0,0.0,18711748496.0,5844001.0,10109019.0,2881047901.0,135511895.0,0.0,694321.0,FRIENDS OF THE NORTH CAROLINA STATE MUSEUM OF NATURAL SCIENCES,"PURDUE UNIVERSITY ($81.2M); REGENTS OF THE UNIVERSITY OF MICHIGAN ($81.1M); GEORGIA TECH RESEARCH CORP ($80.6M) | ASSOCIATION OF UNIVERSITIES FOR RESEARCH IN ASTRONOMY, INC. ($574.0M); ASSOCIATED UNIVERSITIES INC ($531.2M); CALIFORNIA INSTITUTE OF TECHNOLOGY ($254.7M) | UNIVERSITY OF TEXAS AT AUSTIN ($331.4M); UNIVERSITY OF CALIFORNIA, SAN DIEGO ($169.2M); UNIVERSITY OF ILLINOIS ($164.0M) | BATTEL",,0.0,0.7421711062013383,0.8570759414530779,mostly universities,False
dd9e8c2b-29ce-4232-949d-4fdd432fbec1,Functional Target Validation for Alzheimer's Disease-Related Dementias,93.853,7301417548.76,0.0,5703307653.840002,0.0,8115452.99,1095037634.0900006,0.0,0.0,0.0,,"THE GENERAL HOSPITAL CORPORATION ($234.6M); REGENTS OF THE UNIVERSITY OF CALIFORNIA, SAN FRANCISCO, THE ($226.7M); THE JOHNS HOPKINS UNIVERSITY ($223.1M)",,0.0,0.7811233388246087,0.9322108611739297,mostly universities,False
dda0191e-e96c-484e-929b-eff4feb59d12,Integrated Specific Pathogen Free Research Models and Human New Approach Methodologies to Advance HIV/AIDS Research (U42 Clinical Trial Not Allowed),93.351,1118184048.6399999,0.0,854422162.4500003,0.0,0.0,252743423.24999994,0.0,0.0,0.0,,"UNIVERSITY OF CALIFORNIA, DAVIS ($82.0M); OREGON HEALTH & SCIENCE UNIVERSITY ($72.4M); UNIVERSITY OF WASHINGTON ($63.7M)",,0.0,0.7641158568566578,0.9901461097093981,mostly universities,False
dda6c03f-68e1-42c7-b272-8fab8168f6c6,Mathematical Sciences Research Institutes,47.049,6727369096.0,0.0,5005763263.0,0.0,0.0,1316835947.0,71509669.0,0.0,0.0,,"ASSOCIATION OF UNIVERSITIES FOR RESEARCH IN ASTRONOMY, INC. ($574.0M); ASSOCIATED UNIVERSITIES INC ($531.2M); CALIFORNIA INSTITUTE OF TECHNOLOGY ($254.7M)",,0.0,0.7440892853606557,0.9398323653386774,mostly universities,False
ddc111aa-2808-4719-9c09-d7995a9a4860,Computational Mathematics,47.049,6727369096.0,0.0,5005763263.0,0.0,0.0,1316835947.0,71509669.0,0.0,0.0,,"ASSOCIATION OF UNIVERSITIES FOR RESEARCH IN ASTRONOMY, INC. ($574.0M); ASSOCIATED UNIVERSITIES INC ($531.2M); CALIFORNIA INSTITUTE OF TECHNOLOGY ($254.7M)",,0.0,0.7440892853606557,0.9398323653386774,mostly universities,False
ddd95860-b88c-4683-bd79-35fef907910a,RESTORE Act Direct Component – Construction and Real Property Acquisition Activities,21.015,477728924.0,384251367.41999996,0.0,0.0,76661961.67000002,16815594.92,0.0,0.0,0.0,,COASTAL PROTECTION & RESTORATION AUTHORITY OF LOUISIANA ($127.9M); ALABAMA DEPARTMENT OF CONSERVATION AND NATURAL RESOURCES ($117.9M); DEPARTMENT OF ENVIRONMENTAL QUALITY MISSISSIPPI ($103.2M),,0.8043292924420041,0.0,1.0000000000209324,other state agencies win this,True
de341cf8-64e0-4984-ab1c-bbc7f68a9057,Specialized Alcohol Research Centers (P50 Clinical trial Optional),93.273,1782147881.62,0.0,1457708084.539999,0.0,0.0,277980232.19,0.0,0.0,0.0,,YALE UNIV ($71.9M); UNIVERSITY OF NORTH CAROLINA AT CHAPEL HILL ($48.6M); TRUSTEES OF INDIANA UNIVERSITY ($45.7M),,0.0,0.8179501261224854,0.9739305781696588,mostly universities,False
de479d2e-aad1-466a-acc3-d5d11cf7918d,Research Interests of the Air Force Office of Scientific Research,12.800,3127619506.15,0.0,1639559732.7100005,0.0,0.0,1343669096.6100004,0.0,0.0,0.0,,"BIOINDUSTRIAL MANUFACTURING AND DESIGN ECOSYSTEM ($521.4M); NATIONAL CENTER FOR DEFENSE MANUFACTURING AND MACHINING ($256.8M); FLEXTECH ALLIANCE, INC. ($189.0M)",,0.0,0.524219691521315,0.9538336819596896,mostly universities,False
de571551-37bc-4b3a-a20e-87f3e9f15cb4,Academic-Industrial Partnerships for Translation of Technologies for Diagnosis and Treatment (R01 - Clinical Trial Not Allowed),93.121;93.313;93.394;93.395;93.867,11028533669.94,0.0,7476449730.240001,812963.07,91394764.66,2882959341.86,0.0,0.0,0.0,,"REGENTS OF THE UNIVERSITY OF MICHIGAN ($71.4M); REGENTS OF THE UNIVERSITY OF CALIFORNIA, SAN FRANCISCO, THE ($64.3M); UNIVERSITY OF SOUTHERN CALIFORNIA ($62.6M) | REGENTS OF THE UNIVERSITY OF CALIFORNIA, SAN FRANCISCO, THE ($91.2M); FRED HUTCHINSON CANCER CENTER ($89.9M); SLOAN-KETTERING INSTITUTE FOR CANCER RESEARCH ($76.5M) | THE UNIVERISTY OF TEXAS M.D. ANDERSON CANCER CENTER ($157.0M); ICAHN S",,0.0,0.6779187473143631,0.9476887057358787,mostly universities,False
de59d5bf-ef2c-4e55-a202-69ab35180db3,NEA/AC Regional Annual Program Statement,19.600,158491058.68,0.0,31336627.529999997,0.0,0.0,127141433.15999998,12998.0,0.0,0.0,,UNITED NATIONS DEVELOPMENT PROGRAMME ($75.2M); UNITED NATIONS OFFICE FOR PROJECT SERVICES ($8.7M); THE AMERICAN UNIVERSITY OF KURDISTAN ($8.4M),,0.0,0.19771858293451078,0.9999179891275363,"mostly nonprofits, hospitals or companies",False
de7207c4-980f-4dba-a286-e96db65fd55e,TTO Office Wide (OW) BAA 2025,12.910,1172499948.48,0.0,1075478694.6799998,250000.0,0.0,96771253.81000002,0.0,0.0,0.0,,CLEMSON UNIVERSITY ($82.3M); REGENTS OF THE UNIVERSITY OF MICHIGAN ($51.8M); MASSACHUSETTS INSTITUTE OF TECHNOLOGY ($49.8M),,0.0,0.9172526583683214,1.0000000000085285,mostly universities,False
de739b2d-53dd-455e-bab7-50ba7e9506fb,Population Assessment of Tobacco and Health (PATH) Study Biospecimen Access (X01),93.279,5976314704.01,0.0,4356075983.7,0.0,0.0,1038203679.6999999,0.0,0.0,0.0,,"YALE UNIV ($242.7M); THE JOHNS HOPKINS UNIVERSITY ($216.1M); UNIVERSITY OF CALIFORNIA, SAN DIEGO ($210.2M)",,0.0,0.7288899931553389,0.9026097069119426,mostly universities,False
de7d61a1-0bcd-4983-a87e-eb5be4860516,CCRP Initiative: Promoting a Basic Understanding of Chemical Threats to Skin (R01 Clinical Trial Not Allowed),93.279;93.846;93.855,25356644608.5,0.0,18105292232.51001,0.0,9836298.42,5395428974.780001,0.0,0.0,0.0,,"YALE UNIV ($242.7M); THE JOHNS HOPKINS UNIVERSITY ($216.1M); UNIVERSITY OF CALIFORNIA, SAN DIEGO ($210.2M) | TRUSTEES OF THE UNIVERSITY OF PENNSYLVANIA, THE ($85.7M); REGENTS OF THE UNIVERSITY OF CALIFORNIA, SAN FRANCISCO, THE ($74.6M); BRIGHAM & WOMENS HOSPITAL INC ($72.0M) | FRED HUTCHINSON CANCER CENTER ($787.0M); DUKE UNIVERSITY ($576.9M); UNIVERSITY OF CALIFORNIA, LOS ANGELES ($576.8M)",,0.0,0.7140255547234665,0.9271951343999534,mostly universities,False
de7f0a72-0ef8-4c9c-894b-1fc92c9d1097,Glioblastoma Therapeutics Network (GTN; U19 Clinical Trial Required),93.394;93.395,6778974031.59,0.0,3975224147.8900003,0.0,85304856.34,2270769576.09,0.0,0.0,0.0,,"REGENTS OF THE UNIVERSITY OF CALIFORNIA, SAN FRANCISCO, THE ($91.2M); FRED HUTCHINSON CANCER CENTER ($89.9M); SLOAN-KETTERING INSTITUTE FOR CANCER RESEARCH ($76.5M) | THE UNIVERISTY OF TEXAS M.D. ANDERSON CANCER CENTER ($157.0M); ICAHN SCHOOL OF MEDICINE AT MOUNT SINAI ($154.8M); DANA-FARBER CANCER INSTITUTE, INC. ($149.6M)",,0.0,0.5864049824303009,0.933961179201479,mostly universities,False
de903ee7-38f9-47e4-8a95-301edcf7fe46,NIH Pathway to Independence Award (Parent K99/R00  Independent Clinical Trial Required),93.113;93.172;93.173;93.213;93.233;93.242;93.273;93.279;93.286;93.307;93.310;93.313;93.361;93.398;93.837;93.838;93.839;93.840;93.846;93.847;93.853;93.865;93.866;93.879,79185938895.0,215575.61000000002,60268885810.32,6152787.359999999,109197497.81,13980378176.21,0.0,0.0,0.0,,"ICAHN SCHOOL OF MEDICINE AT MOUNT SINAI ($73.2M); THE TRUSTEES OF COLUMBIA UNIVERSITY IN THE CITY OF NEW YORK ($64.4M); UNIVERSITY OF NORTH CAROLINA AT CHAPEL HILL ($57.1M) | THE LELAND STANFORD JUNIOR UNIVERSITY ($118.8M); UNIVERSITY OF WASHINGTON ($97.7M); THE BROAD INSTITUTE, INC ($94.8M) | THE JOHNS HOPKINS UNIVERSITY ($66.5M); MASSACHUSETTS EYE AND EAR INFIRMARY ($63.7M); THE UNIVERSITY OF IO",,2.722397599981125e-06,0.7611059065705608,0.939116601823933,mostly universities,False
de984d54-e7f4-4da6-a553-8509070c43f9,Exploratory Grants in Cancer Control (R21 Clinical Trial Optional),93.393;93.399,3628648263.0499997,0.0,2300184120.85,5932664.0,26712496.72,1249234499.7599998,0.0,0.0,0.0,,"THE UNIVERISTY OF TEXAS M.D. ANDERSON CANCER CENTER ($89.6M); SLOAN-KETTERING INSTITUTE FOR CANCER RESEARCH ($81.9M); FRED HUTCHINSON CANCER CENTER ($73.6M) | ECOG-ACRIN MEDICAL RESEARCH FOUNDATION, INC. ($80.5M); NRG ONCOLOGY FOUNDATION INC ($47.0M); ALLIANCE NCTN FOUNDATION ($40.7M)",,0.0,0.6338955870351067,0.9871620288484935,mostly universities,False
df4b024b-1d24-41ad-8e04-be5114c80049,Feasibility Clinical Trials of Mind and Body Interventions for NCCIH High Priority Research Topics (R34 Clinical Trial Required),93.213,465483989.4,0.0,345571281.5300001,0.0,0.0,121084127.74999997,0.0,0.0,0.0,,YALE UNIV ($22.6M); THE GENERAL HOSPITAL CORPORATION ($17.0M); DUKE UNIVERSITY ($15.9M),,0.0,0.7423913376170788,1.0025165632044832,mostly universities,False
e0071a8f-bde5-444a-bd22-f6e7bce40345,Genomic Variant Interactions With Other Variants Or The Environment (UM1 Clinical Trials Not Allowed),93.172,1744531538.97,0.0,1235774918.2100003,1175890.0,1503596.0,492556536.87,0.0,0.0,0.0,,"THE LELAND STANFORD JUNIOR UNIVERSITY ($118.8M); UNIVERSITY OF WASHINGTON ($97.7M); THE BROAD INSTITUTE, INC ($94.8M)",,0.0,0.7083706373916415,0.9922497257355505,mostly universities,False
e0b00d08-7c83-4488-8b55-94bd733a57fa,Occupational Safety and Health Research (R01),93.262,467451525.40999997,14787640.309999997,351493913.23000026,0.0,31578874.61,69536097.25999999,55000.0,578513.52,578513.52,NORTH CAROLINA DEPARTMENT OF HEALTH & HUMAN SERVICES,CITY OF NEW YORK ($31.6M); CPWR: THE CENTER FOR CONSTRUCTION RESEARCH AND TRAINING ($21.4M); THE UNIVERSITY OF IOWA ($19.2M),,0.03163459632959763,0.7519366054516696,0.9998823407412106,NC DHHS has received awards,True
e0cc79e9-8179-4567-9776-7dc57f4e8e3c,Enhancement and Management of Established Biomedical Data Repositories and Knowledgebases (R24 Clinical Trial Not Allowed),93.310,4621186637.45,0.0,3411866036.6800003,0.0,3057218.0,973117064.68,0.0,0.0,0.0,,THE LELAND STANFORD JUNIOR UNIVERSITY ($131.6M); DUKE UNIVERSITY ($131.5M); YALE UNIV ($124.9M),,0.0,0.7383095088673349,0.9495483873772623,mostly universities,False
e0e1e368-32db-4786-84d6-910d1ec6e17d,Single Source: Coordinating Center (CC) for the Small Cell Lung Cancer (SCLC) Consortium (U24 Clinical Trial Not Allowed),93.393;93.394;93.395;93.396,13241785492.66,0.0,8368268761.159998,5932664.0,160259345.64,4157445840.7799997,0.0,0.0,0.0,,"THE UNIVERISTY OF TEXAS M.D. ANDERSON CANCER CENTER ($89.6M); SLOAN-KETTERING INSTITUTE FOR CANCER RESEARCH ($81.9M); FRED HUTCHINSON CANCER CENTER ($73.6M) | REGENTS OF THE UNIVERSITY OF CALIFORNIA, SAN FRANCISCO, THE ($91.2M); FRED HUTCHINSON CANCER CENTER ($89.9M); SLOAN-KETTERING INSTITUTE FOR CANCER RESEARCH ($76.5M) | THE UNIVERISTY OF TEXAS M.D. ANDERSON CANCER CENTER ($157.0M); ICAHN SCHOO",,0.0,0.6319592449068578,0.9584739624890614,mostly universities,False
e101a9db-4cd3-4a31-936d-be3ebd1bfd5d,NIH Support for Conferences and Scientific Meetings (Parent R13 Clinical Trial Not Allowed),93.113;93.121;93.172;93.213;93.233;93.242;93.273;93.279;93.286;93.310;93.350;93.361;93.393;93.394;93.395;93.396;93.399;93.837;93.838;93.839;93.840;93.846;93.853;93.855;93.859;93.866;93.867;93.879,112134867082.59003,215575.61000000002,83370545438.25,10994002.07,236345282.95999995,21155552861.27,0.0,0.0,0.0,,"ICAHN SCHOOL OF MEDICINE AT MOUNT SINAI ($73.2M); THE TRUSTEES OF COLUMBIA UNIVERSITY IN THE CITY OF NEW YORK ($64.4M); UNIVERSITY OF NORTH CAROLINA AT CHAPEL HILL ($57.1M) | REGENTS OF THE UNIVERSITY OF MICHIGAN ($71.4M); REGENTS OF THE UNIVERSITY OF CALIFORNIA, SAN FRANCISCO, THE ($64.3M); UNIVERSITY OF SOUTHERN CALIFORNIA ($62.6M) | THE LELAND STANFORD JUNIOR UNIVERSITY ($118.8M); UNIVERSITY OF",,1.922467254018533e-06,0.7434845878654815,0.9343539247519836,mostly universities,False
e14282e3-bc1a-4136-88f7-e99fe6d165f6,Limited Competition: HEAL Initiative Resource Centers for the Pain Management Effectiveness Network (ERN) (Clinical Trial Not Allowed),93.350,2413260512.71,0.0,2177769794.8499985,0.0,0.0,234321018.16000003,0.0,0.0,0.0,,VANDERBILT UNIVERSITY MEDICAL CENTER ($81.9M); UNIVERSITY OF PITTSBURGH - OF THE COMMONWEALTH SYSTEM OF HIGHER EDUCATION ($79.6M); UNIVERSITY OF NORTH CAROLINA AT CHAPEL HILL ($60.0M),,0.0,0.9024180287955922,0.9995153031784836,mostly universities,False
e18ff1b5-c4e9-4868-8e28-f34a9b023d19,Development of Interventions to Prevent and Treat Substance Use Disorders and Overdose (UG3/UH3 - Clinical Trial Optional),93.279,5976314704.01,0.0,4356075983.7,0.0,0.0,1038203679.6999999,0.0,0.0,0.0,,"YALE UNIV ($242.7M); THE JOHNS HOPKINS UNIVERSITY ($216.1M); UNIVERSITY OF CALIFORNIA, SAN DIEGO ($210.2M)",,0.0,0.7288899931553389,0.9026097069119426,mostly universities,False
e1961b7b-1652-40d7-ba81-38b41d56d272,CONTAMINATED ALASKA NATIVE CLAIMS SETTLEMENT ACT LANDS ASSISTANCE PROGRAM,66.965,20380284.0,0.0,0.0,7714541.0,0.0,12665743.0,0.0,0.0,0.0,,OUNALASHKA CORPORATION ($6.0M); THE TYONEK NATIVE CORPORATION ($3.0M); YUKON RIVER INTER-TRIBAL WATERSHED COUNC ($3.0M),,0.0,0.0,1.0,"mostly nonprofits, hospitals or companies",False
e1a64f4a-2fa8-49ed-bf04-4b771abf9ee6,Radiation Oncology-Biology Integration Network (ROBIN) Centers (U54 Clinical Trial Required),93.394;93.395,6778974031.59,0.0,3975224147.8900003,0.0,85304856.34,2270769576.09,0.0,0.0,0.0,,"REGENTS OF THE UNIVERSITY OF CALIFORNIA, SAN FRANCISCO, THE ($91.2M); FRED HUTCHINSON CANCER CENTER ($89.9M); SLOAN-KETTERING INSTITUTE FOR CANCER RESEARCH ($76.5M) | THE UNIVERISTY OF TEXAS M.D. ANDERSON CANCER CENTER ($157.0M); ICAHN SCHOOL OF MEDICINE AT MOUNT SINAI ($154.8M); DANA-FARBER CANCER INSTITUTE, INC. ($149.6M)",,0.0,0.5864049824303009,0.933961179201479,mostly universities,False
e1b0ed10-a6ca-4ac5-9f50-23a426a76ccc,Reissue of RFA-FD-23-001- Clinical Studies of Orphan Products Addressing Unmet Needs of Rare Diseases (R01 Clinical Trials Required),93.103,978131651.19,204231952.81000003,317394711.29,6344842.82,13208169.0,393879205.75999993,0.0,0.0,6880186.38,NORTH CAROLINA DEPARTMENT OF AGRICULTURE & CONSUMER SERVICES,THE CRITICAL PATH INSTITUTE ($79.1M); NATIONAL ENVIRONMENTAL HEALTH ASSOCIATION ($44.4M); THE MEDICAL DEVICE INNOVATION CONSORTIUM ($42.6M),,0.2087980207587909,0.3244907890505904,0.9559642411554747,mixed recipients (some state agencies),False
e1c0a0df-a73b-4d36-bcf7-f218c13322ac,Division of Molecular and Cellular Biosciences Core Programs (MCB),47.074,3345592896.0,0.0,2465298076.0,0.0,6112845.0,489212404.0,64002226.0,0.0,694321.0,FRIENDS OF THE NORTH CAROLINA STATE MUSEUM OF NATURAL SCIENCES,BATTELLE MEMORIAL INSTITUTE ($316.2M); ARIZONA STATE UNIVERSITY ($95.2M); CORNELL UNIVERSITY ($67.2M),,0.0,0.7368792774959312,0.884932332484245,mostly universities,False
e1dcb919-4710-49c3-9263-4849a1e8a507,Effectiveness Trials for Post-Acute Interventions and Services to Optimize Longer-term Outcomes (R01 Clinical Trial Required),93.242,7107924163.190001,0.0,5396186256.740001,0.0,0.0,1251736935.5299997,0.0,0.0,0.0,,"YALE UNIV ($308.6M); UNIVERSITY OF PITTSBURGH - OF THE COMMONWEALTH SYSTEM OF HIGHER EDUCATION ($244.2M); UNIVERSITY OF CALIFORNIA, LOS ANGELES ($186.0M)",,0.0,0.7591789294384114,0.9352833597603335,mostly universities,False
e22bca9c-d584-4185-bdd6-82470fe61715,Global Brain and Nervous System Disorders Research Across the Lifespan - Exploratory Grants,93.989,269299742.87,0.0,224151905.32000002,0.0,0.0,46411418.82000001,458618.0,0.0,0.0,,YALE UNIV ($10.7M); MAKERERE UNIVERSITY COLLEGE OF HEALTH SCIENCES ($8.3M); UNIVERSITY OF WASHINGTON ($8.1M),,0.0,0.8323509815908203,1.0046920998012612,mostly universities,False
e2d26d70-f02b-4467-9b2a-b7371d123ee7,Maternal and Pediatric Precision in Therapeutics (MPRINT) Knowledge and Research Coordination Center,93.865,4921279091.58,0.0,3623055293.56,0.0,0.0,913474006.4399998,0.0,0.0,0.0,,REGENTS OF THE UNIVERSITY OF MICHIGAN ($145.9M); THE JOHNS HOPKINS UNIVERSITY ($122.6M); UNIVERSITY OF WASHINGTON ($109.8M),,0.0,0.736201956064394,0.921819148148236,mostly universities,False
e2e24c39-0568-4097-bc17-3723ed52356c,NIAMS Clinical Trial Implementation Cooperative Agreement (UG3/UH3 Clinical Trial Required),93.846,2137865170.47,0.0,1686577934.31,0.0,0.0,394461550.0499999,0.0,0.0,0.0,,"TRUSTEES OF THE UNIVERSITY OF PENNSYLVANIA, THE ($85.7M); REGENTS OF THE UNIVERSITY OF CALIFORNIA, SAN FRANCISCO, THE ($74.6M); BRIGHAM & WOMENS HOSPITAL INC ($72.0M)",,0.0,0.7889075314975141,0.9734194247163364,mostly universities,False
e30d88b1-d2e7-4ea7-a014-a2814177bdf6,Transformative Non-Invasive/Minimally Invasive Technologies for Imaging the Olfactory System Across Scales (R01 CT Optional),93.173;93.286,3064614427.0699997,0.0,2445953076.7800007,0.0,0.0,550889151.29,0.0,0.0,0.0,,THE JOHNS HOPKINS UNIVERSITY ($66.5M); MASSACHUSETTS EYE AND EAR INFIRMARY ($63.7M); THE UNIVERSITY OF IOWA ($40.8M) | THE GENERAL HOSPITAL CORPORATION ($72.2M); THE JOHNS HOPKINS UNIVERSITY ($67.8M); THE LELAND STANFORD JUNIOR UNIVERSITY ($42.0M),,0.0,0.7981275083660408,0.9778855707258436,mostly universities,False
e31bc05f-38c3-4f6e-84f2-71aedf5b2743,International Research Scientist Development Award (IRSDA),93.989,269299742.87,0.0,224151905.32000002,0.0,0.0,46411418.82000001,458618.0,0.0,0.0,,YALE UNIV ($10.7M); MAKERERE UNIVERSITY COLLEGE OF HEALTH SCIENCES ($8.3M); UNIVERSITY OF WASHINGTON ($8.1M),,0.0,0.8323509815908203,1.0046920998012612,mostly universities,False
e3c8718a-6305-4ff1-8de7-fccb30d3102d,Partnership with Common Fund Data Ecosystem Resources,93.310,4621186637.45,0.0,3411866036.6800003,0.0,3057218.0,973117064.68,0.0,0.0,0.0,,THE LELAND STANFORD JUNIOR UNIVERSITY ($131.6M); DUKE UNIVERSITY ($131.5M); YALE UNIV ($124.9M),,0.0,0.7383095088673349,0.9495483873772623,mostly universities,False
e451d778-c382-485d-bf3b-b20618a384d5,CCRP Initiative: NIH Countermeasures Against Chemical Threats (CounterACT) Basic Research on Chemical Threats that Affect the Nervous System (R01 Clinical Trial Not Allowed),93.853;93.855,24543882282.78,0.0,17765945968.34001,0.0,17951751.41,5057801379.120001,0.0,0.0,0.0,,"THE GENERAL HOSPITAL CORPORATION ($234.6M); REGENTS OF THE UNIVERSITY OF CALIFORNIA, SAN FRANCISCO, THE ($226.7M); THE JOHNS HOPKINS UNIVERSITY ($223.1M) | FRED HUTCHINSON CANCER CENTER ($787.0M); DUKE UNIVERSITY ($576.9M); UNIVERSITY OF CALIFORNIA, LOS ANGELES ($576.8M)",,0.0,0.7238441646537968,0.930647353817198,mostly universities,False
e4a95157-fd31-4a44-96ef-cfa0f95ec39c,Translational Center for Accelerating the Use of Digital Health Technologies Data in AD/ADRD Research,93.866,15229489497.87,0.0,11707506336.46,0.0,9857717.91,2433575328.85,0.0,0.0,0.0,,"REGENTS OF THE UNIVERSITY OF CALIFORNIA, SAN FRANCISCO, THE ($499.5M); THE TRUSTEES OF COLUMBIA UNIVERSITY IN THE CITY OF NEW YORK ($473.8M); WASHINGTON UNIVERSITY, THE ($471.3M)",,0.0,0.7687392501303089,0.9291801530969999,mostly universities,False
e4e8aa66-546b-4bf7-994e-395c11b8b7cf,Investigator Initiated Clinical Trials of Complementary and Integrative Interventions Delivered Remotely or via mHealth (R01 Clinical Trial Required),93.213,465483989.4,0.0,345571281.5300001,0.0,0.0,121084127.74999997,0.0,0.0,0.0,,YALE UNIV ($22.6M); THE GENERAL HOSPITAL CORPORATION ($17.0M); DUKE UNIVERSITY ($15.9M),,0.0,0.7423913376170788,1.0025165632044832,mostly universities,False
e511b41d-655a-4869-bfd3-09fbf0c33987,Holistic and Evidence-Informed Wellness for STI Prevention,93.978,37843380.84,2060000.0,19540405.31,0.0,-153404.71999999997,16396380.25,0.0,0.0,0.0,,"DENVER HEALTH AND HOSPITAL AUTHORITY ($6.0M); REGENTS OF THE UNIVERSITY OF CALIFORNIA, SAN FRANCISCO, THE ($5.0M); UNIVERSITY OF WASHINGTON ($4.7M)",,0.05443488277935793,0.5163493555878608,0.9999999999999998,mostly universities,False
e550440d-b923-46f8-83fd-79b13343f31c,Long Range Broad Agency Announcement (BAA) for NSWC Crane,12.335,0.0,0.0,0.0,0.0,0.0,0.0,0.0,0.0,0.0,,,,0.0,0.0,0.0,no awards found FY2022-FY2025,False
e5632e9d-aec1-4184-abae-9ef950d31b6e,Readiness and Recreation Initiative (RARI) – Recurring 5 Year Notice,15.916,1532139094.3,1190023583.2300003,0.0,28076820.24,0.0,314038690.83,0.0,0.0,48944811.5,NORTH CAROLINA DEPARTMENT OF NATURAL AND CULTURAL RESOURCES,"CALIFORNIA DEPARTMENT OF PARKS & RECREATION ($220.8M); TEXAS PARKS AND WILDLIFE DEPARTMENT ($128.4M); NEW YORK STATE OFFICE OF PARKS, RECREATION AND HISTORIC PRESERVATION ($65.2M)",,0.7767072765503026,0.0,1.0000000000000002,other state agencies win this,True
e56b9ac3-476c-4951-a799-942e6d6b75cd,Population Approaches to Reducing Alcohol-related Cancer Risk (R01 Clinical Trial Optional),93.273;93.396,5285296471.99,0.0,3842168769.1799965,0.0,49506785.58,1291542404.25,0.0,0.0,0.0,,YALE UNIV ($71.9M); UNIVERSITY OF NORTH CAROLINA AT CHAPEL HILL ($48.6M); TRUSTEES OF INDIANA UNIVERSITY ($45.7M) | THE TRUSTEES OF COLUMBIA UNIVERSITY IN THE CITY OF NEW YORK ($129.4M); SLOAN-KETTERING INSTITUTE FOR CANCER RESEARCH ($115.4M); THE UNIVERISTY OF TEXAS M.D. ANDERSON CANCER CENTER ($112.5M),,0.0,0.7269542568788686,0.9806863222297975,mostly universities,False
e58ad244-5d2a-44fa-b4e1-3b0ed45e9769,"Pioneering Aerospace Capabilities, Engineering and Research (PACER)",12.800,3127619506.15,0.0,1639559732.7100005,0.0,0.0,1343669096.6100004,0.0,0.0,0.0,,"BIOINDUSTRIAL MANUFACTURING AND DESIGN ECOSYSTEM ($521.4M); NATIONAL CENTER FOR DEFENSE MANUFACTURING AND MACHINING ($256.8M); FLEXTECH ALLIANCE, INC. ($189.0M)",,0.0,0.524219691521315,0.9538336819596896,mostly universities,False
e5f5f538-4a0a-41b2-a8b7-d91ec12931f9,COE for Technical Training and Human Performance,20.109,169435111.43,0.0,150327122.28000003,0.0,0.0,19107989.15,0.0,0.0,0.0,,WICHITA STATE UNIVERSITY ($29.8M); GEORGIA TECH RESEARCH CORP ($18.9M); MISSISSIPPI STATE UNIVERSITY ($16.6M),,0.0,0.8872253278040649,1.0000000000000002,mostly universities,False
e62cf002-ae6f-43c5-a5d2-780e7877f0c6,Establishing a Research Network to Guide Foundational Research on Human Consciousness,93.213;93.476,465483989.4,0.0,345571281.5300001,0.0,0.0,121084127.74999997,0.0,0.0,0.0,,YALE UNIV ($22.6M); THE GENERAL HOSPITAL CORPORATION ($17.0M); DUKE UNIVERSITY ($15.9M),,0.0,0.7423913376170788,1.0025165632044832,mostly universities,False
e6357a53-0478-4e38-aa89-64c4492221ee,Clinical Data Ecosystem for Genomics (CDEG),93.172,1744531538.97,0.0,1235774918.2100003,1175890.0,1503596.0,492556536.87,0.0,0.0,0.0,,"THE LELAND STANFORD JUNIOR UNIVERSITY ($118.8M); UNIVERSITY OF WASHINGTON ($97.7M); THE BROAD INSTITUTE, INC ($94.8M)",,0.0,0.7083706373916415,0.9922497257355505,mostly universities,False
e656176c-fec2-4132-8761-875dfa73dbc8,Network of the National Library of Medicine Regional Medical Libraries (UG4 Clinical Trial Not Allowed),93.879,286763082.1,0.0,246189541.61999997,0.0,1757800.0,38815740.480000004,0.0,0.0,0.0,,THE LELAND STANFORD JUNIOR UNIVERSITY ($17.3M); YALE UNIV ($11.9M); UNIVERSITY OF WASHINGTON ($11.5M),,0.0,0.8585119807512348,0.9999999999999998,mostly universities,False
e66f1f91-42dc-4a57-acba-8986d3e08df1,University Nuclear Leadership Program– Scholarship and Fellowship Support,81.121,2771866728.87,124615.0,189207390.67999995,0.0,0.0,2582534723.1900005,0.0,0.0,0.0,,"X ENERGY, LLC ($844.7M); US SFR OWNER LLC ($837.3M); CFPP LLC ($191.9M)",,4.4957067633190826e-05,0.06825991621795384,1.0000000000000002,"mostly nonprofits, hospitals or companies",False
e6969b26-53d6-4661-8f5e-a2405a9eb8b5,Investigator Initiated Innovation in Computational Genomics and Data Science (R21 Clinical Trial Not Allowed),93.172;93.879,2031294621.0700002,0.0,1481964459.8300002,1175890.0,3261396.0,531372277.35,0.0,0.0,0.0,,"THE LELAND STANFORD JUNIOR UNIVERSITY ($118.8M); UNIVERSITY OF WASHINGTON ($97.7M); THE BROAD INSTITUTE, INC ($94.8M) | THE LELAND STANFORD JUNIOR UNIVERSITY ($17.3M); YALE UNIV ($11.9M); UNIVERSITY OF WASHINGTON ($11.5M)",,0.0,0.7295664766981778,0.99334385187173,mostly universities,False
e6a93914-3bb7-4b7e-90b8-35bed678fc45,ancient DNA for Modern Genomics (aDMG) Research Projects (U01 Clinical Trials Not Allowed),93.172,1744531538.97,0.0,1235774918.2100003,1175890.0,1503596.0,492556536.87,0.0,0.0,0.0,,"THE LELAND STANFORD JUNIOR UNIVERSITY ($118.8M); UNIVERSITY OF WASHINGTON ($97.7M); THE BROAD INSTITUTE, INC ($94.8M)",,0.0,0.7083706373916415,0.9922497257355505,mostly universities,False
e7274f1f-6c35-4794-b86f-38504861afbc,Developing novel theory and methods for understanding the genetic architecture of complex human traits (R01 Clinical Trial Not Allowed),93.172;93.242;93.399,9521441094.51,0.0,6923561367.170001,1175890.0,2768389.0,2120413879.5299997,0.0,0.0,0.0,,"THE LELAND STANFORD JUNIOR UNIVERSITY ($118.8M); UNIVERSITY OF WASHINGTON ($97.7M); THE BROAD INSTITUTE, INC ($94.8M) | YALE UNIV ($308.6M); UNIVERSITY OF PITTSBURGH - OF THE COMMONWEALTH SYSTEM OF HIGHER EDUCATION ($244.2M); UNIVERSITY OF CALIFORNIA, LOS ANGELES ($186.0M) | ECOG-ACRIN MEDICAL RESEARCH FOUNDATION, INC. ($80.5M); NRG ONCOLOGY FOUNDATION INC ($47.0M); ALLIANCE NCTN FOUNDATION ($40.7",,0.0,0.727154776093934,0.9502678676358111,mostly universities,False
e77962cd-432d-4ef2-8658-04ebc1a1796d,Clinical Characterization of Cancer Therapy-induced Adverse Sequelae and Mechanism-based Interventional Strategies (R01 Clinical Trial Optional),93.393,2959662870.7,0.0,2008583928.6299999,5932664.0,25447703.72,873114092.6299998,0.0,0.0,0.0,,THE UNIVERISTY OF TEXAS M.D. ANDERSON CANCER CENTER ($89.6M); SLOAN-KETTERING INSTITUTE FOR CANCER RESEARCH ($81.9M); FRED HUTCHINSON CANCER CENTER ($73.6M),,0.0,0.6786529467644884,0.9842602067346331,mostly universities,False
e7df2416-8261-4da1-b5b4-c01298b1295f,Limited Competition: Ruth L. Kirschstein National Research Service Award (NRSA) Institutional Research Training Grant for the Clinical and Translational Science Awards Program,93.350,2413260512.71,0.0,2177769794.8499985,0.0,0.0,234321018.16000003,0.0,0.0,0.0,,VANDERBILT UNIVERSITY MEDICAL CENTER ($81.9M); UNIVERSITY OF PITTSBURGH - OF THE COMMONWEALTH SYSTEM OF HIGHER EDUCATION ($79.6M); UNIVERSITY OF NORTH CAROLINA AT CHAPEL HILL ($60.0M),,0.0,0.9024180287955922,0.9995153031784836,mostly universities,False
e7f9443f-5ffd-4aa8-9e61-2e3a8bf3564f,Strategies to Innovate EmeRgENcy Care Clinical Trials Network (SIREN) Infrastructure – Clinical Coordinating Center (CCC) and Data Coordinating Center (DCC),93.853,7301417548.76,0.0,5703307653.840002,0.0,8115452.99,1095037634.0900006,0.0,0.0,0.0,,"THE GENERAL HOSPITAL CORPORATION ($234.6M); REGENTS OF THE UNIVERSITY OF CALIFORNIA, SAN FRANCISCO, THE ($226.7M); THE JOHNS HOPKINS UNIVERSITY ($223.1M)",,0.0,0.7811233388246087,0.9322108611739297,mostly universities,False
e80ae5c6-0eed-451c-ba5e-4c848c622791,Higher Education Challenge   Grants Program,10.217,14267383.540000001,0.0,13475134.089999994,0.0,0.0,792249.45,0.0,0.0,0.0,,"UNIVERSITY OF GEORGIA RESEARCH FOUNDATION, INC. ($1.0M); NORTH CAROLINA STATE UNIVERSITY ($1.0M); THE PENNSYLVANIA STATE UNIVERSITY ($0.9M)",,0.0,0.9444712867093775,0.9999999999999994,mostly universities,False
e8270680-ae40-4ab8-88b2-67a574a2638b,Plant Biotic Interactions,10.310;47.074,4986754794.42,0.0,3926101458.46,0.0,6112845.0,618965974.83,64002226.0,0.0,694321.0,FRIENDS OF THE NORTH CAROLINA STATE MUSEUM OF NATURAL SCIENCES,"OHIO STATE UNIVERSITY, THE ($63.3M); UNIVERSITY OF CALIFORNIA, DAVIS ($60.8M); PURDUE UNIVERSITY ($59.2M) | BATTELLE MEMORIAL INSTITUTE ($316.2M); ARIZONA STATE UNIVERSITY ($95.2M); CORNELL UNIVERSITY ($67.2M)",,0.0,0.7873058973850422,0.9126537128680575,mostly universities,False
e8b97073-df42-45d9-ae00-00605145af07,FY2026 ABPP - Battlefield Land Acquisition Grant,15.928,61469657.47,37701472.699999996,0.0,0.0,19384615.91,4383568.86,0.0,0.0,900354.85,STATE OF NORTH CAROLINA DEPARTMENT OF CULTURAL RESOURCES,"VIRGINIA DEPARTMENT OF CONSERVATION AND RECREATION ($34.7M); NASHVILLE & DAVIDSON COUNTY, METROPOLITAN GOVERNMENT OF ($4.1M); MURFREESBORO, CITY OF ($4.0M)",,0.6133346800964368,0.0,1.0,other state agencies win this,True
e8d1f652-395f-41a1-a833-e9a7376dd6a5,High Priority HIV and Substance Use Research (RM1 Clinical Trial Optional),93.279,5976314704.01,0.0,4356075983.7,0.0,0.0,1038203679.6999999,0.0,0.0,0.0,,"YALE UNIV ($242.7M); THE JOHNS HOPKINS UNIVERSITY ($216.1M); UNIVERSITY OF CALIFORNIA, SAN DIEGO ($210.2M)",,0.0,0.7288899931553389,0.9026097069119426,mostly universities,False
e905063d-e7c8-4dbf-aa9f-a16c879e084f,BRAIN Initiative: Research Opportunities Using Invasive Neural Recording and Stimulating Technologies in the Human Brain (U01 Basic Experimental Studies with Humans Required),93.372;93.853,7733446311.400001,0.0,6049867215.150002,0.0,8115452.99,1180258054.4100006,248781.0,0.0,0.0,,"THE LELAND STANFORD JUNIOR UNIVERSITY ($24.2M); ALLEN INSTITUTE ($21.3M); PRESIDENT AND FELLOWS OF HARVARD COLLEGE ($20.9M) | THE GENERAL HOSPITAL CORPORATION ($234.6M); REGENTS OF THE UNIVERSITY OF CALIFORNIA, SAN FRANCISCO, THE ($226.7M); THE JOHNS HOPKINS UNIVERSITY ($223.1M)",,0.0,0.7822989869641679,0.9359657300368133,mostly universities,False
e9757eee-7beb-4f2d-ab72-fe511b6c513c,"Early-Onset Cancers: Investigating Etiology, Mechanisms, and Early Detection Strategies (RP1 Clinical Trials Optional)",93.393;93.396;93.399,7131796853.42,0.0,4684644805.489998,5932664.0,76219282.3,2262796671.8199997,0.0,0.0,0.0,,"THE UNIVERISTY OF TEXAS M.D. ANDERSON CANCER CENTER ($89.6M); SLOAN-KETTERING INSTITUTE FOR CANCER RESEARCH ($81.9M); FRED HUTCHINSON CANCER CENTER ($73.6M) | THE TRUSTEES OF COLUMBIA UNIVERSITY IN THE CITY OF NEW YORK ($129.4M); SLOAN-KETTERING INSTITUTE FOR CANCER RESEARCH ($115.4M); THE UNIVERISTY OF TEXAS M.D. ANDERSON CANCER CENTER ($112.5M) | ECOG-ACRIN MEDICAL RESEARCH FOUNDATION, INC. ($80",,0.0,0.6568673928567541,0.9856693296359119,mostly universities,False
e9a0e3f2-91dc-4c48-925e-93ecc7f881f3,Transport Phenomena (TP),47.041,3232868977.0,0.0,2788913637.0,0.0,0.0,193471652.0,0.0,0.0,0.0,,PURDUE UNIVERSITY ($81.2M); REGENTS OF THE UNIVERSITY OF MICHIGAN ($81.1M); GEORGIA TECH RESEARCH CORP ($80.6M),,0.0,0.8626745026914217,0.9225196907817647,mostly universities,False
e9a7ae57-c282-4c65-b076-9f63f0e7edb4,Career Transition Award for NINDS Intramural Clinician-Scientists (K22 Clinical Trial Required),93.853,7301417548.76,0.0,5703307653.840002,0.0,8115452.99,1095037634.0900006,0.0,0.0,0.0,,"THE GENERAL HOSPITAL CORPORATION ($234.6M); REGENTS OF THE UNIVERSITY OF CALIFORNIA, SAN FRANCISCO, THE ($226.7M); THE JOHNS HOPKINS UNIVERSITY ($223.1M)",,0.0,0.7811233388246087,0.9322108611739297,mostly universities,False
e9b3d943-9e83-48a7-911f-21e77eb9c9fb,Intervention Research to Improve Native American Health (R34 Clinical Trial Optional),93.113;93.121;93.213;93.242;93.273;93.279;93.310;93.313;93.361;93.865;93.866,43912655400.71001,0.0,33450844982.39,3326462.07,21226526.9,7563746325.179998,0.0,0.0,0.0,,"ICAHN SCHOOL OF MEDICINE AT MOUNT SINAI ($73.2M); THE TRUSTEES OF COLUMBIA UNIVERSITY IN THE CITY OF NEW YORK ($64.4M); UNIVERSITY OF NORTH CAROLINA AT CHAPEL HILL ($57.1M) | REGENTS OF THE UNIVERSITY OF MICHIGAN ($71.4M); REGENTS OF THE UNIVERSITY OF CALIFORNIA, SAN FRANCISCO, THE ($64.3M); UNIVERSITY OF SOUTHERN CALIFORNIA ($62.6M) | YALE UNIV ($22.6M); THE GENERAL HOSPITAL CORPORATION ($17.0M);",,0.0,0.7617586474137281,0.9345630302255977,mostly universities,False
e9c27c69-7360-4e0f-beb5-7ef69876f00c,Natural History of Disorders Screenable in the Newborn Period (R01 Clinical Trial Optional),93.865,4921279091.58,0.0,3623055293.56,0.0,0.0,913474006.4399998,0.0,0.0,0.0,,REGENTS OF THE UNIVERSITY OF MICHIGAN ($145.9M); THE JOHNS HOPKINS UNIVERSITY ($122.6M); UNIVERSITY OF WASHINGTON ($109.8M),,0.0,0.736201956064394,0.921819148148236,mostly universities,False
e9f03c13-cda6-4177-958e-33f2d783facc,Centers of Excellence in Genomic Science (CEGS),93.172,1744531538.97,0.0,1235774918.2100003,1175890.0,1503596.0,492556536.87,0.0,0.0,0.0,,"THE LELAND STANFORD JUNIOR UNIVERSITY ($118.8M); UNIVERSITY OF WASHINGTON ($97.7M); THE BROAD INSTITUTE, INC ($94.8M)",,0.0,0.7083706373916415,0.9922497257355505,mostly universities,False
ea08dd4a-1438-4a0b-a57b-8a393187a141,NHLBI Early Phase Clinical Trials for Therapeutics and/or Diagnostics for HLBS Disorders (R61/R33 Clinical Trial Required),93.233;93.837;93.838;93.839;93.840,11888355597.69,215575.61000000002,8800651331.629995,558986.0,27191929.69,2221105805.2699995,0.0,0.0,0.0,,"BRIGHAM & WOMENS HOSPITAL INC ($302.8M); TRUSTEES OF THE UNIVERSITY OF PENNSYLVANIA, THE ($298.7M); REGENTS OF THE UNIVERSITY OF MICHIGAN ($288.2M) | THE REGENTS OF THE UNIVERSITY OF COLORADO ($1.5M); INDIANA DEPARTMENT OF HEALTH ($0.6M); MINNESOTA DEPARTMENT OF HEALTH ($0.4M)",,1.8133341337963344e-05,0.740274906761708,0.9294576981148714,mostly universities,False
ea6d9f3d-6f68-4eb7-9afd-5000d2e3a3c8,"NIOSH Centers for Agriculture, Forestry, and Fishing Safety and Health (U54)",93.262,467451525.40999997,14787640.309999997,351493913.23000026,0.0,31578874.61,69536097.25999999,55000.0,578513.52,578513.52,NORTH CAROLINA DEPARTMENT OF HEALTH & HUMAN SERVICES,CITY OF NEW YORK ($31.6M); CPWR: THE CENTER FOR CONSTRUCTION RESEARCH AND TRAINING ($21.4M); THE UNIVERSITY OF IOWA ($19.2M),,0.03163459632959763,0.7519366054516696,0.9998823407412106,NC DHHS has received awards,True
ea7cac0c-01f5-49d7-a2f4-909a606701bc,Single Source Competition: Continuation of the Cardiovascular Repository for Type 1 Diabetes (CaRe-T1D) - Resource Center (U24 Clinical Trial Not Allowed),93.233;93.310;93.837;93.838;93.839;93.840;93.847,24311532734.190002,215575.61000000002,18080581335.209995,558986.0,70959069.26,4621097112.539999,0.0,0.0,0.0,,"THE LELAND STANFORD JUNIOR UNIVERSITY ($131.6M); DUKE UNIVERSITY ($131.5M); YALE UNIV ($124.9M) | BRIGHAM & WOMENS HOSPITAL INC ($302.8M); TRUSTEES OF THE UNIVERSITY OF PENNSYLVANIA, THE ($298.7M); REGENTS OF THE UNIVERSITY OF MICHIGAN ($288.2M) | THE REGENTS OF THE UNIVERSITY OF COLORADO ($1.5M); INDIANA DEPARTMENT OF HEALTH ($0.6M); MINNESOTA DEPARTMENT OF HEALTH ($0.4M) | REGENTS OF THE UNIVERS",,8.867215915878059e-06,0.7437038846087544,0.9367328801360638,mostly universities,False
eaa19300-9b67-4371-b499-ddb30c4abd33,Limited Competition: Mentored Research Career Development Program Award in Clinical and Translational Science Awards (CTSA) Program (K12 Clinical Trial Optional),93.350,2413260512.71,0.0,2177769794.8499985,0.0,0.0,234321018.16000003,0.0,0.0,0.0,,VANDERBILT UNIVERSITY MEDICAL CENTER ($81.9M); UNIVERSITY OF PITTSBURGH - OF THE COMMONWEALTH SYSTEM OF HIGHER EDUCATION ($79.6M); UNIVERSITY OF NORTH CAROLINA AT CHAPEL HILL ($60.0M),,0.0,0.9024180287955922,0.9995153031784836,mostly universities,False
eaef2942-a374-4ef2-bd3b-5d672083dfce,Drug-Free Communities (DFC) Support Program – Competing Continuation (Year 6),93.276,364195958.48,500000.0,1749321.0,2348509.5,39344547.62,69813765.28,0.0,0.0,0.0,,"GRAHAM COUNTY SUBSTANCE ABUSE COALITION ($0.8M); PREVENTION RESOURCES, INC. ($0.7M); MOSAIC COMMUNITY SERVICES, INC ($0.7M)",,0.0013728872832273829,0.004803241110365218,0.3123487253257012,unclear (top recipients cover too little of the money),False
eb435a48-9193-4424-bbe9-6ab11e6683ee,Enhancing Mechanistic Research on Precision Probiotic Therapies (R61/R33 Clinical Trial Optional),93.121;93.213;93.313;93.393;93.866,20158111925.14,0.0,15292280074.66,6745627.07,36205789.629999995,3676732214.7199993,0.0,0.0,0.0,,"REGENTS OF THE UNIVERSITY OF MICHIGAN ($71.4M); REGENTS OF THE UNIVERSITY OF CALIFORNIA, SAN FRANCISCO, THE ($64.3M); UNIVERSITY OF SOUTHERN CALIFORNIA ($62.6M) | YALE UNIV ($22.6M); THE GENERAL HOSPITAL CORPORATION ($17.0M); DUKE UNIVERSITY ($15.9M) | THE UNIVERISTY OF TEXAS M.D. ANDERSON CANCER CENTER ($89.6M); SLOAN-KETTERING INSTITUTE FOR CANCER RESEARCH ($81.9M); FRED HUTCHINSON CANCER CENTER",,0.0,0.7586166864957415,0.9431420847688323,mostly universities,False
eb924fc8-e988-4b1e-be61-18d84a72a73d,Maximizing the Scientific Value of Data Generated by the Environmental Influences on Child Health Outcomes (ECHO) Program: Ruth L. Kirschstein National Research Service Award (NRSA) Individual Postdoctoral Fellowship (F32),93.121;93.307;93.310;93.313;93.853,15131031389.220001,0.0,11800610585.990002,2717375.4299999997,12073038.99,2531764840.01,0.0,0.0,0.0,,"REGENTS OF THE UNIVERSITY OF MICHIGAN ($71.4M); REGENTS OF THE UNIVERSITY OF CALIFORNIA, SAN FRANCISCO, THE ($64.3M); UNIVERSITY OF SOUTHERN CALIFORNIA ($62.6M) | THE JOHNS HOPKINS UNIVERSITY ($58.5M); THE TRUSTEES OF COLUMBIA UNIVERSITY IN THE CITY OF NEW YORK ($51.8M); UNIVERSITY OF HAWAII ($43.0M) | THE LELAND STANFORD JUNIOR UNIVERSITY ($131.6M); DUKE UNIVERSITY ($131.5M); YALE UNIV ($124.9M) ",,0.0,0.7798946603466348,0.9481948369125413,mostly universities,False
eba5be60-4531-4ddf-aa56-6b1d419155ce,Laboratory Flexible Funding Model (LFFM),93.103,978131651.19,204231952.81000003,317394711.29,6344842.82,13208169.0,393879205.75999993,0.0,0.0,6880186.38,NORTH CAROLINA DEPARTMENT OF AGRICULTURE & CONSUMER SERVICES,THE CRITICAL PATH INSTITUTE ($79.1M); NATIONAL ENVIRONMENTAL HEALTH ASSOCIATION ($44.4M); THE MEDICAL DEVICE INNOVATION CONSORTIUM ($42.6M),,0.2087980207587909,0.3244907890505904,0.9559642411554747,mixed recipients (some state agencies),False
ecbe2890-046d-4963-bbd0-2125d4f3e7bd,National Centers for Cryo-electron Tomography (cryoET) (R24 -Clinical Trial Not Allowed),93.859,12070484526.24,0.0,9612792260.85001,0.0,0.0,889455283.0399997,0.0,0.0,0.0,,"THE LELAND STANFORD JUNIOR UNIVERSITY ($235.0M); REGENTS OF THE UNIVERSITY OF MICHIGAN ($221.4M); UNIVERSITY OF CALIFORNIA, SAN DIEGO ($215.2M)",,0.0,0.7963882675921403,0.8700767165608966,mostly universities,False
ecf72cc5-cff3-43fb-922f-1b27d5fb890a,HIV/AIDS Clinical Trials Network Laboratory Centers,93.310;93.855,21863651371.47,0.0,15474504351.180012,0.0,12893516.42,4935880809.710001,0.0,0.0,0.0,,"THE LELAND STANFORD JUNIOR UNIVERSITY ($131.6M); DUKE UNIVERSITY ($131.5M); YALE UNIV ($124.9M) | FRED HUTCHINSON CANCER CENTER ($787.0M); DUKE UNIVERSITY ($576.9M); UNIVERSITY OF CALIFORNIA, LOS ANGELES ($576.8M)",,0.0,0.7077731019518898,0.9341202130564733,mostly universities,False
ed3faafa-0d8a-4061-a957-343991a62516,Dementia Care and Caregiver Support Intervention Research - Stages II - V,93.866,15229489497.87,0.0,11707506336.46,0.0,9857717.91,2433575328.85,0.0,0.0,0.0,,"REGENTS OF THE UNIVERSITY OF CALIFORNIA, SAN FRANCISCO, THE ($499.5M); THE TRUSTEES OF COLUMBIA UNIVERSITY IN THE CITY OF NEW YORK ($473.8M); WASHINGTON UNIVERSITY, THE ($471.3M)",,0.0,0.7687392501303089,0.9291801530969999,mostly universities,False
ed62aa8d-6a01-4e52-931c-7c47f1facda6,Alliance for Innovation on Maternal Health (AIM) Capacity Program,93.688,0.0,0.0,0.0,0.0,0.0,0.0,0.0,0.0,0.0,,,,0.0,0.0,0.0,no awards found FY2022-FY2025,False
ed6db6b2-d74e-4838-9223-ce72f4895688,SBIR/STTR Commercialization Readiness Pilot (CRP) Program (Parent SB1 Clinical Trial Optional),93.113;93.121;93.143;93.172;93.173;93.233;93.242;93.273;93.286;93.307;93.313;93.350;93.351;93.393;93.394;93.395;93.837;93.838;93.839;93.840;93.846;93.847;93.853;93.855;93.859;93.865;93.866;93.867,113431857564.89001,215575.61000000002,85197881386.06,11529608.43,221248244.95999998,20578011890.059994,0.0,0.0,0.0,,"ICAHN SCHOOL OF MEDICINE AT MOUNT SINAI ($73.2M); THE TRUSTEES OF COLUMBIA UNIVERSITY IN THE CITY OF NEW YORK ($64.4M); UNIVERSITY OF NORTH CAROLINA AT CHAPEL HILL ($57.1M) | REGENTS OF THE UNIVERSITY OF MICHIGAN ($71.4M); REGENTS OF THE UNIVERSITY OF CALIFORNIA, SAN FRANCISCO, THE ($64.3M); UNIVERSITY OF SOUTHERN CALIFORNIA ($62.6M) | OREGON STATE UNIVERSITY ($11.5M); UNIVERSITY OF LOUISVILLE ($1",,1.9004855833968643e-06,0.7510930634043577,0.9345600872706892,mostly universities,False
ee00bde7-db1e-43d4-a6de-4a78b572cc31,Updated National Dislocated Worker Grant Program Guidance and Application Information,17.277,431720165.11,290067106.45000017,67262187.91,10645023.07,-5197832.34,68943680.03000003,0.0,0.0,10877992.86,NORTH CAROLINA DEPARTMENT OF COMMERCE,FLORIDA DEPARTMENT OF COMMERCE ($55.5M); DEPARTMENT OF WORKFORCE DEVELOPMENT ($46.0M); STATE OF CALIFORNIA EMPLOYMENT DEVELOPMENT DEPARTMENT ($34.7M),,0.6718868607309381,0.15580043126515053,1.0000000000231635,other state agencies win this,True
ee02df6a-c51f-4045-8833-8c0dc02b2a39,Cooperative Program for Modeling Clinical Transplantation,93.855,17242464734.02,0.0,12062638314.500011,0.0,9836298.42,3962763745.0300007,0.0,0.0,0.0,,"FRED HUTCHINSON CANCER CENTER ($787.0M); DUKE UNIVERSITY ($576.9M); UNIVERSITY OF CALIFORNIA, LOS ANGELES ($576.8M)",,0.0,0.6995889799153826,0.9299852779348832,mostly universities,False
ee04d23e-7704-453f-a71c-4a7407ef84f4,Genomic Community Resources (U24 Clinical Trials Not Allowed),93.172,1744531538.97,0.0,1235774918.2100003,1175890.0,1503596.0,492556536.87,0.0,0.0,0.0,,"THE LELAND STANFORD JUNIOR UNIVERSITY ($118.8M); UNIVERSITY OF WASHINGTON ($97.7M); THE BROAD INSTITUTE, INC ($94.8M)",,0.0,0.7083706373916415,0.9922497257355505,mostly universities,False
ee186a18-9d8e-44f0-abbf-363a5db4a275,"DoW Breast Cancer, Breakthrough Award Level 4",12.420,5640094062.21,0.0,3068370069.44,0.0,22619849.59,1893474804.760001,0.0,0.0,0.0,,"THE HENRY M. JACKSON FOUNDATION FOR THE ADVANCEMENT OF MILITARY MEDICINE, INC. ($420.3M); THE UNIVERISTY OF TEXAS M.D. ANDERSON CANCER CENTER ($150.0M); THE JOHNS HOPKINS UNIVERSITY ($136.4M)",,0.0,0.5440281732176817,0.8837556020895334,mostly universities,False
ee1dd508-9138-4218-b055-8dbd8d2ee4ba,Integration of Imaging and Fluid-Based Tumor Monitoring in Cancer Therapy (R01 Clinical Trial Optional),93.393;93.394;93.395,9738636902.29,0.0,5983808076.52,5932664.0,110752560.06,3143883668.72,0.0,0.0,0.0,,"THE UNIVERISTY OF TEXAS M.D. ANDERSON CANCER CENTER ($89.6M); SLOAN-KETTERING INSTITUTE FOR CANCER RESEARCH ($81.9M); FRED HUTCHINSON CANCER CENTER ($73.6M) | REGENTS OF THE UNIVERSITY OF CALIFORNIA, SAN FRANCISCO, THE ($91.2M); FRED HUTCHINSON CANCER CENTER ($89.9M); SLOAN-KETTERING INSTITUTE FOR CANCER RESEARCH ($76.5M) | THE UNIVERISTY OF TEXAS M.D. ANDERSON CANCER CENTER ($157.0M); ICAHN SCHOO",,0.0,0.6144400018767444,0.9492475242737742,mostly universities,False
ee37f2de-b959-4b45-86a9-43d06c944f24,NIH Small Business Technology Transfer Grant (Parent STTR [R41/R42] Clinical Trial Optional),93.113;93.121;93.172;93.173;93.213;93.233;93.242;93.273;93.279;93.286;93.307;93.313;93.350;93.351;93.361;93.393;93.394;93.395;93.837;93.838;93.839;93.840;93.846;93.847;93.853;93.855;93.859;93.865;93.866;93.867;93.879,120551073058.29001,215575.61000000002,90442353399.91,12898414.43,223226407.95,21871419635.369995,0.0,0.0,0.0,,"ICAHN SCHOOL OF MEDICINE AT MOUNT SINAI ($73.2M); THE TRUSTEES OF COLUMBIA UNIVERSITY IN THE CITY OF NEW YORK ($64.4M); UNIVERSITY OF NORTH CAROLINA AT CHAPEL HILL ($57.1M) | REGENTS OF THE UNIVERSITY OF MICHIGAN ($71.4M); REGENTS OF THE UNIVERSITY OF CALIFORNIA, SAN FRANCISCO, THE ($64.3M); UNIVERSITY OF SOUTHERN CALIFORNIA ($62.6M) | THE LELAND STANFORD JUNIOR UNIVERSITY ($118.8M); UNIVERSITY OF",,1.7882512741778983e-06,0.7502409651399656,0.93363012520717,mostly universities,False
eeb85b6a-0c52-4077-8f69-09af7b8437e6,Neural Ensembles & Used Substances (NExUS) Collaboratory: Building a Multimodal Inventory of Cell Ensembles Encoding the Effects of Addictive Substances,93.279,5976314704.01,0.0,4356075983.7,0.0,0.0,1038203679.6999999,0.0,0.0,0.0,,"YALE UNIV ($242.7M); THE JOHNS HOPKINS UNIVERSITY ($216.1M); UNIVERSITY OF CALIFORNIA, SAN DIEGO ($210.2M)",,0.0,0.7288899931553389,0.9026097069119426,mostly universities,False
eeff7722-04ff-41cc-b8a5-c6a5ea6b90d7,"Biomedical Engineering, Imaging, and Technology Acceleration (BEITA) at Historically Black Colleges and Universities",93.286,1401493106.31,0.0,1086577991.9200008,0.0,0.0,279965881.34999996,0.0,0.0,0.0,,THE GENERAL HOSPITAL CORPORATION ($72.2M); THE JOHNS HOPKINS UNIVERSITY ($67.8M); THE LELAND STANFORD JUNIOR UNIVERSITY ($42.0M),,0.0,0.7753002758471348,0.9750628576889563,mostly universities,False
ef0e3045-f01d-4e95-a562-9991cd2ad38a,"DoW, Ovarian Cancer, Ovarian Cancer Academy – Early-Career Investigator Award",12.420,5640094062.21,0.0,3068370069.44,0.0,22619849.59,1893474804.760001,0.0,0.0,0.0,,"THE HENRY M. JACKSON FOUNDATION FOR THE ADVANCEMENT OF MILITARY MEDICINE, INC. ($420.3M); THE UNIVERISTY OF TEXAS M.D. ANDERSON CANCER CENTER ($150.0M); THE JOHNS HOPKINS UNIVERSITY ($136.4M)",,0.0,0.5440281732176817,0.8837556020895334,mostly universities,False
ef298045-f662-4326-a5c5-025120ed6447,Notice of Intent to Publish a Forecast for EmbraceHealth Clinical Research Network to Reduce Health Disparities – Research Sites,93.307,1704951635.84,0.0,1454818367.4300005,1904412.3599999999,0.0,214651475.74999997,0.0,0.0,0.0,,THE JOHNS HOPKINS UNIVERSITY ($58.5M); THE TRUSTEES OF COLUMBIA UNIVERSITY IN THE CITY OF NEW YORK ($51.8M); UNIVERSITY OF HAWAII ($43.0M),,0.0,0.8532901091433229,0.980305963175632,mostly universities,False
ef6ddcd1-6b62-4f0b-b357-d9431e633390,Limited Competition: Ruth L. Kirschstein National Research Service Award (NRSA) Postdoctoral Research Training Grant for the Clinical and Translational Science Awards (CTSA) Program (T32 Clinical Trial Not Allowed),93.350,2413260512.71,0.0,2177769794.8499985,0.0,0.0,234321018.16000003,0.0,0.0,0.0,,VANDERBILT UNIVERSITY MEDICAL CENTER ($81.9M); UNIVERSITY OF PITTSBURGH - OF THE COMMONWEALTH SYSTEM OF HIGHER EDUCATION ($79.6M); UNIVERSITY OF NORTH CAROLINA AT CHAPEL HILL ($60.0M),,0.0,0.9024180287955922,0.9995153031784836,mostly universities,False
efa5065c-2676-4b1a-b17f-d7e42dcfb3e4,NIDCR Behavioral and Social Intervention Clinical Trial Planning and Implementation Cooperative Agreement (UG3/UH3 Clinical Trial Required),93.121,1503475567.17,0.0,1230618528.0399997,812963.07,900368.0,248958665.48999998,0.0,0.0,0.0,,"REGENTS OF THE UNIVERSITY OF MICHIGAN ($71.4M); REGENTS OF THE UNIVERSITY OF CALIFORNIA, SAN FRANCISCO, THE ($64.3M); UNIVERSITY OF SOUTHERN CALIFORNIA ($62.6M)",,0.0,0.8185158142319529,0.9852441615584353,mostly universities,False
efd8e340-8496-4ebf-9708-95feedf8d14f,ROSES 2025: C.2 Solar System Science,43.001,3927116561.76,0.0,2890276513.0599985,0.0,0.0,800101253.4799998,0.0,0.0,70019.0,FRIENDS OF THE NORTH CAROLINA STATE MUSEUM OF NATURAL SCIENCES,"UNIVERSITY OF MARYLAND, COLLEGE PARK ($186.3M); THE REGENTS OF THE UNIVERSITY OF COLORADO ($146.4M); THE JOHNS HOPKINS UNIVERSITY ($138.3M)",,0.0,0.7359793037985801,0.9397168911345214,mostly universities,False
f01e48a5-55ac-47b9-b924-ee3a5b619316,"Cooperative Agreement to Support Activities Related to Analgesics, Anesthetics, and Addiction (U01) Clinical Trials Allowed",93.103,978131651.19,204231952.81000003,317394711.29,6344842.82,13208169.0,393879205.75999993,0.0,0.0,6880186.38,NORTH CAROLINA DEPARTMENT OF AGRICULTURE & CONSUMER SERVICES,THE CRITICAL PATH INSTITUTE ($79.1M); NATIONAL ENVIRONMENTAL HEALTH ASSOCIATION ($44.4M); THE MEDICAL DEVICE INNOVATION CONSORTIUM ($42.6M),,0.2087980207587909,0.3244907890505904,0.9559642411554747,mixed recipients (some state agencies),False
f07264b6-4b44-4f7c-9b62-52ed9082c92f,"Cellular Senescence Network (SenNet): SenNet Data Coordination, Integration and Organizational Center (U24 or UM1)",93.310,4621186637.45,0.0,3411866036.6800003,0.0,3057218.0,973117064.68,0.0,0.0,0.0,,THE LELAND STANFORD JUNIOR UNIVERSITY ($131.6M); DUKE UNIVERSITY ($131.5M); YALE UNIV ($124.9M),,0.0,0.7383095088673349,0.9495483873772623,mostly universities,False
f0b6f88d-7241-42c5-ae81-ffff4c01f04e,Catalyze: Product Definition  Medical Device Prototype Optimization (R33 - Clinical Trial Not Allowed),93.233;93.837;93.838;93.839,11885078123.09,0.0,8798997666.559996,0.0,26852110.46,2220596376.5799994,0.0,0.0,0.0,,"BRIGHAM & WOMENS HOSPITAL INC ($302.8M); TRUSTEES OF THE UNIVERSITY OF PENNSYLVANIA, THE ($298.7M); REGENTS OF THE UNIVERSITY OF MICHIGAN ($288.2M)",,0.0,0.7403399098795612,0.929438245099901,mostly universities,False
f0cca160-90c7-4d7b-97ff-b1c35d3733ad,Catalyze: Enabling Technologies and Transformative Platforms for HLBS Research (R33 - Clinical Trials Not Allowed),93.233;93.837;93.838;93.839,11885078123.09,0.0,8798997666.559996,0.0,26852110.46,2220596376.5799994,0.0,0.0,0.0,,"BRIGHAM & WOMENS HOSPITAL INC ($302.8M); TRUSTEES OF THE UNIVERSITY OF PENNSYLVANIA, THE ($298.7M); REGENTS OF THE UNIVERSITY OF MICHIGAN ($288.2M)",,0.0,0.7403399098795612,0.929438245099901,mostly universities,False
f0f92216-2abf-4b7d-9ba9-9b1f554c5958,The Next Generation of the Clinical and Translational Science Awards Program Trial Innovation Network,93.350,2413260512.71,0.0,2177769794.8499985,0.0,0.0,234321018.16000003,0.0,0.0,0.0,,VANDERBILT UNIVERSITY MEDICAL CENTER ($81.9M); UNIVERSITY OF PITTSBURGH - OF THE COMMONWEALTH SYSTEM OF HIGHER EDUCATION ($79.6M); UNIVERSITY OF NORTH CAROLINA AT CHAPEL HILL ($60.0M),,0.0,0.9024180287955922,0.9995153031784836,mostly universities,False
f0f9b58b-5e49-4cec-b9c1-feb66b067b06,Maternal Medications and Human Milk Research Center (M2HMRC),93.865,4921279091.58,0.0,3623055293.56,0.0,0.0,913474006.4399998,0.0,0.0,0.0,,REGENTS OF THE UNIVERSITY OF MICHIGAN ($145.9M); THE JOHNS HOPKINS UNIVERSITY ($122.6M); UNIVERSITY OF WASHINGTON ($109.8M),,0.0,0.736201956064394,0.921819148148236,mostly universities,False
f10d0ea2-9e06-47bc-9b1b-1474f0d39d06,Genomic and Biologic Therapies for ADRD (U01 Clinical Trial Optional),93.853,7301417548.76,0.0,5703307653.840002,0.0,8115452.99,1095037634.0900006,0.0,0.0,0.0,,"THE GENERAL HOSPITAL CORPORATION ($234.6M); REGENTS OF THE UNIVERSITY OF CALIFORNIA, SAN FRANCISCO, THE ($226.7M); THE JOHNS HOPKINS UNIVERSITY ($223.1M)",,0.0,0.7811233388246087,0.9322108611739297,mostly universities,False
f1191f04-53cb-4aeb-b6c5-c8c3b04800d9,Freedom Shield: Global Forced Labor Import Prohibition Initiative,17.401,290139979.87,0.0,-1031.92,0.0,0.0,290141011.79,0.0,0.0,0.0,,INTERNATIONAL LABOR ORGANIZATION ($110.6M); AMERICAN CENTER FOR INTERNATIONAL LABOR SOLIDARITY ($55.6M); AMERICAN INSTITUTES FOR RESEARCH IN THE BEHAVIORAL SCIENCES ($27.3M),,0.0,-3.5566280815982743e-06,1.0,"mostly nonprofits, hospitals or companies",False
f24f86a5-7d6b-467e-a97f-c5ef8e043c5c,Environmental Health Sciences Core Centers Program (P30 Clinical Trials Optional),93.113,1715114949.74,0.0,1435295386.189999,1144693.0,7190860.0,201053474.33,0.0,0.0,0.0,,ICAHN SCHOOL OF MEDICINE AT MOUNT SINAI ($73.2M); THE TRUSTEES OF COLUMBIA UNIVERSITY IN THE CITY OF NEW YORK ($64.4M); UNIVERSITY OF NORTH CAROLINA AT CHAPEL HILL ($57.1M),,0.0,0.8368508398854434,0.9589353843422112,mostly universities,False
f2962c5c-c50f-441d-b0c3-7a5aedbf597d,Innovative Screening Approaches and Therapies for Screenable Disorders in Newborns (R21 - Clinical Trial Optional),93.865,4921279091.58,0.0,3623055293.56,0.0,0.0,913474006.4399998,0.0,0.0,0.0,,REGENTS OF THE UNIVERSITY OF MICHIGAN ($145.9M); THE JOHNS HOPKINS UNIVERSITY ($122.6M); UNIVERSITY OF WASHINGTON ($109.8M),,0.0,0.736201956064394,0.921819148148236,mostly universities,False
f2a0e432-aac6-4caf-bc3a-a78ca52f4751,Cancer Prevention and Control Clinical Trials Planning Grant Program (R34 Clinical Trials Optional),93.399,668985392.35,0.0,291600192.2199999,0.0,1264793.0,376120407.13000005,0.0,0.0,0.0,,"ECOG-ACRIN MEDICAL RESEARCH FOUNDATION, INC. ($80.5M); NRG ONCOLOGY FOUNDATION INC ($47.0M); ALLIANCE NCTN FOUNDATION ($40.7M)",,0.0,0.4358842443415273,0.9999999999999998,"mostly nonprofits, hospitals or companies",False
f2ac8728-c48d-4c02-b796-74f8d0e4917f,"DoW Vision, Investigator-Initiated Research Award",12.420,5640094062.21,0.0,3068370069.44,0.0,22619849.59,1893474804.760001,0.0,0.0,0.0,,"THE HENRY M. JACKSON FOUNDATION FOR THE ADVANCEMENT OF MILITARY MEDICINE, INC. ($420.3M); THE UNIVERISTY OF TEXAS M.D. ANDERSON CANCER CENTER ($150.0M); THE JOHNS HOPKINS UNIVERSITY ($136.4M)",,0.0,0.5440281732176817,0.8837556020895334,mostly universities,False
f2c96501-a60e-407d-b253-2c66e001a54e,Resident Opportunity and Self-Sufficiency Service Coordinator (ROSS-SC) Program – Fiscal Year 2026,14.870,144626449.15,1675210.0,0.0,1680467.6099999999,38007694.64000001,63237387.769999996,0.0,0.0,270710.0,WASHINGTON HOUSING AUTHORITY,"ABT GLOBAL LLC ($4.4M); THE PARTNERSHIP CENTER LTD ($2.8M); ICF INCORPORATED, L.L.C. ($2.0M)",,0.011583012718942909,0.0,0.7232477920515966,mixed recipients (some state agencies),False
f2d50b34-2ffa-41ec-a913-4a9f417097a1,Microplastics Research and Resource Coordination Center (U24 - Clinical Trial Not Allowed),93.113,1715114949.74,0.0,1435295386.189999,1144693.0,7190860.0,201053474.33,0.0,0.0,0.0,,ICAHN SCHOOL OF MEDICINE AT MOUNT SINAI ($73.2M); THE TRUSTEES OF COLUMBIA UNIVERSITY IN THE CITY OF NEW YORK ($64.4M); UNIVERSITY OF NORTH CAROLINA AT CHAPEL HILL ($57.1M),,0.0,0.8368508398854434,0.9589353843422112,mostly universities,False
f2ea8925-6244-47e8-8de5-ffe0007096e7,Preventing Violence Affecting Young Lives (PREVAYL 2.0),93.136,1798553133.5900002,976733317.1399999,191223876.62,49049669.74,227249891.57,306696129.96999997,0.0,33736379.83,33751379.83,NORTH CAROLINA DEPARTMENT OF HEALTH & HUMAN SERVICES; NORTH CAROLINA DEPARTMENT OF PUBLIC INSTRUCTION,"FLORIDA DEPARTMENT OF HEALTH ($64.7M); PUBLIC HEALTH, CALIFORNIA DEPARTMENT OF ($45.6M); NATIONAL FOUNDATION FOR THE CENTERS FOR DISEASE CONTROL & PREVENTION, INC. ($34.5M)",,0.543066145168807,0.10632094935016337,0.9735341438287186,NC DHHS has received awards,True
f3084459-8a28-4148-9f5e-7e477fe4fc60,Resource-Related Research Projects Cooperative Agreements in Aging and/or Alzheimer's Disease (AD) and Alzheimer's Disease-Related Dementias (ADRD) Research,93.866,15229489497.87,0.0,11707506336.46,0.0,9857717.91,2433575328.85,0.0,0.0,0.0,,"REGENTS OF THE UNIVERSITY OF CALIFORNIA, SAN FRANCISCO, THE ($499.5M); THE TRUSTEES OF COLUMBIA UNIVERSITY IN THE CITY OF NEW YORK ($473.8M); WASHINGTON UNIVERSITY, THE ($471.3M)",,0.0,0.7687392501303089,0.9291801530969999,mostly universities,False
f318a7c0-5e0d-40d7-8d3b-d6c077adc198,Expeditions in Computing (Expeditions),47.070,4179713004.0,0.0,3693008871.0,5844001.0,3996174.0,293157321.0,0.0,0.0,0.0,,"UNIVERSITY OF TEXAS AT AUSTIN ($331.4M); UNIVERSITY OF CALIFORNIA, SAN DIEGO ($169.2M); UNIVERSITY OF ILLINOIS ($164.0M)",,0.0,0.8835556095516074,0.9560480260668156,mostly universities,False
f31d8a67-9a58-42f3-9c66-c219387c4635,Engineering Research Initiation,47.041,3232868977.0,0.0,2788913637.0,0.0,0.0,193471652.0,0.0,0.0,0.0,,PURDUE UNIVERSITY ($81.2M); REGENTS OF THE UNIVERSITY OF MICHIGAN ($81.1M); GEORGIA TECH RESEARCH CORP ($80.6M),,0.0,0.8626745026914217,0.9225196907817647,mostly universities,False
f32a5872-0333-4d72-bb53-3a5fa18e8548,Animal Food Regulatory Program Alliance,93.103,978131651.19,204231952.81000003,317394711.29,6344842.82,13208169.0,393879205.75999993,0.0,0.0,6880186.38,NORTH CAROLINA DEPARTMENT OF AGRICULTURE & CONSUMER SERVICES,THE CRITICAL PATH INSTITUTE ($79.1M); NATIONAL ENVIRONMENTAL HEALTH ASSOCIATION ($44.4M); THE MEDICAL DEVICE INNOVATION CONSORTIUM ($42.6M),,0.2087980207587909,0.3244907890505904,0.9559642411554747,mixed recipients (some state agencies),False
f3b7c04e-a364-4193-9c76-96aea974d618,Broad Agency Announcement for Fundamental AI Research,12.431,2303372550.5,0.0,1740909553.2299995,0.0,0.0,488342019.1999998,0.0,0.0,0.0,,"UNIVERSITY OF MARYLAND, COLLEGE PARK ($133.9M); GENERAL DYNAMICS ROBOTIC SYSTEMS INC ($106.0M); MASSACHUSETTS INSTITUTE OF TECHNOLOGY ($84.9M)",,0.0,0.7558089345347522,0.9678206731890111,mostly universities,False
f3ba2089-bbc7-4029-8b05-d6d11354d6db,GPD Grant Forecast,64.024,737706014.71,29155513.349999998,0.0,28706535.96,24632916.08,611428491.98,0.0,0.0,0.0,,"VOLUNTEERS OF AMERICA OF FLORIDA INC ($20.0M); AMERICAN G.I. FORUM, NATIONAL VETERANS OUTREACH PROGRAM, INCORPORATED ($17.3M); THE SALVATION ARMY ($16.7M)",,0.0395218593431983,0.0,0.9406503993908584,"mostly nonprofits, hospitals or companies",False
f3bc0c62-8279-41f5-b687-e1ed5c276a65,U.S. Mission Australia Annual Program Statement,19.040,257210709.31,0.0,18981816.92,765922.7,0.0,121256439.30999996,40952578.09,0.0,0.0,,MISCELLANEOUS FOREIGN AWARDEES ($41.0M); INDIVIDUAL RECIPIENT ($19.5M); MERIDIAN INTERNATIONAL CENTER ($4.4M),,0.0,0.07379870368120016,0.5482049301456434,mixed recipients (no state agencies),False
f3bf0517-43d8-4eea-898d-36bc382a6404,Centers of Biomedical Research Excellence: Development Phase (COBRE-D),93.859,12070484526.24,0.0,9612792260.85001,0.0,0.0,889455283.0399997,0.0,0.0,0.0,,"THE LELAND STANFORD JUNIOR UNIVERSITY ($235.0M); REGENTS OF THE UNIVERSITY OF MICHIGAN ($221.4M); UNIVERSITY OF CALIFORNIA, SAN DIEGO ($215.2M)",,0.0,0.7963882675921403,0.8700767165608966,mostly universities,False
f3ec77f8-8455-44c7-aecf-3c7ba6e55c3e,Stroke Preclinical Assessment Network (SPAN) to Support Translational Studies for Acute Cerebroprotection – Network Sites and Coordinating Center (U01- CT Not Allowed),93.853,7301417548.76,0.0,5703307653.840002,0.0,8115452.99,1095037634.0900006,0.0,0.0,0.0,,"THE GENERAL HOSPITAL CORPORATION ($234.6M); REGENTS OF THE UNIVERSITY OF CALIFORNIA, SAN FRANCISCO, THE ($226.7M); THE JOHNS HOPKINS UNIVERSITY ($223.1M)",,0.0,0.7811233388246087,0.9322108611739297,mostly universities,False
f3fa7334-ffb9-48be-bf0e-958b7e262d4a,Fiscal Year 2024 Flood Mitigation Assistance Swift Current,97.144,0.0,0.0,0.0,0.0,0.0,0.0,0.0,0.0,0.0,,,,0.0,0.0,0.0,no awards found FY2022-FY2025,False
f4032b37-ad39-401e-bd3b-01ad8b477cf0,Single Source: Institutional Development Award (IDeA) Clinical Research Resource Center (I-CRRC),93.859,12070484526.24,0.0,9612792260.85001,0.0,0.0,889455283.0399997,0.0,0.0,0.0,,"THE LELAND STANFORD JUNIOR UNIVERSITY ($235.0M); REGENTS OF THE UNIVERSITY OF MICHIGAN ($221.4M); UNIVERSITY OF CALIFORNIA, SAN DIEGO ($215.2M)",,0.0,0.7963882675921403,0.8700767165608966,mostly universities,False
f412520b-5594-4ff2-ae51-9de1b8d8efef,ROSES 2025: A.4 Rapid Response and Novel Research in Earth Science,43.001,3927116561.76,0.0,2890276513.0599985,0.0,0.0,800101253.4799998,0.0,0.0,70019.0,FRIENDS OF THE NORTH CAROLINA STATE MUSEUM OF NATURAL SCIENCES,"UNIVERSITY OF MARYLAND, COLLEGE PARK ($186.3M); THE REGENTS OF THE UNIVERSITY OF COLORADO ($146.4M); THE JOHNS HOPKINS UNIVERSITY ($138.3M)",,0.0,0.7359793037985801,0.9397168911345214,mostly universities,False
f42076d6-528a-48da-8a80-ae9e58e06adf,Notice of Intent to Publish a Funding Opportunity Announcement for Single Source for Continuation of the Environmental Determinants of Diabetes in The Young Study (TEDDY) Data Coordinating Center (U01 Clinical Trial Not Allowed),93.855,17242464734.02,0.0,12062638314.500011,0.0,9836298.42,3962763745.0300007,0.0,0.0,0.0,,"FRED HUTCHINSON CANCER CENTER ($787.0M); DUKE UNIVERSITY ($576.9M); UNIVERSITY OF CALIFORNIA, LOS ANGELES ($576.8M)",,0.0,0.6995889799153826,0.9299852779348832,mostly universities,False
f453c821-a46d-4181-aa1f-6d43c0021090,Education Programs in Atmospheric and Geospace Sciences,47.050,4267308537.0,0.0,3152349973.0,0.0,0.0,938761319.0,14427929.0,0.0,0.0,,UNIVERSITY CORPORATION FOR ATMOSPHERIC RESEARCH ($587.8M); WOODS HOLE OCEANOGRAPHIC INSTITUTION ($497.0M); TEXAS A & M RESEARCH FOUNDATION ($228.6M),,0.0,0.7387208929627016,0.9587099823056455,mostly universities,False
f45f11b1-c443-4968-be2d-2a6f7d50253d,Advancing Youth Activism and Engagement FY2023,19.900,151470737.13,0.0,13981411.920000002,394220.0,360000.0,103776852.72,20207298.17,0.0,0.0,,"AMERICAN COUNCILS FOR INTERNATIONAL EDUCATION: ACTR/ACCELS, INC. ($32.5M); MISCELLANEOUS FOREIGN AWARDEES ($20.2M); WORLD LEARNING INC. ($4.7M)",,0.0,0.092304376309996,0.7824117508472047,"mostly nonprofits, hospitals or companies",False
f4ac056d-f7a3-403b-8e82-95ddbd4a1e4b,NIOSH Exploratory/Developmental Grant Program (R21),93.262,467451525.40999997,14787640.309999997,351493913.23000026,0.0,31578874.61,69536097.25999999,55000.0,578513.52,578513.52,NORTH CAROLINA DEPARTMENT OF HEALTH & HUMAN SERVICES,CITY OF NEW YORK ($31.6M); CPWR: THE CENTER FOR CONSTRUCTION RESEARCH AND TRAINING ($21.4M); THE UNIVERSITY OF IOWA ($19.2M),,0.03163459632959763,0.7519366054516696,0.9998823407412106,NC DHHS has received awards,True
f4d5f64e-0b81-4634-b3c1-9993ef53c00c,Mechanisms that Impact Cancer Risk with Use of Incretin Mimetics (R21 Clinical Trial Not Allowed),93.393,2959662870.7,0.0,2008583928.6299999,5932664.0,25447703.72,873114092.6299998,0.0,0.0,0.0,,THE UNIVERISTY OF TEXAS M.D. ANDERSON CANCER CENTER ($89.6M); SLOAN-KETTERING INSTITUTE FOR CANCER RESEARCH ($81.9M); FRED HUTCHINSON CANCER CENTER ($73.6M),,0.0,0.6786529467644884,0.9842602067346331,mostly universities,False
f5586c5b-9add-44c1-9566-73ab7c7dd8b4,National Cooperative Drug/Device Discovery/Development Groups (NCDDG) for the Treatment of Mental Disorders (U01 Clinical Trial Optional),93.242,7107924163.190001,0.0,5396186256.740001,0.0,0.0,1251736935.5299997,0.0,0.0,0.0,,"YALE UNIV ($308.6M); UNIVERSITY OF PITTSBURGH - OF THE COMMONWEALTH SYSTEM OF HIGHER EDUCATION ($244.2M); UNIVERSITY OF CALIFORNIA, LOS ANGELES ($186.0M)",,0.0,0.7591789294384114,0.9352833597603335,mostly universities,False
f570f767-ac1d-4ce4-975a-c32403e028e1,Confirmatory Efficacy Clinical Trials of Non-Pharmacological and Pharmacological Interventions for Mental Disorders (R01 Clinical Trial Required),93.242,7107924163.190001,0.0,5396186256.740001,0.0,0.0,1251736935.5299997,0.0,0.0,0.0,,"YALE UNIV ($308.6M); UNIVERSITY OF PITTSBURGH - OF THE COMMONWEALTH SYSTEM OF HIGHER EDUCATION ($244.2M); UNIVERSITY OF CALIFORNIA, LOS ANGELES ($186.0M)",,0.0,0.7591789294384114,0.9352833597603335,mostly universities,False
f590a49c-60a8-44e7-930e-4fc3bcae9ae2,DoW Tick-Borne Disease Therapeutic/Diagnostic Research Award,12.420,5640094062.21,0.0,3068370069.44,0.0,22619849.59,1893474804.760001,0.0,0.0,0.0,,"THE HENRY M. JACKSON FOUNDATION FOR THE ADVANCEMENT OF MILITARY MEDICINE, INC. ($420.3M); THE UNIVERISTY OF TEXAS M.D. ANDERSON CANCER CENTER ($150.0M); THE JOHNS HOPKINS UNIVERSITY ($136.4M)",,0.0,0.5440281732176817,0.8837556020895334,mostly universities,False
f5a53385-ab1a-4996-b573-541150843d0b,Military and Civilian Partnership for Trauma Readiness Grant Program/Mission Zero,93.078,31318700.83,5016414.149999999,9809866.0,0.0,3216128.0,13276292.68,0.0,0.0,0.0,NORTH CAROLINA DEPARTMENT OF HEALTH & HUMAN SERVICES,"THE ASSOCIATION OF STATE AND TERRITORIAL HEALTH OFFICIALS ($5.2M); PUBLIC HEALTH, CALIFORNIA DEPARTMENT OF ($5.0M); HEALTH INDUSTRY DISTRIBUTORS ASSOCIATION ($2.8M)",,0.1601731239501099,0.31322710521258873,1.0,mixed recipients (some state agencies),False
f68cf378-43e2-49b9-a252-a7009c6b81cf,"Maternal, Infant, and Early Childhood Home Visiting Program (MIECHV)",93.870,1748247447.69,1272183557.3399994,5982397.43,45047870.34,0.0,425033622.58000004,0.0,21067754.07,21067754.07,NORTH CAROLINA DEPARTMENT OF HEALTH & HUMAN SERVICES,"PUBLIC HEALTH, CALIFORNIA DEPARTMENT OF ($102.3M); HEALTH & HUMAN SVC COMMN TX ($82.3M); PA DEPARTMENT OF HUMAN SERVICES ($76.7M)",,0.7276907848605557,0.003421939747662541,0.9999999999999998,NC DHHS has received awards,True
f6e04e5d-0a58-493f-b26a-df1447f46987,"U.S. Embassy The Hague, PAS, REMVE Mayoral Exchanges and Summit",19.040,257210709.31,0.0,18981816.92,765922.7,0.0,121256439.30999996,40952578.09,0.0,0.0,,MISCELLANEOUS FOREIGN AWARDEES ($41.0M); INDIVIDUAL RECIPIENT ($19.5M); MERIDIAN INTERNATIONAL CENTER ($4.4M),,0.0,0.07379870368120016,0.5482049301456434,mixed recipients (no state agencies),False
f796ec42-c0e1-4648-a5ff-1f87a76c26e2,Silvio O. Conte Digestive Diseases Research Core Centers (P30-Clinical Trial Optional),93.847,7801990499.05,0.0,5868063966.9,0.0,40709921.57,1426874242.5900002,0.0,0.0,0.0,,"REGENTS OF THE UNIVERSITY OF MICHIGAN ($278.9M); TRUSTEES OF THE UNIVERSITY OF PENNSYLVANIA, THE ($222.1M); WASHINGTON UNIVERSITY, THE ($189.5M)",,0.0,0.7521239570356458,0.9402277703303042,mostly universities,False
f7dde5e3-95ff-464f-88ba-8d303197a36c,Ruth L. Kirschstein National Research Service Award (NRSA) Individual Predoctoral Fellowship (Parent F31),93.113;93.121;93.172;93.173;93.213;93.233;93.273;93.279;93.286;93.307;93.310;93.361;93.398;93.837;93.838;93.839;93.840;93.846;93.847;93.853;93.855;93.865;93.866;93.867;93.879,93570039104.18002,215575.61000000002,70436563450.43,6965750.43,125123704.55,17303594751.48,0.0,0.0,0.0,,"ICAHN SCHOOL OF MEDICINE AT MOUNT SINAI ($73.2M); THE TRUSTEES OF COLUMBIA UNIVERSITY IN THE CITY OF NEW YORK ($64.4M); UNIVERSITY OF NORTH CAROLINA AT CHAPEL HILL ($57.1M) | REGENTS OF THE UNIVERSITY OF MICHIGAN ($71.4M); REGENTS OF THE UNIVERSITY OF CALIFORNIA, SAN FRANCISCO, THE ($64.3M); UNIVERSITY OF SOUTHERN CALIFORNIA ($62.6M) | THE LELAND STANFORD JUNIOR UNIVERSITY ($118.8M); UNIVERSITY OF",,2.3038956920813094e-06,0.7527683447049388,0.9391089719933065,mostly universities,False
f7f3d30f-cedb-41b3-a18a-8fb7fee0cb10,Assessing the Feasibility of Incorporating Mechanisms in Multisite Clinical Trials of Mind and Body Interventions on Whole Person Health Restoration,93.213,465483989.4,0.0,345571281.5300001,0.0,0.0,121084127.74999997,0.0,0.0,0.0,,YALE UNIV ($22.6M); THE GENERAL HOSPITAL CORPORATION ($17.0M); DUKE UNIVERSITY ($15.9M),,0.0,0.7423913376170788,1.0025165632044832,mostly universities,False
f7f5692f-7760-439d-9a04-a69de49cb81c,Chemical Process Systems (CPS),47.041,3232868977.0,0.0,2788913637.0,0.0,0.0,193471652.0,0.0,0.0,0.0,,PURDUE UNIVERSITY ($81.2M); REGENTS OF THE UNIVERSITY OF MICHIGAN ($81.1M); GEORGIA TECH RESEARCH CORP ($80.6M),,0.0,0.8626745026914217,0.9225196907817647,mostly universities,False
f805f95b-6c2f-4ee5-b521-512314d55250,Paul Calabresi Career Development Award for Clinical Oncology (K12 Clinical Trial Not Allowed),93.398,846269561.51,0.0,607322565.2500002,0.0,9592638.66,231198380.13000003,0.0,0.0,0.0,,SLOAN-KETTERING INSTITUTE FOR CANCER RESEARCH ($43.7M); THE GENERAL HOSPITAL CORPORATION ($30.6M); THE UNIVERISTY OF TEXAS M.D. ANDERSON CANCER CENTER ($29.7M),,0.0,0.717646708415642,1.0021790013653689,mostly universities,False
f8607a68-6dab-40e0-8286-14267369f6b9,Mission Spain Public Diplomacy 2022 Annual Program Statement,19.040,257210709.31,0.0,18981816.92,765922.7,0.0,121256439.30999996,40952578.09,0.0,0.0,,MISCELLANEOUS FOREIGN AWARDEES ($41.0M); INDIVIDUAL RECIPIENT ($19.5M); MERIDIAN INTERNATIONAL CENTER ($4.4M),,0.0,0.07379870368120016,0.5482049301456434,mixed recipients (no state agencies),False
f86a4e9d-1aad-4331-9d27-cfd38649bc82,Priority HIV/AIDS Research within the Mission of NIDDK (R01 Clinical Trial Optional),93.847,7801990499.05,0.0,5868063966.9,0.0,40709921.57,1426874242.5900002,0.0,0.0,0.0,,"REGENTS OF THE UNIVERSITY OF MICHIGAN ($278.9M); TRUSTEES OF THE UNIVERSITY OF PENNSYLVANIA, THE ($222.1M); WASHINGTON UNIVERSITY, THE ($189.5M)",,0.0,0.7521239570356458,0.9402277703303042,mostly universities,False
f892bfb3-ae6b-4b13-8241-93aecc115428,National Science Foundation Fostering Interdisciplinary Networks to Develop Emergent and Responsive Solutions Foundry,47.076;47.084,7726631952.0,0.0,4758764649.0,0.0,0.0,588370577.0,0.0,0.0,0.0,,"MASSACHUSETTS INSTITUTE OF TECHNOLOGY ($106.0M); REGENTS OF THE UNIVERSITY OF CALIFORNIA, THE ($105.6M); THE LELAND STANFORD JUNIOR UNIVERSITY ($103.6M) | ARIZONA STATE UNIVERSITY ($44.7M); ACTIVATE GLOBAL INC ($39.0M); MASSACHUSETTS INSTITUTE OF TECHNOLOGY ($30.7M)",,0.0,0.6158912031222372,0.6920395923111001,mostly universities,False
f9088e85-73ca-4149-af60-29817ddcb3ce,Democracy Commission Program R2 FY2022,19.900,151470737.13,0.0,13981411.920000002,394220.0,360000.0,103776852.72,20207298.17,0.0,0.0,,"AMERICAN COUNCILS FOR INTERNATIONAL EDUCATION: ACTR/ACCELS, INC. ($32.5M); MISCELLANEOUS FOREIGN AWARDEES ($20.2M); WORLD LEARNING INC. ($4.7M)",,0.0,0.092304376309996,0.7824117508472047,"mostly nonprofits, hospitals or companies",False
f919eaae-787c-4900-91b1-92e5e088a893,"Bioengineering Research, Innovation and Technology Education (BRITE) Program (R25 Clinical Trial Not Allowed)",93.286,1401493106.31,0.0,1086577991.9200008,0.0,0.0,279965881.34999996,0.0,0.0,0.0,,THE GENERAL HOSPITAL CORPORATION ($72.2M); THE JOHNS HOPKINS UNIVERSITY ($67.8M); THE LELAND STANFORD JUNIOR UNIVERSITY ($42.0M),,0.0,0.7753002758471348,0.9750628576889563,mostly universities,False
f931e3f2-28c6-4bcb-83ff-894bc6b2266c,"National Viral Hepatitis Education, Awareness, and Capacity Building for Communities and Providers",93.270,105476311.88,69566520.52000001,1122335.85,1096961.51,12650182.47,21040311.53,0.0,1003727.08,1003727.08,NORTH CAROLINA DEPARTMENT OF HEALTH & HUMAN SERVICES,NATIONAL ALLIANCE OF STATE & TERRITORIAL AIDS DIRECTORS ($13.9M); COLORADO DEPARTMENT OF PUBLIC HEALTH & ENVIRONMENT ($3.0M); COUNTY OF LOS ANGELES ($2.8M),,0.6595463879998533,0.010640643666768302,1.0000000000000002,NC DHHS has received awards,True
f93766d2-cd27-41d0-8e05-9bd482daf8d7,"Collaborative Opportunities for Multiple-disciplinary, Bold, and Integrated Endeavors (COMBINE) (RM1 Clinical Trial Optional)",93.173;93.213;93.273;93.279;93.853;93.866;93.867,35164059013.600006,0.0,27200151479.24,0.0,23162711.22,5600035372.8,0.0,0.0,0.0,,THE JOHNS HOPKINS UNIVERSITY ($66.5M); MASSACHUSETTS EYE AND EAR INFIRMARY ($63.7M); THE UNIVERSITY OF IOWA ($40.8M) | YALE UNIV ($22.6M); THE GENERAL HOSPITAL CORPORATION ($17.0M); DUKE UNIVERSITY ($15.9M) | YALE UNIV ($71.9M); UNIVERSITY OF NORTH CAROLINA AT CHAPEL HILL ($48.6M); TRUSTEES OF INDIANA UNIVERSITY ($45.7M) | YALE UNIV ($242.7M); THE JOHNS HOPKINS UNIVERSITY ($216.1M); UNIVERSITY OF ,,0.0,0.7735213807006781,0.9334346057878382,mostly universities,False
f9773551-0c3a-42c7-b88e-fde3811fdb19,"Clinical Observational (CO) Studies in Musculoskeletal, Rheumatic, and Skin Diseases (R01 Clinical Trial Not Allowed)",93.846,2137865170.47,0.0,1686577934.31,0.0,0.0,394461550.0499999,0.0,0.0,0.0,,"TRUSTEES OF THE UNIVERSITY OF PENNSYLVANIA, THE ($85.7M); REGENTS OF THE UNIVERSITY OF CALIFORNIA, SAN FRANCISCO, THE ($74.6M); BRIGHAM & WOMENS HOSPITAL INC ($72.0M)",,0.0,0.7889075314975141,0.9734194247163364,mostly universities,False
f98316c9-06ac-40e5-be43-db01a0a0dccf,Notice of Intent:  Program to End Modern Slavery FY 2022,19.019,246394243.55,0.0,21946412.42,0.0,0.0,224447831.13000003,0.0,0.0,0.0,,INTERNATIONAL ORGANIZATION FOR MIGRATION ($44.5M); UNITED NATIONS OFFICE ON DRUGS AND CRIME ($17.0M); INTERNATIONAL JUSTICE MISSION ($15.4M),,0.0,0.0890703131039118,1.0,"mostly nonprofits, hospitals or companies",False
f9b61bab-f16b-4a39-94b2-71c9c1c834c8,Coordinating Center for National Resource Network for the Study of Human Auditory and Vestibular Disorders,93.173,1663121320.76,0.0,1359375084.86,0.0,0.0,270923269.94,0.0,0.0,0.0,,THE JOHNS HOPKINS UNIVERSITY ($66.5M); MASSACHUSETTS EYE AND EAR INFIRMARY ($63.7M); THE UNIVERSITY OF IOWA ($40.8M),,0.0,0.8173637532581228,0.9802642383629591,mostly universities,False
f9eb8a1d-a0f9-4b35-9552-0ef678ba2587,Mentored Clinical Scientist Research Career Development Award (Parent K08  Independent Clinical Trial Required),93.113;93.172;93.173;93.213;93.242;93.273;93.279;93.286;93.307;93.310;93.313;93.398;93.837;93.838;93.839;93.840;93.853;93.865;93.866;93.879,68655844306.8,215575.61000000002,52227282114.159996,4783981.359999999,68267213.25,12054479573.35,0.0,0.0,0.0,,"ICAHN SCHOOL OF MEDICINE AT MOUNT SINAI ($73.2M); THE TRUSTEES OF COLUMBIA UNIVERSITY IN THE CITY OF NEW YORK ($64.4M); UNIVERSITY OF NORTH CAROLINA AT CHAPEL HILL ($57.1M) | THE LELAND STANFORD JUNIOR UNIVERSITY ($118.8M); UNIVERSITY OF WASHINGTON ($97.7M); THE BROAD INSTITUTE, INC ($94.8M) | THE JOHNS HOPKINS UNIVERSITY ($66.5M); MASSACHUSETTS EYE AND EAR INFIRMARY ($63.7M); THE UNIVERSITY OF IO",,3.1399455090329195e-06,0.76071138067684,0.9373568864749358,mostly universities,False
fa0cd12a-2f59-4f4d-a074-f9c8167cadcc,Solomon Islands Threshold Program Industry Day,85.002,2551221184.75,0.0,1912490.73,0.0,0.0,23737545.179999992,2525571148.84,0.0,0.0,,"REDACTED DUE TO PII ($2296.4M); MISCELLANEOUS FOREIGN AWARDEES ($229.2M); AMERICAN COUNCILS FOR INTERNATIONAL EDUCATION: ACTR/ACCELS, INC. ($16.6M)",,0.0,0.0007496373663843691,0.01005402278066827,unclear (top recipients cover too little of the money),False
fa3162ba-0796-4e7b-9bb5-0ea426cea550,Partnership Intermediary Agreement (PIA),12.630,1018931623.4100001,0.0,726860963.8400002,0.0,0.0,275566843.68,0.0,0.0,0.0,,MSI STEM RESEARCH & DEVELOPMENT CONSORTIUM ($73.1M); BATTELLE MEMORIAL INSTITUTE ($69.6M); UNIVERSITY OF CALIFORNIA SAN DIEGO ($44.1M),,0.0,0.7133559771238194,0.9838028229659146,mostly universities,False
faafd0c3-eeda-4f0a-8e81-58cff40c38f4,Staff Research Program,12.431,2303372550.5,0.0,1740909553.2299995,0.0,0.0,488342019.1999998,0.0,0.0,0.0,,"UNIVERSITY OF MARYLAND, COLLEGE PARK ($133.9M); GENERAL DYNAMICS ROBOTIC SYSTEMS INC ($106.0M); MASSACHUSETTS INSTITUTE OF TECHNOLOGY ($84.9M)",,0.0,0.7558089345347522,0.9678206731890111,mostly universities,False
fae6d84f-fa66-4844-90df-8032067c76f5,DoW Tick-Borne Disease Idea Development Award,12.420,5640094062.21,0.0,3068370069.44,0.0,22619849.59,1893474804.760001,0.0,0.0,0.0,,"THE HENRY M. JACKSON FOUNDATION FOR THE ADVANCEMENT OF MILITARY MEDICINE, INC. ($420.3M); THE UNIVERISTY OF TEXAS M.D. ANDERSON CANCER CENTER ($150.0M); THE JOHNS HOPKINS UNIVERSITY ($136.4M)",,0.0,0.5440281732176817,0.8837556020895334,mostly universities,False
fb2c5352-295a-466a-9b53-e6a1428efcda,Continued Development of the Gabriella Miller Kids First Pediatric Data Resource Center (U2C Clinical Trials Not Allowed),93.310,4621186637.45,0.0,3411866036.6800003,0.0,3057218.0,973117064.68,0.0,0.0,0.0,,THE LELAND STANFORD JUNIOR UNIVERSITY ($131.6M); DUKE UNIVERSITY ($131.5M); YALE UNIV ($124.9M),,0.0,0.7383095088673349,0.9495483873772623,mostly universities,False
fb47cb63-0f59-4d4f-8b60-2f6be3fb0f17,Focused Technology Research and Development (R01 Clinical Trial Not Allowed),93.859,12070484526.24,0.0,9612792260.85001,0.0,0.0,889455283.0399997,0.0,0.0,0.0,,"THE LELAND STANFORD JUNIOR UNIVERSITY ($235.0M); REGENTS OF THE UNIVERSITY OF MICHIGAN ($221.4M); UNIVERSITY OF CALIFORNIA, SAN DIEGO ($215.2M)",,0.0,0.7963882675921403,0.8700767165608966,mostly universities,False
fbb68151-e70f-462b-9d22-3432f62473e2,CHEERS Open Period 1 - All Technical Areas,12.800,3127619506.15,0.0,1639559732.7100005,0.0,0.0,1343669096.6100004,0.0,0.0,0.0,,"BIOINDUSTRIAL MANUFACTURING AND DESIGN ECOSYSTEM ($521.4M); NATIONAL CENTER FOR DEFENSE MANUFACTURING AND MACHINING ($256.8M); FLEXTECH ALLIANCE, INC. ($189.0M)",,0.0,0.524219691521315,0.9538336819596896,mostly universities,False
fbe0a427-cc2d-4b18-951c-4ca5b7d0bea5,DoW Arthritis Translational Research Award,12.420,5640094062.21,0.0,3068370069.44,0.0,22619849.59,1893474804.760001,0.0,0.0,0.0,,"THE HENRY M. JACKSON FOUNDATION FOR THE ADVANCEMENT OF MILITARY MEDICINE, INC. ($420.3M); THE UNIVERISTY OF TEXAS M.D. ANDERSON CANCER CENTER ($150.0M); THE JOHNS HOPKINS UNIVERSITY ($136.4M)",,0.0,0.5440281732176817,0.8837556020895334,mostly universities,False
fbe9738b-8440-4690-a838-9d0f99d9e777,Research Initiatives at the Naval Postgraduate School,12.300,3307063262.15,2300496.0,2565686577.1200027,0.0,2350000.0,542168836.0800002,0.0,0.0,0.0,,UNIVERSITY OF CALIFORNIA SAN DIEGO ($164.4M); MASSACHUSETTS INSTITUTE OF TECHNOLOGY ($137.1M); UNIVERSITY OF WASHINGTON ($102.3M),,0.0006956310834236636,0.775820228927822,0.9411691469054296,mostly universities,False
fc3aee16-137d-4fb2-87db-2664499e7c5b,Teaching Health Center Graduate Medical Education (THCGME) Program,93.530,834607108.53,0.0,24900408.599999998,9317808.0,61372716.88,739016175.04,0.0,0.0,0.0,,"THE WRIGHT CENTER FOR GRADUATE MEDICAL EDUCATION ($92.9M); OSTEOPATHIC MEDICAL EDUCATION CONSORTIUM OF OKLAHOMA, INC ($70.0M); DETROIT WAYNE COUNTY HEALTH AUTHORITY ($56.7M)",,0.0,0.029834886793448576,0.9999999999880184,"mostly nonprofits, hospitals or companies",False
fc665e54-0a33-4b8d-910d-a8c912926219,Health Equity Data Access Program (HEDAP),93.695,270000.0,0.0,270000.0,0.0,0.0,0.0,0.0,0.0,0.0,,"UNIVERSITY OF KANSAS MEDICAL CENTER RESEARCH INSTITUTE, INC. ($0.1M); THE CURATORS OF THE UNIVERSITY OF MISSOURI ($0.1M); GEORGE WASHINGTON UNIVERSITY (THE) ($0.1M)",,0.0,1.0,1.0,mostly universities,False
fc68f56a-b886-4021-bc6a-504a277f2ffb,NIH Brain Development Cohorts (NBDC) and Population Assessment of Tobacco and Health (PATH) Study Biospecimen Access,93.279,5976314704.01,0.0,4356075983.7,0.0,0.0,1038203679.6999999,0.0,0.0,0.0,,"YALE UNIV ($242.7M); THE JOHNS HOPKINS UNIVERSITY ($216.1M); UNIVERSITY OF CALIFORNIA, SAN DIEGO ($210.2M)",,0.0,0.7288899931553389,0.9026097069119426,mostly universities,False
fcc5b681-2c2f-42d8-816d-430875a86bc3,"Elucidation and Validation of the role of Transporters in the Placenta, Lactating Mammary Gland, Developing Gut, and Blood Brain Barrier",93.865,4921279091.58,0.0,3623055293.56,0.0,0.0,913474006.4399998,0.0,0.0,0.0,,REGENTS OF THE UNIVERSITY OF MICHIGAN ($145.9M); THE JOHNS HOPKINS UNIVERSITY ($122.6M); UNIVERSITY OF WASHINGTON ($109.8M),,0.0,0.736201956064394,0.921819148148236,mostly universities,False
fd0c942d-4760-41c1-b7c2-57c63b3c0a62,Seed Instrumentation Support (SIS) Program (S10 Clinical Trial Not Allowed),93.310;93.351;93.855;93.866,38211324917.98,0.0,28036432850.09001,0.0,22751234.33,7622199561.810001,0.0,0.0,0.0,,"THE LELAND STANFORD JUNIOR UNIVERSITY ($131.6M); DUKE UNIVERSITY ($131.5M); YALE UNIV ($124.9M) | UNIVERSITY OF CALIFORNIA, DAVIS ($82.0M); OREGON HEALTH & SCIENCE UNIVERSITY ($72.4M); UNIVERSITY OF WASHINGTON ($63.7M) | FRED HUTCHINSON CANCER CENTER ($787.0M); DUKE UNIVERSITY ($576.9M); UNIVERSITY OF CALIFORNIA, LOS ANGELES ($576.8M) | REGENTS OF THE UNIVERSITY OF CALIFORNIA, SAN FRANCISCO, THE (",,0.0,0.7337205111382493,0.9337907995291849,mostly universities,False
fd135574-7ecb-4710-8f7e-83a32df52d78,"Ethical, Legal and Social Implications (ELSI) Exploratory/Developmental Research Grant (R21 Clinical Trial Optional)",93.113;93.121;93.172;93.173;93.242;93.279;93.310;93.313;93.399;93.853;93.855;93.865;93.867;93.989,57481199462.05,0.0,42600552608.170006,3133546.07,37058126.730000004,11233587938.330002,458618.0,0.0,0.0,,"ICAHN SCHOOL OF MEDICINE AT MOUNT SINAI ($73.2M); THE TRUSTEES OF COLUMBIA UNIVERSITY IN THE CITY OF NEW YORK ($64.4M); UNIVERSITY OF NORTH CAROLINA AT CHAPEL HILL ($57.1M) | REGENTS OF THE UNIVERSITY OF MICHIGAN ($71.4M); REGENTS OF THE UNIVERSITY OF CALIFORNIA, SAN FRANCISCO, THE ($64.3M); UNIVERSITY OF SOUTHERN CALIFORNIA ($62.6M) | THE LELAND STANFORD JUNIOR UNIVERSITY ($118.8M); UNIVERSITY OF",,0.0,0.7411214972348579,0.9372513573741393,mostly universities,False
fd17e8c8-0a81-4ebf-9978-7c1c65f60d37,Special Program Announcement for Office of Naval Research Research Opportunity: FY27 Communications and Networking Applied Research,12.300,3307063262.15,2300496.0,2565686577.1200027,0.0,2350000.0,542168836.0800002,0.0,0.0,0.0,,UNIVERSITY OF CALIFORNIA SAN DIEGO ($164.4M); MASSACHUSETTS INSTITUTE OF TECHNOLOGY ($137.1M); UNIVERSITY OF WASHINGTON ($102.3M),,0.0006956310834236636,0.775820228927822,0.9411691469054296,mostly universities,False
fd281670-a13c-4cd9-a526-7bb67a98d227,SEEDING CRITICAL ADVANCES FOR LEADING ENERGY TECHNOLOGIES WITH UNTAPPED POTENTIAL (SCALEUP) READY,81.135,1167095926.5900002,0.0,450386895.27999985,0.0,0.0,678370952.1000003,0.0,0.0,0.0,,BWXT ADVANCED TECHNOLOGIES LLC ($30.9M); MASSACHUSETTS INSTITUTE OF TECHNOLOGY ($24.9M); GENERAL ELECTRIC COMPANY ($24.6M),,0.0,0.38590392187892575,0.967150875659368,"mostly nonprofits, hospitals or companies",False
fd5aaf10-314e-4a09-9978-14e7b1b283e1,Limited Competition: NIMHD Initiative for Improving American Indian and Alaska Native Cancer Outcomes (U19 - Clinical Trial Optional),93.307,1704951635.84,0.0,1454818367.4300005,1904412.3599999999,0.0,214651475.74999997,0.0,0.0,0.0,,THE JOHNS HOPKINS UNIVERSITY ($58.5M); THE TRUSTEES OF COLUMBIA UNIVERSITY IN THE CITY OF NEW YORK ($51.8M); UNIVERSITY OF HAWAII ($43.0M),,0.0,0.8532901091433229,0.980305963175632,mostly universities,False
fd5dfec0-8772-494f-a990-506b5e996d27,Urgent Competitive Revision to Existing NIH Grants and Cooperative Agreements (Urgent Supplement Clinical Trial Optional),93.310,4621186637.45,0.0,3411866036.6800003,0.0,3057218.0,973117064.68,0.0,0.0,0.0,,THE LELAND STANFORD JUNIOR UNIVERSITY ($131.6M); DUKE UNIVERSITY ($131.5M); YALE UNIV ($124.9M),,0.0,0.7383095088673349,0.9495483873772623,mostly universities,False
fdbbc33d-4c2a-4e18-9914-2be7debcc880,Dental Primary Care Practice-Based Research Network: Administrative and Resource Center,93.121,1503475567.17,0.0,1230618528.0399997,812963.07,900368.0,248958665.48999998,0.0,0.0,0.0,,"REGENTS OF THE UNIVERSITY OF MICHIGAN ($71.4M); REGENTS OF THE UNIVERSITY OF CALIFORNIA, SAN FRANCISCO, THE ($64.3M); UNIVERSITY OF SOUTHERN CALIFORNIA ($62.6M)",,0.0,0.8185158142319529,0.9852441615584353,mostly universities,False
fdca0af8-d051-432f-b28d-7747ec0e5496,"NIH Research Education Program - Courses, Curriculum & Methods (Parent R25 - Clinical Trial Not Allowed)",93.113;93.121;93.172;93.173;93.233;93.242;93.273;93.279;93.310;93.313;93.361;93.398;93.837;93.838;93.839;93.840;93.847;93.853;93.855;93.859;93.865;93.866;93.867;93.879;93.T21,107038653891.59,215575.61000000002,80871996392.83002,5061338.07,125123704.55,18434623935.15,0.0,0.0,0.0,,"ICAHN SCHOOL OF MEDICINE AT MOUNT SINAI ($73.2M); THE TRUSTEES OF COLUMBIA UNIVERSITY IN THE CITY OF NEW YORK ($64.4M); UNIVERSITY OF NORTH CAROLINA AT CHAPEL HILL ($57.1M) | REGENTS OF THE UNIVERSITY OF MICHIGAN ($71.4M); REGENTS OF THE UNIVERSITY OF CALIFORNIA, SAN FRANCISCO, THE ($64.3M); UNIVERSITY OF SOUTHERN CALIFORNIA ($62.6M) | THE LELAND STANFORD JUNIOR UNIVERSITY ($118.8M); UNIVERSITY OF",not a standard assistance listing number,2.0139977677441415e-06,0.7555401105355652,0.9289823566626781,mostly universities,False
fdefec19-3fab-463e-b6ec-91285c15671a,ARMY APPLICATIONS LAB BROAD AGENCY ANNOUNCEMENT FOR DISRUPTIVE APPLICATIONS,12.431,2303372550.5,0.0,1740909553.2299995,0.0,0.0,488342019.1999998,0.0,0.0,0.0,,"UNIVERSITY OF MARYLAND, COLLEGE PARK ($133.9M); GENERAL DYNAMICS ROBOTIC SYSTEMS INC ($106.0M); MASSACHUSETTS INSTITUTE OF TECHNOLOGY ($84.9M)",,0.0,0.7558089345347522,0.9678206731890111,mostly universities,False
fedda8fc-2bb6-4237-b981-8cf04bfeedc5,Preventing Suicide and Interpersonal Violence Among Youth and Young Adults,93.136,1798553133.5900002,976733317.1399999,191223876.62,49049669.74,227249891.57,306696129.96999997,0.0,33736379.83,33751379.83,NORTH CAROLINA DEPARTMENT OF HEALTH & HUMAN SERVICES; NORTH CAROLINA DEPARTMENT OF PUBLIC INSTRUCTION,"FLORIDA DEPARTMENT OF HEALTH ($64.7M); PUBLIC HEALTH, CALIFORNIA DEPARTMENT OF ($45.6M); NATIONAL FOUNDATION FOR THE CENTERS FOR DISEASE CONTROL & PREVENTION, INC. ($34.5M)",,0.543066145168807,0.10632094935016337,0.9735341438287186,NC DHHS has received awards,True
feedf382-f21b-428e-8923-bb50673bef23,DoW Rare Cancers Idea Development Award,12.420,5640094062.21,0.0,3068370069.44,0.0,22619849.59,1893474804.760001,0.0,0.0,0.0,,"THE HENRY M. JACKSON FOUNDATION FOR THE ADVANCEMENT OF MILITARY MEDICINE, INC. ($420.3M); THE UNIVERISTY OF TEXAS M.D. ANDERSON CANCER CENTER ($150.0M); THE JOHNS HOPKINS UNIVERSITY ($136.4M)",,0.0,0.5440281732176817,0.8837556020895334,mostly universities,False
fef48e8c-9db6-4bf2-9f84-6efb9924ef99,Notice of Intent to Publish a Funding Opportunity Announcement for NIEHS Worker Training Program’s Hazardous Materials Worker Health and Safety Training (U45 – Clinical Trials Not Allowed),93.142,147255502.82,0.0,40237550.2,0.0,0.0,107017952.62,0.0,0.0,0.0,,CPWR: THE CENTER FOR CONSTRUCTION RESEARCH AND TRAINING ($25.1M); STEELWORKERS CHARITABLE & EDUCATIONAL ORGANIZATION ($17.6M); INTERNATIONAL BROTHERHOOD OF TEAMSTERS ($11.8M),,0.0,0.2732498917149805,1.0,"mostly nonprofits, hospitals or companies",False
ff15cb33-0303-4a33-8579-082db181f538,F24AS00298 Cooperative Agriculture,15.681,0.0,0.0,0.0,0.0,0.0,0.0,0.0,0.0,0.0,,,,0.0,0.0,0.0,no awards found FY2022-FY2025,False
ff1ad4fc-0c0d-417e-a1be-b3afdd1a15dd,"Research on the Ethical, Legal and Social Implications (ELSI) of Genomics",93.172,1744531538.97,0.0,1235774918.2100003,1175890.0,1503596.0,492556536.87,0.0,0.0,0.0,,"THE LELAND STANFORD JUNIOR UNIVERSITY ($118.8M); UNIVERSITY OF WASHINGTON ($97.7M); THE BROAD INSTITUTE, INC ($94.8M)",,0.0,0.7083706373916415,0.9922497257355505,mostly universities,False
ff23ddd9-0a2e-470b-8881-7d7dc74aed03,Advancing Global Health,19.029,109108132.69,0.0,97900.0,18612.27,553488.5,104424927.07000001,6924915.77,0.0,0.0,,"THE HENRY M. JACKSON FOUNDATION FOR THE ADVANCEMENT OF MILITARY MEDICINE, INC. ($89.9M); MISCELLANEOUS FOREIGN AWARDEES ($6.9M); TAMRA FOR SOCIAL DEVELOPMENT ORGANIZATION (TDS) ($0.6M)",,0.0,0.0008972750022049708,0.9632180961120251,"mostly nonprofits, hospitals or companies",False
ff51d466-1c4b-48d9-a9d1-a860e5415de1,Innovation Grants to Nurture Initial Translational Efforts (IGNITE): Assay Development and Therapeutic Agent Identification,93.853,7301417548.76,0.0,5703307653.840002,0.0,8115452.99,1095037634.0900006,0.0,0.0,0.0,,"THE GENERAL HOSPITAL CORPORATION ($234.6M); REGENTS OF THE UNIVERSITY OF CALIFORNIA, SAN FRANCISCO, THE ($226.7M); THE JOHNS HOPKINS UNIVERSITY ($223.1M)",,0.0,0.7811233388246087,0.9322108611739297,mostly universities,False
ff53e2e3-28af-4065-8519-b45c5d4b347a,Risk and Protective Factors of Family Health and Family Level Interventions (R01 Clinical Trial Optional),93.273;93.307;93.310;93.313;93.361;93.399,9367510465.94,0.0,7102954475.82,3273218.36,4542373.99,1946431989.97,0.0,0.0,0.0,,"YALE UNIV ($71.9M); UNIVERSITY OF NORTH CAROLINA AT CHAPEL HILL ($48.6M); TRUSTEES OF INDIANA UNIVERSITY ($45.7M) | THE JOHNS HOPKINS UNIVERSITY ($58.5M); THE TRUSTEES OF COLUMBIA UNIVERSITY IN THE CITY OF NEW YORK ($51.8M); UNIVERSITY OF HAWAII ($43.0M) | THE LELAND STANFORD JUNIOR UNIVERSITY ($131.6M); DUKE UNIVERSITY ($131.5M); YALE UNIV ($124.9M) | TRUSTEES OF THE UNIVERSITY OF PENNSYLVANIA, T",,0.0,0.7582542343183003,0.966873972660263,mostly universities,False
ff69bb8e-dc6f-4e46-931f-deb681aaa38a,Small Business Translator: MedTech and Digital Health Technologies,93.121;93.213;93.242;93.273;93.279;93.286;93.372;93.853;93.865;93.866;93.867,48867138383.73,0.0,37523774025.95,812963.07,24063079.22,8108468011.989999,248781.0,0.0,0.0,,"REGENTS OF THE UNIVERSITY OF MICHIGAN ($71.4M); REGENTS OF THE UNIVERSITY OF CALIFORNIA, SAN FRANCISCO, THE ($64.3M); UNIVERSITY OF SOUTHERN CALIFORNIA ($62.6M) | YALE UNIV ($22.6M); THE GENERAL HOSPITAL CORPORATION ($17.0M); DUKE UNIVERSITY ($15.9M) | YALE UNIV ($308.6M); UNIVERSITY OF PITTSBURGH - OF THE COMMONWEALTH SYSTEM OF HIGHER EDUCATION ($244.2M); UNIVERSITY OF CALIFORNIA, LOS ANGELES ($1",,0.0,0.7678733657635924,0.9343112690926718,mostly universities,False
ff7edf5f-3dc8-4e2b-94a9-c4e9b1e06d3c,Occupational Safety and Health Education and Research Centers (T42),93.262,467451525.40999997,14787640.309999997,351493913.23000026,0.0,31578874.61,69536097.25999999,55000.0,578513.52,578513.52,NORTH CAROLINA DEPARTMENT OF HEALTH & HUMAN SERVICES,CITY OF NEW YORK ($31.6M); CPWR: THE CENTER FOR CONSTRUCTION RESEARCH AND TRAINING ($21.4M); THE UNIVERSITY OF IOWA ($19.2M),,0.03163459632959763,0.7519366054516696,0.9998823407412106,NC DHHS has received awards,True
ff8d9417-a9b1-4145-8c6b-ba6cd1f3d613,U.S. EMBASSY TO LIBYA PAS ANNUAL PROGRAM STATEMENT,19.040,257210709.31,0.0,18981816.92,765922.7,0.0,121256439.30999996,40952578.09,0.0,0.0,,MISCELLANEOUS FOREIGN AWARDEES ($41.0M); INDIVIDUAL RECIPIENT ($19.5M); MERIDIAN INTERNATIONAL CENTER ($4.4M),,0.0,0.07379870368120016,0.5482049301456434,mixed recipients (no state agencies),False
ff8fb939-4ae0-47fd-829d-211f89aa703d,Research Experiences for Teachers (RET) in Engineering and Computer Science,47.041;47.070,7412581981.0,0.0,6481922508.0,5844001.0,3996174.0,486628973.0,0.0,0.0,0.0,,"PURDUE UNIVERSITY ($81.2M); REGENTS OF THE UNIVERSITY OF MICHIGAN ($81.1M); GEORGIA TECH RESEARCH CORP ($80.6M) | UNIVERSITY OF TEXAS AT AUSTIN ($331.4M); UNIVERSITY OF CALIFORNIA, SAN DIEGO ($169.2M); UNIVERSITY OF ILLINOIS ($164.0M)",,0.0,0.8744486772105219,0.9414252245556378,mostly universities,False
ff8fbbe7-3760-439d-bfbc-4b5de37295d6,FOUNDATIONS OF TRUSTED SYSTEMS,12.800,3127619506.15,0.0,1639559732.7100005,0.0,0.0,1343669096.6100004,0.0,0.0,0.0,,"BIOINDUSTRIAL MANUFACTURING AND DESIGN ECOSYSTEM ($521.4M); NATIONAL CENTER FOR DEFENSE MANUFACTURING AND MACHINING ($256.8M); FLEXTECH ALLIANCE, INC. ($189.0M)",,0.0,0.524219691521315,0.9538336819596896,mostly universities,False
ffe98704-96a8-4f41-a32b-49edd0409006,BRAIN Initiative: Integrative Team-Research BRAIN Circuits Program - iTeamBCP (RM1 Clinical Trial Optional),93.372;93.853,7733446311.400001,0.0,6049867215.150002,0.0,8115452.99,1180258054.4100006,248781.0,0.0,0.0,,"THE LELAND STANFORD JUNIOR UNIVERSITY ($24.2M); ALLEN INSTITUTE ($21.3M); PRESIDENT AND FELLOWS OF HARVARD COLLEGE ($20.9M) | THE GENERAL HOSPITAL CORPORATION ($234.6M); REGENTS OF THE UNIVERSITY OF CALIFORNIA, SAN FRANCISCO, THE ($226.7M); THE JOHNS HOPKINS UNIVERSITY ($223.1M)",,0.0,0.7822989869641679,0.9359657300368133,mostly universities,False
