grant_id,opportunity_title,track,status,strategic_alignment,matched_goal,matched_objective,strategic_reason,strategic_evidence_quote,applicant_role,eligibility_evidence_quote,owning_division,operational_fit,operational_reason,major_risk,recommended_for_review,one_line_rationale,restrictions,strategic_quote_verified,eligibility_quote_verified,applicant_role_verified,model,prompt_version,from_cache
0ff3ace3-70fb-4ef7-b6ba-b93a899a2707,Controlling and Preventing STIs in US Health Departments (CAP-STIs),forecast,ok,8.0,G1,G1.O1,"This cooperative agreement funds state and local health departments to track, prevent, and control STIs among populations disproportionately impacted by STI transmission, directly supporting NCDHHS's goal of reducing health disparities.",Reduce the impact of STIs in areas or populations disproportionately impacted by STIs.,lead,"All fifty (50) states, the District of Columbia, the US Virgin Islands and Puerto Rico are eligible to apply.",DPH,10.0,"DPH already leads communicable disease surveillance, epidemiology, and prevention and works directly with local health departments, so STI prevention and control is squarely within its existing authority and partnerships.","Because CDC intends to fund all states non-competitively by formula based on population and STI morbidity, the award amount is largely predetermined and may be modest for North Carolina.",True,"CDC formula funds state health departments to track, prevent, and control syphilis, gonorrhea, and chlamydia; DPH already leads disease surveillance and prevention, so it fits well.","[""Requires collaboration with partners to address interconnected comorbidities and sexual health.""]",True,True,lead,deepseek/deepseek-v4-pro,92b0344f579a,True
3c36bc50-73ae-42ad-a727-fae640dad5c9,Comprehensive Suicide Prevention Program for States,forecast,ok,10.0,G3,G3.O3,"The grant directly funds implementation and evaluation of comprehensive suicide prevention, which is named in G3.O3's focus on suicide prevention and crisis services.",implementation and evaluation of a comprehensive public health approach to suicide prevention in the United States,lead,state_governments,DMHDDSUS,9.0,"DMHDDSUS already oversees mental health, substance use, crisis services, and 988, so it can lead a suicide prevention cooperative agreement, though it would need DPH surveillance data partnerships.","The application is administratively burdensome and unforgiving: missing any required commitment or support letter, staffing chart, or filename makes it nonresponsive, and it commits the state to a measurable 5% reduction in suicide mortality.",True,"Directly funds suicide prevention under G3.O3, fits DMHDDSUS crisis/988 work, but requires heavy data-sharing and partnership documentation and commits to measurable mortality reduction.","[""Must include 1 Letter of Commitment from state or territorial health department leadership endorsing the proposed activities and confirming ability to carry them out."", ""Must include multiple Letters of Support: suicide-related morbidity and mortality data manager, syndromic surveillance data manager, 3 tiered partner organizations, and 2 multi-sector partners."", ""Must submit preliminary DUA and organizational chart showing required staffing levels: 0.25 FTE program manager, 0.75 FTE epidemiologist, 0.5 FTE behavioral specialist, 0.5 FTE communications specialist, and 0.5 FTE evaluation specialist."", ""Applications with budget less than $650,000 or more than $1,200,000 are nonresponsive."", ""Applications must use required letters and organizational chart filenames; applications that do not meet these criteria are nonresponsive.""]",True,True,lead,deepseek/deepseek-v4-pro,92b0344f579a,True
1d55627c-531e-4a60-95e0-719b256179bf,HIV Care Grant Program - Part B States/Territories Formula and AIDS Drug Assistance Program Formula and AIDS Drug Assistance Program Supplemental Awards,forecast,ok,9.0,G1,G1.O1,Funding a comprehensive HIV care and treatment system for low-income people with HIV directly advances G1.O1's aim to increase health access and reduce disparities for populations facing greater health challenges.,The purpose of this program is to provide funding to states and territories to develop and/or enhance access to a comprehensive system of high-quality HIV care and treatment for low-income people with HIV.,lead,"The 50 states, the District of Columbia, Guam, the Commonwealth of Puerto Rico, and the U.S. Virgin Islands are eligible to apply for Ryan White HIV/AIDS Program Part B Base, AIDS Drug Assistance Program Base, and Minority AIDS Initiative funding.",DPH,10.0,"DPH's disease prevention and surveillance, epidemiology, and population health responsibilities align directly with operating a statewide HIV care and treatment system for low-income people with HIV.","As a formula award, this may be an expected annual allocation rather than new discretionary funding, so the main burden is compliance and the amount is largely predetermined.",True,Core DPH work: Ryan White HIV care and AIDS Drug Assistance Program funding advances G1 health access for low-income North Carolinians with HIV.,[],True,True,lead,deepseek/deepseek-v4-pro,92b0344f579a,True
2e580529-c869-47d0-9aab-7d0e239ed5e8,"Integrated Viral Hepatitis Surveillance, Testing, Treatment, and Prevention Programs for Health Departments (IVH-STTP)",forecast,ok,8.0,G1,G1.O1,"The grant funds integrated viral hepatitis surveillance, testing, treatment, and prevention, which directly advances health access and reduces disparities for high-impact populations.","Expected outcomes include improved surveillance and reporting of viral hepatitis, improved strategic planning and partner collaboration in viral hepatitis elimination, and expanded access to viral hepatitis prevention, diagnosis, and treatment in high-impact settings.",lead,"The 51 state health departments or their bona fide agents, including the District of Columbia.",DPH,9.0,"DPH already leads communicable disease surveillance, epidemiology, and prevention programs, so viral hepatitis surveillance, testing, and prevention are an extension of its existing public health authority.","The cooperative agreement requires both outbreak response and surveillance plus planning and partnership components, which could strain DPH communicable disease capacity even before optional testing and perinatal components are considered.",True,"Directly supports Goal 1 health access; DPH already runs communicable disease surveillance and prevention, making it the natural lead for viral hepatitis work.","[""Applicants must implement two required components: Component 1 (Outbreak Response and Surveillance) and Component 2 (Planning, Partnerships, and Promotion).""]",True,True,lead,deepseek/deepseek-v4-pro,92b0344f579a,True
13af439f-7405-4592-9a1e-18c4f7db7622,State Occupational Safety and Health Surveillance Program (U60),forecast,ok,8.0,G5,G5.O1,"The grant builds state occupational health surveillance capacity and data infrastructure using multiple public health data sources, which supports NCDHHS data-driven decision-making.","NIOSH maintains its priority to develop OSH surveillance capacity within state and jurisdictional public health systems, utilizing public and other data sources such as electronic medical and laboratory reporting, hospital discharge databases, death records, cancer registries, and public health surveys.",lead,"Bona fide agents applying on behalf of state, territorial, local, and tribal government organizations.",DPH,9.0,"DPH already conducts disease surveillance, epidemiology, and environmental health activities, so adding occupational health surveillance is an extension of current public health surveillance work.","Occupational health surveillance is not explicitly listed in NCDHHS strategic goals, so internal alignment and sustainability beyond the grant may be weak.",True,"CDC funds state occupational health surveillance; DPH already runs public health surveillance, so this is a strong capacity-building fit, though not tied to a named NCDHHS objective.",[],True,True,lead,deepseek/deepseek-v4-pro,92b0344f579a,True
477f11ad-e8c7-40ea-84f3-f5bec6e50e3b,Statewide Perinatal Quality Collaboratives: Improving Perinatal Care and Outcomes,forecast,ok,9.0,G2,G2.O4,"This NOFO funds state perinatal quality collaboratives that improve care for pregnant and postpartum women and newborns, directly supporting G2.O4's focus on improving women's health and birth outcomes.",The purpose of this multi-component NOFO is to improve the health of pregnant and postpartum women and their newborns through quality improvement.,lead,state_governments,DPH,9.0,"DPH already houses maternal and child health programs and quality improvement work, so this is an extension of its existing role.","The cooperative agreement's expected strategies include building data systems and developing partnerships, so it may carry substantial infrastructure and coordination burden before improving outcomes.",True,"Directly funds quality improvement for maternal and newborn outcomes, a DPH maternal-child health priority under G2.O4.",[],True,True,lead,deepseek/deepseek-v4-pro,92b0344f579a,True
1613e128-508f-47e1-9bf2-e2c02e7d79b1,AIDS Drug Assistance Program (ADAP) Emergency Relief Funds (ERF),forecast,ok,8.0,G1,G1.O1,"ADAP emergency relief reduces HIV medication access barriers and waiting lists, advancing health access and reducing health disparities for a population that faces greater health challenges.","The purpose of this program is to provide funding to states/territories to prevent, reduce, or eliminate ADAP waiting lists or to address other ADAP shortfalls.",lead,state_governments,DPH,9.0,"DPH is responsible for disease prevention and surveillance, so a medication access program for HIV fits its existing communicable disease prevention role.","The announcement provides no funding amount, eligibility details, or application requirements, and emergency relief may be limited if North Carolina has no current ADAP waiting list or shortfall.",True,"DPH's disease prevention role fits; this grant reduces HIV medication waiting lists, directly supporting health access and equity for people with HIV.",[],True,True,lead,deepseek/deepseek-v4-pro,92b0344f579a,True
23b80a6d-ae96-4b02-b4ae-69093f8939d5,Core State Injury Prevention Program (Core SIPP),forecast,ok,9.0,G5,G5.O1,"The grant funds state-based public health data infrastructure, surveillance, and partnerships to inform injury prevention, directly supporting data-driven decision-making.",engaging in robust state-based data and surveillance and strengthening strategic collaborations and partnerships,lead,state_governments,DPH,9.0,DPH is the department's public health surveillance and epidemiology division and can host state injury data and prevention partnerships as an extension of its existing prevention work.,"It is currently only a forecast, so the final NOFO could change scope, data-access requirements, or eligibility before applications are accepted.",True,Strong fit for DPH; CDC funds state injury data and surveillance partnerships that advance NCDHHS data-driven decision-making under G5.O1.,"[""Letter of commitment from the state health department officer on official letterhead supporting proposed activities"", ""Letters of support from an organization representing the chosen population(s) and from entities that own mortality and hospitalization data"", ""Organizational chart required"", ""Documentation of access to the most recent primary data, to include 2023 or 2024 mortality and hospitalization data""]",True,True,lead,deepseek/deepseek-v4-pro,92b0344f579a,True
be465a8b-8694-4eef-9801-5160a92c7cdf,Ryan White HIV/AIDS Program Part B States/Territories Supplemental Grant Program,forecast,ok,8.0,G1,G1.O1,"Supplemental Ryan White Part B funding directly advances health access and reduces disparities for people with HIV, a population facing greater health challenges.",The purpose of this program is to supplement formula-based funding provided through the HIV Care Grant Program – RWHAP Part B States/Territories Formula and AIDS Drug Assistance Program (ADAP) Formula and ADAP Supplemental Awards Notice of Funding Opportunity.,lead,state_governments,DPH,9.0,DPH already manages communicable disease and HIV/STD programs and would administer Ryan White Part B services as an extension of that public health role.,"Because this is supplemental to existing RWHAP Part B formula funding, the award may be an incremental add-on with limited new flexibility rather than new program support.",True,"Supplements existing RWHAP Part B HIV care funding for low-income patients; DPH already runs HIV care programs, so this aligns with health-access goals.",[],True,True,lead,deepseek/deepseek-v4-pro,92b0344f579a,True
f68cf378-43e2-49b9-a252-a7009c6b81cf,"Maternal, Infant, and Early Childhood Home Visiting Program (MIECHV)",forecast,ok,9.0,G2,G2.O4,"MIECHV home visiting directly advances G2.O4 by delivering voluntary, evidence-based services to pregnant women and families with young children to improve maternal and child health and birth outcomes.","improve maternal and child health, early childhood development, and family well-being by providing pregnant women and families with young children voluntary, evidence-based home visiting services.",lead,"All 50 states and 6 jurisdictions serving the District of Columbia, Puerto Rico, Guam, the U.S. Virgin Islands, the Commonwealth of the Northern Mariana Islands, and American Samoa.",DCFW,10.0,"DCFW's existing portfolio explicitly includes home visiting and early intervention, so administering this grant is an extension of current division work.","The eligibility structure allows currently funded nonprofit organizations to apply if the state does not, so NCDHHS could lose state leadership or face incumbent competition.",True,"MIECHV directly funds home visiting that improves maternal and child health and birth outcomes; NCDHHS's Child and Family Well-Being division already runs home visiting, making this a strong fit.",[],True,True,lead,deepseek/deepseek-v4-pro,92b0344f579a,True
4911b8da-abec-4651-b3f1-3be87df6879b,National HIV Behavioral Surveillance,forecast,ok,9.0,G1,G1.O2,"The grant funds HIV behavioral surveillance data to track disparities and identify gaps in prevention access among disproportionately affected populations, which directly supports data-driven health equity tracking.",The purpose of this NOFO is to support ongoing bio-behavioral surveillance among populations disproportionately affected by HIV.,lead,State governments.,DPH,10.0,"DPH already conducts communicable disease surveillance, HIV prevention epidemiology, and works with local health departments, so this is an extension of existing public health surveillance work.","The program requires sustained field recruitment of hard-to-reach populations and delivery of HIV testing and linkage services, which may be operationally heavier than a typical data-only surveillance grant.",True,"Funds HIV behavioral surveillance to track disparities and guide prevention, directly fitting DPH's existing disease surveillance and epidemiology role.","[""All NHBS participants will be offered an HIV test and linked to appropriate prevention or care services based on test results.""]",True,True,lead,deepseek/deepseek-v4-pro,92b0344f579a,True
f2ea8925-6244-47e8-8de5-ffe0007096e7,Preventing Violence Affecting Young Lives (PREVAYL 2.0),forecast,ok,7.0,G2,G2.O1,"The NOFO funds youth violence prevention and healthy development by integrating youth mental health and family support strategies, directly supporting behavioral and mental health needs of children and families.",Advancing whole-child and whole-community violence prevention approaches that integrate  youth mental health  and  family support  strategies,lead,"state, territorial, tribal, and local health departments",DPH,8.0,"DPH already leads state and local public health prevention, epidemiology, and surveillance, so implementing and evaluating a youth violence prevention cooperative agreement is an extension of its public health prevention role, with mental health components requiring cross-division coordination.","The broad multi-form violence prevention scope plus required surveillance, data linkage, evaluation, and multisector partnerships could create a heavy coordination and data burden for DPH without dedicated staffing.",True,"CDC funds state health departments to prevent youth violence and integrate youth mental health, fitting DPH prevention expertise and G2.O1 child/family mental health goals.",[],True,True,lead,deepseek/deepseek-v4-pro,92b0344f579a,True
6d44bb23-2a1f-4e12-8d72-c2b5b46195d4,Promoting Population Health through Increased Capacity in Alcohol Epidemiology & the Prevention of Excessive Alcohol Use,forecast,ok,8.0,G3,G3.O4,"The grant funds alcohol epidemiology and population-level prevention of excessive alcohol use, which supports NCDHHS's objective to reduce substance use-related harm through public health prevention capacity.",The purpose of this NOFO is to build state capacity in alcohol epidemiology and provide the tools and information needed to perform core public health functions related to excessive alcohol use prevention in states.,lead,state_governments,DPH,9.0,"DPH already conducts disease surveillance, epidemiology, and chronic disease prevention, so building alcohol epidemiology capacity is an extension of its existing public health functions.","The NOFO requires applicants to choose either Component 1 or Component 2 but not both, so the state may have to choose between building its own alcohol epidemiology capacity and receiving external technical assistance.",True,Fits NCDHHS substance-use prevention goal and DPH epidemiology role; state eligible and CDC funding supports alcohol prevention infrastructure.,"[""Applicants must be physically located and operate in the state or territory for which work is proposed.""]",True,True,lead,deepseek/deepseek-v4-pro,92b0344f579a,True
010955ea-582f-4426-8345-f5d587cd6452,Development and Maintenance of Human and Animal Food Rapid Response Teams (U2F) Clinical Trials Not Allowed,forecast,ok,6.0,G5,G5.O3,"The grant uses federal/state/local coordination and shared best-practice development to improve integrated food safety response, aligning with the operational goal of working across departments through shared processes and collaboration.",unifying and coordinating federal/state/local human and animal food (HAF) emergency response efforts,lead,State Governments,DPH,9.0,"DPH already houses the epidemiology, laboratory, environmental health, and local health department functions that this food-safety rapid response program would integrate.","Food safety emergency response is not explicitly named in NCDHHS strategic objectives, so it may compete poorly for limited state priority attention.",True,"State-eligible FDA grant for food safety rapid response teams; fits DPH epidemiology, lab, and environmental health coordination but has only indirect strategic objective alignment.",[],True,True,lead,deepseek/deepseek-v4-pro,92b0344f579a,True
3fe27753-0c94-4aa0-b7fb-09712631f269,Infant-Toddler Court Program–State Awards,forecast,ok,10.0,G2,G2.O2,"This grant directly funds enhanced child welfare practices for families with young children involved in child welfare, advancing G2.O2's focus on reforming child welfare to improve safety, permanency, and well-being.","The Infant-Toddler Court Program (ITCP) State Awards allow states and communities to support and expand use of enhanced child welfare practices in communities across the country that bring together courts, social services, and families to improve the safety, healthy development, and nurturing relationships of families with young children involved with child welfare.",lead,"Any domestic public or private entity, including an Indian tribe or tribal organization (as those terms are defined at 25 U.S.C. 5304) (formerly cited as 25 U.S.C. 450b)) is eligible to apply.",DSS,9.0,"DSS administers child welfare and county social services, so this grant extends its existing child welfare improvement work with courts and local agencies.","Success depends on active participation of local court systems, which are outside NCDHHS's direct authority; without court buy-in, implementation could stall.",True,"Directly funds child welfare practice improvements for infants and toddlers in court-involved families, aligning with DSS's child welfare reform goal.","[""Awardees must train local ITC teams and track program outcomes"", ""Implementation is in targeted communities""]",True,True,lead,deepseek/deepseek-v4-pro,92b0344f579a,True
42a1b238-2c19-47b4-ae58-f4a775231b78,Public Health Crisis Response Cooperative Agreement,open,ok,6.0,G4,G4.O4,"The agreement can fund hiring surge staff for public health emergency response, which supports the state and local public health workforce under emergency conditions.","Upon occurrence of a PHE, CDC can rapidly fund specific applicants to accelerate public health crisis response activities such as coordinating emergency operations, hiring surge staff, and conducting needs assessments to determine the resources necessary to address the public health crisis.",lead,"This NOFO is intended for states, political subdivisions of states, and other public entities as specified in section 317(a) of the Public Health Service Act (42 USC § 247(b)).",DPH,9.0,"DPH already coordinates public health preparedness, epidemiology, local health department support, and laboratory response, so this cooperative agreement is an extension of its existing emergency response role.","This NOFO only creates an approved but unfunded roster; actual funding is contingent on CDC determining a public health emergency exists and on future appropriations, so it may never result in award money.",True,Aligns with public health workforce surge staffing and DPH preparedness role; only creates an unfunded roster until CDC activates an emergency.,"[""Applicants must submit response organizational charts and work plans; if missing, the application is non-responsive and receives no further review."", ""Applicants must describe how this funding will not duplicate or supplant other federal funding.""]",True,True,lead,deepseek/deepseek-v4-pro,92b0344f579a,True
02b2d236-f596-4aca-874d-b8e364156ddc,Rural Communities Opioid Response Program - Community Systems Development,forecast,ok,10.0,G3,G3.O4,"The grant directly funds evidence-based substance use disorder prevention, treatment, and recovery services, which is the core of NCDHHS's opioid and substance use crisis objective.","funding to communities in rural areas to develop and/or expand behavioral health systems of care through formalized networks that expand operational and clinical service capacity regionally through coordinated implementation of evidence-based SUD prevention, treatment, recovery, and related services.",lead,"You can apply if you are a domestic public or private, non-profit or for-profit entity.",DMHDDSUS,9.0,"DMHDDSUS already oversees substance use and opioid response services, so managing a rural SUD systems-development grant is an extension of its current work, though it would need rural network partners.","The grant requires formalized networks and targets rural communities, so NCDHHS would need strong local partnerships to implement it effectively.",True,"Directly funds rural substance use prevention, treatment, and recovery systems; strong fit with DMHDDSUS opioid/substance use work, though it requires rural network partners.","[""Rural area focus"", ""Formalized network requirement""]",True,True,lead,deepseek/deepseek-v4-pro,92b0344f579a,True
172926e9-5f18-4993-893d-ac73be5bbb9d,"Maternal-Child Surveillance and Partnerships for Action, Results, and Knowledge",forecast,ok,9.0,G2,G2.O4,"Funds maternal-child clinical surveillance and partnerships targeting prenatal alcohol exposure, FASDs, NAS, and CMV to improve birth outcomes.","This NOFO will integrate maternal child health surveillance with national partnership activities to address key public health challenges including alcohol use during pregnancy, fetal alcohol spectrum disorders (FASDs), neonatal abstinence syndrome (NAS), and cytomegalovirus (CMV).",lead,state_governments,DPH,9.0,"DPH already operates maternal-child health surveillance, epidemiology, and birth defects tracking and could implement Component A clinic-based surveillance with existing public health authority.","CDC requires Component A applicants to prove legal access to multi-source clinic data, and any missing component or legal authority documentation makes the application non-responsive.",True,"CDC funds maternal-child surveillance for FASDs, NAS, and CMV; NCDHHS DPH already runs maternal-child health surveillance and could apply as Component A lead.","[""Applicants may apply for only one component; multiple applications will be deemed non-responsive."", ""Applicants must identify the component and applicable strategies on the SF-424 form or be deemed non-responsive."", ""Component A applicants must upload legal authority or data access documentation as a PDF to grants.gov under Other Attachment Forms.""]",True,True,lead,deepseek/deepseek-v4-pro,92b0344f579a,True
8d272419-96d1-4898-9706-0d86a1e63c03,Preschool Development Grant Birth Through Five (PDG B-5) SMART Grant,forecast,ok,9.0,G5,G5.O1,"The grant funds statewide early care and education technology and analytic data infrastructure, which is a direct investment in the data infrastructure and data-driven decision-making called for in G5.O1.",statewide early care and education (ECE) technology and analytic data infrastructure,lead,Specific states and territories are eligible,DCDEE,9.0,"DCDEE already manages North Carolina's early childhood programs and data, so this technology and analytics grant is a natural extension of its existing authority and partners.","The one-year, targeted nature may fund only a short-term build and not cover ongoing maintenance or broader statewide scale-up.",True,"One-year federal grant would fund early childhood data and technology infrastructure, directly supporting G5.O1 and fitting DCDEE's early learning data role.","[""One-year project period"", ""Must produce a measurable result by the end of the project period"", ""Eligibility limited to specific states and territories identified in the NOFO""]",True,True,lead,deepseek/deepseek-v4-pro,92b0344f579a,True
2288fb30-cdca-431b-b6a8-7b30e611fdab,Partnership for Disaster Health Response System,forecast,ok,5.0,G5,G5.O3,"The grant funds enhanced coordination and health care integration into preparedness and response structures, which aligns with cross-departmental shared processes and collaboration.","The RDHRS structure is conceptualized as a tiered system that builds upon the existing Medical Surge Capacity and Capability (MSCC) foundation for local medical response (e.g., trauma systems and HCCs) by enhancing coordination mechanisms and incorporating discrete clinical and administrative capabilities at the state and regional levels.",lead,states,DPH,9.0,DPH houses public health preparedness and response and already coordinates with health care coalitions and local health departments.,"It is a single demonstration of an unproven RDHRS concept, so it may produce a model rather than ongoing funding or direct service capacity.",True,"Fits DPH's public health preparedness role; ASPR disaster health response demonstration would advance G5 cross-department coordination, though it is a single demonstration project.",[],True,False,unclear,deepseek/deepseek-v4-pro,92b0344f579a,True
d9551b09-3a45-4dc1-a343-3f09521de9aa,"Fetal, Infant, and Child Death Review Program",forecast,ok,9.0,G2,G2.O4,"The grant funds fetal, infant, and child death review coordination and data use to inform prevention, which directly advances NCDHHS's objective to improve birth outcomes and reduce infant mortality.",fetal infant and child death review (FICDR) teams,lead,state_governments,DPH,9.0,"DPH houses maternal and child health, infant mortality reduction, and fatality review functions that align closely with this program.","The cooperative agreement may focus on coordination and technical assistance rather than direct prevention services, limiting immediate local impact.",True,State governments are eligible; the work directly supports DPH's maternal and child health role in reducing infant mortality through fatality review and prevention.,[],True,True,lead,deepseek/deepseek-v4-pro,92b0344f579a,True
644030f6-37f5-40f8-bb89-acf868c1b28f,BJA FY 2026 The Kevin and Avonte Program: Reducing Injury and Death of Missing Individuals with Dementia and Developmental Disabilities,open,ok,5.0,G1,G1.O1,"The grant funds programs that prevent wandering and increase safety for people with dementia and developmental disabilities, populations that face greater health and situational challenges.","prevent wandering, increase safety for vulnerable individuals, and facilitate rescues.",lead,"state, local, or tribal government-operated health departments, hospitals, and medical centers",DAGING,5.0,"The Division of Aging serves older adults and family caregivers and could lead dementia wandering prevention, but the public safety and developmental disability components would require partners outside its usual role.","The program is primarily a public safety and law enforcement initiative, so NCDHHS would need substantial partnerships and may not be the most competitive lead applicant.",True,This grant aligns with NCDHHS safety goals for vulnerable North Carolinians but is public-safety oriented and would require cross-division and law enforcement partners.,[],True,True,lead,deepseek/deepseek-v4-pro,92b0344f579a,True
91d0d477-b844-4189-8880-bd7a2876b24e,Surveillance and Case Control Study of Stillbirth and Birth Defects (SUCCSSBD),forecast,ok,9.0,G2,G2.O4,"This cooperative agreement funds surveillance and case-control research to prevent birth defects and stillbirths, which are core adverse birth outcomes and infant mortality concerns under NCDHHS's women's health and birth outcomes objective.",prevent the occurrence of birth defects and stillbirths,lead,state_governments,DPH,9.0,"DPH already houses maternal and child health, epidemiology, vital-event surveillance, and birth defects surveillance/registry functions, so it could directly operate this CDC-funded surveillance and study.","The work is complex and infrastructure-heavy: it requires modernizing surveillance via electronic case reporting, conducting stillbirth surveillance, and supporting a case-control study, which is more than routine registry operations.",True,"CDC funds state birth defects and stillbirth surveillance and research, squarely fitting DPH maternal and child health epidemiology with no obvious state-eligibility barrier.",[],True,True,lead,deepseek/deepseek-v4-pro,92b0344f579a,True
0af7d5aa-210e-4d0e-93c0-e8f2bf6304d4,Flexible Funding Model-Infrastructure Development and Maintenance for State Manufactured Food Regulatory Programs (U2F) Clinical Trials Not Allowed,forecast,ok,0.0,none,none,"The grant funds manufactured food regulatory program infrastructure and inspections, which does not directly advance any listed NCDHHS strategic goal or objective.",advance efforts for a nationally Integrated Food Safety System (IFSS) by assisting state manufactured food regulatory programs to achieve and maintain conformance with the most current version of the Manufactured Food Regulatory Program Standards (MFRPS).,ineligible,"Competition is limited to state, tribal and territorial manufactured food regulatory programs because the foundational work conducted under the current FDA food safety inspection contracts is necessary for the completion of significant improvements in an IFSS.",none,0.0,"The grant requires a manufactured food regulatory program with FDA food safety inspection contract authority, which is not an existing role described for any NCDHHS division.","NCDHHS is likely not the state manufactured food regulatory program, so the application would be ineligible or would require an FDA food safety inspection contract outside the department's authority.",False,Food safety regulatory program infrastructure is not an NCDHHS strategic objective and likely sits with another state agency; not a fit for DHHS.,"[""The applicant must hold a long-term food nonpublic information sharing agreement with the FDA pursuant to 20 CFR \u00a720.88 (\u201c20.88 agreement\u201d) or agree to enter into a 20.88 agreement with the FDA by the end of grant year one (June 30, 2025)."", ""Applicants will be categorized under one of two funding tracks: MFRPS Development or MFRPS Maintenance (see eligibility criteria below)."", ""State programs will be expected to share project deliverables and resources developed with other programs.""]",True,True,ineligible,deepseek/deepseek-v4-pro,92b0344f579a,True
73ff0209-aa1f-4f73-a3fc-ee97ee3710cf,Ryan White HIV/AIDS Program Part B AIDS Drug Assistance Program Training and Technical Assistance,forecast,ok,7.0,G1,G1.O1,"This grant funds training and technical assistance to strengthen AIDS Drug Assistance Programs, building health access structures that improve outcomes for people with HIV, a population facing greater health challenges.",build the capacity of ADAPs through tools and technical assistance to maximize the impact of ADAPs in improving the health outcomes of people with HIV in a changing health care environment.,lead,state_governments,DPH,8.0,DPH administers North Carolina's Ryan White Part B and ADAP HIV care functions and has the HIV program expertise to deliver or coordinate training and technical assistance.,"The cooperative agreement would fund a national training and technical assistance role rather than direct North Carolina ADAP services, so state-specific benefit may be indirect and the competition may be broad.",True,"Builds ADAP capacity to improve HIV health outcomes; DPH already administers Ryan White/HIV care, so this aligns with health access goals.",[],True,True,lead,deepseek/deepseek-v4-pro,92b0344f579a,True
f931e3f2-28c6-4bcb-83ff-894bc6b2266c,"National Viral Hepatitis Education, Awareness, and Capacity Building for Communities and Providers",forecast,ok,8.0,G1,G1.O4,"The grant directly funds coalition-based capacity building for community organizations serving populations disproportionately affected by hepatitis B and C, matching G1.O4's focus on investing in partner and community-based organization capacity.",building capacity of coalition members to conduct hepatitis B and/or hepatitis C virus infection testing and linkage to treatment in settings serving disproportionately affected populations.,lead,state_governments,DPH,9.0,"DPH already houses communicable disease prevention, surveillance, and local health department partnerships, making viral hepatitis education and provider training an extension of its existing public health role.","Part A requires leading and growing an existing hepatitis coalition, which could disadvantage NCDHHS if it lacks an established coalition of that kind.",True,"Builds DPH capacity to educate and test populations disproportionately affected by hepatitis B/C, advancing G1.O4 partner-capacity goals.","[""Part A requires leading, maintaining, and growing an existing coalition of public and private organizations serving populations disproportionately affected by hepatitis B and/or hepatitis C.""]",True,True,lead,deepseek/deepseek-v4-pro,92b0344f579a,True
ed62aa8d-6a01-4e52-931c-7c47f1facda6,Alliance for Innovation on Maternal Health (AIM) Capacity Program,forecast,ok,10.0,G2,G2.O4,"This grant directly funds implementation of maternal safety practices to reduce maternal mortality and morbidity, advancing NCDHHS's objective to improve women's health and birth outcomes.","The program supports implementation of evidence-informed maternal safety practices to improve the quality and safety of maternity care, improve maternal health outcomes, and reduce preventable maternal mortality and severe maternal morbidity.",lead,Applicants can apply if you are capable of carrying out data-driven maternal safety and quality improvement initiatives in the areas of obstetrics and gynecology or maternal health.,DPH,10.0,"DPH already leads maternal and child health and quality improvement initiatives, so implementing AIM maternal safety bundles is a direct extension of its existing work.","North Carolina may already have many AIM bundle elements in place, so the grant could add limited new capacity.",True,Directly funds maternal safety bundle implementation to reduce maternal mortality and severe morbidity; fits DPH's maternal health role and NCDHHS's birth outcomes goal.,[],True,True,lead,deepseek/deepseek-v4-pro,92b0344f579a,True
38e79010-c2a9-4d5f-bf81-cede591318e4,Centers of Excellence in Healthcare Quality and Safety,forecast,ok,6.0,G1,G1.O1,"The grant funds a collaborative healthcare and public health network to improve safety and quality in varied settings including rural hospitals, supporting structures that reduce health disparities.","This Program will create a collaborative network of healthcare systems, facilities and public health partners to rapidly detect, respond to, and prevent threats to patient and healthcare worker safety.",lead,state_governments,DPH,9.0,"DPH already leads disease prevention, surveillance, epidemiology, public health preparedness, and local health department coordination, so this healthcare-safety and infection-prevention network is an extension of existing work.","The Department does not directly operate most of the healthcare facilities named in the NOFO, so the program's value depends heavily on voluntary participation and coordination across independent hospitals and nursing homes.",True,"CDC-funded healthcare infection-prevention network aligns with DPH disease surveillance and rural health equity work; state agencies are eligible, so this merits review.","[""Requires a network of healthcare systems/facilities partnering with public health departments and other entities with relevant expertise.""]",True,True,lead,deepseek/deepseek-v4-pro,92b0344f579a,True
910a75ad-0418-4091-a436-703280874498,Infant-Toddler Court Program–National Resource Center,forecast,ok,8.0,G2,G2.O2,"The grant funds enhanced child welfare practices for infants, toddlers, and families involved with the child welfare system, which directly advances child welfare reform and well-being.","helps states and communities to strengthen and expand use of enhanced child welfare practices in communities across the country that bring together courts, social services, and families to improve the safety, healthy development, and nurturing relationships of families with young children involved with the child welfare system",lead,Any domestic public or private entity,DSS,5.0,"DSS oversees child welfare and could contribute relevant expertise, but operating a national resource center would be a new national technical assistance role beyond its usual state and county child welfare operations.","The award funds a national technical assistance center rather than direct North Carolina child welfare services, so benefits to North Carolina would be indirect and NCDHHS may not be competitive for a national center role.",False,"Strong child welfare alignment for DSS, but this cooperative agreement creates a national resource center, so it would not directly fund North Carolina services.",[],True,True,lead,deepseek/deepseek-v4-pro,92b0344f579a,True
5f3dd026-e320-4834-a0fc-86d17021a346,Alliance for Innovation on Maternal Health (AIM) Technical Assistance Center,forecast,ok,9.0,G2,G2.O4,"The grant funds a maternal health quality improvement technical assistance center that supports best practices to make birth safer and improve maternal health outcomes, directly advancing NCDHHS's objective to improve women's health and birth outcomes.","AIM is a quality improvement initiative to support best practices that make birth safer, improve maternal health outcomes, and save lives.",atypical,any domestic public or private entity,DPH,5.0,"DPH has maternal and child health expertise, but this grant requires operating a national technical assistance center for all states and territories, which is broader than its state-focused authority.","NCDHHS would be applying to run a single national technical assistance center, competing with established national organizations and taking on nationwide responsibilities rather than deploying resources directly in North Carolina.",False,"Strong fit with G2.O4 maternal health, but this national TA center role is outside NCDHHS's state-focused operations and likely highly competitive.",[],True,True,atypical,deepseek/deepseek-v4-pro,92b0344f579a,True
01a1f3ea-fac9-40f9-8414-6aa74edc8a21,Rural Health Network Development Planning Program,forecast,ok,9.0,G1,G1.O3,Directly advances G1.O3 by funding planning and development of rural integrated health care networks to expand access and coordinate care in underserved rural communities.,The Rural Health Network Development Planning Program supports the planning and development of rural integrated health care networks with specific focus on collaboration of entities to establish or improve local capacity and care coordination in underserved communities.,lead,state_governments,ORH,10.0,"ORH already focuses on rural and underserved primary care, safety-net clinics, rural hospitals, and health workforce shortage areas, so this planning grant fits its existing role.","It is a planning/network development grant, not direct service funding, so NCDHHS would need committed rural partners to turn the plan into improved access.",True,This HRSA planning grant aligns with NCDHHS's rural health access goal and ORH's role by funding rural network planning.,"[""Applicant organization must have demonstrated experience serving, or capacity to serve, rural underserved populations."", ""Program requires collaboration of entities/network participants, which adds coordination effort.""]",True,True,lead,deepseek/deepseek-v4-pro,92b0344f579a,True
d40414c8-6ebb-4e3a-a9e0-5bf7e0a40d63,Pregnancy and Postpartum Hypertension Control Initiative,forecast,ok,10.0,G2,G2.O4,The grant directly funds improved maternal health and birth outcomes by scaling self-measured blood pressure during pregnancy and postpartum.,"With a special focus on underserved and rural communities, including maternity care deserts, the initiative seeks equitable detection and control of HTN, improved maternal and fetal outcomes, and reductions in admissions and morbidity from HTN-related complications.",lead,Any private (either profit or nonprofit) or public entity located in a State is eligible to apply for an award under this opportunity.,DPH,9.0,DPH already houses maternal and child health and chronic disease programs and can implement this through local health departments and safety-net partners.,"The initiative requires full implementation within six months and is time-limited to 24 months, so readiness and sustainability planning are immediate challenges.",True,Directly funds maternal health improvement under G2.O4; DPH can lead with local health partners.,"[""Must fully implement project within the first six months of award"", ""Must evaluate processes and outcomes throughout the project"", ""Must document and share findings and results with HHS and others"", ""Requires a non-competing continuation application for the second budget period"", ""Focus on underserved and rural communities, including maternity care deserts""]",True,True,lead,deepseek/deepseek-v4-pro,92b0344f579a,True
b9befe54-117a-40b1-ba53-91ec6954b1c8,Family-to-Family Health Information Centers (F2F HIC),forecast,ok,7.0,G2,G2.O1,"This grant would help families of children and youth with special health care needs navigate complex health and service systems, supporting G2.O1's inclusion of specialty care for children with complex needs.","provide information, education, technical assistance, and peer support to families of children and youth with special health care needs (CYSHCN) and the professionals who serve them so that CYSHCN and their families can better navigate complex systems to receive needed services",lead,Eligible applicants include any domestic public or private entity.,DPH,8.0,"DPH already administers maternal and child health and Title V children and youth with special health care needs work, so an F2F HIC would extend its existing family support and care-navigation role.","The program is a family-to-family peer support model, so a state health department may be an atypical lead and would need to demonstrate authentic family partnership and leadership to compete.",True,Funds family peer navigation for children with special health care needs; aligns with child and family well-being and DPH's Title V CYSHCN role.,"[""Geographic eligibility limited to the 50 states, the District of Columbia, the five U.S. Territories, and entities that will serve American Indian and/or Alaska Native tribes.""]",True,True,lead,deepseek/deepseek-v4-pro,92b0344f579a,True
b8b51aae-68fc-448a-bbca-5fbfd229a841,Manufactured Foods Flexible Funding Model (MF-FFM),forecast,ok,2.0,none,none,"The funded activity strengthens state manufactured food regulatory programs, which is a public health protection function but not named in any NCDHHS strategic objective.","supporting Manufactured Food Regulatory Program Standards (MFRPS), dietary supplement safety and oversight programs, improved state compliance and enforcement infrastructure, and state Food Protection Task Force (FPTF) programs.",lead,"State, local, territorial, and tribal agencies",none,2.0,No NCDHHS division has explicit authority over manufactured food regulatory programs; this function is typically outside DHHS and likely sits with the North Carolina Department of Agriculture and Consumer Services.,"NCDHHS likely lacks the regulatory authority and programmatic ownership for manufactured food inspections, so the agency may be an unsuitable lead applicant despite state-government eligibility.",False,"Food safety regulatory program likely belongs to the Department of Agriculture, not NCDHHS; no clear strategic objective or division owner, so not worth pursuing.","[""must have or be willing to enter into a 20.88 information disclosure agreement with the FDA"", ""required to have at least a commissioning certificate (or be willing to procure one)""]",True,True,lead,deepseek/deepseek-v4-pro,92b0344f579a,True
17ca70e3-ccb8-46b3-98ec-2808f8673f84,Healthy Tomorrows Partnership for Children Program (HTPCP),forecast,ok,8.0,G1,G1.O3,"The grant funds community-based projects that promote access to preventive clinical and public health services for children, which directly supports work to mitigate barriers to health services under G1.O3.",support community-based projects that promote access to preventive clinical and public health services for children,lead,state_governments,DPH,9.0,"DPH already oversees maternal and child health, preventive services, and local health department partnerships, so this grant is an extension of existing public health work.","HRSA's community-based emphasis may make NCDHHS a less natural lead than a local health department or community organization, and the summary lacks details on required partnerships.",True,Aligns with G1.O3 by promoting children's access to preventive clinical and public health services; DPH could lead with local partners.,[],True,True,lead,deepseek/deepseek-v4-pro,92b0344f579a,True
441d2761-0d9c-42ae-a3da-905ce4ed0ca4,Strengthening Services to Prevent the Infectious Disease Consequences of Drug Use,forecast,ok,9.0,G3,G3.O4,"The grant directly funds infectious disease testing, treatment, prevention, and data improvements for people who use drugs, which advances harm reduction and the substance use crisis response under G3.O4.",strengthen services to prevent the infectious disease consequences of drug use in high impact settings serving people who use drugs (PWUD),lead,state_governments,DPH,9.0,"DPH already leads communicable disease prevention, HIV/HCV surveillance, and harm reduction-related public health work, so this grant is an extension of its existing infectious disease prevention role.","The biennial biobehavioral survey of people who use drugs requires specialized field data collection, privacy safeguards, and community partnerships that may exceed routine public health surveillance capacity.",True,"Directly funds infectious disease testing and harm reduction for people who use drugs, fitting DPH disease prevention and G3.O4 substance use crisis priorities.",[],True,True,lead,deepseek/deepseek-v4-pro,92b0344f579a,True
cfc3f14d-a37a-4cf4-a5f4-420d7c3a78bb,Family Unification Program (FUP) Multi-Year NOFO,forecast,ok,9.0,G2,G2.O2,"Funds Housing Choice Vouchers to prevent foster care placement or delay reunification and to house youth aging out of foster care, directly supporting child welfare safety, permanency, and well-being.","Those for whom the lack of adequate housing is a primary factor in the imminent placement of a child (or children) in out-of-home care, or a delay in the discharge of a child to the family from out-of-home care.",partner,public_and_indian_housing_authorities,DSS,8.0,"DSS is North Carolina's public child welfare agency and already oversees foster care, permanency, and out-of-home care, so it could serve as the required PCWA partner and identify or refer eligible families and youth.","NCDHHS cannot apply directly because only public and Indian housing authorities are eligible, so the Department would depend on a housing authority to lead and administer the award.",True,"Strong fit for DSS as the required child welfare partner, but only PHAs can apply; worth routing if a North Carolina housing authority will lead.","[""Applicants limited to public and Indian housing authorities"", ""Requires partnership with public child welfare agencies""]",True,True,partner,deepseek/deepseek-v4-pro,92b0344f579a,True
1455416e-d0f8-4b17-8823-711db1ebc6f2,Making America Healthy Again by Addressing Dementia Disparities,forecast,ok,8.0,G1,G1.O3,"The grant directly funds community-based approaches that address barriers to health care and social services and social determinants of health to reduce dementia disparities, aligning with G1.O3's focus on mitigating barriers to health services for underserved groups.",demonstration projects to support innovative evidence-based/informed and community-focused approaches that reduce disparities impacting brain health as people age,lead,Eligible applicants include any private nonprofit or public entity located in a State.,DPH,7.0,"DPH already leads chronic disease prevention, health equity, and community-based interventions, so it could run a dementia-disparities demonstration with local partners and epidemiologic support.","This is a time-limited demonstration project with continuation funding contingent on federal priorities, and OMH expects sustainability planning beyond the grant period.",True,State-eligible minority health grant that fits G1/O3 by funding community strategies to reduce dementia disparities; DPH can lead using its chronic disease and health equity capacity.,"[""Applications must be submitted through Grants.gov, and applicants must have an active SAM.gov registration when submitting an application."", ""For multi-year projects, recipients must submit a non-competing continuation (NCC) application for each budget period after the first."", ""Recipients of awards must not restrict participation in the project on the basis of race, color, religion, sex, national origin, or other protected characteristic."", ""We expect award recipients under this opportunity to consider approaches to sustainability beyond the end of the support provided by OMH.""]",True,True,lead,deepseek/deepseek-v4-pro,92b0344f579a,True
741f2935-18c1-4e3e-8f54-f30dc3a6ee80,Rural Maternity and Obstetrics Management Strategies Program,forecast,ok,9.0,G2,G2.O4,"The grant funds collaborative networks to improve rural maternity and obstetrics care, directly supporting NCDHHS's objective to improve women's health and birth outcomes.",support collaborative improvement and innovation networks to improve access to and delivery of maternity and obstetrics care in rural areas,lead,state_governments,DPH,9.0,"DPH already houses maternal and child health programs and works with local health departments, so this program is a direct extension of its existing work.",Building collaborative rural maternity networks will require sustained engagement from rural hospitals and providers facing workforce shortages and obstetric unit closures.,True,"Directly funds rural maternity and obstetrics access, aligning with NCDHHS maternal and child health goals; DPH could lead with ORH and local partners.",[],True,True,lead,deepseek/deepseek-v4-pro,92b0344f579a,True
401d247c-a24c-4161-82b1-b9348f732bb8,Rapid Response Team (RRT) Cooperative Agreement,forecast,ok,5.0,G5,G5.O1,"The grant's supporting data sharing, data analysis, and continuous process improvement components advance operational data-driven decision-making, although the core food-safety emergency response mission is not an explicit NCDHHS strategic objective.","data sharing, data analysis, communications, continuous process improvement",lead,state_governments,DPH,9.0,"DPH already coordinates epidemiology, environmental health, laboratory, and public health preparedness functions, so this food-safety emergency response cooperative agreement would extend existing work.","The food-safety emergency response purpose is not named in NCDHHS's strategic goals, so it may compete poorly for internal priority despite fitting DPH's existing role.",True,"Fits DPH's existing food-safety and preparedness role and partly aligns with G5.O1 data sharing, but food safety is not a named strategic priority.",[],True,True,lead,deepseek/deepseek-v4-pro,92b0344f579a,True
b9bdeaa2-068f-4aa9-960a-948c0b0a9bfd,"The Home Visiting Research, Improvement, Sustainability and Evaluation Center (HV-RISE)",forecast,ok,8.0,G2,G2.O4,"The center improves home visiting services that support maternal and infant health, which directly advances work to improve birth outcomes and early childhood well-being.",improve the quality of home visiting services and outcomes for families,lead,state_governments,DCFW,9.0,"DCFW already oversees home visiting and early intervention, so a home visiting research and improvement center fits its existing role and partners.","The cooperative agreement center may require national evaluation and research capacity rather than direct home visiting services, creating administrative and competitive risk.",True,"Funds a home visiting improvement center that advances G2.O4; DCFW already oversees home visiting, so a strong fit.",[],True,True,lead,deepseek/deepseek-v4-pro,92b0344f579a,True
eba5be60-4531-4ddf-aa56-6b1d419155ce,Laboratory Flexible Funding Model (LFFM),open,ok,3.0,none,none,"The grant funds state food testing laboratory capacity and food defense preparedness, which supports public health laboratory infrastructure but does not directly advance a named NCDHHS strategic objective.",enhance the capacity and capabilities of state human and animal food testing laboratories in support of an integrated food safety system (IFSS),lead,state_governments,DPH,8.0,"DPH operates the state public health laboratory and environmental health programs, making this laboratory capacity cooperative agreement a natural extension of its existing work.",The opportunity may be limited to existing FDA-aligned food testing laboratories because it requires ISO 17025 accreditation and a valid 20.88 agreement with FDA prior to application.,True,This FDA cooperative agreement funds state food testing laboratory capacity which fits DPH's public health laboratory and environmental health role though it is not tied to named NCDHHS strategic objective.,"[""Applicant organizations applying for product testing tracks must be accredited to ISO 17025 in at least one human or animal food testing method applicable to the discipline for which they are applying."", ""Applicant organizations applying to any track other than Whole Genome Sequencing must have a valid 20.88 agreement with FDA prior to the time of application.""]",True,True,lead,deepseek/deepseek-v4-pro,92b0344f579a,True
9381a795-83da-40fa-9d6a-ee4c0f7b63be,Ryan White HIV/AIDS Program Part C Capacity Development Program,forecast,ok,10.0,G1,G1.O4,"The grant directly invests in community-based organization capacity to improve HIV health outcomes and reduce transmission among people not yet in regular care, which advances G1.O4's focus on investing in community-based partner capacity.","strengthen the capacity of community-based organizations to improve health outcomes and reduce HIV transmission, especially for people not yet in regular HIV care",lead,state_governments,DPH,8.0,"DPH already manages communicable disease/HIV programs and works with local health departments and community clinics, so this capacity-building grant is an extension of its existing role, though it would require subrecipient management for community-based clinical services.","The program's stated purpose is to strengthen community-based organizations, so a state agency application may be atypical or less competitive and would likely require passing funds through to CBOs rather than delivering services directly.",True,Strong fit with G1.O4: funds capacity building for HIV-focused community organizations; DPH can apply as state government and manage through its HIV program.,[],True,True,lead,deepseek/deepseek-v4-pro,92b0344f579a,True
d6b0c5c6-bc62-4f60-938c-bee3a9a2b511,"Ryan White HIV/AIDS Program Part D - Women, Infants, Children and Youth Grant Supplemental Funding",forecast,ok,8.0,G1,G1.O1,"The grant funds infrastructure and capacity to expand access to family-centered HIV care for low-income women, infants, children, and youth, which advances health access and reduces disparities.","The purpose of this supplemental funding is to strengthen organizational infrastructure and increase capacity to develop, enhance, or expand access to high quality family-centered HIV care services.",lead,state_governments,DPH,9.0,"DPH already manages communicable disease prevention, maternal and child health, and local public health partnerships, so expanding family-centered HIV care capacity fits its existing public health role.","NCDHHS may not be a current RWHAP Part D recipient or may not directly provide outpatient family-centered HIV care, making this a competitive new-applicant path rather than an easy supplemental add-on.",True,"Fits G1 health access and DPH communicable disease/maternal child health; state governments are eligible, but NCDHHS must provide Part D outpatient HIV care.","[""Must provide RWHAP Part D family-centered care in outpatient or ambulatory care settings to low income women, infants, children, and youth with HIV in the entire service area identified in the FY 2027 NOFO.""]",True,True,lead,deepseek/deepseek-v4-pro,92b0344f579a,True
6fc36162-1e77-4f38-8ceb-82a18531940c,Innovative Approaches for Reducing Disparities in Kidney Health,forecast,ok,8.0,G1,G1.O1,"The grant directly funds demonstration projects to reduce health disparities in chronic kidney disease, which aligns with NCDHHS's objective to build structure for reducing health disparities across the Department.",demonstration projects that support adaptations of evidence-based/informed approaches to reduce disparities in chronic kidney disease (CKD) and related risk factors,lead,Eligible applicants include any private nonprofit or public entity located in a State.,DPH,8.0,"DPH already leads chronic disease prevention, minority health, and community-based interventions, so it could plausibly manage a kidney health disparities demonstration.","The project is a time-limited demonstration with an expectation to plan for sustainability beyond OMH support, which could require building new kidney-specific partnerships rather than funding existing services.",True,"This grant funds community projects to reduce kidney disease disparities, matching NCDHHS's goal to reduce health disparities; Public Health could lead it.","[""applicants must have an active SAM.gov registration when submitting an application"", ""For multi-year projects, recipients must submit a non-competing continuation (NCC) application for each budget period after the first.""]",True,True,lead,deepseek/deepseek-v4-pro,92b0344f579a,True
217a3975-7543-445d-9638-8026297a75c4,The National Network of STI Prevention Training Centers (NNPTC),forecast,ok,8.0,G1,G1.O4,"The grant invests directly in the capacity of clinical and public health partners to deliver STI prevention, diagnosis, treatment, and counseling.","education, training and technical assistance—emphasizing prevention strategies—for clinicians and disease intervention specialists to improve sexually transmitted infection (STI) patient care",lead,Unrestricted eligibility,DPH,9.0,"DPH already leads STD prevention, surveillance, and provider guidance and could operate a clinician and disease intervention specialist training center.","The NOFO supports a national/regional training network rather than direct North Carolina STI service delivery, potentially requiring multi-state reach and infrastructure.",True,"DPH already addresses STD prevention and provider guidance; this cooperative agreement would fund STI training capacity, aligning with health access and partner capacity goals.",[],True,True,lead,deepseek/deepseek-v4-pro,92b0344f579a,True
a36c6294-903e-4aa3-80c9-914060a60380,Drug-Free Communities (DFC) Support Program – NEW (Year 1),forecast,ok,7.0,G3,G3.O4,"Funds community coalitions that prevent youth substance use, which supports NCDHHS substance use prevention and resilience work under G3.O4.",The purpose of the DFC Support Program is to establish and strengthen collaboration to support the efforts of community coalitions working to prevent youth substance use.,atypical,state and local governments,DMHDDSUS,8.0,"DMHDDSUS already oversees substance use prevention, treatment, and recovery funding and could manage a community coalition-based youth substance use prevention grant through its existing provider network.","NCDHHS is not itself a community coalition and the applicant types do not list state governments, so pursuit would depend on serving as a fiscal agent for a first-time coalition.",False,"Strong youth substance-use prevention fit for DMHDDSUS, but requires community coalitions and state agencies are not standard applicants; pursue only as a partner/fiscal agent.","[""Eligible applicants are community-based coalitions addressing youth substance use that have not yet previously received a DFC grant"", ""A DFC legal applicant (an organization applying on behalf of a coalition, the coalition, or the applicant coalition) must reside within the United States and/or the U.S. territories"", ""Applicants must be a nonprofit (as defined by the IRS as a 501(c) organization); or an entity that the Administrator determines to be appropriate; or part of, or is associated with an established legally recognized domestic, public or private nonprofit organization""]",True,True,atypical,deepseek/deepseek-v4-pro,92b0344f579a,True
a73919b2-7a90-4735-8ec5-a67c08dea3ed,Ryan White HIV/AIDS Program (RWHAP) Integrated HIV/AIDS Planning Resource Allocation Cooperative Agreement,forecast,ok,8.0,G1,G1.O1,"The grant funds integrated HIV prevention and care planning and resource allocation, which builds the structure needed to improve health access and reduce disparities for people living with HIV.","provide tools, training and technical assistance (TA) to RWHAP Parts A and B recipients and their planning bodies to support integrated HIV prevention and care planning, maximizing resources and stregthening the system of HIV care and treatment.",lead,state_governments,DPH,8.0,"DPH already administers Ryan White Part B and HIV care services, so this cooperative agreement is an extension of its existing communicable disease and HIV planning role.","It is a training and technical assistance cooperative agreement rather than direct service funding, so the scope may require serving RWHAP recipients beyond North Carolina and competing with established national TA providers.",True,Aligns with G1 health access by funding integrated HIV care planning; DPH already administers Ryan White Part B and could use this to strengthen statewide HIV services.,[],True,True,lead,deepseek/deepseek-v4-pro,92b0344f579a,True
b3577f33-eee0-49fb-aeba-2ea0b02fe59e,Expanded Surveillance for Pediatric Infectious Diseases,forecast,ok,8.0,G5,G5.O1,"The grant funds standardized pediatric disease surveillance and generates data to inform diagnosis, treatment, prevention product recommendations, and public health strategies, directly supporting data-driven decision-making.","The purpose of this Notice of Funding Opportunity (NOFO) is to support a network of U.S. institutions that will conduct standardized, prospective, active surveillance of pediatric acute respiratory illness (ARI) and acute gastroenteritis (AGE).",lead,state_governments,DPH,10.0,"DPH already houses communicable disease surveillance, epidemiology, immunization, and maternal and child health programs, so this pediatric surveillance cooperative agreement is a natural extension of its existing public health authority.","The surveillance platform may require substantial data-sharing, specimen collection, and hospital/emergency department partnerships that NCDHHS would need to establish or expand beyond its current systems.",True,CDC-funded pediatric infectious disease surveillance fits DPH's disease surveillance and immunization role and supports data-driven prevention decisions under G5.O1.,"[""Must apply for Component A (Core Component)"", ""Must follow the standardized protocol established by CDC""]",True,True,lead,deepseek/deepseek-v4-pro,92b0344f579a,True
e511b41d-655a-4869-bfd3-09fbf0c33987,Holistic and Evidence-Informed Wellness for STI Prevention,forecast,ok,7.0,G1,G1.O1,"The grant funds evidence-based sexual health materials and provider education focused on groups most affected by STIs, directly supporting efforts to reduce health disparities and improve access to preventive sexual health information.","This funding strengthens STI prevention efforts by supporting coalition management and the development, promotion, and dissemination of high-quality, evidence-based sexual health-related materials, resources, and tools to their partners, health care providers, and the public.",lead,state_governments,DPH,9.0,"DPH already oversees disease prevention, surveillance, and public health communication, so STI prevention education and materials align closely with its existing public health mission.",The grant may focus on supporting a national coalition and disseminating materials rather than directly funding North Carolina-specific STI services or local implementation.,True,"Fits DPH's disease prevention mission, funding sexual health materials and provider education to reduce STIs, including among groups most affected; aligns with health access and disparity goals.",[],True,True,lead,deepseek/deepseek-v4-pro,92b0344f579a,True
3a1c4127-9699-412d-8904-742bbf20a33a,Maternal and Child Health Encounters Networks (MCHEK),forecast,ok,9.0,G2,G2.O4,"The program directly advances G2.O4 by funding evidence-based counseling and information to prevent harmful exposures and improve maternal and infant outcomes before, during, and after pregnancy.","The purpose of this program is to improve maternal and infant outcomes by preventing contact with harmful materials before, during, and after pregnancy.",lead,"Any domestic public or private entity, including an Indian tribe or tribal organization (as those terms are defined at 25 U.S.C. § 450b) is eligible to apply.",DPH,7.0,"DPH has existing maternal and child health, WIC, and environmental health programs that align with the content, but operating a national expert-staffed call center with AI features would extend beyond its usual state-focused role.","The cooperative agreement likely expects a national expert-staffed call center and emerging AI technology, which could require capabilities and infrastructure NCDHHS does not currently operate at national scale.",True,Strong fit with G2.O4 maternal and infant health; DPH could apply but must weigh capacity to run a national expert-staffed call center with AI.,[],True,True,lead,deepseek/deepseek-v4-pro,92b0344f579a,True
39dec6be-55d0-4622-9703-fd1b7909fb1c,Coordinating Center for Language Access Services,forecast,ok,8.0,G1,G1.O3,"The grant funds creation of a National Coordinating Center for Language Access Services, directly addressing G1.O3 by mitigating language barriers to health services for people with limited English proficiency.",We intend for the funded project to create a National Coordinating Center to connect health and human service professionals with qualified health language interpreters and translators to improve access to language services for individuals limited English proficiency.,lead,Eligible applicants include any private nonprofit or public entity located in a State.,OSEC,7.0,"OSEC runs centralized, cross-division initiatives and administrative/IT functions, so it could host a language access coordinating center, though the national network scope is broader than its usual state-focused role.","The project is national in scope, so NCDHHS would carry broad out-of-state coordination duties and sustainability risk without primarily benefiting North Carolinians.",True,"This grant directly funds language access services under G1.O3. NCDHHS is eligible as a public entity and could host the coordinating center through OSEC, though national scope adds operational demands.","[""Time-limited demonstration project; applicants are expected to consider sustainability beyond OMH support.""]",True,True,lead,deepseek/deepseek-v4-pro,92b0344f579a,True
59462b36-6d05-4832-a628-427f72260f3d,State Veterans Home Construction Grant Program,open,ok,0.0,none,none,"The grant funds construction or renovation of state/tribal veterans extended care facilities, which does not advance any NCDHHS strategic objective.",Grants are available to State and Tribal Governments for construction or renovations of State/Tribal owned and operated Veterans Extended Care Facilities.,atypical,ONLY STATE AND TRIBAL GOVERNMENTS MAY APPLY.,none,0.0,"No NCDHHS division owns, operates, or funds state veterans homes; this function is typically outside the department's authority.","NCDHHS likely does not own or operate state veterans homes, so the department could be an atypical or unauthorized applicant for a capital project it would not run.",False,"Funds construction or renovation of state veterans homes, which NCDHHS does not operate; better fit for NC Department of Military and Veterans Affairs, with 35% state match required.","[""State cost share: VA participation may not exceed 65% of total project costs, leaving at least 35% to the state."", ""Build America, Buy America Act domestic sourcing requirements apply to iron, steel, manufactured products, and construction materials."", ""A complete initial application with detailed project checklist items is due via Grants.gov by April 15 for priority list consideration.""]",True,True,atypical,deepseek/deepseek-v4-pro,92b0344f579a,True
3b811770-3f95-4ee9-ac57-6fe99d2e8e01,Integrated Food Safety System Regulatory and Laboratory Training System National Coordination Center,forecast,ok,6.0,G4,G4.O4,"The grant funds national coordination of food regulatory and laboratory training, which aligns with NCDHHS's objective of supporting the public health workforce at state and local levels.",The RLTS will leverage the expertise and resources of all IFSS partners to improve access to high quality human and animal food regulatory and laboratory training and other learning resources.,atypical,"Section 1009 of the Federal Food, Drug, and Cosmetic Act, 21 USC § 399, limits eligibility to State, local, territorial, and tribal agencies and non-profit training entities that collaborate with 1 or more institutions of higher education.",DPH,6.0,"DPH oversees food safety and public health laboratory functions and could support training coordination, but serving as a national coordination center with sub-awards is broader than its usual state-level role.","The NOFO is written for a non-profit training entity as the national coordination center, so NCDHHS may be eligible but is not the intended or most competitive applicant.",False,"This national food-safety training coordination center is intended for a non-profit and does not directly fund NCDHHS food safety operations, so likely not worth pursuing.",[],True,True,atypical,deepseek/deepseek-v4-pro,92b0344f579a,True
770eae58-b245-4431-a4b8-7b1aca9e917f,Title X Family Planning Services Grants,open,ok,10.0,G2,G2.O4,"Title X funds voluntary family planning, reproductive goals counseling, and preconception health services, directly advancing G2.O4's focus on reproductive life planning and improved women's health and birth outcomes.","These projects include a broad range of effective and acceptable services, including pregnancy testing and counseling, basic infertility services, sexually transmitted infection (STI) services (such as HIV prevention education, counseling, testing, and referral), health literacy, reproductive goals counseling to increase optimal health outcomes, and other preconception health services.",lead,Any public or private nonprofit entity is eligible to apply.,DPH,9.0,"DPH already oversees family planning, maternal and child health, and local health department services, so Title X is a natural extension of its existing public health authority.",The actual amount available will not be determined until enactment of the FY 2027 federal budget.,True,"Strong fit: Title X directly funds family planning and preconception services under DPH, advancing G2.O4 reproductive and maternal health work.","[""All activities funded under this announcement must be in compliance with the requirements of the Title X statute, legislative mandates, and regulations.""]",True,True,lead,deepseek/deepseek-v4-pro,92b0344f579a,True
18c0a9f1-fe39-4c7a-8ffd-1d8c656d666f,Telehealth Nutrition Services Network Grant Program,forecast,ok,9.0,G1,G1.O3,"This grant funds telehealth-delivered nutrition services to prevent and manage chronic diseases, directly supporting G1.O3's effort to mitigate barriers to health services through telehealth.",This program will use telehealth nutrition services to help prevent and manage chronic diseases.,lead,state_governments,DPH,8.0,"DPH already oversees chronic disease prevention and nutrition programs and works with local health departments, so it could extend those efforts through telehealth-delivered nutrition services.","The notice lacks eligibility and network requirements, so the application may carry hidden consortium, cost-sharing, or reporting obligations.",True,"Funds telehealth nutrition services to prevent chronic disease, aligning with G1.O3; DPH could lead if network requirements are manageable.",[],True,True,lead,deepseek/deepseek-v4-pro,92b0344f579a,True
299bb7ba-7783-4da0-9c7c-12f00919cf0b,Implementation Science to End the HIV Epidemic,forecast,ok,9.0,G1,G1.O1,"The grant funds implementation science to bring HIV prevention, diagnosis, treatment, and outbreak response to communities disproportionately impacted by HIV, directly supporting work to reduce health disparities and increase health access.","Projects will leverage research-community collaborations to bring evidence-based advances in HIV prevention, diagnosis, treatment, and cluster outbreak response to communities disproportionately impacted by HIV.",lead,state_governments,DPH,8.0,"DPH already runs HIV/STD prevention, surveillance, and care programs and regularly partners with community and academic organizations, so this research grant is an extension of existing public health authority and work.","As an NIH implementation science grant, it funds research and evaluation rather than direct services, and NCDHHS may need a strong academic research partner to compete successfully.",True,"DPH could extend its HIV prevention and surveillance work with implementation research, though it may need academic partners.","[""Requires research-community collaborations"", ""Requires deployment and evaluation at multiple geographic locations or settings"", ""Requires partnerships with local, state, and federal public health partners""]",True,True,lead,deepseek/deepseek-v4-pro,92b0344f579a,True
aa2857de-cd78-432b-9266-9b2919a6eb6c,Announcement of Stand Down Grants,open,ok,6.0,G1,G1.O1,"The funded Stand Down events provide health and social services to veterans experiencing homelessness, supporting G1.O1 by increasing health access for a population facing greater health and situational challenges.","The U.S. Department of Labor’s (DOL) Veterans’ Employment and Training Service (VETS) supports local Stand Down events that assist veterans experiencing homelessness by providing a wide range of employment, social, and health services.",atypical,"State, Territory, and Possession, county, city, local, special district, and Native American tribal governments and agencies, non-profit and for-profit entities, state and local workforce boards, institutions of higher education, public and tribal housing authorities are eligible to apply.",none,3.0,"NCDHHS divisions do not manage veterans' employment or homeless events, though some public health or behavioral health units could support health services at the events.","The usual award ceiling is only $7,000-$10,000 and the grants are noncompetitive, so the state's application and reporting burden could outweigh the small, one-time event value.",False,"State agencies are eligible, but this small, veteran-specific DOL event falls outside NCDHHS core health and human services divisions; likely not worth the administrative effort.","[""Award amounts are capped at $7,000 for one-day and $10,000 for multi-day events; $50,000 is available only under a federal disaster declaration."", ""All costs incurred by the award recipient prior to the period of performance start date identified in the Notice of Award issued by the Department are incurred at the recipient's own expense.""]",True,True,atypical,deepseek/deepseek-v4-pro,92b0344f579a,True
54c6b441-1759-42d7-ae62-fff1161497c0,National Training Center for Title X and Teen Pregnancy Prevention (TPP),forecast,ok,8.0,G2,G2.O4,"The grant funds training and technical assistance to ensure the Title X and teen pregnancy prevention workforce can deliver high-quality family planning and reproductive health services, directly supporting NCDHHS's maternal and child health objective.","The goal of the funded training center is to ensure that personnel working in Title X have the knowledge, skills, and self-efficacy necessary to effectively run a Title X grant program and deliver high-quality family planning services.",lead,"To receive funding from the Title X program, you must be a public or private non-profit entity.",DPH,6.0,"DPH already administers family planning, maternal and child health, and provider training, but running a national training center for all OPA Title X and TPP grantees would be a major expansion beyond state-level responsibilities.","The award is a single national training center for all OPA-funded Title X and TPP grantees, so NCDHHS would face strong national competition and must demonstrate capacity beyond North Carolina service delivery.",False,"Strong topical fit with DPH family planning, but national training-center scope and single-award competition make it a low-yield pursuit for a state health agency.","[""Requires a single application covering both the Title X and TPP components, submitted under PA-FPT-25-001."", ""Cooperative agreement with two awards; multi-year projects require non-competing continuation applications for each budget period after the first."", ""Joint applications without a legally recognized relationship must contact OASH_Grants@hhs.gov and demonstrate conflict resolution capacity over the entire expected period of performance.""]",True,True,lead,deepseek/deepseek-v4-pro,92b0344f579a,True
eaef2942-a374-4ef2-bd3b-5d672083dfce,Drug-Free Communities (DFC) Support Program – Competing Continuation (Year 6),forecast,ok,8.0,G3,G3.O4,"The grant funds community coalitions working to prevent and reduce youth substance use, which directly supports NCDHHS's objective to turn the tide on the substance use crisis.",The purpose of the DFC Support Program is to establish and strengthen collaborations to support the efforts of community coalitions working to prevent and reduce substance use among youth.,atypical,These entities can include state and local governments,DMHDDSUS,6.0,"DMHDDSUS oversees substance use and opioid services and could support community prevention coalitions, but DFC requires a community-based coalition legal applicant rather than a typical state-operated program.","This is a competing continuation for existing community coalitions, so NCDHHS would need to identify an eligible coalition and serve as its legal applicant rather than operate a state-run program.",False,"Fits substance use prevention under G3.O4 but is a continuation for existing community coalitions, making NCDHHS an atypical applicant rather than the primary audience.","[""Funding is limited to applicants that have concluded the first DFC funding cycle or experienced a lapse in funding."", ""The DFC legal applicant must reside within the United States and/or U.S. territories.""]",True,True,atypical,deepseek/deepseek-v4-pro,92b0344f579a,True
ab6fa3f9-5b5d-4fdf-9f6f-1e4b8752dfcb,Health and Extreme Weather Solutions-Focused Research Hubs (U54 - Clinical Trial Optional),forecast,ok,8.0,G1,G1.O1,"The hubs focus on health impacts of extreme weather for populations at heightened risk, directly advancing work to reduce health disparities for people facing greater health and situational challenges.",health impacts of extreme weather and cumulative exposures,lead,state_governments,DPH,7.0,"DPH oversees environmental health, epidemiology, and public health preparedness and already works with local health departments, which are named partners for these hubs.","This is a research-intensive U54 cooperative agreement, so NCDHHS would likely serve as a non-academic partner rather than the lead, limiting direct control and service-delivery funding.",True,"Research hubs on extreme weather health impacts fit DPH environmental health and equity goals, but NCDHHS would likely be a non-academic partner in a research-heavy cooperative agreement.","[""Requires a multidisciplinary team with non-academic partners such as state and local public health departments, community-based organizations, Tribal entities, health care systems, and emergency preparedness agencies."", ""Award recipients must collaborate with the HEW Research Coordination and Data Center(s) and participate in data harmonization, shared metrics development, and cross-site dissemination."", ""U54 cooperative agreement anticipates substantial federal programmatic staff involvement.""]",True,True,lead,deepseek/deepseek-v4-pro,92b0344f579a,True
6076b54f-ab56-4ed2-81f5-8b43c030a4c0,Fiscal Year (FY) 2027 Service Area Competition (SAC),forecast,ok,10.0,G1,G1.O3,"The grant directly funds preventive and primary health care services for medically underserved communities, matching NCDHHS's objective to mitigate barriers to rural and underserved primary care.","improves the health of medically underserved communities and populations by providing grants to support the delivery of comprehensive, high-quality preventive and primary health care services",lead,state_governments,ORH,4.0,"ORH supports rural and underserved primary care and safety-net clinics, but NCDHHS does not operate a health center, so running this direct service grant would require a new primary care delivery role.","NCDHHS is not a health center operator, so it would likely lack the existing patient base, provider network, and Health Center Program experience needed to compete for an announced service area.",False,"Strong primary-care alignment, but HRSA SAC funds health center operators in announced service areas; NCDHHS is not an operator, so likely not a state application.","[""Competition is limited to service areas announced in the Service Area Announcement Table (SAAT).""]",True,True,lead,deepseek/deepseek-v4-pro,92b0344f579a,True
785bf1c9-11f8-4133-b550-70bcd2df50a2,National Training Center for Title X and Teen Pregnancy Prevention (TPP),forecast,ok,7.0,G2,G2.O4,"This grant builds the Title X family planning and teen pregnancy prevention workforce, which directly advances NCDHHS's goal of improving reproductive life planning and birth outcomes.",National Training Center for Title X and Teen Pregnancy Prevention (TPP),lead,"To receive funding from the Title X program, you must be a public or private non-profit entity.",DPH,5.0,"DPH has subject-matter expertise in family planning and adolescent health, but running a national training center for all OPA grantees is broader than its usual state-level role.","Only one applicant will be funded nationally, so NCDHHS would compete for a single national training center award outside its state-focused service delivery role.",True,"Funds a national training center for Title X family planning and teen pregnancy prevention; aligns with DPH reproductive health work, but national scope and single award make it competitive.","[""Single application must cover both Title X and TPP components in two distinct parts under PA-FPT-25-001"", ""National scope requires training and technical assistance for all OPA-funded Title X grantees and all OPA-funded TPP recipients""]",True,True,lead,deepseek/deepseek-v4-pro,92b0344f579a,True
44a089ce-dd0a-4cde-b6f4-c77d08d56a08,Rural Communities Opioid Response Program - Evaluation,forecast,ok,8.0,G3,G3.O5,"This grant funds evaluation of rural behavioral health strategies and development of evaluation tools, which directly strengthens behavioral health data and evaluation capacity under G3.O5.","evaluate the impact of rural behavioral health strategies and methods employed under the RCORP initiative, and to develop evaluation tools and resources for use in rural communities",lead,"You can apply if you are a domestic public or private, non-profit or for-profit entity.",DMHDDSUS,7.0,"DMHDDSUS oversees substance use and behavioral health services and can lead evaluation of rural opioid/substance use strategies, though it may need rural health and community partners.","It funds evaluation rather than direct opioid response services, so it would not bring treatment dollars to North Carolina and may be competitive with national evaluation/research organizations.",True,"Fits G3 behavioral health data goals; DMHDDSUS could lead an evaluation of rural opioid/substance use strategies, though funds evaluation rather than direct services.",[],True,True,lead,deepseek/deepseek-v4-pro,92b0344f579a,True
8bb15754-c013-462d-b305-f2a8dd116e08,Rural Health Network Development Program,forecast,ok,8.0,G1,G1.O3,"This grant funds integrated rural health networks that expand access to care and strengthen rural health systems, directly supporting NCDHHS's work to mitigate barriers to rural and underserved primary care.","Both tracts aim to expand access to care, improve coordination and quality, strengthen health outcomes, increase efficiency, and support a stronger rural health care system.",lead,state_governments,ORH,10.0,"ORH already works with rural and underserved primary care providers, safety-net clinics, and rural hospitals, so this program is a direct extension of its existing role and partnerships.","Although state governments are listed as eligible, HRSA may favor provider-led networks with direct rural hospital or clinic participants, so ORH would need credible network partners and rural reach to win.",True,"Fits G1.O3 rural health access and ORH's existing rural and underserved primary care role; State governments are eligible, so the coordinator should route it to ORH.","[""The applicant organization may be located in a rural or urban area, but must have demonstrated experience serving, or capacity to serve, populations in rural areas.""]",True,True,lead,deepseek/deepseek-v4-pro,92b0344f579a,True
9291f357-5202-4da7-8541-582c3becd270,Promoting Access with a Language Services Assistance Symbol,forecast,ok,10.0,G1,G1.O3,"The grant directly funds demonstration of a universal symbol to prompt requests for language assistance services, which is a named language-access barrier mitigation under G1.O3.",demonstration projects that support and evaluate the use of a universal symbol to inform people about the availability of language assistance services in health settings,lead,Eligible applicants include any private nonprofit or public entity located in a State.,DPH,8.0,"DPH already coordinates local health departments and public health access initiatives, so it can realistically pilot and evaluate the symbol in health settings.","The universal symbol was still being developed in FY2024, so the intervention is unproven and the likely 12-month demonstration period may yield limited evidence.",True,This grant directly funds language-access demonstrations aligned with G1.O3; DPH could run it through local health departments.,[],True,True,lead,deepseek/deepseek-v4-pro,92b0344f579a,True
04e6fd79-8789-47c8-be6f-646c0e686087,Improving Linkage to Care for People with Opioid Use Disorder (U01),forecast,ok,9.0,G3,G3.O4,"This grant directly funds research to implement and evaluate evidence-based linkage to care for people with opioid use disorder, matching NCDHHS's goal to turn the tide on the opioid and substance use crisis.","develop, implement, and rigorously evaluate strategies to address and overcome barriers to implementing evidence-based linkage to care services in health care settings.",lead,state_governments,DMHDDSUS,9.0,DMHDDSUS already oversees substance use and opioid services and could manage a research partnership focused on improving OUD linkage to care.,"This CDC U01 is investigator-initiated research, so it likely rewards strong research and evaluation capacity and may not fund direct service expansion without an academic or research partner.",True,"Directly matches NCDHHS opioid crisis goal; could route to DMHDDSUS with research partners, though requires rigorous evaluation and public-health partnerships.","[""Requires at least one partnership with a public health entity or bona fide agent."", ""Requires collaboration with a local champion in a health care setting."", ""Requires at least two defined outcome measures."", ""Cooperative agreement with CDC, involving federal programmatic involvement.""]",True,True,lead,deepseek/deepseek-v4-pro,92b0344f579a,True
88f12b64-0fbc-44ea-a689-57ed9e9fb9dd,Fiscal Year (FY) 2027 State and Regional Primary Care Association (PCA) Cooperative Agreements,forecast,ok,8.0,G1,G1.O3,"The grant funds technical assistance to increase access to primary care and support the health center workforce, which aligns with G1.O3's focus on rural and underserved primary care.",Increasing access to high-quality preventive and primary health care services.,lead,"Applications can be from the 50 states, the District of Columbia, the Commonwealth of Puerto Rico, the Northern Mariana Islands, American Samoa, Guam, the U.S. Virgin Islands, the Federated States of Micronesia, the Republic of the Marshall Islands, or the Republic of Palau.",ORH,7.0,"ORH already supports rural and underserved primary care, safety-net clinics, and health workforce shortage areas, so running a primary care association technical-assistance grant is an extension of that role.","The PCA role is likely already held by an established primary care association, so NCDHHS would need to build new TA infrastructure and compete with an existing partner.",True,Strong fit with ORH's rural primary care and safety-net role; North Carolina state government is eligible to apply.,"[""Requires delivering technical assistance collaboratively with other HRSA-funded TA programs.""]",True,True,lead,deepseek/deepseek-v4-pro,92b0344f579a,True
06024144-a58a-42d8-8813-75357d9bb7fe,Demonstration Projects for Whole-Person Health Models for Women Living with HIV in the South,forecast,ok,8.0,G2,G2.O4,"The project directly funds integration of HIV care with women's health services, including prenatal and postpartum care, advancing NCDHHS's objective to improve women's health and birth outcomes.",Integrate HIV care with broader women's health services,lead,state_governments,DPH,8.0,DPH already operates HIV prevention and surveillance and maternal and child health programs and has the local health department and community partnerships needed to convene the collaborative.,"The cooperative agreement requires substantial multi-sector coordination and participation in a learning collaborative, which may be administratively heavy for the available award.",True,"Fits DPH's HIV prevention and maternal health roles and directly funds integrated HIV and women's health services, advancing G2.O4; review as lead applicant.","[""Requires formal Clinic and Community Collaboratives with clinics, federally qualified health centers, community-based organizations, and local and state health departments"", ""Requires participation in a learning collaborative"", ""Services must be culturally and linguistically responsive"", ""Geographic focus on Southern jurisdictions with high HIV disease burden""]",True,True,lead,deepseek/deepseek-v4-pro,92b0344f579a,True
8b2aa3e2-733a-44d8-876e-56df42678c9a,Fiscal Year 2027 Regional Nutrition Hubs,forecast,ok,8.0,G1,G1.O3,"The grant funds technical assistance to expand nutrition services in HRSA health centers, which strengthens underserved primary care access and reduces health disparities.",region-specific technical assistance (TA) on expanding high-quality nutrition services to the Health Resources and Services Administration's (HRSA) Health Center Program (H80) award recipients and look-alikes (health centers),lead,state_governments,ORH,8.0,"ORH already supports safety-net clinics and rural and underserved primary care, so hosting a nutrition technical assistance hub for HRSA health centers fits its existing provider-support role.","The grant funds technical assistance rather than direct services, and its regional hub structure may require serving health centers beyond North Carolina, which could stretch ORH's current capacity.",True,"Aligns with G1 health access by funding technical assistance to safety-net health centers on nutrition services, fitting ORH's clinic-support role.",[],True,True,lead,deepseek/deepseek-v4-pro,92b0344f579a,True
54666d94-e0dc-44d3-90e6-6eb913f79ca9,Implementation Research on Coordinated Combinations of Community-Clinical Linkage Strategies for Diabetes Prevention and Management,forecast,ok,8.0,G1,G1.O3,"The NOFO funds research on coordinated community-clinical linkage strategies to improve diabetes prevention and management in safety-net primary care settings, directly supporting efforts to mitigate barriers in underserved primary care.",Using multiple strategies together may improve diabetes prevention and management in primary care.,lead,state_governments,DPH,8.0,"DPH already leads chronic disease prevention and control, diabetes-related programming, and relationships with local health departments and safety-net clinics, so this cooperative agreement would extend that work though with a research focus.","This is implementation research rather than direct program funding, so DPH may need academic or evaluation partners to carry out the required research activities.",True,"Fits DPH chronic disease prevention and control; CDC implementation research on diabetes community-clinical linkages in safety-net clinics aligns with health access goals, though it requires research capacity.",[],True,True,lead,deepseek/deepseek-v4-pro,92b0344f579a,True
b9c2ac9d-d8f0-45eb-9c6e-3b7446d01802,Women's Initiative for Screening and Health (WISH),forecast,ok,7.0,G2,G2.O4,"The grant funds evidence-based women's preventive service guidelines and their adoption in clinical practice, which supports NCDHHS's objective to improve women's health and birth outcomes through prevention.",The purpose of Women's Initiative for Screening and Health (WISH) is to improve women’s health across the lifespan by increasing access to and availability of preventive health services.,atypical,state_governments,DPH,5.0,"DPH has existing women's health, maternal and child health, and clinical prevention programs, but it is not the typical convener of a national coalition that updates federal preventive services guidelines.","This grant is designed for a national guideline-setting coalition, so a state health department would be an atypical lead and direct North Carolina impact may be limited.",False,"Aligns with women's health and preventive services, but it funds a national guideline-setting coalition, making NCDHHS an atypical lead and limiting direct NC service impact.","[""Requires a multidisciplinary coalition of healthcare providers, academic institutions, and patient-centered organizations"", ""Cooperative agreement with substantial federal involvement""]",True,True,atypical,deepseek/deepseek-v4-pro,92b0344f579a,True
d05b15ba-864c-4255-a510-42d9fd966215,Fiscal Year (FY) 2027 Service Area Competition (SAC),forecast,ok,9.0,G1,G1.O3,"The grant funds delivery of comprehensive preventive and primary health care to medically underserved communities, directly advancing NCDHHS's objective to mitigate barriers to rural and underserved primary care.","improves the health of medically underserved communities and populations by providing grants to support the delivery of comprehensive, high-quality preventive and primary health care services",atypical,state_governments,ORH,4.0,"ORH supports rural and underserved primary care and safety-net clinics, but it does not directly operate a comprehensive health center as the grantee would be required to do.","The Service Area Competition appears designed for existing health center operators in announced service areas, so NCDHHS likely lacks an eligible health center service area and would not be competitive as a state agency applicant.",False,"Strong G1.O3 alignment with rural and underserved primary care, but SAC funds existing health center service areas and NCDHHS is not a health center operator.","[""Service areas are limited to those announced in the Service Area Announcement Table (SAAT) or subsequent SAC-AA announcements.""]",True,True,atypical,deepseek/deepseek-v4-pro,92b0344f579a,True
c30fddfd-2094-4cf0-ba21-04b6736fc755,Fiscal Year (FY) Service Area Competition (SAC),forecast,ok,9.0,G1,G1.O3,"The grant directly funds comprehensive preventive and primary health care services in medically underserved communities, matching the rural and underserved primary care focus of G1.O3.","improves the health of medically underserved communities and populations by providing grants to support the delivery of comprehensive, high-quality preventive and primary health care services",atypical,state_governments,ORH,6.0,"ORH supports rural and safety-net primary care providers and shortage-area policy, but NCDHHS does not directly operate a Health Center Program service delivery site.","Health Center Program SAC applicants must directly operate a comprehensive primary care delivery site with a patient-majority governing board; NCDHHS lacks direct health center operations and would be an atypical, less competitive applicant.",False,"Strong health access alignment, but NCDHHS is an atypical direct health center operator and ORH does not run primary care clinics, so likely not a viable state application.","[""Service areas available for competition are limited to those announced in the Service Area Announcement Table (SAAT) or a Service Area Competition-Additional Area (SAC-AA)."", ""Competition is tied to a funded service area where an existing awarded health center cannot continue providing services.""]",True,True,atypical,deepseek/deepseek-v4-pro,92b0344f579a,True
6bc69d9c-87b7-4329-962c-16c8e3ad553d,Rural Residency Planning and Development Program,forecast,ok,9.0,G1,G1.O3,"The grant directly funds development of rural residency programs that train physicians to practice in rural and underserved areas, advancing the rural primary care access strategy under G1.O3.","It does this by developing new, accredited, sustainable rural residency programs, including rural track programs (RTPs).",lead,state_governments,ORH,7.0,"ORH already focuses on rural health workforce shortages and safety-net providers, but it does not directly operate residency programs and would need clinical training partners to implement.","The grant provides only start-up funding, so the new rural residency program could fail after the grant if long-term Medicare, Medicaid, or other stable funding does not materialize.",True,Strong fit with G1.O3 rural primary care access and ORH workforce mission; could pursue with clinical partners but sustainability after start-up is key risk.,"[""Long-term sustainability funding must come from viable and stable sources, such as Medicare, Medicaid, and other public or private sources."", ""greater than 50 percent of their total time in residency""]",True,True,lead,deepseek/deepseek-v4-pro,92b0344f579a,True
51fa7e21-beca-497f-a0f1-bf175382f77f,Fiscal Year (FY) 2027 Service Area Competition (SAC),forecast,ok,10.0,G1,G1.O3,"The SAC directly funds delivery of comprehensive primary and preventive care in medically underserved communities, matching G1.O3's focus on rural and underserved primary care.","improves the health of medically underserved communities and populations by providing grants to support the delivery of comprehensive, high-quality preventive and primary health care services",atypical,state_governments,ORH,5.0,"ORH's portfolio already includes rural and underserved primary care and safety-net clinics, but it does not directly operate a Health Center Program service area, which limits its ability to run this grant.","The competition may be limited to existing HRSA Health Center Program service areas, and NCDHHS may not currently operate an eligible service area, leaving no clear path to apply.",False,"Strong fit with rural and underserved primary care, but NCDHHS is not a typical health center operator and likely has no eligible service area.","[""Limited to service areas announced in the Service Area Announcement Table (SAAT).""]",True,True,atypical,deepseek/deepseek-v4-pro,92b0344f579a,True
c60789ce-21db-4ba1-9cb1-ef7f670c1957,Effectiveness Trials to Test Mental Health System Interventions (R61/R33 Clinical Trial Required),open,ok,8.0,G3,G3.O1,"The grant funds effectiveness trials of system interventions to improve organization, delivery, coordination, and outcomes of mental health services, aligning with integration of behavioral and physical health care.","test the effectiveness of system interventions and strategies for improving the organization, delivery, coordination, and clinical and functional outcomes of mental health services.",lead,state_governments,DMHDDSUS,7.0,"DMHDDSUS oversees mental health and substance use services and system-level care coordination, so it could direct or partner on a mental health system intervention trial, though it would likely need research partners for the clinical trial requirements.","It is a competitive NIH research award requiring clinical trial infrastructure, and the R61 phase may not transition to R33, so the state could invest effort without guaranteed service funding.",True,"Funds mental health system intervention trials; state can apply and DMHDDSUS could lead, but research-heavy clinical trial may need a university partner.","[""Clinical Trial Required"", ""Two-phase R61/R33 structure: feasibility/infrastructure development must precede the full trial""]",True,True,lead,deepseek/deepseek-v4-pro,92b0344f579a,True
14c2b96f-e210-4856-8901-f8278996198a,NARMS Cooperative Agreement Program to Strengthen Antibiotic Resistance Surveillance in Retail Food Specimens,forecast,ok,4.0,G5,G5.O1,"The grant funds a structured surveillance system that produces antimicrobial resistance data for public health decisions, supporting data-driven decision-making.","enhancing, strengthening and sustaining antibiotic resistance monitoring in retail food specimens within the NARMS program",lead,state_governments,DPH,8.0,"DPH already operates statewide disease surveillance, epidemiology, and laboratory services, so it could run retail food antibiotic resistance monitoring as an extension of its existing laboratory and epidemiology work.","It is a narrow, federally prescribed sampling and reporting program that may draw DPH laboratory and epidemiology capacity without directly advancing a named NCDHHS strategic objective.",True,"Fits DPH's existing disease surveillance and laboratory role in tracking antibiotic-resistant foodborne pathogens, though it does not map cleanly to a named strategic objective.",[],True,True,lead,deepseek/deepseek-v4-pro,92b0344f579a,True
9accc70c-9683-4b78-bb7b-e8fdbcff1b47,Health Workforce Research Center (HWRC),forecast,ok,7.0,G4,G4.O4,"By funding research that helps state and local decision-makers understand health workforce needs, this grant advances G4.O4 to support the public health and child welfare workforce at state and local levels.","The Health Workforce Research Centers support research that helps decision-makers at the federal, state, and local levels understand health workforce needs.",lead,state_governments,ORH,7.0,"ORH already tracks health workforce shortage areas and supports safety-net providers, so a health workforce research center fits its existing role, though it may need an academic partner.","As a cooperative agreement research center, the award likely expects a national academic research infrastructure and may be a poor fit for a state operating agency without a university partner.",True,"Funds health workforce research that supports state workforce planning and rural shortage analysis, but likely fits academic partners; ORH should explore a partnered proposal.",[],True,True,lead,deepseek/deepseek-v4-pro,92b0344f579a,True
0b08c799-a202-45f2-92ad-318044afbc2d,NARMS Cooperative Agreement Program to Strengthen Antibiotic Resistance Surveillance in Retail Food Specimens,open,ok,6.0,G5,G5.O1,The grant funds public health surveillance data collection and reporting that supports data-driven decision-making and strengthens public health data infrastructure.,"The purpose of this FOA is to protect and promote public health by enhancing, strengthening, and sustaining antibiotic resistance surveillance in retail food specimens within the NARMS program.",lead,State Governments,DPH,8.0,"DPH houses disease surveillance, epidemiology, and the state public health laboratory, making retail food antibiotic resistance monitoring an extension of its existing work.","Specialized FDA/NARMS retail food surveillance may require existing laboratory capacity and federal collaboration, so if NC is not already a NARMS retail food site the start-up effort could be high relative to the grant's narrow scope.",True,Funds antibiotic resistance surveillance in retail food; fits DPH lab and epidemiology role but is narrow and not a named NCDHHS objective.,[],True,True,lead,deepseek/deepseek-v4-pro,92b0344f579a,True
c4e39e95-ac54-466c-8d9a-774c50c6247c,Community-Based Participatory Research to Advance Data and Practice Transformation (ADAPT) for Optimizing Oral Health for All (UG3/UH3 Clinical Trial Optional),open,ok,7.0,G1,G1.O2,"The grant funds community-based, data-driven research to address oral health disparities, aligning with the Department's objective to use data to track and reduce health disparities.",promoting data use and transformational community engagement to optimize oral health for all people across the lifespan.,lead,state_governments,DPH,7.0,"DPH already addresses oral health, chronic disease, and health disparities and can manage community-based public health research, though a UG3/UH3 cooperative agreement may require additional research infrastructure.","It is a phased NIH research cooperative agreement rather than direct service funding; success depends on strong community research partnerships and consortium participation, which may be resource-intensive.",True,"Funds community-based oral health equity research and data transformation, aligning with DPH's health access goals; worth review if research partnerships are available.","[""Requires cross-sector community partnerships"", ""Requires participation in the ADAPT consortium and SCHARE platform""]",True,True,lead,deepseek/deepseek-v4-pro,92b0344f579a,True
cb2cbb9f-741d-4e6b-ad32-557d751f9903,Home Study and Post-Release Services for Unaccompanied Alien Children​​,open,ok,7.0,G2,G2.O2,"The grant funds home studies and post-release services to place children in safe homes and support their well-being, which directly parallels the child welfare safety, permanency, and well-being focus of G2.O2.",The goal is to make sure children are placed in safe homes and have the support they need to thrive while their immigration cases move forward.,lead,state_governments,DSS,6.0,"DSS already performs child welfare, home safety, and permanency work, but this program serves a federal immigration-specific population rather than its usual state child welfare caseload.","NCDHHS does not have routine jurisdiction over unaccompanied alien children, and this ORR program is typically operated by nonprofits with immigration case management experience, making it an unfamiliar compliance-heavy program rather than a core state child welfare function.",True,"Fits G2.O2 child safety and permanency and state child welfare expertise in DSS, but serves a federal immigration-specific population with high ORR compliance demands.",[],True,True,lead,deepseek/deepseek-v4-pro,92b0344f579a,True
16dd4363-d3e1-44e7-81b8-eaf8f573d0d1,Maternal and Child Health (MCH) Nutrition Training Program,forecast,ok,7.0,G2,G2.O3,"The program would train maternal and child health nutrition professionals and improve nutrition services for mothers, children, and families, which aligns with increasing food security and nutrition access for children and families through WIC and related supports.","improve the nutrition and overall well-being of mothers, children, and families",ineligible,Domestic* non-profit private institutions of higher education are eligible to apply.,none,0.0,"No NCDHHS division is eligible to apply because HRSA limits applicants to private non-profit institutions of higher education, even though DPH has related maternal and child health nutrition responsibilities.","NCDHHS is not an eligible applicant, so the agency could only participate as a partner or technical assistance recipient if a private university takes the lead.",False,"NCDHHS cannot apply directly; HRSA limits eligibility to private non-profit universities, so this does not fit an agency-owned application despite aligning with maternal child nutrition priorities.",[],True,True,ineligible,deepseek/deepseek-v4-pro,92b0344f579a,True
2906e477-3c29-4d8e-b45c-cda5170e3fcb,OMHHE Educational Funding Opportunity: Expanding education on skin lightening products (U01) Clinical Trials Not Allowed,forecast,ok,5.0,G1,G1.O1,"The grant funds community-based education and outreach on skin-lightening product risks through FDA's Office of Minority Health and Health Equity, supporting NCDHHS's health-disparities reduction objective.","The purpose of the funding opportunity is to expand and advance FDA's Office of Minority Health and Health Equity (OMHHE) work with stakeholders and partners for education, outreach, and public awareness activities on potential risks from skin lightening products containing hydroquinone and/or mercury.",lead,state_governments,DPH,6.0,"DPH already conducts public health education, environmental health, and minority health outreach, so it could manage a community-based FDA education award, though this topic is narrow.","The topic is narrow and FDA-specific, likely requiring community-based partners and offering limited fit with NCDHHS's larger programmatic priorities.",True,Fits DPH health-equity education; FDA outreach on skin-lightening product risks is eligible for state governments and aligns with reducing disparities but is narrow.,[],True,True,lead,deepseek/deepseek-v4-pro,92b0344f579a,True
4e2240c3-a6ef-4034-be00-8d27dca92c4a,Continuing Enhanced National Surveillance for Prion Diseases in the United States,forecast,ok,4.0,G5,G5.O1,"The grant funds enhanced national prion disease surveillance and diagnostic data collection, which could support data-driven public health decision-making.",The purpose is to continue an active surveillance program to help confirm suspected and clinically diagnosed cases of human prion disease and to monitor the occurrence of potentially emerging human prion diseases in the United States.,lead,state_governments,DPH,5.0,"DPH conducts disease surveillance and laboratory work, but this award requires a specialized national prion diagnostic center that is not a routine NCDHHS laboratory function.","The cooperative agreement likely continues an existing CDC-funded national center, so NCDHHS would face strong incumbency and would need specialized prion diagnostic laboratory capacity it may not have.",False,Low strategic fit; national prion diagnostic surveillance is not a named NCDHHS objective and requires specialized lab capacity beyond DPH's routine disease surveillance.,[],True,True,lead,deepseek/deepseek-v4-pro,92b0344f579a,True
1a3231f6-36eb-40d1-afe8-232010fa2fe3,"US Travelers Health Research, Surveillance, Communication, and Outreach Network",open,ok,5.0,G5,G5.O1,"The funded project would collect traveler health information through EMR, web, and mobile applications and conduct research on emerging threats, supporting data-driven decision-making and disease surveillance infrastructure.","Collect health information before, during, and after travel through innovative electronic medical record (EMR), web, and mobile phone applications.",lead,state_governments,DPH,7.0,"DPH already runs infectious disease surveillance, epidemiology, and public health preparedness, so it could plausibly coordinate a traveler health research and communication network.","The announcement provides no eligibility, funding, or cost-sharing details, and NCDHHS does not currently operate a dedicated travel medicine program, so participating could require building new clinical and informatics capacity.",True,The CDC travel health surveillance network is a moderate fit for DPH infectious disease work but only indirectly supports NCDHHS data infrastructure and health access goals.,[],True,True,lead,deepseek/deepseek-v4-pro,92b0344f579a,True
3820f2c5-4b44-47ad-8a29-9f6084d60bb2,Pilot and Feasibility Studies in Preparation for Substance Use and HIV Prevention Intervention and Services Research Trials,forecast,ok,8.0,G3,G3.O4,"The grant funds pilot and feasibility studies for substance use prevention and treatment/recovery services research, directly supporting NCDHHS's objective to turn the tide on the opioid and substance use crisis.","pilot and feasibility studies in preparation for efficacy, effectiveness and/or services research trials",lead,state_governments,DMHDDSUS,7.0,"DMHDDSUS already leads substance use and opioid crisis initiatives and could house a research preparation grant, though it would likely need academic or community research partners.","Applications are not being solicited at this time, so this forecast may never become an active competition or may require research infrastructure NCDHHS does not routinely operate.",True,"Forecast NIH research grant on substance use and HIV prevention aligns with G3.O4 and DMHDDSUS, but is not yet solicited; monitor and explore research partners.","[""Applicants must engage relevant end users in study design, execution, and interpretation""]",True,True,lead,deepseek/deepseek-v4-pro,92b0344f579a,True
5686905a-446f-4b0d-8885-e1683d35c3f4,"Pilot Testing, Implementation, and Evaluation of the Cervical, Breast and Colorectal Cancer Clinical Decision Support Tools",forecast,ok,7.0,G1,G1.O1,"It funds clinical decision support that enhances guideline-concordant cancer screening and follow-up, advancing health access and reducing cancer outcome disparities.",enhance guideline-concordant screening and ensure timely follow-up and management after abnormal results,lead,state_governments,DPH,6.0,"DPH leads chronic disease and cancer screening initiatives and can partner with large health systems, though EHR-based clinical decision support is outside its direct operational scope.","Core activities occur inside a large health system's EHR and clinical workflows, which NCDHHS does not directly control, creating partnership and data-sharing risks.",True,"Fits DPH's cancer screening and chronic disease work, but core EHR integration requires a large health system partner; worth routing to DPH for possible health-system collaboration.","[""Requires system-wide implementation within a large health system, so NCDHHS would need a health system partner for EHR integration.""]",True,True,lead,deepseek/deepseek-v4-pro,92b0344f579a,True
33b8d341-8908-46c1-95c1-a8af9be3ccc8,Rural Health Value Program,forecast,ok,8.0,G1,G1.O3,"The grant funds technical assistance that helps rural providers engage in value-based payment and delivery models, supporting the sustainability of rural and underserved primary care.",support the ability of rural providers to participate and succeed in current and emerging payment and delivery system models designed to provide value-based care,lead,state_governments,ORH,8.0,"ORH already supports rural hospitals, clinics, and workforce, so a rural value-based care technical assistance role is a close extension of its existing work.","Only one national cooperative agreement is expected, so NCDHHS would face winner-take-all competition from established national rural health TA organizations.",True,"Rural health value-based TA aligns with ORH and G1.O3; one-award national competition is the main risk, but ORH should review it.",[],True,True,lead,deepseek/deepseek-v4-pro,92b0344f579a,True
0731381f-f39a-4d8f-9f55-701eddc5273b,Occupational Safety and Health Training Project Grants (T03),open,ok,3.0,G4,G4.O4,"The grant funds training to build occupational safety and health workforce capacity, which loosely aligns with G4.O4's focus on supporting the public health workforce.",NIOSH also funds a limited number of non-academic TPGs to provide specialized training for target audiences and build or strengthen the Nation's OSH workforce capacity.,atypical,state_governments,none,2.0,"No NCDHHS division has occupational safety and health training authority; that function sits with the North Carolina Department of Labor, not NCDHHS.","The program is primarily designed for academic institutions and targets an occupational safety and health workforce area outside NCDHHS's divisions, so a state health department application would likely be uncompetitive and difficult to place.",False,"Occupational safety and health training belongs to the North Carolina Department of Labor, not NCDHHS; despite a loose workforce goal link, no division would own it.",[],True,True,atypical,deepseek/deepseek-v4-pro,92b0344f579a,True
5b1c2b70-6f77-40c5-8a01-f508bc98a0cf,Educational Funding Opportunity: Expanding education on skin lightening products (U01) Clinical Trials Not Allowed,forecast,ok,7.0,G1,G1.O3,"The grant funds community-based, health-equity-focused education and outreach about skin lightening product risks, which matches NCDHHS's objective to reduce health disparities through culturally competent communication.","education, outreach, and public awareness activities on the use of and potential risks from skin lightening products (e.g., hydroquinone)",lead,state_governments,DPH,7.0,"DPH houses public health education, environmental health, and local health department partnerships and could implement community-based outreach about the risks of consumer products.","The product-specific, FDA-led education focus may require specialized outreach partnerships and cooperative-agreement oversight that limit its fit with DPH's broader public health priorities.",True,Aligns with G1.O3 by funding community-based education and outreach on skin lightening product risks for minority communities; DPH could implement through health education and local partnerships.,[],True,True,lead,deepseek/deepseek-v4-pro,92b0344f579a,True
3f9ac6df-edb0-4f4e-8b2b-2270232ca82c,Direct-to-Consumer Distribution of HIV and other STI Self-Tests,forecast,ok,8.0,G1,G1.O3,"Funding direct-to-consumer HIV and STI self-tests reduces barriers to testing for communities with a high burden of HIV, advancing health access and disparity-reduction objectives under G1.O3.",provide at least 1.5 million HIV and other STI self-tests to communities with a high burden of HIV,ineligible,"nonprofits_non_higher_education_with_501c3, nonprofits_non_higher_education_without_501c3, private_institutions_of_higher_education, for_profit_organizations_other_than_small_businesses, public_and_state_institutions_of_higher_education",DPH,9.0,"DPH already manages HIV/STI prevention and surveillance and would be the natural owner, but the applicant-type limits appear to exclude state health departments.","State health departments are absent from the listed applicant types, making NCDHHS ineligible as a lead applicant despite the strong programmatic fit.",False,"Strong fit with DPH's HIV/STI prevention work, but CDC's applicant types exclude state health departments, so NCDHHS cannot apply as lead.",[],True,True,ineligible,deepseek/deepseek-v4-pro,92b0344f579a,True
74c7ed49-a225-421f-aaed-af3139bd4fb9,Eviction Protection Grant Program,forecast,ok,2.0,none,none,"Eviction prevention affects housing stability, a social determinant of health, but it does not directly advance any named NCDHHS strategic objective.","provide no cost legal assistance (including assistance related to pretrial activities, trial activities, post-trial activities and alternative dispute resolution) to low-income tenants at risk of or subject to eviction",lead,"local, state, or tribal agency or court",none,2.0,"No NCDHHS division has authority or existing expertise in civil legal aid or eviction defense, though health and human services staff could refer clients.","NCDHHS would be competing outside its core health and human services mission against specialized legal aid organizations, with no internal legal aid infrastructure.",False,"Funds eviction legal assistance, not NCDHHS health or human services programs; no division has housing legal aid authority, so poor fit despite state eligibility.",[],True,True,lead,deepseek/deepseek-v4-pro,92b0344f579a,True
bc779217-71de-48ea-af41-d39ac6437ab2,Conformance with the Egg Regulatory Program Standards,forecast,ok,2.0,none,none,"The grant funds state egg regulatory program conformance and shell-egg illness reduction, which is food-safety regulation rather than a named NCDHHS health-access, child/family, behavioral health, workforce, or operational objective.","reduce egg-related illness, attributed to shell egg hazards in facilities that produce, process, pack, hold or transport shell eggs and materials/supplies.",ineligible,Only the following state egg regulatory programs will be eligible to apply:,none,0.0,"No NCDHHS division regulates shell egg production, processing, packing, holding, or transport; that authority sits with the state agriculture or food regulatory agency rather than NCDHHS.","NCDHHS cannot apply directly because the funding is limited to state egg regulatory programs with FDA egg inspection contracts, so pursuit would depend on another state agency leading an application outside NCDHHS authority.",False,"This FDA cooperative agreement targets state egg regulatory programs, not NCDHHS divisions, so it has no realistic owner here and should not be pursued.","[""Only state egg regulatory programs are eligible; requires current FDA egg inspection contract or willingness to enter into a contract in 2025."", ""Requires a current long-term 20.88 information sharing agreement."", ""Expectation of full conformance with the Egg Regulatory Program Standards and maintenance of the cooperative agreement."", ""Full conformance of the ERPS expected within five total funding years."", ""One year of funding with additional non-competitive support contingent on performance and continued availability of federal funds.""]",True,True,ineligible,deepseek/deepseek-v4-pro,92b0344f579a,True
07b5ef08-35da-4934-94a6-389b5dd4e221,"Community Engagement Evaluation and Data Coordination (CEED) Hub to Advance Data and Practice Transformation for Optimizing Oral Health for All (U01, Clinical Trial Not Allowed)",open,ok,6.0,G1,G1.O2,"The hub funds data planning, analytics, and evaluation to track oral health disparities and promote data use, aligning with the Department's objective to use data and metrics to track health disparities and outcomes.",promoting data use and transformational community engagement to optimize oral health for all people,lead,state_governments,DPH,7.0,"DPH houses oral health, epidemiology, and data functions and could coordinate a community engagement and data hub with academic partners.","As a national NIH research coordination cooperative agreement, it may outmatch a state health department's research capacity and offer little direct funding for NCDHHS service delivery.",True,"Eligible state-government opportunity for DPH's oral health and data work, but it is a national research coordinating hub requiring academic partners; route for feasibility review.","[""Foreign components, as defined in the NIH Grants Policy Statement, are not allowed.""]",True,True,lead,deepseek/deepseek-v4-pro,92b0344f579a,True
10f4a697-e6a1-454a-bb73-74bc933f364a,"Emerging Infections Network - Research for Preventing, Detecting, and Managing Travel-associated Infectious Diseases",open,ok,5.0,G5,G5.O1,"The grant funds sentinel surveillance and actionable data for outbreak detection, supporting data-driven public health decision-making.",Timely surveillance and sentinel detection are essential for collecting actionable data.,lead,state_governments,DPH,9.0,"DPH already operates disease surveillance, epidemiology, public health preparedness, and laboratory services that could support a travel-associated infectious disease sentinel network.","The international travel focus may exceed DPH's routine state-level disease surveillance authority and require coordination with federal quarantine stations, airports, or academic partners.",True,"Strong fit for DPH disease surveillance and preparedness; CDC travel-focused sentinel network advances data-driven decision-making, though it is not squarely in NCDHHS strategic goals.","[""If your application for both Component A and B is ranked top, Component B will be awarded.""]",True,True,lead,deepseek/deepseek-v4-pro,92b0344f579a,True
22227ca0-7530-42d3-858a-473b82a81d80,Retail Food Safety Regulatory Association Collaboration,forecast,ok,3.0,none,none,"No NCDHHS strategic objective explicitly covers retail food safety or foodborne illness risk reduction, though the work is a core public health function.",reduce the occurrence of food-borne illness risk factors,ineligible,"Competition will be limited to non-profit national organizations affiliated with one or more institutions of higher learning whose membership includes state, local, tribal and territorial regulatory personnel whose primary duties include retail food safety",DPH,8.0,"DPH oversees environmental health and local health department food safety programs, so it could participate as a regulatory partner if a national organization invited it.","NCDHHS is not an eligible lead applicant, so the grant has value only if a national nonprofit selects NCDHHS as a partner or beneficiary.",False,"State agencies are not eligible lead applicants; no NCDHHS strategic objective directly matches retail food safety, so it is not worth pursuing as an applicant.","[""Lead applicant must be a non-profit national organization affiliated with an institution of higher learning; state agencies such as NCDHHS cannot apply as lead.""]",True,True,ineligible,deepseek/deepseek-v4-pro,92b0344f579a,True
5f45c3a4-a418-4723-948a-6643b32cba1a,Long-term health outcomes of people living with spina bifida,forecast,ok,8.0,G1,G1.O2,"The grant funds longitudinal data collection and analysis on health outcomes for people with spina bifida, which supports tracking disparities and outcomes for a population facing greater health challenges.",collect high-quality longitudinal data on children and adults with spina bifida (SB) who receive care in specialized spina bifida clinics participating in the National Spina Bifida Patient Registry (NSBPR),lead,state_governments,DPH,7.0,"DPH already conducts birth defects surveillance and epidemiology, so managing or coordinating spina bifida registry data is an extension of its existing role.","Success depends on recruiting and retaining specialized spina bifida clinics already participating in the NSBPR, which NCDHHS does not directly operate.",True,This CDC cooperative agreement funds spina bifida registry data to improve care; it fits DPH surveillance and health access data goals.,[],True,True,lead,deepseek/deepseek-v4-pro,92b0344f579a,True
661eb5ae-2b77-4338-ae39-4405de5c59b0,CDC National Centers of Excellence in Youth Violence Prevention (YVPCs): Rigorous Evaluation of Prevention Approaches to Prevent and Reduce Youth Violence,forecast,ok,5.0,G2,none,"The grant funds prevention of violence among youth aged 10 to 24 years, which advances the broad child and family safety and well-being goal under G2, though it does not map directly to a named objective.",expand the evidence base for the prevention of violence among youth aged 10 to 24 years,lead,state_governments,DPH,8.0,"DPH already houses injury and violence prevention and epidemiology functions, so it could coordinate the community-focused evaluation and partnerships, likely with academic collaborators.","This is an investigator-initiated research center grant, so without an academic research partner NCDHHS may struggle to compete and comply with the rigorous evaluation requirements.",True,Fits DPH injury and violence prevention and G2 child well-being; research-heavy center grant likely requires academic partners.,"[""The proposed YVPCs should focus activities on communities with rates of youth violence that are higher than the national average."", ""YVPCs should conduct a rigorous evaluation of at least two distinct violence prevention approaches."", ""These approaches must address at least two of the priority research areas specified in the funding announcement to reduce rates of youth violence in the selected communities."", ""establish a youth advisory council in each intervention community"", ""YVPCs should integrate training activities for early career researchers in youth violence prevention.""]",True,True,lead,deepseek/deepseek-v4-pro,92b0344f579a,True
f3ba2089-bbc7-4029-8b05-d6d11354d6db,GPD Grant Forecast,forecast,ok,3.0,G1,G1.O4,"The grant funds community-based organizations to provide supportive housing for homeless veterans, a vulnerable population, which aligns broadly with the Department's objective to invest in community-based partner capacity and reduce health access barriers.",provide transitional housing with wraparound supportive services to assist vulnerable Veterans move into permanent housing,atypical,state_governments,none,1.0,"No listed NCDHHS division operates VA-funded transitional housing for veterans, so the program would require new infrastructure rather than extending an existing function.","This is only a forecast, not an open notice of funding, and NCDHHS is not a traditional GPD provider, so staff effort could be spent on an opportunity the agency likely would not lead.",False,No open NOFO and no clear NCDHHS division; VA-funded veteran transitional housing is outside current agency programs.,[],True,True,atypical,deepseek/deepseek-v4-pro,92b0344f579a,True
8e1f564e-26b9-47d2-b838-486402d83eae,"HEAL Initiative: Integrative Management of chronic Pain and OUD for Whole Recovery (IMPOWR) - Building Engagement, Assistance, Capacity, Outreach, and Networks (BEACON) Center",forecast,ok,7.0,G3,G3.O4,"The center funds implementation research to scale integrated evidence-based care for OUD and chronic pain, directly supporting the Department's opioid and substance use crisis objective.",This initiative will test different implementation strategies and other approaches to address scalability and sustainability of evidence based practices for CP and OUD from a health system perspective.,partner,state_governments,DMHDDSUS,6.0,"DMHDDSUS oversees substance use and opioid services, but this is a research-coordination center rather than a direct services or implementation program.","This is only a forecast notice, not an open solicitation, and the U2C center award is a research-coordination mechanism likely to go to an academic institution rather than a state services agency.",False,NIH forecast for a research center on integrated chronic pain and OUD; aligns with DMHDDSUS opioid work but is not open and likely fits academic partners.,[],True,True,partner,deepseek/deepseek-v4-pro,92b0344f579a,True
b8957faa-5824-4b59-b18f-3b4a69501121,Accelerating Solutions to Improve Access and Quality of Empirically-Supported Practices for Youth Mental Health (R01 Clinical Trial Optional),open,ok,9.0,G2,G2.O1,"The grant directly funds research to improve access to evidence-based youth mental health services, which advances NCDHHS's objective of meeting the behavioral and mental health needs of children and families.","We seek applications that will study methods to increase access to evidence-based interventions and services for youth mental health, including those living in rural areas, inner cities, and other under-resourced areas, and youth experiencing housing and food insecurities and out-right homelessness.",lead,state_governments,DCFW,7.0,DCFW already oversees child behavioral health and school health programs and could manage this research grant with academic or community research partners.,"As an NIH R01 research mechanism, it does not fund direct service expansion and would require NCDHHS to have or build research administration capacity and an academic research partner.",True,"Strong strategic fit with child behavioral health; eligible state applicant, but would require research partner. Recommend review for DCFW.",[],True,True,lead,deepseek/deepseek-v4-pro,92b0344f579a,True
ea6d9f3d-6f68-4eb7-9afd-5000d2e3a3c8,"NIOSH Centers for Agriculture, Forestry, and Fishing Safety and Health (U54)",forecast,ok,4.0,G3,G3.O4,"The NOFO-funded centers address AgFF workers' elevated substance use disorder and suicide risk through research, education, training, and outreach, which partially advances NCDHHS's substance use crisis objective.","AgFF workers also face increased risk of poor mental health, death by suicide, and substance use disorder.",atypical,state_governments,ORH,3.0,ORH has farmworker health and rural access programs but lacks the occupational safety research infrastructure needed to lead a NIOSH center.,"This is a specialized research-center cooperative agreement likely aimed at academic occupational safety programs, so NCDHHS would face high scientific competition and may lack the infrastructure to lead successfully.",False,"Eligible but weak fit: AgFF mental health/substance use touches G3.O4, yet NIOSH research centers require occupational safety research capacity NCDHHS lacks.","[""Requires close collaboration with NIOSH AgFF program leadership, other AgFF Centers, and academic and community partners."", ""Expected to demonstrate significant, widespread, and sustained local and regional impact."", ""Emphasis on multidisciplinary intervention and implementation research.""]",True,True,atypical,deepseek/deepseek-v4-pro,92b0344f579a,True
c33f1e5e-0354-4976-adca-9aa7240778d3,"HEAL Initiative: Translating Addiction Epidemiology, Prevention, Treatment, and Recovery Research into Practice (R61/R33 - Clinical Trial Optional)",open,ok,9.0,G3,G3.O4,"This grant directly advances G3.O4 by funding action-oriented research to accelerate the translation of effective, evidence-based addiction prevention, treatment, and recovery interventions into routine practice.","The goal of this notice of funding opportunity (NOFO) is to address the opioid crisis and/or overdose events by supporting action-oriented research, accelerating the translation of addiction epidemiology, prevention, treatment services, and recovery research to practice.",lead,state_governments,DMHDDSUS,8.0,DMHDDSUS already coordinates North Carolina's opioid and substance use response and could administer a translational research grant with university or community research partners.,"This is a competitive NIH research mechanism, so NCDHHS would need strong research/evaluation capacity or an academic partner to be viable.",True,"Directly aligns with G3.O4 opioid/substance use efforts; DMHDDSUS could lead with research partners to translate evidence-based prevention, treatment, and recovery into practice.",[],True,True,lead,deepseek/deepseek-v4-pro,92b0344f579a,True
ac8b189e-988c-4dc5-a0cb-1dd7633bd640,"Animal Food Regulatory Program Standards Implementation Development and Maintenance, with Mutual Reliance Initiatives Clinical Trials Not Allowed",open,ok,1.0,none,none,"The grant funds state animal food safety program standards and foodborne illness prevention, which is public health protection but is not named in NCDHHS's strategic objectives.",This project will strengthen and improve FDA efforts to build an integrated food safety system by building high quality state animal food regulatory programs that can promote regulatory compliance and prevent foodborne illnesses.,ineligible,The eligibility for this opportunity is limited to State animal food safety programs meeting the following criteria:,none,0.0,"Animal food and feed regulatory authority in North Carolina sits with the Department of Agriculture and Consumer Services, not with any NCDHHS division.","NCDHHS likely cannot compete because the opportunity is limited to state animal food safety programs with existing FDA inspectional contracts and 20.88 agreements, which North Carolina operates through the Department of Agriculture and Consumer Services, not DHHS.",False,"Funds state animal food and feed regulatory programs, which North Carolina houses in the Department of Agriculture, not NCDHHS; no division has authority, so not a fit.","[""Applicants must maintain an FDA inspectional contract in good standing by completing all agreed upon inspectional work, audits, and associated compliance and regulatory activities."", ""Applicant organizations must have a valid 20.88 agreement with FDA prior to the time of application."", ""The contract must include performing comprehensive animal food inspections under 21 CFR Part 507 that is representative of the state's firm inventory and supports the FDA and state regulatory program in meeting a risk-based inspection frequency."", ""The contract should result in a minimum of 10% of the firm inventory regulated by the FDA being inspected for all applicable regulations.""]",True,True,ineligible,deepseek/deepseek-v4-pro,92b0344f579a,True
040e3cf3-0d44-4cfd-ac23-6b1d13c4d848,Infertility Training Center,forecast,ok,8.0,G2,G2.O4,"The grant funds training and technical assistance to help Title X clinics expand infertility testing, treatment, and referrals, which advances women's reproductive health and reproductive life planning.","expand and enhance root cause infertility testing, treatments, and referrals available within Title X-funded clinics",lead,Any public or private nonprofit entity is eligible to apply.,DPH,7.0,"DPH's existing family planning and Title X role provides relevant clinical and programmatic expertise, but creating and operating a national training center would be broader than its current direct-service work.","NCDHHS would need to stand up and operate a national training and technical assistance center, a competitive national role that may exceed current Title X direct-service capacity and may produce limited direct North Carolina service funding.",True,"Aligns with women's reproductive health and Title X family planning; DPH could lead, but national training center role is competitive and broader than direct service.","[""All activities funded under this NOFO must be in compliance with the Title X statute, as well as the program regulations and legislative mandates, as applicable.""]",True,True,lead,deepseek/deepseek-v4-pro,92b0344f579a,True
8b2ad75c-3341-42c5-806d-f468c9e3e28f,Teaching Health Center Graduate Medical Education (THCGME) Program,forecast,ok,8.0,G1,G1.O3,"This grant funds primary care residency training in community-based settings, directly expanding the rural and underserved primary care workforce that G1.O3 aims to support.",particularly in rural and medically vulnerable communities,ineligible,"Applicants must be community based, ambulatory patient care center that operates an accredited primary care residency program",none,0.0,"No NCDHHS division is an existing HRSA THCGME payment recipient or a community-based ambulatory patient care center, so this is outside the agency's direct authority.","The agency is not an eligible applicant, so NCDHHS could only support an external teaching health center partner rather than apply directly.",False,"Ineligible: HRSA limits applicants to existing community-based ambulatory patient care centers with accredited primary care residencies, not state agencies; despite rural primary care alignment, NCDHHS cannot apply.",[],True,True,ineligible,deepseek/deepseek-v4-pro,92b0344f579a,True
d9f9695f-bc11-49cb-a6ab-bebe8767c637,"Pilot Health Services and Economic Research on the Treatment of Drug, Alcohol, and Tobacco Use Disorders (R34 Clinical Trial Optional)",open,ok,9.0,G3,G3.O4,"This grant funds pilot research on treatments and services for drug, alcohol, and tobacco use disorders, which supports the evidence-based treatment strategies under G3.O4.",pilot and preliminary research in preparation for larger-scale services research effectiveness trials,lead,state_governments,DMHDDSUS,7.0,"DMHDDSUS oversees substance-use and opioid services and could lead or partner on a pilot services research study, though it may need research collaborators.","As an NIH R34 research grant, it funds feasibility and pilot studies rather than direct treatment expansion, and success depends on having research infrastructure and investigator capacity.",True,"Pilot research on substance-use disorder treatment services aligns with G3.O4 and DMHDDSUS priorities; state agencies are eligible, though it funds research rather than direct services.",[],True,True,lead,deepseek/deepseek-v4-pro,92b0344f579a,True
41024895-69ca-49fb-9312-128fc5316777,Improving Protection against Influenza and Other Respiratory Pathogens: the US Flu VE Network,forecast,ok,7.0,G1,G1.O2,"The grant funds respiratory pathogen surveillance and vaccine-effectiveness evidence, which would strengthen DPH's ability to track outcomes and use data to improve protection against influenza.",This network provides evidence needed to improve the effectiveness of influenza and other respiratory pathogen vaccines.,lead,state_governments,DPH,8.0,"DPH already leads immunization, disease surveillance, epidemiology, and public health laboratory work, so this CDC immunization research cooperative agreement is an extension of its core functions.","The network requires active enrollment and systematic respiratory pathogen testing of outpatients, which is clinical research infrastructure that may go beyond DPH's routine surveillance capacity.",True,CDC immunization research cooperative agreement aligned with DPH immunization and disease surveillance; generates vaccine-effectiveness evidence but requires clinical enrollment and lab capacity.,"[""You are required to apply for either Component A (VE and correlates of protection) or B (Coordination and surge capacity) but not both."", ""Funding instrument: cooperative_agreement""]",True,True,lead,deepseek/deepseek-v4-pro,92b0344f579a,True
fc3aee16-137d-4fb2-87db-2664499e7c5b,Teaching Health Center Graduate Medical Education (THCGME) Program,forecast,ok,8.0,G1,G1.O3,"THCGME supports primary care residency training in community-based settings, preparing residents for rural and medically underserved communities, which directly advances efforts to strengthen rural and underserved primary care.","prepare residents to provide high-quality care, particularly in rural and medically underserved communities",ineligible,"An eligible entity is a community-based ambulatory patient care center that operates an accredited primary care residency program, individually or through a graduate medical education (GME) consortium.",ORH,4.0,"ORH supports rural primary care and safety-net clinics, but it is not an eligible community-based ambulatory care center and does not operate accredited residency programs.","NCDHHS is not among the eligible community-based ambulatory care centers, so a state agency cannot apply for or directly receive this funding.",False,"Strongly aligns with rural primary care access (G1.O3), but NCDHHS is not an eligible community-based ambulatory care center and cannot apply.",[],True,True,ineligible,deepseek/deepseek-v4-pro,92b0344f579a,True
fedda8fc-2bb6-4237-b981-8cf04bfeedc5,Preventing Suicide and Interpersonal Violence Among Youth and Young Adults,forecast,ok,8.0,G3,G3.O3,"The grant funds evaluation of primary prevention approaches to reduce suicide among youth, which directly supports NCDHHS's suicide prevention objective under behavioral health crisis services.",evaluate primary prevention-focused approaches to reduce suicide and interpersonal violence among youth and young adults (ages 10 to 24 years).,lead,state_governments,DMHDDSUS,7.0,"DMHDDSUS already leads suicide prevention and crisis services, but this is an investigator-initiated research grant requiring evaluation research capacity.","The grant supports evaluation research rather than direct program implementation, so NCDHHS would need research/evaluation infrastructure or an academic partner to compete.",True,"CDC research grant to evaluate youth suicide prevention approaches; fits DMHDDSUS suicide prevention and crisis work, though it funds evaluation rather than services.",[],True,True,lead,deepseek/deepseek-v4-pro,92b0344f579a,True
17160b34-7d47-45a6-8d0c-f3eacd3a07db,Health and Extreme Weather Research Coordination and Data Center (U2C - Clinical Trial Not Allowed),forecast,ok,7.0,G5,G5.O1,"The data component would develop data infrastructure and training for sharing and linking health and environmental data, directly supporting NCDHHS's data infrastructure and data skills objective.",The data component will develop resources and infrastructure to facilitate access to and use of health and environmental data by the HEW CoP.,atypical,state_governments,DPH,4.0,"DPH has environmental health and epidemiology duties, but a national NIH research coordination and data center is outside its usual service delivery and would require academic research data-center partners.","This is a national research infrastructure cooperative agreement likely to attract large academic data-center applicants, so NCDHHS would be hard-pressed to lead and the direct value to state health programs is indirect.",False,"DPH's environmental health data work aligns with G5.O1, but this national NIH research coordination center is likely university-led and offers little direct state benefit.","[""The U2C is a cooperative agreement that requires substantial federal programmatic staff involvement."", ""The coordinating and data components will be required to work in close partnership with each other""]",True,True,atypical,deepseek/deepseek-v4-pro,92b0344f579a,True
9f506d94-0ad4-4b56-998d-4ddb82ce92b9,Cooperative Agreement to Support Effective Dissemination of Clinical Practice Guidelines,forecast,ok,5.0,G1,G1.O1,The project's explicit focus on equity in clinical guideline dissemination supports G1.O1's goal of building structures to reduce health disparities and increase health access.,"To support dissemination of clinical practice guidelines, particularly those whose development was previously supported by FDA cooperative agreements.",lead,state_governments,DPH,5.0,"DPH could manage dissemination of clinical guidance through its clinical and health-equity programs, but this FDA guideline-specific work is outside its core public health functions.",The grant targets dissemination of guidelines previously supported by FDA cooperative agreements; NCDHHS may not have such products or established clinical specialty networks.,False,"FDA clinical-guideline dissemination is a moderate equity fit for DPH, but NCDHHS likely lacks FDA-supported guidelines and clinical networks to be competitive.",[],True,True,lead,deepseek/deepseek-v4-pro,92b0344f579a,True
1c40eecf-764a-4c6f-ad1b-3d12cc9e43d0,Leading Edge Acceleration Projects for Health IT (LEAP),forecast,ok,8.0,G5,G5.O1,"The grant funds development and advancement of interoperable health IT and standards, which directly supports the Department's objective to strengthen data infrastructure and integration for data-driven decision-making.","address well-documented and fast emerging challenges inhibiting the development, use, and/or advancement of well-designed, interoperable health IT, which is scalable across the health care industry.",lead,units oflocal or state government,OSEC,8.0,OSEC oversees department-wide data and IT and is the natural home for a health IT standards and interoperability project spanning multiple divisions.,"The FY23 funding focus will be released later through a Special Emphasis Notice, so the actual project priorities and fit are not yet known.",True,"LEAP funds interoperable health IT and standards, aligning with NCDHHS's data infrastructure objective; OSEC could pursue it, though FY23 priorities await a Special Emphasis Notice.","[""For-profit organizations may participate in projects as members of a consortia or as a sub-recipient only.""]",True,True,lead,deepseek/deepseek-v4-pro,92b0344f579a,True
2f432d16-a0c0-4144-9ec0-d79c6a65fc4d,Rigorously Evaluating Approaches to Prevent Child Sexual Abuse and Problematic Sexual Behavior among Youth,forecast,ok,8.0,G2,G2.O2,"The grant funds rigorous evaluation of child sexual abuse and problematic sexual behavior prevention programs and policies in youth-serving organizations, including group foster care, directly supporting child welfare safety and well-being.",rigorously evaluate programs and policies for their impact on primary prevention of child sexual abuse (CSA) or problematic sexual behavior (PSB) among youth,lead,state_governments,DSS,7.0,"DSS oversees child welfare and foster care and can partner with researchers to evaluate prevention policies in youth-serving settings, though it is not primarily a research division.","It is an investigator-initiated research grant rather than direct service funding, so it cannot pay for child welfare services and requires substantial evaluation and research capacity.",True,"CDC research grant to evaluate prevention of child sexual abuse and problematic sexual behavior aligns with DSS child welfare safety and foster care, but is research, not direct services.",[],True,True,lead,deepseek/deepseek-v4-pro,92b0344f579a,True
cacb4ffa-0f3a-4794-8df6-0af933d88f0c,Research Grants to Rigorously Evaluate Innovative and Promising Approaches to Prevent Firearm-Related Violence and Injuries,forecast,ok,6.0,G3,G3.O3,"The grant funds rigorous evaluation of approaches to prevent firearm-related suicides and self-harm, which can inform suicide prevention strategies in the behavioral health crisis system.",Firearm-related suicides and self-harm,lead,state_governments,DPH,7.0,"DPH oversees injury and violence prevention and epidemiology, so it could manage a CDC-funded firearm injury prevention research project.","The grant supports evaluation research rather than direct services, and NCDHHS may lack a dedicated firearm injury research team, limiting near-term program value.",True,CDC research funding for firearm injury prevention fits DPH's injury and violence prevention role; moderate alignment with suicide prevention and evaluation capacity.,[],True,True,lead,deepseek/deepseek-v4-pro,92b0344f579a,True
1c7b3701-9028-4d4f-8c74-e9f1aa1b2194,Food Safety Capacity and Infrastructure Building (U2F),forecast,ok,5.0,G5,G5.O1,"The grant funds information-sharing and research tools that support data infrastructure and data-driven decision-making for food safety, which aligns broadly with G5.O1 but is not a named NCDHHS food safety objective.","support the development, support, and promotion of innovative information sharing and research tools hosted on the Integrated Food Safety System (IFSS) collaboration/research portal",ineligible,Only current recipients under RFA-FD-20-023 are eligible to apply for this funding opportunity.,DPH,6.0,"DPH is the state public health division with environmental health and food safety responsibilities and would be the natural owner, though the portal-specific scope is narrower than its usual regulatory work.","NCDHHS is likely ineligible unless it is already a current recipient under RFA-FD-20-023, making this grant unwinnable for most applicants.",False,"Only current recipients under RFA-FD-20-023 may apply; unless NCDHHS holds that award, this is not an opportunity, and food-safety portal work is only a loose data-infrastructure fit.","[""Only current recipients under RFA-FD-20-023 are eligible to apply.""]",True,True,ineligible,deepseek/deepseek-v4-pro,92b0344f579a,True
188aac01-0056-4dd0-9bde-54cf6ddf113c,Radiation Exposure Screening and Education Program,forecast,ok,5.0,G1,G1.O1,"The grant funds screening and education for radiation-exposed people, a higher-risk population, supporting health access and disparity reduction under Goal 1.",This program supports organizations to screen and educate people exposed to radiation related to the mining of uranium and U.S. testing of nuclear weapons.,lead,state_governments,DPH,5.0,"DPH's environmental health and epidemiology role could house a radiation-exposure screening and education program, though it is a specialized and likely new activity.","North Carolina may not be a RECA state, so NCDHHS may lack a local eligible target population and would need to justify or establish out-of-state service delivery.",False,"Targets populations in Radiation Exposure Compensation Act states; North Carolina may not be covered, limiting fit despite DPH's public health relevance.","[""Must target populations located in the states cited in the Radiation Exposure Compensation Act.""]",True,True,lead,deepseek/deepseek-v4-pro,92b0344f579a,True
1352d10d-0bd9-4288-8c31-d540b962174b,Navigator Emergency Department Diversion Models for Non-Urgent Mental Health Concerns (R34 Clinical Trial Required),open,ok,7.0,G3,G3.O1,"The grant would build evidence on family navigation models that divert non-urgent mental health concerns from emergency departments into mental health services, supporting integrated behavioral health access under G3.O1.","build research about the effectiveness, implementation, and optimization of family navigation ED diversion models for non-urgent mental health problems",atypical,state_governments,DMHDDSUS,5.0,"DMHDDSUS has authority over public mental health and crisis systems, but it does not routinely lead NIH clinical trials and would need a strong research partner to execute this grant.","This is an NIH R34 research planning grant rather than a service implementation award, so NCDHHS would need substantial research infrastructure and an academic partner to compete, and it may not directly fund current mental health services.",False,"Directly relevant to mental health access, but it is an NIH clinical-trial research grant; NCDHHS would likely be a research partner, not a service funder, so low priority.","[""Clinical Trial Required""]",True,True,atypical,deepseek/deepseek-v4-pro,92b0344f579a,True
9ea57cf9-811c-4b26-9d18-fc27169861e7,"Development and Testing of Novel Interventions to Improve HIV Prevention, Treatment, and Program Implementation for People Who Use Substances (R34 Clinical Trial Required)",open,ok,7.0,G1,G1.O3,"The grant funds development and pilot-testing of interventions to improve HIV prevention and treatment services for people who use drugs, a population that faces significant barriers to health services.","novel or adapted interventions that target HIV prevention, treatment or services research for people who use drugs",lead,state_governments,DPH,7.0,"DPH has the disease prevention, HIV, and epidemiology role to lead or support intervention research aimed at improving HIV prevention and treatment, likely in partnership with academic or community researchers.","As an NIH R34 clinical trial required, this grant supports intervention development and pilot research, not direct program funding, and would require research infrastructure and human subjects protections that may be outside DPH's routine program operations.",True,"This aligns with NCDHHS HIV prevention and health access goals for people who use substances, but it is a research grant requiring DPH research capacity and likely academic partners.",[],True,True,lead,deepseek/deepseek-v4-pro,92b0344f579a,True
106cd2d3-4fa8-4b20-a519-4eed2b256b3c,NIH Pragmatic Trials Conducted in Health Care Systems,forecast,ok,5.0,G1,G1.O3,"The grant supports pragmatic and implementation trials in routine clinical care in settings such as public health clinics and federally qualified health centers, which could test interventions that mitigate access barriers in rural and underserved primary care.",support large-scale pragmatic trials that test intervention effectiveness in routine clinical care and/or implementation trials that evaluate strategies for delivering interventions within health care settings.,atypical,state_governments,DPH,4.0,"DPH has public health surveillance and chronic disease expertise and can partner with local health departments, but large NIH clinical and implementation trials are outside its core service delivery role.",Applications are not being solicited at this time and the broad research focus would require substantial trial infrastructure and academic partners to be competitive.,False,Broad NIH research notice not currently soliciting applications; weak direct fit with NCDHHS service objectives and unclear operational owner.,[],True,True,atypical,deepseek/deepseek-v4-pro,92b0344f579a,True
9dc7dc74-19eb-4f04-b102-c914542f74d1,Notice of Intent to Publish a Request for Concept Notes Announcement on Capacity Development for the Reception & Placement Program,forecast,ok,2.0,G1,G1.O4,"The grant funds capacity development for community partners serving a vulnerable population, which loosely aligns with NCDHHS's objective to invest in partner capacity, though it is not health-specific.",fund specialized technical assistance projects to develop and expand the capacity of existing and new partners,ineligible,"nonprofits_non_higher_education_with_501c3, nonprofits_non_higher_education_without_501c3",none,0.0,Refugee reception and placement is a federal-nonprofit resettlement function outside the listed NCDHHS divisions and their health and human services authorities.,"NCDHHS is not an eligible applicant type, so it could only participate as a partner in a nonprofit-led consortium, with no clear state role or funding path.",False,Nonprofit-only refugee resettlement capacity grant outside NCDHHS's divisions; the state agency is ineligible to apply.,[],True,True,ineligible,deepseek/deepseek-v4-pro,92b0344f579a,True
ef298045-f662-4326-a5c5-025120ed6447,Notice of Intent to Publish a Forecast for EmbraceHealth Clinical Research Network to Reduce Health Disparities – Research Sites,forecast,ok,9.0,G1,G1.O3,"The grant directly funds research to develop and test strategies that address health care disparities in primary and subspecialty care, supporting NCDHHS's objective to mitigate barriers to health services for underserved populations.",Creating and testing strategies to address health care disparities in primary and/or subspecialty care,lead,state_governments,DPH,7.0,"DPH already manages chronic disease, epidemiology, and health disparities efforts and partners with local health departments, but this NIH cooperative agreement would require building clinical research and EHR data-sharing capacity with health system or academic partners.",This is a forecast notice for a cooperative agreement that demands clinical research infrastructure and EHR data harmonization; NCDHHS likely cannot compete without committed academic or health system partners.,True,"Strong fit with G1.O3; state governments are eligible and the forecast allows time to build partnerships, but it requires clinical research capacity beyond DPH's core operations.","[""Must recruit and enroll clinicians for health services and clinical research"", ""Must harmonize electronic health record data across systems"", ""Must collaborate with other Network sites and the Coordinating Center and transfer deidentified data to a central repository""]",True,True,lead,deepseek/deepseek-v4-pro,92b0344f579a,True
bdea7396-f052-4c3f-89a5-4677d3f2339a,HEAL Initiative: Integrative Management of Chronic Pain and Opioid Use Disorder (OUD) for Whole Recovery: Health Systems,forecast,ok,8.0,G3,G3.O1,"The NOFO funds health systems research to integrate opioid use disorder treatment with chronic pain care, directly supporting NCDHHS's objective of integrating behavioral and physical health care.",The current NOFO will develop strategies to address barriers to the sustainable and effective delivery of integrated OUD/pain care at the health systems level.,lead,state_governments,DMHDDSUS,6.0,"DMHDDSUS oversees substance use/OUD services and integrated care policy, so it is the logical owner, but an RM1 research project would likely require academic or health system research partners to execute well.","This posting is a notice of intent to publish, not an active solicitation; applications are not being solicited at this time, so there is no near-term proposal to develop unless and until the NOFO is issued.",False,"NIH notice only; applications not yet solicited. If published, aligns with DMHDDSUS opioid and integrated care work but needs research partners.",[],True,True,lead,deepseek/deepseek-v4-pro,92b0344f579a,True
a7d90b10-6b93-44b3-b848-78bede8db2f0,NIOSH National Center of Excellence for the Prevention of Childhood Agricultural Injury (U54),forecast,ok,4.0,G1,G1.O2,"The center would improve collection and analysis of injury and illness data for agricultural youth, helping track health disparities and outcomes for a population with greater health challenges.","Improve the collection and analysis of injury, illness, and fatality data for youth working and living in AgFF environments.",atypical,state_governments,DPH,4.0,"DPH houses epidemiology and injury/illness surveillance, but leading a national NIOSH research center would require academic occupational safety research partners beyond its usual role.","A single national center is likely to be awarded to an established agricultural safety research institution, and NCDHHS would need significant research capacity and partnerships to be competitive.",False,"Relevant childhood agricultural injury data aligns with health-disparity data goals, but a national NIOSH research center is outside typical NCDHHS service role and likely better led by a university.","[""Cooperative agreement with substantial federal involvement"", ""Must maintain capacity for national-scope research, implementation, dissemination, and related activities""]",True,True,atypical,deepseek/deepseek-v4-pro,92b0344f579a,True
dd11fec8-7502-4ea4-b1c4-d2cfd69cd517,"Advancing Screening, Diagnosis, and Referral for Late Talking Children",forecast,ok,6.0,G2,none,"The grant funds research to improve early identification and referral of late-talking children, helping families access supports, which aligns with G2's focus on child and family well-being, though no specific objective names early language intervention.","The overarching purpose of this funding opportunity is to inform, develop, and evaluate evidence-based practices and implementation strategies to (1) effectively and efficiently identify early signs of late talking and (2) successfully guide parents, caregivers, and professionals in supporting the needs of late talking children at the first point of concern.",lead,state_governments,DCDEE,6.0,"DCDEE's early childhood development and early education role makes it the closest division to host this work, though it would likely need a research partner to lead an NIH clinical research grant.","This is an NIH research grant rather than a service delivery grant, so NCDHHS would need substantial research capacity or an academic partner to compete successfully.",True,"Fits NCDHHS child and family well-being and DCDEE’s early childhood development role by improving early identification and referral for late-talking children, though it is an NIH research opportunity.","[""Community partnerships and community engaged research approaches will be a key requirement for this opportunity.""]",True,True,lead,deepseek/deepseek-v4-pro,92b0344f579a,True
3373f830-2c05-4b96-b486-14282c4787f1,"Interventions to expand cancer screening and preventive services to ADVANCE health in populations that experience health disparities (R01, Clinical Trial Required)",open,ok,8.0,G1,G1.O3,"The grant funds interventions that address barriers to cancer screening and preventive services in populations experiencing health disparities, directly aligning with efforts to mitigate barriers to health services.",Interventions to expand cancer screening and preventive services to ADVANCE health in populations that experience health disparities,lead,state_governments,DPH,7.0,"DPH already oversees chronic disease prevention, epidemiology, and local health partnerships, making it the most natural owner for cancer screening and health disparity interventions.","This is an NIH R01 research mechanism requiring a clinical trial, which demands substantial research and trial infrastructure that NCDHHS may not currently have and favors academic applicants.",True,"Aligns with G1.O3 by funding interventions to reduce cancer screening barriers in disparity populations; DPH could lead or partner, but the clinical-trial R01 requires research capacity.","[""Clinical Trial Required"", ""Interventions should address barriers and facilitators at two or more of the following levels: patient, clinician, healthcare setting, and neighborhood/community"", ""Interventions should include screening, preventive services, or other healthcare processes, including timely follow-up of abnormal findings, and referral to accessible care""]",True,True,lead,deepseek/deepseek-v4-pro,92b0344f579a,True
d2c68406-e847-4502-8fce-0eb66ca5baab,Innovative Pilot Mental Health Services Research Not Involving Clinical Trials (R34 Clinical Trial Not Allowed),open,ok,5.0,G3,none,"This pilot mental health services research grant fits under Goal 3 because it can build evidence for the coordinated mental health services system NCDHHS supports, though it does not name a specific objective.",The purpose of this Notice of Funding Announcement (NOFO) is to encourage pilot research that is not an immediate precursor to testing a service intervention but is consistent with NIMH priorities for services research.,lead,state_governments,DMHDDSUS,5.0,"DMHDDSUS already manages mental health services and crisis/behavioral health programs, but this NIH pilot research mechanism would likely require an academic or research partner.","The R34 is a pilot research mechanism, not a service implementation award, and NCDHHS would likely need a research partner to compete.",True,"Aligns with Goal 3 by funding mental health services research; DMHDDSUS could lead with a research partner, though it is not direct service funding.",[],True,True,lead,deepseek/deepseek-v4-pro,92b0344f579a,True
6899b4bb-0139-4408-9a57-42898c940ebd,Retail Food Safety Regulatory Association Collaboration CAP,forecast,ok,3.0,none,none,Reducing foodborne illness supports public health protection but does not map directly to a named NCDHHS strategic objective.,The intended outcome of this NOFO is to collaboratively advance retail food safety initiatives to reduce food-borne illness.,ineligible,"Competition will be limited to non-profit national organizations affiliated with one or more institutions of higher learning whose membership includes state, local, tribal and territorial regulatory personnel whose primary duties include retail food safety",DPH,5.0,"DPH covers environmental health and local health department food safety programs, but the state cannot serve as the lead applicant under this cooperative agreement.","NCDHHS is not eligible to apply, so the Department would need to participate only as a partner under an eligible non-profit lead, if at all.",False,"NCDHHS is not eligible to apply; the award is limited to non-profit national retail food safety associations, so there is no lead role for the Department.","[""Eligibility is limited to non-profit national organizations affiliated with one or more institutions of higher learning""]",True,True,ineligible,deepseek/deepseek-v4-pro,92b0344f579a,True
99c292e3-156e-4e6c-9eab-09f1cec4ebe1,Navigator Emergency Department Diversion Models for Non-Urgent Mental Health Concerns (R01 Clinical Trial Required),open,ok,8.0,G3,G3.O3,"This funds research on navigation models that triage mental health acuity and link families to mental health services, directly building the evidence base for NCDHHS's behavioral health referral and access work under G3.O3.","The purpose of this NOFO is to build research about the effectiveness, implementation, and optimization of family navigation ED diversion models for non-urgent mental health problems.",lead,state_governments,DMHDDSUS,5.0,"DMHDDSUS oversees mental health and crisis/referral services, so the topic fits, but an R01 clinical trial is research-focused and would require academic and data infrastructure beyond its usual service operations.","The grant only funds research and development of evidence, not service delivery; NCDHHS may not have the research infrastructure to lead an NIH R01 clinical trial without university partners.",True,"Aligns with G3.O3 mental health referral and diversion, but NIH R01 research would likely require academic partners.","[""Clinical Trial Required""]",True,True,lead,deepseek/deepseek-v4-pro,92b0344f579a,True
ce0af039-93ef-4a21-879f-9ac3aca06b0d,REACHing Communities (REACH) Consortium (U01) Clinical Trials Optional,forecast,ok,9.0,G1,G1.O1,"The grant directly funds minority health and health equity research, outreach, communications, and training, which advances NCDHHS's goal of reducing health disparities and building capacity for health access.","strengthen and advance minority health and health equity focused research, outreach, and communications as well as support training and mentoring of diverse students, fellows, and/or researchers.",lead,state_governments,DPH,7.0,"DPH's public health, epidemiology, health equity, and community outreach portfolio is the closest fit for leading a minority health equity research and training consortium.","FDA research consortium may demand clinical or regulatory research expertise and consortium coordination that NCDHHS divisions do not routinely have, with benefits mostly in research capacity rather than direct services.",True,FDA health equity research and training consortium fits Goal 1 reducing health disparities; DPH could lead with research and community partners.,"[""Cooperative agreement (U01) structure requires coordination across a multi-recipient consortium.""]",True,True,lead,deepseek/deepseek-v4-pro,92b0344f579a,True
8b031432-4455-4e66-9a51-ec41e8d6fa09,Clinical and Translational Science Award (UM1 Clinical Trial Optional),open,ok,5.0,G1,G1.O1,"The grant's explicit focus on addressing health disparities and delivering translational science benefits to all aligns with NCDHHS's goal of building structures to reduce health disparities, though it is a research consortium rather than direct service delivery.",address health disparities and deliver the benefits of translational science to all,atypical,state_governments,none,3.0,NCDHHS divisions do not operate an NIH-funded clinical and translational science hub; this is primarily academic medical center research infrastructure.,"A competitive CTSA hub requires clinical research infrastructure and institutional partnerships that NCDHHS does not own, so an application led by the department would likely be noncompetitive.",False,Mentions health disparities but is an NIH academic clinical/translational research hub; NCDHHS lacks the research infrastructure to lead it competitively.,[],True,True,atypical,deepseek/deepseek-v4-pro,92b0344f579a,True
56d667b4-9531-44e3-a344-62763b27c1cf,World Trade Center Youth Research Coordinating Center (U54),forecast,ok,4.0,G5,G5.O1,"The grant funds creation of a longitudinal research cohort and IT/data management core, which aligns with G5.O1's emphasis on building data infrastructure for evidence-based decisions.",Information Technology (IT) and Data Management.,lead,state_governments,DPH,3.0,"DPH has epidemiology, environmental health, and data-management capacity, but it does not operate WTC-specific cohorts or have access to the 9/11-exposed youth population.","The grant requires building and maintaining a specialized national WTC 9/11 youth cohort, an area where NCDHHS has no existing WTC Health Program relationships or direct access to the affected population.",False,Highly specialized WTC 9/11 youth cohort research has weak tie to NCDHHS goals and would be hard for a state health department to lead; not worth pursuing.,[],True,True,lead,deepseek/deepseek-v4-pro,92b0344f579a,True
f5a53385-ab1a-4996-b573-541150843d0b,Military and Civilian Partnership for Trauma Readiness Grant Program/Mission Zero,forecast,ok,2.0,none,none,"The grant funds hospital-based trauma readiness through military-civilian partnerships, which is not a named NCDHHS strategic objective.",Military and Civilian Partnership for Trauma Readiness Grant Program/Mission Zero,ineligible,Hospitals,none,0.0,"No NCDHHS division operates or directly funds high-acuity trauma centers, and the agency is not an eligible applicant type.","NCDHHS is not an eligible applicant, so there is likely no state application path to pursue.",False,"NCDHHS is not eligible; grant funds hospital trauma centers through military-civilian partnerships, so no state application path.","[""Limited to no more than 30 eligible high-acuity trauma centers"", ""Requires military-civilian partnership with military trauma teams or military trauma care providers""]",True,False,ineligible,deepseek/deepseek-v4-pro,92b0344f579a,True
3a152e00-fe8e-4e29-b30e-efc659bb83dd,Intervention Research to Improve Native American Health,forecast,ok,7.0,G3,G3.O4,"The grant supports intervention research on treatment and recovery, which aligns with NCDHHS's objective to expand evidence-based responses to substance use.","Studies that develop, adapt, or test interventions for health promotion, disease prevention, treatment, or recovery",lead,state_governments,DMHDDSUS,5.0,"DMHDDSUS oversees substance use and opioid services and could manage a research grant with academic and tribal partners, though it is not primarily a research division.","As an NIH research grant, it requires strong research infrastructure, competing academic/tribal partners, and may produce knowledge rather than direct service funding.",True,"Aligns with G3.O4 by funding intervention research on addiction treatment and recovery; NCDHHS could partner with tribes and researchers, though it is research rather than direct services.",[],True,True,lead,deepseek/deepseek-v4-pro,92b0344f579a,True
92d5dca4-b6e9-4c88-9e9d-9b6a6b32d029,Innovative Mental Health Services Research Not Involving Clinical Trials (R01 Clinical Trials Not Allowed),open,ok,7.0,G3,G3.O1,The grant funds mental health services research that would generate evidence to improve service delivery and support integrated behavioral health care models under G3.O1.,"encourage innovative research that will inform and support the delivery of high-quality, continuously improving mental health services",lead,state_governments,DMHDDSUS,6.0,"DMHDDSUS holds the mental health services mission and data, but would likely need an academic research partner to manage an NIH R01.","As an NIH R01, it is highly competitive research and NCDHHS may lack the investigator and grants-management capacity to lead without a university partner.",True,"Strong behavioral-health alignment: NIH R01 mental health services research can build evidence for DMHDDSUS service models, though it requires research partnership.",[],True,True,lead,deepseek/deepseek-v4-pro,92b0344f579a,True
830a45d7-9fd9-4000-bef1-4ec4e813664b,Cancer Prevention and Control Clinical Trials Planning Grant Program (U34 Clinical Trials Optional),open,ok,6.0,G1,G1.O3,"The grant funds planning for cancer prevention and control clinical trials, including screening and early detection, which connects to reducing health access barriers and disparities.","The purpose of this NOFO is to facilitate well planned clinical trials across the cancer prevention and control spectrum aimed at improving prevention/ interception, cancer-related health behaviors, screening, early detection, healthcare delivery, management of treatment-related symptoms, supportive care, and the long-term outcomes of cancer survivors.",lead,state_governments,DPH,5.0,"DPH runs cancer prevention and screening programs, but planning clinical trials would likely require academic or clinical research partners beyond its usual public health operations.","This is a research planning grant for future clinical trials, not direct service delivery, so NCDHHS would need clinical research capacity or strong academic partners to use it well.",True,"Eligible and relevant to DPH cancer prevention and screening, but it is a research planning grant requiring academic partners; route to DPH for feasibility assessment.",[],True,True,lead,deepseek/deepseek-v4-pro,92b0344f579a,True
342ab033-520e-4cf7-9f23-f823535044de,Forecast to Publish a Notice of Funding Opportunity Announcement for Addressing Determinants of Health Disparities Among Rural Populations (R01 - Clinical Trial Optional),forecast,ok,8.0,G1,G1.O3,"The forecast supports research on rural health disparities, including technology adaptation and community-integrated care models, which directly advances the Department's objective to mitigate barriers to rural and underserved health access.","Adaptation of technologies (e.g., virtual care, remote monitoring) to address access to healthcare resources in rural areas.",lead,state_governments,ORH,7.0,"ORH already focuses on rural and underserved primary care, rural hospitals, and farmworker health, so this rural health-disparities research is an extension of its existing mission, though it would likely need research partners.","This is a forecast for an R01 research grant, which is highly competitive and investigator-driven; NCDHHS would likely need a university research partner and may struggle to be competitive as the lead applicant.",True,"Rural health-disparities research fits G1.O3 and ORH's mission; NCDHHS is eligible but likely needs an academic partner, so review for partnership.",[],True,True,lead,deepseek/deepseek-v4-pro,92b0344f579a,True
b18997d8-b1fd-4f6c-95cb-7e7b60dde1fe,"Screening, Brief Intervention and Referral to Treatment or Prevention (SBIRT/P) for alcohol, tobacco, and other drugs (ATOD) use and misuse in adult populations that experience health disparities (R01, Clinical Trial Required)",open,ok,8.0,G3,G3.O4,"Funds testing of SBIRT/P for ATOD use and misuse in populations experiencing health disparities, an evidence-based substance use intervention aligned with NCDHHS's substance use crisis objective.","test innovative approaches to implementing SBIRT/P for alcohol, tobacco, and other drugs (ATOD) use and misuse in adult populations that experience health disparities",lead,state_governments,DMHDDSUS,6.0,"DMHDDSUS manages state substance use prevention and treatment services and could administer an SBIRT/P implementation research grant, though clinical trial work would require research partners.","NIH R01 clinical trial funds research rather than direct services and requires clinical research infrastructure that NCDHHS may not have, making it less valuable as a programmatic award.",True,"Directly aligns with DMHDDSUS substance use objectives, but as an NIH clinical trial it may be better pursued with research partners than as direct service funding.","[""Clinical Trial Required"", ""Should leverage collaborations with healthcare and community partners""]",True,True,lead,deepseek/deepseek-v4-pro,92b0344f579a,True
01106fd9-4d85-4669-ae46-0b48b0c9e5f4,Cold Chain Grants for Emergency Food Assistance,open,ok,7.0,G2,G2.O3,"The grant funds cold storage infrastructure for organizations that provide emergency nutrition assistance to low-income people, which advances food security for children and families.","These equipment investments will be made through subawards to food banks, faith-based organizations, and other public or private nonprofit organizations that provide nutrition assistance, such as prepared meals or food for use at home, to people with low-income or challenging financial circumstances.",ineligible,nonprofits_non_higher_education_with_501c3,none,0.0,"The eligible applicant type is limited to 501(c)(3) nonprofit organizations, so no NCDHHS division can serve as the lead applicant or recipient under this grant.","NCDHHS is not an eligible applicant, so the agency would only benefit indirectly if a North Carolina nonprofit applied and chose to partner with the Department.",False,"Aligned with G2.O3 food security, but NCDHHS cannot apply because eligible applicants are limited to 501(c)(3) nonprofits.",[],True,True,ineligible,deepseek/deepseek-v4-pro,92b0344f579a,True
35f5f5a6-5da9-4f20-89c8-b441cfca578b,Leadership Education in Adolescent Health (LEAH),forecast,ok,3.0,G4,G4.O4,"The program funds graduate training for health professionals, which is broadly workforce-related but does not directly fund NCDHHS's named state or local public health and child welfare workforce strategies.",The LEAH program trains health care professionals who can address chronic disease prevention in adolescents and young adults.,ineligible,Domestic* non-profit private institutions of higher education are eligible to apply.,none,1.0,The agency is not an institution of higher education and no NCDHHS division runs graduate medical education programs.,"NCDHHS is not eligible to apply because the grant is limited to academic institutions, so the agency could not receive or directly administer the funds.",False,"NCDHHS is not eligible: LEAH funds academic graduate training programs, not state agencies, so this grant is not a fit.",[],True,True,ineligible,deepseek/deepseek-v4-pro,92b0344f579a,True
e56b9ac3-476c-4951-a799-942e6d6b75cd,Population Approaches to Reducing Alcohol-related Cancer Risk (R01 Clinical Trial Optional),open,ok,6.0,G3,G3.O4,"The grant funds population-level alcohol policy and intervention research to reduce alcohol-related cancer risk, which advances NCDHHS's substance use prevention goals by reducing alcohol-related harm at the population level.",population-level interventions to reduce alcohol-related cancer risk,partner,state_governments,DPH,6.0,"DPH could support or partner on population-level cancer and alcohol policy research through its chronic disease and epidemiology functions, though an NIH R01 is more research-intensive than its usual programs.","The grant is an investigator-initiated NIH R01 research mechanism, so NCDHHS would likely be a partner rather than the lead and may not receive programmatic funding for direct services.",True,"Population-level alcohol and cancer risk research aligns with substance use prevention and DPH chronic disease expertise, but NCDHHS likely fits best as a research partner, not lead.",[],True,True,partner,deepseek/deepseek-v4-pro,92b0344f579a,True
5e3d9abd-5a49-4f06-a82a-d7c050647ffe,Pilot Effectiveness Trials of Peer Support Services for Suicide Prevention,forecast,ok,9.0,G3,G3.O3,"The grant funds research on peer support interventions to reduce suicide risk, which directly builds the evidence base for suicide prevention and crisis services NCDHHS supports.",research on the preliminary effectiveness of peer support intervention strategies for reducing suicide risk in clinical and community practice settings,lead,state_governments,DMHDDSUS,6.0,"DMHDDSUS oversees suicide prevention, crisis services, and peer support policy, but would likely need an academic or clinical research partner to run an NIH R01 trial.","This is a research grant rather than service funding, and NCDHHS would need strong clinical trial research partners to be competitive as a lead applicant.",True,"Strong strategic fit with suicide prevention and 988/crisis work; DMHDDSUS could lead or partner with researchers, but it would not fund direct services.",[],True,True,lead,deepseek/deepseek-v4-pro,92b0344f579a,True
b8708107-b111-4a75-a6b2-7189a2e15538,Pilot Hybrid Effectiveness-Implementation Trials for Mental Health Interventions (R01  Clinical Trial Required),open,ok,6.0,G3,none,"This grant funds pilot effectiveness studies of mental health interventions and service delivery approaches, generating evidence that could strengthen community-based behavioral health services under NCDHHS's behavioral health and resilience goal.","this announcement encourages pilot effectiveness studies focused on 1) optimizing the effectiveness of preventive and therapeutic interventions with previously demonstrated efficacy, for use with broader target populations or for use in community practice settings, and 2) developing and preliminary testing innovative services interventions.",lead,state_governments,DMHDDSUS,5.0,DMHDDSUS has the behavioral health service system and data access but would likely need university or research organization partners to run an R01 clinical trial.,"The grant is an NIH research award requiring clinical trial infrastructure and research partnerships that NCDHHS divisions may not currently have, making a competitive application resource-intensive.",True,NIH mental health effectiveness research aligns with behavioral health goals but requires clinical trial infrastructure and research partners; DMHDDSUS should assess with university partner.,"[""Clinical Trial Required (R01) adds clinical trial oversight, registration, and safety reporting burdens"", ""NIMH experimental therapeutics approach requires measuring whether the intervention engages the target(s)/mechanism(s) presumed to underlie effects""]",True,True,lead,deepseek/deepseek-v4-pro,92b0344f579a,True
04cf4e58-5a89-47a9-b4c7-a1388edac495,Dissemination and Implementation Research in Health (R03 Clinical Trial Not Allowed),open,ok,6.0,G5,G5.O1,"The FOA funds research on identifying and testing strategies to get evidence-based health practices adopted and sustained, which aligns with NCDHHS's objective of fostering data- and evidence-driven decision-making.","support studies that will identify, develop, and/or test strategies for overcoming barriers to the adoption, adaptation, integration, scale-up, and sustainability of evidence-based interventions, practices, programs, tools, treatments, guidelines, and policies.",lead,state_governments,DPH,5.0,"DPH has public health research and epidemiology capacity and could lead an implementation science study, though this small NIH R03 investigator-initiated research grant is not a direct service program.","The FOA funds investigator-initiated research rather than direct health services, so NCDHHS would compete with academic institutions that have stronger implementation science research infrastructure.",False,"Small NIH research grant on implementing evidence-based practices; eligible and aligned with G5.O1, but research-focused with limited direct program value for NCDHHS.",[],True,True,lead,deepseek/deepseek-v4-pro,92b0344f579a,True
fdbbc33d-4c2a-4e18-9914-2be7debcc880,Dental Primary Care Practice-Based Research Network: Administrative and Resource Center,forecast,ok,4.0,G1,G1.O3,"The grant funds research on integrating oral health care into medical care, which aligns with mitigating barriers to primary care services.",Supported studies will focus on integrating oral health care into medical care (whole-person health).,atypical,state_governments,DPH,3.0,"DPH has oral health programs but lacks the national practice-based research network, single IRB, and multi-site clinical trial infrastructure this center requires.","This is only a forecast, so it is not actionable now; if it becomes active, NCDHHS would still lack the national dental research network and single IRB infrastructure expected of the lead applicant.",False,Forecast only; national dental practice-based research infrastructure is outside NCDHHS's direct service and research authority despite some oral health relevance.,"[""Applications are not being solicited at this time"", ""managing a single IRB"", ""coordinating study deployment across multiple U.S. geographic regions (i.e., Nodes)""]",True,True,atypical,deepseek/deepseek-v4-pro,92b0344f579a,True
1380cf9c-4561-45a6-a85d-7866dd308ef0,Dissemination and Implementation Research in Health (R21 Clinical Trial Optional),open,ok,7.0,G1,G1.O3,"The grant funds research on strategies to overcome barriers to the adoption and sustained use of evidence-based health interventions, which supports NCDHHS's objective of mitigating barriers to health services for populations with greater health challenges.","support studies that will identify, develop, and/or test strategies for overcoming barriers to the adoption, adaptation, integration, scale-up, and sustainability of evidence-based interventions, practices, programs, tools, treatments, guidelines, and policies.",lead,state_governments,DPH,6.0,"DPH already supports disease prevention, epidemiology, and evidence-based public health programs and collaborates with local health departments and academic partners, but it would need to add dedicated implementation-research capacity.","This is an investigator-initiated NIH research grant, not program funding; NCDHHS would need strong research capacity and would face heavy competition from academic institutions.",True,"NIH implementation-research grant could study ways to reduce health access barriers, fitting Goal 1; DPH could pursue with academic partners, though it is not direct service funding.",[],True,True,lead,deepseek/deepseek-v4-pro,92b0344f579a,True
e9c27c69-7360-4e0f-beb5-7ef69876f00c,Natural History of Disorders Screenable in the Newborn Period (R01 Clinical Trial Optional),open,ok,8.0,G2,G2.O4,"The grant funds research on the natural history of newborn screening disorders to improve early identification and interventions, supporting improved newborn and infant outcomes.",A comprehensive understanding of the natural history of a condition is necessary to facilitate appropriate interventions for infants identified by newborn screening.,atypical,state_governments,DPH,6.0,"DPH operates newborn screening and maternal/child health surveillance, but an NIH R01 natural history study likely exceeds its routine clinical research capacity without academic partners.",This is an investigator-initiated R01 requiring long-term natural history research infrastructure and likely academic medical center collaboration; NCDHHS may be better suited as a partner than the lead applicant.,True,Newborn screening natural-history research aligns with DPH infant-health goals; NCDHHS is eligible but likely better as a partner than lead.,[],True,True,atypical,deepseek/deepseek-v4-pro,92b0344f579a,True
c33b8d86-6f73-43bf-adcc-da3cecc0dc70,Research on System Support and Tools for Provider Training and Quality Monitoring for Suicide Preventive Care,forecast,ok,8.0,G3,G3.O3,"The grant funds research to build provider training and quality-monitoring tools for suicide preventive care, which directly advances NCDHHS's objective to increase access to suicide prevention and crisis services.","developing, optimizing, and testing the effectiveness of provider-level interventions and tools to promote competence and sustained implementation fidelity in delivering evidence-based suicide prevention interventions",lead,state_governments,DMHDDSUS,7.0,"DMHDDSUS already leads suicide prevention and crisis services, so it has the programmatic authority and partner network to support an R01 studying suicide preventive care, though it would need academic research collaborators.","It is currently a forecast only with applications not yet solicited, and an R01 demands substantial clinical research and implementation science capacity that NCDHHS would likely need to secure through academic partners.",True,"Research to improve provider training and quality monitoring for suicide prevention aligns with NCDHHS suicide prevention goals, but applications are not yet solicited.",[],True,True,lead,deepseek/deepseek-v4-pro,92b0344f579a,True
43049089-8c2c-4794-a747-3c2b2ca6ca79,ROSS Rapid Response Program,open,ok,3.0,G1,none,"The grant's service coordination could help low-income HUD-assisted residents connect to health and social supports, but it does not directly fund a named NCDHHS health objective.",service coordination and limited direct services for residents of HUD-assisted housing,ineligible,Public housing authority (PHA) or Indian housing authority,none,0.0,"No NCDHHS division is an eligible applicant or operates HUD-assisted housing service coordination, so the program is outside the Department's authority.","NCDHHS is not an eligible applicant, so the Department cannot directly pursue or control the funds even if the goals overlap.",False,"HUD ROSS Rapid Response funding goes to housing authorities, nonprofits, tribes, and multifamily owners; NCDHHS as a state agency is not an eligible applicant.","[""Cost-reimbursable grant requires documented reimbursable expenditures"", ""Funding is one-time assistance for urgent needs caused by unanticipated emergencies"", ""Targets only residents of HUD-assisted housing""]",True,True,ineligible,deepseek/deepseek-v4-pro,92b0344f579a,True
112cb2a2-971d-4d2c-ab72-d8c74b02baa1,Forecast to Publish a Funding Opportunity Announcement for EmbraceHealth Clinical Research Network to Reduce Health Disparities – Coordinating Center,forecast,ok,8.0,G1,G1.O1,"The grant funds a coordinating center to build research infrastructure for multi-site clinical and behavioral interventions to reduce health disparities, directly supporting NCDHHS's objective to build structure for reducing health disparities.","The overarching goals of the EmbraceHealth Network are to establish and maintain an efficient and nimble infrastructure to conduct research to address emerging, urgent, or chronic health needs among populations that experience health disparities.",lead,state_governments,DPH,5.0,"DPH has relevant epidemiology, chronic disease, and health disparities work, but leading a national NIH clinical research coordinating center would be a significant expansion beyond its usual public health operations.","This is only a forecast, not an active solicitation, and it requires operating a national multi-site clinical research coordinating center, which is outside NCDHHS's typical service-delivery role.",True,"Forecast NIH coordinating center for health disparities clinical research; aligns with G1.O1 and DPH, but requires national research infrastructure beyond typical DHHS operations.",[],True,True,lead,deepseek/deepseek-v4-pro,92b0344f579a,True
a7d210c3-a31d-4c04-a39e-6b5206dc858f,Prevention and Intervention Approaches for Fetal Alcohol Spectrum Disorders (R34 Clinical Trial Optional),open,ok,8.0,G2,G2.O4,"This grant funds research on reducing prenatal alcohol exposure and FASD, which directly supports improving women's health and birth outcomes under G2.O4.",prevention approaches to reduce prenatal alcohol exposure and incidence of FASD,lead,state_governments,DPH,6.0,"DPH's maternal and child health and epidemiology programs address prenatal health and birth outcomes, so this research planning grant would extend existing prevention work, though it would likely require academic research partners.","It is an NIH research planning grant rather than a service program, so success requires research infrastructure and competition with academic institutions.",True,"NIH planning grant for FASD prevention and intervention aligns with G2.O4 birth outcomes; DPH could lead with research partners, but it is research, not direct service funding.",[],True,True,lead,deepseek/deepseek-v4-pro,92b0344f579a,True
43e32c6d-fbbd-4056-8fd4-f64cdebefd41,NIOSH Centers of Excellence for Total Worker Health® (U19),forecast,ok,5.0,G4,none,"The grant funds research and translation to advance worker well-being, which aligns broadly with the workforce health goal but does not target a specific named NCDHHS workforce objective.",advance worker well-being,lead,state_governments,DPH,4.0,"DPH has epidemiology, surveillance, and chronic disease capacity but no dedicated occupational health research center, so leading this U19 would require new research infrastructure and academic partnerships.",NCDHHS would be competing against established academic occupational health research centers with limited in-house occupational health research infrastructure.,False,"Research center grant on worker well-being; broad workforce alignment but weak operational fit and heavy research infrastructure, so not a strong NCDHHS lead.","[""All projects must use the NIOSH Worker Well-Being Questionnaire (WellBQ) and share data with the HERO Worker Well-Being Clearinghouse"", ""Large Research Projects require economic evaluation""]",True,True,lead,deepseek/deepseek-v4-pro,92b0344f579a,True
008f5d36-a786-4494-9e6d-7adfb58f2823,NIOSH Support for Conferences and Scientific Meetings (R13 Clinical Trial Not Allowed),forecast,ok,3.0,G4,G4.O4,"The grant funds scientific meetings and conferences that can disseminate occupational safety and health knowledge, which partly supports the state and local public health workforce under G4.O4.","The purpose of the NIOSH Support for Conferences and Scientific Meetings (R13) program is to support high-quality scientific meetings, conferences, and workshops that are relevant to the NIOSH mission and that promote occupational safety and health.",lead,state_governments,DPH,4.0,"DPH has public health epidemiology and convening capacity, but occupational safety and health conferences are not an explicit core DPH program area.","The grant funds only conference and scientific meeting support rather than direct services or program implementation, limiting its value for NCDHHS priorities.",False,"NIOSH conference support is state-eligible but has weak fit with NCDHHS strategic goals and DPH occupational safety programming, so it is not worth pursuing.","[""Applications for training-only events will not be considered under this announcement."", ""Clinical Trial Not Allowed""]",True,True,lead,deepseek/deepseek-v4-pro,92b0344f579a,True
806f4939-5a1c-41b5-83e4-45d57153633d,NIOSH Support for Conferences and Scientific Meetings (U13 Clinical Trial Not Allowed),forecast,ok,2.0,none,none,"The grant funds occupational safety and health conferences, which are not tied to a named NCDHHS strategic objective.","support high-quality scientific meetings, conferences, and workshops that are relevant to the NIOSH mission and that promote occupational safety and health",lead,state_governments,none,1.0,"No NCDHHS division has an explicit occupational safety and health research or conference mandate, so the program falls outside the Department's existing roles.","The grant only supports conferences and scientific meetings, not direct health services, and NCDHHS lacks a clear occupational safety and health owner, so it could require new relationships with low strategic return.",False,"Supports occupational safety and health conferences, which do not align with a named NCDHHS objective or clear division; state agencies are eligible but fit is weak.","[""Substantial federal scientific or programmatic involvement under cooperative agreement"", ""Training-only events will not be considered""]",True,True,lead,deepseek/deepseek-v4-pro,92b0344f579a,True
e6357a53-0478-4e38-aa89-64c4492221ee,Clinical Data Ecosystem for Genomics (CDEG),forecast,ok,7.0,G5,G5.O1,"This funds a network to share genomic structured data and build APIs, directly supporting NCDHHS's goal to foster data-driven decision-making through data infrastructure and integration.","establish a pilot ecosystem that demonstrates best practices for the sharing of genomic structured data (GSD) across different health care settings, including primary care",atypical,state_governments,OSEC,3.0,"OSEC handles department-wide data and IT integration, but lacks clinical genomics research and EHR data-sharing authority across independent health systems.","This is only a preannouncement and no applications are being solicited; even when posted, NCDHHS would likely be a peripheral partner rather than a lead for NIH genomics research.",False,"This is only a preannouncement; genomics data infrastructure is outside NCDHHS core work, though OSEC could monitor it as a possible data-sharing partnership.",[],True,True,atypical,deepseek/deepseek-v4-pro,92b0344f579a,True
65230579-1858-444e-97ad-677f1168c9b4,Tribal Institutional Review Board Establishment and Enhancement (TIRBEE) (R24 - Clinical Trial Not Allowed),open,ok,3.0,G1,G1.O4,"The grant builds research oversight capacity for Tribal entities, which is tangentially aligned with investing in partner capacity to improve health access for underserved populations, but it is not a named NCDHHS strategy.","to support federally recognized American Indian/Alaska Native (AI/AN) Tribes, Tribal colleges and universities, Tribal health programs, or Tribal organizations(collectively, eligible Tribal entities) to establish Institutional Review Boards (IRBs) or enhance the capacity of existing Tribal IRBs",ineligible,"federally recognized American Indian/Alaska Native (AI/AN) Tribes, Tribal colleges and universities, Tribal health programs, or Tribal organizations(collectively, eligible Tribal entities)",none,0.0,"NCDHHS has no division that establishes or enhances tribal IRBs, and the state agency is not among the eligible applicant types.","NCDHHS is not an eligible applicant, so the grant cannot be pursued regardless of programmatic fit.",False,"NCDHHS is not an eligible applicant; TIRBEE is limited to Tribal entities, so the agency cannot apply.","[""Eligibility is limited to federally recognized AI/AN Tribes, Tribal colleges and universities, Tribal health programs, or Tribal organizations.""]",True,True,ineligible,deepseek/deepseek-v4-pro,92b0344f579a,True
4802584e-01a8-4435-9ce9-710fbc85cba0,Fiscal Year 2026 Flood Mitigation Assistance Swift Current,open,ok,0.0,none,none,"The grant funds flood mitigation for NFIP-insured properties, which is outside NCDHHS's health and human services strategic goals and objectives.",FMA funds a variety of flood mitigation activities that are designed to reduce flood risk to NFIP policyholders in an effort to reduce the NFIP’s financial exposure.,atypical,"makes federal funds available to states, U.S. territories, federally recognized Indian/Native American Tribal Governments, and local governments",none,0.0,"No NCDHHS division administers FEMA flood mitigation or NFIP-related hazard mitigation; this role sits with state emergency management and hazard mitigation, not health and human services.","NCDHHS is not the state's floodplain or hazard mitigation agency, so pursuing this FEMA grant would be outside its authority and require capabilities it does not have.",False,Flood mitigation for NFIP-insured properties is outside NCDHHS's health and human services mission; no division has authority to administer FEMA hazard mitigation; route to emergency management.,"[""Funding is limited to buildings and structures insured under the National Flood Insurance Program (NFIP) and within NFIP-participating communities."", ""Local governments must apply through their State or Territory, so a state applicant would need to administer subawards.""]",True,True,atypical,deepseek/deepseek-v4-pro,92b0344f579a,True
53a9668b-46cf-44c9-af8c-b5011200eb65,Preservation and Reinvestment Initiative for Community Enhancement (PRICE),forecast,ok,2.0,none,none,"The grant funds manufactured housing preservation and redevelopment for low- and moderate-income residents, which may indirectly touch health-related social determinants but does not directly fund a named NCDHHS strategy.","preserve long-term housing affordability for residents of manufactured housing or an MHC, to redevelop MHCs, and to primarily benefit low- and moderate-income (LMI) residents",lead,state_governments,none,1.0,"NCDHHS has no division with authority or experience in manufactured housing community redevelopment or CDBG-funded community development, so this would be outside its existing operations.","NCDHHS would be an atypical lead for a HUD CDBG housing redevelopment program, with no housing or community development division and no CDBG implementation track record.",False,"This funds manufactured housing preservation and redevelopment under HUD CDBG, a housing function outside NCDHHS's health and human services objectives and divisions.","[""Funds must primarily benefit low- and moderate-income (LMI) residents"", ""Funds must be used to preserve long-term housing affordability for residents of manufactured housing or an MHC, or to redevelop MHCs""]",True,True,lead,deepseek/deepseek-v4-pro,92b0344f579a,True
fef48e8c-9db6-4bf2-9f84-6efb9924ef99,Notice of Intent to Publish a Funding Opportunity Announcement for NIEHS Worker Training Program’s Hazardous Materials Worker Health and Safety Training (U45 – Clinical Trials Not Allowed),forecast,ok,1.0,none,none,"The grant funds health and safety training for hazardous materials workers, an occupational health activity that does not directly advance any named NCDHHS strategic objective.",This funding opportunity will utilize the U45 activity code to provide support for the development of health and safety training of workers exposed to hazardous materials.,ineligible,"other_native_american_tribal_organizations, public_and_state_institutions_of_higher_education, nonprofits_non_higher_education_with_501c3, private_institutions_of_higher_education, federally_recognized_native_american_tribal_governments",DPH,3.0,"DPH has environmental health and public health preparedness functions, but the program trains non-public-health hazardous materials workers and NCDHHS is not an eligible lead applicant.","NCDHHS is not among the eligible applicant types and the funded worker training sits outside the Department's named strategic objectives, so implementation would require an external partner with limited strategic return.",False,"Trains hazardous materials workers; NCDHHS is not an eligible applicant and the activity does not map to a named DHHS strategic objective, so this is not a fit.","[""Eligible applicant types are limited to listed non-state entities; NCDHHS is not included and would need an eligible partner."", ""The core Hazardous Waste Worker Training Program (HWWTP) is required in order to add the other two optional programs.""]",True,True,ineligible,deepseek/deepseek-v4-pro,92b0344f579a,True
1fd3d671-8469-40ac-bbd6-adac625cf082,Dissemination and Implementation Research in Health (R01 Clinical Trial Optional),open,ok,7.0,G1,G1.O1,"The grant funds research on how to spread and sustain evidence-based health interventions, which would help NCDHHS build a culture and structure for increasing health access and reducing disparities.","The purpose of this Notice of Funding Opportunity (NOFO) is to support studies that will identify, develop, and/or test strategies for overcoming barriers to the adoption, adaptation, integration, sustainability, scale-up, and spread of evidence-based interventions, practices, programs, tools, treatments, guidelines, and policies",atypical,state_governments,DPH,6.0,"DPH has epidemiology and public-health program capacity and could lead or partner on implementation research, but an NIH R01 is an atypical research role for a state division.","This is a highly competitive NIH research award, and NCDHHS may lack the academic research infrastructure and principal-investigator capacity needed to compete without a university partner.",True,"This NIH research grant aligns with health access goal G1 and NCDHHS is eligible, but it is an atypical research opportunity likely requiring academic partners.",[],True,True,atypical,deepseek/deepseek-v4-pro,92b0344f579a,True
d8de0550-c5b0-4efc-872a-7777a933452b,Notice of Intent:  Program to End Modern Slavery FY 2025,open,ok,0.0,none,none,"The funded activity is international anti-trafficking intervention and evaluation, not one of NCDHHS's named health, child and family, behavioral health, workforce, or operational objectives.","The goal of PEMS is to measurably and substantially reduce the prevalence of human trafficking and the harms associated with the crime in targeted populations through innovative interventions driven by research, monitoring, evaluation, and learning, and the expansion of partnerships with government, academia, civil society organizations, international organizations and the private sector.",ineligible,"Any commercial, international, educational, or non-profit organization(s), including any faith-based, community-based, or public international organization(s) are eligible to apply if and when a Statement of Intent and/or a Notice of Funding Opportunity is published.",none,0.0,"The program is a U.S. Department of State international anti-trafficking grant, outside the authority and existing role of North Carolina health and human services divisions.","This is an international State Department opportunity for which NCDHHS is not an eligible applicant, and the work does not align with a named NCDHHS objective.",False,International anti-trafficking grant from U.S. State Department; NCDHHS is not an eligible applicant and the work does not advance a named NCDHHS objective.,"[""This is a Notice of Intent; the TIP Office is not accepting applications at this time."", ""International programs to combat human trafficking; projects are not North Carolina-specific."", ""A valid Unique Entity Identifier is required for organizations selected for an award.""]",True,True,ineligible,deepseek/deepseek-v4-pro,92b0344f579a,True
9f5c5a97-af42-49ea-b8e0-0dcbd93a61eb,Health Promotion and Disease Prevention Research Centers:  2027 Special Interest Project Supplements (SIPS),forecast,ok,4.0,G1,G1.O2,"The funded SIPs use public health data and applied research to inform practice and improve access to cancer and chronic disease prevention, which is directionally aligned with NCDHHS's objective to use data to track disparities and improve outcomes.",inform public health practice through high-quality applied health promotion and disease prevention public health research in real-world settings,ineligible,Only applicants approved for funding under CDC NOFO RFA-DP-24-004 Health Promotion and Disease Prevention Research Centers (PRCs)* are eligible to apply for SIP supplemental funding under this announcement.,none,0.0,No NCDHHS division can apply because the supplement is limited to existing CDC Prevention Research Centers; DPH would be the closest programmatic fit only as a possible collaborator with UNC-Chapel Hill.,The Department cannot apply directly and would only benefit if the eligible University of North Carolina at Chapel Hill PRC agrees to include NCDHHS as a partner.,False,"NCDHHS is not an eligible applicant; only existing CDC Prevention Research Centers can receive this supplement, though UNC-Chapel Hill could be a potential partner.","[""Eligibility is limited to the 20 existing Prevention Research Centers funded under CDC RFA-DP-24-004."", ""Special eligibility requirements may apply to each individual SIP.""]",True,True,ineligible,deepseek/deepseek-v4-pro,92b0344f579a,True
0c04af5a-83ce-4fe5-a8fb-a7399f78e6d6,Full-Scale Hybrid Effectiveness-Implementation Trials for Mental Health Interventions (R01 - Clinical Trial Required),open,ok,8.0,G3,G3.O1,"The NOFO funds effectiveness trials of mental health treatment and services interventions in community settings, including services interventions to improve access and equity, which aligns with integrating and coordinating behavioral health care.","clinical trials to evaluate the effectiveness of patient-, provider-, organizational-, or systems-level services interventions to improve access, continuity, quality, equity, and/or value of mental health services.",lead,state_governments,DMHDDSUS,4.0,"DMHDDSUS manages mental health services and policy, but will not typically have the investigator-led clinical trial infrastructure required for an NIH R01.",The biggest risk is that this is an NIH research grant requiring clinical trial capacity and federal research grants management that NCDHHS may not have as a service agency.,False,"Strong mental health goal alignment, but an NIH R01 effectiveness trial is research-heavy and likely better suited to university partners than NCDHHS service divisions.","[""Clinical Trial Required"", ""Requires adequately powered trial with pilot data"", ""Collaborative R01 is used for multisite trials when two or more sites are necessary""]",True,True,lead,deepseek/deepseek-v4-pro,92b0344f579a,True
4dd9dfaf-b0da-4193-b312-74e1dc62db30,Comprehensive Housing Counseling (CHC) and the Housing Counseling Training (HCT) NOFO (FY2026),forecast,ok,2.0,none,none,"The grant funds housing counseling and financial management, which are social determinants of health but do not map directly to any named NCDHHS objective.","Housing counseling agencies are an important safeguard in the prevention of housing scams and discrimination and serve as an important gateway to local, state, federal and private housing assistance and resources.",ineligible,Applicant must be approved to participate in the HUD Housing Counseling Program prior to the NOFO issue date.,none,1.0,"No NCDHHS division operates a HUD-approved housing counseling program or has state housing finance authority, so this would be outside its existing role and partner network.","NCDHHS is not a HUD-approved housing counseling agency or an SHFA, so the Department likely cannot apply without taking on an unfamiliar federal housing program.",False,"HUD housing counseling funds housing agencies, not NCDHHS divisions; there is no clear health/human services owner and the Department is likely ineligible.","[""Applicants and Subgrantees are prohibited from receiving FY 2025 Housing Counseling Program grant funding from multiple sources."", ""Subgrantees must maintain the same network affiliation for all awards under this NOFO.""]",True,True,ineligible,deepseek/deepseek-v4-pro,92b0344f579a,True
f3fa7334-ffb9-48be-bf0e-958b7e262d4a,Fiscal Year 2024 Flood Mitigation Assistance Swift Current,open,ok,0.0,none,none,"The grant funds flood mitigation to protect NFIP-insured properties and reduce the NFIP's financial exposure, which does not advance any NCDHHS health or human services objective.",FMA funds a variety of flood mitigation activities that are designed to reduce flood risk to NFIP policyholders in an effort to reduce the NFIP’s financial exposure.,atypical,"makes federal funds available to states, U.S. territories, federally recognized Indian/Native American Tribal Governments, and local governments",none,0.0,"No NCDHHS division has authority over floodplain management or NFIP hazard mitigation; this work belongs to emergency management, not health and human services.","This is a FEMA flood-insurance and hazard-mitigation grant outside NCDHHS's mission and authority, so it would likely distract from core health and human services work with no natural division owner.",False,Not a fit: flood mitigation for NFIP-insured structures is outside NCDHHS's health and human services authority and no division would own it.,"[""Projects must target repetitive flood damage to buildings and structures insured under the National Flood Insurance Program and located within NFIP-participating communities.""]",True,True,atypical,deepseek/deepseek-v4-pro,92b0344f579a,True
5eee2aa1-5761-4fdb-a0d0-835245a05a86,FDA OMHHE Convener for Racial & Ethnic minority Acceleration Consortium for Health Equity (REACH),forecast,ok,7.0,G1,G1.O1,"The convener role builds a collaborative and data-sharing structure focused on reducing health disparities for racial and ethnic minority populations, matching G1.O1's emphasis on health equity infrastructure.","strengthen and advance minority health and health equity regulatory needs by supporting communications, research, and collaboration on diseases and conditions that disproportionately impact racial and ethnic minority populations",lead,state_governments,OSEC,3.0,"OSEC's department-wide data and health-equity coordination partially matches the convener duties, but the FDA regulatory research focus and national consortium are outside NCDHHS's core authority and experience.",Limited direct benefit to North Carolina residents because the award funds national FDA regulatory research coordination rather than state health program delivery.,False,Aligns with health-equity and data-sharing goals but funds a national FDA research consortium convener outside DHHS's core state service role.,[],True,True,lead,deepseek/deepseek-v4-pro,92b0344f579a,True
b307f2ac-767d-4715-be92-f5326db2cd9d,National Center for Construction Safety and Health Research and Translation (U54),open,ok,1.0,none,none,"The grant funds construction worker safety and health research, which does not advance any named NCDHHS strategic objective.",serve as a leader in research translation and research-to-practice for the protection of construction workers in the U.S.,lead,state_governments,none,1.0,No NCDHHS division has an occupational safety and health research or construction-safety mission; North Carolina occupational safety is led by the Department of Labor.,NCDHHS would be outside its program authority and would need to build construction safety research capacity from scratch against established NIOSH-funded academic centers.,False,"Does not fit NCDHHS strategic goals; construction safety research is NIOSH/NC Department of Labor territory, and no DHHS division owns this work.","[""Collaborations with other academic institutions, nonprofit organizations, and other occupational safety and health-focused groups are expected.""]",True,True,lead,deepseek/deepseek-v4-pro,92b0344f579a,True
09e581fe-7695-4b3b-ab60-b5456bd788fd,Accelerating the Pace of Substance Use Research Using Existing Data (R21 Clinical Trial Not Allowed),open,ok,7.0,G3,G3.O4,"The grant funds secondary analysis of drug use and prevention/treatment services data, which can build the evidence base for addressing substance use and the opioid crisis.","invite applications proposing the innovative analysis of existing social science, behavioral, administrative, and neuroimaging data to study the etiology and epidemiology of drug using behaviors (defined as alcohol, tobacco, prescription and other drug) and related disorders, prevention of drug use and HIV, and health service utilization",lead,state_governments,DMHDDSUS,5.0,"DMHDDSUS has substance use authority and access to state administrative data, but NIH secondary-research awards are outside its usual service-delivery role and would likely require a research partner.","This is an NIH research grant funding secondary data analysis rather than services or infrastructure, and the division may lack the research capacity needed to compete successfully.",True,"Aligns with substance use crisis goals and uses existing data, but is an NIH research grant requiring analytic capacity rather than service dollars; DMHDDSUS should review with research partners.",[],True,True,lead,deepseek/deepseek-v4-pro,92b0344f579a,True
369deb5e-871b-449b-b7bf-f9fb8440c325,Rural Decentralized Water System Grant Program,open,ok,1.0,none,none,"The grant funds household water wells and decentralized wastewater systems for low- to moderate-income individuals, which relates to environmental public health but does not directly advance a named NCDHHS objective.",help individuals with low to moderate incomes finance certain costs of household water wells and individually owned decentralized wastewater systems,ineligible,Grants are made to eligible nonprofit organizations,none,0.0,"NCDHHS is a state agency, not an eligible nonprofit, and no division would own an application for this nonprofit revolving fund program.","The state agency is not eligible to receive the grant because it is limited to nonprofit organizations, so the opportunity may have no direct value.",False,NCDHHS cannot apply because the program is limited to nonprofit revolving fund lenders; the activity does not map to a named strategic objective.,"[""Grantee must be an eligible nonprofit organization and must establish and maintain a revolving fund."", ""Funds may only be used for individually owned water well and/or wastewater systems, up to the point of entry or point of exit."", ""Beneficiaries must be low- to moderate-income individuals.""]",True,True,ineligible,deepseek/deepseek-v4-pro,92b0344f579a,True
c4c4d1db-a57c-47fc-aac0-4d78290582fc,Interventions to Reduce Sleep Health Disparities (R01 - Clinical Trials Optional),open,ok,7.0,G1,G1.O1,"The grant directly funds non-pharmacological interventions to reduce sleep health disparities, which aligns with NCDHHS's objective to reduce health disparities across the Department.","support non-pharmacological interventions to promote sleep health, reduce sleep health disparities, and examine sleep as a modifiable factor to reduce health disparities for other health outcomes among populations that experience health disparities.",lead,state_governments,DPH,5.0,"DPH has chronic disease, epidemiology, and health equity work, but an NIH R01 requires dedicated research infrastructure and sleep investigators that the division may need to secure through academic partners.","NCDHHS may lack the sleep health research investigators and R01 grant infrastructure needed to compete with academic medical centers, so a lead application could be costly and unlikely to fund.",True,"Supports sleep health interventions to reduce disparities, fitting DPH health equity goals, though R01 research capacity may require academic partners.",[],True,True,lead,deepseek/deepseek-v4-pro,92b0344f579a,True
593a83b5-e3a6-4ef4-a1a4-07121d5accb9,Ending the HIV/HCV Epidemics in Indian Country,forecast,ok,7.0,G1,G1.O1,"The grant directly funds community-based strategies to reduce HIV/HCV/syphilis-related health disparities among an underserved population, aligning with G1.O1's focus on building structures to reduce health disparities.",reduce HIV/HCV/syphilis-related health disparities among the AI/AN population,ineligible,"Urban Indian organization as defined by 25 U.S.C. 1603(29), that is currently administering a contract or receiving an award pursuant to 25 U.S.C. 1653.",DPH,4.0,"DPH has relevant HIV/HCV/STI prevention and surveillance capacity, but the grant is limited to tribal and urban Indian organization applicants, not state agencies.","NCDHHS appears ineligible as a state agency because eligible applicant types are tribal governments, tribal organizations, and urban Indian organizations.",False,"Eligible applicants are tribes, tribal organizations, and urban Indian organizations, so NCDHHS cannot lead; despite relevance to HIV/HCV disparities, this is not a state-agency fit.","[""Limited to American Indian/Alaska Native communities and Indian Country"", ""Eligible applicants are federally recognized tribes, tribal organizations, or urban Indian organizations"", ""Urban Indian organizations must provide proof of nonprofit status""]",True,True,ineligible,deepseek/deepseek-v4-pro,92b0344f579a,True
f2c96501-a60e-407d-b253-2c66e001a54e,Resident Opportunity and Self-Sufficiency Service Coordinator (ROSS-SC) Program – Fiscal Year 2026,forecast,ok,3.0,G1,G1.O4,"The grant funds a Service Coordinator position that assesses resident needs and links them to supportive services, similar to community health worker or navigation capacity for underserved populations.",hire a Service Coordinator who assesses the needs of Public and Indian housing residents and links them to local training and supportive services that will enable participants to move along the self-sufficiency continuum.,ineligible,"other_native_american_tribal_organizations, other, public_and_indian_housing_authorities, nonprofits_non_higher_education_with_501c3, nonprofits_non_higher_education_without_501c3, federally_recognized_native_american_tribal_governments",none,0.0,"NCDHHS is a state agency and does not own public or Indian housing, and HUD lists only housing authorities, tribes/TDHEs, resident associations, and multifamily owners as eligible applicants.","NCDHHS is not an eligible applicant type, so the agency could only support a housing authority or tribal partner and would not control the award.",False,"State agencies are not among HUD's eligible ROSS-SC applicants, so NCDHHS cannot lead; the health access alignment is real but would require a housing authority or tribal partner.",[],True,True,ineligible,deepseek/deepseek-v4-pro,92b0344f579a,True
fc665e54-0a33-4b8d-910d-a8c912926219,Health Equity Data Access Program (HEDAP),forecast,ok,8.0,G1,G1.O2,"The grant funds CMS data analysis to identify and evaluate health disparities among Medicare and Medicaid/CHIP enrollees, directly supporting the Department's goal of using data to track disparities and outcomes.","identify, document, assess, and evaluate health disparities among Medicare and Medicaid and CHIP enrollees",ineligible,"public_and_state_institutions_of_higher_education, nonprofits_non_higher_education_with_501c3, private_institutions_of_higher_education",MEDICAID,4.0,"NC Medicaid would be the natural internal partner for CMS enrollee data, but this grant is structured for external researchers and would not be run as a Department program.","NCDHHS is not an eligible applicant, so the Department cannot lead and would only have indirect value through a university partner.",False,"NCDHHS is not an eligible applicant; funds researcher access to CMS data rather than Department programs, though the topic aligns with health equity data.",[],True,True,ineligible,deepseek/deepseek-v4-pro,92b0344f579a,True
02a44bff-94d2-406d-abc3-1d90a285491b,DHQP Global NOFO,forecast,ok,2.0,none,none,"The funded activity supports global antimicrobial resistance, healthcare-associated infection, and emerging infectious disease surveillance in low- and middle-income countries, which is not linked to any NCDHHS strategic goal or objective focused on North Carolina residents.","The proposed international hybrid Notice of Funding Opportunity (NOFO) will link non-research implementation with targeted research that advances CDC's mission to address antimicrobial resistance (AR) across multiple bacterial and fungal pathogens, healthcare-associated infections (HAIs), and emerging infectious disease threats including viral pathogens across healthcare, community, and environmental settings in low and middle-income countries.",atypical,Open to any type of entity,none,1.0,No NCDHHS division has authority or a state-level mission to implement international antimicrobial resistance and healthcare-associated infection programs in low- and middle-income countries.,"The grant funds work in low- and middle-income countries, so it would not directly improve health outcomes for North Carolinians and would be outside NCDHHS's normal state-level authority.",False,"Global CDC grant for antibiotic-resistant infections in low- and middle-income countries has no state-level objective or clear NCDHHS division owner, so it is not a fit.","[""Geographic scope limited to low and middle-income countries""]",True,True,atypical,deepseek/deepseek-v4-pro,92b0344f579a,True
244cf955-4008-424f-9704-2fe634e8eeb9,Health Equity Innovation Award: Enhance Equity Funding Opportunity (U01) Clinical Trials Not Allowed,forecast,ok,9.0,G1,G1.O1,"The grant funds research explicitly aimed at advancing minority health and health equity, which aligns with G1.O1's goal of reducing health disparities across the Department.",The purpose of this notice of funding opportunity (NOFO) is to fund innovative research that will strengthen and advance minority health and health equity objectives.,lead,state_governments,DPH,6.0,"DPH is the best fit because it already leads population health, epidemiology, and health-equity data work, though the FDA clinical-trial diversity focus is outside its typical service authority.","The grant is an FDA research cooperative agreement, not an implementation or services award; NCDHHS may lack the clinical-trial/regulatory research infrastructure needed to compete and execute if the scope centers on FDA clinical trial diversity.",True,"This FDA research grant would advance NCDHHS health-equity goals, and states are eligible, but it is research rather than services and may not fit DPH's core capacity.",[],True,True,lead,deepseek/deepseek-v4-pro,92b0344f579a,True
72bd1f82-d3f8-4226-872e-fc254dd21a6a,"Institute of Education Sciences (IES): National Center for Special Education Research (NCSER): Using Longitudinal Data to Support State Education Policymaking in Special Education, Assistance Listing Number (ALN) 84.324S",open,ok,7.0,G5,G5.O1,"The grant funds using longitudinal data systems to provide evidence for state program and policy decisions, aligning with NCDHHS's goal to foster data-driven decision-making.",state agencies’ use of their statewide longitudinal data systems (SLDSs) to provide evidence for their own program and policy decisions,lead,"Eligible State agencies may apply alone, or in conjunction with research organizations such as universities and research firms, and/or with other appropriate organizations (such as other State agencies or local educational agencies).",DCFW,5.0,"DCFW has the early intervention role for young children with disabilities but does not control the K-12 SLDS or special education policy authority, so it would need DPI and research partners.","The core data and policy authority sits with the State educational agency, so NCDHHS would likely be limited to early intervention and would need significant research capacity to compete.",False,"Special education SLDS work is primarily DPI/SEA; NCDHHS fits only through early intervention and lacks the research/data-system role, so it is not a priority.","[""Applications must include the State agency or State postsecondary system responsible for the education issue, program, or policy to be examined.""]",True,True,lead,deepseek/deepseek-v4-pro,92b0344f579a,True
6552e00b-8e51-4278-ab04-b6e3765a88a0,Comprehensive Partnerships to Advance Cancer Health (CPACH) (U54 Clinical Trial Optional),forecast,ok,7.0,G1,G1.O1,The program's focus on health drivers of cancer outcome differences and cancer outreach aligns with NCDHHS's objective to reduce health disparities and build structures for health access.,"including a focus on advancing research on health drivers that contribute to differences in cancer outcomes across all populations, as well as cancer outreach and engagement.",atypical,state_governments,DPH,5.0,"DPH could support cancer prevention and outreach components, but the U54 research partnership model is built for academic institutions and NCI-designated Cancer Centers rather than a state public health agency.","NCDHHS is not an RLI or NCI-designated Cancer Center, so the agency would likely be limited to a partner role and may not be competitive as the lead applicant.",False,"NIH research partnership for cancer institutions; NCDHHS/DPH is not an RLI or NCI Cancer Center, so it would only fit as a minor partner.","[""Requires a partnership between Resource Limited Institutions (RLIs) and NCI-designated Cancer Centers (CCs).""]",True,True,atypical,deepseek/deepseek-v4-pro,92b0344f579a,True
09d605ff-216d-436e-94b6-cb9cc5aaf868,Data Standards for Tobacco Research and Scientific Review Phase 2,forecast,ok,3.0,G5,G5.O1,"The grant funds consensus-based data standards and terminologies, which is adjacent to G5.O1's focus on data infrastructure and integration for data-driven decision-making.","The primary objective is to support open, consensus-based, data standards for use in studies of tobacco products.",lead,state_governments,DPH,3.0,"DPH houses tobacco prevention and chronic disease surveillance, so it could engage with tobacco research data standards, though the work is more specialized than its usual programs.","The project focuses on national and global data standards for tobacco product research and FDA scientific review, which is outside NCDHHS's direct service role and may offer limited state-level value.",False,Specialized FDA data-standards project for tobacco research with little direct tie to NCDHHS essential services; DPH could apply but value is low.,[],True,True,lead,deepseek/deepseek-v4-pro,92b0344f579a,True
7dc670db-9ef6-4b31-9db9-7443760e9b7a,Dental Primary Care Practice-Based Research Network: Coordinating Center,forecast,ok,5.0,G1,G1.O1,"The Coordinating Center would build research infrastructure for studies on integrating oral health into medical care, supporting NCDHHS's goal to build structure for increasing health access and reducing disparities.",Supported studies will focus on integrating oral health care into medical care (whole-person health).,atypical,state_governments,DPH,3.0,"DPH's Oral Health Section conducts public health dental surveillance and prevention programs, but it does not operate a national clinical research data coordinating center, so this would require substantial new research infrastructure.","This is a forecast for a national NIH coordinating center where academic data coordinating centers are strong competitors, so NCDHHS would likely spend substantial effort with low success probability.",False,NIH dental research coordinating center does not match NCDHHS service delivery role; DPH could partner but not lead.,[],True,True,atypical,deepseek/deepseek-v4-pro,92b0344f579a,True
122005eb-b9d4-4ccc-bfa4-794cac626544,Pilot Effectiveness Trials for Post-Acute Interventions and Services to Optimize Longer-term Outcomes (R01 Clinical Trial Required),open,ok,5.0,G3,none,"The grant funds pilot trials of post-acute mental health therapeutic and service delivery interventions, which supports NCDHHS's behavioral health goal of coordinated systems of care for mental health.",pilot effectiveness projects to evaluate the preliminary effectiveness of therapeutic and service delivery interventions for the post-acute management of mental health conditions,atypical,state_governments,DMHDDSUS,3.0,"DMHDDSUS oversees mental health services but does not routinely conduct NIH-funded clinical effectiveness trials, so it would need substantial academic research partners.","This is an NIH clinical trial research grant, which is outside NCDHHS's usual service-delivery role and would require clinical research infrastructure and regulatory oversight that the department does not typically have.",False,Mental health research aligns with G3 but an NIH clinical trial is outside DMHDDSUS's core service role; likely only valuable as an academic partner.,"[""Clinical Trial Required""]",True,True,atypical,deepseek/deepseek-v4-pro,92b0344f579a,True
ed3faafa-0d8a-4061-a957-343991a62516,Dementia Care and Caregiver Support Intervention Research - Stages II - V,forecast,ok,4.0,G4,G4.O1,"The grant funds dementia care and caregiver support intervention research, which is adjacent to investing in caregiving supports for older adults and people with disabilities.",Dementia Care and Caregiver Support Intervention Research - Stages II - V,atypical,state_governments,DAGING,3.0,"DAGING has relevant aging and caregiver-services expertise, but it lacks the NIH clinical-trial research infrastructure needed to run an R61/R33 intervention study without a strong academic partner.","NCDHHS is not a typical NIH behavioral intervention research prime, and the clinical trial phase requires infrastructure and investigator expertise the department may not have without an academic partner.",False,"NIH dementia and caregiver intervention research only loosely matches NCDHHS aging/caregiving objectives, and DAGING lacks research trial capacity, so this is not a strong fit.","[""Requires milestone-driven planning phase with transition to a clinical trial phase contingent on successful completion of milestones."", ""Intervention must already be in a developed and testable form with Stage I activities completed prior to the proposed work.""]",True,True,atypical,deepseek/deepseek-v4-pro,92b0344f579a,True
c28e0695-f517-40da-8653-0cb40f65bc59,HIV/AIDS Clinical Trials Network Leadership and Operations Centers,forecast,ok,5.0,G1,G1.O1,"The grant funds HIV clinical trials and implementation research to improve uptake of prevention and treatment, which aligns broadly with advancing health access and reducing disparities for people with HIV.",CTNs will conduct HIV implementation research improving uptake of evidence-based prevention and treatment strategies across the lifespan.,lead,state_governments,DPH,3.0,"DPH conducts HIV prevention, surveillance, and linkage to care, but it does not operate an NIH clinical trials network or run multisite clinical research as a leadership and operations center.","This is a national clinical research infrastructure award, not state HIV service funding; DPH would be competing with academic medical centers and lacks multisite clinical trials operations capacity.",False,"A national HIV clinical trials network leadership center is research-heavy and outside DPH's service delivery role, despite aligning broadly with health access for people with HIV.","[""Requires coordination with a Statistical and Data Management Center, Laboratory Center, and Clinical Trials Units"", ""Cooperative agreement""]",True,True,lead,deepseek/deepseek-v4-pro,92b0344f579a,True
1835f8f5-45df-47b4-87b6-eebed0b0f0b7,Improving Chronic Conditions Through Inexpensive Interventions,forecast,ok,6.0,G1,G1.O2,"The project funds EHR-linked dashboards and quality metrics to evaluate whole-person outcomes, aligning with G1.O2's focus on using data, metrics, and dashboards to track health disparities and outcomes.","Applicants and their partners will build and deploy user-centered dashboards, validate their effectiveness in real-world settings, and address implementation barriers (people, processes, technology).",unclear,,DPH,5.0,"DPH already manages chronic disease prevention and health data systems, but it is not structured to lead a national research consortium of EHR vendors and academic clinicians.","This is only a pre-application notice and the U24 cooperative agreement appears aimed at academic and EHR vendor consortia, so NCDHHS may not be able to lead or be eligible.",False,"Fits data and dashboards for chronic disease outcomes, but this is not yet an open opportunity and state agency eligibility is unclear.","[""Requires a national consortium of researchers, clinicians, and electronic health record (EHR) vendors.""]",True,False,unclear,deepseek/deepseek-v4-pro,92b0344f579a,True
7088f3f8-0aad-4f2e-afa1-f53b59efa54d,Pediatric and Reproductive Environmental Health Scholars (PREHS) Program,forecast,ok,7.0,G2,G2.O4,Training pediatric and reproductive health providers in environmental health supports G2.O4 by building workforce capacity to reduce environmental risks to maternal and infant health.,The goal of the Pediatric and Reproductive Environmental Health Scholars (PREHS) program is to create a strong network of healthcare professionals who possess the skills and knowledge to address the complexities of pediatric and reproductive environmental health.,atypical,state_governments,DPH,5.0,"DPH houses environmental health and maternal and child health programs, but this NIH scholar-training mechanism requires academic research mentorship and clinical training infrastructure that DPH would have to build through partnerships.","It is an NIH research training award requiring academic research and clinical mentors, so NCDHHS is unlikely to be competitive as a lead applicant and the direct program benefit is limited.",False,"Supports maternal and child environmental health training through DPH, but as an NIH clinician-scholar training grant it likely fits academic institutions better than NCDHHS.","[""Scholars may not lead an independent clinical trial; they may only obtain research experience in a clinical trial led by a mentor or co-mentor.""]",True,True,atypical,deepseek/deepseek-v4-pro,92b0344f579a,True
493ea282-9ea7-48d4-9567-8495dceb20d4,Infectious Diseases Clinical Trials Network (IDCTN),forecast,ok,0.0,none,none,"No named NCDHHS objective directly covers NIH clinical trial research on infectious disease therapeutics, vaccines, biologics, diagnostics, or devices; the activity is trial infrastructure rather than the health access, child/family, behavioral health, workforce, or operational objectives listed.",supporting a cooperative network to rapidly implement clinical trials that meet NIH and NIAID priorities,atypical,state_governments,DPH,3.0,"DPH handles infectious disease surveillance, epidemiology, immunization, and public health preparedness, but it does not routinely operate NIH clinical trial units or a clinical trial coordination center.","NCDHHS is an eligible but atypical applicant for an NIH clinical trials network, and the program likely requires academic medical center trial capacity and federal research compliance that NCDHHS does not routinely have.",False,"Infectious disease clinical trial network is research infrastructure with no named strategic objective match; DPH lacks trial-coordination capacity, so this posting is not a strong NCDHHS fit.","[""Cooperative agreement funding instrument"", ""Requires Clinical Trial Evaluation Units and a Network Coordination Center as part of the network""]",True,True,atypical,deepseek/deepseek-v4-pro,92b0344f579a,True
18b1486a-7e60-44fd-90b1-8e1dd1610a09,FDA OMHHE Health Equity Innovation Award: Enhance Equity Funding Opportunity (U01) Clinical Trials Not Allowed,forecast,ok,8.0,G1,G1.O1,"The grant funds innovative research to advance minority health and health equity, directly supporting NCDHHS's objective to build structures that reduce health disparities.",fund innovative research that will strengthen and advance minority health and health equity objectives,lead,state_governments,DPH,6.0,"DPH already leads health equity, minority health, and epidemiological data work, but this FDA clinical-trial diversity research focus would likely require academic or industry partnerships beyond its core service programs.","The focus is FDA-regulated product and clinical trial data rather than state health services, so NCDHHS may lack the regulatory or industry data access needed to be competitive under this U01 research mechanism.",True,"Directly aligns with NCDHHS's health disparity reduction goal; state governments are eligible, and DPH could assess the fit, though the FDA research focus may require partners.",[],True,True,lead,deepseek/deepseek-v4-pro,92b0344f579a,True
1fc0e15a-85eb-4a37-b792-002fbfce5582,Forecast to Publish a Funding Opportunity Announcement for Cancer Epidemiology Cohorts: Building the Next Generation of Research Cohorts (U01 Clinical Trial Not Allowed),forecast,ok,3.0,G1,G1.O1,"The grant builds cancer epidemiology cohorts that could ultimately generate evidence to reduce cancer-related health disparities, but it does not directly fund health access or services.",supports the establishment of the next generation of cancer epidemiology cohorts to address specific knowledge gaps in cancer etiology and survivorship.,atypical,state_governments,DPH,4.0,"DPH oversees chronic disease epidemiology and surveillance, but prospective cancer cohort research is typically led by academic institutions rather than the state health department.","NCDHHS would likely be an atypical lead for a long-term NIH research cohort, requiring substantial academic partnerships and research infrastructure that DPH does not routinely operate.",False,Large NIH cancer cohort research grant only indirectly fits NCDHHS health access goals; DPH could partner but is not a natural lead.,[],True,True,atypical,deepseek/deepseek-v4-pro,92b0344f579a,True
f2a0e432-aac6-4caf-bc3a-a78ca52f4751,Cancer Prevention and Control Clinical Trials Planning Grant Program (R34 Clinical Trials Optional),open,ok,5.0,G1,G1.O1,The grant aims to plan cancer prevention and control trials that could help reduce cancer-related disparities and improve health access for populations facing greater health challenges.,facilitate well planned clinical trials across the cancer prevention and control spectrum,lead,state_governments,DPH,7.0,DPH already leads chronic disease and cancer prevention and control activities and could manage a trial planning grant with academic or clinical partners.,"The R34 planning grant supports preparatory research rather than a full trial or direct services, so near-term population health impact may be limited.",True,"Fits DPH cancer prevention and control; state agencies are eligible, but it funds trial planning rather than direct services and may need research partners.",[],True,True,lead,deepseek/deepseek-v4-pro,92b0344f579a,True
3702dc53-99c8-4506-ac67-4a017e0bdc73,Advancing Research on Empirically-Supported Interventions for Older Adults Living with Serious Mental Illness (SMI) (R01 Clinical Trial Optional),open,ok,8.0,G3,G3.O1,"The grant funds research to optimize and implement evidence-based mental health practices for older adults with serious mental illness, directly supporting integrated behavioral and physical health care.","The purpose of this notice of funding opportunity (NOFO) is to foster research that will inform and support the optimization, delivery, sustainability, and effectiveness of empirically-supported practices for addressing the mental health needs of older adults with serious mental illness (SMI).",atypical,state_governments,DMHDDSUS,6.0,"DMHDDSUS has authority over mental health services and evidence-based practice implementation, but conducting an NIH R01 would require research infrastructure and likely an academic partner.",It is a research grant with no direct service dollars and NCDHHS may not have the research infrastructure to compete effectively as a lead applicant.,True,Aligns with behavioral health integration objective but is a research grant likely needing a university partner; worth review if DMHDDSUS has research capacity.,[],True,True,atypical,deepseek/deepseek-v4-pro,92b0344f579a,True
b02912bb-0c85-4a16-9fa4-414a788554ec,Healthy Lifestyles in Youth,forecast,ok,4.0,G2,none,"The grant funds youth health promotion through essential public health services, which broadly supports NCDHHS's child and family well-being goal but does not map to a named objective.",New cohort of NPHR awards designed to fund Tribes and Tribal Orgs to provide Essential Public Health Services,ineligible,"Tribes, Tribal Organizations, Urban Organizations",none,0.0,"NCDHHS is a state health department, not a Tribe, Tribal Organization, or Urban Organization, so no division can directly run this IHS cooperative agreement under the stated eligibility.","NCDHHS appears ineligible to apply directly, so the grant would be valuable only through a tribal or urban Indian partner and likely cannot be led by the Department.",False,"Youth health broadly fits child and family well-being, but IHS limits applicants to tribes, tribal organizations, and urban organizations; NCDHHS cannot apply directly.","[""Eligibility limited to Tribes, Tribal Organizations, and Urban Organizations""]",True,True,ineligible,deepseek/deepseek-v4-pro,92b0344f579a,True
b44a8dff-ef17-4fc5-8f00-2526c8cce87f,Cooperative Agreement for Long Term Data Collection on Antimicrobial Use in Animals (U01) Clinical Trial Not Allowed,forecast,ok,0.0,none,none,"The grant funds collection of antimicrobial use data in animals, which is not among NCDHHS's strategic goals or objectives for human health and human services.","collect antimicrobial use data from diverse animal sectors, including domestic livestock, poultry, companion animals (dogs, cats, and horses), and minor species (e.g., fish, sheep, goats, etc.)",lead,state_governments,none,0.0,"NCDHHS divisions administer human-services, public health, and Medicaid programs, and none has authority or routine operations in animal agriculture antimicrobial use data collection.","The grant is outside NCDHHS's core mission and authority, so pursuing it would divert limited federal-grants capacity to an agriculture and veterinary stewardship activity with no clear human-services return.",False,"This FDA grant funds animal antimicrobial-use data collection, not a named NCDHHS strategic goal or human-services division, and is outside NCDHHS authority.",[],True,True,lead,deepseek/deepseek-v4-pro,92b0344f579a,True
ecf72cc5-cff3-43fb-922f-1b27d5fb890a,HIV/AIDS Clinical Trials Network Laboratory Centers,forecast,ok,4.0,G1,G1.O1,"The grant funds laboratory infrastructure and testing for HIV prevention and treatment clinical trials, which supports building structures to reduce HIV-related health disparities.",test prevention and treatment strategies and conduct implementation research designed to end the HIV epidemic,atypical,state_governments,DPH,3.0,"DPH houses HIV/STD prevention and the state public health laboratory, but it does not operate an NIH-funded HIV clinical trials network laboratory center and would need substantial new research capacity.","The grant requires running a clinical-trial laboratory center under an NIH cooperative agreement, which likely exceeds NCDHHS's routine public health laboratory role and would compete with academic medical centers.",False,"NIH HIV clinical-trial laboratory infrastructure is research-heavy and not a clear fit for NCDHHS service objectives, though DPH could be a partner.",[],True,True,atypical,deepseek/deepseek-v4-pro,92b0344f579a,True
57c3cd68-e9e5-42c4-ac5b-b31a3ee245e3,Dementia Care and Caregiver Support Intervention Research - Stage I Only,forecast,ok,5.0,G1,G1.O1,"The grant funds development of behavioral interventions for people with Alzheimer's disease and related dementias and their caregivers, supporting better outcomes for a population facing significant health and situational challenges.",Dementia Care and Caregiver Support Intervention Research - Stage I Only,atypical,state_governments,DAGING,4.0,"DAGING administers aging and family caregiver programs, but this R34 would require research and clinical trial infrastructure outside the division's usual service delivery role.","It is a pre-solicitation notice from NIH seeking research grants, so NCDHHS would need an academic research partner and would not be competitive as a service-focused state agency lead.",False,"Dementia caregiver research aligns with aging and caregiver support, but NCDHHS is not an NIH R34 research lead; monitor only.",[],True,True,atypical,deepseek/deepseek-v4-pro,92b0344f579a,True
75c1d6c6-6f1e-46c7-84f1-1aaa0fc81bc2,Modular R01s in Cancer Control and Population Sciences (R01 Clinical Trial Optional),open,ok,5.0,G1,G1.O2,"The grant funds cancer control and population sciences research in epidemiology and data science, which could strengthen tracking of cancer disparities and outcomes.",research in cancer control and population sciences,lead,state_governments,DPH,5.0,"DPH conducts cancer and chronic disease epidemiology and uses population health data, but leading an NIH investigator-initiated research grant would likely require academic research partners.","This is an investigator-initiated research award, not a service grant, so NCDHHS may lack competitive NIH research capacity and the work may not directly improve programs.",True,State agencies are eligible; DPH cancer epidemiology and data work could align with G1.O2 and merit a DPH research-partner review.,[],True,True,lead,deepseek/deepseek-v4-pro,92b0344f579a,True
108e277c-2935-4167-a2fb-e299b406e949,Dental Primary Care Practice-Based Research Network: Clinical Trial or Observational Study Planning and Implementation Cooperative Agreement,forecast,ok,6.0,G1,G1.O3,"The grant funds research on integrating oral health care into medical care and on screening and referral in dental settings, which can reduce barriers to primary care and improve health access.","Supported studies will focus on integrating oral health care into medical care (whole-person health), such as screening for medical conditions and health behaviors in dental care settings and appropriate referrals to medical providers for follow-up care.",lead,state_governments,DPH,5.0,"DPH has epidemiology, surveillance, and local health department relationships, but it does not operate a dental practice-based research network or routinely lead NIH clinical trials and would need an academic dental partner.","It is a forecast only for research infrastructure and studies, and NCDHHS lacks a dental primary care practice-based research network, so the agency would likely depend on an academic partner with limited control.",False,"NIH dental research forecast; G1 health access alignment is real but NCDHHS lacks a dental PBRN and it is not currently solicited, so not a near-term fit.","[""Requires use of the Dental Primary Care PBRN infrastructure and resources for study planning and implementation"", ""Studies must be conducted in participating dental clinical practices with consenting patients""]",True,True,lead,deepseek/deepseek-v4-pro,92b0344f579a,True
078c6a60-731b-4c4f-bd44-d6ed7c5293c1,Accelerating the Pace of Substance Use Research Using Existing Data (R01 Clinical Trial Not Allowed),open,ok,7.0,G3,G3.O4,"The grant funds analysis of existing data on drug-using behaviors, prevention, and service utilization, which can build evidence for substance use treatment and prevention strategies.","study the etiology and epidemiology of drug using behaviors (defined as alcohol, tobacco, prescription and other drug) and related disorders, prevention of drug use and HIV, and health service utilization",atypical,state_governments,DMHDDSUS,4.0,"DMHDDSUS oversees substance use services but does not primarily conduct NIH-funded neuroimaging or social science data analysis, so it would need research partners to execute the project.","NIH R01s are highly competitive investigator-initiated research awards and NCDHHS lacks a strong research infrastructure, so the application may not be competitive.",False,Substance use data research aligns with G3.O4 but NIH R01 competitiveness and NCDHHS's limited research role make this a poor fit.,[],True,True,atypical,deepseek/deepseek-v4-pro,92b0344f579a,True
162979f5-6831-4553-9522-450d46d92b6d,HIV/AIDS Clinical Trials Network Statistical and Data Management Centers,forecast,ok,4.0,G1,G1.O2,"The grant funds statistical and data management centers that collect, monitor, and analyze HIV clinical trial data, which aligns with using data and metrics to track health outcomes and disparities.","SDMCs manage clinical and laboratory data submitted by CTUs and the LC ensuring data quality, regulatory compliance, and continual reporting of protocol and site performance.",atypical,state_governments,DPH,3.0,"DPH conducts disease prevention and surveillance, but this grant requires specialized multi-site clinical trials statistical and data management leadership that is not a core state health department function.",Highly specialized NIH research infrastructure award; NCDHHS would compete with academic research organizations and likely lacks a comparable clinical trials data coordinating center portfolio.,False,"Funds HIV clinical trials data centers; relevant to public health but highly specialized research infrastructure outside NCDHHS's core service role, better suited to academic partners.","[""Requires coordination with a Leadership and Operations Center, Laboratory Center, and Clinical Trials Units"", ""Continual reporting of protocol and site performance"", ""Must follow NIH data sharing policies""]",True,True,atypical,deepseek/deepseek-v4-pro,92b0344f579a,True
e9b3d943-9e83-48a7-911f-21e77eb9c9fb,Intervention Research to Improve Native American Health (R34 Clinical Trial Optional),open,ok,7.0,G1,G1.O1,"The grant funds culturally appropriate intervention research to reduce health disparities in Native American populations, directly supporting NCDHHS's health-disparities reduction goal.",support research on interventions to improve health in Native American (NA) populations.,lead,state_governments,DPH,5.0,"DPH has disease prevention, chronic disease, and epidemiology functions that fit the topic, but leading an NIH R34 would require added research infrastructure and tribal engagement.",NCDHHS may lack the academic research infrastructure and established tribal partnerships needed to compete for an NIH intervention research grant.,True,Aligns with NCDHHS's health-disparities goal through Native American health intervention research; DPH could pursue only with research and tribal partnerships.,[],True,True,lead,deepseek/deepseek-v4-pro,92b0344f579a,True
0536c0e6-e21d-4548-8511-a293babd20b8,Research Opportunities in Cancer Epidemiology Cohort Studies (U01 Clinical Trial Not Allowed),open,ok,5.0,G1,G1.O2,"The grant funds cancer epidemiology cohort research that can track cancer outcomes and disparities, supporting data use to reduce health disparities.",support research in cancer epidemiology cohort studies that address specific knowledge gaps in cancer etiology and survivorship,lead,state_governments,DPH,4.0,"DPH houses chronic disease epidemiology and surveillance and could manage or partner on cancer cohort research, but this U01 research grant is outside its routine public health service delivery.",NCDHHS likely lacks an existing cancer epidemiology cohort and the long-term research infrastructure needed to compete successfully for this NCI U01.,False,"Cancer epidemiology research aligns with data/outcome tracking under G1.O2, but DPH's routine service and surveillance role makes a large NIH cohort study a stretch.","[""support for cohort infrastructure and/or maintenance, continued follow-up"", ""sharing of data and biospecimen resources as appropriate""]",True,True,lead,deepseek/deepseek-v4-pro,92b0344f579a,True
0924a13a-4892-488c-a3cd-c0f9a67a163b,"Institute of Education Sciences (IES): National Center for Special Education Research (NCSER): Research Training Programs in Special Education, Assistance Listing Number (ALN) 84.324B",open,ok,3.0,G5,G5.O1,"The FY 2027 Methods Training focus on analyzing large administrative datasets supports NCDHHS's objective to foster data-driven decision-making and staff data skills, though in a special education research context.","For FY 2027, NCSER is only accepting applications for Methods Training focused on analyzing large administrative datasets to address research questions related to learners with or at risk for disabilities.",atypical,"Eligible applicants include, but are not limited to, non-profit and for-profit organizations and public and private agencies and institutions, such as colleges and universities.",none,2.0,"No NCDHHS division has a mission or existing role in training special education researchers, so the program would be outside its usual authority and expertise.","The grant is from the Department of Education and targets special education research training, which is outside NCDHHS's health and human services mission and likely a weak fit for its divisions.",False,"It funds special education research methods training rather than NCDHHS health or human services programs, so it is a poor match despite some data-skills relevance.","[""For FY 2027, NCSER is only accepting applications for Methods Training focused on analyzing large administrative datasets to address research questions related to learners with or at risk for disabilities."", ""Applicants must be located in the territorial United States."", ""An applying institution may hold more than one Methods Training award and submit multiple applications to the Methods Training Program if they are substantively different from one another and have no overlaps in key personnel.""]",True,True,atypical,deepseek/deepseek-v4-pro,92b0344f579a,True
637a8204-317d-41ff-9424-7790e8f205e5,Prevention and Intervention Approaches for Fetal Alcohol Spectrum Disorders (R61/R33 Clinical Trial Optional),open,ok,8.0,G2,G2.O4,"The grant funds research on prenatal alcohol exposure prevention and FASD interventions, which directly supports improving women's health and birth outcomes.",This Notice of Funding Opportunity (NOFO) focuses on prevention and intervention strategies for fetal alcohol spectrum disorders (FASD) throughout the lifespan.,lead,state_governments,DPH,5.0,"DPH houses maternal and child health, WIC, and public health surveillance programs, but a phased NIH clinical/translational research award is not its usual service delivery or funding mechanism.","The grant is an NIH exploratory/developmental research mechanism requiring research or clinical trial infrastructure and milestone-gated continuation, which may exceed NCDHHS's typical program capacity.",True,"Strong G2.O4 maternal and child health alignment, but NIH research structure and milestone risk mean DPH should assess feasibility, likely with an academic partner.","[""Transition to the R33 phase is contingent on NIAAA evaluation of R61 milestones""]",True,True,lead,deepseek/deepseek-v4-pro,92b0344f579a,True
5a0b4ac7-5736-4698-ae7a-a12fca515956,Limited Competition: Chronic Kidney Diseases of UnceRtain Etiology (CKDu) in Agricultural Communities (CURE) Research Consortium- Field Epidemiology Sites,forecast,ok,2.0,G1,G1.O2,"The field epidemiology sites collect biological and environmental data on chronic kidney disease in agricultural/rural populations, which could inform NCDHHS health disparity tracking, though the grant is extramural research rather than direct service or dashboard work.","This NOFO requests renewal applications for the Field Epidemiology Sites that will continue to identify, recruit, and retain participants in CKDu endemic areas, conduct study visits, and collect biological and environmental samples.",unclear,state_governments,DPH,3.0,"DPH has relevant epidemiology, environmental health, and chronic disease surveillance capacity, but this would be international field research under a limited NIH consortium rather than routine state public health practice.","Limited competition means NCDHHS may not be eligible unless it is already a CURE field epidemiology site, and the focus on CKDu endemic areas in low- and middle-income countries limits direct value to North Carolina.",False,"Limited-competition NIH research renewal for CKDu field sites, mostly outside the U.S.; not a practical NCDHHS fit despite public-health overlap.","[""Limited competition renewal for existing CURE Field Epidemiology Sites"", ""Field work in CKDu endemic areas with biological and environmental sample collection""]",True,True,unclear,deepseek/deepseek-v4-pro,92b0344f579a,True
0d59ca36-277e-4d09-bb8b-d5eee79641f6,Secondary Analysis and Integration of Existing Data to Elucidate Cancer Risk and Related Outcomes (R21 Clinical Trials Not Allowed),open,ok,6.0,G5,G5.O1,"The grant funds secondary analysis and integration of existing cancer datasets, supporting data integration and evidence generation that align with fostering data-driven decision-making.","The goal of this initiative is to address key scientific questions relevant to cancer by supporting the analysis of existing clinical, environmental, surveillance, health services, vital statistics, behavioral, lifestyle, genomic, and molecular profiles data.",lead,state_governments,DPH,7.0,"DPH runs cancer surveillance, epidemiology, and chronic disease analysis and could manage a secondary data-analysis project with existing data resources and partners.","As an NIH research grant, it requires strong advanced analytic and publication capacity, which may stretch a health department's service-oriented staff and compete with academic institutions.",True,NIH cancer data-analysis grant matches DPH cancer epidemiology and data-integration capacity; state is eligible and could apply as lead.,[],True,True,lead,deepseek/deepseek-v4-pro,92b0344f579a,True
ca96308f-058b-47fa-9a1a-b1ee06f9c937,Centers for AIDS Research (CFAR),forecast,ok,7.0,G1,G1.O1,"The grant funds implementation science research to end the HIV epidemic domestically, which supports reducing health disparities and increasing access for populations facing greater health challenges.",innovative implementation science research for ending the HIV epidemic domestically,atypical,state_governments,DPH,4.0,"DPH houses HIV/STD prevention and surveillance work, but CFAR is an academic research infrastructure award and is not a typical state health department program.","CFAR awards are typically made to academic institutions with existing HIV research portfolios, so NCDHHS may be an atypical lead and would more likely participate only as a partner.",False,"Supports HIV research infrastructure to end the epidemic; aligns with health-access goals, but CFAR is an academic award, making NCDHHS an atypical lead and likely only a partner.",[],True,True,atypical,deepseek/deepseek-v4-pro,92b0344f579a,True
bbf0a18c-1e2f-45ef-acd6-980df3828974,Forecast to Renew the Notice of Funding Opportunity Announcement for the Multiple Chronic Disease Research Centers,forecast,ok,8.0,G1,G1.O1,"The initiative funds research to optimize prevention, diagnosis, treatment, and management of multiple chronic diseases and improve health outcomes among populations experiencing health disparities, directly matching the health-disparities reduction focus of G1.O1.",improve health outcomes among pediatric and adult populations experiencing health disparities,atypical,state_governments,DPH,5.0,"DPH already leads chronic disease prevention, surveillance, and health-disparities work, but a P50 multi-center clinical-trial research center would require academic and clinical research partners beyond its usual service role.","The main risk is that this is a forecast, not a current solicitation, and NIH P50 specialized research centers are typically led by academic medical centers, so NCDHHS may be more viable as a partner than as a lead.",True,"Strong health-disparities alignment, but as an NIH P50 research center it is an atypical lead for NCDHHS; DPH could explore an academic partnership.","[""P50 (Critical Trial Required) activity code""]",True,True,atypical,deepseek/deepseek-v4-pro,92b0344f579a,True
a17265a0-a839-4e4a-b114-49c9254cd4a7,NIH Science Education Partnership Award (SEPA) (R25 - Clinical Trial Not Allowed),open,ok,2.0,none,none,"The grant funds pre-kindergarten through grade 12 biomedical science education and STEM career awareness, which does not directly advance a named NCDHHS health, child welfare, behavioral health, or workforce objective.","The overarching goal of this NIH Science Education Partnership Award (SEPA) program is to support educational activities that increase understanding of biomedical research among pre-college (pre-kindergarten to grade12) individuals, and to encourage awareness of and continued interest in careers in science, technology, engineering, and mathematics (STEM).",lead,state_governments,none,2.0,NCDHHS divisions deliver health and human services but do not have a core program in preK-12 biomedical science education or STEM curriculum delivery.,The program is outside NCDHHS's core service delivery and would require building K-12 educational partnerships that the Department does not currently operate.,False,"This NIH award funds preK-12 STEM and biomedical science education, which does not directly fit an NCDHHS health or human services objective.",[],True,True,lead,deepseek/deepseek-v4-pro,92b0344f579a,True
3950a8ea-a5c8-4b0a-b5ea-670c8db6dc77,Forecast to Renew the Funding Opportunity Announcement for Multiple Chronic Disease Research Centers Coordinating Center (U24 Clinical Trial Not Required),forecast,ok,7.0,G1,G1.O1,"The grant funds a coordinating center for research centers working to reduce chronic disease health disparities, directly supporting NCDHHS's goal to reduce health disparities and build structures for health access.","This research coordinating center supports regional P50 comprehensive research centers studying the timely prevention, diagnosis, treatment, and management of co-existing chronic diseases to reduce health disparities as authorized by Public Law 116-260, the Consolidated Appropriations Act of 2021.",atypical,state_governments,DPH,4.0,"DPH houses chronic disease and health equity expertise, but it is not structured to serve as a national NIH research coordinating center.","This is only a forecast with applications not yet solicited, and a national U24 coordinating center is far more likely to be led by an academic research institution than a state health department.",False,Research coordinating center for NIH-funded chronic disease centers aligns with health equity goals but is an atypical lead for a state health department and is only a forecast.,[],True,True,atypical,deepseek/deepseek-v4-pro,92b0344f579a,True
3021f11a-dd6c-4d15-9406-c2d7594a2e79,Advanced Laboratories for Accelerating the Reach and Impact of Treatments for Youth and Adults with Mental Illness (ALACRITY) Research Centers,forecast,ok,5.0,G3,G3.O1,"The grant funds research on system-level mental health care interventions to improve access, engagement, continuity, and quality, which aligns with DMHDDSUS's work to integrate and improve behavioral health care delivery.","developing and testing empirically informed patient-, provider- and system-level interventions to improve mental health care access, engagement, continuity, efficiency, and quality",partner,state_governments,DMHDDSUS,4.0,"DMHDDSUS oversees behavioral health services and could contribute practice sites, data, or partnerships, but it is not a research organization and likely cannot lead an NIH P50 center.","This is a large research infrastructure grant, so NCDHHS would likely be only a partner and the award would not directly fund mental health services.",False,"NIH research center grant for mental health services research; NCDHHS is not a research institution, so value is mainly as a partner, not an owner.","[""Applications must propose research that maximizes synergies across various components of the mental health research ecosystem"", ""Applications are also expected to include research activities that facilitate the widespread sharing of data, methods, and resources""]",True,True,partner,deepseek/deepseek-v4-pro,92b0344f579a,True
656b470c-38fc-441c-8675-f04f75b507d0,HIV/AIDS Clinical Trials Network Clinical Trials Units,forecast,ok,3.0,G1,G1.O1,"The grant funds HIV prevention and treatment research to end the HIV epidemic, which relates broadly to reducing health disparities for populations facing access barriers but is not a named NCDHHS health access activity.",CTNs will conduct randomized controlled clinical studies at CTUs testing innovative strategies and conduct implementation research targeted to end the HIV epidemic.,atypical,state_governments,DPH,2.0,"DPH conducts disease prevention and surveillance, but a CTU requires specialized clinical trial infrastructure and research sites that are typically operated by academic medical centers.","NCDHHS likely lacks the specialized clinical research infrastructure to serve as a Clinical Trials Unit, making this award unrealistic to lead and difficult to administer.",False,HIV clinical trials infrastructure grant fits broadly under health access but requires academic clinical trial capacity DPH does not have; not recommended.,[],True,True,atypical,deepseek/deepseek-v4-pro,92b0344f579a,True
8ae80981-8f34-48e1-9a75-c7ca81553ce7,Personal Health Informatics for Delivering Actionable Insights to Individuals (R01 Clinical Trial Optional),open,ok,3.0,G5,G5.O1,"The grant funds development of informatics and data science approaches for personal health insights, which is loosely related to NCDHHS's data-driven decision-making objective but is aimed at individuals rather than Department operations.",advance the development of novel informatics and data science approaches that can help individuals understand and improve their health through actionable insights,lead,state_governments,none,1.0,"No NCDHHS division has a core research mission in personal health informatics, so this would require an academic research partnership outside the agency's normal operations.","This is an NIH R01 research grant for academic-style informatics methods development, so NCDHHS would likely lack the research infrastructure and investigator team to compete without heavy reliance on external partners.",False,NIH research grant to develop personal health informatics tools; weak alignment with NCDHHS data objectives and no clear operational owner.,[],True,True,lead,deepseek/deepseek-v4-pro,92b0344f579a,True
360c4588-1512-4fa4-9b61-52a3f1d6c368,"Model-to-Clinic (M2C) for Precision Medicine with AI: Integrating Imaging with Multimodal Data (PRIMED-AI) (UG3/UH3, Clinical Trial Optional)",open,ok,4.0,G5,G5.O1,"The grant supports AI-enabled, multimodal data integration for clinical decision support, which partially aligns with the Department's data-driven decision-making objective.","support development of innovative, reliable, cost-effective, and sustainable multimodal AI-based clinical decision support (CDS) tools",atypical,state_governments,OSEC,3.0,"OSEC houses department-wide data and IT functions, but developing and clinically validating imaging-based AI software is outside NCDHHS's existing role and authority.","The project requires development and clinical translation of AI-based Software as a Medical Device, a technically complex research activity with no clear NCDHHS operational owner or clinical delivery setting.",False,NIH imaging AI research is outside NCDHHS's service delivery role and lacks a clear division owner despite a general data-driven decision-making link.,[],True,True,atypical,deepseek/deepseek-v4-pro,92b0344f579a,True
53a50b75-bff2-46ac-835b-e5f063f44959,Identify and Evaluate Potential Risk Factors for Amyotrophic Lateral Sclerosis (ALS),forecast,ok,2.0,none,none,"The grant funds ALS risk-factor research, which does not directly advance any named NCDHHS strategic objective and only generally overlaps with DPH epidemiology.",CDC/ATSDR is inviting research proposals to study risk factors for Amyotrophic Lateral Sclerosis (ALS).,lead,state_governments,DPH,5.0,"DPH has epidemiology and environmental health capacity that could support ALS risk-factor research, but it is not an established ALS research program and would likely need academic partners.","This ALS-specific research is outside NCDHHS's named strategic priorities, so the grant could consume DPH epidemiological and laboratory capacity for a topic with little direct state return.",False,"Eligible CDC research, but ALS risk factors do not match a named NCDHHS objective; DPH has relevant capacity but this would be a low-priority, resource-intensive pursuit.",[],True,True,lead,deepseek/deepseek-v4-pro,92b0344f579a,True
860b4fea-1a14-41e2-9192-20914548302b,Advancing Healthcare for Older Adults from Populations that Experience Health Disparities (R01 - Clinical Trial Optional),open,ok,8.0,G1,G1.O1,"The grant funds research to advance healthcare and reduce health disparities for older adults, directly supporting NCDHHS's goal of increasing health access and reducing disparities.",The purpose of this initiative is to advance the science and implementation of innovative multi-level health care research for older adults from populations that experience health disparities.,atypical,state_governments,DAGING,4.0,"The Division of Aging serves older adults and could provide subject-matter expertise and populations, but this NIH R01 requires research infrastructure it does not currently have.",NCDHHS is unlikely to be competitive as an NIH R01 lead because it lacks an academic research track record; pursuing would require a strong university partner and significant staff time.,False,"Aligns with health equity and older adults, but it is an NIH research R01 requiring academic research capacity NCDHHS lacks; better as a partner than a lead.",[],True,True,atypical,deepseek/deepseek-v4-pro,92b0344f579a,True
b92ee363-0a5f-4ee2-868f-84b93ce7050a,Community-Partnered Nursing Research Centers (P20 Clinical Trial Optional),open,ok,2.0,none,none,The grant funds academic research infrastructure that could generate evidence on persistent health challenges but does not directly implement a named NCDHHS objective.,support the development of innovative research centers to foster nursing-led programs that promote community-partnered research to address persistent health challenges,atypical,state_governments,none,0.0,"No NCDHHS division operates a School of Nursing or manages NIH P20 research centers, so it could not realistically own the proposed center.","The award is structured around a School or College of Nursing, so NCDHHS would at most be a community partner and is unlikely to lead or receive the core award.",False,"Academic nursing research center grant does not fit NCDHHS service authority or operations; better suited to a university nursing school, with NCDHHS only as a possible partner.","[""should meaningfully engage the community throughout all activities""]",True,True,atypical,deepseek/deepseek-v4-pro,92b0344f579a,True
ee00bde7-db1e-43d4-a6de-4a78b572cc31,Updated National Dislocated Worker Grant Program Guidance and Application Information,open,ok,0.0,none,none,"The grant funds U.S. Department of Labor dislocated worker reemployment and disaster recovery employment, which is not among NCDHHS health, child, family, behavioral health, or workforce objectives.",Updated National Dislocated Worker Grant Program Guidance and Application Information,ineligible,State workforce agencies administering WIOA formula funds,none,0.0,NCDHHS is not North Carolina's WIOA state workforce agency and no division administers dislocated worker employment or training grants.,"NCDHHS is not an eligible applicant, so any involvement would be indirect through the state workforce agency rather than a direct NCDHHS grant.",False,This is a U.S. Department of Labor dislocated worker grant outside NCDHHS eligibility and mission; the state workforce agency is the correct applicant.,[],True,True,ineligible,deepseek/deepseek-v4-pro,92b0344f579a,True
9978ab03-daa2-4d23-b5bb-eeb42dcf7878,Palliative Care Research Across the Lifespan: Leveraging the Palliative Care Consortium,forecast,ok,5.0,G1,G1.O1,"The grant would fund research on characterizing or mitigating disparities in palliative care access, quality, and use, which directly supports NCDHHS's goal of reducing health disparities and increasing health access.","including projects focused on characterizing or mitigating disparities in palliative care access, quality, and use",atypical,state_governments,DPH,4.0,"DPH has relevant chronic disease and health disparities work, but leading NIH palliative care clinical or health services research would require academic or clinical research infrastructure beyond its usual role.","Applications are not being solicited at this time, so there is no current or near-term funding opportunity to pursue.",False,"Research notice only, not soliciting applications; palliative care disparities align with health access but NCDHHS likely lacks lead research infrastructure.","[""Awardees will become members of the research community facilitated by the NIH-funded""]",True,True,atypical,deepseek/deepseek-v4-pro,92b0344f579a,True
25f595e2-1671-4aae-a760-e3487a3d282c,Strategies to Innovate EmeRgENcy Care Clinical Trials Network (SIREN) Infrastructure – Clinical Enrollment Hubs,forecast,ok,2.0,none,none,"The grant funds emergency care clinical trial infrastructure, which does not directly implement a named NCDHHS strategic objective.",The SIREN Network performs clinical trials that impact the care of individuals with a non-stroke neurological and cardiovascular emergency in the pre-hospital or emergency department setting.,atypical,state_governments,none,2.0,No division operates emergency clinical trial enrollment hubs; DHSR regulates EMS but would not run a multi-site NIH clinical research network.,"The work requires hospital-based emergency department clinical trial operations that NCDHHS does not perform, so the agency would likely be a peripheral partner rather than a credible lead.",False,"Emergency care clinical trial infrastructure has no clear NCDHHS strategic objective or division owner; a state health department would be an atypical partner, not a lead.",[],True,True,atypical,deepseek/deepseek-v4-pro,92b0344f579a,True
ff7edf5f-3dc8-4e2b-94a9-c4e9b1e06d3c,Occupational Safety and Health Education and Research Centers (T42),open,ok,4.0,G4,G4.O4,"The grant would help build the occupational health workforce pipeline, which is adjacent to public health workforce support, but it is aimed at academic trainees rather than state or local health department staff.",NIOSH is mandated to provide an adequate supply of qualified personnel to carry out the purposes of the Occupational Safety and Health Act,atypical,"ERCs are academic institutions that provide high-quality interdisciplinary graduate and post-graduate training, research training, continuing education, and outreach",DPH,3.0,"DPH supports public health workforce and occupational health surveillance, but it does not operate a university-based graduate occupational safety and health training center.","NCDHHS is not an academic institution and would be an atypical lead, so an application would likely be noncompetitive or ineligible.",False,This funds university-based occupational safety and health training centers; NCDHHS is not an academic ERC and would have limited role.,[],True,True,atypical,deepseek/deepseek-v4-pro,92b0344f579a,True
bdd8e776-8fcc-4740-a784-2f8a95921e0a,Commercial Fishing Occupational Safety Training Project Grants (T03),open,ok,0.0,none,none,No NCDHHS strategic objective directly covers commercial fishing occupational safety training.,The goal of the training grant program is to enhance the quality and availability of safety training for United States commercial fishermen.,lead,state_governments,none,0.0,No NCDHHS division has maritime occupational safety training authority or existing commercial fishing safety partnerships.,"The program requires specialized maritime safety expertise and industry partnerships that NCDHHS does not have, making this a high-effort pursuit outside the agency's core health and human services role.",False,"No NCDHHS goal or division covers commercial fishing occupational safety; this maritime safety training grant fits labor or Sea Grant partners, not health and human services.","[""Requires qualified marine safety instructors or instructors accepted by the National Maritime Center"", ""Requires coordination with existing training programs and partnerships with industry fishermen and agencies"", ""Training must conform to 46 U.S.C. \u00a7 4502(i) safety standards"", ""Requires evaluation of training effectiveness and impact on reducing injuries among fishermen""]",True,True,lead,deepseek/deepseek-v4-pro,92b0344f579a,True
d07ebcd7-96cf-40cb-8ae3-f401b6274080,PRIMED-AI: Data-to-Model Academic-Industrial Partnerships (D2M-AIP) for Precision Medicine with AI: Integrating Imaging with Multimodal Data (UG3/UH3 Clinical Trial Optional),open,ok,2.0,G5,G5.O1,"The grant funds development of multimodal AI-based clinical decision support tools, which is only tangentially related to G5.O1's emphasis on data integration and data-driven decision-making.","support development of innovative, reliable, cost-effective, and sustainable multimodal AI-based clinical decision support (CDS) tools.",atypical,state_governments,none,1.0,"No NCDHHS division has authority, clinical imaging data access, or software-as-a-medical-device AI development capacity to run this program.","NCDHHS lacks the clinical imaging data, AI/software-as-a-medical-device expertise, and academic-industry partner network needed to lead this work; state eligibility alone does not make it a fit.",False,"Weak fit with G5.O1; state governments are eligible but no NCDHHS division has clinical AI or imaging-data capacity, so not worth pursuing.","[""Program is structured as an academic-industrial partnership, so non-state academic and industry collaborators are expected.""]",True,True,atypical,deepseek/deepseek-v4-pro,92b0344f579a,True
52596a75-bd24-4f15-a996-b8fae56e392c,,,api_error,,,,,,,,,,,,,,,,,,,,
e1dcb919-4710-49c3-9263-4849a1e8a507,Effectiveness Trials for Post-Acute Interventions and Services to Optimize Longer-term Outcomes (R01 Clinical Trial Required),open,ok,6.0,G3,G3.O1,"The grant funds clinical trials of post-acute mental health service delivery and therapeutic interventions, generating evidence that could strengthen integrated behavioral health and coordinated care models.","evaluate the effectiveness of therapeutic and service delivery interventions for the post-acute management of mental health conditions affecting youth, adults, and older adults.",lead,state_governments,DMHDDSUS,6.0,"DMHDDSUS oversees mental health services and could manage the grant with academic research partners, but it is not a typical lead for a rigorous NIH clinical trial.","This is research funding rather than service funding, and leading a clinical trial would require substantial research infrastructure and likely academic partnerships that NCDHHS does not typically have.",False,"Fits our mental health mission, but as an R01 clinical trial it requires research infrastructure better suited to an academic partner than a state services division.","[""Clinical Trial Required"", ""statistically powered to provide a definitive answer""]",True,True,lead,deepseek/deepseek-v4-pro,92b0344f579a,True
66b556a1-f978-4dbe-ae6b-4d23f799eb1a,NIOSH Small Research Grant Program (R03),forecast,ok,2.0,none,none,"The grant funds occupational safety and health research, which is not among NCDHHS's named strategic objectives.",The NIOSH Small Research grant mechanism (R03) supports occupational safety and health research projects that can be carried out with limited resources,lead,state_governments,DPH,4.0,"DPH is the closest fit because it houses epidemiology, environmental health, and disease surveillance, but occupational health research is not a named DPH priority.","The grant addresses occupational safety and health research, which is outside NCDHHS's stated strategic goals and likely has a stronger home with universities or the state's labor agency.",False,"Eligible as a state agency but funds occupational safety research not named in NCDHHS goals, with no clear division fit; likely not worth pursuing.","[""Foreign components, as defined in the HHS Grants Policy Statement, are not allowed.""]",True,True,lead,deepseek/deepseek-v4-pro,92b0344f579a,True
afc00d6c-1c46-41b9-bf6a-49e00362e143,Network of the National Library of Medicine Training Center (U24 Clinical Trial Not Allowed),forecast,ok,3.0,G5,G5.O1,"The grant funds training and curricula for using health information and data resources, which is tangentially related to G5.O1's focus on staff data skills but is aimed at librarians and information specialists rather than NCDHHS operations.","The NTC will focus on supporting training across the NNLM, including developing curricula, materials, and executing synchronous and asynchronous training sessions.",lead,state_governments,none,2.0,"NCDHHS does not operate a national medical library training center and lacks the required biomedical information, instructional design, and technology management role.","This is a national training center for medical library and information specialists, requiring specialized library and informatics capacity that NCDHHS does not have.",False,"Though state agencies can apply, this national library training center does not match NCDHHS health and human services functions and would divert effort from core mission.","[""Cooperative agreement with NIH involvement""]",True,True,lead,deepseek/deepseek-v4-pro,92b0344f579a,True
d23e74e1-5ffd-4ef3-ad72-7fb9697e5949,Interventions to Address Disparities in Liver Diseases and Liver Cancer (R01 - Clinical Trials Optional),open,ok,9.0,G1,G1.O1,"The funded intervention research directly advances G1.O1, which commits NCDHHS to reducing health disparities across the Department, by targeting disparities in liver diseases and liver cancer.",This initiative will support multi-level and/or multi-domain intervention research to reduce disparities in liver diseases and liver cancer among populations who experience health disparities in the United States (U.S.).,lead,state_governments,DPH,8.0,"DPH runs chronic disease, cancer, epidemiology, and health disparity surveillance programs, so leading or partnering on this research is an extension of existing work.","R01 research grants typically require substantial research infrastructure and do not fund direct service delivery, so NCDHHS would likely need an academic partner to be competitive.",True,NIH R01 research on reducing liver disease and cancer disparities aligns with DPH chronic disease and health equity work; review as lead or partner.,[],True,True,lead,deepseek/deepseek-v4-pro,92b0344f579a,True
f0f92216-2abf-4b7d-9ba9-9b1f554c5958,The Next Generation of the Clinical and Translational Science Awards Program Trial Innovation Network,forecast,ok,2.0,G5,G5.O1,"The clinical-trial data tools, digital health technologies, and disease progression modeling have only an indirect link to G5.O1's data-driven decision-making and do not fund a named NCDHHS service strategy.","The goal of the TIN is to execute trials better, faster, and more cost-efficiently, as well as serve as a national laboratory to study, understand, and innovate the process of conducting multi-center clinical trials.",atypical,state_governments,none,0.0,"No NCDHHS division operates a clinical and translational science trial network or multi-center trial infrastructure, so this work falls outside the Department's existing role and authority.","NCDHHS likely lacks the academic medical center partnerships, clinical trial infrastructure, and research capacity needed for a credible lead application, so pursuit could consume substantial effort with low success probability.",False,"Supports clinical trial innovation, not NCDHHS health-service objectives; no division operates a trial network, so it is a poor fit despite state eligibility.",[],True,True,atypical,deepseek/deepseek-v4-pro,92b0344f579a,True
646e27d6-2e72-4093-8fdc-700e57d0cbc6,Environmental influences on Child Health Outcomes (ECHO) Cohort Data and Biospecimen Access (X01 Clinical Trial Not Allowed),open,ok,9.0,G2,G2.O4,This directly supports G2.O4 by funding access to ECHO cohort data and biospecimens to study high-priority areas of maternal and child health.,"The purpose of this Program Announcement with Special Receipt, Referral, and/or Review Considerations (PAR) is to solicit applications to access limited identifiable data or biospecimens from the ECHO Cohort to study high-priority areas of maternal and child health.",lead,state_governments,DPH,8.0,"DPH already leads maternal and child health epidemiology and surveillance, so analyzing ECHO cohort data and biospecimens fits its existing research role.","The award is for access to existing ECHO cohort data and biospecimens rather than direct service or implementation funding, so its value depends on DPH having the analysis capacity to use the resource.",True,"Aligns with G2.O4 maternal and child health; DPH could analyze ECHO cohort data on birth outcomes, but it is data access rather than new service funding.",[],True,True,lead,deepseek/deepseek-v4-pro,92b0344f579a,True
967f621e-4adc-4208-98d4-ae3b7671ad10,FDA Support for Conferences and Scientific Meetings (R13 Clinical Trial Not Allowed),forecast,ok,2.0,none,none,"The grant funds general scientific conference activities, not a named NCDHHS objective or direct service strategy.",The purpose of the FDA (R13) Scientific Conference Grant Program is to facilitate the provision of federal financial assistance in support of high-quality conferences and scientific meetings designed to research and investigate a topic clearly aligned with the FDA mission.,lead,state_governments,DPH,4.0,"DPH hosts public health conferences and could manage a scientific meeting, but this FDA mechanism is not part of its core programmatic authority.","The conference-only scope has an indirect, time-limited link to NCDHHS health services and may not justify the application effort.",False,General FDA conference support does not directly fund an NCDHHS strategic objective; state agencies are eligible but there is no clear programmatic fit.,"[""FDA will not issue a conference grant award unless it can be issued before the conference start date.""]",True,True,lead,deepseek/deepseek-v4-pro,92b0344f579a,True
de984d54-e7f4-4da6-a553-8509070c43f9,Exploratory Grants in Cancer Control (R21 Clinical Trial Optional),open,ok,5.0,G1,G1.O1,"The grant funds exploratory cancer control research that could generate evidence to reduce cancer-related health disparities, consistent with building structures to increase health access and reduce disparities.","focus on different aspects of cancer control by modifying behavior, screening, and understanding etiologic factors contributing to the development of cancer, and developing ways to control cancer",atypical,state_governments,DPH,5.0,"DPH runs chronic disease and cancer prevention programs and could partner on population-based cancer research, but an NIH R21 exploratory research grant is outside its core service delivery and usual grant portfolio.","It is a competitive NIH exploratory research grant, not a programmatic or service delivery award, so NCDHHS would need substantial research capacity or an academic partner to be successful.",False,NIH cancer-control R21 aligns only modestly with DPH chronic disease work and is an atypical research grant rather than direct program funding.,[],True,True,atypical,deepseek/deepseek-v4-pro,92b0344f579a,True
72610d49-3969-4f3f-8018-48f186c2c4dc,Secondary Analysis and Integration of Existing Data to Elucidate Cancer Risk and Related Outcomes (R01 Clinical Trial Not Allowed),open,ok,7.0,G1,G1.O2,"This grant funds secondary analysis and integration of existing datasets to elucidate cancer risk and related outcomes, which directly supports G1.O2's emphasis on using data and metrics to track health disparities and outcomes.",Secondary Analysis and Integration of Existing Data to Elucidate Cancer Risk and Related Outcomes (R01 Clinical Trial Not Allowed),lead,state_governments,DPH,7.0,"DPH houses cancer surveillance/epidemiology, chronic disease prevention, and vital statistics units that already use population health data, making secondary analysis a realistic extension of existing work.","It is a highly competitive NIH R01 research grant requiring advanced biostatistical and epidemiological capacity, which may be beyond current in-house resources without academic partners.",True,Fits G1.O2 and DPH cancer surveillance/epidemiology; NIH research grant offers analytics rather than direct services and may need academic partners.,[],True,True,lead,deepseek/deepseek-v4-pro,92b0344f579a,True
e656176c-fec2-4132-8761-875dfa73dbc8,Network of the National Library of Medicine Regional Medical Libraries (UG4 Clinical Trial Not Allowed),forecast,ok,4.0,G5,G5.O1,"The grant funds regional training and outreach to enable effective use of health information and data, which supports data literacy and data-driven decision-making among public health and community partners.",The NNLM’s core mission is to enable the effective use of—and contribution to—health information and data made available by the NLM and NIH.,lead,state_governments,none,1.0,"No NCDHHS division currently operates a medical library, regional health information training network, or multi-state biomedical information partnership, so this cooperative agreement would require building new capacity outside existing authority.","NCDHHS lacks the expected core competency of building and managing a regional biomedical information and library partnership, so this award likely fits an academic health sciences library better than a state health department.",False,"Funds regional medical library networks for health information and data training; no NCDHHS division owns library operations, so it is not a practical fit.","[""Requires institutional connections with a health science library"", ""Must collaborate with the Network Coordinating Center and Network Training Center"", ""Must collect and report common metrics and site-specific goals"", ""Must serve a multi-state geographic region as a Regional Medical Library""]",True,True,lead,deepseek/deepseek-v4-pro,92b0344f579a,True
224cb740-46ae-4eab-bdb5-d858638ee591,Fair Housing Initiatives Program - Education and Outreach Initiative,open,ok,1.0,none,none,"The grant funds fair housing education and outreach, which does not directly advance any named NCDHHS health or human services objective.","educate the public, housing providers and other stakeholders about their rights and obligations under provisions of fair housing laws",lead,Other agencies of State or local governments,none,0.0,"No NCDHHS division has authority or expertise over fair housing education, enforcement, or housing discrimination programs.","NCDHHS lacks fair housing authority and expertise, so the grant would require building new capacity for a program outside its mission while under substantial HUD oversight.",False,"HUD fair housing education/outreach is outside NCDHHS's health and human services authority and no division has fair housing expertise, despite state-agency eligibility; not a good fit.","[""Under a cooperative agreement, HUD will exercise the right to approve, and have substantial involvement in, all proposed deliverables, as well as the Work Plan or Statement of Work (SOW)."", ""For grants and cooperative agreements, HUD will conduct monitoring reviews, request quarterly reports, and approve all proposed deliverables as documented in the applicant's Work Plan or SOW."", ""your organization must have at least 5 years of experience as an advertising, media or public relations organization with strong understanding of adult learning theory, instructional design, and design thinking"", ""national funds are awarded under cooperative agreements managed by Headquarters since the awards have a nationwide impact and therefore require more complex and frequent oversight as well as Departmental approval of deliverables.""]",True,True,lead,deepseek/deepseek-v4-pro,92b0344f579a,True
26116df5-40e6-4c83-8e5a-d90664b418ba,Optimizing Behavioral Sleep Interventions for Adolescents and Young Adults (R34 Clinical Trial Required),open,ok,6.0,G3,G3.O1,The pilot behavioral sleep interventions for adolescents and young adults with or at risk for mental health disorders could advance integrated behavioral and physical health care by testing sleep-focused treatment in real-world settings.,"NIMH seeks applications for pilot research to adapt, optimize, and test behavioral interventions that address common sleep problems in adolescents and young adults with or at risk for a mental health disorder.",atypical,state_governments,DMHDDSUS,4.0,"DMHDDSUS oversees mental health services and could provide implementation context or partner with academic researchers, but it does not typically design or conduct NIH clinical trials on sleep interventions.","It is a research-intensive clinical trial grant that NCDHHS divisions are not set up to lead, so its value depends on securing academic research partners and it would not directly fund state services.",False,NIMH pilot behavioral sleep trial for youth mental health aligns with DMHDDSUS but is academic research; NCDHHS lacks clinical-trial capacity and direct service payoff.,"[""Clinical Trial Required""]",True,True,atypical,deepseek/deepseek-v4-pro,92b0344f579a,True
0c2a30d6-d732-4708-9a3f-c069cb554c1f,Tobacco Centers of Regulatory Science (TCORS) (Clinical Trial Optional),forecast,ok,3.0,none,none,"The grant funds tobacco regulatory science research, which relates to public health but does not directly fund a named NCDHHS strategic objective.",The TCORS program objective is to establish collaborative multidisciplinary research centers that will expand the scientific base informing regulation of tobacco products to protect public health and support implementation of the FSPTCA.,atypical,state_governments,DPH,4.0,"DPH houses chronic disease and tobacco-related public health functions, but this is a large multidisciplinary research center mechanism rather than a state service program.","NCDHHS would be an atypical lead for a large NIH/FDA research center, and any resulting findings may not translate directly into state tobacco-control program operations.",False,Research award for academic tobacco regulatory science centers is only loosely tied to NCDHHS objectives and is an atypical lead for DPH.,"[""Centers are expected to include at least three discrete hypothesis driven Research Projects with a scientific Integrative Theme.""]",True,True,atypical,deepseek/deepseek-v4-pro,92b0344f579a,True
67e06df1-e563-43fa-8fd0-46f3cbbc9aef,Network of the National Library of Medicine Coordinating Center (U24 Clinical Trial Optional),forecast,ok,3.0,G5,G5.O1,"The Coordinating Center's data collection, evaluation, and common metrics work loosely fits NCDHHS's data-driven decision-making objective, but it is a national library-network role rather than NCDHHS data infrastructure.","The NCC will manage network-wide evaluation activities, including the development of tools and systems for data collection and analysis, and will lead the common metrics initiative and related reporting.",atypical,state_governments,none,1.0,"No division has a health-information-library or national coordinating-center mandate, and the work is outside NCDHHS's direct service and regulatory roles.","NCDHHS would be competing against established library and information-network organizations with NIH partnerships, and the grant is distant from state health service priorities.",False,"National library network coordinating center is outside NCDHHS's health service mission and divisional expertise; although state governments are eligible, operational fit is too low to pursue.","[""Must coordinate with the Network Training Center and Regional Medical Libraries"", ""Network-wide evaluation, data collection, and common metrics reporting required"", ""National scope and operation of public-facing platforms such as the NNLM website""]",False,True,atypical,deepseek/deepseek-v4-pro,92b0344f579a,True
c7d4fdfb-bb99-4717-a08f-27b0ef4f1daa,Chronic Care Telehealth Centers of Excellence Program,forecast,ok,9.0,G1,G1.O3,"The grant funds academic medical centers to integrate telehealth technology into chronic care models, directly advancing telehealth as a way to reduce barriers to health services.",integrate innovative telehealth technologies into the full spectrum of services included in chronic care models,ineligible,Academic Medical Centers.,none,0.0,"No NCDHHS division is an academic medical center, so the agency cannot realistically serve as the applicant for this cooperative agreement.",NCDHHS is not an academic medical center and is therefore ineligible to apply as the lead applicant.,False,"Eligibility is limited to academic medical centers, so NCDHHS cannot apply despite the program's clear alignment with telehealth access goals.","[""Eligible applicants are limited to academic medical centers.""]",True,True,ineligible,deepseek/deepseek-v4-pro,92b0344f579a,True
bc768aba-aa46-47dc-990e-48ea87be8e79,Advanced Development and Sustainment of Informatics Technologies for Cancer Research and Management (U24 Clinical Trial Optional),forecast,ok,7.0,G5,G5.O1,"The grant directly funds development and sustainment of informatics tools for data management, analysis, visualization, and interpretation, which supports data infrastructure and data-driven decision-making.","advancement and sustainment of informatics tools, software, and research resources that enable the acquisition, management, analysis, visualization, and interpretation of data across the cancer research continuum",atypical,state_governments,DPH,4.0,"DPH houses cancer epidemiology and registry/surveillance data functions, but it would need specialized informatics development and dissemination capacity to lead a U24.","This is an NIH cooperative agreement for continuing an already-developed national cancer informatics tool, so NCDHHS would likely lack the specialized software development capacity and face strong competition from academic informatics groups.",False,"Cancer informatics tool development aligns with data goals but is a specialized NIH research mechanism; DPH has limited software development role, so likely not a competitive fit.",[],True,True,atypical,deepseek/deepseek-v4-pro,92b0344f579a,True
7472b3bc-2bef-4494-854d-146821158d74,Centers of Excellence (COE),forecast,ok,7.0,G1,G1.O1,"The grant funds health professions education programs for underrepresented minority students, which builds a workforce better able to reduce health disparities.",programs of excellence in health professions education for under-represented minority individuals,ineligible,"Eligible entities are accredited allopathic schools of medicine, osteopathic medicine, dentistry, pharmacy, and graduate programs in behavioral or mental health.",none,0.0,"NCDHHS divisions do not operate accredited health professions schools or graduate programs, so the Department cannot serve as the applicant or implement the required educational program.",NCDHHS appears ineligible because only accredited health professions schools and graduate programs in specific fields may apply.,False,"Only accredited health professions schools and graduate health programs are eligible; NCDHHS is not such an institution, so it cannot apply.",[],True,True,ineligible,deepseek/deepseek-v4-pro,92b0344f579a,True
efa5065c-2676-4b1a-b17f-d7e42dcfb3e4,NIDCR Behavioral and Social Intervention Clinical Trial Planning and Implementation Cooperative Agreement (UG3/UH3 Clinical Trial Required),open,ok,5.0,G1,G1.O1,"The grant funds clinical trials to develop and test behavior change interventions for dental, oral, and craniofacial conditions, which could help reduce oral health disparities and advance health equity.","Studies appropriate for this announcement include clinical trials to develop and test behavior change interventions related to dental, oral, or craniofacial conditions.",atypical,state_governments,DPH,4.0,"DPH has oral health promotion and surveillance functions, but an NIH UG3/UH3 investigator-initiated clinical trial requires research infrastructure, IRB, and clinical trial management beyond its routine public health operations.","This is an investigator-initiated NIH clinical trial cooperative agreement; NCDHHS likely lacks the clinical research infrastructure to compete with academic dental research centers, and UH3 implementation funding is not guaranteed after the UG3 planning phase.",False,"Fits oral health disparities under G1.O1 but is an NIH investigator-initiated clinical trial, not a state service program; DPH lacks competitive research infrastructure.","[""Milestone-driven UG3 planning phase for up to 2 years with possible UH3 transition only if scientific milestones and feasibility requirements are met"", ""UG3/UH3 application must be submitted as a single application"", ""Clinical Trial Required""]",True,True,atypical,deepseek/deepseek-v4-pro,92b0344f579a,True
39082d33-81a4-4136-8e86-aa33bbfc438b,Laboratories to Optimize Digital Health (R01 Clinical Trial Required),open,ok,7.0,G3,G3.O1,"The project funds clinical trials of digital mental health interventions, which can extend and optimize behavioral health care delivery and integration.","test strategies to increase the reach, efficiency, effectiveness, and quality of digital mental health interventions",atypical,state_governments,DMHDDSUS,5.0,"DMHDDSUS oversees mental health services and could support digital mental health intervention trials, but it is not primarily an NIH clinical research organization.","The R01 research and clinical trial requirements may exceed NCDHHS's internal research capacity, making success dependent on an academic research partner.",True,"Aligns with DMHDDSUS mental health priorities and digital health, but would likely require a research partner to conduct the required clinical trial.","[""Clinical Trial Required""]",True,True,atypical,deepseek/deepseek-v4-pro,92b0344f579a,True
ba699726-91ac-405c-b9b6-d13c91085555,Development of Fiscal Year 2027 Commercial Vehicle Safety Plans to Support National Safety Goals,open,ok,1.0,none,none,"The grant funds commercial motor vehicle safety planning to reduce crashes and injuries, but no NCDHHS strategic objective addresses highway or commercial vehicle safety.","reduce the number and severity of crashes, injuries, and fatalities and hazardous material incidents involving commercial motor vehicles",atypical,state_governments,none,0.0,"NCDHHS divisions do not regulate commercial motor vehicles or administer highway safety programs, so the Department lacks the authority and infrastructure to lead this grant.","The grant is outside NCDHHS's mission and would likely belong with the state's transportation or highway safety agency, so it offers little value to the Department.",False,"Funds commercial vehicle safety planning, a transportation and highway safety function outside NCDHHS's health and human services mission; no division fits.",[],True,True,atypical,deepseek/deepseek-v4-pro,92b0344f579a,True
f4ac056d-f7a3-403b-8e82-95ddbd4a1e4b,NIOSH Exploratory/Developmental Grant Program (R21),forecast,ok,2.0,none,none,"No named NCDHHS objective directly covers occupational safety and health research, so the funded activity does not align with any objective.",The R21 grant program is designed to advance our understanding of occupational diseases and injuries by focusing on the following three objectives:,lead,state_governments,DPH,4.0,"DPH handles disease prevention, epidemiology, and environmental health, so it is the closest fit, but it does not have an occupational safety and health research mandate.","NCDHHS lacks an occupational safety and health research program, so the R21 research grant would require capabilities and infrastructure the department does not currently have.",False,"No NCDHHS strategic objective covers occupational safety/health research; DPH lacks an occupational health research program, so this NIOSH R21 is not a fit.",[],True,True,lead,deepseek/deepseek-v4-pro,92b0344f579a,True
1998807c-2c4c-45ce-924c-748dbcdeb2ad,TIP Office International Programs to Combat Human Trafficking Annual Program Statement,open,ok,1.0,none,none,"No NCDHHS strategic objective directly addresses international human trafficking prosecution, protection, or prevention; at most it intersects indirectly with victim services.","The TIP Office invites applications for projects that aim to combat human trafficking following the legislative framework laid out in the Trafficking Victims Protection Act, and subsequent reauthorizations, to prosecute traffickers, protect victims, and prevent trafficking.",ineligible,U.S. government agencies,none,0.0,No NCDHHS division has authority or infrastructure to implement U.S. Department of State international anti-trafficking programs; the Department's divisions operate domestic health and human services programs.,"As a state agency, NCDHHS is not among the eligible applicant types for this U.S. Department of State international assistance program, so the opportunity is likely not available to the Department.",False,State agency is ineligible and the international anti-trafficking focus falls outside NCDHHS domestic health and human services mission; no division would own it.,[],True,True,ineligible,deepseek/deepseek-v4-pro,92b0344f579a,True
d056d8ef-89b0-4e67-ab19-1aa5384ee71b,Program to End Modern Slavery Annual Program Statement,open,ok,1.0,none,none,"The grant funds international anti-trafficking programming, which is not among NCDHHS's strategic goals or objectives and does not directly advance a named health, child welfare, behavioral health, workforce, or operational strategy.","PEMS programming establishes a strategic funding framework to develop, test, evaluate, and scale evidence-based anti-trafficking interventions that directly advance U.S. national security, economic competitiveness, and efforts to combat transnational crime.",ineligible,U.S. government agencies,none,1.0,"NCDHHS divisions do not run international anti-trafficking programming, and this grant is outside the Department's domestic health and human services authority and operations.","The grant is aimed at international programming and U.S. federal agency applicants rather than state health and human services operations, so NCDHHS likely lacks eligibility and implementation authority.",False,International anti-trafficking grant falls outside NCDHHS domestic health and human services objectives and likely excludes state agencies; no clear owning division.,[],True,True,ineligible,deepseek/deepseek-v4-pro,92b0344f579a,True
21641587-9295-49dc-811b-95337df4af5c,Advanced Development of Informatics Technologies for Cancer Research and Management (U24 Clinical Trial Optional),open,ok,4.0,G5,G5.O1,"This grant funds data acquisition, analysis, visualization, and interpretation tools for cancer research, which partially aligns with G5.O1's focus on data infrastructure and data-driven decision-making but in a narrow cancer-research context.","advanced development and enhancement of emerging informatics technologies to improve the acquisition, analysis, visualization, and interpretation of data across the cancer research continuum including cancer biology, cancer treatment and diagnosis, early cancer detection, risk assessment and prevention, cancer control and epidemiology",atypical,state_governments,DPH,3.0,"DPH has cancer surveillance and epidemiology functions, but this U24 requires developing and disseminating informatics technologies for the cancer research field, which is not DPH's usual operational role.","NCDHHS is a service and regulatory agency, not a cancer informatics technology developer, so the software development and national dissemination expectations would likely be high-burden and low-yield.",False,"Funds cancer informatics software development, not NCDHHS service delivery: only indirect data-governance alignment and heavy end-user outreach burden make it a poor fit for DPH.","[""Requires mechanisms to solicit feedback from driving cancer research projects and the broader user community throughout development."", ""Requires plans to advance use of the tool through collaboration, outreach, and training."", ""Cooperative agreement rather than a standard grant, meaning substantial NIH involvement.""]",True,True,atypical,deepseek/deepseek-v4-pro,92b0344f579a,True
e0b00d08-7c83-4488-8b55-94bd733a57fa,Occupational Safety and Health Research (R01),forecast,ok,2.0,none,none,"The grant funds investigator-initiated occupational safety and health research, which is not among NCDHHS's named strategic goals or objectives, though it touches worker health broadly.",improve understanding of the risks and conditions associated with occupational diseases and injuries,lead,state_governments,DPH,3.0,"DPH has occupational and environmental epidemiology capacity, but an NIOSH R01 is an academic research mechanism and not an extension of its usual service or surveillance programs.","As an investigator-initiated research grant outside NCDHHS named priorities, it would consume substantial research capacity with low strategic return for a state health services agency.",False,"Occupational health research falls outside named NCDHHS strategic goals; while state governments are eligible, DPH would be an atypical R01 lead and the grant is better suited to academic researchers.",[],True,True,lead,deepseek/deepseek-v4-pro,92b0344f579a,True
ff53e2e3-28af-4065-8519-b45c5d4b347a,Risk and Protective Factors of Family Health and Family Level Interventions (R01 Clinical Trial Optional),open,ok,8.0,G1,G1.O1,"The grant funds research to advance minority health and health disparities, directly supporting the Department's goal of reducing health disparities.",The purpose of this initiative is to advance the science of minority health and health disparities by supporting research on family health and well-being and resilience.,lead,state_governments,DPH,7.0,"DPH already conducts population health and health-disparities research and surveillance, so it could manage this family-health disparities research, though it may need academic research partners.","This is an NIH R01 research project grant, so it funds research rather than direct services and would require NCDHHS to compete with established academic research institutions.",True,"Directly supports G1.O1 health disparity research; DPH could apply, but it is an NIH research grant rather than service funding.",[],True,True,lead,deepseek/deepseek-v4-pro,92b0344f579a,True
0bbeec01-73e3-4391-997b-1dc30c7e8e82,"Animal Food Regulatory Program Standards Implementation Development and Maintenance, with Mutual Reliance Initiatives",forecast,ok,0.0,none,none,"The funded activity supports state animal food regulatory programs and animal feed safety standards, which do not map to any NCDHHS strategic goal or objective.",advance efforts for a nationally integrated animal food safety system,ineligible,Competition is limited to these national organizations/associations,none,0.0,No NCDHHS division has authority over animal feed regulation; that regulatory function sits outside the department.,"NCDHHS is not eligible because the competition is limited to national organizations/associations, and no division has authority over animal feed regulation.",False,"This FDA cooperative agreement is limited to national animal food regulatory organizations, so NCDHHS cannot apply and no division owns animal feed regulation.","[""Competition is limited to national organizations/associations"", ""Awardees must have or be willing to enter into a 20.88 information disclosure agreement with the FDA"", ""Awardees must have at least a commissioning certificate or be willing to procure one"", ""The animal food safety contract must be maintained in satisfactory condition""]",True,True,ineligible,deepseek/deepseek-v4-pro,92b0344f579a,True
9b99689b-52c2-4134-8d19-313963a8b2b4,,,api_error,,,,,,,,,,,,,,,,,,,,
131fabad-5506-431b-b87a-e564f1d8dcc4,Research Grants in Clinical Informatics (R01 Clinical Trial Optional),open,ok,6.0,G5,G5.O1,"The grant funds clinical informatics methods and tools that enable data-driven discovery and evidence-based decision-making, which aligns with NCDHHS's objective to foster data-driven decision-making through stronger data infrastructure and use.","This NOFO will support research focused on the design, implementation, and evaluation of clinical informatics tools and methods that enable data-driven discovery, promote evidence-based decision-making, and support personalized and precision health care.",atypical,state_governments,OSEC,4.0,"OSEC has department-wide data and IT responsibilities, but leading an NIH clinical informatics R01 would require research infrastructure and academic informatics expertise that NCDHHS does not typically operate.","This is an investigator-initiated NIH R01 requiring substantial research and informatics capacity that NCDHHS would likely need a university partner to supply, so it may be difficult to lead and win.",False,It aligns with data-driven decision-making but is an NIH research grant requiring informatics research capacity that makes NCDHHS an atypical applicant rather than a direct operational fit.,"[""No foreign subawards/subcontracts; applications involving them will be deemed noncompliant""]",True,True,atypical,deepseek/deepseek-v4-pro,92b0344f579a,True
8e4a156c-436f-47fe-9f8b-b82ca0ca901e,Vet-LIRN Capacity-Building Project and Equipment Grants (U18),open,ok,0.0,none,none,"The grant funds veterinary diagnostic laboratory capacity, animal food issues, and antimicrobial resistance, which does not advance any NCDHHS human-services strategic objective.",fund veterinary diagnostic laboratories in the Vet-LIRN network for grants associated with projects and equipment,unclear,state_governments,none,1.0,"No NCDHHS division operates a veterinary diagnostic laboratory or has an animal-food testing mission, so the program sits outside the Department's existing roles.","Even though state governments are listed as eligible, NCDHHS likely lacks a veterinary diagnostic laboratory in the Vet-LIRN network, so an application would be misaligned and unlikely to be competitive.",False,"Funds veterinary diagnostic lab equipment and animal-food/antimicrobial-resistance work; no NCDHHS division operates a veterinary diagnostic lab, so it does not fit agency objectives.","[""Limited to veterinary diagnostic laboratories in the Vet-LIRN network.""]",True,True,unclear,deepseek/deepseek-v4-pro,92b0344f579a,True
d92a6645-61df-4765-8caa-4db9aa678c6e,NIA Expanding Research in AD/ADRD (ERA) Summer Research Education Program (R25 Independent Clinical Trial Not Allowed),open,ok,2.0,none,none,"The grant funds AD/ADRD summer research training for early-career participants, but it does not directly fund any named NCDHHS objective; its only thematic link is to the aging population served by DAGING.",intensive summer research experiences in the AD/ADRD field,atypical,state_governments,DAGING,2.0,"DAGING is the closest thematic division for AD/ADRD because it serves older adults, but it has no existing NIH research education program and would need academic research partners to run this.","This is an NIH R25 research education mechanism designed for academic institutions, and NCDHHS lacks the biomedical research training infrastructure, so pursuing it would require substantial external partnership and management effort.",False,"NIH research-training grant for AD/ADRD summer programs; no NCDHHS strategic objective or division mission matches, and we lack academic infrastructure to lead it.",[],True,True,atypical,deepseek/deepseek-v4-pro,92b0344f579a,True
e0cc79e9-8179-4567-9776-7dc57f4e8e3c,Enhancement and Management of Established Biomedical Data Repositories and Knowledgebases (R24 Clinical Trial Not Allowed),forecast,ok,3.0,G5,G5.O1,"The grant funds established biomedical data repositories and knowledge bases, which is data infrastructure but targeted to external biomedical research communities rather than NCDHHS's internal data-driven decision-making.",support established biomedical data repositories and knowledge bases,atypical,state_governments,OSEC,2.0,"OSEC houses department-wide data and IT, but this NIH mechanism supports existing external biomedical research resources rather than state health department data systems.","No applications are being solicited at this time and the grant only renews existing high-performing biomedical data repositories, so NCDHHS likely lacks an established resource to renew.",False,"NIH preannouncement renews only existing biomedical data repositories; NCDHHS lacks a matching established resource, so this is not a fit for our data infrastructure objectives.",[],True,True,atypical,deepseek/deepseek-v4-pro,92b0344f579a,True
84650d31-209c-4f65-9264-c872352a7eee,High-Priority Research in Tobacco Regulatory Science (Clinical Trial Optional),forecast,ok,2.0,none,none,"The grant funds tobacco regulatory science to inform FDA product regulation, which is public-health relevant but does not directly advance a named NCDHHS strategic objective.",High-priority research encouraged by this NOFO is expected to provide additional scientific data to the research base to inform the regulation of tobacco products to protect public health.,lead,state_governments,DPH,3.0,"DPH has tobacco prevention and chronic disease expertise, but this NOFO requires specialized tobacco regulatory science and product research capacity that the division does not typically lead.",NCDHHS likely lacks the specialized tobacco regulatory science research infrastructure to compete as a lead applicant and would depend heavily on academic partners.,False,"Tobacco regulatory science research is outside NCDHHS's named objectives and service-delivery role; DPH would need academic partners, so it is not a strong fit.","[""Research must be within the regulatory authority of FDA CTP"", ""Research must address one or more of the topics: Addiction, Behavior, Communications, Health Effects, Product Composition and Design, and/or Toxicity"", ""Research must address all components within the selected topic subtopic(s)""]",True,True,lead,deepseek/deepseek-v4-pro,92b0344f579a,True
12d37e89-ae40-43a9-8f29-59e3347676ae,Emergency Competitive Revision to Existing NIH Awards (Emergency Supplement - Clinical Trial Optional),open,ok,2.0,none,none,"The grant funds emergency supplements to existing NIH research awards, which does not directly advance any named NCDHHS strategic objective.","funds may be available for applications based on a presidentially declared disaster under the Stafford Act, a public health emergency declared by the Secretary, HHS, or other local, regional or national disaster",atypical,state_governments,DPH,4.0,"DPH could manage this only if it already holds an NIH award and an applicable emergency NOSI is issued, but this is research funding rather than routine public health service funding.","The mechanism is limited to existing NIH awardees responding to a specific Emergency NOSI, so NCDHHS is unlikely to be eligible or to have a relevant active award.",False,"No clear fit with NCDHHS strategic objectives; emergency NIH research supplements require an existing NIH award and an emergency NOSI, so routine review is not warranted.","[""Must be an existing NIH award recipient because this is a competitive revision to existing NIH awards"", ""Only applications submitted in response to an Emergency NOSI published by an NIH awarding component may apply""]",True,True,atypical,deepseek/deepseek-v4-pro,92b0344f579a,True
17831514-d29d-4e00-8071-c319e7e79130,State Electronic Crash Data Collection,forecast,ok,4.0,G5,G5.O1,"The grant funds statewide crash data system modernization and standardized electronic data transfer, which most closely aligns with G5.O1's focus on data infrastructure, integration, and data-driven decision-making.",modernization of States’ crash data collection systems,ineligible,"State crash data owners and custodians for each of the 50 States, the District of Columbia; the Commonwealth of Puerto Rico; the United States Virgin Islands; Guam; American Samoa; the Commonwealth of the Northern Mariana Islands; and the Secretary of the Interior, acting on behalf of an Indian Tribe.",none,0.0,No NCDHHS division owns or operates the statewide crash data repository; that function sits with the state transportation/motor vehicle agency rather than health and human services.,"NCDHHS is likely not the statewide crash data owner or custodian, so this opportunity probably belongs with NCDOT and would require interagency coordination plus a state match for a system outside DHHS authority.",False,"Crash data system modernization aligns with operational data infrastructure, but NCDHHS does not own crash data; it likely belongs to NCDOT, so not recommended.","[""State match: recipients must contribute at least twenty (20) percent of State funds for eligible activity costs."", ""Data-transfer deadline: recipients must certify they will electronically transfer crash data to NHTSA beginning no later than five years from the effective date of award."", ""Coordination: if multiple state entities are responsible for the crash data repository, the State must appoint one point of contact for the application.""]",True,True,ineligible,deepseek/deepseek-v4-pro,92b0344f579a,True
818e5c60-39e1-4009-9d8e-698d365b5ad1,Intervention Research to Improve Native American Health (R01 Clinical Trial Optional),open,ok,8.0,G1,G1.O1,"The grant funds intervention research to improve Native American health, which directly supports reducing health disparities for populations that face greater health challenges.",Intervention Research to Improve Native American Health (R01 Clinical Trial Optional),lead,state_governments,DPH,6.0,"DPH already addresses minority health disparities and has epidemiology and public health research capacity, though leading an NIH R01 would be an expansion of its typical work.",The highly competitive NIH R01 mechanism may require deeper research infrastructure and established Native American community partnerships than NCDHHS currently has as a lead applicant.,True,"NIH research grant aligned with health-disparities work; DPH could pursue with tribal and academic partners, though R01 competitiveness is high.",[],True,True,lead,deepseek/deepseek-v4-pro,92b0344f579a,True
73f39ef2-101c-4f6a-bf77-30ebea1d8474,Short Courses on Innovative Methodologies and Approaches in the Behavioral and Social Sciences (R25 Clinical Trials Not Allowed),open,ok,1.0,none,none,The grant funds research education courses for the research workforce rather than directly advancing a named NCDHHS service-delivery objective.,Courses for Skills Development,lead,state_governments,none,0.0,No NCDHHS division has a research education mission or the academic infrastructure needed to run NIH R25 short courses.,"The R25 mechanism is designed for academic research-education institutions, so NCDHHS would be an atypical applicant with low likelihood of success and no natural implementation home.",False,"NIH research education grant for short courses in behavioral and social science; trains researchers rather than delivering services, so no division has a natural owner and review is not warranted.",[],True,True,lead,deepseek/deepseek-v4-pro,92b0344f579a,True
b2c6980b-352b-469e-b48e-807b1019329f,NIOSH Miner Safety and Health Training Program - Western United States – U60,forecast,ok,0.0,none,none,"The grant funds miner safety and health training in the Western United States, which does not advance any NCDHHS strategic goal or objective for North Carolinians.","The purpose of this Notice of Funding Opportunity (NOFO) is to enhance the quality, relevance, and availability of health and safety training for miners in the Western United States.",atypical,state_governments,none,0.0,"No NCDHHS division has a mining safety training mandate or Western-region presence, so the program would be outside existing agency operations and geographic scope.","The grant is targeted to Western-state miners, and NCDHHS has no mining safety program or regional presence, making it a poor strategic fit despite state government eligibility.",False,"Funds miner safety training in Western states, not North Carolina; no NCDHHS division has mining safety authority, so this is outside our mission.","[""Geographic focus is the Western United States; North Carolina is not among the listed Western Region States."", ""Expected collaboration with existing MSHA, OSHA, state, industry, and academic programs.""]",True,True,atypical,deepseek/deepseek-v4-pro,92b0344f579a,True
b56109e1-0c63-42ea-96cb-13f4ef3a5064,Data Sharing for Demographic Research Infrastructure Program,forecast,ok,4.0,G5,G5.O1,"The grant funds national data archiving, curation, and dissemination infrastructure, which is relevant to G5.O1's focus on data infrastructure but is not tied to NCDHHS program data or decisions.","It provides archiving, curation, and dissemination services",lead,state_governments,OSEC,2.0,"OSEC owns department-wide data and IT functions, but running a national NICHD demographic-data repository would require specialized curation and federal research compliance capacity beyond its current role.","This grant would require NCDHHS to operate a national scientific data repository with specialized curation and federal research compliance capacity that is outside its core health and human services operations, so the effort may outweigh the strategic return.",False,"Eligible infrastructure grant but weak fit: it funds a national demographic-data repository, not direct NCDHHS services; low operational alignment with OSEC data/IT.","[""Annual performance requirements: process 20-40 new and updated datasets, disseminate 135 datasets and their documentation, review and oversee 30 data use agreements, facilitate 700,000 or more downloads, and provide technical assistance to 1,500-2,000 users."", ""Must provide resources to researchers on best practices for archiving data, including sharing qualitative and other sensitive data.""]",True,True,lead,deepseek/deepseek-v4-pro,92b0344f579a,True
ac5709b0-e4ba-4653-a2b9-2087cb1c9b42,Notice of Intent:  Program to End Modern Slavery FY 2023,open,ok,0.0,none,none,"The funded activity is international anti-trafficking prevalence research and pilot programming in partner countries, which does not advance a named NCDHHS domestic health or human services objective.",The goal of PEMS is to measurably and substantially reduce the prevalence of human trafficking in targeted populations in partner countries and jurisdictions,ineligible,"Any commercial, international, educational, or non-profit organization(s), including any faith-based, community-based, or public international organization(s) are eligible to apply",none,0.0,No NCDHHS division has the authority or international role to run State Department anti-trafficking research and pilot programs in partner countries.,"This is a Notice of Intent, not an open funding opportunity, and state agencies are not listed as eligible applicants.",False,"International State Department anti-trafficking research grant, not currently accepting applications and state agencies are not listed as eligible; no NCDHHS division fit.","[""Notice of Intent only; applications are not being accepted at this time."", ""Selected organizations must obtain a valid Unique Entity Identifier.""]",True,True,ineligible,deepseek/deepseek-v4-pro,92b0344f579a,True
709d706d-461f-4ce1-bc94-72aaae2e4cde,New Investigator Grants to Conduct Research to Prevent Interpersonal Violence and Suicide Among Children and Adolescents (K01),forecast,ok,6.0,G3,G3.O3,"The grant funds mentored research on preventing suicide and interpersonal violence among children and adolescents, which is directly relevant to NCDHHS suicide prevention and crisis services efforts.",Research to Prevent Interpersonal Violence and Suicide Among Children and Adolescents,atypical,state_governments,DMHDDSUS,3.0,DMHDDSUS oversees suicide prevention and crisis services but does not typically administer mentored research career development awards.,"It is a mentored research scientist career development award for an individual investigator, not program or service funding, so NCDHHS would gain little direct operational capacity.",False,Aligns with suicide prevention research for children but is a mentored K01 career-development grant better suited to academic research institutions than NCDHHS.,[],True,True,atypical,deepseek/deepseek-v4-pro,92b0344f579a,True
e101a9db-4cd3-4a31-936d-be3ebd1bfd5d,NIH Support for Conferences and Scientific Meetings (Parent R13 Clinical Trial Not Allowed),open,ok,5.0,G4,G4.O4,NIH conference grants can support scientific meetings that strengthen the knowledge and skills of North Carolina's public health workforce.,The purpose of the NIH Research Conference Grant (R13) is to support high quality conferences that are relevant to the public health and to the scientific mission of the participating Institutes and Centers.,lead,state_governments,DPH,6.0,DPH supports the state and local public health workforce and has the scientific leadership and convening capacity to host public health meetings.,"The parent announcement is broad and funds only conference or scientific meeting costs, not ongoing public health programs, so it has limited value unless NCDHHS already has a conference planned.",False,"Broad NIH conference grant could support public health workforce development, but funds meetings rather than services; low value unless DPH already planned a conference.",[],True,True,lead,deepseek/deepseek-v4-pro,92b0344f579a,True
bd5d4bd5-e3f3-48e7-8016-33c79aaafd57,Child Protection Compact Annual Program Statement,open,ok,1.0,none,none,"The grant funds international child-trafficking projects under a U.S.-foreign government compact, not a named NCDHHS objective serving North Carolinians.",projects to combat all forms of child trafficking as part of a potential Child Protection Compact (CPC) between the United States and a recipient country proposed by the applicant.,ineligible,U.S. government agencies,none,0.0,"This grant requires implementing foreign child-trafficking programs in a recipient country, which is outside NCDHHS's state-level health and human services authority.","This is a U.S. Department of State international assistance program for foreign-country projects, so NCDHHS is neither an eligible applicant nor a natural implementing agency.",False,"Foreign child-trafficking assistance does not fit NCDHHS's state-level health and human services role; state agencies are not listed as eligible, so no division should pursue it.","[""Work must take place in a recipient country proposed by the applicant"", ""Requires a multi-year plan developed jointly between the United States and another government""]",True,True,ineligible,deepseek/deepseek-v4-pro,92b0344f579a,True
568fb3c7-74aa-436e-83b3-7cfc226ae206,Early-Stage Dissemination and Implementation Research in Communication Disorders (R21 Clinical Trial Optional),open,ok,4.0,G1,G1.O3,"The grant would fund early-stage dissemination and implementation research on communication disorders, which could build evidence for reducing communication-related barriers to health access.","This funding opportunity aims to support early-stage D&I research in NIDCD mission areas of hearing, balance, taste, smell, voice, speech, and language.",lead,state_governments,DSBDHH,3.0,"DSBDHH is the closest subject-matter division for deaf and hard-of-hearing services, but it is a service and accessibility division without the NIH research infrastructure needed to lead an R21.","This is an early-stage research grant rather than a services or program grant, and the likely owning division lacks NIH research capacity and would need academic research partners.",False,"Early-stage NIH communication disorders research is peripheral to NCDHHS service divisions; DSBDHH lacks research capacity, so it is not a strong fit.","[""Applications involving foreign subawards/subcontracts submitted in response to this NOFO will be deemed noncompliant and will not be considered for funding.""]",True,True,lead,deepseek/deepseek-v4-pro,92b0344f579a,True
fd5dfec0-8772-494f-a990-506b5e996d27,Urgent Competitive Revision to Existing NIH Grants and Cooperative Agreements (Urgent Supplement Clinical Trial Optional),forecast,ok,2.0,none,none,The grant broadly funds competitive revisions to existing NIH awards for unspecified public health crises and does not directly name an NCDHHS strategic objective.,address specific public health crises that were unforeseen when the original application was submitted,unclear,state_governments,none,1.0,"No NCDHHS division is a clear operational owner because this is a supplement to an existing NIH award, so any fit depends on the parent award subject and division.","NCDHHS may not hold an existing NIH award, so the agency cannot apply unless a division already has a qualifying parent grant and an active urgent guide notice.",False,"Does not fit: this is a restricted supplement for existing NIH research awards, not a standard state agency program; no clear NCDHHS division or objective.","[""Only existing NIH grant or cooperative agreement recipients can apply."", ""Applications must be submitted in response to an Urgent Guide Notice published by an NIH IC."", ""Applications are routed directly to the NIH awarding component on the most recent parent award.""]",True,True,unclear,deepseek/deepseek-v4-pro,92b0344f579a,True
1079c77e-80b2-4b29-8731-d11c9c9680d2,Limited Competition: Resources and Workforce Development for the Regional Biocontainment Laboratories,forecast,ok,3.0,G4,G4.O4,"The grant funds biocontainment workforce training, which is only tangentially related to NCDHHS's public health workforce objective and is directed at university laboratories rather than state or local health agencies.","facility maintenance, operations and biocontainment-specific training for personnel to maintain a capable BSL-3 level workforce in the United States",ineligible,public_and_state_institutions_of_higher_education,none,0.0,No NCDHHS division operates the named Regional Biocontainment Laboratories or is eligible under the listed applicant types.,"NCDHHS is not eligible to apply because the competition is limited to specific universities, so the agency could only participate indirectly, if at all.",False,"NCDHHS is not eligible and the grant supports university biocontainment labs, not a direct NCDHHS strategic objective.",[],True,True,ineligible,deepseek/deepseek-v4-pro,92b0344f579a,True
8421e010-b00e-4718-84e9-1db9a34b606a,"Limited Competition: Growing Great Ideas: Research Education Course in Entrepreneurship and Product Development for Researchers Studying Drug Use, Drug Misuse, and Drug Addiction (UE5 Clinical Trial Not Allowed)",open,ok,6.0,G3,G3.O4,"The course builds researchers' ability to translate drug abuse discoveries into biomedical products, indirectly advancing substance use crisis efforts.","accelerate the development of biomedical products that address the complex challenges of drug use, drug misuse, and drug addiction",atypical,state_governments,DMHDDSUS,3.0,DMHDDSUS oversees substance use and opioid response programs but does not run academic entrepreneurship or biomedical product development training for researchers.,"The limited competition and academic research-training focus make NCDHHS an unlikely lead, and the award would not fund direct substance use services.",False,Aligns loosely with substance use crisis goals but funds academic entrepreneurship training for researchers; limited competition and low operational fit make it a poor NCDHHS lead.,"[""Limited Competition"", ""Clinical Trial Not Allowed"", ""Foreign components, as defined in the NIH Grants Policy Statement, are not allowed"", ""cooperative_agreement""]",True,True,atypical,deepseek/deepseek-v4-pro,92b0344f579a,True
a89aee06-1920-406b-89e3-0ec7d640af04,Notice of Intent on Upcoming 2020 TIP Office Funding Opportunity,open,ok,0.0,none,none,"The grant funds international programs to combat human trafficking, which is outside NCDHHS's domestic health and human services objectives.",The TIP Office is finalizing language for the annual awards competition process that includes a number of regional and thematic priorities for funding globally.,ineligible,"Organizations eligible to apply for this funding opportunity include U.S.-based and foreign non-profits, public international organizations, institutions of higher learning, and for-profit organizations.",none,0.0,"No NCDHHS division administers international anti-trafficking programs, and the state agency is not among the listed eligible applicant types.","NCDHHS appears ineligible as a state agency and no application is being accepted, so the posting has no current path to value for the Department.",False,International anti-trafficking grant excludes state agencies and is unrelated to NCDHHS's domestic health and human services mission; no application is currently accepted.,"[""This is a notice of intent only; no applications are being accepted at this time."", ""Eligible applicants are limited to U.S.-based and foreign non-profits, public international organizations, institutions of higher learning, and for-profit organizations, which excludes state agencies."", ""Awards support international/global programs rather than North Carolina-based services.""]",True,True,ineligible,deepseek/deepseek-v4-pro,92b0344f579a,True
de739b2d-53dd-455e-bab7-50ba7e9506fb,Population Assessment of Tobacco and Health (PATH) Study Biospecimen Access (X01),open,ok,3.0,G1,G1.O2,"The grant provides access to biomarker and behavioral data on tobacco use that could support tracking health disparities and outcomes, but it is a research resource rather than a direct program or service investment.","biospecimens (urine, plasma, serum, and genomic DNA) and related research data on behaviors, attitudes, biomarkers and health outcomes associated with tobacco use in the U.S.",lead,state_governments,DPH,4.0,"DPH has epidemiology and chronic disease surveillance functions, but biospecimen access for external investigator research is outside its typical service and program operations.","The X01 mechanism provides access to biospecimens and data rather than funding for state-level services, so it may have little direct financial or programmatic value for NCDHHS.",False,"NIH X01 biospecimen/data access for tobacco research is not service funding; despite state eligibility, operational fit for NCDHHS is weak.","[""Foreign components, as defined in the NIH Grants Policy Statement, are not allowed.""]",True,True,lead,deepseek/deepseek-v4-pro,92b0344f579a,True
a5fdd007-af1e-44d4-9397-3cd7d439e88b,NIEHS Worker Training Program’s SBIR E-Learning for HAZMAT and Emergency Response (R43/R44 Clinical Trial Not Allowed),forecast,ok,4.0,G4,G4.O4,"The grant funds technology-enhanced health and safety training for HAZMAT and emergency-response workers, which partially advances support for the public health preparedness workforce.","development of Technology-Enhanced Training Products for the health and safety training of hazardous materials (HAZMAT) workers; waste treatment personnel; skilled support personnel associated with an emergency/disaster; emergency responders in biological hazard response, infectious disease response, and medical waste cleanup; emergency responders in disasters; and worker resiliency training.",ineligible,encourages Small Business Innovation Research (SBIR) grant applications from small business concerns (SBCs),DPH,4.0,"DPH's public health preparedness, environmental health, and local health department role is adjacent to emergency-response training, but the state would not lead an SBIR award.","NCDHHS is not an eligible SBIR applicant, so the grant's value depends on finding a North Carolina small business partner rather than direct state funding.",False,"NCDHHS is not eligible for this SBIR small-business grant; it could only be relevant as a partner, not an application owner.",[],True,True,ineligible,deepseek/deepseek-v4-pro,92b0344f579a,True
8be6fe10-f53b-4855-b3a3-06d2baeb2fa9,,,api_error,,,,,,,,,,,,,,,,,,,,
0a510108-a714-4d61-9811-7c9ae16e7768,,,api_error,,,,,,,,,,,,,,,,,,,,
8d79c6d1-86ef-4cb3-b467-b00baccfeea0,,,api_error,,,,,,,,,,,,,,,,,,,,
4cbf781d-7933-4399-a49c-bfb5699b64f0,,,api_error,,,,,,,,,,,,,,,,,,,,
22cd6481-2f7c-4e91-9706-9e5c6f47978d,,,api_error,,,,,,,,,,,,,,,,,,,,
be7ad44e-fbed-483b-85a7-7a1ab154910e,,,api_error,,,,,,,,,,,,,,,,,,,,
144a89d3-d417-4a72-9bca-d361652bd993,,,api_error,,,,,,,,,,,,,,,,,,,,
5269870b-a071-47ba-a076-d3fbc1955077,,,api_error,,,,,,,,,,,,,,,,,,,,
85cfae9e-d222-469b-b791-a4271fd26b29,,,api_error,,,,,,,,,,,,,,,,,,,,
065de23d-8220-4dbb-9ea2-82ae8e9fb4dc,,,api_error,,,,,,,,,,,,,,,,,,,,
c3b72a13-83cd-4e74-83d4-a8f130d8cc1b,,,api_error,,,,,,,,,,,,,,,,,,,,
