grant_id,opportunity_title,track,domain_relevance,domain_relevance_p,domain_relevance_probs,matched_goal,matched_goal_p,matched_goal_probs,applicant_role,applicant_role_p,applicant_role_probs,owning_division,owning_division_p,owning_division_probs,expected_relevance,p_lead_or_partner,triage_priority,route,route_reason,model,prompt_version,from_cache
00000220-55f5-4691-aec6-6eed51f77f2d,Early-Stage Innovative Technology Development for Basic and Clinical Cancer Research (R61 Clinical Trial Not Allowed),open,weak,1.0,"{""weak"": 1, ""strong"": 0, ""moderate"": 0, ""none"": 0}",none,0.72,"{""G2"": 0, ""G4"": 0.01, ""G1"": 0.06, ""G5"": 0.21, ""G3"": 0, ""none"": 0.72}",atypical,0.85,"{""ineligible"": 0, ""unclear"": 0, ""partner"": 0.15, ""lead"": 0, ""atypical"": 0.85}",none,0.7,"{""OSEC"": 0, ""ORH"": 0, ""DPH"": 0.29, ""DHSR"": 0, ""DMHDDSUS"": 0, ""DSBDHH"": 0, ""DAGING"": 0, ""DCDEE"": 0.01, ""none"": 0.7, ""DCFW"": 0, ""DSS"": 0, ""DSOHF"": 0, ""DEIPD"": 0, ""MEDICAID"": 0}",0.3333,0.15,0.1917,deprioritized,P(unrelated or weak)=1.00,typesafe-ai/jev,a4b41185524e,True
00140eab-1d32-4d13-b37f-c6a5605fe013,National Urban Indian Health Program (Education and Research),forecast,weak,0.65,"{""weak"": 0.65, ""strong"": 0.15, ""none"": 0.04, ""moderate"": 0.16}",G3,0.65,"{""none"": 0.33, ""G2"": 0, ""G4"": 0, ""G5"": 0, ""G1"": 0.02, ""G3"": 0.65}",ineligible,0.9,"{""atypical"": 0.02, ""ineligible"": 0.9, ""unclear"": 0, ""partner"": 0.08, ""lead"": 0}",none,0.8,"{""DSBDHH"": 0, ""none"": 0.8, ""DHSR"": 0, ""DCDEE"": 0, ""DMHDDSUS"": 0.19, ""MEDICAID"": 0, ""DCFW"": 0, ""DSOHF"": 0, ""DEIPD"": 0, ""ORH"": 0, ""DPH"": 0.01, ""DSS"": 0, ""OSEC"": 0, ""DAGING"": 0}",0.4733,0.08,0.2556,deprioritized,P(ineligible)=0.90,typesafe-ai/jev,a4b41185524e,True
002d36ed-9901-45b6-a1c4-2642dbf64146,NIH Research Software Engineer (RSE) Award (R50 Clinical Trials Not Allowed),open,weak,0.97,"{""weak"": 0.97, ""none"": 0, ""strong"": 0.01, ""moderate"": 0.02}",G5,0.49,"{""G2"": 0, ""G3"": 0, ""none"": 0.44, ""G1"": 0, ""G4"": 0.07, ""G5"": 0.49}",atypical,0.88,"{""lead"": 0.01, ""atypical"": 0.88, ""ineligible"": 0, ""unclear"": 0, ""partner"": 0.11}",none,0.61,"{""DSS"": 0, ""DPH"": 0.04, ""DEIPD"": 0, ""DMHDDSUS"": 0, ""none"": 0.61, ""DSBDHH"": 0, ""DCFW"": 0, ""DSOHF"": 0, ""MEDICAID"": 0, ""DHSR"": 0, ""DAGING"": 0, ""DCDEE"": 0, ""ORH"": 0, ""OSEC"": 0.35}",0.3467,0.12,0.1941,deprioritized,P(unrelated or weak)=0.97,typesafe-ai/jev,a4b41185524e,True
003549b9-b6bd-4440-9864-43a67d5f71f9,Limited Competition: Stimulating Access to Research in Residency Transition Scholar (StARRTS),forecast,weak,1.0,"{""weak"": 1, ""none"": 0, ""strong"": 0, ""moderate"": 0}",none,0.88,"{""G3"": 0, ""none"": 0.88, ""G4"": 0.12, ""G5"": 0, ""G1"": 0, ""G2"": 0}",atypical,0.93,"{""ineligible"": 0.05, ""atypical"": 0.93, ""unclear"": 0, ""lead"": 0, ""partner"": 0.02}",none,0.97,"{""DCFW"": 0, ""DAGING"": 0, ""OSEC"": 0, ""DCDEE"": 0, ""DPH"": 0.02, ""MEDICAID"": 0, ""DSS"": 0, ""DHSR"": 0, ""ORH"": 0.01, ""DSBDHH"": 0, ""DSOHF"": 0, ""none"": 0.97, ""DEIPD"": 0, ""DMHDDSUS"": 0}",0.3333,0.02,0.17,deprioritized,P(unrelated or weak)=1.00,typesafe-ai/jev,a4b41185524e,True
00787c6d-1b46-47b6-8b12-50c18efb56eb,NIDCD Research Grants for Translating Basic Research into Clinical Practice (R01 Clinical Trial Optional),open,weak,1.0,"{""weak"": 1, ""strong"": 0, ""none"": 0, ""moderate"": 0}",none,0.67,"{""G2"": 0.01, ""G3"": 0, ""none"": 0.67, ""G1"": 0.3, ""G4"": 0.01, ""G5"": 0.01}",atypical,0.81,"{""lead"": 0, ""unclear"": 0, ""ineligible"": 0, ""atypical"": 0.81, ""partner"": 0.19}",DSBDHH,0.55,"{""MEDICAID"": 0, ""DPH"": 0.02, ""DEIPD"": 0, ""DMHDDSUS"": 0.01, ""ORH"": 0, ""none"": 0.42, ""DCFW"": 0, ""DSOHF"": 0, ""DHSR"": 0, ""DSS"": 0, ""DAGING"": 0, ""DCDEE"": 0, ""DSBDHH"": 0.55, ""OSEC"": 0}",0.3333,0.19,0.1983,deprioritized,P(unrelated or weak)=1.00,typesafe-ai/jev,a4b41185524e,True
0079513d-b908-48a1-9715-f2ff7f2fc8c9,NIAMS Clinical Trial Implementation Cooperative Agreement,forecast,weak,0.98,"{""none"": 0, ""weak"": 0.98, ""strong"": 0, ""moderate"": 0.02}",none,0.76,"{""G4"": 0.02, ""none"": 0.76, ""G2"": 0, ""G3"": 0, ""G1"": 0.2, ""G5"": 0.02}",atypical,0.8,"{""atypical"": 0.8, ""lead"": 0.01, ""partner"": 0.14, ""unclear"": 0, ""ineligible"": 0.05}",none,0.74,"{""DCFW"": 0, ""OSEC"": 0, ""DSOHF"": 0.02, ""DPH"": 0.21, ""ORH"": 0.01, ""MEDICAID"": 0, ""none"": 0.74, ""DMHDDSUS"": 0, ""DCDEE"": 0.01, ""DSS"": 0, ""DHSR"": 0.01, ""DAGING"": 0, ""DEIPD"": 0, ""DSBDHH"": 0}",0.34,0.15,0.1955,deprioritized,P(unrelated or weak)=0.98,typesafe-ai/jev,a4b41185524e,True
008f5d36-a786-4494-9e6d-7adfb58f2823,NIOSH Support for Conferences and Scientific Meetings (R13 Clinical Trial Not Allowed),forecast,moderate,0.48,"{""weak"": 0.44, ""strong"": 0.07, ""none"": 0.01, ""moderate"": 0.48}",none,0.55,"{""G2"": 0, ""G3"": 0, ""none"": 0.55, ""G1"": 0, ""G4"": 0.27, ""G5"": 0.18}",atypical,0.64,"{""lead"": 0.14, ""unclear"": 0.01, ""ineligible"": 0, ""atypical"": 0.64, ""partner"": 0.21}",DPH,0.52,"{""MEDICAID"": 0, ""DPH"": 0.52, ""DEIPD"": 0.01, ""DMHDDSUS"": 0, ""ORH"": 0.01, ""DSBDHH"": 0, ""DCFW"": 0, ""DSOHF"": 0.01, ""none"": 0.35, ""DHSR"": 0.03, ""DAGING"": 0, ""DCDEE"": 0.02, ""OSEC"": 0.05, ""DSS"": 0}",0.5367,0.35,0.3623,deep_review,not confidently irrelevant,typesafe-ai/jev,a4b41185524e,True
009984f3-5d56-4626-919f-fa5687db7d5b,Great Lakes Restoration Initiative: Community Forest and Open Space Conservation Program,open,none,0.9,"{""none"": 0.9, ""moderate"": 0, ""weak"": 0.1, ""strong"": 0}",none,0.99,"{""none"": 0.99, ""G4"": 0, ""G1"": 0.01, ""G2"": 0, ""G3"": 0, ""G5"": 0}",ineligible,0.97,"{""unclear"": 0, ""ineligible"": 0.97, ""atypical"": 0.01, ""lead"": 0, ""partner"": 0.02}",none,1.0,"{""DCFW"": 0, ""MEDICAID"": 0, ""DHSR"": 0, ""DSBDHH"": 0, ""DSOHF"": 0, ""DPH"": 0, ""DAGING"": 0, ""none"": 1, ""OSEC"": 0, ""DEIPD"": 0, ""ORH"": 0, ""DCDEE"": 0, ""DMHDDSUS"": 0, ""DSS"": 0}",0.0333,0.02,0.017,deprioritized,P(unrelated)=0.90,typesafe-ai/jev,a4b41185524e,True
00c2cbed-6c59-48fe-918e-c15efa2b9322,Multidisciplinary Research to Accelerate Hepatitis B Cure in Persons Living with HIV and HBV (MRA-HBV),forecast,weak,1.0,"{""moderate"": 0, ""strong"": 0, ""weak"": 1, ""none"": 0}",none,0.51,"{""G3"": 0, ""G4"": 0, ""G5"": 0, ""G1"": 0.49, ""G2"": 0, ""none"": 0.51}",partner,0.6,"{""atypical"": 0.39, ""partner"": 0.6, ""ineligible"": 0, ""unclear"": 0.01, ""lead"": 0}",DPH,0.53,"{""DSOHF"": 0, ""DMHDDSUS"": 0, ""DEIPD"": 0, ""DPH"": 0.53, ""OSEC"": 0, ""DSS"": 0, ""ORH"": 0, ""MEDICAID"": 0, ""DAGING"": 0, ""DCDEE"": 0.01, ""DHSR"": 0, ""DSBDHH"": 0, ""DCFW"": 0, ""none"": 0.46}",0.3333,0.6,0.2667,deprioritized,P(unrelated or weak)=1.00,typesafe-ai/jev,a4b41185524e,True
00ce4809-b5ff-479a-ac47-bfbf09abdccb,CHIPS Incentives Program – Facilities for Semiconductor Materials and Manufacturing Equipment,open,none,1.0,"{""none"": 1, ""moderate"": 0, ""weak"": 0, ""strong"": 0}",none,1.0,"{""G2"": 0, ""none"": 1, ""G4"": 0, ""G5"": 0, ""G1"": 0, ""G3"": 0}",ineligible,0.89,"{""partner"": 0.01, ""lead"": 0, ""unclear"": 0, ""atypical"": 0.1, ""ineligible"": 0.89}",none,1.0,"{""DSS"": 0, ""DAGING"": 0, ""DEIPD"": 0, ""MEDICAID"": 0, ""OSEC"": 0, ""DCDEE"": 0, ""ORH"": 0, ""DHSR"": 0, ""none"": 1, ""DCFW"": 0, ""DSOHF"": 0, ""DSBDHH"": 0, ""DMHDDSUS"": 0, ""DPH"": 0}",0.0,0.01,0.0,deprioritized,P(unrelated)=1.00,typesafe-ai/jev,a4b41185524e,True
010955ea-582f-4426-8345-f5d587cd6452,Development and Maintenance of Human and Animal Food Rapid Response Teams (U2F) Clinical Trials Not Allowed,forecast,strong,0.95,"{""none"": 0, ""strong"": 0.95, ""moderate"": 0.05, ""weak"": 0}",G5,0.83,"{""G3"": 0, ""none"": 0.16, ""G2"": 0, ""G1"": 0.01, ""G4"": 0, ""G5"": 0.83}",lead,0.86,"{""unclear"": 0, ""partner"": 0.12, ""ineligible"": 0, ""lead"": 0.86, ""atypical"": 0.02}",DPH,0.99,"{""DMHDDSUS"": 0, ""none"": 0.01, ""OSEC"": 0, ""DSS"": 0, ""DCDEE"": 0, ""DEIPD"": 0, ""DPH"": 0.99, ""DAGING"": 0, ""DSBDHH"": 0, ""DHSR"": 0, ""DSOHF"": 0, ""MEDICAID"": 0, ""ORH"": 0, ""DCFW"": 0}",0.9833,0.98,0.9735,deep_review,not confidently irrelevant,typesafe-ai/jev,a4b41185524e,True
01106fd9-4d85-4669-ae46-0b48b0c9e5f4,Cold Chain Grants for Emergency Food Assistance,open,strong,0.41,"{""weak"": 0.32, ""strong"": 0.41, ""none"": 0.03, ""moderate"": 0.24}",G1,0.64,"{""G2"": 0.04, ""G5"": 0.01, ""G4"": 0, ""none"": 0.31, ""G1"": 0.64, ""G3"": 0}",ineligible,0.87,"{""lead"": 0, ""ineligible"": 0.87, ""unclear"": 0.01, ""atypical"": 0.01, ""partner"": 0.11}",none,0.48,"{""DCDEE"": 0, ""DHSR"": 0, ""MEDICAID"": 0, ""OSEC"": 0, ""DSOHF"": 0, ""DSBDHH"": 0, ""DSS"": 0.42, ""DPH"": 0.01, ""DEIPD"": 0, ""DCFW"": 0.07, ""DMHDDSUS"": 0, ""ORH"": 0, ""none"": 0.48, ""DAGING"": 0.02}",0.6767,0.11,0.3755,deep_review,not confidently irrelevant,typesafe-ai/jev,a4b41185524e,True
01a1f3ea-fac9-40f9-8414-6aa74edc8a21,Rural Health Network Development Planning Program,forecast,strong,0.83,"{""none"": 0, ""weak"": 0.01, ""moderate"": 0.16, ""strong"": 0.83}",G1,1.0,"{""G4"": 0, ""G5"": 0, ""none"": 0, ""G1"": 1, ""G3"": 0, ""G2"": 0}",partner,0.77,"{""partner"": 0.77, ""unclear"": 0, ""ineligible"": 0, ""lead"": 0.13, ""atypical"": 0.1}",ORH,0.99,"{""none"": 0.01, ""ORH"": 0.99, ""DHSR"": 0, ""DSS"": 0, ""DCDEE"": 0, ""DEIPD"": 0, ""DSOHF"": 0, ""DMHDDSUS"": 0, ""DCFW"": 0, ""DPH"": 0, ""DSBDHH"": 0, ""DAGING"": 0, ""OSEC"": 0, ""MEDICAID"": 0}",0.94,0.9,0.893,deep_review,not confidently irrelevant,typesafe-ai/jev,a4b41185524e,True
01db6b26-98f3-43cc-ba54-f38ee97aefdb,National Science Foundation Translation to Practice,open,weak,0.57,"{""moderate"": 0.01, ""strong"": 0, ""weak"": 0.57, ""none"": 0.42}",none,0.83,"{""G5"": 0.11, ""none"": 0.83, ""G4"": 0.06, ""G1"": 0, ""G3"": 0, ""G2"": 0}",ineligible,0.61,"{""partner"": 0.25, ""atypical"": 0.14, ""unclear"": 0, ""ineligible"": 0.61, ""lead"": 0}",none,0.97,"{""DCDEE"": 0, ""DHSR"": 0, ""DCFW"": 0, ""ORH"": 0, ""OSEC"": 0.02, ""DSBDHH"": 0, ""DEIPD"": 0, ""MEDICAID"": 0, ""none"": 0.97, ""DSOHF"": 0, ""DPH"": 0.01, ""DAGING"": 0, ""DMHDDSUS"": 0, ""DSS"": 0}",0.1967,0.25,0.1229,deprioritized,P(unrelated or weak)=0.99,typesafe-ai/jev,a4b41185524e,True
01e3da3a-8032-4932-88c3-d97329a14eb9,MISSION ITALY ANNUAL PROGRAM STATEMENT 2023,forecast,none,1.0,"{""weak"": 0, ""moderate"": 0, ""none"": 1, ""strong"": 0}",none,1.0,"{""G3"": 0, ""G2"": 0, ""G4"": 0, ""G1"": 0, ""none"": 1, ""G5"": 0}",ineligible,0.95,"{""unclear"": 0, ""partner"": 0.01, ""atypical"": 0.04, ""ineligible"": 0.95, ""lead"": 0}",none,0.99,"{""DMHDDSUS"": 0, ""DCDEE"": 0, ""ORH"": 0, ""none"": 0.99, ""DEIPD"": 0, ""DSOHF"": 0, ""DHSR"": 0, ""DCFW"": 0, ""MEDICAID"": 0, ""DAGING"": 0, ""DPH"": 0, ""OSEC"": 0.01, ""DSBDHH"": 0, ""DSS"": 0}",0.0,0.01,0.0,deprioritized,P(unrelated)=1.00,typesafe-ai/jev,a4b41185524e,True
01f10b3d-0bc4-4e12-98af-f05c66e6537f,Specialty Crop Multi-State Grant Program 2026,open,none,0.76,"{""strong"": 0, ""moderate"": 0, ""weak"": 0.24, ""none"": 0.76}",none,1.0,"{""G3"": 0, ""G2"": 0, ""G4"": 0, ""none"": 1, ""G1"": 0, ""G5"": 0}",atypical,0.72,"{""unclear"": 0.01, ""atypical"": 0.72, ""partner"": 0.17, ""ineligible"": 0.04, ""lead"": 0.06}",none,0.98,"{""DEIPD"": 0, ""DAGING"": 0, ""OSEC"": 0, ""DCDEE"": 0, ""DSS"": 0, ""DSBDHH"": 0, ""DSOHF"": 0, ""DCFW"": 0, ""DMHDDSUS"": 0, ""MEDICAID"": 0, ""DPH"": 0, ""none"": 0.98, ""ORH"": 0.02, ""DHSR"": 0}",0.08,0.23,0.0492,deprioritized,P(unrelated or weak)=1.00,typesafe-ai/jev,a4b41185524e,True
0228b895-9cb3-4160-8acc-58709e75c3c7,The Genesis Mission:  Transforming Science and Energy with AI,open,none,0.92,"{""strong"": 0, ""none"": 0.92, ""moderate"": 0, ""weak"": 0.08}",none,0.93,"{""none"": 0.93, ""G3"": 0, ""G4"": 0, ""G2"": 0, ""G1"": 0, ""G5"": 0.07}",atypical,0.91,"{""ineligible"": 0, ""unclear"": 0.08, ""lead"": 0, ""partner"": 0.01, ""atypical"": 0.91}",none,0.99,"{""ORH"": 0, ""DHSR"": 0, ""DSS"": 0, ""DEIPD"": 0, ""DSBDHH"": 0, ""DAGING"": 0, ""OSEC"": 0.01, ""DCFW"": 0, ""none"": 0.99, ""MEDICAID"": 0, ""DSOHF"": 0, ""DCDEE"": 0, ""DPH"": 0, ""DMHDDSUS"": 0}",0.0267,0.01,0.0135,deprioritized,P(unrelated)=0.92,typesafe-ai/jev,a4b41185524e,True
02a44bff-94d2-406d-abc3-1d90a285491b,DHQP Global NOFO,forecast,weak,0.91,"{""moderate"": 0.03, ""none"": 0.02, ""weak"": 0.91, ""strong"": 0.04}",none,0.74,"{""G4"": 0.03, ""none"": 0.74, ""G3"": 0, ""G5"": 0.1, ""G2"": 0, ""G1"": 0.13}",partner,0.64,"{""unclear"": 0.03, ""partner"": 0.64, ""lead"": 0.13, ""atypical"": 0.2, ""ineligible"": 0}",DPH,0.74,"{""MEDICAID"": 0, ""DEIPD"": 0, ""DCDEE"": 0, ""none"": 0.26, ""DAGING"": 0, ""DHSR"": 0, ""DCFW"": 0, ""DSS"": 0, ""OSEC"": 0, ""DMHDDSUS"": 0, ""DSBDHH"": 0, ""ORH"": 0, ""DSOHF"": 0, ""DPH"": 0.74}",0.3633,0.77,0.3216,deep_review,not confidently irrelevant,typesafe-ai/jev,a4b41185524e,True
02b2d236-f596-4aca-874d-b8e364156ddc,Rural Communities Opioid Response Program - Community Systems Development,forecast,strong,0.99,"{""none"": 0, ""strong"": 0.99, ""moderate"": 0.01, ""weak"": 0}",G3,1.0,"{""G3"": 1, ""none"": 0, ""G2"": 0, ""G1"": 0, ""G4"": 0, ""G5"": 0}",lead,0.53,"{""unclear"": 0.01, ""atypical"": 0.05, ""ineligible"": 0, ""lead"": 0.53, ""partner"": 0.41}",DMHDDSUS,1.0,"{""DMHDDSUS"": 1, ""none"": 0, ""DSS"": 0, ""OSEC"": 0, ""DSBDHH"": 0, ""DEIPD"": 0, ""DPH"": 0, ""ORH"": 0, ""DCDEE"": 0, ""DAGING"": 0, ""DHSR"": 0, ""DCFW"": 0, ""MEDICAID"": 0, ""DSOHF"": 0}",0.9967,0.94,0.9668,deep_review,not confidently irrelevant,typesafe-ai/jev,a4b41185524e,True
02c6833e-637a-4833-bd57-303c9b003e1c,NIDCD Cooperative Agreement for Clinical Trials in Communication Disorders (U01 - Clinical Trial Required),open,weak,0.98,"{""weak"": 0.98, ""none"": 0, ""strong"": 0, ""moderate"": 0.02}",G1,0.46,"{""none"": 0.45, ""G5"": 0.01, ""G3"": 0, ""G4"": 0.01, ""G1"": 0.46, ""G2"": 0.07}",atypical,0.65,"{""unclear"": 0, ""atypical"": 0.65, ""ineligible"": 0, ""lead"": 0.01, ""partner"": 0.34}",DSBDHH,0.59,"{""ORH"": 0, ""DSOHF"": 0, ""DEIPD"": 0, ""DSBDHH"": 0.59, ""DSS"": 0, ""DAGING"": 0, ""MEDICAID"": 0, ""none"": 0.36, ""DCDEE"": 0, ""OSEC"": 0, ""DCFW"": 0, ""DPH"": 0.02, ""DMHDDSUS"": 0.03, ""DHSR"": 0}",0.34,0.35,0.2295,deprioritized,P(unrelated or weak)=0.98,typesafe-ai/jev,a4b41185524e,True
0313d641-27b6-42aa-95b7-42d26ddf7a40,EDU Core Research,open,none,0.59,"{""none"": 0.59, ""weak"": 0.4, ""moderate"": 0.01, ""strong"": 0}",none,0.8,"{""G5"": 0, ""G2"": 0.01, ""none"": 0.8, ""G3"": 0, ""G4"": 0.19, ""G1"": 0}",atypical,0.9,"{""atypical"": 0.9, ""partner"": 0.05, ""lead"": 0, ""ineligible"": 0, ""unclear"": 0.05}",none,0.87,"{""none"": 0.87, ""DAGING"": 0, ""MEDICAID"": 0, ""DSBDHH"": 0, ""DSS"": 0, ""DCFW"": 0.01, ""DEIPD"": 0, ""DMHDDSUS"": 0, ""DPH"": 0, ""ORH"": 0, ""DSOHF"": 0, ""DHSR"": 0, ""DCDEE"": 0.12, ""OSEC"": 0}",0.14,0.05,0.0735,deprioritized,P(unrelated or weak)=0.99,typesafe-ai/jev,a4b41185524e,True
03312979-edd6-4061-b418-2dda932d044b,U.S. Embassy Luanda Public Diplomacy Section Request for a Full Proposal Application,forecast,none,1.0,"{""none"": 1, ""weak"": 0, ""moderate"": 0, ""strong"": 0}",none,1.0,"{""G1"": 0, ""G2"": 0, ""G4"": 0, ""none"": 1, ""G3"": 0, ""G5"": 0}",atypical,0.9,"{""unclear"": 0, ""lead"": 0.01, ""atypical"": 0.9, ""partner"": 0.01, ""ineligible"": 0.08}",none,0.99,"{""DCDEE"": 0, ""DPH"": 0, ""ORH"": 0, ""DSS"": 0, ""DSOHF"": 0, ""DCFW"": 0, ""none"": 0.99, ""DEIPD"": 0, ""MEDICAID"": 0, ""DSBDHH"": 0, ""DAGING"": 0, ""DHSR"": 0, ""OSEC"": 0.01, ""DMHDDSUS"": 0}",0.0,0.02,0.0,deprioritized,P(unrelated)=1.00,typesafe-ai/jev,a4b41185524e,True
03342bb6-adf4-42e1-9d1c-43345b72b6fc,"DoW Parkinson’s, Early Investigator Research Award",open,weak,0.84,"{""weak"": 0.84, ""none"": 0.16, ""strong"": 0, ""moderate"": 0}",none,0.85,"{""G1"": 0.1, ""none"": 0.85, ""G3"": 0, ""G2"": 0, ""G5"": 0.01, ""G4"": 0.04}",atypical,0.94,"{""unclear"": 0.04, ""atypical"": 0.94, ""ineligible"": 0.01, ""partner"": 0.01, ""lead"": 0}",none,0.92,"{""MEDICAID"": 0, ""ORH"": 0, ""none"": 0.92, ""DSS"": 0, ""DMHDDSUS"": 0.01, ""DPH"": 0.07, ""DAGING"": 0, ""DSOHF"": 0, ""OSEC"": 0, ""DCDEE"": 0, ""DEIPD"": 0, ""DSBDHH"": 0, ""DCFW"": 0, ""DHSR"": 0}",0.28,0.01,0.1414,deprioritized,P(unrelated or weak)=1.00,typesafe-ai/jev,a4b41185524e,True
03a6eccc-2913-443a-8b8e-7603a32e2f8d,Development of Animal Models and Related Biological Materials for Research (R21 Clinical Trial Not Allowed),open,weak,1.0,"{""strong"": 0, ""none"": 0, ""moderate"": 0, ""weak"": 1}",none,0.93,"{""G3"": 0, ""G1"": 0, ""G5"": 0.06, ""none"": 0.93, ""G2"": 0, ""G4"": 0.01}",atypical,0.91,"{""unclear"": 0, ""lead"": 0.01, ""partner"": 0.08, ""atypical"": 0.91, ""ineligible"": 0}",none,0.94,"{""DCFW"": 0, ""DSS"": 0, ""DCDEE"": 0, ""DSBDHH"": 0, ""DMHDDSUS"": 0, ""DEIPD"": 0, ""MEDICAID"": 0, ""DPH"": 0.05, ""ORH"": 0, ""DSOHF"": 0, ""OSEC"": 0, ""none"": 0.94, ""DAGING"": 0, ""DHSR"": 0}",0.3333,0.09,0.1817,deprioritized,P(unrelated or weak)=1.00,typesafe-ai/jev,a4b41185524e,True
040e3cf3-0d44-4cfd-ac23-6b1d13c4d848,Infertility Training Center,forecast,strong,0.43,"{""weak"": 0.2, ""none"": 0, ""moderate"": 0.37, ""strong"": 0.43}",G2,0.39,"{""G4"": 0.03, ""G3"": 0, ""none"": 0.23, ""G1"": 0.34, ""G2"": 0.39, ""G5"": 0.01}",ineligible,0.33,"{""ineligible"": 0.33, ""lead"": 0.07, ""atypical"": 0.31, ""partner"": 0.29, ""unclear"": 0}",DPH,0.76,"{""MEDICAID"": 0, ""DMHDDSUS"": 0, ""DCFW"": 0.01, ""DHSR"": 0.01, ""none"": 0.19, ""DSS"": 0, ""DAGING"": 0, ""DPH"": 0.76, ""DSBDHH"": 0, ""OSEC"": 0, ""ORH"": 0.03, ""DSOHF"": 0, ""DEIPD"": 0, ""DCDEE"": 0}",0.7433,0.36,0.5055,deep_review,not confidently irrelevant,typesafe-ai/jev,a4b41185524e,True
0417c296-308c-43ab-aebb-6be71b75ae0c,New Approaches for Measuring Brain Changes Across Longer Timespans (R21 Clinical Trial Optional),open,weak,1.0,"{""moderate"": 0, ""none"": 0, ""strong"": 0, ""weak"": 1}",none,0.81,"{""G2"": 0.08, ""none"": 0.81, ""G3"": 0.05, ""G5"": 0.04, ""G4"": 0.01, ""G1"": 0.01}",atypical,0.87,"{""lead"": 0, ""atypical"": 0.87, ""ineligible"": 0, ""unclear"": 0, ""partner"": 0.13}",none,0.82,"{""DCFW"": 0, ""DSBDHH"": 0, ""none"": 0.82, ""DHSR"": 0, ""MEDICAID"": 0, ""ORH"": 0, ""DSS"": 0, ""DAGING"": 0.01, ""OSEC"": 0, ""DPH"": 0.09, ""DMHDDSUS"": 0.07, ""DEIPD"": 0, ""DCDEE"": 0, ""DSOHF"": 0}",0.3333,0.13,0.1883,deprioritized,P(unrelated or weak)=1.00,typesafe-ai/jev,a4b41185524e,True
0430f169-66e0-47ef-8fef-40258a759c8e,Exploratory/Developmental Bioengineering Research Grants (EBRG) (R21 Clinical Trial Not Allowed),open,weak,1.0,"{""none"": 0, ""weak"": 1, ""moderate"": 0, ""strong"": 0}",none,0.66,"{""G1"": 0.03, ""none"": 0.66, ""G2"": 0, ""G3"": 0, ""G4"": 0, ""G5"": 0.31}",atypical,0.83,"{""ineligible"": 0, ""lead"": 0, ""partner"": 0.17, ""atypical"": 0.83, ""unclear"": 0}",none,0.88,"{""OSEC"": 0, ""DPH"": 0.1, ""DSS"": 0, ""ORH"": 0.01, ""DSBDHH"": 0, ""DCFW"": 0, ""DEIPD"": 0, ""DMHDDSUS"": 0, ""none"": 0.88, ""MEDICAID"": 0, ""DAGING"": 0, ""DSOHF"": 0.01, ""DCDEE"": 0, ""DHSR"": 0}",0.3333,0.17,0.195,deprioritized,P(unrelated or weak)=1.00,typesafe-ai/jev,a4b41185524e,True
04392bde-dbfc-4191-87ae-a98046dc15fb,IDeA Networks of Biomedical Research Excellence (INBRE),forecast,weak,0.91,"{""strong"": 0, ""none"": 0.09, ""moderate"": 0, ""weak"": 0.91}",none,0.95,"{""G2"": 0, ""G4"": 0.05, ""G3"": 0, ""G1"": 0, ""G5"": 0, ""none"": 0.95}",ineligible,0.81,"{""unclear"": 0, ""atypical"": 0.11, ""ineligible"": 0.81, ""lead"": 0, ""partner"": 0.07}",none,1.0,"{""OSEC"": 0, ""ORH"": 0, ""none"": 1, ""DCFW"": 0, ""DMHDDSUS"": 0, ""DSS"": 0, ""DSOHF"": 0, ""DEIPD"": 0, ""DCDEE"": 0, ""DHSR"": 0, ""DPH"": 0, ""MEDICAID"": 0, ""DSBDHH"": 0, ""DAGING"": 0}",0.3033,0.07,0.1623,deprioritized,P(unrelated or weak)=1.00,typesafe-ai/jev,a4b41185524e,True
0460cf3e-ce31-4c12-9237-f5601fc839c8,Limited Competition: Small Grant Program for Mentored Research Career Development Award Recipients (R03) (Clinical Trials Not Allowed),open,weak,1.0,"{""weak"": 1, ""moderate"": 0, ""strong"": 0, ""none"": 0}",none,0.84,"{""G3"": 0, ""G4"": 0.14, ""G1"": 0.01, ""G2"": 0, ""G5"": 0.01, ""none"": 0.84}",atypical,0.97,"{""lead"": 0, ""ineligible"": 0, ""unclear"": 0, ""atypical"": 0.97, ""partner"": 0.03}",none,0.93,"{""DAGING"": 0, ""MEDICAID"": 0, ""DCFW"": 0, ""DSOHF"": 0, ""OSEC"": 0.01, ""DSS"": 0, ""DMHDDSUS"": 0, ""DHSR"": 0, ""DPH"": 0.05, ""DSBDHH"": 0, ""ORH"": 0, ""DCDEE"": 0, ""DEIPD"": 0, ""none"": 0.93}",0.3333,0.03,0.1717,deprioritized,P(unrelated or weak)=1.00,typesafe-ai/jev,a4b41185524e,True
04b31ad6-4390-4bcb-95d0-a75d25ddbae2,Advanced Technological Education,open,none,0.88,"{""weak"": 0.11, ""strong"": 0, ""moderate"": 0.01, ""none"": 0.88}",none,0.64,"{""G5"": 0, ""G3"": 0, ""G2"": 0, ""G1"": 0, ""none"": 0.64, ""G4"": 0.36}",atypical,0.92,"{""unclear"": 0, ""ineligible"": 0, ""partner"": 0.08, ""atypical"": 0.92, ""lead"": 0}",none,0.94,"{""ORH"": 0, ""DCDEE"": 0.01, ""OSEC"": 0, ""DEIPD"": 0.05, ""DCFW"": 0, ""MEDICAID"": 0, ""DSS"": 0, ""DSOHF"": 0, ""DAGING"": 0, ""DPH"": 0, ""DSBDHH"": 0, ""none"": 0.94, ""DMHDDSUS"": 0, ""DHSR"": 0}",0.0433,0.08,0.0234,deprioritized,P(unrelated)=0.88,typesafe-ai/jev,a4b41185524e,True
04cf4e58-5a89-47a9-b4c7-a1388edac495,Dissemination and Implementation Research in Health (R03 Clinical Trial Not Allowed),open,weak,0.49,"{""weak"": 0.49, ""moderate"": 0.43, ""none"": 0, ""strong"": 0.08}",G5,0.54,"{""G4"": 0.01, ""G2"": 0, ""G3"": 0.09, ""none"": 0.3, ""G1"": 0.06, ""G5"": 0.54}",atypical,0.6,"{""lead"": 0.02, ""partner"": 0.38, ""unclear"": 0, ""atypical"": 0.6, ""ineligible"": 0}",none,0.46,"{""DHSR"": 0.01, ""ORH"": 0.01, ""MEDICAID"": 0, ""OSEC"": 0.01, ""none"": 0.46, ""DMHDDSUS"": 0.19, ""DSS"": 0, ""DCFW"": 0, ""DAGING"": 0, ""DSOHF"": 0.01, ""DPH"": 0.31, ""DSBDHH"": 0, ""DEIPD"": 0, ""DCDEE"": 0}",0.53,0.4,0.371,deep_review,not confidently irrelevant,typesafe-ai/jev,a4b41185524e,True
04e6fd79-8789-47c8-be6f-646c0e686087,Improving Linkage to Care for People with Opioid Use Disorder (U01),forecast,strong,0.56,"{""weak"": 0.14, ""strong"": 0.56, ""moderate"": 0.3, ""none"": 0}",G3,0.99,"{""G1"": 0.01, ""none"": 0, ""G4"": 0, ""G3"": 0.99, ""G2"": 0, ""G5"": 0}",partner,0.81,"{""lead"": 0.02, ""partner"": 0.81, ""unclear"": 0.01, ""ineligible"": 0, ""atypical"": 0.16}",DMHDDSUS,0.66,"{""DPH"": 0.32, ""ORH"": 0, ""DSBDHH"": 0, ""DCDEE"": 0, ""DAGING"": 0, ""OSEC"": 0, ""DSS"": 0, ""DMHDDSUS"": 0.66, ""MEDICAID"": 0, ""DHSR"": 0, ""DSOHF"": 0, ""DCFW"": 0, ""DEIPD"": 0, ""none"": 0.02}",0.8067,0.83,0.7381,deep_review,not confidently irrelevant,typesafe-ai/jev,a4b41185524e,True
04eb0e0a-50ab-419a-8258-fea87a1fd3e3,Ensuring “Pro-American Worker” Critical Minerals Supply Chain in the Western Hemisphere,forecast,none,0.78,"{""strong"": 0, ""none"": 0.78, ""moderate"": 0, ""weak"": 0.22}",none,0.96,"{""G3"": 0, ""G4"": 0.04, ""none"": 0.96, ""G1"": 0, ""G5"": 0, ""G2"": 0}",atypical,0.7,"{""atypical"": 0.7, ""unclear"": 0.01, ""partner"": 0.17, ""lead"": 0, ""ineligible"": 0.12}",none,0.97,"{""OSEC"": 0.01, ""ORH"": 0, ""none"": 0.97, ""DCFW"": 0, ""DCDEE"": 0, ""DSS"": 0, ""DSOHF"": 0, ""DEIPD"": 0.02, ""MEDICAID"": 0, ""DHSR"": 0, ""DPH"": 0, ""DSBDHH"": 0, ""DMHDDSUS"": 0, ""DAGING"": 0}",0.0733,0.17,0.0429,deprioritized,P(unrelated or weak)=1.00,typesafe-ai/jev,a4b41185524e,True
0536c0e6-e21d-4548-8511-a293babd20b8,Research Opportunities in Cancer Epidemiology Cohort Studies (U01 Clinical Trial Not Allowed),open,weak,0.89,"{""none"": 0, ""weak"": 0.89, ""moderate"": 0.09, ""strong"": 0.02}",none,0.59,"{""G5"": 0.01, ""G2"": 0, ""none"": 0.59, ""G3"": 0, ""G4"": 0.02, ""G1"": 0.38}",partner,0.53,"{""atypical"": 0.46, ""partner"": 0.53, ""lead"": 0.01, ""ineligible"": 0, ""unclear"": 0}",DPH,0.91,"{""none"": 0.09, ""OSEC"": 0, ""MEDICAID"": 0, ""DHSR"": 0, ""DCDEE"": 0, ""DSOHF"": 0, ""DEIPD"": 0, ""DMHDDSUS"": 0, ""DPH"": 0.91, ""ORH"": 0, ""DAGING"": 0, ""DCFW"": 0, ""DSS"": 0, ""DSBDHH"": 0}",0.3767,0.54,0.29,deep_review,not confidently irrelevant,typesafe-ai/jev,a4b41185524e,True
05609907-27e0-4510-83f2-28f32a1912e1,"Logistical Support for Citizen Security, counternarcotics, border security, criminal deterrence and Law Enforcement Projects in Honduras",open,none,0.96,"{""weak"": 0.04, ""moderate"": 0, ""none"": 0.96, ""strong"": 0}",none,0.98,"{""G1"": 0, ""G3"": 0, ""G2"": 0, ""none"": 0.98, ""G5"": 0.02, ""G4"": 0}",ineligible,0.88,"{""partner"": 0.01, ""ineligible"": 0.88, ""lead"": 0, ""unclear"": 0, ""atypical"": 0.11}",none,1.0,"{""OSEC"": 0, ""MEDICAID"": 0, ""DSBDHH"": 0, ""DEIPD"": 0, ""DSS"": 0, ""DAGING"": 0, ""DCFW"": 0, ""DHSR"": 0, ""ORH"": 0, ""DCDEE"": 0, ""none"": 1, ""DPH"": 0, ""DMHDDSUS"": 0, ""DSOHF"": 0}",0.0133,0.01,0.0067,deprioritized,P(unrelated)=0.96,typesafe-ai/jev,a4b41185524e,True
056e3a67-1026-4330-a98d-dad49975a09d,In Vivo High-Resolution Imaging for Inner Ear Visualization (R01 Clinical Trial optional),open,weak,1.0,"{""strong"": 0, ""moderate"": 0, ""none"": 0, ""weak"": 1}",none,0.88,"{""G5"": 0.03, ""G1"": 0.09, ""G2"": 0, ""G3"": 0, ""none"": 0.88, ""G4"": 0}",atypical,0.93,"{""unclear"": 0, ""atypical"": 0.93, ""partner"": 0.07, ""ineligible"": 0, ""lead"": 0}",none,0.73,"{""DSBDHH"": 0.26, ""DSOHF"": 0, ""DAGING"": 0, ""ORH"": 0, ""DCDEE"": 0, ""DMHDDSUS"": 0, ""DPH"": 0.01, ""DEIPD"": 0, ""DHSR"": 0, ""MEDICAID"": 0, ""DCFW"": 0, ""none"": 0.73, ""OSEC"": 0, ""DSS"": 0}",0.3333,0.07,0.1783,deprioritized,P(unrelated or weak)=1.00,typesafe-ai/jev,a4b41185524e,True
058dfbec-211e-4892-a155-6c03e4b2eff3,"U.S. Mission to the United Nations-Geneva, Small Grants Program",open,none,0.67,"{""weak"": 0.33, ""moderate"": 0, ""strong"": 0, ""none"": 0.67}",none,0.99,"{""G5"": 0, ""none"": 0.99, ""G4"": 0, ""G3"": 0, ""G2"": 0, ""G1"": 0.01}",ineligible,0.94,"{""lead"": 0, ""partner"": 0.01, ""unclear"": 0, ""ineligible"": 0.94, ""atypical"": 0.05}",none,0.98,"{""DPH"": 0.01, ""OSEC"": 0.01, ""DSBDHH"": 0, ""DCDEE"": 0, ""none"": 0.98, ""ORH"": 0, ""DAGING"": 0, ""DCFW"": 0, ""MEDICAID"": 0, ""DHSR"": 0, ""DSOHF"": 0, ""DMHDDSUS"": 0, ""DEIPD"": 0, ""DSS"": 0}",0.11,0.01,0.0556,deprioritized,P(unrelated or weak)=1.00,typesafe-ai/jev,a4b41185524e,True
05ca71ed-8c53-44e1-87f0-9b7e75f28fef,The Research on Research Security Program,open,none,0.91,"{""weak"": 0.08, ""none"": 0.91, ""strong"": 0, ""moderate"": 0.01}",none,0.97,"{""none"": 0.97, ""G2"": 0, ""G5"": 0.03, ""G1"": 0, ""G3"": 0, ""G4"": 0}",atypical,0.9,"{""ineligible"": 0, ""partner"": 0.02, ""lead"": 0, ""unclear"": 0.08, ""atypical"": 0.9}",none,0.96,"{""DSOHF"": 0, ""OSEC"": 0.03, ""ORH"": 0, ""DAGING"": 0, ""DCFW"": 0, ""none"": 0.96, ""DCDEE"": 0, ""MEDICAID"": 0, ""DMHDDSUS"": 0, ""DHSR"": 0, ""DSS"": 0, ""DPH"": 0.01, ""DSBDHH"": 0, ""DEIPD"": 0}",0.0333,0.02,0.017,deprioritized,P(unrelated)=0.91,typesafe-ai/jev,a4b41185524e,True
06024144-a58a-42d8-8813-75357d9bb7fe,Demonstration Projects for Whole-Person Health Models for Women Living with HIV in the South,forecast,strong,0.84,"{""weak"": 0.06, ""strong"": 0.84, ""moderate"": 0.06, ""none"": 0.04}",G1,0.95,"{""G1"": 0.95, ""G5"": 0, ""G4"": 0, ""G3"": 0, ""G2"": 0, ""none"": 0.05}",partner,0.46,"{""lead"": 0.17, ""partner"": 0.46, ""unclear"": 0.01, ""ineligible"": 0.33, ""atypical"": 0.03}",DPH,0.96,"{""DPH"": 0.96, ""OSEC"": 0, ""DSBDHH"": 0, ""DCDEE"": 0, ""DSS"": 0, ""DCFW"": 0, ""ORH"": 0, ""DAGING"": 0, ""MEDICAID"": 0, ""DHSR"": 0, ""DSOHF"": 0, ""DMHDDSUS"": 0, ""DEIPD"": 0, ""none"": 0.04}",0.9,0.63,0.7335,deep_review,not confidently irrelevant,typesafe-ai/jev,a4b41185524e,True
060f0ee2-0217-48e6-bc79-2465b2d607bb,Autism Centers of Excellence P50,forecast,weak,0.99,"{""strong"": 0, ""weak"": 0.99, ""none"": 0, ""moderate"": 0.01}",G2,0.48,"{""G4"": 0.01, ""none"": 0.41, ""G5"": 0, ""G2"": 0.48, ""G3"": 0.01, ""G1"": 0.09}",atypical,0.55,"{""ineligible"": 0.03, ""unclear"": 0, ""partner"": 0.4, ""lead"": 0.01, ""atypical"": 0.55}",none,0.49,"{""DSBDHH"": 0, ""DMHDDSUS"": 0.36, ""MEDICAID"": 0, ""none"": 0.49, ""DSS"": 0, ""DEIPD"": 0, ""DSOHF"": 0, ""ORH"": 0, ""DPH"": 0.13, ""OSEC"": 0, ""DCFW"": 0.01, ""DCDEE"": 0.01, ""DAGING"": 0, ""DHSR"": 0}",0.3367,0.41,0.2373,deprioritized,P(unrelated or weak)=0.99,typesafe-ai/jev,a4b41185524e,True
062ea7d2-e4fd-4d92-9861-982b713dba25,Science of Organizations,open,none,0.49,"{""none"": 0.49, ""strong"": 0, ""moderate"": 0.04, ""weak"": 0.47}",none,0.6,"{""G3"": 0, ""none"": 0.6, ""G2"": 0, ""G1"": 0, ""G4"": 0, ""G5"": 0.4}",atypical,0.92,"{""unclear"": 0.05, ""partner"": 0.03, ""ineligible"": 0, ""lead"": 0, ""atypical"": 0.92}",none,0.87,"{""DMHDDSUS"": 0, ""none"": 0.87, ""OSEC"": 0.13, ""DSS"": 0, ""DCDEE"": 0, ""DEIPD"": 0, ""MEDICAID"": 0, ""DAGING"": 0, ""DCFW"": 0, ""DSOHF"": 0, ""ORH"": 0, ""DSBDHH"": 0, ""DPH"": 0, ""DHSR"": 0}",0.1833,0.03,0.0944,deprioritized,P(unrelated or weak)=0.96,typesafe-ai/jev,a4b41185524e,True
06339d3e-1543-4697-a7ed-345670f2bc0a,Screening and Functional Validation of Genomic Variants Associated with Human Congenital Anomalies (R01 Clinical Trial Not Allowed),open,weak,1.0,"{""strong"": 0, ""weak"": 1, ""none"": 0, ""moderate"": 0}",none,0.55,"{""G3"": 0, ""G5"": 0.01, ""G4"": 0.01, ""G2"": 0.41, ""G1"": 0.02, ""none"": 0.55}",atypical,0.82,"{""partner"": 0.18, ""lead"": 0, ""atypical"": 0.82, ""unclear"": 0, ""ineligible"": 0}",none,0.81,"{""DMHDDSUS"": 0.01, ""OSEC"": 0, ""MEDICAID"": 0, ""DSS"": 0, ""DEIPD"": 0, ""DSBDHH"": 0, ""DHSR"": 0, ""DPH"": 0.17, ""DCFW"": 0, ""ORH"": 0, ""none"": 0.81, ""DCDEE"": 0.01, ""DSOHF"": 0, ""DAGING"": 0}",0.3333,0.18,0.1967,deprioritized,P(unrelated or weak)=1.00,typesafe-ai/jev,a4b41185524e,True
06492205-bcf9-41af-bbb8-fb7bd5370599,INCLUDE Project: Transformative Research Awards for Down syndrome (R01 Clinical Trial Not Allowed),open,weak,1.0,"{""weak"": 1, ""strong"": 0, ""none"": 0, ""moderate"": 0}",none,0.52,"{""G4"": 0, ""G1"": 0.46, ""none"": 0.52, ""G5"": 0, ""G2"": 0.02, ""G3"": 0}",atypical,0.89,"{""atypical"": 0.89, ""ineligible"": 0, ""lead"": 0, ""unclear"": 0, ""partner"": 0.11}",none,0.69,"{""MEDICAID"": 0, ""OSEC"": 0, ""DAGING"": 0, ""DHSR"": 0, ""DMHDDSUS"": 0.3, ""none"": 0.69, ""DEIPD"": 0, ""DSBDHH"": 0, ""DCDEE"": 0, ""DSOHF"": 0, ""DCFW"": 0, ""DSS"": 0, ""DPH"": 0.01, ""ORH"": 0}",0.3333,0.11,0.185,deprioritized,P(unrelated or weak)=1.00,typesafe-ai/jev,a4b41185524e,True
065de23d-8220-4dbb-9ea2-82ae8e9fb4dc,Findable Accessible Interoperable Reusable Open Science,open,none,0.54,"{""moderate"": 0.06, ""none"": 0.54, ""strong"": 0.01, ""weak"": 0.39}",G5,0.59,"{""G1"": 0, ""G2"": 0, ""G3"": 0, ""G4"": 0, ""G5"": 0.59, ""none"": 0.41}",ineligible,0.6,"{""atypical"": 0.08, ""ineligible"": 0.6, ""lead"": 0, ""partner"": 0.32, ""unclear"": 0}",none,0.62,"{""DAGING"": 0, ""DCDEE"": 0, ""DCFW"": 0, ""DEIPD"": 0, ""DHSR"": 0, ""DMHDDSUS"": 0, ""DPH"": 0.1, ""DSBDHH"": 0, ""DSOHF"": 0, ""DSS"": 0, ""MEDICAID"": 0, ""ORH"": 0, ""OSEC"": 0.28, ""none"": 0.62}",0.18,0.32,0.1188,deep_review,not confidently irrelevant,typesafe-ai/jev,a4b41185524e,True
068900fa-8b72-47a1-83e4-ce1be082203d,Academic Career Excellence (ACE) Award (K32 Independent Clinical Trial Not Allowed),open,weak,1.0,"{""strong"": 0, ""none"": 0, ""weak"": 1, ""moderate"": 0}",none,0.65,"{""G2"": 0, ""none"": 0.65, ""G3"": 0, ""G5"": 0.01, ""G4"": 0.34, ""G1"": 0}",atypical,0.94,"{""lead"": 0, ""atypical"": 0.94, ""ineligible"": 0.01, ""unclear"": 0, ""partner"": 0.05}",none,0.93,"{""DCFW"": 0, ""none"": 0.93, ""MEDICAID"": 0, ""DHSR"": 0, ""DSBDHH"": 0, ""OSEC"": 0.01, ""DSS"": 0, ""DAGING"": 0, ""ORH"": 0.01, ""DPH"": 0.04, ""DMHDDSUS"": 0, ""DEIPD"": 0, ""DCDEE"": 0, ""DSOHF"": 0}",0.3333,0.05,0.175,deprioritized,P(unrelated or weak)=1.00,typesafe-ai/jev,a4b41185524e,True
069c1e81-d310-44fc-b066-218533eb35cc,"Institute of Education Sciences (IES): National Center for Education Research (NCER): Using Longitudinal Data to Support State Education Policymaking, Assistance Listing Number (ALN) 84.305S",open,none,0.65,"{""strong"": 0.01, ""weak"": 0.33, ""none"": 0.65, ""moderate"": 0.01}",none,0.75,"{""G4"": 0.05, ""none"": 0.75, ""G3"": 0, ""G2"": 0.05, ""G5"": 0.15, ""G1"": 0}",partner,0.58,"{""ineligible"": 0.25, ""unclear"": 0, ""lead"": 0.02, ""partner"": 0.58, ""atypical"": 0.15}",none,0.82,"{""DSBDHH"": 0, ""DMHDDSUS"": 0, ""DCDEE"": 0.11, ""none"": 0.82, ""MEDICAID"": 0, ""DEIPD"": 0, ""DSOHF"": 0, ""ORH"": 0, ""DPH"": 0, ""OSEC"": 0.05, ""DCFW"": 0.01, ""DHSR"": 0, ""DAGING"": 0, ""DSS"": 0}",0.1267,0.6,0.1013,deprioritized,P(unrelated or weak)=0.98,typesafe-ai/jev,a4b41185524e,True
07056fb0-63a2-491f-899f-94fce614ad2e,Domestic Violence Prevention,forecast,weak,0.39,"{""moderate"": 0.15, ""strong"": 0.35, ""none"": 0.11, ""weak"": 0.39}",none,0.73,"{""G4"": 0, ""G2"": 0.15, ""G1"": 0.08, ""G5"": 0, ""none"": 0.73, ""G3"": 0.04}",ineligible,0.92,"{""atypical"": 0, ""ineligible"": 0.92, ""unclear"": 0, ""partner"": 0.08, ""lead"": 0}",none,0.92,"{""DSBDHH"": 0, ""DSS"": 0.06, ""DHSR"": 0, ""DCFW"": 0.01, ""DMHDDSUS"": 0.01, ""MEDICAID"": 0, ""DCDEE"": 0, ""DSOHF"": 0, ""DEIPD"": 0, ""ORH"": 0, ""DPH"": 0, ""none"": 0.92, ""OSEC"": 0, ""DAGING"": 0}",0.58,0.08,0.3132,deprioritized,P(ineligible)=0.92,typesafe-ai/jev,a4b41185524e,True
0709b96e-7fdb-4789-a1d7-71df1395a804,Clinical Trials in Organ Transplantation in Children and Adults,forecast,weak,0.99,"{""weak"": 0.99, ""moderate"": 0.01, ""none"": 0, ""strong"": 0}",none,0.44,"{""G3"": 0, ""none"": 0.44, ""G1"": 0.3, ""G5"": 0.01, ""G4"": 0.01, ""G2"": 0.24}",atypical,0.57,"{""atypical"": 0.57, ""lead"": 0.01, ""ineligible"": 0.04, ""unclear"": 0, ""partner"": 0.38}",none,0.85,"{""DSS"": 0, ""DCFW"": 0, ""DCDEE"": 0.01, ""DEIPD"": 0, ""DSOHF"": 0.04, ""DPH"": 0.07, ""MEDICAID"": 0.01, ""DAGING"": 0, ""OSEC"": 0, ""none"": 0.85, ""DSBDHH"": 0, ""DMHDDSUS"": 0, ""DHSR"": 0.02, ""ORH"": 0}",0.3367,0.39,0.234,deprioritized,P(unrelated or weak)=0.99,typesafe-ai/jev,a4b41185524e,True
0731381f-f39a-4d8f-9f55-701eddc5273b,Occupational Safety and Health Training Project Grants (T03),open,strong,0.62,"{""moderate"": 0.28, ""none"": 0, ""strong"": 0.62, ""weak"": 0.1}",G4,0.79,"{""G1"": 0, ""G2"": 0, ""G3"": 0, ""G4"": 0.79, ""G5"": 0.05, ""none"": 0.16}",atypical,0.52,"{""atypical"": 0.52, ""ineligible"": 0, ""lead"": 0.02, ""partner"": 0.46, ""unclear"": 0}",DPH,0.73,"{""DAGING"": 0, ""DCDEE"": 0, ""DCFW"": 0, ""DEIPD"": 0, ""DHSR"": 0.02, ""DMHDDSUS"": 0, ""DPH"": 0.73, ""DSBDHH"": 0, ""DSOHF"": 0.01, ""DSS"": 0, ""MEDICAID"": 0, ""ORH"": 0, ""OSEC"": 0.04, ""none"": 0.2}",0.84,0.48,0.6216,deep_review,not confidently irrelevant,typesafe-ai/jev,a4b41185524e,True
0765e59e-2094-4f96-9d37-fe08934e626c,Research Council of Finland (RCF) – National Institutes of Health (NIH) Partnership Program,forecast,weak,1.0,"{""moderate"": 0, ""strong"": 0, ""none"": 0, ""weak"": 1}",none,0.85,"{""G3"": 0, ""G1"": 0.01, ""G2"": 0, ""none"": 0.85, ""G5"": 0.12, ""G4"": 0.02}",atypical,0.82,"{""lead"": 0.01, ""unclear"": 0, ""partner"": 0.15, ""atypical"": 0.82, ""ineligible"": 0.02}",none,0.75,"{""DSOHF"": 0, ""DSBDHH"": 0, ""DHSR"": 0.01, ""DSS"": 0, ""DCFW"": 0, ""DAGING"": 0, ""DMHDDSUS"": 0, ""DPH"": 0.19, ""DEIPD"": 0, ""none"": 0.75, ""OSEC"": 0.03, ""ORH"": 0.01, ""DCDEE"": 0.01, ""MEDICAID"": 0}",0.3333,0.16,0.1933,deprioritized,P(unrelated or weak)=1.00,typesafe-ai/jev,a4b41185524e,True
077770e0-41ee-4340-89c7-e720c8892ae9,Research in the Formation of Engineers,open,none,0.99,"{""weak"": 0.01, ""strong"": 0, ""none"": 0.99, ""moderate"": 0}",none,0.95,"{""G1"": 0, ""none"": 0.95, ""G5"": 0, ""G2"": 0, ""G3"": 0, ""G4"": 0.05}",atypical,0.96,"{""unclear"": 0.03, ""atypical"": 0.96, ""ineligible"": 0, ""partner"": 0.01, ""lead"": 0}",none,1.0,"{""DSS"": 0, ""none"": 1, ""ORH"": 0, ""MEDICAID"": 0, ""DMHDDSUS"": 0, ""DPH"": 0, ""DCDEE"": 0, ""DSBDHH"": 0, ""OSEC"": 0, ""DAGING"": 0, ""DEIPD"": 0, ""DSOHF"": 0, ""DHSR"": 0, ""DCFW"": 0}",0.0033,0.01,0.0017,deprioritized,P(unrelated)=0.99,typesafe-ai/jev,a4b41185524e,True
078c6a60-731b-4c4f-bd44-d6ed7c5293c1,Accelerating the Pace of Substance Use Research Using Existing Data (R01 Clinical Trial Not Allowed),open,weak,0.88,"{""moderate"": 0.11, ""strong"": 0.01, ""weak"": 0.88, ""none"": 0}",G3,0.89,"{""G2"": 0, ""G3"": 0.89, ""G5"": 0.01, ""G1"": 0, ""none"": 0.1, ""G4"": 0}",partner,0.55,"{""lead"": 0.01, ""partner"": 0.55, ""ineligible"": 0, ""unclear"": 0, ""atypical"": 0.44}",DMHDDSUS,0.67,"{""DPH"": 0.11, ""none"": 0.2, ""DHSR"": 0, ""DAGING"": 0, ""DSOHF"": 0.01, ""DCDEE"": 0, ""DMHDDSUS"": 0.67, ""DSBDHH"": 0, ""DCFW"": 0, ""OSEC"": 0, ""DSS"": 0, ""MEDICAID"": 0, ""DEIPD"": 0, ""ORH"": 0}",0.3767,0.56,0.2938,deep_review,not confidently irrelevant,typesafe-ai/jev,a4b41185524e,True
07b5ef08-35da-4934-94a6-389b5dd4e221,"Community Engagement Evaluation and Data Coordination (CEED) Hub to Advance Data and Practice Transformation for Optimizing Oral Health for All (U01, Clinical Trial Not Allowed)",open,moderate,0.37,"{""none"": 0, ""weak"": 0.37, ""moderate"": 0.37, ""strong"": 0.26}",G1,0.67,"{""none"": 0.16, ""G4"": 0, ""G5"": 0.17, ""G1"": 0.67, ""G3"": 0, ""G2"": 0}",partner,0.8,"{""unclear"": 0.01, ""lead"": 0.01, ""atypical"": 0.17, ""partner"": 0.8, ""ineligible"": 0}",DPH,0.67,"{""DCDEE"": 0.01, ""DSOHF"": 0.01, ""ORH"": 0.04, ""DSS"": 0, ""DPH"": 0.67, ""DCFW"": 0, ""none"": 0.21, ""DEIPD"": 0, ""MEDICAID"": 0, ""DSBDHH"": 0, ""OSEC"": 0.04, ""DHSR"": 0.01, ""DMHDDSUS"": 0.01, ""DAGING"": 0}",0.63,0.81,0.5702,deep_review,not confidently irrelevant,typesafe-ai/jev,a4b41185524e,True
08393a0c-1336-4f0b-a76c-18f8385d7dd1,Limited Competition: Supporting Programs to Advance Research Knowledge in Environmental Health Sciences (SPARK-EHS) (UE5/T32 - Clinical Trial Not Allowed),forecast,weak,1.0,"{""none"": 0, ""moderate"": 0, ""weak"": 1, ""strong"": 0}",none,0.85,"{""none"": 0.85, ""G4"": 0.15, ""G1"": 0, ""G2"": 0, ""G3"": 0, ""G5"": 0}",ineligible,0.79,"{""unclear"": 0, ""ineligible"": 0.79, ""atypical"": 0.11, ""lead"": 0, ""partner"": 0.1}",none,0.95,"{""DHSR"": 0, ""MEDICAID"": 0, ""DCDEE"": 0, ""DSBDHH"": 0, ""DSOHF"": 0, ""DPH"": 0.05, ""DAGING"": 0, ""none"": 0.95, ""OSEC"": 0, ""DEIPD"": 0, ""ORH"": 0, ""DCFW"": 0, ""DMHDDSUS"": 0, ""DSS"": 0}",0.3333,0.1,0.1833,deprioritized,P(unrelated or weak)=1.00,typesafe-ai/jev,a4b41185524e,True
08c3e255-51ed-4d45-8526-01b16fe94ca6,Division of Chemistry: Disciplinary Research Programs,open,none,0.75,"{""weak"": 0.25, ""strong"": 0, ""none"": 0.75, ""moderate"": 0}",none,1.0,"{""G2"": 0, ""G5"": 0, ""G3"": 0, ""G4"": 0, ""none"": 1, ""G1"": 0}",ineligible,0.91,"{""partner"": 0.01, ""ineligible"": 0.91, ""atypical"": 0.08, ""lead"": 0, ""unclear"": 0}",none,0.99,"{""DMHDDSUS"": 0, ""DCDEE"": 0, ""DSS"": 0, ""DAGING"": 0, ""DPH"": 0.01, ""OSEC"": 0, ""DEIPD"": 0, ""DCFW"": 0, ""ORH"": 0, ""none"": 0.99, ""DHSR"": 0, ""DSBDHH"": 0, ""MEDICAID"": 0, ""DSOHF"": 0}",0.0833,0.01,0.0421,deprioritized,P(unrelated or weak)=1.00,typesafe-ai/jev,a4b41185524e,True
08d8a024-e8ce-4a17-b9b3-a30546fe116c,Center for Research on Complex Generics (U18) Clinical Trials Optional,forecast,weak,0.98,"{""moderate"": 0.01, ""strong"": 0, ""none"": 0.01, ""weak"": 0.98}",none,0.83,"{""G3"": 0, ""G1"": 0.08, ""none"": 0.83, ""G2"": 0, ""G5"": 0.08, ""G4"": 0.01}",atypical,0.89,"{""lead"": 0, ""unclear"": 0.01, ""partner"": 0.1, ""atypical"": 0.89, ""ineligible"": 0}",none,0.89,"{""DSOHF"": 0, ""DSBDHH"": 0, ""DHSR"": 0.05, ""DSS"": 0, ""DAGING"": 0, ""DCFW"": 0, ""DMHDDSUS"": 0, ""DPH"": 0.06, ""DEIPD"": 0, ""OSEC"": 0, ""none"": 0.89, ""MEDICAID"": 0, ""DCDEE"": 0, ""ORH"": 0}",0.3333,0.1,0.1833,deprioritized,P(unrelated or weak)=0.99,typesafe-ai/jev,a4b41185524e,True
091935c9-a2f8-4a38-b635-ad9c17862d81,Establishing a Center for the Advancement of Substance Use Disorder (SUD) Pharmacotherapeutics through Training and Preclinical Support (U54 Clinical Trial Not Allowed),open,weak,1.0,"{""none"": 0, ""weak"": 1, ""moderate"": 0, ""strong"": 0}",G3,0.79,"{""G4"": 0.03, ""G5"": 0, ""none"": 0.17, ""G1"": 0.01, ""G3"": 0.79, ""G2"": 0}",atypical,0.56,"{""partner"": 0.43, ""unclear"": 0, ""ineligible"": 0, ""lead"": 0.01, ""atypical"": 0.56}",DMHDDSUS,0.64,"{""ORH"": 0, ""OSEC"": 0, ""DHSR"": 0, ""DSS"": 0, ""DCDEE"": 0, ""DEIPD"": 0, ""DMHDDSUS"": 0.64, ""DCFW"": 0, ""DSOHF"": 0.03, ""DPH"": 0.02, ""DAGING"": 0, ""DSBDHH"": 0, ""none"": 0.31, ""MEDICAID"": 0}",0.3333,0.44,0.24,deprioritized,P(unrelated or weak)=1.00,typesafe-ai/jev,a4b41185524e,True
0924a13a-4892-488c-a3cd-c0f9a67a163b,"Institute of Education Sciences (IES): National Center for Special Education Research (NCSER): Research Training Programs in Special Education, Assistance Listing Number (ALN) 84.324B",open,weak,0.63,"{""moderate"": 0.24, ""none"": 0.09, ""strong"": 0.04, ""weak"": 0.63}",none,0.44,"{""G1"": 0.04, ""G2"": 0.24, ""G3"": 0, ""G4"": 0.21, ""G5"": 0.07, ""none"": 0.44}",atypical,0.57,"{""atypical"": 0.57, ""ineligible"": 0.02, ""lead"": 0.01, ""partner"": 0.4, ""unclear"": 0}",none,0.64,"{""DAGING"": 0, ""DCDEE"": 0.03, ""DCFW"": 0.13, ""DEIPD"": 0.02, ""DHSR"": 0.01, ""DMHDDSUS"": 0.09, ""DPH"": 0.03, ""DSBDHH"": 0, ""DSOHF"": 0, ""DSS"": 0.01, ""MEDICAID"": 0, ""ORH"": 0, ""OSEC"": 0.04, ""none"": 0.64}",0.41,0.41,0.2891,deep_review,not confidently irrelevant,typesafe-ai/jev,a4b41185524e,True
093302d1-5ade-4c5b-a90a-ab6e43bcc72b,Tribal Colleges Research Grants Program,open,none,0.75,"{""weak"": 0.25, ""moderate"": 0, ""strong"": 0, ""none"": 0.75}",none,0.98,"{""G2"": 0, ""G4"": 0.02, ""G1"": 0, ""G5"": 0, ""G3"": 0, ""none"": 0.98}",ineligible,0.98,"{""ineligible"": 0.98, ""unclear"": 0, ""partner"": 0.01, ""lead"": 0, ""atypical"": 0.01}",none,1.0,"{""OSEC"": 0, ""ORH"": 0, ""DSBDHH"": 0, ""DHSR"": 0, ""DAGING"": 0, ""DPH"": 0, ""DMHDDSUS"": 0, ""DCDEE"": 0, ""none"": 1, ""DCFW"": 0, ""MEDICAID"": 0, ""DSOHF"": 0, ""DEIPD"": 0, ""DSS"": 0}",0.0833,0.01,0.0421,deprioritized,P(unrelated or weak)=1.00,typesafe-ai/jev,a4b41185524e,True
09413154-0d72-4645-a9f8-ae4d8b10982b,"Space Technology Research, Development, Demonstration, and Infusion (SpaceTech REDDI-2026)",open,none,1.0,"{""strong"": 0, ""none"": 1, ""moderate"": 0, ""weak"": 0}",none,0.98,"{""none"": 0.98, ""G3"": 0, ""G5"": 0.02, ""G2"": 0, ""G1"": 0, ""G4"": 0}",atypical,0.99,"{""ineligible"": 0.01, ""unclear"": 0, ""lead"": 0, ""partner"": 0, ""atypical"": 0.99}",none,1.0,"{""DMHDDSUS"": 0, ""DCDEE"": 0, ""DSS"": 0, ""DEIPD"": 0, ""DSBDHH"": 0, ""DAGING"": 0, ""OSEC"": 0, ""DCFW"": 0, ""none"": 1, ""MEDICAID"": 0, ""DPH"": 0, ""ORH"": 0, ""DSOHF"": 0, ""DHSR"": 0}",0.0,0.0,0.0,deprioritized,P(unrelated)=1.00,typesafe-ai/jev,a4b41185524e,True
09a29386-5346-441f-a9a5-d540284698ac,"DoW Peer Reviewed Cancer, Clinical Trial Award",open,weak,0.77,"{""weak"": 0.77, ""none"": 0.23, ""moderate"": 0, ""strong"": 0}",none,0.81,"{""none"": 0.81, ""G5"": 0.01, ""G4"": 0.01, ""G1"": 0.16, ""G3"": 0, ""G2"": 0}",atypical,0.84,"{""partner"": 0.07, ""unclear"": 0.09, ""ineligible"": 0, ""lead"": 0, ""atypical"": 0.84}",none,0.85,"{""DSBDHH"": 0, ""DSOHF"": 0.01, ""DHSR"": 0.01, ""DSS"": 0, ""DCDEE"": 0.01, ""DEIPD"": 0, ""DCFW"": 0, ""ORH"": 0, ""DMHDDSUS"": 0, ""DPH"": 0.12, ""OSEC"": 0, ""none"": 0.85, ""DAGING"": 0, ""MEDICAID"": 0}",0.2567,0.07,0.1373,deprioritized,P(unrelated or weak)=1.00,typesafe-ai/jev,a4b41185524e,True
09d605ff-216d-436e-94b6-cb9cc5aaf868,Data Standards for Tobacco Research and Scientific Review Phase 2,forecast,weak,0.75,"{""moderate"": 0.21, ""strong"": 0.04, ""weak"": 0.75, ""none"": 0}",G5,0.44,"{""G3"": 0.16, ""G4"": 0, ""G5"": 0.44, ""G1"": 0.04, ""G2"": 0, ""none"": 0.36}",atypical,0.49,"{""atypical"": 0.49, ""partner"": 0.47, ""ineligible"": 0, ""unclear"": 0.03, ""lead"": 0.01}",DPH,0.62,"{""DSOHF"": 0, ""DMHDDSUS"": 0.04, ""DEIPD"": 0, ""DPH"": 0.62, ""OSEC"": 0.04, ""DSS"": 0, ""ORH"": 0, ""DHSR"": 0.01, ""DAGING"": 0, ""DCDEE"": 0.01, ""DCFW"": 0, ""DSBDHH"": 0, ""MEDICAID"": 0, ""none"": 0.28}",0.43,0.48,0.3182,deep_review,not confidently irrelevant,typesafe-ai/jev,a4b41185524e,True
09e581fe-7695-4b3b-ab60-b5456bd788fd,Accelerating the Pace of Substance Use Research Using Existing Data (R21 Clinical Trial Not Allowed),open,weak,0.77,"{""weak"": 0.77, ""strong"": 0.02, ""moderate"": 0.21, ""none"": 0}",G3,0.93,"{""G5"": 0.02, ""G3"": 0.93, ""G2"": 0, ""G1"": 0, ""none"": 0.05, ""G4"": 0}",partner,0.55,"{""atypical"": 0.43, ""ineligible"": 0, ""unclear"": 0, ""lead"": 0.02, ""partner"": 0.55}",DMHDDSUS,0.81,"{""ORH"": 0, ""DCDEE"": 0, ""OSEC"": 0.01, ""DEIPD"": 0, ""DCFW"": 0, ""MEDICAID"": 0, ""DAGING"": 0, ""DSS"": 0, ""DSOHF"": 0, ""DPH"": 0.1, ""DSBDHH"": 0, ""DMHDDSUS"": 0.81, ""none"": 0.08, ""DHSR"": 0}",0.4167,0.57,0.3271,deep_review,not confidently irrelevant,typesafe-ai/jev,a4b41185524e,True
0a382c1b-1a5e-42d9-b3cd-976729344eae,NIOSH Robotics and Intelligent Mining Technology and Workplace Safety Research (U60),forecast,weak,0.85,"{""strong"": 0, ""weak"": 0.85, ""none"": 0.14, ""moderate"": 0.01}",none,0.87,"{""G4"": 0.03, ""none"": 0.87, ""G3"": 0, ""G2"": 0, ""G5"": 0.06, ""G1"": 0.04}",atypical,0.62,"{""ineligible"": 0.34, ""unclear"": 0, ""partner"": 0.04, ""lead"": 0, ""atypical"": 0.62}",none,0.93,"{""DSBDHH"": 0, ""DMHDDSUS"": 0, ""DCDEE"": 0, ""none"": 0.93, ""DAGING"": 0, ""DEIPD"": 0, ""DSOHF"": 0, ""ORH"": 0, ""DPH"": 0.05, ""OSEC"": 0, ""DCFW"": 0, ""MEDICAID"": 0, ""DSS"": 0, ""DHSR"": 0.01}",0.29,0.04,0.1508,deprioritized,P(unrelated or weak)=0.99,typesafe-ai/jev,a4b41185524e,True
0a510108-a714-4d61-9811-7c9ae16e7768,Climate Program Office for FY 2012,open,weak,0.75,"{""strong"": 0.01, ""moderate"": 0.05, ""weak"": 0.75, ""none"": 0.19}",none,0.92,"{""G5"": 0.03, ""G3"": 0, ""G4"": 0, ""G1"": 0.05, ""G2"": 0, ""none"": 0.92}",atypical,0.68,"{""lead"": 0.02, ""partner"": 0.29, ""atypical"": 0.68, ""ineligible"": 0.01, ""unclear"": 0}",none,0.65,"{""DCDEE"": 0.01, ""OSEC"": 0.01, ""ORH"": 0, ""DAGING"": 0, ""DMHDDSUS"": 0, ""DCFW"": 0, ""none"": 0.65, ""DPH"": 0.33, ""DSS"": 0, ""DHSR"": 0, ""DSBDHH"": 0, ""DEIPD"": 0, ""DSOHF"": 0, ""MEDICAID"": 0}",0.2933,0.31,0.1921,deep_review,not confidently irrelevant,typesafe-ai/jev,a4b41185524e,True
0a58aeb3-6d3d-43ed-b3c9-6140500c2c06,NIDA Animal Genomics Program (U01  Clinical Trial Not Allowed),open,weak,1.0,"{""strong"": 0, ""moderate"": 0, ""none"": 0, ""weak"": 1}",G3,0.62,"{""G1"": 0, ""G5"": 0, ""none"": 0.38, ""G4"": 0, ""G3"": 0.62, ""G2"": 0}",atypical,0.8,"{""atypical"": 0.8, ""ineligible"": 0, ""lead"": 0, ""unclear"": 0, ""partner"": 0.2}",none,0.6,"{""DPH"": 0.01, ""DMHDDSUS"": 0.38, ""DEIPD"": 0, ""MEDICAID"": 0, ""ORH"": 0, ""DCFW"": 0, ""DSS"": 0, ""DCDEE"": 0, ""DHSR"": 0, ""DSBDHH"": 0, ""DSOHF"": 0.01, ""DAGING"": 0, ""none"": 0.6, ""OSEC"": 0}",0.3333,0.2,0.2,deprioritized,P(unrelated or weak)=1.00,typesafe-ai/jev,a4b41185524e,True
0af7d5aa-210e-4d0e-93c0-e8f2bf6304d4,Flexible Funding Model-Infrastructure Development and Maintenance for State Manufactured Food Regulatory Programs (U2F) Clinical Trials Not Allowed,forecast,strong,0.88,"{""weak"": 0.02, ""strong"": 0.88, ""moderate"": 0.1, ""none"": 0}",G5,0.76,"{""G4"": 0.01, ""none"": 0.22, ""G5"": 0.76, ""G1"": 0.01, ""G2"": 0, ""G3"": 0}",lead,0.93,"{""lead"": 0.93, ""partner"": 0.02, ""ineligible"": 0.02, ""atypical"": 0.02, ""unclear"": 0}",DPH,0.68,"{""DEIPD"": 0, ""DSBDHH"": 0, ""DHSR"": 0.09, ""DAGING"": 0, ""DSS"": 0, ""DCDEE"": 0.02, ""DMHDDSUS"": 0, ""none"": 0.19, ""OSEC"": 0, ""DCFW"": 0.02, ""DSOHF"": 0, ""MEDICAID"": 0, ""DPH"": 0.68, ""ORH"": 0}",0.9533,0.95,0.9295,deep_review,not confidently irrelevant,typesafe-ai/jev,a4b41185524e,True
0b08c799-a202-45f2-92ad-318044afbc2d,NARMS Cooperative Agreement Program to Strengthen Antibiotic Resistance Surveillance in Retail Food Specimens,open,strong,0.59,"{""moderate"": 0.29, ""none"": 0, ""strong"": 0.59, ""weak"": 0.12}",none,0.57,"{""G1"": 0.1, ""G2"": 0.01, ""G3"": 0, ""G4"": 0.02, ""G5"": 0.3, ""none"": 0.57}",partner,0.65,"{""atypical"": 0.31, ""ineligible"": 0, ""lead"": 0.04, ""partner"": 0.65, ""unclear"": 0}",DPH,0.97,"{""DAGING"": 0, ""DCDEE"": 0, ""DCFW"": 0, ""DEIPD"": 0, ""DHSR"": 0, ""DMHDDSUS"": 0, ""DPH"": 0.97, ""DSBDHH"": 0, ""DSOHF"": 0, ""DSS"": 0, ""MEDICAID"": 0, ""ORH"": 0, ""OSEC"": 0, ""none"": 0.03}",0.8233,0.69,0.6957,deep_review,not confidently irrelevant,typesafe-ai/jev,a4b41185524e,True
0b70b41e-d616-4689-adc2-b1633401efb3,Advanced Technologies and Instrumentation for the Astronomical Sciences,open,none,1.0,"{""none"": 1, ""strong"": 0, ""moderate"": 0, ""weak"": 0}",none,1.0,"{""G3"": 0, ""none"": 1, ""G2"": 0, ""G1"": 0, ""G4"": 0, ""G5"": 0}",atypical,0.98,"{""unclear"": 0.02, ""atypical"": 0.98, ""lead"": 0, ""ineligible"": 0, ""partner"": 0}",none,1.0,"{""DMHDDSUS"": 0, ""none"": 1, ""OSEC"": 0, ""DSS"": 0, ""DCDEE"": 0, ""DHSR"": 0, ""DPH"": 0, ""DAGING"": 0, ""ORH"": 0, ""DCFW"": 0, ""DSOHF"": 0, ""DEIPD"": 0, ""DSBDHH"": 0, ""MEDICAID"": 0}",0.0,0.0,0.0,deprioritized,P(unrelated)=1.00,typesafe-ai/jev,a4b41185524e,True
0ba0103e-9f96-40dd-9dc4-ba6096f45f3f,Mechanisms that Impact Cancer Risk after Bariatric Surgery (R01 Clinical Trial Optional),open,weak,1.0,"{""moderate"": 0, ""strong"": 0, ""none"": 0, ""weak"": 1}",none,0.78,"{""G5"": 0.01, ""G1"": 0.2, ""G2"": 0, ""G3"": 0, ""none"": 0.78, ""G4"": 0.01}",atypical,0.9,"{""unclear"": 0, ""atypical"": 0.9, ""ineligible"": 0, ""partner"": 0.1, ""lead"": 0}",none,0.77,"{""DSBDHH"": 0, ""DSOHF"": 0, ""DAGING"": 0, ""ORH"": 0, ""DCDEE"": 0, ""DMHDDSUS"": 0, ""DCFW"": 0, ""DSS"": 0, ""DHSR"": 0, ""MEDICAID"": 0, ""DPH"": 0.23, ""none"": 0.77, ""OSEC"": 0, ""DEIPD"": 0}",0.3333,0.1,0.1833,deprioritized,P(unrelated or weak)=1.00,typesafe-ai/jev,a4b41185524e,True
0bbeec01-73e3-4391-997b-1dc30c7e8e82,"Animal Food Regulatory Program Standards Implementation Development and Maintenance, with Mutual Reliance Initiatives",forecast,weak,0.64,"{""none"": 0.15, ""weak"": 0.64, ""moderate"": 0.13, ""strong"": 0.08}",none,0.55,"{""G5"": 0.45, ""G2"": 0, ""none"": 0.55, ""G3"": 0, ""G4"": 0, ""G1"": 0}",ineligible,0.65,"{""atypical"": 0.08, ""partner"": 0.07, ""lead"": 0.19, ""ineligible"": 0.65, ""unclear"": 0.01}",none,0.72,"{""none"": 0.72, ""DHSR"": 0.08, ""MEDICAID"": 0, ""DSBDHH"": 0, ""DSS"": 0, ""DCDEE"": 0.01, ""DEIPD"": 0, ""ORH"": 0, ""DPH"": 0.18, ""DMHDDSUS"": 0, ""DAGING"": 0, ""DSOHF"": 0, ""OSEC"": 0, ""DCFW"": 0.01}",0.38,0.26,0.2394,deep_review,not confidently irrelevant,typesafe-ai/jev,a4b41185524e,True
0c04af5a-83ce-4fe5-a8fb-a7399f78e6d6,Full-Scale Hybrid Effectiveness-Implementation Trials for Mental Health Interventions (R01 - Clinical Trial Required),open,weak,0.74,"{""moderate"": 0.21, ""none"": 0, ""strong"": 0.05, ""weak"": 0.74}",G3,0.95,"{""G2"": 0, ""none"": 0.05, ""G4"": 0, ""G5"": 0, ""G1"": 0, ""G3"": 0.95}",partner,0.56,"{""partner"": 0.56, ""ineligible"": 0, ""lead"": 0.02, ""unclear"": 0, ""atypical"": 0.42}",DMHDDSUS,0.78,"{""DHSR"": 0, ""none"": 0.21, ""OSEC"": 0, ""ORH"": 0, ""DSBDHH"": 0, ""DSOHF"": 0.01, ""DAGING"": 0, ""DCDEE"": 0, ""DPH"": 0, ""DCFW"": 0, ""DEIPD"": 0, ""MEDICAID"": 0, ""DMHDDSUS"": 0.78, ""DSS"": 0}",0.4367,0.58,0.345,deep_review,not confidently irrelevant,typesafe-ai/jev,a4b41185524e,True
0c2a30d6-d732-4708-9a3f-c069cb554c1f,Tobacco Centers of Regulatory Science (TCORS) (Clinical Trial Optional),forecast,weak,0.94,"{""strong"": 0.01, ""none"": 0, ""moderate"": 0.05, ""weak"": 0.94}",none,0.53,"{""G2"": 0, ""none"": 0.53, ""G3"": 0.26, ""G5"": 0.01, ""G4"": 0.02, ""G1"": 0.18}",atypical,0.52,"{""lead"": 0.01, ""ineligible"": 0.02, ""atypical"": 0.52, ""unclear"": 0, ""partner"": 0.45}",DPH,0.56,"{""ORH"": 0, ""none"": 0.35, ""MEDICAID"": 0, ""DHSR"": 0.01, ""DSBDHH"": 0, ""DCFW"": 0, ""DSS"": 0, ""DAGING"": 0, ""OSEC"": 0, ""DPH"": 0.56, ""DMHDDSUS"": 0.07, ""DEIPD"": 0, ""DCDEE"": 0.01, ""DSOHF"": 0}",0.3567,0.46,0.2604,deep_review,not confidently irrelevant,typesafe-ai/jev,a4b41185524e,True
0c2dd004-b757-48bf-9a9a-e243f4644e02,The Countering Violent Extremism Small Grants Program FY2022,forecast,none,0.99,"{""moderate"": 0, ""strong"": 0, ""weak"": 0.01, ""none"": 0.99}",none,1.0,"{""G3"": 0, ""G4"": 0, ""G5"": 0, ""G1"": 0, ""G2"": 0, ""none"": 1}",ineligible,1.0,"{""atypical"": 0, ""partner"": 0, ""ineligible"": 1, ""unclear"": 0, ""lead"": 0}",none,1.0,"{""DSOHF"": 0, ""DMHDDSUS"": 0, ""DEIPD"": 0, ""DPH"": 0, ""OSEC"": 0, ""DCFW"": 0, ""ORH"": 0, ""DHSR"": 0, ""DAGING"": 0, ""DCDEE"": 0, ""DSS"": 0, ""DSBDHH"": 0, ""MEDICAID"": 0, ""none"": 1}",0.0033,0.0,0.0017,deprioritized,P(unrelated)=0.99,typesafe-ai/jev,a4b41185524e,True
0c33aa4f-7dd8-4887-a43e-25eab341ae98,Ruth L. Kirschstein National Research Service Award (NRSA) Individual Postdoctoral Fellowship (Parent F32),open,weak,1.0,"{""none"": 0, ""moderate"": 0, ""weak"": 1, ""strong"": 0}",none,0.8,"{""none"": 0.8, ""G3"": 0, ""G2"": 0, ""G1"": 0, ""G5"": 0, ""G4"": 0.2}",atypical,0.85,"{""ineligible"": 0.11, ""lead"": 0.01, ""atypical"": 0.85, ""partner"": 0.03, ""unclear"": 0}",none,0.93,"{""DEIPD"": 0, ""DHSR"": 0, ""DSBDHH"": 0, ""DAGING"": 0, ""MEDICAID"": 0, ""OSEC"": 0.01, ""ORH"": 0, ""DCDEE"": 0, ""none"": 0.93, ""DSS"": 0, ""DMHDDSUS"": 0, ""DCFW"": 0, ""DSOHF"": 0, ""DPH"": 0.05}",0.3333,0.04,0.1733,deprioritized,P(unrelated or weak)=1.00,typesafe-ai/jev,a4b41185524e,True
0c66a0ce-e7b2-44ff-b1f0-914922e1166e,Assay Validation of High Quality Markers for Clinical Studies in Cancer (UH3 Clinical Trials Not Allowed),open,weak,0.99,"{""strong"": 0, ""none"": 0, ""weak"": 0.99, ""moderate"": 0.01}",none,0.71,"{""G1"": 0.13, ""G2"": 0.01, ""none"": 0.71, ""G4"": 0.01, ""G3"": 0, ""G5"": 0.14}",atypical,0.59,"{""atypical"": 0.59, ""lead"": 0, ""partner"": 0.41, ""unclear"": 0, ""ineligible"": 0}",none,0.54,"{""DAGING"": 0, ""DCFW"": 0, ""none"": 0.54, ""ORH"": 0, ""DPH"": 0.44, ""OSEC"": 0, ""DMHDDSUS"": 0, ""MEDICAID"": 0, ""DSBDHH"": 0, ""DEIPD"": 0, ""DSOHF"": 0, ""DHSR"": 0.01, ""DSS"": 0, ""DCDEE"": 0.01}",0.3367,0.41,0.2373,deprioritized,P(unrelated or weak)=0.99,typesafe-ai/jev,a4b41185524e,True
0cbb2b4f-c123-48cf-bdc4-6d5666ce73d9,Precision and Systems Biology to Uncover the Link Between Chronic and Infectious Diseases,forecast,weak,1.0,"{""moderate"": 0, ""strong"": 0, ""none"": 0, ""weak"": 1}",none,0.79,"{""G3"": 0, ""G1"": 0.15, ""none"": 0.79, ""G2"": 0, ""G5"": 0.04, ""G4"": 0.02}",atypical,0.52,"{""lead"": 0.01, ""unclear"": 0, ""partner"": 0.44, ""atypical"": 0.52, ""ineligible"": 0.03}",none,0.56,"{""DSOHF"": 0, ""DSBDHH"": 0, ""DSS"": 0, ""DHSR"": 0, ""DCFW"": 0, ""DAGING"": 0, ""ORH"": 0, ""DPH"": 0.43, ""DEIPD"": 0, ""none"": 0.56, ""OSEC"": 0, ""DMHDDSUS"": 0, ""DCDEE"": 0.01, ""MEDICAID"": 0}",0.3333,0.45,0.2417,deprioritized,P(unrelated or weak)=1.00,typesafe-ai/jev,a4b41185524e,True
0cedc129-ba81-465b-949a-d0cef8465c24,Innovation Grants to Nurture Initial Translational Efforts (IGNITE): Neurotherapeutic Agent Characterization and In vivo Efficacy Studies (R61/R33 Clinical Trial Not Allowed),open,weak,1.0,"{""moderate"": 0, ""weak"": 1, ""strong"": 0, ""none"": 0}",none,0.93,"{""G5"": 0.02, ""G1"": 0.03, ""G2"": 0, ""G4"": 0.01, ""none"": 0.93, ""G3"": 0.01}",atypical,0.89,"{""ineligible"": 0, ""partner"": 0.11, ""unclear"": 0, ""atypical"": 0.89, ""lead"": 0}",none,0.96,"{""OSEC"": 0, ""ORH"": 0, ""DMHDDSUS"": 0.02, ""DSBDHH"": 0, ""DPH"": 0.02, ""DSS"": 0, ""DAGING"": 0, ""MEDICAID"": 0, ""DSOHF"": 0, ""DCFW"": 0, ""DEIPD"": 0, ""DCDEE"": 0, ""none"": 0.96, ""DHSR"": 0}",0.3333,0.11,0.185,deprioritized,P(unrelated or weak)=1.00,typesafe-ai/jev,a4b41185524e,True
0d072c0e-e8ce-4a20-a7b5-f49dd4899877,ancient DNA for Modern Genomics (aDMG) Coordination Center,forecast,weak,1.0,"{""none"": 0, ""weak"": 1, ""moderate"": 0, ""strong"": 0}",none,0.93,"{""G1"": 0.01, ""G2"": 0, ""G3"": 0, ""G4"": 0.01, ""G5"": 0.05, ""none"": 0.93}",atypical,0.8,"{""lead"": 0, ""partner"": 0.19, ""atypical"": 0.8, ""ineligible"": 0, ""unclear"": 0.01}",none,0.85,"{""DPH"": 0.15, ""DMHDDSUS"": 0, ""MEDICAID"": 0, ""DCFW"": 0, ""DSS"": 0, ""DAGING"": 0, ""DCDEE"": 0, ""ORH"": 0, ""DEIPD"": 0, ""DSBDHH"": 0, ""DHSR"": 0, ""DSOHF"": 0, ""OSEC"": 0, ""none"": 0.85}",0.3333,0.19,0.1983,deprioritized,P(unrelated or weak)=1.00,typesafe-ai/jev,a4b41185524e,True
0d0d9bec-38e7-4dfb-88b9-7ec21ee318bf,U.S. Embassy Cotonou PDS Request for Statements of Interest,forecast,none,1.0,"{""weak"": 0, ""none"": 1, ""strong"": 0, ""moderate"": 0}",none,1.0,"{""none"": 1, ""G5"": 0, ""G4"": 0, ""G3"": 0, ""G1"": 0, ""G2"": 0}",atypical,0.66,"{""unclear"": 0.01, ""atypical"": 0.66, ""ineligible"": 0.26, ""lead"": 0.03, ""partner"": 0.04}",none,0.99,"{""ORH"": 0, ""DSOHF"": 0, ""DSS"": 0, ""MEDICAID"": 0, ""DEIPD"": 0, ""DAGING"": 0, ""DSBDHH"": 0, ""OSEC"": 0.01, ""DCDEE"": 0, ""none"": 0.99, ""DPH"": 0, ""DCFW"": 0, ""DMHDDSUS"": 0, ""DHSR"": 0}",0.0,0.07,0.0,deprioritized,P(unrelated)=1.00,typesafe-ai/jev,a4b41185524e,True
0d1c69f4-92c1-4a6b-bf70-2132c6f764ac,UNITED STATES MILITARY ACADEMY Broad Agency Announcement,open,none,1.0,"{""strong"": 0, ""none"": 1, ""moderate"": 0, ""weak"": 0}",none,0.96,"{""G3"": 0, ""none"": 0.96, ""G4"": 0, ""G1"": 0, ""G2"": 0, ""G5"": 0.04}",atypical,0.99,"{""unclear"": 0, ""atypical"": 0.99, ""ineligible"": 0, ""lead"": 0, ""partner"": 0.01}",none,0.98,"{""OSEC"": 0.02, ""ORH"": 0, ""MEDICAID"": 0, ""DCFW"": 0, ""none"": 0.98, ""DSS"": 0, ""DEIPD"": 0, ""DSOHF"": 0, ""DPH"": 0, ""DHSR"": 0, ""DCDEE"": 0, ""DMHDDSUS"": 0, ""DSBDHH"": 0, ""DAGING"": 0}",0.0,0.01,0.0,deprioritized,P(unrelated)=1.00,typesafe-ai/jev,a4b41185524e,True
0d4254cd-1d67-419e-97e4-9e1bfc9289e3,"DoW Peer Reviewed Cancer, Idea Award",open,weak,0.68,"{""weak"": 0.68, ""strong"": 0, ""none"": 0.32, ""moderate"": 0}",none,0.93,"{""G1"": 0.05, ""none"": 0.93, ""G3"": 0, ""G2"": 0, ""G5"": 0.01, ""G4"": 0.01}",atypical,0.93,"{""unclear"": 0.05, ""partner"": 0.01, ""ineligible"": 0.01, ""atypical"": 0.93, ""lead"": 0}",none,0.95,"{""DSS"": 0, ""ORH"": 0, ""none"": 0.95, ""MEDICAID"": 0, ""DMHDDSUS"": 0, ""DPH"": 0.05, ""DSOHF"": 0, ""DSBDHH"": 0, ""OSEC"": 0, ""DCDEE"": 0, ""DEIPD"": 0, ""DAGING"": 0, ""DCFW"": 0, ""DHSR"": 0}",0.2267,0.01,0.1145,deprioritized,P(unrelated or weak)=1.00,typesafe-ai/jev,a4b41185524e,True
0d59ca36-277e-4d09-bb8b-d5eee79641f6,Secondary Analysis and Integration of Existing Data to Elucidate Cancer Risk and Related Outcomes (R21 Clinical Trials Not Allowed),open,weak,0.9,"{""moderate"": 0.09, ""none"": 0, ""strong"": 0.01, ""weak"": 0.9}",none,0.64,"{""G2"": 0, ""none"": 0.64, ""G4"": 0.01, ""G5"": 0.08, ""G1"": 0.27, ""G3"": 0}",partner,0.55,"{""partner"": 0.55, ""ineligible"": 0, ""lead"": 0.01, ""unclear"": 0, ""atypical"": 0.44}",DPH,0.75,"{""DHSR"": 0, ""none"": 0.23, ""DSBDHH"": 0, ""DPH"": 0.75, ""DMHDDSUS"": 0, ""DAGING"": 0, ""DSOHF"": 0, ""DSS"": 0, ""DCDEE"": 0.01, ""DCFW"": 0, ""DEIPD"": 0, ""MEDICAID"": 0, ""ORH"": 0, ""OSEC"": 0.01}",0.37,0.56,0.2886,deep_review,not confidently irrelevant,typesafe-ai/jev,a4b41185524e,True
0d6ff094-5630-499b-8ff8-d4f7e8d62d9c,Molecular Imaging of Inflammation in Cancer (R01 Clinical Trial Not Allowed),open,weak,1.0,"{""moderate"": 0, ""strong"": 0, ""weak"": 1, ""none"": 0}",none,0.84,"{""G2"": 0, ""G4"": 0.02, ""G5"": 0.04, ""G1"": 0.1, ""none"": 0.84, ""G3"": 0}",atypical,0.9,"{""partner"": 0.1, ""lead"": 0, ""ineligible"": 0, ""atypical"": 0.9, ""unclear"": 0}",none,0.9,"{""DEIPD"": 0, ""DSS"": 0, ""DHSR"": 0, ""DAGING"": 0, ""DSBDHH"": 0, ""DCDEE"": 0, ""DMHDDSUS"": 0, ""DPH"": 0.09, ""OSEC"": 0, ""DCFW"": 0, ""DSOHF"": 0.01, ""MEDICAID"": 0, ""none"": 0.9, ""ORH"": 0}",0.3333,0.1,0.1833,deprioritized,P(unrelated or weak)=1.00,typesafe-ai/jev,a4b41185524e,True
0d83a655-81d6-4e77-9be3-11359860d209,Chemical Oceanography,open,none,0.95,"{""weak"": 0.05, ""moderate"": 0, ""none"": 0.95, ""strong"": 0}",none,1.0,"{""G2"": 0, ""G1"": 0, ""G3"": 0, ""none"": 1, ""G4"": 0, ""G5"": 0}",atypical,0.96,"{""ineligible"": 0, ""lead"": 0, ""atypical"": 0.96, ""partner"": 0.01, ""unclear"": 0.03}",none,0.99,"{""DSBDHH"": 0, ""DCDEE"": 0, ""DMHDDSUS"": 0, ""none"": 0.99, ""DSOHF"": 0, ""DPH"": 0.01, ""DCFW"": 0, ""DAGING"": 0, ""MEDICAID"": 0, ""OSEC"": 0, ""DEIPD"": 0, ""DHSR"": 0, ""DSS"": 0, ""ORH"": 0}",0.0167,0.01,0.0084,deprioritized,P(unrelated)=0.95,typesafe-ai/jev,a4b41185524e,True
0daff0f7-3225-41a4-b27e-a264bb3bf189,"NIDDK Multi-Purpose Resource-Related, Multi-Component Research Services Centers Cooperative Agreement (U2C - Clinical Trial Optional)",forecast,weak,0.98,"{""weak"": 0.98, ""none"": 0, ""strong"": 0.01, ""moderate"": 0.01}",none,0.72,"{""G3"": 0, ""none"": 0.72, ""G4"": 0.03, ""G2"": 0, ""G1"": 0.06, ""G5"": 0.19}",atypical,0.7,"{""ineligible"": 0.01, ""atypical"": 0.7, ""unclear"": 0, ""lead"": 0.02, ""partner"": 0.27}",none,0.62,"{""ORH"": 0.01, ""DAGING"": 0, ""OSEC"": 0.01, ""DCDEE"": 0.01, ""DPH"": 0.34, ""DSBDHH"": 0, ""DSS"": 0, ""DMHDDSUS"": 0, ""MEDICAID"": 0, ""DHSR"": 0.01, ""none"": 0.62, ""DSOHF"": 0, ""DEIPD"": 0, ""DCFW"": 0}",0.3433,0.29,0.2215,deprioritized,P(unrelated or weak)=0.98,typesafe-ai/jev,a4b41185524e,True
0dbbed9f-dfa7-421b-b6f6-941de5a77342,Sustained Support for Informatics Technologies for Cancer Research and Management (U24 Clinical Trial Optional),open,weak,0.97,"{""weak"": 0.97, ""strong"": 0.01, ""moderate"": 0.02, ""none"": 0}",none,0.56,"{""none"": 0.56, ""G3"": 0, ""G5"": 0.41, ""G1"": 0.02, ""G2"": 0, ""G4"": 0.01}",atypical,0.67,"{""partner"": 0.33, ""lead"": 0, ""ineligible"": 0, ""atypical"": 0.67, ""unclear"": 0}",none,0.64,"{""DSOHF"": 0, ""none"": 0.64, ""DHSR"": 0, ""DAGING"": 0, ""DSBDHH"": 0, ""DCDEE"": 0.01, ""DMHDDSUS"": 0, ""DPH"": 0.31, ""OSEC"": 0.04, ""DCFW"": 0, ""DSS"": 0, ""MEDICAID"": 0, ""DEIPD"": 0, ""ORH"": 0}",0.3467,0.33,0.2305,deprioritized,P(unrelated or weak)=0.97,typesafe-ai/jev,a4b41185524e,True
0dde865e-f4ba-4b19-8e14-b5b86cb7ccdc,Collections Stewardship,open,none,1.0,"{""weak"": 0, ""strong"": 0, ""none"": 1, ""moderate"": 0}",none,0.94,"{""G1"": 0, ""none"": 0.94, ""G3"": 0, ""G2"": 0, ""G5"": 0.06, ""G4"": 0}",atypical,0.87,"{""unclear"": 0.01, ""atypical"": 0.87, ""ineligible"": 0, ""partner"": 0.11, ""lead"": 0.01}",none,0.98,"{""DSS"": 0, ""ORH"": 0, ""MEDICAID"": 0, ""none"": 0.98, ""DMHDDSUS"": 0, ""DPH"": 0, ""DSOHF"": 0, ""DAGING"": 0, ""OSEC"": 0.02, ""DSBDHH"": 0, ""DEIPD"": 0, ""DCDEE"": 0, ""DHSR"": 0, ""DCFW"": 0}",0.0,0.12,0.0,deprioritized,P(unrelated)=1.00,typesafe-ai/jev,a4b41185524e,True
0e2de9a4-eb85-4ce3-9fad-6f0fbcb41fcd,Promoting Human Rights For Vulnerable Children in Haut-Katanga,forecast,none,0.78,"{""moderate"": 0, ""none"": 0.78, ""weak"": 0.22, ""strong"": 0}",none,0.85,"{""G4"": 0, ""G1"": 0, ""G3"": 0, ""G5"": 0, ""G2"": 0.15, ""none"": 0.85}",ineligible,0.63,"{""unclear"": 0.02, ""ineligible"": 0.63, ""atypical"": 0.31, ""partner"": 0.03, ""lead"": 0.01}",none,0.94,"{""MEDICAID"": 0, ""DCFW"": 0.02, ""DCDEE"": 0, ""none"": 0.94, ""DSS"": 0.03, ""DHSR"": 0, ""DAGING"": 0, ""ORH"": 0, ""OSEC"": 0.01, ""DMHDDSUS"": 0, ""DSOHF"": 0, ""DEIPD"": 0, ""DSBDHH"": 0, ""DPH"": 0}",0.0733,0.04,0.0381,deprioritized,P(unrelated or weak)=1.00,typesafe-ai/jev,a4b41185524e,True
0e40ff2f-72f7-4de3-9b1f-1f5b9f56d2fa,Community Development Block Grant Program for Indian Tribes and Alaska Native Villages,forecast,none,0.66,"{""none"": 0.66, ""weak"": 0.31, ""moderate"": 0.02, ""strong"": 0.01}",none,0.95,"{""G1"": 0.05, ""none"": 0.95, ""G4"": 0, ""G3"": 0, ""G5"": 0, ""G2"": 0}",ineligible,0.99,"{""atypical"": 0, ""partner"": 0.01, ""lead"": 0, ""ineligible"": 0.99, ""unclear"": 0}",none,0.99,"{""OSEC"": 0, ""DPH"": 0, ""DSS"": 0.01, ""ORH"": 0, ""DSBDHH"": 0, ""DCFW"": 0, ""DEIPD"": 0, ""DMHDDSUS"": 0, ""none"": 0.99, ""MEDICAID"": 0, ""DCDEE"": 0, ""DSOHF"": 0, ""DAGING"": 0, ""DHSR"": 0}",0.1267,0.01,0.064,deprioritized,P(unrelated or weak)=0.97,typesafe-ai/jev,a4b41185524e,True
0e61d658-5a10-46a1-9449-93a3c1ed768b,Amyotrophic Lateral Sclerosis (ALS) Intermediate Patient Population Expanded Access (U01 Clinical Trial Required),open,weak,0.99,"{""weak"": 0.99, ""none"": 0, ""moderate"": 0.01, ""strong"": 0}",G1,0.63,"{""G4"": 0, ""G3"": 0, ""none"": 0.37, ""G5"": 0, ""G2"": 0, ""G1"": 0.63}",atypical,0.54,"{""lead"": 0.01, ""ineligible"": 0.08, ""atypical"": 0.54, ""partner"": 0.37, ""unclear"": 0}",none,0.77,"{""MEDICAID"": 0.01, ""DSOHF"": 0.03, ""DCFW"": 0, ""DMHDDSUS"": 0.01, ""none"": 0.77, ""DSS"": 0, ""DAGING"": 0, ""DCDEE"": 0.01, ""DSBDHH"": 0, ""OSEC"": 0, ""ORH"": 0.01, ""DPH"": 0.14, ""DEIPD"": 0, ""DHSR"": 0.02}",0.3367,0.38,0.2323,deprioritized,P(unrelated or weak)=0.99,typesafe-ai/jev,a4b41185524e,True
0ec44ac6-a28d-4c8d-81f4-f655aba0d96c,Development of Psychosocial Therapeutic and Preventive Interventions for Mental Disorders (R33 Clinical Trial Required),open,weak,0.95,"{""moderate"": 0.04, ""weak"": 0.95, ""none"": 0, ""strong"": 0.01}",G3,0.87,"{""G4"": 0, ""G2"": 0, ""G1"": 0, ""none"": 0.13, ""G3"": 0.87, ""G5"": 0}",atypical,0.69,"{""unclear"": 0, ""lead"": 0.02, ""atypical"": 0.69, ""partner"": 0.29, ""ineligible"": 0}",DMHDDSUS,0.69,"{""DCDEE"": 0, ""DSOHF"": 0.01, ""ORH"": 0, ""DSS"": 0, ""DPH"": 0.01, ""DCFW"": 0, ""none"": 0.29, ""DEIPD"": 0, ""MEDICAID"": 0, ""DSBDHH"": 0, ""DAGING"": 0, ""DHSR"": 0, ""DMHDDSUS"": 0.69, ""OSEC"": 0}",0.3533,0.31,0.2314,deprioritized,P(unrelated or weak)=0.95,typesafe-ai/jev,a4b41185524e,True
0edb3126-b0e0-4722-8c45-79b63b7cdf39,Cellular Senescence Network (SenNet): SenNet Data Coordination and Integration Center (SenNet DCIC) (UM1 Clinical Trials Not Allowed),forecast,weak,1.0,"{""weak"": 1, ""moderate"": 0, ""none"": 0, ""strong"": 0}",none,0.78,"{""G2"": 0, ""G1"": 0, ""G5"": 0.22, ""none"": 0.78, ""G4"": 0, ""G3"": 0}",atypical,0.61,"{""atypical"": 0.61, ""lead"": 0.01, ""unclear"": 0.01, ""partner"": 0.24, ""ineligible"": 0.13}",none,0.85,"{""DSBDHH"": 0, ""DCDEE"": 0, ""DHSR"": 0, ""none"": 0.85, ""DSOHF"": 0, ""DPH"": 0.04, ""DCFW"": 0, ""DAGING"": 0.01, ""MEDICAID"": 0, ""OSEC"": 0.1, ""DEIPD"": 0, ""DMHDDSUS"": 0, ""DSS"": 0, ""ORH"": 0}",0.3333,0.25,0.2083,deprioritized,P(unrelated or weak)=1.00,typesafe-ai/jev,a4b41185524e,True
0f128306-4232-4789-813d-aff7ca15dd42,NSF-DFG Lead Agency Opportunity in Chemistry and Chemical Process and Transport Systems,open,none,0.79,"{""strong"": 0, ""moderate"": 0, ""weak"": 0.21, ""none"": 0.79}",none,0.99,"{""G4"": 0, ""G2"": 0, ""G3"": 0, ""G5"": 0.01, ""G1"": 0, ""none"": 0.99}",ineligible,0.93,"{""ineligible"": 0.93, ""atypical"": 0.06, ""partner"": 0.01, ""unclear"": 0, ""lead"": 0}",none,1.0,"{""DSBDHH"": 0, ""DSOHF"": 0, ""DAGING"": 0, ""DCDEE"": 0, ""DPH"": 0, ""DSS"": 0, ""DEIPD"": 0, ""DCFW"": 0, ""DMHDDSUS"": 0, ""MEDICAID"": 0, ""DHSR"": 0, ""none"": 1, ""ORH"": 0, ""OSEC"": 0}",0.07,0.01,0.0353,deprioritized,P(unrelated or weak)=1.00,typesafe-ai/jev,a4b41185524e,True
0fd59028-511b-4bb2-958a-75cb11d17353,NIAID Resource-Related Research Projects (R24 Clinical Trial Not Allowed),open,weak,0.99,"{""weak"": 0.99, ""strong"": 0, ""none"": 0, ""moderate"": 0.01}",none,0.87,"{""G2"": 0, ""G5"": 0.1, ""G3"": 0, ""G4"": 0.01, ""none"": 0.87, ""G1"": 0.02}",atypical,0.84,"{""partner"": 0.16, ""ineligible"": 0, ""lead"": 0, ""atypical"": 0.84, ""unclear"": 0}",none,0.52,"{""DMHDDSUS"": 0, ""DAGING"": 0, ""DSS"": 0, ""DCDEE"": 0.01, ""DPH"": 0.47, ""OSEC"": 0, ""DSBDHH"": 0, ""DCFW"": 0, ""DEIPD"": 0, ""ORH"": 0, ""DHSR"": 0, ""none"": 0.52, ""MEDICAID"": 0, ""DSOHF"": 0}",0.3367,0.16,0.1953,deprioritized,P(unrelated or weak)=0.99,typesafe-ai/jev,a4b41185524e,True
0fdad522-909e-41f8-9e3e-246325f63e32,DoW Rare Cancers Resource and Community Development Award,open,weak,0.84,"{""weak"": 0.84, ""strong"": 0, ""none"": 0.16, ""moderate"": 0}",none,0.68,"{""none"": 0.68, ""G5"": 0.01, ""G3"": 0, ""G4"": 0, ""G1"": 0.31, ""G2"": 0}",atypical,0.66,"{""unclear"": 0.11, ""atypical"": 0.66, ""ineligible"": 0, ""lead"": 0, ""partner"": 0.23}",none,0.8,"{""ORH"": 0, ""DSOHF"": 0, ""DSS"": 0, ""DAGING"": 0, ""DSBDHH"": 0, ""MEDICAID"": 0, ""DEIPD"": 0, ""OSEC"": 0.01, ""DCDEE"": 0, ""none"": 0.8, ""DPH"": 0.19, ""DCFW"": 0, ""DMHDDSUS"": 0, ""DHSR"": 0}",0.28,0.23,0.1722,deprioritized,P(unrelated or weak)=1.00,typesafe-ai/jev,a4b41185524e,True
0fe65ef7-422a-4388-bb0b-b7f25e74fd7a,Development of Biomarkers or Composite Biomarkers for Neurological and Neuromuscular Disorders (R61/R33 - Clinical Trial Optional),open,weak,1.0,"{""strong"": 0, ""weak"": 1, ""none"": 0, ""moderate"": 0}",none,0.86,"{""G3"": 0, ""G5"": 0.02, ""none"": 0.86, ""G2"": 0, ""G4"": 0.01, ""G1"": 0.11}",atypical,0.68,"{""partner"": 0.31, ""lead"": 0.01, ""atypical"": 0.68, ""unclear"": 0, ""ineligible"": 0}",none,0.78,"{""MEDICAID"": 0, ""OSEC"": 0, ""DMHDDSUS"": 0.05, ""DSS"": 0, ""DEIPD"": 0, ""DSBDHH"": 0, ""DHSR"": 0, ""DPH"": 0.16, ""DCFW"": 0, ""ORH"": 0, ""none"": 0.78, ""DSOHF"": 0.01, ""DCDEE"": 0, ""DAGING"": 0}",0.3333,0.32,0.22,deprioritized,P(unrelated or weak)=1.00,typesafe-ai/jev,a4b41185524e,True
0ff3ace3-70fb-4ef7-b6ba-b93a899a2707,Controlling and Preventing STIs in US Health Departments (CAP-STIs),forecast,strong,1.0,"{""strong"": 1, ""moderate"": 0, ""weak"": 0, ""none"": 0}",G1,0.9,"{""G5"": 0.01, ""none"": 0.09, ""G4"": 0, ""G1"": 0.9, ""G2"": 0, ""G3"": 0}",lead,1.0,"{""lead"": 1, ""partner"": 0, ""atypical"": 0, ""ineligible"": 0, ""unclear"": 0}",DPH,1.0,"{""MEDICAID"": 0, ""OSEC"": 0, ""ORH"": 0, ""DAGING"": 0, ""DMHDDSUS"": 0, ""DCFW"": 0, ""none"": 0, ""DPH"": 1, ""DSOHF"": 0, ""DSBDHH"": 0, ""DSS"": 0, ""DEIPD"": 0, ""DHSR"": 0, ""DCDEE"": 0}",1.0,1.0,1.0,deep_review,not confidently irrelevant,typesafe-ai/jev,a4b41185524e,True
100629a0-aec1-49d6-bbf1-554ae80baad1,Funding Opportunity Announcement for Impact of Environmental Exposures on Gut-Brain Signaling in Neurological Conditions (R01),forecast,weak,1.0,"{""weak"": 1, ""none"": 0, ""moderate"": 0, ""strong"": 0}",none,0.74,"{""G4"": 0.01, ""G3"": 0.18, ""none"": 0.74, ""G1"": 0.06, ""G2"": 0, ""G5"": 0.01}",atypical,0.88,"{""lead"": 0, ""ineligible"": 0, ""atypical"": 0.88, ""partner"": 0.12, ""unclear"": 0}",none,0.58,"{""MEDICAID"": 0, ""DPH"": 0.4, ""DCFW"": 0, ""DSOHF"": 0, ""none"": 0.58, ""DSS"": 0, ""DAGING"": 0, ""DHSR"": 0, ""DSBDHH"": 0, ""OSEC"": 0, ""ORH"": 0, ""DMHDDSUS"": 0.01, ""DEIPD"": 0, ""DCDEE"": 0.01}",0.3333,0.12,0.1867,deprioritized,P(unrelated or weak)=1.00,typesafe-ai/jev,a4b41185524e,True
100dd27f-4cc8-49e1-89b9-24602921eda6,Translational Bioinformatics and Experimental Approaches to Advance Drug Repositioning and Combination Therapy Development for Alzheimers Disease and Related Dementias (R01 Clinical Trial Not Allowed),open,weak,1.0,"{""weak"": 1, ""none"": 0, ""moderate"": 0, ""strong"": 0}",none,0.67,"{""G3"": 0.02, ""G4"": 0.01, ""none"": 0.67, ""G5"": 0.01, ""G1"": 0.28, ""G2"": 0}",atypical,0.77,"{""atypical"": 0.77, ""unclear"": 0, ""partner"": 0.23, ""lead"": 0, ""ineligible"": 0}",none,0.81,"{""OSEC"": 0, ""ORH"": 0, ""none"": 0.81, ""DCFW"": 0, ""DMHDDSUS"": 0.03, ""DSS"": 0, ""DEIPD"": 0, ""DSOHF"": 0, ""DPH"": 0.05, ""DHSR"": 0, ""DCDEE"": 0, ""DSBDHH"": 0, ""MEDICAID"": 0, ""DAGING"": 0.1}",0.3333,0.23,0.205,deprioritized,P(unrelated or weak)=1.00,typesafe-ai/jev,a4b41185524e,True
10421317-b708-4889-b0a4-aaf410e648ee,Opportunities for Collaborative Research with the NIH Intramural Research Program (U01 Clinical Trial Optional),forecast,weak,1.0,"{""weak"": 1, ""moderate"": 0, ""none"": 0, ""strong"": 0}",none,0.83,"{""G2"": 0, ""G1"": 0.08, ""G5"": 0.07, ""none"": 0.83, ""G4"": 0.02, ""G3"": 0}",atypical,0.63,"{""atypical"": 0.63, ""lead"": 0.01, ""unclear"": 0, ""partner"": 0.34, ""ineligible"": 0.02}",none,0.7,"{""DSBDHH"": 0, ""DCDEE"": 0.01, ""DMHDDSUS"": 0, ""none"": 0.7, ""DSOHF"": 0.01, ""DPH"": 0.24, ""DCFW"": 0, ""DAGING"": 0, ""MEDICAID"": 0, ""OSEC"": 0.01, ""DEIPD"": 0, ""DHSR"": 0.01, ""DSS"": 0, ""ORH"": 0.02}",0.3333,0.35,0.225,deprioritized,P(unrelated or weak)=1.00,typesafe-ai/jev,a4b41185524e,True
1068d706-36d8-4f1d-ac25-c3233f27669a,Selective Precision Targeting (SPoT),forecast,weak,1.0,"{""weak"": 1, ""moderate"": 0, ""none"": 0, ""strong"": 0}",none,0.85,"{""G1"": 0.04, ""G3"": 0, ""G2"": 0, ""none"": 0.85, ""G5"": 0.1, ""G4"": 0.01}",atypical,0.86,"{""partner"": 0.13, ""ineligible"": 0, ""lead"": 0, ""atypical"": 0.86, ""unclear"": 0.01}",none,0.97,"{""OSEC"": 0, ""MEDICAID"": 0, ""DSBDHH"": 0, ""DSS"": 0, ""DEIPD"": 0, ""DAGING"": 0, ""DCFW"": 0, ""DHSR"": 0, ""DSOHF"": 0, ""DCDEE"": 0, ""DPH"": 0.03, ""none"": 0.97, ""DMHDDSUS"": 0, ""ORH"": 0}",0.3333,0.13,0.1883,deprioritized,P(unrelated or weak)=1.00,typesafe-ai/jev,a4b41185524e,True
106cd2d3-4fa8-4b20-a519-4eed2b256b3c,NIH Pragmatic Trials Conducted in Health Care Systems,forecast,weak,0.47,"{""weak"": 0.47, ""moderate"": 0.46, ""none"": 0, ""strong"": 0.07}",none,0.43,"{""none"": 0.43, ""G4"": 0.01, ""G1"": 0.14, ""G5"": 0.41, ""G3"": 0.01, ""G2"": 0}",partner,0.68,"{""atypical"": 0.3, ""lead"": 0.01, ""ineligible"": 0.01, ""unclear"": 0, ""partner"": 0.68}",DPH,0.43,"{""DSS"": 0, ""DCFW"": 0, ""DCDEE"": 0.01, ""DEIPD"": 0, ""DSOHF"": 0.02, ""OSEC"": 0.01, ""MEDICAID"": 0.05, ""DAGING"": 0, ""DPH"": 0.43, ""none"": 0.39, ""DMHDDSUS"": 0.01, ""DSBDHH"": 0, ""DHSR"": 0.01, ""ORH"": 0.07}",0.5333,0.69,0.4507,deep_review,not confidently irrelevant,typesafe-ai/jev,a4b41185524e,True
1079c77e-80b2-4b29-8731-d11c9c9680d2,Limited Competition: Resources and Workforce Development for the Regional Biocontainment Laboratories,forecast,weak,0.89,"{""moderate"": 0.04, ""weak"": 0.89, ""strong"": 0.06, ""none"": 0.01}",none,0.83,"{""G2"": 0, ""G3"": 0, ""none"": 0.83, ""G5"": 0.06, ""G4"": 0.11, ""G1"": 0}",ineligible,0.85,"{""atypical"": 0.06, ""lead"": 0, ""partner"": 0.09, ""ineligible"": 0.85, ""unclear"": 0}",none,0.85,"{""DSBDHH"": 0, ""MEDICAID"": 0, ""DEIPD"": 0, ""OSEC"": 0, ""DSOHF"": 0, ""ORH"": 0, ""DHSR"": 0, ""DSS"": 0, ""none"": 0.85, ""DMHDDSUS"": 0, ""DPH"": 0.15, ""DCDEE"": 0, ""DCFW"": 0, ""DAGING"": 0}",0.3833,0.09,0.2089,deep_review,not confidently irrelevant,typesafe-ai/jev,a4b41185524e,True
108e277c-2935-4167-a2fb-e299b406e949,Dental Primary Care Practice-Based Research Network: Clinical Trial or Observational Study Planning and Implementation Cooperative Agreement,forecast,weak,0.83,"{""moderate"": 0.14, ""none"": 0, ""strong"": 0.03, ""weak"": 0.83}",G1,0.5,"{""G3"": 0, ""none"": 0.44, ""G4"": 0.02, ""G5"": 0.03, ""G1"": 0.5, ""G2"": 0.01}",atypical,0.5,"{""partner"": 0.46, ""ineligible"": 0.03, ""lead"": 0.01, ""unclear"": 0, ""atypical"": 0.5}",none,0.4,"{""DHSR"": 0.01, ""none"": 0.4, ""ORH"": 0.28, ""DPH"": 0.29, ""DSBDHH"": 0, ""DAGING"": 0, ""DSOHF"": 0, ""DSS"": 0, ""DCDEE"": 0.01, ""DCFW"": 0, ""DEIPD"": 0, ""DMHDDSUS"": 0.01, ""MEDICAID"": 0, ""OSEC"": 0}",0.4,0.47,0.294,deep_review,not confidently irrelevant,typesafe-ai/jev,a4b41185524e,True
1098343e-ef48-4d5d-8a05-583084b59671,Public Health Nursing,forecast,weak,0.63,"{""moderate"": 0.13, ""strong"": 0.14, ""none"": 0.1, ""weak"": 0.63}",none,0.8,"{""G1"": 0.2, ""G3"": 0, ""G4"": 0, ""none"": 0.8, ""G2"": 0, ""G5"": 0}",ineligible,0.98,"{""ineligible"": 0.98, ""atypical"": 0, ""partner"": 0.02, ""lead"": 0, ""unclear"": 0}",none,0.96,"{""ORH"": 0, ""DSOHF"": 0, ""DMHDDSUS"": 0, ""DAGING"": 0, ""DCFW"": 0, ""DSBDHH"": 0, ""DCDEE"": 0, ""DSS"": 0, ""DPH"": 0.04, ""none"": 0.96, ""DEIPD"": 0, ""DHSR"": 0, ""OSEC"": 0, ""MEDICAID"": 0}",0.4367,0.02,0.2227,deprioritized,P(ineligible)=0.98,typesafe-ai/jev,a4b41185524e,True
10a7404c-3e2f-4355-9044-78c8bafc35cd,Agriculture and Food Research Initiative Competitive Grants Program Foundational and Applied Science Program,open,weak,0.76,"{""weak"": 0.76, ""strong"": 0, ""moderate"": 0.01, ""none"": 0.23}",none,0.95,"{""G5"": 0, ""G3"": 0, ""G2"": 0, ""G1"": 0.04, ""none"": 0.95, ""G4"": 0.01}",atypical,0.75,"{""lead"": 0, ""ineligible"": 0.12, ""unclear"": 0, ""atypical"": 0.75, ""partner"": 0.13}",none,0.88,"{""ORH"": 0.04, ""DCDEE"": 0, ""DSS"": 0.01, ""DEIPD"": 0, ""DAGING"": 0, ""MEDICAID"": 0, ""DSOHF"": 0, ""OSEC"": 0, ""DCFW"": 0.03, ""DPH"": 0.04, ""DSBDHH"": 0, ""none"": 0.88, ""DMHDDSUS"": 0, ""DHSR"": 0}",0.26,0.13,0.1469,deprioritized,P(unrelated or weak)=0.99,typesafe-ai/jev,a4b41185524e,True
10f4a697-e6a1-454a-bb73-74bc933f364a,"Emerging Infections Network - Research for Preventing, Detecting, and Managing Travel-associated Infectious Diseases",open,moderate,0.48,"{""weak"": 0.32, ""none"": 0, ""moderate"": 0.48, ""strong"": 0.2}",none,0.57,"{""G5"": 0.19, ""G4"": 0.01, ""none"": 0.57, ""G3"": 0, ""G1"": 0.22, ""G2"": 0.01}",partner,0.73,"{""lead"": 0.07, ""partner"": 0.73, ""ineligible"": 0, ""atypical"": 0.14, ""unclear"": 0.06}",DPH,0.99,"{""DHSR"": 0, ""DSS"": 0, ""DPH"": 0.99, ""OSEC"": 0, ""DMHDDSUS"": 0, ""DCFW"": 0, ""DCDEE"": 0, ""DEIPD"": 0, ""DAGING"": 0, ""DSBDHH"": 0, ""none"": 0.01, ""DSOHF"": 0, ""ORH"": 0, ""MEDICAID"": 0}",0.6267,0.8,0.564,deep_review,not confidently irrelevant,typesafe-ai/jev,a4b41185524e,True
10ff6dd1-54c3-4529-bb11-03efb6689e90,MPS Materials Research Programs (MPS Materials),open,none,0.58,"{""moderate"": 0, ""none"": 0.58, ""strong"": 0, ""weak"": 0.42}",none,0.99,"{""G1"": 0, ""G2"": 0, ""G3"": 0, ""G4"": 0, ""G5"": 0.01, ""none"": 0.99}",ineligible,0.8,"{""atypical"": 0.1, ""ineligible"": 0.8, ""lead"": 0, ""partner"": 0.1, ""unclear"": 0}",none,0.98,"{""DAGING"": 0, ""DCDEE"": 0, ""DCFW"": 0, ""DEIPD"": 0, ""DHSR"": 0, ""DMHDDSUS"": 0, ""DPH"": 0.02, ""DSBDHH"": 0, ""DSOHF"": 0, ""DSS"": 0, ""MEDICAID"": 0, ""ORH"": 0, ""OSEC"": 0, ""none"": 0.98}",0.14,0.1,0.077,deprioritized,P(unrelated or weak)=1.00,typesafe-ai/jev,a4b41185524e,True
112a0e4f-edb3-44dd-9443-892840371b24,The NIDDK Disorders of Gastrointestinal Interoception Consortium Clinical Centers (DGIC),forecast,weak,1.0,"{""none"": 0, ""weak"": 1, ""moderate"": 0, ""strong"": 0}",none,0.71,"{""none"": 0.71, ""G1"": 0.18, ""G4"": 0.01, ""G2"": 0.08, ""G3"": 0, ""G5"": 0.02}",atypical,0.58,"{""unclear"": 0, ""lead"": 0.01, ""atypical"": 0.58, ""partner"": 0.4, ""ineligible"": 0.01}",none,0.84,"{""DCDEE"": 0, ""DPH"": 0.14, ""ORH"": 0, ""DSS"": 0, ""DSOHF"": 0.01, ""DCFW"": 0, ""none"": 0.84, ""DEIPD"": 0, ""MEDICAID"": 0, ""DSBDHH"": 0, ""DMHDDSUS"": 0, ""DHSR"": 0.01, ""DAGING"": 0, ""OSEC"": 0}",0.3333,0.41,0.235,deprioritized,P(unrelated or weak)=1.00,typesafe-ai/jev,a4b41185524e,True
112cb2a2-971d-4d2c-ab72-d8c74b02baa1,Forecast to Publish a Funding Opportunity Announcement for EmbraceHealth Clinical Research Network to Reduce Health Disparities – Coordinating Center,forecast,weak,0.79,"{""moderate"": 0.15, ""strong"": 0.06, ""weak"": 0.79, ""none"": 0}",G1,0.88,"{""G3"": 0, ""G5"": 0.01, ""G4"": 0, ""none"": 0.11, ""G2"": 0, ""G1"": 0.88}",partner,0.73,"{""partner"": 0.73, ""atypical"": 0.25, ""lead"": 0, ""ineligible"": 0, ""unclear"": 0.02}",DPH,0.54,"{""DCDEE"": 0.01, ""DHSR"": 0.01, ""DCFW"": 0, ""ORH"": 0.06, ""none"": 0.34, ""DSBDHH"": 0, ""DEIPD"": 0, ""DSS"": 0, ""MEDICAID"": 0, ""DSOHF"": 0, ""DPH"": 0.54, ""DAGING"": 0, ""DMHDDSUS"": 0.01, ""OSEC"": 0.03}",0.4233,0.73,0.3662,deep_review,not confidently irrelevant,typesafe-ai/jev,a4b41185524e,True
1154d950-fe5b-4fe7-b92e-70f016dff157,NEI Clinical Research Study Planning Grant Program (R34 Clinical Trial Not Allowed),open,weak,0.99,"{""strong"": 0, ""weak"": 0.99, ""none"": 0, ""moderate"": 0.01}",none,0.73,"{""G2"": 0.01, ""G5"": 0.04, ""G4"": 0.02, ""none"": 0.73, ""G1"": 0.2, ""G3"": 0}",atypical,0.55,"{""unclear"": 0, ""ineligible"": 0, ""lead"": 0.01, ""partner"": 0.44, ""atypical"": 0.55}",DSBDHH,0.43,"{""DCDEE"": 0, ""DMHDDSUS"": 0, ""MEDICAID"": 0, ""DSBDHH"": 0.43, ""DSOHF"": 0, ""OSEC"": 0, ""DHSR"": 0, ""DPH"": 0.16, ""DEIPD"": 0, ""DSS"": 0, ""DCFW"": 0, ""none"": 0.41, ""ORH"": 0, ""DAGING"": 0}",0.3367,0.45,0.2441,deprioritized,P(unrelated or weak)=0.99,typesafe-ai/jev,a4b41185524e,True
11a1ba17-6aeb-4de1-b138-635a62b81cdb,Novel Experiential Technologies Assisting Individual Learning (NExT AI) Hubs (P20 Clinical Trial Optional),open,weak,0.98,"{""weak"": 0.98, ""moderate"": 0.02, ""none"": 0, ""strong"": 0}",G2,0.7,"{""G1"": 0.03, ""G3"": 0, ""G2"": 0.7, ""none"": 0.22, ""G5"": 0.01, ""G4"": 0.04}",atypical,0.75,"{""partner"": 0.25, ""ineligible"": 0, ""lead"": 0, ""unclear"": 0, ""atypical"": 0.75}",none,0.58,"{""OSEC"": 0, ""MEDICAID"": 0, ""DSBDHH"": 0, ""DSS"": 0, ""DEIPD"": 0, ""ORH"": 0, ""DAGING"": 0, ""DHSR"": 0, ""DCFW"": 0.07, ""DCDEE"": 0.04, ""DPH"": 0.12, ""none"": 0.58, ""DMHDDSUS"": 0.19, ""DSOHF"": 0}",0.34,0.25,0.2125,deprioritized,P(unrelated or weak)=0.98,typesafe-ai/jev,a4b41185524e,True
11a295e2-b809-4d15-ae4d-aff909c58d38,Antarctic Research Requiring U.S. Antarctic Program (USAP) Support for Fieldwork,open,none,1.0,"{""weak"": 0, ""moderate"": 0, ""none"": 1, ""strong"": 0}",none,1.0,"{""G3"": 0, ""G2"": 0, ""G1"": 0, ""G4"": 0, ""none"": 1, ""G5"": 0}",ineligible,0.96,"{""partner"": 0.01, ""unclear"": 0, ""atypical"": 0.03, ""ineligible"": 0.96, ""lead"": 0}",none,1.0,"{""OSEC"": 0, ""DCDEE"": 0, ""ORH"": 0, ""none"": 1, ""DEIPD"": 0, ""DAGING"": 0, ""DHSR"": 0, ""DCFW"": 0, ""MEDICAID"": 0, ""DSOHF"": 0, ""DPH"": 0, ""DMHDDSUS"": 0, ""DSBDHH"": 0, ""DSS"": 0}",0.0,0.01,0.0,deprioritized,P(unrelated)=1.00,typesafe-ai/jev,a4b41185524e,True
1205cb8b-2fda-44bd-b04f-11ba98a5635c,"Limited Competition: The NHGRI Analysis, Visualization, and Informatics Lab-space (AnVIL) (U54 Clinical Trial Not Allowed)",forecast,weak,0.97,"{""none"": 0.01, ""weak"": 0.97, ""moderate"": 0.01, ""strong"": 0.01}",none,0.67,"{""G1"": 0, ""G2"": 0, ""G3"": 0, ""G4"": 0.03, ""G5"": 0.3, ""none"": 0.67}",atypical,0.76,"{""lead"": 0.01, ""partner"": 0.14, ""atypical"": 0.76, ""ineligible"": 0.08, ""unclear"": 0.01}",none,0.83,"{""DPH"": 0.1, ""DMHDDSUS"": 0, ""MEDICAID"": 0, ""DCFW"": 0, ""DSS"": 0, ""DAGING"": 0, ""DCDEE"": 0.01, ""ORH"": 0, ""DEIPD"": 0, ""DSBDHH"": 0, ""DHSR"": 0, ""DSOHF"": 0, ""OSEC"": 0.06, ""none"": 0.83}",0.34,0.15,0.1955,deprioritized,P(unrelated or weak)=0.98,typesafe-ai/jev,a4b41185524e,True
122005eb-b9d4-4ccc-bfa4-794cac626544,Pilot Effectiveness Trials for Post-Acute Interventions and Services to Optimize Longer-term Outcomes (R01 Clinical Trial Required),open,weak,0.75,"{""none"": 0, ""strong"": 0.05, ""moderate"": 0.2, ""weak"": 0.75}",G3,0.93,"{""G3"": 0.93, ""none"": 0.07, ""G4"": 0, ""G1"": 0, ""G2"": 0, ""G5"": 0}",atypical,0.54,"{""unclear"": 0, ""partner"": 0.43, ""ineligible"": 0, ""lead"": 0.03, ""atypical"": 0.54}",DMHDDSUS,0.79,"{""DMHDDSUS"": 0.79, ""none"": 0.2, ""DSS"": 0, ""OSEC"": 0, ""DCFW"": 0, ""DHSR"": 0, ""MEDICAID"": 0, ""ORH"": 0, ""DPH"": 0, ""DCDEE"": 0, ""DSOHF"": 0.01, ""DSBDHH"": 0, ""DAGING"": 0, ""DEIPD"": 0}",0.4333,0.46,0.3163,deep_review,not confidently irrelevant,typesafe-ai/jev,a4b41185524e,True
123edae0-18f1-4d6b-90a1-36b36d0e412e,English-Language Program for Disadvantaged Communities Initiatives Program,forecast,none,0.99,"{""none"": 0.99, ""moderate"": 0, ""weak"": 0.01, ""strong"": 0}",none,1.0,"{""G4"": 0, ""none"": 1, ""G1"": 0, ""G2"": 0, ""G3"": 0, ""G5"": 0}",ineligible,0.87,"{""unclear"": 0.02, ""ineligible"": 0.87, ""atypical"": 0.11, ""lead"": 0, ""partner"": 0}",none,1.0,"{""DSS"": 0, ""MEDICAID"": 0, ""DCFW"": 0, ""DSBDHH"": 0, ""DSOHF"": 0, ""DPH"": 0, ""DAGING"": 0, ""DEIPD"": 0, ""OSEC"": 0, ""none"": 1, ""ORH"": 0, ""DCDEE"": 0, ""DMHDDSUS"": 0, ""DHSR"": 0}",0.0033,0.0,0.0017,deprioritized,P(unrelated)=0.99,typesafe-ai/jev,a4b41185524e,True
1257538b-2930-4d7a-a9f8-c7b0e349eda1,MPS Astronomical Sciences Research Programs (MPS Astro),open,none,1.0,"{""strong"": 0, ""moderate"": 0, ""weak"": 0, ""none"": 1}",none,1.0,"{""G4"": 0, ""G2"": 0, ""G3"": 0, ""none"": 1, ""G1"": 0, ""G5"": 0}",atypical,0.98,"{""unclear"": 0.02, ""atypical"": 0.98, ""partner"": 0, ""ineligible"": 0, ""lead"": 0}",none,1.0,"{""DSBDHH"": 0, ""DSOHF"": 0, ""DPH"": 0, ""DCDEE"": 0, ""DEIPD"": 0, ""DAGING"": 0, ""OSEC"": 0, ""DCFW"": 0, ""DMHDDSUS"": 0, ""MEDICAID"": 0, ""DSS"": 0, ""none"": 1, ""ORH"": 0, ""DHSR"": 0}",0.0,0.0,0.0,deprioritized,P(unrelated)=1.00,typesafe-ai/jev,a4b41185524e,True
12b071b0-5e9c-4e61-99c6-7d31cd409eb8,Basic Research in Cancer Health Disparities (R21 Clinical Trial Not Allowed),open,weak,1.0,"{""strong"": 0, ""none"": 0, ""moderate"": 0, ""weak"": 1}",G1,0.71,"{""G2"": 0, ""none"": 0.28, ""G3"": 0, ""G5"": 0, ""G4"": 0.01, ""G1"": 0.71}",atypical,0.83,"{""ineligible"": 0, ""atypical"": 0.83, ""lead"": 0, ""unclear"": 0, ""partner"": 0.17}",DPH,0.5,"{""OSEC"": 0, ""none"": 0.49, ""MEDICAID"": 0, ""DHSR"": 0, ""DSBDHH"": 0, ""ORH"": 0, ""DSS"": 0, ""DAGING"": 0, ""DCFW"": 0, ""DPH"": 0.5, ""DMHDDSUS"": 0, ""DEIPD"": 0, ""DCDEE"": 0.01, ""DSOHF"": 0}",0.3333,0.17,0.195,deprioritized,P(unrelated or weak)=1.00,typesafe-ai/jev,a4b41185524e,True
12bec7a7-b996-45ba-8df0-de667afd4123,"DoW, Ovarian Cancer, Ovarian Cancer Clinical Trial Academy – Early-Career Investigator Award",open,weak,0.86,"{""strong"": 0, ""weak"": 0.86, ""none"": 0.14, ""moderate"": 0}",none,0.79,"{""G4"": 0.14, ""none"": 0.79, ""G3"": 0, ""G2"": 0, ""G5"": 0.01, ""G1"": 0.06}",atypical,0.95,"{""unclear"": 0.02, ""ineligible"": 0.02, ""lead"": 0, ""partner"": 0.01, ""atypical"": 0.95}",none,0.89,"{""DSBDHH"": 0, ""DMHDDSUS"": 0, ""DCDEE"": 0.01, ""none"": 0.89, ""DHSR"": 0.01, ""DEIPD"": 0, ""DSOHF"": 0.01, ""ORH"": 0, ""DCFW"": 0, ""OSEC"": 0, ""DPH"": 0.08, ""MEDICAID"": 0, ""DAGING"": 0, ""DSS"": 0}",0.2867,0.01,0.1448,deprioritized,P(unrelated or weak)=1.00,typesafe-ai/jev,a4b41185524e,True
12d37e89-ae40-43a9-8f29-59e3347676ae,Emergency Competitive Revision to Existing NIH Awards (Emergency Supplement - Clinical Trial Optional),open,weak,0.88,"{""none"": 0.01, ""weak"": 0.88, ""moderate"": 0.06, ""strong"": 0.05}",none,0.72,"{""G4"": 0.01, ""G1"": 0.24, ""G3"": 0.01, ""G2"": 0, ""G5"": 0.02, ""none"": 0.72}",atypical,0.8,"{""partner"": 0.17, ""ineligible"": 0.01, ""unclear"": 0, ""lead"": 0.02, ""atypical"": 0.8}",none,0.67,"{""DSBDHH"": 0, ""DHSR"": 0, ""DEIPD"": 0, ""DSS"": 0, ""OSEC"": 0.01, ""DCFW"": 0, ""ORH"": 0, ""DCDEE"": 0.01, ""DSOHF"": 0, ""MEDICAID"": 0, ""none"": 0.67, ""DAGING"": 0, ""DPH"": 0.3, ""DMHDDSUS"": 0.01}",0.3833,0.19,0.2281,deep_review,not confidently irrelevant,typesafe-ai/jev,a4b41185524e,True
12f44579-b7b8-43b0-935f-73c8011be8d8,Historically Black Colleges and Universities - Excellence in Research,open,none,0.67,"{""weak"": 0.33, ""none"": 0.67, ""moderate"": 0, ""strong"": 0}",none,0.98,"{""G3"": 0, ""none"": 0.98, ""G2"": 0, ""G5"": 0, ""G1"": 0, ""G4"": 0.02}",ineligible,0.94,"{""unclear"": 0, ""atypical"": 0.04, ""lead"": 0, ""ineligible"": 0.94, ""partner"": 0.02}",none,1.0,"{""DCFW"": 0, ""OSEC"": 0, ""MEDICAID"": 0, ""DSBDHH"": 0, ""DMHDDSUS"": 0, ""DPH"": 0, ""DSOHF"": 0, ""DCDEE"": 0, ""DAGING"": 0, ""none"": 1, ""DSS"": 0, ""DHSR"": 0, ""ORH"": 0, ""DEIPD"": 0}",0.11,0.02,0.0561,deprioritized,P(unrelated or weak)=1.00,typesafe-ai/jev,a4b41185524e,True
12fa8c02-b1d3-4e98-8cad-47257d7a9de9,ROSES25: A.14 Atmosphere,open,none,1.0,"{""weak"": 0, ""moderate"": 0, ""strong"": 0, ""none"": 1}",none,0.99,"{""none"": 0.99, ""G1"": 0, ""G4"": 0, ""G3"": 0, ""G2"": 0, ""G5"": 0.01}",atypical,0.8,"{""lead"": 0, ""partner"": 0.01, ""unclear"": 0.02, ""ineligible"": 0.16, ""atypical"": 0.8}",none,0.98,"{""DPH"": 0.02, ""DMHDDSUS"": 0, ""DSBDHH"": 0, ""DCDEE"": 0, ""ORH"": 0, ""none"": 0.98, ""OSEC"": 0, ""DAGING"": 0, ""DHSR"": 0, ""MEDICAID"": 0, ""DSOHF"": 0, ""DCFW"": 0, ""DEIPD"": 0, ""DSS"": 0}",0.0,0.01,0.0,deprioritized,P(unrelated)=1.00,typesafe-ai/jev,a4b41185524e,True
131fabad-5506-431b-b87a-e564f1d8dcc4,Research Grants in Clinical Informatics (R01 Clinical Trial Optional),open,weak,0.91,"{""moderate"": 0.08, ""strong"": 0.01, ""weak"": 0.91, ""none"": 0}",G5,0.82,"{""none"": 0.18, ""G4"": 0, ""G5"": 0.82, ""G1"": 0, ""G2"": 0, ""G3"": 0}",atypical,0.71,"{""lead"": 0, ""partner"": 0.29, ""atypical"": 0.71, ""ineligible"": 0, ""unclear"": 0}",none,0.55,"{""DPH"": 0.12, ""DAGING"": 0, ""MEDICAID"": 0.01, ""ORH"": 0.01, ""DSBDHH"": 0, ""OSEC"": 0.29, ""DHSR"": 0.01, ""none"": 0.55, ""DSS"": 0, ""DEIPD"": 0, ""DMHDDSUS"": 0, ""DCDEE"": 0.01, ""DSOHF"": 0, ""DCFW"": 0}",0.3667,0.29,0.2365,deep_review,not confidently irrelevant,typesafe-ai/jev,a4b41185524e,True
1346db63-0f5a-483b-a8e6-48156ba10da0,Infrastructure Capacity for Biological Research,open,weak,0.86,"{""weak"": 0.86, ""moderate"": 0, ""none"": 0.14, ""strong"": 0}",none,0.95,"{""G1"": 0, ""G3"": 0, ""G2"": 0, ""none"": 0.95, ""G5"": 0.05, ""G4"": 0}",ineligible,0.89,"{""partner"": 0.05, ""lead"": 0, ""ineligible"": 0.89, ""atypical"": 0.06, ""unclear"": 0}",none,0.97,"{""DSOHF"": 0, ""MEDICAID"": 0, ""DSBDHH"": 0, ""DEIPD"": 0, ""DCFW"": 0, ""ORH"": 0, ""DAGING"": 0, ""DHSR"": 0, ""DSS"": 0, ""DCDEE"": 0, ""DPH"": 0.03, ""none"": 0.97, ""DMHDDSUS"": 0, ""OSEC"": 0}",0.2867,0.05,0.1505,deprioritized,P(unrelated or weak)=1.00,typesafe-ai/jev,a4b41185524e,True
1351fb75-f66d-4304-80cb-864a04f7bea9,Academic-Industrial Partnerships for Translation of Technologies for Diagnosis and Treatment (R01 - Clinical Trial Optional),open,weak,1.0,"{""strong"": 0, ""weak"": 1, ""none"": 0, ""moderate"": 0}",none,0.6,"{""G4"": 0.01, ""G1"": 0.13, ""G5"": 0.26, ""none"": 0.6, ""G2"": 0, ""G3"": 0}",atypical,0.73,"{""atypical"": 0.73, ""ineligible"": 0, ""lead"": 0, ""unclear"": 0, ""partner"": 0.27}",none,0.74,"{""MEDICAID"": 0, ""OSEC"": 0.01, ""DSS"": 0, ""none"": 0.74, ""DHSR"": 0.01, ""DMHDDSUS"": 0, ""DSOHF"": 0.01, ""DSBDHH"": 0, ""DCDEE"": 0.01, ""DEIPD"": 0, ""DCFW"": 0, ""DAGING"": 0, ""DPH"": 0.21, ""ORH"": 0.01}",0.3333,0.27,0.2117,deprioritized,P(unrelated or weak)=1.00,typesafe-ai/jev,a4b41185524e,True
1352d10d-0bd9-4288-8c31-d540b962174b,Navigator Emergency Department Diversion Models for Non-Urgent Mental Health Concerns (R34 Clinical Trial Required),open,weak,0.51,"{""strong"": 0.16, ""moderate"": 0.33, ""weak"": 0.51, ""none"": 0}",G3,0.97,"{""G3"": 0.97, ""G2"": 0.01, ""G4"": 0, ""none"": 0.02, ""G1"": 0, ""G5"": 0}",partner,0.63,"{""ineligible"": 0, ""atypical"": 0.33, ""partner"": 0.63, ""unclear"": 0, ""lead"": 0.04}",DMHDDSUS,0.86,"{""DEIPD"": 0, ""DAGING"": 0, ""DSOHF"": 0, ""DCDEE"": 0, ""DHSR"": 0.01, ""OSEC"": 0, ""DSBDHH"": 0, ""DCFW"": 0.01, ""DMHDDSUS"": 0.86, ""MEDICAID"": 0, ""DSS"": 0, ""none"": 0.11, ""ORH"": 0, ""DPH"": 0.01}",0.55,0.67,0.4592,deep_review,not confidently irrelevant,typesafe-ai/jev,a4b41185524e,True
136a5f16-d648-49ae-9bef-0c74b2bde92c,EPSCoR Research Infrastructure Improvement Program: Focused EPSCoR Collaborations Program (FEC),open,none,0.65,"{""weak"": 0.35, ""moderate"": 0, ""none"": 0.65, ""strong"": 0}",none,0.96,"{""G1"": 0, ""G2"": 0, ""G3"": 0, ""G4"": 0.03, ""none"": 0.96, ""G5"": 0.01}",ineligible,0.6,"{""partner"": 0.15, ""unclear"": 0, ""atypical"": 0.25, ""ineligible"": 0.6, ""lead"": 0}",none,0.99,"{""DMHDDSUS"": 0, ""DCDEE"": 0, ""DAGING"": 0, ""DSOHF"": 0, ""DEIPD"": 0, ""none"": 0.99, ""DHSR"": 0, ""DCFW"": 0, ""MEDICAID"": 0, ""ORH"": 0, ""DPH"": 0, ""OSEC"": 0.01, ""DSS"": 0, ""DSBDHH"": 0}",0.1167,0.15,0.0671,deprioritized,P(unrelated or weak)=1.00,typesafe-ai/jev,a4b41185524e,True
1380cf9c-4561-45a6-a85d-7866dd308ef0,Dissemination and Implementation Research in Health (R21 Clinical Trial Optional),open,weak,0.48,"{""moderate"": 0.44, ""none"": 0, ""weak"": 0.48, ""strong"": 0.08}",G5,0.61,"{""G2"": 0, ""G4"": 0.01, ""none"": 0.27, ""G5"": 0.61, ""G1"": 0.09, ""G3"": 0.02}",atypical,0.61,"{""unclear"": 0, ""lead"": 0.02, ""partner"": 0.37, ""atypical"": 0.61, ""ineligible"": 0}",none,0.46,"{""DSBDHH"": 0, ""DSOHF"": 0, ""DPH"": 0.42, ""DCDEE"": 0, ""DAGING"": 0, ""DCFW"": 0, ""none"": 0.46, ""MEDICAID"": 0, ""DSS"": 0, ""DMHDDSUS"": 0.07, ""DHSR"": 0.01, ""OSEC"": 0.02, ""ORH"": 0.02, ""DEIPD"": 0}",0.5333,0.39,0.3707,deep_review,not confidently irrelevant,typesafe-ai/jev,a4b41185524e,True
13af439f-7405-4592-9a1e-18c4f7db7622,State Occupational Safety and Health Surveillance Program (U60),forecast,strong,0.99,"{""moderate"": 0.01, ""none"": 0, ""strong"": 0.99, ""weak"": 0}",G4,0.49,"{""G1"": 0.04, ""G2"": 0, ""G3"": 0, ""G4"": 0.49, ""G5"": 0.19, ""none"": 0.28}",lead,0.99,"{""atypical"": 0, ""ineligible"": 0, ""lead"": 0.99, ""partner"": 0.01, ""unclear"": 0}",DPH,1.0,"{""DAGING"": 0, ""DCDEE"": 0, ""DCFW"": 0, ""DEIPD"": 0, ""DHSR"": 0, ""DMHDDSUS"": 0, ""DPH"": 1, ""DSBDHH"": 0, ""DSOHF"": 0, ""DSS"": 0, ""MEDICAID"": 0, ""ORH"": 0, ""OSEC"": 0, ""none"": 0}",0.9967,1.0,0.9967,deep_review,not confidently irrelevant,typesafe-ai/jev,a4b41185524e,True
1443d20f-ff4b-47c9-bd59-bbb1d1f28af1,Alumni Engagement Innovation Fund (AEIF): Sierra Leone,forecast,none,1.0,"{""strong"": 0, ""none"": 1, ""moderate"": 0, ""weak"": 0}",none,1.0,"{""G3"": 0, ""none"": 1, ""G4"": 0, ""G1"": 0, ""G5"": 0, ""G2"": 0}",atypical,0.7,"{""unclear"": 0, ""atypical"": 0.7, ""ineligible"": 0.25, ""lead"": 0.03, ""partner"": 0.02}",none,1.0,"{""OSEC"": 0, ""ORH"": 0, ""DCDEE"": 0, ""DCFW"": 0, ""none"": 1, ""DSS"": 0, ""DSOHF"": 0, ""DEIPD"": 0, ""MEDICAID"": 0, ""DHSR"": 0, ""DPH"": 0, ""DMHDDSUS"": 0, ""DSBDHH"": 0, ""DAGING"": 0}",0.0,0.05,0.0,deprioritized,P(unrelated)=1.00,typesafe-ai/jev,a4b41185524e,True
144a89d3-d417-4a72-9bca-d361652bd993,Authority to Accept Unsolicited Proposals for Research Partnerships Notice of Intent (NOI),open,weak,0.45,"{""weak"": 0.45, ""strong"": 0.01, ""moderate"": 0.12, ""none"": 0.42}",none,0.73,"{""G5"": 0.06, ""G3"": 0, ""G2"": 0.07, ""G1"": 0.14, ""none"": 0.73, ""G4"": 0}",atypical,0.53,"{""unclear"": 0, ""ineligible"": 0, ""partner"": 0.37, ""atypical"": 0.53, ""lead"": 0.1}",none,0.73,"{""DSBDHH"": 0, ""DCDEE"": 0, ""OSEC"": 0.17, ""DEIPD"": 0, ""DCFW"": 0, ""MEDICAID"": 0.01, ""DSOHF"": 0, ""ORH"": 0.01, ""DAGING"": 0, ""DPH"": 0.03, ""DSS"": 0.05, ""DMHDDSUS"": 0, ""none"": 0.73, ""DHSR"": 0}",0.24,0.47,0.1764,deep_review,not confidently irrelevant,typesafe-ai/jev,a4b41185524e,True
1455416e-d0f8-4b17-8823-711db1ebc6f2,Making America Healthy Again by Addressing Dementia Disparities,forecast,strong,0.88,"{""none"": 0, ""weak"": 0.01, ""strong"": 0.88, ""moderate"": 0.11}",G1,1.0,"{""G4"": 0, ""G2"": 0, ""none"": 0, ""G3"": 0, ""G5"": 0, ""G1"": 1}",partner,0.43,"{""atypical"": 0.12, ""unclear"": 0.01, ""partner"": 0.43, ""lead"": 0.41, ""ineligible"": 0.03}",DPH,0.55,"{""DCFW"": 0, ""OSEC"": 0, ""DHSR"": 0, ""DPH"": 0.55, ""ORH"": 0, ""MEDICAID"": 0, ""none"": 0.01, ""DMHDDSUS"": 0.04, ""DCDEE"": 0, ""DSBDHH"": 0, ""DSS"": 0, ""DAGING"": 0.39, ""DEIPD"": 0, ""DSOHF"": 0}",0.9567,0.84,0.8801,deep_review,not confidently irrelevant,typesafe-ai/jev,a4b41185524e,True
14a56590-38c0-4e5e-8202-117a9297aa35,HEAL Initiative: Studies to Enable Analgesic Discovery (R61/R33 - Clinical Trial Not Allowed),open,weak,1.0,"{""strong"": 0, ""moderate"": 0, ""weak"": 1, ""none"": 0}",none,0.83,"{""G4"": 0.01, ""G2"": 0, ""G3"": 0.09, ""none"": 0.83, ""G1"": 0.05, ""G5"": 0.02}",atypical,0.91,"{""unclear"": 0, ""atypical"": 0.91, ""partner"": 0.08, ""ineligible"": 0.01, ""lead"": 0}",none,0.88,"{""DEIPD"": 0, ""DAGING"": 0, ""DSOHF"": 0.01, ""DCDEE"": 0, ""DHSR"": 0, ""OSEC"": 0, ""DSBDHH"": 0, ""DCFW"": 0, ""DMHDDSUS"": 0.08, ""MEDICAID"": 0, ""DPH"": 0.03, ""none"": 0.88, ""ORH"": 0, ""DSS"": 0}",0.3333,0.08,0.18,deprioritized,P(unrelated or weak)=1.00,typesafe-ai/jev,a4b41185524e,True
14c2b96f-e210-4856-8901-f8278996198a,NARMS Cooperative Agreement Program to Strengthen Antibiotic Resistance Surveillance in Retail Food Specimens,forecast,strong,0.47,"{""weak"": 0.15, ""none"": 0, ""moderate"": 0.38, ""strong"": 0.47}",none,0.63,"{""G3"": 0, ""none"": 0.63, ""G2"": 0.01, ""G4"": 0.02, ""G1"": 0.12, ""G5"": 0.22}",partner,0.78,"{""unclear"": 0.07, ""atypical"": 0.12, ""lead"": 0.03, ""ineligible"": 0, ""partner"": 0.78}",DPH,0.93,"{""OSEC"": 0, ""DCFW"": 0, ""MEDICAID"": 0, ""DSBDHH"": 0, ""DPH"": 0.93, ""DMHDDSUS"": 0, ""DSOHF"": 0, ""DCDEE"": 0.01, ""DAGING"": 0, ""none"": 0.06, ""DSS"": 0, ""DHSR"": 0, ""ORH"": 0, ""DEIPD"": 0}",0.7733,0.81,0.6999,deep_review,not confidently irrelevant,typesafe-ai/jev,a4b41185524e,True
14d1bdf6-30d6-43c7-9c95-255149283c60,DoW Autism Idea Development Award,open,weak,0.77,"{""strong"": 0, ""weak"": 0.77, ""none"": 0.23, ""moderate"": 0}",none,0.61,"{""G4"": 0.01, ""G1"": 0.24, ""G5"": 0.01, ""none"": 0.61, ""G2"": 0.08, ""G3"": 0.05}",atypical,0.89,"{""atypical"": 0.89, ""ineligible"": 0, ""lead"": 0, ""unclear"": 0.08, ""partner"": 0.03}",none,0.73,"{""MEDICAID"": 0, ""OSEC"": 0, ""DAGING"": 0, ""DHSR"": 0, ""DMHDDSUS"": 0.25, ""none"": 0.73, ""DEIPD"": 0, ""DSBDHH"": 0, ""DCDEE"": 0, ""DSOHF"": 0, ""DCFW"": 0, ""DSS"": 0, ""DPH"": 0.02, ""ORH"": 0}",0.2567,0.03,0.1322,deprioritized,P(unrelated or weak)=1.00,typesafe-ai/jev,a4b41185524e,True
150fab00-17e1-48c3-9898-3310f1fa4786,Utilizing Invasive Recording and Stimulating Opportunities in Humans to Advance Neural Circuitry Understanding of Mental Health Disorders (R21 Clinical Trial Optional),open,weak,1.0,"{""moderate"": 0, ""weak"": 1, ""strong"": 0, ""none"": 0}",none,0.56,"{""G5"": 0, ""G3"": 0.44, ""G2"": 0, ""G4"": 0, ""none"": 0.56, ""G1"": 0}",atypical,0.82,"{""atypical"": 0.82, ""partner"": 0.17, ""unclear"": 0, ""ineligible"": 0.01, ""lead"": 0}",none,0.66,"{""DMHDDSUS"": 0.31, ""ORH"": 0, ""DCFW"": 0, ""DPH"": 0, ""DSBDHH"": 0, ""DSS"": 0, ""DSOHF"": 0.03, ""MEDICAID"": 0, ""DAGING"": 0, ""none"": 0.66, ""DEIPD"": 0, ""DCDEE"": 0, ""OSEC"": 0, ""DHSR"": 0}",0.3333,0.17,0.195,deprioritized,P(unrelated or weak)=1.00,typesafe-ai/jev,a4b41185524e,True
15373c25-322a-433e-b21d-bf3fc77a80e3,Single Source for Continuation of the Integrated Islet Distribution Program U24 (Clinical Trial Not Allowed),open,weak,1.0,"{""weak"": 1, ""moderate"": 0, ""none"": 0, ""strong"": 0}",none,1.0,"{""G1"": 0, ""G2"": 0, ""G3"": 0, ""none"": 1, ""G5"": 0, ""G4"": 0}",ineligible,0.93,"{""partner"": 0.01, ""ineligible"": 0.93, ""lead"": 0, ""unclear"": 0, ""atypical"": 0.05}",none,1.0,"{""OSEC"": 0, ""DCFW"": 0, ""DSBDHH"": 0, ""DSS"": 0, ""MEDICAID"": 0, ""ORH"": 0, ""DSOHF"": 0, ""DHSR"": 0, ""DEIPD"": 0, ""DMHDDSUS"": 0, ""none"": 1, ""DPH"": 0, ""DCDEE"": 0, ""DAGING"": 0}",0.3333,0.01,0.1683,deprioritized,P(unrelated or weak)=1.00,typesafe-ai/jev,a4b41185524e,True
1544f10e-e38f-4d3c-adfa-d9c602273c73,Limited Competition: Community-Partnered Nursing Research Centers for Schools and Colleges of Nursing with Limited NIH Funding (P20 Clinical Trial Optional),forecast,weak,0.98,"{""moderate"": 0.02, ""strong"": 0, ""weak"": 0.98, ""none"": 0}",none,0.7,"{""G1"": 0.05, ""G4"": 0.24, ""G5"": 0.01, ""none"": 0.7, ""G2"": 0, ""G3"": 0}",atypical,0.7,"{""unclear"": 0, ""partner"": 0.28, ""ineligible"": 0.02, ""lead"": 0, ""atypical"": 0.7}",none,0.86,"{""DPH"": 0.12, ""DAGING"": 0, ""MEDICAID"": 0, ""DSBDHH"": 0, ""ORH"": 0.01, ""none"": 0.86, ""DHSR"": 0.01, ""OSEC"": 0, ""DSS"": 0, ""DEIPD"": 0, ""DCFW"": 0, ""DCDEE"": 0, ""DSOHF"": 0, ""DMHDDSUS"": 0}",0.34,0.28,0.2176,deprioritized,P(unrelated or weak)=0.98,typesafe-ai/jev,a4b41185524e,True
15a13021-8822-4ef4-9789-a10240816f75,Reissue of RFA-FD-22-001 - Efficient and Innovative Natural History Studies Addressing Unmet Needs in Rare Diseases (R01 Clinical Trials Optional),open,weak,0.99,"{""none"": 0, ""weak"": 0.99, ""moderate"": 0.01, ""strong"": 0}",none,0.57,"{""none"": 0.57, ""G1"": 0.35, ""G4"": 0, ""G5"": 0.07, ""G3"": 0, ""G2"": 0.01}",atypical,0.7,"{""atypical"": 0.7, ""ineligible"": 0, ""partner"": 0.3, ""lead"": 0, ""unclear"": 0}",none,0.67,"{""none"": 0.67, ""DSS"": 0, ""ORH"": 0, ""DSOHF"": 0.01, ""DPH"": 0.28, ""DMHDDSUS"": 0.01, ""MEDICAID"": 0, ""DAGING"": 0, ""DHSR"": 0.01, ""DSBDHH"": 0, ""DCDEE"": 0.01, ""DEIPD"": 0, ""DCFW"": 0, ""OSEC"": 0.01}",0.3367,0.3,0.2188,deprioritized,P(unrelated or weak)=0.99,typesafe-ai/jev,a4b41185524e,True
15a7a4eb-9a7e-4737-a6e1-7c3a45194e3d,Medical Scientist Training Program (MSTP) (T32),open,weak,1.0,"{""none"": 0, ""weak"": 1, ""moderate"": 0, ""strong"": 0}",none,0.72,"{""none"": 0.72, ""G1"": 0, ""G4"": 0.28, ""G5"": 0, ""G3"": 0, ""G2"": 0}",atypical,0.88,"{""atypical"": 0.88, ""ineligible"": 0, ""partner"": 0.12, ""lead"": 0, ""unclear"": 0}",none,0.97,"{""DSS"": 0, ""none"": 0.97, ""ORH"": 0.01, ""DSOHF"": 0.01, ""DPH"": 0.01, ""DAGING"": 0, ""MEDICAID"": 0, ""DMHDDSUS"": 0, ""DEIPD"": 0, ""DSBDHH"": 0, ""DCDEE"": 0, ""OSEC"": 0, ""DCFW"": 0, ""DHSR"": 0}",0.3333,0.12,0.1867,deprioritized,P(unrelated or weak)=1.00,typesafe-ai/jev,a4b41185524e,True
15fcc9fd-12c5-4cd5-bfea-17af1566cf90,Using Archived Data and Specimen Collections to Advance Maternal and Pediatric HIV/AIDS Research (R21 CT Not Allowed),open,weak,0.97,"{""none"": 0, ""moderate"": 0.03, ""weak"": 0.97, ""strong"": 0}",none,0.39,"{""G5"": 0.02, ""G2"": 0.26, ""G1"": 0.32, ""G4"": 0.01, ""none"": 0.39, ""G3"": 0}",atypical,0.5,"{""unclear"": 0, ""lead"": 0.01, ""partner"": 0.49, ""atypical"": 0.5, ""ineligible"": 0}",DPH,0.68,"{""OSEC"": 0, ""ORH"": 0, ""DSBDHH"": 0, ""DSOHF"": 0, ""DHSR"": 0, ""DCDEE"": 0, ""DAGING"": 0, ""DCFW"": 0, ""DEIPD"": 0, ""DPH"": 0.68, ""MEDICAID"": 0, ""DMHDDSUS"": 0, ""none"": 0.32, ""DSS"": 0}",0.3433,0.5,0.2575,deprioritized,P(unrelated or weak)=0.97,typesafe-ai/jev,a4b41185524e,True
1613e128-508f-47e1-9bf2-e2c02e7d79b1,AIDS Drug Assistance Program (ADAP) Emergency Relief Funds (ERF),forecast,strong,1.0,"{""none"": 0, ""weak"": 0, ""moderate"": 0, ""strong"": 1}",G1,1.0,"{""G4"": 0, ""none"": 0, ""G3"": 0, ""G2"": 0, ""G5"": 0, ""G1"": 1}",lead,0.99,"{""partner"": 0, ""ineligible"": 0, ""lead"": 0.99, ""unclear"": 0.01, ""atypical"": 0}",DPH,0.83,"{""DSBDHH"": 0, ""MEDICAID"": 0.05, ""DEIPD"": 0.01, ""DSS"": 0, ""OSEC"": 0, ""DCFW"": 0, ""none"": 0.01, ""DCDEE"": 0.01, ""DSOHF"": 0, ""ORH"": 0, ""DHSR"": 0, ""DAGING"": 0, ""DPH"": 0.83, ""DMHDDSUS"": 0.09}",1.0,0.99,0.995,deep_review,not confidently irrelevant,typesafe-ai/jev,a4b41185524e,True
162979f5-6831-4553-9522-450d46d92b6d,HIV/AIDS Clinical Trials Network Statistical and Data Management Centers,forecast,weak,0.87,"{""weak"": 0.87, ""strong"": 0.05, ""moderate"": 0.08, ""none"": 0}",G1,0.57,"{""G1"": 0.57, ""G4"": 0.01, ""G5"": 0.06, ""G2"": 0, ""none"": 0.36, ""G3"": 0}",atypical,0.49,"{""unclear"": 0, ""lead"": 0.01, ""ineligible"": 0.03, ""atypical"": 0.49, ""partner"": 0.47}",DPH,0.56,"{""DSOHF"": 0, ""OSEC"": 0, ""DEIPD"": 0, ""DCFW"": 0, ""ORH"": 0, ""none"": 0.4, ""DCDEE"": 0.01, ""DMHDDSUS"": 0.02, ""DHSR"": 0, ""DPH"": 0.56, ""DSBDHH"": 0, ""DAGING"": 0, ""MEDICAID"": 0, ""DSS"": 0}",0.3933,0.48,0.2911,deep_review,not confidently irrelevant,typesafe-ai/jev,a4b41185524e,True
16dd4363-d3e1-44e7-81b8-eaf8f573d0d1,Maternal and Child Health (MCH) Nutrition Training Program,forecast,strong,0.68,"{""weak"": 0.16, ""strong"": 0.68, ""none"": 0, ""moderate"": 0.16}",G4,0.53,"{""G4"": 0.53, ""G2"": 0.35, ""G3"": 0, ""none"": 0.11, ""G1"": 0.01, ""G5"": 0}",partner,0.58,"{""lead"": 0, ""partner"": 0.58, ""unclear"": 0, ""atypical"": 0.09, ""ineligible"": 0.33}",DPH,0.7,"{""DHSR"": 0, ""ORH"": 0, ""MEDICAID"": 0, ""OSEC"": 0, ""none"": 0.29, ""DCFW"": 0.01, ""DSS"": 0, ""DMHDDSUS"": 0, ""DAGING"": 0, ""DSOHF"": 0, ""DPH"": 0.7, ""DSBDHH"": 0, ""DEIPD"": 0, ""DCDEE"": 0}",0.84,0.58,0.6636,deep_review,not confidently irrelevant,typesafe-ai/jev,a4b41185524e,True
1700147b-4832-40f6-8357-14a51630c62f,Limited Competition for the Continuation of the Caring for OutPatiEnts after Acute Kidney Injury (COPE-AKI) Clinical Centers (U01 Clinical Trial Required),forecast,weak,0.99,"{""none"": 0, ""moderate"": 0.01, ""weak"": 0.99, ""strong"": 0}",none,0.68,"{""none"": 0.68, ""G2"": 0, ""G3"": 0, ""G4"": 0.01, ""G5"": 0.02, ""G1"": 0.29}",atypical,0.62,"{""ineligible"": 0.01, ""lead"": 0.01, ""atypical"": 0.62, ""partner"": 0.36, ""unclear"": 0}",none,0.85,"{""DCFW"": 0, ""DEIPD"": 0, ""DSBDHH"": 0, ""DAGING"": 0, ""MEDICAID"": 0.01, ""OSEC"": 0, ""ORH"": 0.01, ""DCDEE"": 0.01, ""none"": 0.85, ""DSS"": 0, ""DMHDDSUS"": 0, ""DHSR"": 0.01, ""DPH"": 0.09, ""DSOHF"": 0.02}",0.3367,0.37,0.2306,deprioritized,P(unrelated or weak)=0.99,typesafe-ai/jev,a4b41185524e,True
17160b34-7d47-45a6-8d0c-f3eacd3a07db,Health and Extreme Weather Research Coordination and Data Center (U2C - Clinical Trial Not Allowed),forecast,moderate,0.42,"{""strong"": 0.15, ""moderate"": 0.42, ""none"": 0, ""weak"": 0.43}",none,0.46,"{""G4"": 0.01, ""G2"": 0, ""none"": 0.46, ""G1"": 0.17, ""G3"": 0, ""G5"": 0.36}",partner,0.63,"{""lead"": 0.07, ""unclear"": 0.01, ""ineligible"": 0.01, ""partner"": 0.63, ""atypical"": 0.28}",DPH,0.86,"{""DSBDHH"": 0, ""DCFW"": 0, ""none"": 0.13, ""DPH"": 0.86, ""DCDEE"": 0, ""DAGING"": 0, ""DSOHF"": 0, ""MEDICAID"": 0, ""ORH"": 0, ""DSS"": 0, ""DHSR"": 0, ""OSEC"": 0.01, ""DEIPD"": 0, ""DMHDDSUS"": 0}",0.5733,0.7,0.4873,deep_review,not confidently irrelevant,typesafe-ai/jev,a4b41185524e,True
17223aaa-4ddf-44ef-a26e-d995578c2cb9,NIH Research Project Grant (Parent R01 Clinical Trial Not Allowed),open,weak,1.0,"{""weak"": 1, ""none"": 0, ""strong"": 0, ""moderate"": 0}",none,0.87,"{""G1"": 0.07, ""G5"": 0.02, ""G2"": 0, ""none"": 0.87, ""G3"": 0.01, ""G4"": 0.03}",atypical,0.92,"{""ineligible"": 0, ""partner"": 0.08, ""lead"": 0, ""unclear"": 0, ""atypical"": 0.92}",none,0.75,"{""DSOHF"": 0.01, ""OSEC"": 0.01, ""ORH"": 0.01, ""MEDICAID"": 0, ""DCFW"": 0, ""none"": 0.75, ""DAGING"": 0, ""DCDEE"": 0, ""DMHDDSUS"": 0.02, ""DHSR"": 0, ""DSS"": 0, ""DEIPD"": 0, ""DSBDHH"": 0, ""DPH"": 0.2}",0.3333,0.08,0.18,deprioritized,P(unrelated or weak)=1.00,typesafe-ai/jev,a4b41185524e,True
1727db46-f685-4182-9a30-d7f101ba9889,FY26 Bureau of Land Management Youth Conservation Corps - Bureau wide      ,open,none,0.98,"{""moderate"": 0, ""none"": 0.98, ""strong"": 0, ""weak"": 0.02}",none,0.89,"{""G1"": 0, ""G2"": 0.01, ""G3"": 0, ""G4"": 0.1, ""G5"": 0, ""none"": 0.89}",atypical,0.88,"{""atypical"": 0.88, ""ineligible"": 0.04, ""lead"": 0.01, ""partner"": 0.07, ""unclear"": 0}",none,0.97,"{""DAGING"": 0, ""DCDEE"": 0, ""DCFW"": 0, ""DEIPD"": 0.01, ""DHSR"": 0, ""DMHDDSUS"": 0, ""DPH"": 0.02, ""DSBDHH"": 0, ""DSOHF"": 0, ""DSS"": 0, ""MEDICAID"": 0, ""ORH"": 0, ""OSEC"": 0, ""none"": 0.97}",0.0067,0.08,0.0036,deprioritized,P(unrelated)=0.98,typesafe-ai/jev,a4b41185524e,True
172926e9-5f18-4993-893d-ac73be5bbb9d,"Maternal-Child Surveillance and Partnerships for Action, Results, and Knowledge",forecast,strong,0.97,"{""weak"": 0, ""none"": 0, ""moderate"": 0.03, ""strong"": 0.97}",G2,0.92,"{""none"": 0.01, ""G5"": 0.03, ""G4"": 0, ""G1"": 0.03, ""G3"": 0.01, ""G2"": 0.92}",partner,0.59,"{""partner"": 0.59, ""unclear"": 0.01, ""ineligible"": 0, ""lead"": 0.36, ""atypical"": 0.04}",DPH,1.0,"{""none"": 0, ""OSEC"": 0, ""DHSR"": 0, ""DSS"": 0, ""DCDEE"": 0, ""DEIPD"": 0, ""DMHDDSUS"": 0, ""DSOHF"": 0, ""DCFW"": 0, ""DPH"": 1, ""DSBDHH"": 0, ""DAGING"": 0, ""ORH"": 0, ""MEDICAID"": 0}",0.99,0.95,0.9652,deep_review,not confidently irrelevant,typesafe-ai/jev,a4b41185524e,True
1750ece3-d50d-4613-a971-2965051fb638,FDA's Integrated Food Safety System Training Delivery and Development,forecast,strong,0.45,"{""weak"": 0.2, ""strong"": 0.45, ""moderate"": 0.34, ""none"": 0.01}",none,0.78,"{""G3"": 0, ""G4"": 0.03, ""G1"": 0.01, ""G2"": 0, ""G5"": 0.18, ""none"": 0.78}",ineligible,0.92,"{""lead"": 0, ""unclear"": 0.01, ""ineligible"": 0.92, ""atypical"": 0.03, ""partner"": 0.04}",none,0.66,"{""DAGING"": 0, ""MEDICAID"": 0, ""DCFW"": 0, ""DSOHF"": 0, ""OSEC"": 0, ""DSS"": 0, ""DMHDDSUS"": 0, ""DHSR"": 0.01, ""DPH"": 0.32, ""DSBDHH"": 0, ""DEIPD"": 0, ""DCDEE"": 0.01, ""ORH"": 0, ""none"": 0.66}",0.7433,0.04,0.3865,deprioritized,P(ineligible)=0.92,typesafe-ai/jev,a4b41185524e,True
17546621-c760-4f5f-97ad-bed6682eae03,Limited Competition: Small Grant Program for the NCATS Clinical and Translational Science Award (CTSA) Program (R03 Clinical Trial Optional),open,weak,1.0,"{""none"": 0, ""moderate"": 0, ""weak"": 1, ""strong"": 0}",none,0.89,"{""none"": 0.89, ""G2"": 0, ""G1"": 0, ""G4"": 0.07, ""G5"": 0.04, ""G3"": 0}",atypical,0.87,"{""lead"": 0, ""unclear"": 0, ""partner"": 0.12, ""atypical"": 0.87, ""ineligible"": 0.01}",none,0.91,"{""MEDICAID"": 0, ""ORH"": 0.01, ""DSBDHH"": 0, ""DSOHF"": 0.01, ""DHSR"": 0, ""DCDEE"": 0, ""DAGING"": 0, ""DEIPD"": 0, ""DCFW"": 0, ""DPH"": 0.05, ""OSEC"": 0.02, ""DMHDDSUS"": 0, ""none"": 0.91, ""DSS"": 0}",0.3333,0.12,0.1867,deprioritized,P(unrelated or weak)=1.00,typesafe-ai/jev,a4b41185524e,True
1771770c-74ca-48e2-b041-72d03af07b71,Law & Science,open,none,0.54,"{""weak"": 0.42, ""moderate"": 0.04, ""none"": 0.54, ""strong"": 0}",none,0.96,"{""G2"": 0, ""G1"": 0, ""G3"": 0.01, ""none"": 0.96, ""G4"": 0, ""G5"": 0.03}",atypical,0.89,"{""ineligible"": 0, ""lead"": 0, ""atypical"": 0.89, ""partner"": 0.05, ""unclear"": 0.06}",none,0.9,"{""DSBDHH"": 0, ""DCDEE"": 0, ""DMHDDSUS"": 0.03, ""none"": 0.9, ""DSOHF"": 0, ""DPH"": 0.03, ""DCFW"": 0, ""DAGING"": 0, ""MEDICAID"": 0, ""OSEC"": 0.02, ""DEIPD"": 0, ""DHSR"": 0.01, ""DSS"": 0.01, ""ORH"": 0}",0.1667,0.05,0.0875,deprioritized,P(unrelated or weak)=0.96,typesafe-ai/jev,a4b41185524e,True
17831514-d29d-4e00-8071-c319e7e79130,State Electronic Crash Data Collection,forecast,weak,0.59,"{""weak"": 0.59, ""moderate"": 0.04, ""none"": 0.33, ""strong"": 0.04}",G5,0.59,"{""G5"": 0.59, ""G4"": 0, ""none"": 0.41, ""G3"": 0, ""G2"": 0, ""G1"": 0}",partner,0.49,"{""lead"": 0.23, ""partner"": 0.49, ""ineligible"": 0.15, ""atypical"": 0.12, ""unclear"": 0.01}",none,0.74,"{""DHSR"": 0.21, ""DSS"": 0, ""DPH"": 0.02, ""DMHDDSUS"": 0, ""OSEC"": 0.03, ""DCFW"": 0, ""DCDEE"": 0, ""DEIPD"": 0, ""DAGING"": 0, ""DSBDHH"": 0, ""none"": 0.74, ""DSOHF"": 0, ""ORH"": 0, ""MEDICAID"": 0}",0.2633,0.72,0.2265,deep_review,not confidently irrelevant,typesafe-ai/jev,a4b41185524e,True
17ca70e3-ccb8-46b3-98ec-2808f8673f84,Healthy Tomorrows Partnership for Children Program (HTPCP),forecast,strong,0.97,"{""weak"": 0, ""strong"": 0.97, ""none"": 0, ""moderate"": 0.03}",G2,1.0,"{""G4"": 0, ""G2"": 1, ""G3"": 0, ""none"": 0, ""G5"": 0, ""G1"": 0}",partner,0.55,"{""lead"": 0.25, ""partner"": 0.55, ""unclear"": 0.13, ""atypical"": 0.07, ""ineligible"": 0}",DPH,0.76,"{""DHSR"": 0, ""ORH"": 0, ""MEDICAID"": 0, ""DCFW"": 0.23, ""none"": 0, ""DMHDDSUS"": 0, ""DSS"": 0, ""OSEC"": 0, ""DAGING"": 0, ""DSOHF"": 0, ""DPH"": 0.76, ""DSBDHH"": 0, ""DEIPD"": 0, ""DCDEE"": 0.01}",0.99,0.8,0.891,deep_review,not confidently irrelevant,typesafe-ai/jev,a4b41185524e,True
17f217b6-2106-4de0-a9db-2c13c1b58262,NPS Cooperative Ecosystems Studies Units (CESU) Master Cooperative Agreements,open,none,0.96,"{""moderate"": 0, ""strong"": 0, ""weak"": 0.04, ""none"": 0.96}",none,0.99,"{""G3"": 0, ""none"": 0.99, ""G5"": 0.01, ""G1"": 0, ""G2"": 0, ""G4"": 0}",ineligible,0.47,"{""atypical"": 0.29, ""partner"": 0.24, ""lead"": 0, ""unclear"": 0, ""ineligible"": 0.47}",none,0.98,"{""DSOHF"": 0, ""MEDICAID"": 0, ""DEIPD"": 0, ""DSS"": 0, ""DCFW"": 0, ""DPH"": 0.01, ""ORH"": 0, ""DHSR"": 0, ""DAGING"": 0, ""DCDEE"": 0.01, ""OSEC"": 0, ""DSBDHH"": 0, ""DMHDDSUS"": 0, ""none"": 0.98}",0.0133,0.24,0.0083,deprioritized,P(unrelated)=0.96,typesafe-ai/jev,a4b41185524e,True
1835f8f5-45df-47b4-87b6-eebed0b0f0b7,Improving Chronic Conditions Through Inexpensive Interventions,forecast,weak,0.8,"{""none"": 0, ""strong"": 0.06, ""moderate"": 0.14, ""weak"": 0.8}",none,0.41,"{""G3"": 0, ""none"": 0.41, ""G2"": 0, ""G1"": 0.4, ""G4"": 0, ""G5"": 0.19}",partner,0.48,"{""unclear"": 0.01, ""atypical"": 0.21, ""lead"": 0, ""ineligible"": 0.3, ""partner"": 0.48}",none,0.48,"{""DMHDDSUS"": 0, ""none"": 0.48, ""DSS"": 0, ""OSEC"": 0, ""DCFW"": 0, ""DHSR"": 0, ""DSOHF"": 0, ""DAGING"": 0.42, ""MEDICAID"": 0, ""ORH"": 0, ""DSBDHH"": 0, ""DCDEE"": 0, ""DPH"": 0.1, ""DEIPD"": 0}",0.42,0.48,0.3108,deep_review,not confidently irrelevant,typesafe-ai/jev,a4b41185524e,True
18488b3f-1307-44af-90c9-c9bd13a857c0,Claude D. Pepper Older Americans Independence Centers,forecast,weak,1.0,"{""strong"": 0, ""weak"": 1, ""none"": 0, ""moderate"": 0}",none,0.55,"{""G3"": 0, ""G5"": 0, ""none"": 0.55, ""G2"": 0, ""G4"": 0.03, ""G1"": 0.42}",atypical,0.57,"{""partner"": 0.4, ""lead"": 0.01, ""atypical"": 0.57, ""unclear"": 0, ""ineligible"": 0.02}",none,0.59,"{""DMHDDSUS"": 0, ""OSEC"": 0, ""MEDICAID"": 0, ""DSS"": 0, ""DEIPD"": 0, ""DSBDHH"": 0, ""DHSR"": 0, ""DPH"": 0.02, ""DCFW"": 0, ""ORH"": 0, ""none"": 0.59, ""DCDEE"": 0, ""DSOHF"": 0, ""DAGING"": 0.39}",0.3333,0.41,0.235,deprioritized,P(unrelated or weak)=1.00,typesafe-ai/jev,a4b41185524e,True
188aac01-0056-4dd0-9bde-54cf6ddf113c,Radiation Exposure Screening and Education Program,forecast,strong,0.33,"{""weak"": 0.25, ""strong"": 0.33, ""moderate"": 0.33, ""none"": 0.09}",none,0.71,"{""none"": 0.71, ""G2"": 0, ""G5"": 0, ""G1"": 0.29, ""G4"": 0, ""G3"": 0}",ineligible,0.37,"{""ineligible"": 0.37, ""partner"": 0.24, ""unclear"": 0.01, ""lead"": 0.25, ""atypical"": 0.13}",DPH,0.64,"{""DPH"": 0.64, ""DAGING"": 0, ""MEDICAID"": 0, ""DSBDHH"": 0, ""ORH"": 0, ""OSEC"": 0, ""DHSR"": 0, ""none"": 0.35, ""DSS"": 0, ""DEIPD"": 0, ""DMHDDSUS"": 0, ""DCDEE"": 0.01, ""DSOHF"": 0, ""DCFW"": 0}",0.6333,0.49,0.4718,deep_review,not confidently irrelevant,typesafe-ai/jev,a4b41185524e,True
18a40e20-5b27-4883-a5ab-bdf6d10b83a8,"DoW Amyotrophic Lateral Sclerosis Research Program, Clinical Outcomes and Biomarkers Award",open,weak,0.83,"{""weak"": 0.83, ""none"": 0.17, ""moderate"": 0, ""strong"": 0}",none,0.81,"{""none"": 0.81, ""G2"": 0, ""G5"": 0.01, ""G3"": 0, ""G4"": 0.01, ""G1"": 0.17}",atypical,0.77,"{""atypical"": 0.77, ""partner"": 0.12, ""lead"": 0, ""ineligible"": 0, ""unclear"": 0.11}",none,0.86,"{""none"": 0.86, ""DCDEE"": 0, ""MEDICAID"": 0, ""DSS"": 0, ""DSBDHH"": 0, ""DCFW"": 0, ""DEIPD"": 0, ""DMHDDSUS"": 0.01, ""DPH"": 0.13, ""ORH"": 0, ""DHSR"": 0, ""DSOHF"": 0, ""OSEC"": 0, ""DAGING"": 0}",0.2767,0.12,0.1549,deprioritized,P(unrelated or weak)=1.00,typesafe-ai/jev,a4b41185524e,True
18b1486a-7e60-44fd-90b1-8e1dd1610a09,FDA OMHHE Health Equity Innovation Award: Enhance Equity Funding Opportunity (U01) Clinical Trials Not Allowed,forecast,weak,0.83,"{""weak"": 0.83, ""strong"": 0.04, ""none"": 0, ""moderate"": 0.13}",G1,0.96,"{""G4"": 0, ""G2"": 0, ""G3"": 0, ""none"": 0.04, ""G5"": 0, ""G1"": 0.96}",partner,0.51,"{""lead"": 0.01, ""ineligible"": 0, ""unclear"": 0.09, ""atypical"": 0.39, ""partner"": 0.51}",DPH,0.64,"{""DHSR"": 0.01, ""ORH"": 0.02, ""MEDICAID"": 0, ""OSEC"": 0.02, ""none"": 0.3, ""DCFW"": 0, ""DSS"": 0, ""DMHDDSUS"": 0.01, ""DAGING"": 0, ""DSOHF"": 0, ""DPH"": 0.64, ""DSBDHH"": 0, ""DEIPD"": 0, ""DCDEE"": 0}",0.4033,0.52,0.3065,deep_review,not confidently irrelevant,typesafe-ai/jev,a4b41185524e,True
18c0a9f1-fe39-4c7a-8ffd-1d8c656d666f,Telehealth Nutrition Services Network Grant Program,forecast,strong,0.89,"{""weak"": 0.01, ""strong"": 0.89, ""moderate"": 0.1, ""none"": 0}",G1,1.0,"{""G2"": 0, ""G3"": 0, ""G5"": 0, ""G1"": 1, ""none"": 0, ""G4"": 0}",partner,0.53,"{""lead"": 0.12, ""partner"": 0.53, ""ineligible"": 0, ""atypical"": 0.15, ""unclear"": 0.2}",DPH,0.73,"{""DEIPD"": 0, ""none"": 0.02, ""DHSR"": 0, ""DAGING"": 0, ""DSBDHH"": 0, ""DCDEE"": 0, ""DMHDDSUS"": 0, ""DSOHF"": 0, ""DCFW"": 0.03, ""OSEC"": 0, ""DSS"": 0, ""MEDICAID"": 0.03, ""DPH"": 0.73, ""ORH"": 0.19}",0.96,0.65,0.792,deep_review,not confidently irrelevant,typesafe-ai/jev,a4b41185524e,True
18caf2f2-792f-4fcf-a956-ed9864a8c1b6,"DoW Military Burn, Technology/Therapeutic Development Award",open,weak,0.58,"{""strong"": 0, ""moderate"": 0, ""none"": 0.42, ""weak"": 0.58}",none,0.89,"{""G5"": 0.02, ""G1"": 0.08, ""G2"": 0, ""G3"": 0, ""none"": 0.89, ""G4"": 0.01}",atypical,0.93,"{""unclear"": 0.04, ""atypical"": 0.93, ""partner"": 0.02, ""ineligible"": 0, ""lead"": 0}",none,0.95,"{""DSBDHH"": 0, ""DSOHF"": 0.01, ""DCDEE"": 0, ""ORH"": 0, ""DAGING"": 0, ""DMHDDSUS"": 0, ""DCFW"": 0, ""DSS"": 0, ""DHSR"": 0.01, ""DPH"": 0.03, ""DEIPD"": 0, ""none"": 0.95, ""OSEC"": 0, ""MEDICAID"": 0}",0.1933,0.02,0.0986,deprioritized,P(unrelated or weak)=1.00,typesafe-ai/jev,a4b41185524e,True
19850d71-3af6-4f9f-bf6e-1ee9b1f8d8b7,ONR FY27 NOFO for Young Investigator Program,open,none,0.97,"{""moderate"": 0, ""strong"": 0, ""weak"": 0.03, ""none"": 0.97}",none,1.0,"{""G3"": 0, ""G4"": 0, ""G5"": 0, ""G1"": 0, ""G2"": 0, ""none"": 1}",ineligible,0.85,"{""atypical"": 0.13, ""partner"": 0.02, ""lead"": 0, ""unclear"": 0, ""ineligible"": 0.85}",none,1.0,"{""DSOHF"": 0, ""DHSR"": 0, ""DEIPD"": 0, ""DSS"": 0, ""DCFW"": 0, ""OSEC"": 0, ""ORH"": 0, ""DPH"": 0, ""DAGING"": 0, ""DCDEE"": 0, ""MEDICAID"": 0, ""DSBDHH"": 0, ""DMHDDSUS"": 0, ""none"": 1}",0.01,0.02,0.0051,deprioritized,P(unrelated)=0.97,typesafe-ai/jev,a4b41185524e,True
1992d55d-3baf-47a7-9483-9503754fc660,Stimulating Access to Research in Residency (StARR) (R38 Independent Clinical Trial Not Allowed),open,weak,0.98,"{""weak"": 0.98, ""moderate"": 0.01, ""none"": 0, ""strong"": 0.01}",G4,0.54,"{""G2"": 0, ""G1"": 0, ""G3"": 0, ""none"": 0.45, ""G4"": 0.54, ""G5"": 0.01}",atypical,0.77,"{""unclear"": 0, ""lead"": 0.01, ""ineligible"": 0, ""partner"": 0.22, ""atypical"": 0.77}",none,0.74,"{""DSBDHH"": 0, ""DCDEE"": 0, ""DMHDDSUS"": 0, ""none"": 0.74, ""DSOHF"": 0.04, ""DPH"": 0.05, ""DCFW"": 0, ""DAGING"": 0, ""MEDICAID"": 0, ""OSEC"": 0.01, ""DEIPD"": 0, ""DHSR"": 0.02, ""DSS"": 0, ""ORH"": 0.14}",0.3433,0.23,0.2112,deprioritized,P(unrelated or weak)=0.98,typesafe-ai/jev,a4b41185524e,True
1998807c-2c4c-45ce-924c-748dbcdeb2ad,TIP Office International Programs to Combat Human Trafficking Annual Program Statement,open,weak,0.75,"{""moderate"": 0.05, ""strong"": 0.06, ""weak"": 0.75, ""none"": 0.14}",none,0.67,"{""G2"": 0.05, ""G3"": 0.02, ""G5"": 0.01, ""G1"": 0.25, ""none"": 0.67, ""G4"": 0}",atypical,0.43,"{""lead"": 0.06, ""partner"": 0.39, ""ineligible"": 0.11, ""atypical"": 0.43, ""unclear"": 0.01}",none,0.73,"{""DSOHF"": 0, ""DSBDHH"": 0, ""DHSR"": 0, ""DAGING"": 0, ""DPH"": 0.01, ""DCDEE"": 0, ""DMHDDSUS"": 0.06, ""DEIPD"": 0, ""DCFW"": 0.01, ""OSEC"": 0.03, ""DSS"": 0.16, ""MEDICAID"": 0, ""none"": 0.73, ""ORH"": 0}",0.3433,0.45,0.2489,deep_review,not confidently irrelevant,typesafe-ai/jev,a4b41185524e,True
19cdbfa9-20f5-423f-9b45-cfff9feda6b3,"BRAIN Initiative Cell Atlas Network (BICAN): Coordinating Unit for Biostatistics, Informatics, and Engagement (CUBIE)",forecast,weak,1.0,"{""none"": 0, ""moderate"": 0, ""weak"": 1, ""strong"": 0}",none,0.72,"{""none"": 0.72, ""G2"": 0, ""G1"": 0, ""G4"": 0.01, ""G5"": 0.1, ""G3"": 0.17}",atypical,0.8,"{""unclear"": 0, ""lead"": 0, ""partner"": 0.19, ""atypical"": 0.8, ""ineligible"": 0.01}",none,0.72,"{""DMHDDSUS"": 0.23, ""ORH"": 0, ""DSBDHH"": 0, ""DSOHF"": 0.01, ""DHSR"": 0, ""DCDEE"": 0, ""DAGING"": 0, ""DCFW"": 0, ""DEIPD"": 0, ""DPH"": 0.02, ""MEDICAID"": 0, ""OSEC"": 0.02, ""none"": 0.72, ""DSS"": 0}",0.3333,0.19,0.1983,deprioritized,P(unrelated or weak)=1.00,typesafe-ai/jev,a4b41185524e,True
1a040f84-66ab-4cbc-a059-f2e51497817a,DoW Toxic Exposures Translational Research Award,open,weak,0.51,"{""moderate"": 0, ""strong"": 0, ""none"": 0.49, ""weak"": 0.51}",none,0.9,"{""G5"": 0.05, ""G1"": 0.04, ""G2"": 0, ""G3"": 0, ""none"": 0.9, ""G4"": 0.01}",atypical,0.87,"{""unclear"": 0.08, ""atypical"": 0.87, ""partner"": 0.05, ""ineligible"": 0, ""lead"": 0}",none,0.77,"{""DSBDHH"": 0, ""DSOHF"": 0, ""DCDEE"": 0.01, ""ORH"": 0, ""DAGING"": 0, ""DMHDDSUS"": 0, ""DPH"": 0.22, ""DEIPD"": 0, ""DHSR"": 0, ""MEDICAID"": 0, ""DCFW"": 0, ""none"": 0.77, ""OSEC"": 0, ""DSS"": 0}",0.17,0.05,0.0892,deprioritized,P(unrelated or weak)=1.00,typesafe-ai/jev,a4b41185524e,True
1a15d9b6-d67c-4ad9-a283-1c43e474f6d6,Mechanisms Underlying Olfactory Dysfunction in Aging and Alzheimer’s Disease and Alzheimer’s Disease-Related Dementias,forecast,weak,1.0,"{""moderate"": 0, ""strong"": 0, ""weak"": 1, ""none"": 0}",none,0.72,"{""none"": 0.72, ""G2"": 0, ""G5"": 0.01, ""G1"": 0.25, ""G4"": 0.01, ""G3"": 0.01}",atypical,0.87,"{""ineligible"": 0.01, ""partner"": 0.12, ""unclear"": 0, ""lead"": 0, ""atypical"": 0.87}",none,0.77,"{""DPH"": 0.05, ""DAGING"": 0.17, ""MEDICAID"": 0, ""DSBDHH"": 0, ""ORH"": 0, ""OSEC"": 0, ""DHSR"": 0, ""none"": 0.77, ""DMHDDSUS"": 0.01, ""DEIPD"": 0, ""DSS"": 0, ""DCDEE"": 0, ""DSOHF"": 0, ""DCFW"": 0}",0.3333,0.12,0.1867,deprioritized,P(unrelated or weak)=1.00,typesafe-ai/jev,a4b41185524e,True
1a2d77c4-ef72-4978-b311-6511e5145f50,2022 Alumni Engagement Innovation Fund-Italy,forecast,none,0.99,"{""strong"": 0, ""moderate"": 0, ""weak"": 0.01, ""none"": 0.99}",none,1.0,"{""G3"": 0, ""G2"": 0, ""G4"": 0, ""none"": 1, ""G1"": 0, ""G5"": 0}",ineligible,0.97,"{""unclear"": 0, ""atypical"": 0.03, ""partner"": 0, ""ineligible"": 0.97, ""lead"": 0}",none,1.0,"{""DEIPD"": 0, ""DSOHF"": 0, ""ORH"": 0, ""DCDEE"": 0, ""DSBDHH"": 0, ""DAGING"": 0, ""DHSR"": 0, ""DCFW"": 0, ""DMHDDSUS"": 0, ""MEDICAID"": 0, ""DSS"": 0, ""none"": 1, ""OSEC"": 0, ""DPH"": 0}",0.0033,0.0,0.0017,deprioritized,P(unrelated)=0.99,typesafe-ai/jev,a4b41185524e,True
1a3231f6-36eb-40d1-afe8-232010fa2fe3,"US Travelers Health Research, Surveillance, Communication, and Outreach Network",open,moderate,0.48,"{""strong"": 0.35, ""none"": 0, ""weak"": 0.17, ""moderate"": 0.48}",none,0.47,"{""G3"": 0, ""G1"": 0.36, ""G5"": 0.15, ""none"": 0.47, ""G2"": 0.01, ""G4"": 0.01}",partner,0.67,"{""unclear"": 0.08, ""lead"": 0.12, ""partner"": 0.67, ""atypical"": 0.13, ""ineligible"": 0}",DPH,0.96,"{""DCFW"": 0, ""DCDEE"": 0, ""DSS"": 0, ""DPH"": 0.96, ""DMHDDSUS"": 0, ""DEIPD"": 0, ""MEDICAID"": 0, ""OSEC"": 0, ""ORH"": 0, ""DSOHF"": 0, ""DSBDHH"": 0, ""none"": 0.04, ""DAGING"": 0, ""DHSR"": 0}",0.7267,0.79,0.6504,deep_review,not confidently irrelevant,typesafe-ai/jev,a4b41185524e,True
1a932b55-f5e4-4467-98d1-cadd948d6713,Louis Stokes Alliances for Minority Participation,open,none,0.73,"{""weak"": 0.26, ""strong"": 0, ""none"": 0.73, ""moderate"": 0.01}",none,0.85,"{""G1"": 0, ""G3"": 0, ""G4"": 0.15, ""none"": 0.85, ""G5"": 0, ""G2"": 0}",ineligible,0.72,"{""lead"": 0, ""atypical"": 0.19, ""partner"": 0.09, ""ineligible"": 0.72, ""unclear"": 0}",none,1.0,"{""DSOHF"": 0, ""ORH"": 0, ""DAGING"": 0, ""DMHDDSUS"": 0, ""DHSR"": 0, ""DSBDHH"": 0, ""DCDEE"": 0, ""DSS"": 0, ""DPH"": 0, ""DEIPD"": 0, ""none"": 1, ""MEDICAID"": 0, ""OSEC"": 0, ""DCFW"": 0}",0.0933,0.09,0.0509,deprioritized,P(unrelated or weak)=0.99,typesafe-ai/jev,a4b41185524e,True
1aac28d7-35c3-4d06-bdbc-719fc81796c0,Clinical Coordinating Center for Multi-Site Investigator-Initiated Clinical Trials (Collaborative UG3/UH3 Clinical Trial Required),open,weak,0.96,"{""none"": 0, ""weak"": 0.96, ""moderate"": 0.03, ""strong"": 0.01}",none,0.67,"{""G4"": 0.01, ""G1"": 0.21, ""none"": 0.67, ""G5"": 0.11, ""G3"": 0, ""G2"": 0}",partner,0.55,"{""unclear"": 0, ""lead"": 0.01, ""atypical"": 0.44, ""partner"": 0.55, ""ineligible"": 0}",none,0.77,"{""DCDEE"": 0.01, ""DPH"": 0.18, ""ORH"": 0.01, ""DSS"": 0, ""DSOHF"": 0.01, ""DCFW"": 0, ""none"": 0.77, ""DEIPD"": 0, ""MEDICAID"": 0, ""DSBDHH"": 0, ""OSEC"": 0.01, ""DHSR"": 0.01, ""DMHDDSUS"": 0, ""DAGING"": 0}",0.35,0.56,0.273,deprioritized,P(unrelated or weak)=0.96,typesafe-ai/jev,a4b41185524e,True
1af55c6e-2cb2-4c06-9690-1a2069a0f9c2,NHLBI Emerging Investigator Award (EIA) (R35 Clinical Trial Optional),open,weak,1.0,"{""weak"": 1, ""none"": 0, ""strong"": 0, ""moderate"": 0}",none,0.94,"{""G1"": 0.02, ""none"": 0.94, ""G3"": 0, ""G2"": 0, ""G5"": 0.01, ""G4"": 0.03}",atypical,0.96,"{""unclear"": 0, ""atypical"": 0.96, ""ineligible"": 0.02, ""partner"": 0.02, ""lead"": 0}",none,0.93,"{""DSS"": 0, ""none"": 0.93, ""ORH"": 0, ""MEDICAID"": 0, ""DMHDDSUS"": 0, ""DPH"": 0.07, ""DSBDHH"": 0, ""DSOHF"": 0, ""OSEC"": 0, ""DCDEE"": 0, ""DEIPD"": 0, ""DAGING"": 0, ""DCFW"": 0, ""DHSR"": 0}",0.3333,0.02,0.17,deprioritized,P(unrelated or weak)=1.00,typesafe-ai/jev,a4b41185524e,True
1b04cdeb-7432-47b1-949a-9d823782ca2d,Ancillary Studies to Ongoing Clinical Projects (RP1 Clinical Trial Not Allowed),forecast,weak,0.99,"{""weak"": 0.99, ""strong"": 0, ""moderate"": 0.01, ""none"": 0}",none,0.81,"{""G2"": 0, ""none"": 0.81, ""G5"": 0.14, ""G1"": 0.04, ""G4"": 0.01, ""G3"": 0}",atypical,0.5,"{""ineligible"": 0.06, ""partner"": 0.43, ""atypical"": 0.5, ""lead"": 0.01, ""unclear"": 0}",none,0.79,"{""DPH"": 0.15, ""DAGING"": 0.01, ""MEDICAID"": 0, ""DSBDHH"": 0, ""ORH"": 0.01, ""OSEC"": 0.01, ""DHSR"": 0.01, ""none"": 0.79, ""DMHDDSUS"": 0, ""DEIPD"": 0, ""DSS"": 0, ""DCDEE"": 0, ""DSOHF"": 0.02, ""DCFW"": 0}",0.3367,0.44,0.2424,deprioritized,P(unrelated or weak)=0.99,typesafe-ai/jev,a4b41185524e,True
1b49b219-b655-4560-b837-68ed45b6580f,NIAMS P30 Centers Program (P30 - Clinical Trial Not Allowed),forecast,weak,1.0,"{""weak"": 1, ""moderate"": 0, ""none"": 0, ""strong"": 0}",none,0.75,"{""G2"": 0, ""G4"": 0.06, ""none"": 0.75, ""G5"": 0.18, ""G1"": 0.01, ""G3"": 0}",atypical,0.72,"{""atypical"": 0.72, ""lead"": 0.02, ""partner"": 0.22, ""unclear"": 0, ""ineligible"": 0.04}",none,0.91,"{""DSBDHH"": 0, ""DSOHF"": 0, ""DPH"": 0.08, ""DCDEE"": 0, ""DAGING"": 0, ""DCFW"": 0, ""none"": 0.91, ""MEDICAID"": 0, ""DSS"": 0, ""DEIPD"": 0, ""DHSR"": 0, ""OSEC"": 0.01, ""ORH"": 0, ""DMHDDSUS"": 0}",0.3333,0.24,0.2067,deprioritized,P(unrelated or weak)=1.00,typesafe-ai/jev,a4b41185524e,True
1c1ad215-73b3-44cf-afef-a386915e2f7f,"NLM Institutional Grants for Research Training in Biomedical Informatics, Data Science, and AI",forecast,weak,0.98,"{""weak"": 0.98, ""strong"": 0, ""moderate"": 0.01, ""none"": 0.01}",none,0.6,"{""G3"": 0, ""G5"": 0.12, ""G1"": 0, ""G2"": 0, ""G4"": 0.28, ""none"": 0.6}",atypical,0.49,"{""unclear"": 0, ""ineligible"": 0.21, ""atypical"": 0.49, ""lead"": 0, ""partner"": 0.3}",none,0.95,"{""DAGING"": 0, ""DPH"": 0.02, ""ORH"": 0, ""DHSR"": 0, ""DCFW"": 0, ""DMHDDSUS"": 0, ""OSEC"": 0.03, ""DSS"": 0, ""DCDEE"": 0, ""MEDICAID"": 0, ""DSOHF"": 0, ""DEIPD"": 0, ""none"": 0.95, ""DSBDHH"": 0}",0.3333,0.3,0.2167,deprioritized,P(unrelated or weak)=0.99,typesafe-ai/jev,a4b41185524e,True
1c40eecf-764a-4c6f-ad1b-3d12cc9e43d0,Leading Edge Acceleration Projects for Health IT (LEAP),forecast,moderate,0.43,"{""strong"": 0.17, ""moderate"": 0.43, ""weak"": 0.4, ""none"": 0}",G5,0.91,"{""G3"": 0, ""G2"": 0, ""G4"": 0, ""G5"": 0.91, ""G1"": 0, ""none"": 0.09}",partner,0.52,"{""ineligible"": 0.01, ""atypical"": 0.37, ""partner"": 0.52, ""unclear"": 0, ""lead"": 0.1}",OSEC,0.73,"{""DEIPD"": 0, ""DAGING"": 0, ""DSBDHH"": 0, ""DCDEE"": 0, ""DSOHF"": 0, ""DPH"": 0.01, ""DHSR"": 0, ""DCFW"": 0, ""DMHDDSUS"": 0, ""MEDICAID"": 0.03, ""DSS"": 0, ""none"": 0.23, ""ORH"": 0, ""OSEC"": 0.73}",0.59,0.62,0.4779,deep_review,not confidently irrelevant,typesafe-ai/jev,a4b41185524e,True
1c599942-0af2-482e-a9dc-77e14021ebdc,Integrated Data Systems & Services (IDSS),open,none,0.81,"{""weak"": 0.18, ""strong"": 0, ""none"": 0.81, ""moderate"": 0.01}",none,0.72,"{""G2"": 0, ""G5"": 0.28, ""G3"": 0, ""G4"": 0, ""none"": 0.72, ""G1"": 0}",ineligible,0.88,"{""partner"": 0.07, ""ineligible"": 0.88, ""lead"": 0, ""atypical"": 0.05, ""unclear"": 0}",none,0.81,"{""DAGING"": 0, ""DSBDHH"": 0, ""DSS"": 0, ""none"": 0.81, ""ORH"": 0, ""OSEC"": 0.19, ""DPH"": 0, ""DCFW"": 0, ""DMHDDSUS"": 0, ""DEIPD"": 0, ""DHSR"": 0, ""DCDEE"": 0, ""MEDICAID"": 0, ""DSOHF"": 0}",0.0667,0.07,0.0357,deprioritized,P(unrelated or weak)=0.99,typesafe-ai/jev,a4b41185524e,True
1c78cc36-ef5b-43ad-805d-b0b46faee849,Facilitating Research at Predominantly Undergraduate Institutions:,open,none,0.56,"{""moderate"": 0, ""strong"": 0, ""none"": 0.56, ""weak"": 0.44}",none,0.99,"{""G1"": 0, ""G4"": 0.01, ""G3"": 0, ""none"": 0.99, ""G5"": 0, ""G2"": 0}",ineligible,0.77,"{""ineligible"": 0.77, ""atypical"": 0.2, ""partner"": 0.03, ""lead"": 0, ""unclear"": 0}",none,1.0,"{""DSOHF"": 0, ""ORH"": 0, ""DAGING"": 0, ""DMHDDSUS"": 0, ""MEDICAID"": 0, ""DEIPD"": 0, ""DCDEE"": 0, ""DSS"": 0, ""DPH"": 0, ""DCFW"": 0, ""DSBDHH"": 0, ""DHSR"": 0, ""OSEC"": 0, ""none"": 1}",0.1467,0.03,0.0755,deprioritized,P(unrelated or weak)=1.00,typesafe-ai/jev,a4b41185524e,True
1c7b3701-9028-4d4f-8c74-e9f1aa1b2194,Food Safety Capacity and Infrastructure Building (U2F),forecast,strong,0.65,"{""strong"": 0.65, ""weak"": 0.1, ""none"": 0.01, ""moderate"": 0.24}",G5,0.54,"{""G2"": 0, ""G3"": 0, ""G4"": 0, ""none"": 0.46, ""G1"": 0, ""G5"": 0.54}",ineligible,0.8,"{""unclear"": 0.01, ""ineligible"": 0.8, ""lead"": 0, ""atypical"": 0.07, ""partner"": 0.12}",none,0.51,"{""DCDEE"": 0.01, ""MEDICAID"": 0, ""DSS"": 0, ""OSEC"": 0, ""DSOHF"": 0, ""DHSR"": 0.01, ""DSBDHH"": 0, ""DPH"": 0.47, ""DEIPD"": 0, ""DCFW"": 0, ""DMHDDSUS"": 0, ""none"": 0.51, ""ORH"": 0, ""DAGING"": 0}",0.8433,0.12,0.4723,deep_review,not confidently irrelevant,typesafe-ai/jev,a4b41185524e,True
1c7d1763-22ce-42c2-970f-dcc8c6921c6a,DEVCOM ANALYSIS CENTER BROAD AGENCY ANNOUNCEMENT FOR APPLIED RESEARCH,open,none,1.0,"{""strong"": 0, ""moderate"": 0, ""none"": 1, ""weak"": 0}",none,0.97,"{""none"": 0.97, ""G3"": 0, ""G5"": 0.03, ""G2"": 0, ""G1"": 0, ""G4"": 0}",atypical,0.99,"{""ineligible"": 0, ""unclear"": 0, ""lead"": 0, ""partner"": 0.01, ""atypical"": 0.99}",none,0.99,"{""DHSR"": 0, ""DMHDDSUS"": 0, ""DSS"": 0, ""DEIPD"": 0, ""DSBDHH"": 0, ""DAGING"": 0, ""DCDEE"": 0, ""DCFW"": 0, ""none"": 0.99, ""MEDICAID"": 0, ""DPH"": 0, ""ORH"": 0, ""DSOHF"": 0, ""OSEC"": 0.01}",0.0,0.01,0.0,deprioritized,P(unrelated)=1.00,typesafe-ai/jev,a4b41185524e,True
1d3a1aca-46bb-4228-b6c8-a1cb58c5a746,"Engineering (ENG): Chemical, Bioengineering, Energy, and Transport Systems (CBET)",open,weak,0.85,"{""none"": 0.15, ""weak"": 0.85, ""moderate"": 0, ""strong"": 0}",none,0.98,"{""none"": 0.98, ""G5"": 0.02, ""G4"": 0, ""G1"": 0, ""G2"": 0, ""G3"": 0}",atypical,0.95,"{""atypical"": 0.95, ""ineligible"": 0, ""partner"": 0.01, ""lead"": 0, ""unclear"": 0.04}",none,1.0,"{""none"": 1, ""DSS"": 0, ""ORH"": 0, ""DSOHF"": 0, ""DPH"": 0, ""DAGING"": 0, ""MEDICAID"": 0, ""DEIPD"": 0, ""DHSR"": 0, ""DSBDHH"": 0, ""DCDEE"": 0, ""DMHDDSUS"": 0, ""DCFW"": 0, ""OSEC"": 0}",0.2833,0.01,0.1431,deprioritized,P(unrelated or weak)=1.00,typesafe-ai/jev,a4b41185524e,True
1d55627c-531e-4a60-95e0-719b256179bf,HIV Care Grant Program - Part B States/Territories Formula and AIDS Drug Assistance Program Formula and AIDS Drug Assistance Program Supplemental Awards,forecast,strong,1.0,"{""none"": 0, ""weak"": 0, ""moderate"": 0, ""strong"": 1}",G1,1.0,"{""G4"": 0, ""G1"": 1, ""G3"": 0, ""G2"": 0, ""G5"": 0, ""none"": 0}",lead,1.0,"{""partner"": 0, ""ineligible"": 0, ""lead"": 1, ""unclear"": 0, ""atypical"": 0}",DPH,0.93,"{""none"": 0.02, ""DHSR"": 0, ""DEIPD"": 0.01, ""DCFW"": 0, ""OSEC"": 0, ""DSBDHH"": 0, ""DSS"": 0, ""DCDEE"": 0, ""DSOHF"": 0, ""ORH"": 0, ""MEDICAID"": 0, ""DAGING"": 0, ""DPH"": 0.93, ""DMHDDSUS"": 0.04}",1.0,1.0,1.0,deep_review,not confidently irrelevant,typesafe-ai/jev,a4b41185524e,True
1db3894c-0156-4b3a-922a-68a33f783cf1,High-Risk Research in Biological Anthropology and Archaeology,open,none,0.79,"{""strong"": 0, ""none"": 0.79, ""moderate"": 0, ""weak"": 0.21}",none,1.0,"{""G3"": 0, ""G1"": 0, ""G2"": 0, ""G5"": 0, ""none"": 1, ""G4"": 0}",atypical,0.96,"{""unclear"": 0.03, ""lead"": 0, ""partner"": 0.01, ""atypical"": 0.96, ""ineligible"": 0}",none,1.0,"{""DPH"": 0, ""DSS"": 0, ""DAGING"": 0, ""OSEC"": 0, ""DCDEE"": 0, ""DMHDDSUS"": 0, ""DSOHF"": 0, ""MEDICAID"": 0, ""DEIPD"": 0, ""none"": 1, ""ORH"": 0, ""DCFW"": 0, ""DHSR"": 0, ""DSBDHH"": 0}",0.07,0.01,0.0353,deprioritized,P(unrelated or weak)=1.00,typesafe-ai/jev,a4b41185524e,True
1ddea6e1-5241-4cb4-819a-a3c6f7f9510e,Early Stage Testing of Pharmacologic or Neuromodulatory Device-based Interventions for the Treatment of Mental Disorders (R33- Clinical Trial Required),open,weak,0.99,"{""weak"": 0.99, ""none"": 0, ""moderate"": 0.01, ""strong"": 0}",G3,0.77,"{""G2"": 0, ""G4"": 0, ""none"": 0.23, ""G1"": 0, ""G5"": 0, ""G3"": 0.77}",atypical,0.77,"{""unclear"": 0, ""atypical"": 0.77, ""ineligible"": 0, ""lead"": 0.01, ""partner"": 0.22}",DMHDDSUS,0.51,"{""OSEC"": 0, ""ORH"": 0, ""none"": 0.44, ""DCFW"": 0, ""DMHDDSUS"": 0.51, ""DSS"": 0, ""DEIPD"": 0, ""DCDEE"": 0, ""DSOHF"": 0.05, ""DHSR"": 0, ""DPH"": 0, ""MEDICAID"": 0, ""DSBDHH"": 0, ""DAGING"": 0}",0.3367,0.23,0.207,deprioritized,P(unrelated or weak)=0.99,typesafe-ai/jev,a4b41185524e,True
1e3e98f5-c33f-4d60-b824-d16414706728,DoW Melanoma Research Program Melanoma Academy Scholar Award,open,weak,0.72,"{""strong"": 0, ""moderate"": 0, ""none"": 0.28, ""weak"": 0.72}",none,0.94,"{""G4"": 0.06, ""G5"": 0, ""G2"": 0, ""none"": 0.94, ""G3"": 0, ""G1"": 0}",atypical,0.96,"{""partner"": 0, ""lead"": 0, ""unclear"": 0.02, ""atypical"": 0.96, ""ineligible"": 0.02}",none,0.95,"{""DMHDDSUS"": 0, ""ORH"": 0, ""OSEC"": 0, ""DAGING"": 0, ""DEIPD"": 0, ""DCDEE"": 0, ""DPH"": 0.05, ""DSOHF"": 0, ""DCFW"": 0, ""MEDICAID"": 0, ""DSBDHH"": 0, ""none"": 0.95, ""DSS"": 0, ""DHSR"": 0}",0.24,0.0,0.12,deprioritized,P(unrelated or weak)=1.00,typesafe-ai/jev,a4b41185524e,True
1e7f7ee0-15b6-4fac-a5c1-7605cc242e43,Causal Hypotheses on the Oral-Systemic Health Impacts of Human Behaviors among People with Chronic Conditions (U01 Clinical Trial Not Allowed),open,weak,0.99,"{""moderate"": 0.01, ""none"": 0, ""strong"": 0, ""weak"": 0.99}",none,0.5,"{""G3"": 0.03, ""G1"": 0.45, ""G2"": 0, ""G4"": 0.01, ""none"": 0.5, ""G5"": 0.01}",atypical,0.58,"{""unclear"": 0, ""atypical"": 0.58, ""partner"": 0.4, ""lead"": 0.02, ""ineligible"": 0}",none,0.53,"{""DSOHF"": 0, ""DSS"": 0, ""DPH"": 0.43, ""none"": 0.53, ""DCDEE"": 0.01, ""MEDICAID"": 0, ""DCFW"": 0, ""DMHDDSUS"": 0.01, ""DSBDHH"": 0, ""OSEC"": 0, ""ORH"": 0.01, ""DAGING"": 0, ""DHSR"": 0.01, ""DEIPD"": 0}",0.3367,0.42,0.239,deprioritized,P(unrelated or weak)=0.99,typesafe-ai/jev,a4b41185524e,True
1f00aff3-c8ff-4121-92cd-a86f16d17a1d,Crosscutting Activities in Materials Research,open,none,0.98,"{""weak"": 0.02, ""moderate"": 0, ""none"": 0.98, ""strong"": 0}",none,0.99,"{""G1"": 0, ""G2"": 0, ""G3"": 0, ""G4"": 0.01, ""none"": 0.99, ""G5"": 0}",atypical,0.97,"{""partner"": 0, ""unclear"": 0.03, ""atypical"": 0.97, ""ineligible"": 0, ""lead"": 0}",none,1.0,"{""DSBDHH"": 0, ""DCDEE"": 0, ""DAGING"": 0, ""DSOHF"": 0, ""DEIPD"": 0, ""ORH"": 0, ""DHSR"": 0, ""DCFW"": 0, ""MEDICAID"": 0, ""none"": 1, ""DPH"": 0, ""OSEC"": 0, ""DSS"": 0, ""DMHDDSUS"": 0}",0.0067,0.0,0.0033,deprioritized,P(unrelated)=0.98,typesafe-ai/jev,a4b41185524e,True
1fc0e15a-85eb-4a37-b792-002fbfce5582,Forecast to Publish a Funding Opportunity Announcement for Cancer Epidemiology Cohorts: Building the Next Generation of Research Cohorts (U01 Clinical Trial Not Allowed),forecast,weak,0.89,"{""weak"": 0.89, ""none"": 0, ""strong"": 0.02, ""moderate"": 0.09}",none,0.68,"{""G2"": 0, ""G3"": 0, ""none"": 0.68, ""G1"": 0.27, ""G4"": 0.02, ""G5"": 0.02}",partner,0.62,"{""lead"": 0, ""unclear"": 0.01, ""ineligible"": 0, ""atypical"": 0.37, ""partner"": 0.62}",DPH,0.9,"{""MEDICAID"": 0, ""DPH"": 0.9, ""OSEC"": 0, ""DMHDDSUS"": 0, ""DSBDHH"": 0, ""ORH"": 0, ""DHSR"": 0, ""DSOHF"": 0, ""none"": 0.09, ""DEIPD"": 0, ""DAGING"": 0, ""DCDEE"": 0.01, ""DSS"": 0, ""DCFW"": 0}",0.3767,0.62,0.3051,deep_review,not confidently irrelevant,typesafe-ai/jev,a4b41185524e,True
1fd3d671-8469-40ac-bbd6-adac625cf082,Dissemination and Implementation Research in Health (R01 Clinical Trial Optional),open,weak,0.61,"{""weak"": 0.61, ""none"": 0, ""strong"": 0.06, ""moderate"": 0.33}",G5,0.5,"{""none"": 0.37, ""G5"": 0.5, ""G2"": 0, ""G1"": 0.11, ""G3"": 0.01, ""G4"": 0.01}",atypical,0.55,"{""ineligible"": 0, ""partner"": 0.43, ""lead"": 0.02, ""unclear"": 0, ""atypical"": 0.55}",none,0.53,"{""DSOHF"": 0, ""OSEC"": 0.01, ""ORH"": 0.02, ""DCDEE"": 0, ""DCFW"": 0, ""none"": 0.53, ""MEDICAID"": 0.01, ""DAGING"": 0, ""DMHDDSUS"": 0.03, ""DEIPD"": 0, ""DSS"": 0, ""DHSR"": 0.01, ""DSBDHH"": 0, ""DPH"": 0.39}",0.4833,0.45,0.3504,deep_review,not confidently irrelevant,typesafe-ai/jev,a4b41185524e,True
200e5096-2748-4552-8b0a-b49290c94a8a,Clinical Trials Addressing Unmet Needs of Rare Neurodegenerative Diseases (R01) Clinical Trials Required,forecast,weak,1.0,"{""weak"": 1, ""strong"": 0, ""moderate"": 0, ""none"": 0}",none,0.47,"{""G1"": 0.46, ""none"": 0.47, ""G4"": 0, ""G3"": 0, ""G2"": 0.06, ""G5"": 0.01}",atypical,0.77,"{""lead"": 0, ""partner"": 0.22, ""unclear"": 0.01, ""ineligible"": 0, ""atypical"": 0.77}",none,0.88,"{""OSEC"": 0, ""DPH"": 0.07, ""DSBDHH"": 0, ""DCDEE"": 0, ""none"": 0.88, ""DAGING"": 0, ""ORH"": 0, ""DMHDDSUS"": 0.02, ""DHSR"": 0.01, ""MEDICAID"": 0, ""DSOHF"": 0.02, ""DCFW"": 0, ""DEIPD"": 0, ""DSS"": 0}",0.3333,0.22,0.2033,deprioritized,P(unrelated or weak)=1.00,typesafe-ai/jev,a4b41185524e,True
20862d9b-ae61-4d0b-bcc6-7d10c51b2d88,"DoW Spinal Cord Injury, Investigator-Initiated Research Award",open,weak,0.82,"{""weak"": 0.82, ""none"": 0.18, ""strong"": 0, ""moderate"": 0}",none,0.62,"{""G1"": 0.38, ""G5"": 0, ""G2"": 0, ""none"": 0.62, ""G3"": 0, ""G4"": 0}",atypical,0.89,"{""ineligible"": 0, ""partner"": 0.03, ""lead"": 0, ""unclear"": 0.08, ""atypical"": 0.89}",none,0.9,"{""ORH"": 0, ""OSEC"": 0, ""DSOHF"": 0.01, ""MEDICAID"": 0, ""DCFW"": 0, ""none"": 0.9, ""DAGING"": 0, ""DCDEE"": 0, ""DMHDDSUS"": 0.01, ""DEIPD"": 0.05, ""DPH"": 0.03, ""DHSR"": 0, ""DSBDHH"": 0, ""DSS"": 0}",0.2733,0.03,0.1408,deprioritized,P(unrelated or weak)=1.00,typesafe-ai/jev,a4b41185524e,True
2089145c-76c9-473b-b5c0-4bf4035831d8,Call for Proposals – Workshops to Stop the Spread of mis/disinformation,forecast,none,0.93,"{""none"": 0.93, ""moderate"": 0, ""weak"": 0.07, ""strong"": 0}",none,1.0,"{""G4"": 0, ""none"": 1, ""G2"": 0, ""G1"": 0, ""G5"": 0, ""G3"": 0}",ineligible,0.85,"{""partner"": 0.04, ""ineligible"": 0.85, ""lead"": 0, ""unclear"": 0, ""atypical"": 0.11}",none,0.97,"{""DSOHF"": 0, ""DHSR"": 0, ""DEIPD"": 0, ""DCFW"": 0, ""OSEC"": 0.01, ""DSBDHH"": 0, ""none"": 0.97, ""DCDEE"": 0, ""DSS"": 0, ""ORH"": 0, ""MEDICAID"": 0, ""DAGING"": 0, ""DPH"": 0.02, ""DMHDDSUS"": 0}",0.0233,0.04,0.0121,deprioritized,P(unrelated)=0.93,typesafe-ai/jev,a4b41185524e,True
208b9a8e-5bff-4b80-b713-4e597a525d5a,USDA/USDOI Joint Fire Science Program (JFSP),forecast,none,0.71,"{""none"": 0.71, ""strong"": 0, ""moderate"": 0.01, ""weak"": 0.28}",none,0.97,"{""G3"": 0, ""none"": 0.97, ""G2"": 0, ""G1"": 0.02, ""G4"": 0, ""G5"": 0.01}",atypical,0.84,"{""unclear"": 0, ""partner"": 0.15, ""lead"": 0.01, ""ineligible"": 0, ""atypical"": 0.84}",none,0.93,"{""DMHDDSUS"": 0, ""none"": 0.93, ""OSEC"": 0, ""DSS"": 0, ""DCFW"": 0, ""DHSR"": 0, ""DPH"": 0.06, ""ORH"": 0, ""DCDEE"": 0.01, ""DSOHF"": 0, ""DEIPD"": 0, ""DSBDHH"": 0, ""DAGING"": 0, ""MEDICAID"": 0}",0.1,0.16,0.058,deprioritized,P(unrelated or weak)=0.99,typesafe-ai/jev,a4b41185524e,True
21233413-5552-4311-8eab-96ec6d16d288,Forecast to Publish a Notice of Funding Opportunity for SBIR Phase IIB Bridge Awards to Accelerate the Development of Cancer-Relevant Technologies Toward Commercialization (R44 Clinical Trial Optional),forecast,weak,0.99,"{""weak"": 0.99, ""moderate"": 0, ""none"": 0.01, ""strong"": 0}",none,0.93,"{""G2"": 0, ""G4"": 0, ""none"": 0.93, ""G5"": 0.05, ""G1"": 0.01, ""G3"": 0}",atypical,0.98,"{""atypical"": 0.98, ""lead"": 0, ""unclear"": 0, ""partner"": 0.01, ""ineligible"": 0.01}",none,0.99,"{""DSBDHH"": 0, ""DCDEE"": 0, ""DPH"": 0.01, ""none"": 0.99, ""DAGING"": 0, ""DCFW"": 0, ""DSOHF"": 0, ""MEDICAID"": 0, ""DSS"": 0, ""DMHDDSUS"": 0, ""DHSR"": 0, ""OSEC"": 0, ""ORH"": 0, ""DEIPD"": 0}",0.33,0.01,0.1666,deprioritized,P(unrelated or weak)=1.00,typesafe-ai/jev,a4b41185524e,True
213b091b-76cd-4987-ad5f-beeaf8939fc7,F26AS00068 Partners for Fish and Wildlife FY26,open,none,0.97,"{""moderate"": 0, ""strong"": 0, ""weak"": 0.03, ""none"": 0.97}",none,1.0,"{""G5"": 0, ""G4"": 0, ""G1"": 0, ""G2"": 0, ""none"": 1, ""G3"": 0}",atypical,0.8,"{""unclear"": 0, ""atypical"": 0.8, ""ineligible"": 0.09, ""lead"": 0.03, ""partner"": 0.08}",none,0.98,"{""DSBDHH"": 0, ""DSOHF"": 0, ""DEIPD"": 0, ""DCFW"": 0, ""DHSR"": 0, ""none"": 0.98, ""DCDEE"": 0.01, ""DMHDDSUS"": 0, ""OSEC"": 0, ""DPH"": 0.01, ""ORH"": 0, ""DAGING"": 0, ""MEDICAID"": 0, ""DSS"": 0}",0.01,0.11,0.0055,deprioritized,P(unrelated)=0.97,typesafe-ai/jev,a4b41185524e,True
21641587-9295-49dc-811b-95337df4af5c,Advanced Development of Informatics Technologies for Cancer Research and Management (U24 Clinical Trial Optional),open,weak,0.94,"{""strong"": 0.01, ""moderate"": 0.05, ""none"": 0, ""weak"": 0.94}",G5,0.59,"{""none"": 0.38, ""G3"": 0, ""G4"": 0, ""G2"": 0, ""G1"": 0.03, ""G5"": 0.59}",atypical,0.64,"{""ineligible"": 0, ""unclear"": 0, ""lead"": 0, ""partner"": 0.36, ""atypical"": 0.64}",DPH,0.47,"{""OSEC"": 0.07, ""DSOHF"": 0, ""DSS"": 0, ""DEIPD"": 0, ""DSBDHH"": 0, ""DAGING"": 0, ""DHSR"": 0, ""DCFW"": 0, ""none"": 0.45, ""MEDICAID"": 0, ""DPH"": 0.47, ""DCDEE"": 0.01, ""ORH"": 0, ""DMHDDSUS"": 0}",0.3567,0.36,0.2425,deep_review,not confidently irrelevant,typesafe-ai/jev,a4b41185524e,True
217a3975-7543-445d-9638-8026297a75c4,The National Network of STI Prevention Training Centers (NNPTC),forecast,strong,0.92,"{""weak"": 0.01, ""strong"": 0.92, ""moderate"": 0.07, ""none"": 0}",G1,0.77,"{""G3"": 0, ""G1"": 0.77, ""G5"": 0.02, ""G2"": 0, ""G4"": 0.12, ""none"": 0.09}",partner,0.56,"{""ineligible"": 0, ""partner"": 0.56, ""unclear"": 0.02, ""lead"": 0.18, ""atypical"": 0.24}",DPH,1.0,"{""ORH"": 0, ""DHSR"": 0, ""DAGING"": 0, ""DPH"": 1, ""DCFW"": 0, ""DSS"": 0, ""OSEC"": 0, ""MEDICAID"": 0, ""DCDEE"": 0, ""DMHDDSUS"": 0, ""DSOHF"": 0, ""DSBDHH"": 0, ""none"": 0, ""DEIPD"": 0}",0.97,0.74,0.8439,deep_review,not confidently irrelevant,typesafe-ai/jev,a4b41185524e,True
218d4960-fe80-4c76-b69f-aeddf8d9a404,KUH P30 Resource Core Center (P30 Clinical Trial Not Allowed),forecast,weak,1.0,"{""weak"": 1, ""strong"": 0, ""none"": 0, ""moderate"": 0}",none,0.9,"{""G3"": 0, ""G1"": 0.02, ""G5"": 0.07, ""G2"": 0, ""G4"": 0.01, ""none"": 0.9}",atypical,0.56,"{""ineligible"": 0.02, ""unclear"": 0, ""atypical"": 0.56, ""lead"": 0.01, ""partner"": 0.41}",none,0.85,"{""ORH"": 0.01, ""DPH"": 0.12, ""DAGING"": 0, ""DHSR"": 0, ""DCFW"": 0, ""MEDICAID"": 0, ""OSEC"": 0.01, ""DMHDDSUS"": 0, ""DCDEE"": 0, ""DSS"": 0, ""DSOHF"": 0.01, ""DSBDHH"": 0, ""none"": 0.85, ""DEIPD"": 0}",0.3333,0.42,0.2367,deprioritized,P(unrelated or weak)=1.00,typesafe-ai/jev,a4b41185524e,True
21c3a631-26bb-47eb-84aa-82af46b5f732,Countering Violent Extremism Small Grants Program FY2023,forecast,none,0.97,"{""moderate"": 0, ""strong"": 0, ""none"": 0.97, ""weak"": 0.03}",none,1.0,"{""G5"": 0, ""G1"": 0, ""G2"": 0, ""G3"": 0, ""none"": 1, ""G4"": 0}",ineligible,1.0,"{""unclear"": 0, ""atypical"": 0, ""partner"": 0, ""ineligible"": 1, ""lead"": 0}",none,1.0,"{""DSBDHH"": 0, ""DSOHF"": 0, ""DAGING"": 0, ""ORH"": 0, ""DCDEE"": 0, ""DMHDDSUS"": 0, ""DPH"": 0, ""DEIPD"": 0, ""DHSR"": 0, ""DCFW"": 0, ""DSS"": 0, ""OSEC"": 0, ""MEDICAID"": 0, ""none"": 1}",0.01,0.0,0.005,deprioritized,P(unrelated)=0.97,typesafe-ai/jev,a4b41185524e,True
21ccecb2-8a6f-4783-adac-ce03dea6023e,GROWING CONVERGENCE RESEARCH,open,weak,0.6,"{""moderate"": 0.01, ""none"": 0.39, ""strong"": 0, ""weak"": 0.6}",none,0.87,"{""G1"": 0, ""G2"": 0, ""G3"": 0, ""G4"": 0.01, ""G5"": 0.12, ""none"": 0.87}",ineligible,0.66,"{""atypical"": 0.1, ""ineligible"": 0.66, ""lead"": 0, ""partner"": 0.24, ""unclear"": 0}",none,0.81,"{""DAGING"": 0, ""DCDEE"": 0, ""DCFW"": 0, ""DEIPD"": 0, ""DHSR"": 0, ""DMHDDSUS"": 0.01, ""DPH"": 0.14, ""DSBDHH"": 0, ""DSOHF"": 0, ""DSS"": 0, ""MEDICAID"": 0, ""ORH"": 0, ""OSEC"": 0.03, ""none"": 0.81}",0.2067,0.24,0.1281,deprioritized,P(unrelated or weak)=0.99,typesafe-ai/jev,a4b41185524e,True
21da5065-001b-4b0f-9045-3e1f789de123,Public Diplomacy Small Grants Program,forecast,none,1.0,"{""moderate"": 0, ""none"": 1, ""strong"": 0, ""weak"": 0}",none,1.0,"{""G1"": 0, ""G2"": 0, ""G3"": 0, ""G4"": 0, ""G5"": 0, ""none"": 1}",ineligible,0.95,"{""atypical"": 0.03, ""ineligible"": 0.95, ""lead"": 0, ""partner"": 0.02, ""unclear"": 0}",none,1.0,"{""DAGING"": 0, ""DCDEE"": 0, ""DCFW"": 0, ""DEIPD"": 0, ""DHSR"": 0, ""DMHDDSUS"": 0, ""DPH"": 0, ""DSBDHH"": 0, ""DSOHF"": 0, ""DSS"": 0, ""MEDICAID"": 0, ""ORH"": 0, ""OSEC"": 0, ""none"": 1}",0.0,0.02,0.0,deprioritized,P(unrelated)=1.00,typesafe-ai/jev,a4b41185524e,True
22227ca0-7530-42d3-858a-473b82a81d80,Retail Food Safety Regulatory Association Collaboration,forecast,strong,0.55,"{""weak"": 0.16, ""none"": 0.01, ""strong"": 0.55, ""moderate"": 0.27}",none,0.6,"{""G1"": 0.06, ""G5"": 0.32, ""G2"": 0, ""none"": 0.6, ""G3"": 0, ""G4"": 0.02}",ineligible,0.56,"{""ineligible"": 0.56, ""partner"": 0.43, ""lead"": 0, ""unclear"": 0, ""atypical"": 0.01}",DPH,0.47,"{""DSOHF"": 0, ""OSEC"": 0, ""ORH"": 0, ""DAGING"": 0, ""DCFW"": 0.01, ""none"": 0.45, ""DCDEE"": 0.01, ""MEDICAID"": 0, ""DMHDDSUS"": 0, ""DHSR"": 0.06, ""DSS"": 0, ""DEIPD"": 0, ""DSBDHH"": 0, ""DPH"": 0.47}",0.7833,0.43,0.5601,deep_review,not confidently irrelevant,typesafe-ai/jev,a4b41185524e,True
22493742-3682-4c42-8539-5107fa7c561e,Toolkits for Dissemination of Genomic Technologies,forecast,weak,0.99,"{""moderate"": 0.01, ""strong"": 0, ""none"": 0, ""weak"": 0.99}",none,0.76,"{""G1"": 0.02, ""G2"": 0, ""G4"": 0.02, ""none"": 0.76, ""G5"": 0.2, ""G3"": 0}",atypical,0.88,"{""atypical"": 0.88, ""ineligible"": 0.03, ""unclear"": 0, ""partner"": 0.08, ""lead"": 0.01}",none,0.69,"{""DSBDHH"": 0, ""DAGING"": 0, ""DHSR"": 0, ""DCFW"": 0, ""DMHDDSUS"": 0, ""MEDICAID"": 0, ""DCDEE"": 0.01, ""DSOHF"": 0, ""DEIPD"": 0, ""ORH"": 0, ""DPH"": 0.3, ""none"": 0.69, ""OSEC"": 0, ""DSS"": 0}",0.3367,0.09,0.1835,deprioritized,P(unrelated or weak)=0.99,typesafe-ai/jev,a4b41185524e,True
224cb740-46ae-4eab-bdb5-d858638ee591,Fair Housing Initiatives Program - Education and Outreach Initiative,open,weak,0.46,"{""weak"": 0.46, ""none"": 0.23, ""moderate"": 0.22, ""strong"": 0.09}",none,0.48,"{""G4"": 0.01, ""G3"": 0, ""none"": 0.48, ""G5"": 0, ""G2"": 0.07, ""G1"": 0.44}",atypical,0.63,"{""ineligible"": 0.02, ""lead"": 0.09, ""atypical"": 0.63, ""partner"": 0.26, ""unclear"": 0}",none,0.85,"{""MEDICAID"": 0, ""DHSR"": 0.01, ""DCFW"": 0, ""DSOHF"": 0, ""none"": 0.85, ""DSS"": 0.1, ""DAGING"": 0, ""DPH"": 0, ""DSBDHH"": 0, ""OSEC"": 0.03, ""ORH"": 0, ""DMHDDSUS"": 0, ""DEIPD"": 0.01, ""DCDEE"": 0}",0.39,0.35,0.2633,deep_review,not confidently irrelevant,typesafe-ai/jev,a4b41185524e,True
2288fb30-cdca-431b-b6a8-7b30e611fdab,Partnership for Disaster Health Response System,forecast,strong,0.9,"{""moderate"": 0.1, ""none"": 0, ""strong"": 0.9, ""weak"": 0}",G5,0.55,"{""G2"": 0, ""none"": 0.29, ""G4"": 0.01, ""G5"": 0.55, ""G1"": 0.15, ""G3"": 0}",partner,0.5,"{""partner"": 0.5, ""lead"": 0.47, ""unclear"": 0, ""atypical"": 0.03, ""ineligible"": 0}",DPH,0.91,"{""DAGING"": 0, ""ORH"": 0, ""DSOHF"": 0, ""MEDICAID"": 0, ""DEIPD"": 0, ""DCDEE"": 0, ""DSS"": 0, ""DHSR"": 0.08, ""none"": 0.01, ""DCFW"": 0, ""OSEC"": 0, ""DSBDHH"": 0, ""DMHDDSUS"": 0, ""DPH"": 0.91}",0.9667,0.97,0.9522,deep_review,not confidently irrelevant,typesafe-ai/jev,a4b41185524e,True
22cd6481-2f7c-4e91-9706-9e5c6f47978d,Ensuring Research Integrity - Research on Research Integrity (RRI),forecast,weak,0.92,"{""weak"": 0.92, ""moderate"": 0.06, ""none"": 0.02, ""strong"": 0}",none,0.67,"{""G3"": 0, ""none"": 0.67, ""G2"": 0, ""G5"": 0.31, ""G1"": 0, ""G4"": 0.02}",atypical,0.92,"{""unclear"": 0, ""atypical"": 0.92, ""lead"": 0.01, ""ineligible"": 0, ""partner"": 0.07}",none,0.63,"{""DEIPD"": 0, ""ORH"": 0.01, ""MEDICAID"": 0, ""DSBDHH"": 0, ""DMHDDSUS"": 0, ""DPH"": 0.1, ""DSOHF"": 0, ""DCDEE"": 0, ""DAGING"": 0, ""none"": 0.63, ""DSS"": 0, ""DHSR"": 0.02, ""DCFW"": 0, ""OSEC"": 0.24}",0.3467,0.08,0.1872,deep_review,not confidently irrelevant,typesafe-ai/jev,a4b41185524e,True
22efce45-aaf7-4a38-9546-33067f7af9ec,EONS 2018: Appendix E Minority University Research and Education Project (MUREP) for Sustainability and Innovation Collaborative – (MUSIC) ,open,none,0.99,"{""strong"": 0, ""moderate"": 0, ""weak"": 0.01, ""none"": 0.99}",none,0.9,"{""G3"": 0, ""G2"": 0, ""G4"": 0.09, ""G5"": 0.01, ""G1"": 0, ""none"": 0.9}",ineligible,0.64,"{""ineligible"": 0.64, ""atypical"": 0.34, ""partner"": 0.02, ""unclear"": 0, ""lead"": 0}",none,1.0,"{""DEIPD"": 0, ""DSOHF"": 0, ""DAGING"": 0, ""DCDEE"": 0, ""DSBDHH"": 0, ""DPH"": 0, ""DHSR"": 0, ""DCFW"": 0, ""DMHDDSUS"": 0, ""MEDICAID"": 0, ""DSS"": 0, ""none"": 1, ""OSEC"": 0, ""ORH"": 0}",0.0033,0.02,0.0017,deprioritized,P(unrelated)=0.99,typesafe-ai/jev,a4b41185524e,True
22fffed1-95b8-4e7d-ae89-429de98b2f55,Applied regulatory science research to evaluate and treat cardiotoxicity of oncology therapeutics,forecast,weak,1.0,"{""strong"": 0, ""none"": 0, ""moderate"": 0, ""weak"": 1}",none,0.81,"{""G1"": 0.11, ""G3"": 0, ""G5"": 0.06, ""none"": 0.81, ""G2"": 0, ""G4"": 0.01}",atypical,0.79,"{""unclear"": 0.01, ""lead"": 0, ""partner"": 0.2, ""atypical"": 0.79, ""ineligible"": 0}",none,0.8,"{""DCDEE"": 0.01, ""DCFW"": 0, ""OSEC"": 0, ""DSBDHH"": 0, ""DEIPD"": 0, ""DMHDDSUS"": 0, ""MEDICAID"": 0, ""DSS"": 0, ""ORH"": 0, ""DSOHF"": 0.01, ""DPH"": 0.17, ""none"": 0.8, ""DAGING"": 0, ""DHSR"": 0.01}",0.3333,0.2,0.2,deprioritized,P(unrelated or weak)=1.00,typesafe-ai/jev,a4b41185524e,True
2303ae9b-348e-4881-b756-175cc744ca31,Complex Integrated Multi-Component Projects in Aging Research (U19 Clinical Trial Optional),forecast,weak,0.99,"{""weak"": 0.99, ""moderate"": 0.01, ""none"": 0, ""strong"": 0}",none,0.74,"{""G2"": 0, ""G4"": 0.01, ""none"": 0.74, ""G5"": 0, ""G1"": 0.25, ""G3"": 0}",atypical,0.68,"{""atypical"": 0.68, ""partner"": 0.28, ""unclear"": 0, ""lead"": 0.01, ""ineligible"": 0.03}",none,0.59,"{""DSBDHH"": 0, ""DSOHF"": 0, ""DPH"": 0.01, ""DCDEE"": 0, ""DAGING"": 0.4, ""DCFW"": 0, ""none"": 0.59, ""MEDICAID"": 0, ""DSS"": 0, ""DEIPD"": 0, ""DHSR"": 0, ""OSEC"": 0, ""ORH"": 0, ""DMHDDSUS"": 0}",0.3367,0.29,0.2171,deprioritized,P(unrelated or weak)=0.99,typesafe-ai/jev,a4b41185524e,True
236f5081-4961-446a-ab89-945c7ad717dc,"Catalyze: Product Definition for Small Molecules, Biologics and Combination Products - Target Identification and Validation, and Preliminary Product/Lead Series Identification (R61/R33  Clinical Trials Not Allowed)",open,weak,1.0,"{""weak"": 1, ""moderate"": 0, ""strong"": 0, ""none"": 0}",none,0.89,"{""G3"": 0, ""G4"": 0.02, ""G1"": 0.05, ""none"": 0.89, ""G5"": 0.04, ""G2"": 0}",atypical,0.9,"{""lead"": 0, ""ineligible"": 0, ""unclear"": 0, ""atypical"": 0.9, ""partner"": 0.1}",none,0.92,"{""DAGING"": 0, ""MEDICAID"": 0, ""DCFW"": 0, ""DSOHF"": 0, ""OSEC"": 0, ""DSS"": 0, ""DHSR"": 0, ""DMHDDSUS"": 0, ""DPH"": 0.08, ""ORH"": 0, ""DEIPD"": 0, ""DCDEE"": 0, ""DSBDHH"": 0, ""none"": 0.92}",0.3333,0.1,0.1833,deprioritized,P(unrelated or weak)=1.00,typesafe-ai/jev,a4b41185524e,True
23a356f5-2b12-4891-a251-d01db68c7582,Multi-Site Investigator-Initiated Clinical Trials (Collaborative UG3/UH3 Clinical Trial Required),forecast,weak,0.98,"{""weak"": 0.98, ""strong"": 0, ""moderate"": 0.02, ""none"": 0}",none,0.81,"{""G5"": 0.07, ""G3"": 0, ""G2"": 0, ""G1"": 0.1, ""none"": 0.81, ""G4"": 0.01}",atypical,0.67,"{""lead"": 0, ""ineligible"": 0.03, ""partner"": 0.3, ""atypical"": 0.67, ""unclear"": 0}",none,0.79,"{""DSBDHH"": 0, ""DCDEE"": 0.01, ""OSEC"": 0.01, ""DEIPD"": 0, ""DCFW"": 0, ""MEDICAID"": 0, ""DSS"": 0, ""DAGING"": 0, ""DSOHF"": 0.02, ""DPH"": 0.14, ""ORH"": 0.01, ""DMHDDSUS"": 0.01, ""none"": 0.79, ""DHSR"": 0.01}",0.34,0.3,0.221,deprioritized,P(unrelated or weak)=0.98,typesafe-ai/jev,a4b41185524e,True
23b80a6d-ae96-4b02-b4ae-69093f8939d5,Core State Injury Prevention Program (Core SIPP),forecast,strong,1.0,"{""moderate"": 0, ""none"": 0, ""strong"": 1, ""weak"": 0}",G1,0.55,"{""G1"": 0.55, ""G2"": 0.02, ""G3"": 0, ""G4"": 0.01, ""G5"": 0.25, ""none"": 0.17}",partner,0.67,"{""atypical"": 0.01, ""ineligible"": 0, ""lead"": 0.32, ""partner"": 0.67, ""unclear"": 0}",DPH,1.0,"{""DAGING"": 0, ""DCDEE"": 0, ""DCFW"": 0, ""DEIPD"": 0, ""DHSR"": 0, ""DMHDDSUS"": 0, ""DPH"": 1, ""DSBDHH"": 0, ""DSOHF"": 0, ""DSS"": 0, ""MEDICAID"": 0, ""ORH"": 0, ""OSEC"": 0, ""none"": 0}",1.0,0.99,0.995,deep_review,not confidently irrelevant,typesafe-ai/jev,a4b41185524e,True
23c43106-a9ec-4391-836c-fe2074d19df9,Intramural - Extramural Collaboration for Advanced 3-D Tissue Models for Drug Screening (Clinical Trial Not Allowed),forecast,weak,1.0,"{""none"": 0, ""moderate"": 0, ""weak"": 1, ""strong"": 0}",none,0.8,"{""G4"": 0, ""G1"": 0, ""G2"": 0, ""G3"": 0, ""G5"": 0.2, ""none"": 0.8}",atypical,0.92,"{""partner"": 0.08, ""ineligible"": 0, ""lead"": 0, ""unclear"": 0, ""atypical"": 0.92}",none,0.95,"{""none"": 0.95, ""DHSR"": 0, ""DEIPD"": 0, ""DCFW"": 0, ""OSEC"": 0, ""DSBDHH"": 0, ""DSOHF"": 0.01, ""DCDEE"": 0, ""DSS"": 0, ""ORH"": 0, ""MEDICAID"": 0, ""DAGING"": 0, ""DPH"": 0.04, ""DMHDDSUS"": 0}",0.3333,0.08,0.18,deprioritized,P(unrelated or weak)=1.00,typesafe-ai/jev,a4b41185524e,True
23d60eec-baee-4017-9697-0d41cfbacb18,HEAL INITIATIVE: INTERACT Data Coordination and Integration Center (U24 Clinical Trial Not Allowed),open,weak,0.97,"{""strong"": 0.01, ""weak"": 0.97, ""none"": 0, ""moderate"": 0.02}",none,0.67,"{""G4"": 0.01, ""none"": 0.67, ""G5"": 0.28, ""G2"": 0, ""G3"": 0.02, ""G1"": 0.02}",atypical,0.62,"{""ineligible"": 0, ""unclear"": 0, ""partner"": 0.37, ""lead"": 0.01, ""atypical"": 0.62}",none,0.72,"{""DSBDHH"": 0, ""DMHDDSUS"": 0.08, ""DCDEE"": 0, ""none"": 0.72, ""DAGING"": 0, ""DEIPD"": 0, ""DSOHF"": 0, ""ORH"": 0, ""DCFW"": 0, ""OSEC"": 0.09, ""DPH"": 0.1, ""DHSR"": 0.01, ""DSS"": 0, ""MEDICAID"": 0}",0.3467,0.38,0.2392,deprioritized,P(unrelated or weak)=0.97,typesafe-ai/jev,a4b41185524e,True
23edd3f8-80e8-4537-b9ba-d0b852b29deb,National Biomedical Research Centers (P50 Clinical Trial Optional),forecast,weak,1.0,"{""none"": 0, ""weak"": 1, ""moderate"": 0, ""strong"": 0}",none,0.85,"{""G5"": 0.14, ""G2"": 0, ""none"": 0.85, ""G3"": 0, ""G4"": 0.01, ""G1"": 0}",atypical,0.79,"{""atypical"": 0.79, ""partner"": 0.15, ""lead"": 0.01, ""ineligible"": 0.05, ""unclear"": 0}",none,0.92,"{""none"": 0.92, ""DCFW"": 0, ""MEDICAID"": 0, ""DSS"": 0, ""DAGING"": 0, ""DSBDHH"": 0, ""DEIPD"": 0, ""ORH"": 0, ""DPH"": 0.05, ""DMHDDSUS"": 0, ""DSOHF"": 0.02, ""DHSR"": 0, ""OSEC"": 0.01, ""DCDEE"": 0}",0.3333,0.16,0.1933,deprioritized,P(unrelated or weak)=1.00,typesafe-ai/jev,a4b41185524e,True
2428d7a5-a82f-456f-88ed-9eb6a3fd91e0,EMERGING FRONTIERS IN RESEARCH AND INNOVATION (EFRI-2026/27): Wave-Based Computing ( EFRI-WBC),open,none,0.99,"{""moderate"": 0, ""strong"": 0, ""none"": 0.99, ""weak"": 0.01}",none,0.98,"{""G5"": 0.02, ""G1"": 0, ""none"": 0.98, ""G2"": 0, ""G3"": 0, ""G4"": 0}",ineligible,0.91,"{""partner"": 0.02, ""unclear"": 0, ""lead"": 0, ""atypical"": 0.07, ""ineligible"": 0.91}",none,1.0,"{""DSOHF"": 0, ""DSBDHH"": 0, ""DSS"": 0, ""DHSR"": 0, ""DAGING"": 0, ""DCFW"": 0, ""DMHDDSUS"": 0, ""DPH"": 0, ""MEDICAID"": 0, ""OSEC"": 0, ""none"": 1, ""DEIPD"": 0, ""DCDEE"": 0, ""ORH"": 0}",0.0033,0.02,0.0017,deprioritized,P(unrelated)=0.99,typesafe-ai/jev,a4b41185524e,True
244cf955-4008-424f-9704-2fe634e8eeb9,Health Equity Innovation Award: Enhance Equity Funding Opportunity (U01) Clinical Trials Not Allowed,forecast,weak,0.8,"{""strong"": 0.06, ""moderate"": 0.14, ""none"": 0, ""weak"": 0.8}",G1,0.94,"{""none"": 0.06, ""G3"": 0, ""G4"": 0, ""G2"": 0, ""G1"": 0.94, ""G5"": 0}",partner,0.51,"{""ineligible"": 0, ""unclear"": 0.04, ""lead"": 0.02, ""partner"": 0.51, ""atypical"": 0.43}",DPH,0.53,"{""DMHDDSUS"": 0, ""OSEC"": 0.02, ""DSS"": 0, ""DEIPD"": 0, ""DSBDHH"": 0, ""DAGING"": 0, ""DPH"": 0.53, ""DCFW"": 0, ""none"": 0.41, ""MEDICAID"": 0, ""DSOHF"": 0, ""ORH"": 0.02, ""DCDEE"": 0.01, ""DHSR"": 0.01}",0.42,0.53,0.3213,deep_review,not confidently irrelevant,typesafe-ai/jev,a4b41185524e,True
24972c0e-9015-40ed-b637-12ebde1e5066,Single Source for Chronic Kidney Diseases of UnceRtain Etiology (CKDu) in Agricultural Communities (CURE) Research Consortium - Data Coordinating Center (DCC),forecast,weak,0.96,"{""weak"": 0.96, ""none"": 0.01, ""moderate"": 0.03, ""strong"": 0}",none,0.61,"{""G5"": 0.06, ""G4"": 0.01, ""none"": 0.61, ""G3"": 0, ""G2"": 0, ""G1"": 0.32}",atypical,0.52,"{""lead"": 0.01, ""unclear"": 0.01, ""ineligible"": 0.03, ""atypical"": 0.52, ""partner"": 0.43}",none,0.53,"{""DHSR"": 0, ""DSS"": 0, ""DPH"": 0.44, ""OSEC"": 0.01, ""DMHDDSUS"": 0, ""DCFW"": 0, ""DCDEE"": 0.01, ""DEIPD"": 0, ""DAGING"": 0, ""DSBDHH"": 0, ""none"": 0.53, ""DSOHF"": 0, ""ORH"": 0.01, ""MEDICAID"": 0}",0.34,0.44,0.2448,deprioritized,P(unrelated or weak)=0.97,typesafe-ai/jev,a4b41185524e,True
249fc5ce-1932-4e73-a660-4e1a5582ecfe,CHIPS Research and Development Office (CRDO) Broad Agency Announcement (BAA),open,none,0.99,"{""weak"": 0.01, ""none"": 0.99, ""moderate"": 0, ""strong"": 0}",none,0.98,"{""G3"": 0, ""none"": 0.98, ""G2"": 0, ""G4"": 0, ""G1"": 0, ""G5"": 0.02}",atypical,0.75,"{""unclear"": 0, ""atypical"": 0.75, ""lead"": 0.01, ""ineligible"": 0.22, ""partner"": 0.02}",none,0.99,"{""DEIPD"": 0, ""ORH"": 0, ""MEDICAID"": 0, ""DSBDHH"": 0, ""DPH"": 0, ""DMHDDSUS"": 0, ""DSOHF"": 0, ""DCDEE"": 0, ""DAGING"": 0, ""none"": 0.99, ""DSS"": 0, ""DHSR"": 0, ""DCFW"": 0, ""OSEC"": 0.01}",0.0033,0.03,0.0017,deprioritized,P(unrelated)=0.99,typesafe-ai/jev,a4b41185524e,True
24e288b3-ec28-4135-b845-37ace28563e3,Advanced Development and Validation of Emerging Technologies for Basic and Clinical Cancer Research (R33 Clinical Trial Not Allowed),open,weak,1.0,"{""none"": 0, ""moderate"": 0, ""weak"": 1, ""strong"": 0}",none,0.73,"{""G4"": 0.01, ""none"": 0.73, ""G3"": 0, ""G1"": 0.07, ""G5"": 0.19, ""G2"": 0}",atypical,0.81,"{""partner"": 0.19, ""ineligible"": 0, ""lead"": 0, ""unclear"": 0, ""atypical"": 0.81}",none,0.67,"{""DSOHF"": 0, ""DHSR"": 0, ""DEIPD"": 0, ""DSS"": 0, ""OSEC"": 0, ""ORH"": 0, ""none"": 0.67, ""DCDEE"": 0.01, ""DCFW"": 0, ""MEDICAID"": 0, ""DSBDHH"": 0, ""DAGING"": 0, ""DPH"": 0.32, ""DMHDDSUS"": 0}",0.3333,0.19,0.1983,deprioritized,P(unrelated or weak)=1.00,typesafe-ai/jev,a4b41185524e,True
24e694ee-a9d9-4231-9b02-b4ad438ea211,Cellular Senescence Network (SenNet):Technology Projects (UG3/UH3 Clinical Trial Not Allowed),forecast,weak,1.0,"{""none"": 0, ""weak"": 1, ""moderate"": 0, ""strong"": 0}",none,0.93,"{""G4"": 0, ""none"": 0.93, ""G3"": 0, ""G2"": 0, ""G5"": 0.05, ""G1"": 0.02}",atypical,0.81,"{""partner"": 0.18, ""ineligible"": 0, ""lead"": 0, ""unclear"": 0.01, ""atypical"": 0.81}",none,0.91,"{""DSOHF"": 0, ""MEDICAID"": 0, ""DEIPD"": 0, ""DCFW"": 0, ""OSEC"": 0, ""ORH"": 0, ""DHSR"": 0, ""DCDEE"": 0, ""DSBDHH"": 0, ""DSS"": 0, ""none"": 0.91, ""DAGING"": 0.03, ""DPH"": 0.06, ""DMHDDSUS"": 0}",0.3333,0.18,0.1967,deprioritized,P(unrelated or weak)=1.00,typesafe-ai/jev,a4b41185524e,True
2517b9bd-136a-4f0f-a7b2-56834de11a1c,FY 2023 Disaster Supplemental,open,none,0.69,"{""weak"": 0.27, ""none"": 0.69, ""moderate"": 0.03, ""strong"": 0.01}",none,0.93,"{""G4"": 0.02, ""G3"": 0, ""none"": 0.93, ""G1"": 0.01, ""G2"": 0, ""G5"": 0.03}",partner,0.51,"{""ineligible"": 0.07, ""lead"": 0.06, ""atypical"": 0.36, ""partner"": 0.51, ""unclear"": 0}",none,0.92,"{""DSOHF"": 0, ""DHSR"": 0, ""DCFW"": 0, ""DPH"": 0.01, ""none"": 0.92, ""DSS"": 0, ""DAGING"": 0, ""MEDICAID"": 0, ""DSBDHH"": 0, ""OSEC"": 0.03, ""ORH"": 0.01, ""DCDEE"": 0.03, ""DEIPD"": 0, ""DMHDDSUS"": 0}",0.12,0.57,0.0942,deprioritized,P(unrelated or weak)=0.96,typesafe-ai/jev,a4b41185524e,True
2535c6aa-2e20-495b-9a25-5deabefc9f21,Mood and Psychosis Symptoms during the Menopause Transition (R01 Clinical Trial Optional),open,weak,1.0,"{""moderate"": 0, ""strong"": 0, ""weak"": 1, ""none"": 0}",G3,0.61,"{""G2"": 0, ""G4"": 0, ""G5"": 0, ""G1"": 0.01, ""none"": 0.38, ""G3"": 0.61}",atypical,0.85,"{""partner"": 0.15, ""lead"": 0, ""ineligible"": 0, ""atypical"": 0.85, ""unclear"": 0}",none,0.54,"{""DSS"": 0, ""DSBDHH"": 0, ""DHSR"": 0, ""DAGING"": 0, ""DEIPD"": 0, ""DCDEE"": 0, ""DMHDDSUS"": 0.4, ""DPH"": 0.04, ""DCFW"": 0, ""OSEC"": 0, ""DSOHF"": 0.01, ""MEDICAID"": 0, ""none"": 0.54, ""ORH"": 0}",0.3333,0.15,0.1917,deprioritized,P(unrelated or weak)=1.00,typesafe-ai/jev,a4b41185524e,True
2543bb3e-ca02-46af-8e38-ed95b2472524,"Mission Spain Public Diplomacy NOFO Defensa y Yo 5.0, 2024-2025",forecast,none,1.0,"{""weak"": 0, ""moderate"": 0, ""none"": 1, ""strong"": 0}",none,1.0,"{""G4"": 0, ""G1"": 0, ""G5"": 0, ""none"": 1, ""G2"": 0, ""G3"": 0}",atypical,0.74,"{""atypical"": 0.74, ""unclear"": 0, ""lead"": 0.01, ""ineligible"": 0.24, ""partner"": 0.01}",none,1.0,"{""MEDICAID"": 0, ""OSEC"": 0, ""DSS"": 0, ""DMHDDSUS"": 0, ""DHSR"": 0, ""none"": 1, ""DEIPD"": 0, ""DSBDHH"": 0, ""DCDEE"": 0, ""DSOHF"": 0, ""DCFW"": 0, ""DAGING"": 0, ""DPH"": 0, ""ORH"": 0}",0.0,0.02,0.0,deprioritized,P(unrelated)=1.00,typesafe-ai/jev,a4b41185524e,True
25d22ed0-f1fe-4c46-a5b6-0ab60a464f00,Collaboratory to Advance Mathematics Education and Learning (CAMEL) for K-12,open,none,0.93,"{""none"": 0.93, ""strong"": 0, ""moderate"": 0, ""weak"": 0.07}",none,0.89,"{""G3"": 0, ""none"": 0.89, ""G2"": 0.04, ""G1"": 0, ""G4"": 0.07, ""G5"": 0}",ineligible,0.93,"{""unclear"": 0, ""partner"": 0.04, ""ineligible"": 0.93, ""lead"": 0, ""atypical"": 0.03}",none,0.93,"{""DMHDDSUS"": 0, ""none"": 0.93, ""DSS"": 0, ""OSEC"": 0, ""DSBDHH"": 0, ""DEIPD"": 0, ""DSOHF"": 0, ""ORH"": 0, ""MEDICAID"": 0, ""DCDEE"": 0.04, ""DCFW"": 0.02, ""DPH"": 0, ""DAGING"": 0, ""DHSR"": 0}",0.0233,0.04,0.0121,deprioritized,P(unrelated)=0.93,typesafe-ai/jev,a4b41185524e,True
25e7d7f0-6668-445d-9655-897ef3b56d9a,Maximizing the Scientific Value of Data Generated by the Environmental influences on Child Health Outcomes (ECHO) Program: Dissertation Grant (R36 - Clinical Trial Not Allowed),open,weak,0.99,"{""weak"": 0.99, ""strong"": 0, ""none"": 0, ""moderate"": 0.01}",none,0.45,"{""G2"": 0.44, ""G5"": 0.01, ""G4"": 0.1, ""none"": 0.45, ""G1"": 0, ""G3"": 0}",atypical,0.94,"{""unclear"": 0, ""partner"": 0.05, ""lead"": 0, ""ineligible"": 0.01, ""atypical"": 0.94}",none,0.64,"{""DCDEE"": 0.01, ""MEDICAID"": 0, ""DHSR"": 0, ""DSBDHH"": 0, ""DSOHF"": 0, ""DSS"": 0, ""DMHDDSUS"": 0, ""DPH"": 0.35, ""DEIPD"": 0, ""DCFW"": 0, ""OSEC"": 0, ""ORH"": 0, ""none"": 0.64, ""DAGING"": 0}",0.3367,0.05,0.1767,deprioritized,P(unrelated or weak)=0.99,typesafe-ai/jev,a4b41185524e,True
25f595e2-1671-4aae-a760-e3487a3d282c,Strategies to Innovate EmeRgENcy Care Clinical Trials Network (SIREN) Infrastructure – Clinical Enrollment Hubs,forecast,weak,0.94,"{""weak"": 0.94, ""strong"": 0.02, ""moderate"": 0.04, ""none"": 0}",none,0.58,"{""G5"": 0.07, ""G4"": 0.01, ""G1"": 0.34, ""G2"": 0, ""none"": 0.58, ""G3"": 0}",partner,0.52,"{""unclear"": 0, ""atypical"": 0.46, ""ineligible"": 0.02, ""lead"": 0, ""partner"": 0.52}",none,0.58,"{""DPH"": 0.08, ""DCFW"": 0, ""DEIPD"": 0, ""DHSR"": 0.32, ""DMHDDSUS"": 0, ""none"": 0.58, ""DCDEE"": 0, ""DSOHF"": 0.01, ""OSEC"": 0, ""DAGING"": 0, ""ORH"": 0.01, ""DSBDHH"": 0, ""MEDICAID"": 0, ""DSS"": 0}",0.36,0.52,0.2736,deep_review,not confidently irrelevant,typesafe-ai/jev,a4b41185524e,True
260cfde6-2690-495e-8f46-92c2dcbd391d,KUH U24 Center Coordinating Hub (U24 Clinical Trial Not Allowed),forecast,weak,0.99,"{""none"": 0, ""strong"": 0, ""moderate"": 0.01, ""weak"": 0.99}",none,0.79,"{""G3"": 0, ""none"": 0.79, ""G2"": 0, ""G1"": 0.08, ""G4"": 0.01, ""G5"": 0.12}",atypical,0.54,"{""unclear"": 0, ""partner"": 0.36, ""ineligible"": 0.08, ""lead"": 0.02, ""atypical"": 0.54}",none,0.83,"{""DMHDDSUS"": 0, ""none"": 0.83, ""DSS"": 0, ""OSEC"": 0.01, ""DCDEE"": 0, ""DEIPD"": 0, ""DPH"": 0.15, ""DAGING"": 0, ""DHSR"": 0.01, ""DSOHF"": 0, ""MEDICAID"": 0, ""ORH"": 0, ""DSBDHH"": 0, ""DCFW"": 0}",0.3367,0.38,0.2323,deprioritized,P(unrelated or weak)=0.99,typesafe-ai/jev,a4b41185524e,True
26116df5-40e6-4c83-8e5a-d90664b418ba,Optimizing Behavioral Sleep Interventions for Adolescents and Young Adults (R34 Clinical Trial Required),open,weak,0.92,"{""weak"": 0.92, ""none"": 0, ""moderate"": 0.07, ""strong"": 0.01}",G3,0.92,"{""none"": 0.07, ""G2"": 0.01, ""G5"": 0, ""G3"": 0.92, ""G4"": 0, ""G1"": 0}",atypical,0.56,"{""atypical"": 0.56, ""partner"": 0.43, ""lead"": 0.01, ""ineligible"": 0, ""unclear"": 0}",DMHDDSUS,0.75,"{""none"": 0.23, ""DSS"": 0, ""MEDICAID"": 0, ""DCDEE"": 0, ""DCFW"": 0.01, ""DSOHF"": 0, ""DEIPD"": 0, ""DMHDDSUS"": 0.75, ""DPH"": 0.01, ""ORH"": 0, ""DAGING"": 0, ""DSBDHH"": 0, ""OSEC"": 0, ""DHSR"": 0}",0.3633,0.44,0.2616,deep_review,not confidently irrelevant,typesafe-ai/jev,a4b41185524e,True
26162ad2-d8cc-4eb7-9e65-f6b5d9985c13,National Cooperative Drug/Device Discovery/Development Groups (NCDDG) for the Treatment of Mental Disorders (U19 Clinical Trial Optional),open,weak,1.0,"{""moderate"": 0, ""weak"": 1, ""strong"": 0, ""none"": 0}",G3,0.67,"{""G3"": 0.67, ""G2"": 0, ""G1"": 0, ""G4"": 0, ""none"": 0.33, ""G5"": 0}",atypical,0.77,"{""atypical"": 0.77, ""partner"": 0.22, ""unclear"": 0, ""ineligible"": 0, ""lead"": 0.01}",DMHDDSUS,0.51,"{""OSEC"": 0, ""ORH"": 0, ""DMHDDSUS"": 0.51, ""DSBDHH"": 0, ""DCFW"": 0, ""DSS"": 0, ""DAGING"": 0, ""MEDICAID"": 0, ""DPH"": 0.01, ""DSOHF"": 0.05, ""DEIPD"": 0, ""DCDEE"": 0, ""none"": 0.43, ""DHSR"": 0}",0.3333,0.23,0.205,deprioritized,P(unrelated or weak)=1.00,typesafe-ai/jev,a4b41185524e,True
2643d994-6062-49a4-b337-c486eb99777c,Limited Competition: Research Education Program for the Clinical and Translational Science Awards Program,forecast,weak,0.98,"{""none"": 0, ""moderate"": 0.01, ""weak"": 0.98, ""strong"": 0.01}",none,0.81,"{""none"": 0.81, ""G2"": 0, ""G3"": 0, ""G1"": 0, ""G5"": 0.02, ""G4"": 0.17}",ineligible,0.75,"{""ineligible"": 0.75, ""lead"": 0, ""atypical"": 0.12, ""partner"": 0.13, ""unclear"": 0}",none,0.97,"{""DHSR"": 0, ""DSS"": 0, ""OSEC"": 0, ""DAGING"": 0, ""MEDICAID"": 0, ""DSBDHH"": 0, ""ORH"": 0.01, ""DCDEE"": 0, ""none"": 0.97, ""DEIPD"": 0, ""DMHDDSUS"": 0, ""DCFW"": 0, ""DSOHF"": 0, ""DPH"": 0.02}",0.3433,0.13,0.194,deprioritized,P(unrelated or weak)=0.98,typesafe-ai/jev,a4b41185524e,True
26924d10-74ea-4448-a8c1-fa61e3990830,Limited Competition: Ruth L. Kirschstein National Research Service Award (NRSA) Predoctoral Research Training Grant for the Clinical and Translational Science Awards (CTSA) Program (T32 Clinical Trial Not Allowed),open,weak,1.0,"{""strong"": 0, ""weak"": 1, ""moderate"": 0, ""none"": 0}",none,0.7,"{""none"": 0.7, ""G1"": 0, ""G4"": 0.29, ""G5"": 0.01, ""G2"": 0, ""G3"": 0}",atypical,0.42,"{""atypical"": 0.42, ""ineligible"": 0.33, ""partner"": 0.25, ""unclear"": 0, ""lead"": 0}",none,0.97,"{""DSS"": 0, ""none"": 0.97, ""ORH"": 0, ""DSOHF"": 0, ""DPH"": 0.01, ""DHSR"": 0, ""MEDICAID"": 0, ""OSEC"": 0.02, ""DEIPD"": 0, ""DSBDHH"": 0, ""DCDEE"": 0, ""DAGING"": 0, ""DCFW"": 0, ""DMHDDSUS"": 0}",0.3333,0.25,0.2083,deprioritized,P(unrelated or weak)=1.00,typesafe-ai/jev,a4b41185524e,True
27344320-2b7e-47b2-afd7-b6f6f9360b1f,HEAL Initiative: Optimization of Therapeutic Medical Devices through Team Science Mechanistic Research (RM1),forecast,weak,1.0,"{""strong"": 0, ""none"": 0, ""moderate"": 0, ""weak"": 1}",none,0.83,"{""G2"": 0, ""none"": 0.83, ""G3"": 0, ""G5"": 0.12, ""G4"": 0.01, ""G1"": 0.04}",atypical,0.77,"{""lead"": 0, ""atypical"": 0.77, ""ineligible"": 0.01, ""unclear"": 0, ""partner"": 0.22}",none,0.91,"{""ORH"": 0, ""MEDICAID"": 0, ""DSBDHH"": 0, ""DHSR"": 0.01, ""none"": 0.91, ""DCFW"": 0, ""DSS"": 0, ""DAGING"": 0, ""OSEC"": 0, ""DPH"": 0.06, ""DMHDDSUS"": 0.01, ""DEIPD"": 0, ""DCDEE"": 0, ""DSOHF"": 0.01}",0.3333,0.22,0.2033,deprioritized,P(unrelated or weak)=1.00,typesafe-ai/jev,a4b41185524e,True
274b2914-f34a-4663-8892-8567b7b2fb75,Seamless Early-Stage Clinical Drug Development (Phase 1 to 2a) for Novel therapeutic Agents for the Spectrum of Alzheimer's Disease (AD) and AD-related Dementias (ADRD) (UG3/UH3 Clinical Trial Required),open,weak,1.0,"{""strong"": 0, ""none"": 0, ""weak"": 1, ""moderate"": 0}",none,0.74,"{""G3"": 0.13, ""G1"": 0.11, ""G5"": 0.01, ""G2"": 0, ""none"": 0.74, ""G4"": 0.01}",atypical,0.83,"{""unclear"": 0, ""lead"": 0, ""partner"": 0.17, ""atypical"": 0.83, ""ineligible"": 0}",none,0.81,"{""DCFW"": 0, ""DCDEE"": 0, ""DSS"": 0, ""ORH"": 0, ""DMHDDSUS"": 0.1, ""DEIPD"": 0, ""MEDICAID"": 0, ""DPH"": 0.03, ""DSBDHH"": 0, ""DSOHF"": 0.01, ""OSEC"": 0, ""none"": 0.81, ""DAGING"": 0.04, ""DHSR"": 0}",0.3333,0.17,0.195,deprioritized,P(unrelated or weak)=1.00,typesafe-ai/jev,a4b41185524e,True
27f78383-af27-4294-8b40-589b0e3f0153,Rigor and Reproducibility for Biomarkers in Type 1 Diabetes Clinical Research,forecast,weak,1.0,"{""weak"": 1, ""moderate"": 0, ""strong"": 0, ""none"": 0}",none,0.76,"{""G3"": 0, ""G4"": 0.01, ""G1"": 0.11, ""G2"": 0.02, ""G5"": 0.1, ""none"": 0.76}",partner,0.52,"{""lead"": 0, ""unclear"": 0, ""ineligible"": 0.01, ""atypical"": 0.47, ""partner"": 0.52}",none,0.69,"{""DAGING"": 0, ""MEDICAID"": 0, ""DCFW"": 0, ""DSOHF"": 0, ""OSEC"": 0.01, ""DHSR"": 0, ""DSS"": 0, ""DMHDDSUS"": 0, ""DPH"": 0.3, ""DEIPD"": 0, ""DSBDHH"": 0, ""DCDEE"": 0, ""ORH"": 0, ""none"": 0.69}",0.3333,0.52,0.2533,deprioritized,P(unrelated or weak)=1.00,typesafe-ai/jev,a4b41185524e,True
282f520a-db7e-4c0a-8c3d-33071253ad69,NOI: PROSPECT Program: Providing Opportunities for Specialized Education in Critical Technologies,open,none,0.99,"{""strong"": 0, ""moderate"": 0, ""none"": 0.99, ""weak"": 0.01}",none,0.95,"{""none"": 0.95, ""G3"": 0, ""G5"": 0, ""G2"": 0, ""G1"": 0, ""G4"": 0.05}",atypical,0.72,"{""ineligible"": 0, ""unclear"": 0.25, ""lead"": 0, ""partner"": 0.03, ""atypical"": 0.72}",none,0.98,"{""OSEC"": 0, ""DSOHF"": 0, ""DSS"": 0, ""DEIPD"": 0.01, ""DSBDHH"": 0, ""DAGING"": 0, ""DMHDDSUS"": 0, ""DCFW"": 0, ""none"": 0.98, ""MEDICAID"": 0, ""DPH"": 0, ""ORH"": 0, ""DCDEE"": 0.01, ""DHSR"": 0}",0.0033,0.03,0.0017,deprioritized,P(unrelated)=0.99,typesafe-ai/jev,a4b41185524e,True
2851fc95-ac9b-4009-9867-795d8f296e3d,Expanding the Target Landscape by Drugging the Undruggable (R21 Clinical Trial Not Allowed),open,weak,1.0,"{""weak"": 1, ""moderate"": 0, ""none"": 0, ""strong"": 0}",none,0.94,"{""G4"": 0.01, ""G2"": 0, ""G3"": 0, ""none"": 0.94, ""G5"": 0.03, ""G1"": 0.02}",atypical,0.91,"{""lead"": 0.01, ""ineligible"": 0, ""unclear"": 0, ""atypical"": 0.91, ""partner"": 0.08}",none,0.93,"{""DHSR"": 0, ""ORH"": 0, ""MEDICAID"": 0, ""OSEC"": 0, ""none"": 0.93, ""DMHDDSUS"": 0.03, ""DSS"": 0, ""DCFW"": 0, ""DAGING"": 0, ""DSOHF"": 0.01, ""DPH"": 0.03, ""DSBDHH"": 0, ""DEIPD"": 0, ""DCDEE"": 0}",0.3333,0.09,0.1817,deprioritized,P(unrelated or weak)=1.00,typesafe-ai/jev,a4b41185524e,True
28685145-3771-46d6-9c2c-94db340ee74f,Mentored Research Scientist Development Award (Parent K01 - Independent Clinical Trial Required),open,weak,1.0,"{""weak"": 1, ""none"": 0, ""moderate"": 0, ""strong"": 0}",none,0.7,"{""G4"": 0.29, ""G3"": 0, ""none"": 0.7, ""G1"": 0, ""G2"": 0, ""G5"": 0.01}",atypical,0.93,"{""lead"": 0, ""ineligible"": 0.03, ""atypical"": 0.93, ""partner"": 0.04, ""unclear"": 0}",none,0.91,"{""DSOHF"": 0.01, ""DCDEE"": 0, ""DCFW"": 0, ""DMHDDSUS"": 0.02, ""none"": 0.91, ""DSS"": 0, ""DAGING"": 0, ""MEDICAID"": 0, ""DSBDHH"": 0, ""OSEC"": 0.01, ""ORH"": 0.01, ""DPH"": 0.04, ""DEIPD"": 0, ""DHSR"": 0}",0.3333,0.04,0.1733,deprioritized,P(unrelated or weak)=1.00,typesafe-ai/jev,a4b41185524e,True
28726c2d-05c3-44fb-9cc0-cfc1af0e6dd4,National Foundation for the Centers for Disease Control and Prevention,forecast,weak,0.8,"{""moderate"": 0.03, ""none"": 0.15, ""weak"": 0.8, ""strong"": 0.02}",none,0.94,"{""G2"": 0, ""none"": 0.94, ""G3"": 0, ""G5"": 0.06, ""G4"": 0, ""G1"": 0}",ineligible,0.89,"{""atypical"": 0.07, ""ineligible"": 0.89, ""lead"": 0, ""unclear"": 0, ""partner"": 0.04}",none,0.93,"{""ORH"": 0, ""none"": 0.93, ""DSBDHH"": 0, ""DHSR"": 0, ""MEDICAID"": 0, ""DCFW"": 0, ""DSS"": 0, ""DAGING"": 0, ""OSEC"": 0.04, ""DPH"": 0.03, ""DMHDDSUS"": 0, ""DEIPD"": 0, ""DCDEE"": 0, ""DSOHF"": 0}",0.3067,0.04,0.1595,deprioritized,P(unrelated or weak)=0.95,typesafe-ai/jev,a4b41185524e,True
289adf14-3b51-4ede-ae50-4ed7d0527c17,Culture of Research and University Exchanges Prep program (CRUX) in One Health and Agricultural STEM,forecast,none,0.76,"{""strong"": 0, ""moderate"": 0, ""none"": 0.76, ""weak"": 0.24}",none,1.0,"{""G2"": 0, ""G4"": 0, ""none"": 1, ""G1"": 0, ""G3"": 0, ""G5"": 0}",ineligible,0.84,"{""lead"": 0, ""unclear"": 0, ""ineligible"": 0.84, ""partner"": 0.02, ""atypical"": 0.14}",none,1.0,"{""DSBDHH"": 0, ""DCDEE"": 0, ""none"": 1, ""DPH"": 0, ""DEIPD"": 0, ""DAGING"": 0, ""DSOHF"": 0, ""MEDICAID"": 0, ""ORH"": 0, ""DSS"": 0, ""DHSR"": 0, ""OSEC"": 0, ""DCFW"": 0, ""DMHDDSUS"": 0}",0.08,0.02,0.0408,deprioritized,P(unrelated or weak)=1.00,typesafe-ai/jev,a4b41185524e,True
2906e477-3c29-4d8e-b45c-cda5170e3fcb,OMHHE Educational Funding Opportunity: Expanding education on skin lightening products (U01) Clinical Trials Not Allowed,forecast,strong,0.49,"{""none"": 0, ""weak"": 0.08, ""moderate"": 0.43, ""strong"": 0.49}",G1,0.93,"{""G4"": 0, ""G5"": 0, ""none"": 0.07, ""G1"": 0.93, ""G3"": 0, ""G2"": 0}",partner,0.55,"{""partner"": 0.55, ""unclear"": 0.06, ""ineligible"": 0, ""lead"": 0.09, ""atypical"": 0.3}",DPH,0.83,"{""none"": 0.12, ""ORH"": 0.01, ""DHSR"": 0.01, ""DSS"": 0, ""DCDEE"": 0.01, ""DEIPD"": 0, ""DMHDDSUS"": 0, ""DSOHF"": 0, ""DCFW"": 0, ""DPH"": 0.83, ""DSBDHH"": 0, ""OSEC"": 0.02, ""DAGING"": 0, ""MEDICAID"": 0}",0.8033,0.64,0.6587,deep_review,not confidently irrelevant,typesafe-ai/jev,a4b41185524e,True
2956f460-56af-459c-bd3e-a62fd0d30ed3,Forecast to Publish a Notice of Funding Opportunity for Academic Career Excellence (ACE) Award (K32 - Clinical Trial Required),forecast,weak,1.0,"{""weak"": 1, ""moderate"": 0, ""none"": 0, ""strong"": 0}",none,0.65,"{""G5"": 0, ""G4"": 0.35, ""none"": 0.65, ""G3"": 0, ""G2"": 0, ""G1"": 0}",atypical,0.95,"{""lead"": 0, ""partner"": 0.02, ""ineligible"": 0.03, ""atypical"": 0.95, ""unclear"": 0}",none,0.94,"{""DHSR"": 0, ""DSS"": 0, ""DPH"": 0.03, ""OSEC"": 0.01, ""DMHDDSUS"": 0, ""DCFW"": 0, ""DCDEE"": 0, ""DEIPD"": 0, ""DAGING"": 0, ""DSBDHH"": 0, ""none"": 0.94, ""DSOHF"": 0.01, ""MEDICAID"": 0, ""ORH"": 0.01}",0.3333,0.02,0.17,deprioritized,P(unrelated or weak)=1.00,typesafe-ai/jev,a4b41185524e,True
299bb7ba-7783-4da0-9c7c-12f00919cf0b,Implementation Science to End the HIV Epidemic,forecast,strong,0.67,"{""none"": 0, ""weak"": 0.06, ""moderate"": 0.27, ""strong"": 0.67}",G1,0.99,"{""G1"": 0.99, ""none"": 0.01, ""G5"": 0, ""G4"": 0, ""G3"": 0, ""G2"": 0}",partner,0.78,"{""unclear"": 0, ""lead"": 0.04, ""atypical"": 0.15, ""partner"": 0.78, ""ineligible"": 0.03}",DPH,0.97,"{""DCDEE"": 0, ""DPH"": 0.97, ""ORH"": 0, ""DSS"": 0, ""DSOHF"": 0, ""DCFW"": 0, ""none"": 0.02, ""DEIPD"": 0, ""MEDICAID"": 0, ""DSBDHH"": 0, ""DMHDDSUS"": 0.01, ""DHSR"": 0, ""DAGING"": 0, ""OSEC"": 0}",0.87,0.82,0.7917,deep_review,not confidently irrelevant,typesafe-ai/jev,a4b41185524e,True
29cb8db4-585f-4e67-a21e-235ec9bf6829,BRAIN Initiative: Exploratory Research Opportunities Using Invasive Neural Recording and Stimulating Technologies in the Human Brain (R61 Clinical Trial Not Allowed),open,weak,1.0,"{""moderate"": 0, ""none"": 0, ""strong"": 0, ""weak"": 1}",none,0.78,"{""G1"": 0.03, ""G2"": 0, ""G3"": 0.1, ""G4"": 0.02, ""G5"": 0.07, ""none"": 0.78}",atypical,0.75,"{""atypical"": 0.75, ""ineligible"": 0, ""lead"": 0, ""partner"": 0.25, ""unclear"": 0}",none,0.76,"{""DAGING"": 0, ""DCDEE"": 0, ""DCFW"": 0, ""DEIPD"": 0, ""DHSR"": 0, ""DMHDDSUS"": 0.12, ""DPH"": 0.07, ""DSBDHH"": 0.01, ""DSOHF"": 0.03, ""DSS"": 0, ""MEDICAID"": 0, ""ORH"": 0, ""OSEC"": 0.01, ""none"": 0.76}",0.3333,0.25,0.2083,deprioritized,P(unrelated or weak)=1.00,typesafe-ai/jev,a4b41185524e,True
29f34964-f2f4-45a6-848e-8896d070e71d,Annual Program Statement for U.S. Presentation at International Art Biennales,open,none,1.0,"{""moderate"": 0, ""none"": 1, ""strong"": 0, ""weak"": 0}",none,1.0,"{""G3"": 0, ""none"": 1, ""G4"": 0, ""G5"": 0, ""G1"": 0, ""G2"": 0}",ineligible,0.92,"{""partner"": 0.01, ""ineligible"": 0.92, ""lead"": 0, ""unclear"": 0.01, ""atypical"": 0.06}",none,1.0,"{""DHSR"": 0, ""none"": 1, ""DSS"": 0, ""ORH"": 0, ""DPH"": 0, ""DSOHF"": 0, ""DAGING"": 0, ""DSBDHH"": 0, ""DCDEE"": 0, ""DCFW"": 0, ""DEIPD"": 0, ""DMHDDSUS"": 0, ""MEDICAID"": 0, ""OSEC"": 0}",0.0,0.01,0.0,deprioritized,P(unrelated)=1.00,typesafe-ai/jev,a4b41185524e,True
2aaa85ab-169c-432e-806b-95a859bc94e2,"GREGoRi Data Coordination and Outreach Center (U01, Clinical Trials Not Allowed)",open,weak,0.96,"{""weak"": 0.96, ""none"": 0, ""moderate"": 0.03, ""strong"": 0.01}",none,0.56,"{""G3"": 0, ""none"": 0.56, ""G2"": 0.01, ""G5"": 0.15, ""G1"": 0.26, ""G4"": 0.01}",partner,0.53,"{""unclear"": 0, ""atypical"": 0.47, ""lead"": 0, ""ineligible"": 0, ""partner"": 0.53}",none,0.67,"{""DEIPD"": 0, ""ORH"": 0, ""MEDICAID"": 0, ""DSBDHH"": 0, ""DMHDDSUS"": 0, ""DPH"": 0.31, ""DSOHF"": 0, ""DCDEE"": 0, ""DAGING"": 0, ""none"": 0.67, ""DSS"": 0, ""DHSR"": 0, ""DCFW"": 0, ""OSEC"": 0.02}",0.35,0.53,0.2677,deprioritized,P(unrelated or weak)=0.96,typesafe-ai/jev,a4b41185524e,True
2b5135c3-a845-4edd-a3a3-df496e84ba99,Cybersecurity Innovation for Cyberinfrastructure,open,none,0.9,"{""none"": 0.9, ""weak"": 0.09, ""strong"": 0, ""moderate"": 0.01}",none,0.62,"{""none"": 0.62, ""G4"": 0, ""G1"": 0, ""G3"": 0, ""G5"": 0.38, ""G2"": 0}",ineligible,0.9,"{""atypical"": 0.06, ""unclear"": 0, ""partner"": 0.04, ""lead"": 0, ""ineligible"": 0.9}",none,0.81,"{""DCFW"": 0, ""OSEC"": 0.19, ""DSOHF"": 0, ""DSBDHH"": 0, ""ORH"": 0, ""MEDICAID"": 0, ""none"": 0.81, ""DMHDDSUS"": 0, ""DCDEE"": 0, ""DHSR"": 0, ""DSS"": 0, ""DAGING"": 0, ""DEIPD"": 0, ""DPH"": 0}",0.0367,0.04,0.0191,deprioritized,P(unrelated)=0.90,typesafe-ai/jev,a4b41185524e,True
2b529176-2d03-42a4-8057-4736a55db1be,NCI Research Specialist (Clinician Scientist) Award (R50 Clinical Trial Not Allowed),forecast,weak,0.98,"{""weak"": 0.98, ""none"": 0, ""strong"": 0.01, ""moderate"": 0.01}",none,0.79,"{""G2"": 0, ""G3"": 0, ""none"": 0.79, ""G4"": 0.17, ""G1"": 0.03, ""G5"": 0.01}",atypical,0.86,"{""lead"": 0, ""atypical"": 0.86, ""ineligible"": 0.1, ""unclear"": 0, ""partner"": 0.04}",none,0.9,"{""MEDICAID"": 0, ""DPH"": 0.08, ""DEIPD"": 0, ""DMHDDSUS"": 0, ""ORH"": 0, ""DSBDHH"": 0, ""DHSR"": 0, ""DSOHF"": 0.01, ""DSS"": 0, ""OSEC"": 0, ""DAGING"": 0, ""DCDEE"": 0.01, ""none"": 0.9, ""DCFW"": 0}",0.3433,0.04,0.1785,deprioritized,P(unrelated or weak)=0.98,typesafe-ai/jev,a4b41185524e,True
2b6c5466-1ff3-4684-a237-18a8b3e1f00b,Centers of Research Excellence in Science and Technology,open,none,0.57,"{""weak"": 0.43, ""moderate"": 0, ""none"": 0.57, ""strong"": 0}",none,0.81,"{""G2"": 0, ""G4"": 0.19, ""none"": 0.81, ""G5"": 0, ""G1"": 0, ""G3"": 0}",ineligible,0.74,"{""unclear"": 0, ""partner"": 0.07, ""lead"": 0, ""atypical"": 0.19, ""ineligible"": 0.74}",none,1.0,"{""DSBDHH"": 0, ""DCDEE"": 0, ""DPH"": 0, ""none"": 1, ""DAGING"": 0, ""DCFW"": 0, ""DSOHF"": 0, ""MEDICAID"": 0, ""DSS"": 0, ""DMHDDSUS"": 0, ""DHSR"": 0, ""OSEC"": 0, ""ORH"": 0, ""DEIPD"": 0}",0.1433,0.07,0.0767,deprioritized,P(unrelated or weak)=1.00,typesafe-ai/jev,a4b41185524e,True
2b92c566-35b9-4cee-a588-a878f90be222,African Medical Devices Regulatory Harmonization Program,forecast,weak,0.91,"{""strong"": 0, ""none"": 0.09, ""weak"": 0.91, ""moderate"": 0}",none,0.98,"{""G5"": 0.01, ""G2"": 0, ""none"": 0.98, ""G4"": 0, ""G3"": 0, ""G1"": 0.01}",ineligible,0.77,"{""partner"": 0.02, ""atypical"": 0.16, ""lead"": 0, ""unclear"": 0.05, ""ineligible"": 0.77}",none,0.93,"{""DAGING"": 0, ""DCFW"": 0, ""none"": 0.93, ""ORH"": 0, ""DPH"": 0.02, ""OSEC"": 0, ""DMHDDSUS"": 0, ""MEDICAID"": 0, ""DSBDHH"": 0, ""DEIPD"": 0, ""DSOHF"": 0, ""DHSR"": 0.05, ""DSS"": 0, ""DCDEE"": 0}",0.3033,0.02,0.1547,deprioritized,P(unrelated or weak)=1.00,typesafe-ai/jev,a4b41185524e,True
2c4ecb8c-7777-42c5-ac08-3c642e70ca1a,Trusted Partner Program-Draft Solicitation-Advance Notice to Industry,forecast,none,0.97,"{""weak"": 0.03, ""none"": 0.97, ""moderate"": 0, ""strong"": 0}",none,0.99,"{""G2"": 0, ""G4"": 0, ""none"": 0.99, ""G5"": 0.01, ""G1"": 0, ""G3"": 0}",ineligible,0.89,"{""atypical"": 0.09, ""unclear"": 0, ""ineligible"": 0.89, ""lead"": 0, ""partner"": 0.02}",none,1.0,"{""OSEC"": 0, ""ORH"": 0, ""none"": 1, ""DCFW"": 0, ""DMHDDSUS"": 0, ""DSS"": 0, ""DEIPD"": 0, ""DSOHF"": 0, ""DCDEE"": 0, ""DHSR"": 0, ""DPH"": 0, ""MEDICAID"": 0, ""DSBDHH"": 0, ""DAGING"": 0}",0.01,0.02,0.0051,deprioritized,P(unrelated)=0.97,typesafe-ai/jev,a4b41185524e,True
2ce00c65-6a64-4598-8adf-11920c911975,Utilizing the PLCO Biospecimens Resource to Bridge Gaps in Cancer Etiology and Early Detection Research (U01 Clinical Trial Not Allowed),open,weak,1.0,"{""strong"": 0, ""none"": 0, ""weak"": 1, ""moderate"": 0}",none,0.78,"{""G1"": 0.2, ""G3"": 0, ""G5"": 0.01, ""none"": 0.78, ""G2"": 0, ""G4"": 0.01}",atypical,0.79,"{""unclear"": 0, ""lead"": 0.01, ""partner"": 0.2, ""atypical"": 0.79, ""ineligible"": 0}",DPH,0.59,"{""DSS"": 0, ""DPH"": 0.59, ""DCDEE"": 0.01, ""none"": 0.4, ""DEIPD"": 0, ""DMHDDSUS"": 0, ""MEDICAID"": 0, ""OSEC"": 0, ""DSBDHH"": 0, ""DSOHF"": 0, ""ORH"": 0, ""DCFW"": 0, ""DAGING"": 0, ""DHSR"": 0}",0.3333,0.21,0.2017,deprioritized,P(unrelated or weak)=1.00,typesafe-ai/jev,a4b41185524e,True
2ce534e7-06fb-4e43-ad6b-e5646beae1b2,U.S. Embassy Phnom Penh – PAS Annual Program Statement,forecast,none,1.0,"{""moderate"": 0, ""strong"": 0, ""none"": 1, ""weak"": 0}",none,1.0,"{""none"": 1, ""G2"": 0, ""G4"": 0, ""G5"": 0, ""G1"": 0, ""G3"": 0}",unclear,0.38,"{""atypical"": 0.33, ""ineligible"": 0.28, ""unclear"": 0.38, ""partner"": 0.01, ""lead"": 0}",none,1.0,"{""DSBDHH"": 0, ""DAGING"": 0, ""DHSR"": 0, ""DCDEE"": 0, ""DMHDDSUS"": 0, ""MEDICAID"": 0, ""DCFW"": 0, ""DSOHF"": 0, ""DEIPD"": 0, ""ORH"": 0, ""DPH"": 0, ""none"": 1, ""OSEC"": 0, ""DSS"": 0}",0.0,0.01,0.0,deprioritized,P(unrelated)=1.00,typesafe-ai/jev,a4b41185524e,True
2cefef55-df48-49f9-a95a-7719dae29481,Extracellular Vesicle Therapeutics for Regenerative Medicine (ExTReMe),forecast,weak,1.0,"{""weak"": 1, ""none"": 0, ""moderate"": 0, ""strong"": 0}",none,0.89,"{""G2"": 0, ""none"": 0.89, ""G3"": 0, ""G5"": 0.06, ""G4"": 0.01, ""G1"": 0.04}",atypical,0.9,"{""ineligible"": 0, ""lead"": 0, ""atypical"": 0.9, ""unclear"": 0, ""partner"": 0.1}",none,0.91,"{""DCFW"": 0, ""DSBDHH"": 0, ""MEDICAID"": 0, ""DHSR"": 0.01, ""none"": 0.91, ""ORH"": 0, ""DSS"": 0, ""DAGING"": 0, ""OSEC"": 0, ""DPH"": 0.07, ""DMHDDSUS"": 0, ""DEIPD"": 0, ""DCDEE"": 0, ""DSOHF"": 0.01}",0.3333,0.1,0.1833,deprioritized,P(unrelated or weak)=1.00,typesafe-ai/jev,a4b41185524e,True
2d0c0c90-ea80-446a-ad64-0d479b867e2c,NIDCR Dentist Scientist Career Transition Award for Intramural Investigators (K22 Clinical Trial Not Allowed),open,weak,1.0,"{""moderate"": 0, ""none"": 0, ""strong"": 0, ""weak"": 1}",none,0.86,"{""G1"": 0.03, ""G2"": 0, ""G3"": 0, ""G4"": 0.11, ""G5"": 0, ""none"": 0.86}",atypical,0.96,"{""atypical"": 0.96, ""ineligible"": 0.02, ""lead"": 0, ""partner"": 0.02, ""unclear"": 0}",none,0.87,"{""DAGING"": 0, ""DCDEE"": 0, ""DCFW"": 0, ""DEIPD"": 0, ""DHSR"": 0, ""DMHDDSUS"": 0.01, ""DPH"": 0.12, ""DSBDHH"": 0, ""DSOHF"": 0, ""DSS"": 0, ""MEDICAID"": 0, ""ORH"": 0, ""OSEC"": 0, ""none"": 0.87}",0.3333,0.02,0.17,deprioritized,P(unrelated or weak)=1.00,typesafe-ai/jev,a4b41185524e,True
2d9c4298-6c64-4b86-b74d-89fa990d3666,Clinical Trials and Ancillary Studies Conducted within NIH-Funded Clinical Trial Research Networks (UG3/UH3 - Clinical Trial Required),forecast,weak,0.99,"{""strong"": 0, ""moderate"": 0.01, ""none"": 0, ""weak"": 0.99}",none,0.85,"{""G1"": 0.11, ""G2"": 0, ""G3"": 0.01, ""none"": 0.85, ""G5"": 0.02, ""G4"": 0.01}",atypical,0.5,"{""partner"": 0.41, ""ineligible"": 0.07, ""lead"": 0.01, ""atypical"": 0.5, ""unclear"": 0.01}",none,0.76,"{""DSOHF"": 0.03, ""DCFW"": 0, ""DSBDHH"": 0, ""DSS"": 0, ""OSEC"": 0, ""DAGING"": 0, ""ORH"": 0.01, ""DHSR"": 0.01, ""MEDICAID"": 0, ""DCDEE"": 0.01, ""DPH"": 0.16, ""none"": 0.76, ""DEIPD"": 0, ""DMHDDSUS"": 0.02}",0.3367,0.42,0.239,deprioritized,P(unrelated or weak)=0.99,typesafe-ai/jev,a4b41185524e,True
2d9cd18b-46fe-4047-bc6f-0c09e5f13206,Limited Competition: Small Grant Program for the NCATS Clinical and Translational Science Award (CTSA) Program (Clinical Trial Optional),forecast,weak,1.0,"{""none"": 0, ""strong"": 0, ""moderate"": 0, ""weak"": 1}",none,0.92,"{""G3"": 0, ""none"": 0.92, ""G2"": 0, ""G1"": 0, ""G4"": 0.06, ""G5"": 0.02}",atypical,0.7,"{""unclear"": 0, ""partner"": 0.02, ""lead"": 0, ""ineligible"": 0.28, ""atypical"": 0.7}",none,0.97,"{""DMHDDSUS"": 0, ""none"": 0.97, ""DSS"": 0, ""OSEC"": 0, ""DCDEE"": 0, ""DHSR"": 0, ""DSOHF"": 0, ""ORH"": 0, ""DAGING"": 0, ""DSBDHH"": 0, ""DCFW"": 0, ""DEIPD"": 0, ""DPH"": 0.03, ""MEDICAID"": 0}",0.3333,0.02,0.17,deprioritized,P(unrelated or weak)=1.00,typesafe-ai/jev,a4b41185524e,True
2e05d1e1-8c7b-4b33-a38f-016698ca8309,"Engineering (ENG): Electrical, Communications, and Computing Systems (ECCS)",open,none,0.94,"{""moderate"": 0, ""weak"": 0.06, ""none"": 0.94, ""strong"": 0}",none,0.95,"{""G4"": 0, ""G1"": 0, ""G5"": 0.05, ""none"": 0.95, ""G2"": 0, ""G3"": 0}",atypical,0.96,"{""atypical"": 0.96, ""ineligible"": 0, ""lead"": 0, ""unclear"": 0.03, ""partner"": 0.01}",none,0.99,"{""MEDICAID"": 0, ""OSEC"": 0.01, ""DSS"": 0, ""DMHDDSUS"": 0, ""none"": 0.99, ""DHSR"": 0, ""DEIPD"": 0, ""DSBDHH"": 0, ""DCDEE"": 0, ""DSOHF"": 0, ""DCFW"": 0, ""DAGING"": 0, ""DPH"": 0, ""ORH"": 0}",0.02,0.01,0.0101,deprioritized,P(unrelated)=0.94,typesafe-ai/jev,a4b41185524e,True
2e0eb9da-c7df-4b56-9b1b-96751c70d099,"DoW Vision, Clinical Trial Award",open,none,0.7,"{""weak"": 0.3, ""moderate"": 0, ""strong"": 0, ""none"": 0.7}",none,0.97,"{""G5"": 0.01, ""G4"": 0, ""G1"": 0.02, ""G2"": 0, ""G3"": 0, ""none"": 0.97}",atypical,0.91,"{""ineligible"": 0, ""unclear"": 0.06, ""partner"": 0.03, ""lead"": 0, ""atypical"": 0.91}",none,0.91,"{""OSEC"": 0, ""ORH"": 0, ""DSBDHH"": 0.08, ""DHSR"": 0, ""DMHDDSUS"": 0, ""DAGING"": 0, ""DPH"": 0.01, ""DCDEE"": 0, ""none"": 0.91, ""DCFW"": 0, ""DSS"": 0, ""DSOHF"": 0, ""DEIPD"": 0, ""MEDICAID"": 0}",0.1,0.03,0.0515,deprioritized,P(unrelated or weak)=1.00,typesafe-ai/jev,a4b41185524e,True
2e37b591-e1cc-4d6a-a223-ff0c0962f74a,Illuminating AD/ADRD Genome to Enable Precision Genomic Medicine,forecast,weak,1.0,"{""moderate"": 0, ""strong"": 0, ""none"": 0, ""weak"": 1}",none,0.68,"{""G3"": 0, ""G1"": 0.28, ""none"": 0.68, ""G2"": 0, ""G5"": 0.02, ""G4"": 0.01}",atypical,0.67,"{""partner"": 0.24, ""unclear"": 0, ""lead"": 0.01, ""atypical"": 0.67, ""ineligible"": 0.08}",none,0.65,"{""DSOHF"": 0, ""DSBDHH"": 0, ""DHSR"": 0, ""DSS"": 0, ""DCFW"": 0, ""DAGING"": 0.27, ""ORH"": 0, ""DPH"": 0.07, ""DEIPD"": 0, ""none"": 0.65, ""MEDICAID"": 0, ""DMHDDSUS"": 0.01, ""DCDEE"": 0, ""OSEC"": 0}",0.3333,0.25,0.2083,deprioritized,P(unrelated or weak)=1.00,typesafe-ai/jev,a4b41185524e,True
2e580529-c869-47d0-9aab-7d0e239ed5e8,"Integrated Viral Hepatitis Surveillance, Testing, Treatment, and Prevention Programs for Health Departments (IVH-STTP)",forecast,strong,1.0,"{""weak"": 0, ""none"": 0, ""strong"": 1, ""moderate"": 0}",G1,0.95,"{""none"": 0.03, ""G5"": 0.02, ""G4"": 0, ""G3"": 0, ""G1"": 0.95, ""G2"": 0}",lead,1.0,"{""atypical"": 0, ""unclear"": 0, ""ineligible"": 0, ""lead"": 1, ""partner"": 0}",DPH,1.0,"{""ORH"": 0, ""DSOHF"": 0, ""DSS"": 0, ""DAGING"": 0, ""DEIPD"": 0, ""DSBDHH"": 0, ""MEDICAID"": 0, ""DCDEE"": 0, ""none"": 0, ""OSEC"": 0, ""DCFW"": 0, ""DPH"": 1, ""DMHDDSUS"": 0, ""DHSR"": 0}",1.0,1.0,1.0,deep_review,not confidently irrelevant,typesafe-ai/jev,a4b41185524e,True
2e83730e-3522-4121-9f74-d74cf08062b6,NIDCD Early Career Research(ECR) Award (R21 Clinical Trial Optional),open,weak,1.0,"{""none"": 0, ""weak"": 1, ""moderate"": 0, ""strong"": 0}",none,0.88,"{""G4"": 0.03, ""G1"": 0.07, ""G2"": 0.01, ""G3"": 0, ""G5"": 0.01, ""none"": 0.88}",atypical,0.93,"{""partner"": 0.07, ""ineligible"": 0, ""lead"": 0, ""unclear"": 0, ""atypical"": 0.93}",none,0.58,"{""DSOHF"": 0, ""MEDICAID"": 0, ""DEIPD"": 0, ""ORH"": 0, ""OSEC"": 0, ""DSS"": 0, ""DCFW"": 0, ""DCDEE"": 0, ""DHSR"": 0, ""none"": 0.58, ""DSBDHH"": 0.39, ""DAGING"": 0, ""DPH"": 0.03, ""DMHDDSUS"": 0}",0.3333,0.07,0.1783,deprioritized,P(unrelated or weak)=1.00,typesafe-ai/jev,a4b41185524e,True
2ea3951b-2890-455c-b746-820bf32f7560,Single-Site Investigator-Initiated Clinical Trials (R61/R33 Clinical Trial Required),open,weak,0.98,"{""strong"": 0, ""moderate"": 0.02, ""none"": 0, ""weak"": 0.98}",none,0.74,"{""G2"": 0, ""G4"": 0.01, ""none"": 0.74, ""G1"": 0.22, ""G3"": 0, ""G5"": 0.03}",atypical,0.84,"{""atypical"": 0.84, ""unclear"": 0, ""ineligible"": 0, ""partner"": 0.16, ""lead"": 0}",none,0.75,"{""DSBDHH"": 0, ""DEIPD"": 0, ""none"": 0.75, ""DPH"": 0.2, ""DMHDDSUS"": 0, ""DCDEE"": 0.01, ""DSOHF"": 0.02, ""MEDICAID"": 0, ""ORH"": 0.01, ""DSS"": 0, ""DHSR"": 0.01, ""OSEC"": 0, ""DCFW"": 0, ""DAGING"": 0}",0.34,0.16,0.1972,deprioritized,P(unrelated or weak)=0.98,typesafe-ai/jev,a4b41185524e,True
2ecdb765-c837-4a2c-b640-b798713b80ef,Canine Cancer Immunotherapy Network (K9CIN; U01 Clinical Trial Not Allowed),forecast,weak,0.97,"{""weak"": 0.97, ""moderate"": 0, ""none"": 0.03, ""strong"": 0}",none,0.94,"{""none"": 0.94, ""G3"": 0, ""G2"": 0, ""G4"": 0, ""G5"": 0.01, ""G1"": 0.05}",atypical,0.82,"{""ineligible"": 0.12, ""lead"": 0, ""atypical"": 0.82, ""partner"": 0.06, ""unclear"": 0}",none,0.97,"{""DCFW"": 0, ""DEIPD"": 0, ""DSBDHH"": 0, ""DAGING"": 0, ""MEDICAID"": 0, ""OSEC"": 0, ""ORH"": 0, ""DCDEE"": 0, ""none"": 0.97, ""DSS"": 0, ""DMHDDSUS"": 0, ""DHSR"": 0, ""DPH"": 0.03, ""DSOHF"": 0}",0.3233,0.06,0.1714,deprioritized,P(unrelated or weak)=1.00,typesafe-ai/jev,a4b41185524e,True
2edbb110-beb6-4fb6-a884-da3e8130db32,Small Business Transition Grant for New Entrepreneurs (Parent R41/R42 Clinical Trial Optional),forecast,weak,0.98,"{""strong"": 0, ""moderate"": 0, ""none"": 0.02, ""weak"": 0.98}",none,0.96,"{""G1"": 0, ""G2"": 0, ""G3"": 0, ""none"": 0.96, ""G5"": 0.02, ""G4"": 0.02}",ineligible,0.94,"{""partner"": 0.01, ""ineligible"": 0.94, ""lead"": 0, ""unclear"": 0, ""atypical"": 0.05}",none,1.0,"{""DSOHF"": 0, ""MEDICAID"": 0, ""DSBDHH"": 0, ""DEIPD"": 0, ""OSEC"": 0, ""DAGING"": 0, ""DCFW"": 0, ""DHSR"": 0, ""ORH"": 0, ""DCDEE"": 0, ""DPH"": 0, ""DMHDDSUS"": 0, ""none"": 1, ""DSS"": 0}",0.3267,0.01,0.165,deprioritized,P(unrelated or weak)=1.00,typesafe-ai/jev,a4b41185524e,True
2f0e63ee-3ec1-4c99-ad04-cbf2794db3d5,Protecting and Improving Global Health Security by Engaging Local Partners: Strengthening and Sustaining Public Health Systems in Ghana,open,weak,0.96,"{""weak"": 0.96, ""none"": 0.04, ""moderate"": 0, ""strong"": 0}",none,0.95,"{""G4"": 0.01, ""G3"": 0, ""none"": 0.95, ""G1"": 0.01, ""G2"": 0, ""G5"": 0.03}",partner,0.5,"{""ineligible"": 0.03, ""lead"": 0.07, ""atypical"": 0.31, ""partner"": 0.5, ""unclear"": 0.09}",DPH,0.57,"{""DSOHF"": 0, ""MEDICAID"": 0, ""DCFW"": 0, ""DPH"": 0.57, ""none"": 0.43, ""DSS"": 0, ""DAGING"": 0, ""DCDEE"": 0, ""DSBDHH"": 0, ""OSEC"": 0, ""ORH"": 0, ""DHSR"": 0, ""DEIPD"": 0, ""DMHDDSUS"": 0}",0.32,0.57,0.2512,deprioritized,P(unrelated or weak)=1.00,typesafe-ai/jev,a4b41185524e,True
2f3cf5d9-890f-437a-aa7e-10c75ab5c401,Restoring Joint Health and Function to Reduce Pain (RE-JOIN) 2.0,forecast,weak,1.0,"{""none"": 0, ""weak"": 1, ""moderate"": 0, ""strong"": 0}",none,0.82,"{""none"": 0.82, ""G4"": 0.01, ""G1"": 0.15, ""G2"": 0, ""G3"": 0.01, ""G5"": 0.01}",atypical,0.76,"{""unclear"": 0, ""lead"": 0, ""atypical"": 0.76, ""partner"": 0.23, ""ineligible"": 0.01}",none,0.85,"{""DCDEE"": 0, ""DPH"": 0.13, ""ORH"": 0, ""DSS"": 0, ""DSOHF"": 0, ""DCFW"": 0, ""none"": 0.85, ""DEIPD"": 0, ""MEDICAID"": 0, ""DSBDHH"": 0, ""DMHDDSUS"": 0.02, ""DHSR"": 0, ""OSEC"": 0, ""DAGING"": 0}",0.3333,0.23,0.205,deprioritized,P(unrelated or weak)=1.00,typesafe-ai/jev,a4b41185524e,True
2f432d16-a0c0-4144-9ec0-d79c6a65fc4d,Rigorously Evaluating Approaches to Prevent Child Sexual Abuse and Problematic Sexual Behavior among Youth,forecast,moderate,0.49,"{""none"": 0, ""weak"": 0.2, ""moderate"": 0.49, ""strong"": 0.31}",G2,0.93,"{""G4"": 0, ""G5"": 0, ""none"": 0.05, ""G1"": 0.01, ""G3"": 0, ""G2"": 0.93}",atypical,0.63,"{""partner"": 0.3, ""unclear"": 0.02, ""ineligible"": 0, ""lead"": 0.05, ""atypical"": 0.63}",DPH,0.61,"{""none"": 0.08, ""DSBDHH"": 0, ""DHSR"": 0, ""DSS"": 0.1, ""DCDEE"": 0, ""DEIPD"": 0, ""ORH"": 0, ""DCFW"": 0.2, ""DSOHF"": 0, ""DPH"": 0.61, ""DAGING"": 0, ""OSEC"": 0, ""DMHDDSUS"": 0.01, ""MEDICAID"": 0}",0.7033,0.35,0.4748,deep_review,not confidently irrelevant,typesafe-ai/jev,a4b41185524e,True
2f82c0a3-f147-4997-adad-3ba93919d653,RNomics Molecular Standards,forecast,weak,1.0,"{""weak"": 1, ""strong"": 0, ""moderate"": 0, ""none"": 0}",none,0.9,"{""G2"": 0, ""G4"": 0, ""G1"": 0, ""G5"": 0.1, ""G3"": 0, ""none"": 0.9}",atypical,0.89,"{""ineligible"": 0.07, ""unclear"": 0, ""partner"": 0.04, ""lead"": 0, ""atypical"": 0.89}",none,0.9,"{""OSEC"": 0, ""ORH"": 0, ""DPH"": 0.1, ""DHSR"": 0, ""DAGING"": 0, ""DMHDDSUS"": 0, ""DSBDHH"": 0, ""DCDEE"": 0, ""none"": 0.9, ""DCFW"": 0, ""DSS"": 0, ""DSOHF"": 0, ""DEIPD"": 0, ""MEDICAID"": 0}",0.3333,0.04,0.1733,deprioritized,P(unrelated or weak)=1.00,typesafe-ai/jev,a4b41185524e,True
2fdf6077-9b03-431f-a642-73044d110f34,"Impact of Immunotherapies on CNS Outcomes in People with HIV: Potential Benefits, Challenges and Risks",forecast,weak,1.0,"{""strong"": 0, ""moderate"": 0, ""none"": 0, ""weak"": 1}",G1,0.49,"{""G4"": 0, ""G5"": 0, ""none"": 0.39, ""G1"": 0.49, ""G3"": 0.12, ""G2"": 0}",atypical,0.73,"{""atypical"": 0.73, ""ineligible"": 0.06, ""lead"": 0, ""unclear"": 0, ""partner"": 0.21}",none,0.54,"{""DSOHF"": 0, ""DMHDDSUS"": 0.22, ""DEIPD"": 0, ""MEDICAID"": 0, ""ORH"": 0, ""DSS"": 0, ""DCDEE"": 0.01, ""DCFW"": 0, ""DSBDHH"": 0, ""DHSR"": 0, ""DPH"": 0.23, ""none"": 0.54, ""DAGING"": 0, ""OSEC"": 0}",0.3333,0.21,0.2017,deprioritized,P(unrelated or weak)=1.00,typesafe-ai/jev,a4b41185524e,True
3021f11a-dd6c-4d15-9406-c2d7594a2e79,Advanced Laboratories for Accelerating the Reach and Impact of Treatments for Youth and Adults with Mental Illness (ALACRITY) Research Centers,forecast,weak,0.93,"{""weak"": 0.93, ""strong"": 0.01, ""none"": 0, ""moderate"": 0.06}",G3,0.96,"{""G2"": 0, ""G5"": 0, ""G4"": 0, ""none"": 0.04, ""G1"": 0, ""G3"": 0.96}",partner,0.56,"{""unclear"": 0, ""ineligible"": 0, ""lead"": 0.01, ""atypical"": 0.43, ""partner"": 0.56}",DMHDDSUS,0.8,"{""DCDEE"": 0, ""DMHDDSUS"": 0.8, ""MEDICAID"": 0, ""DSBDHH"": 0, ""DSOHF"": 0.01, ""DSS"": 0, ""OSEC"": 0, ""DPH"": 0.01, ""DCFW"": 0, ""DEIPD"": 0, ""DHSR"": 0, ""none"": 0.18, ""ORH"": 0, ""DAGING"": 0}",0.36,0.57,0.2826,deep_review,not confidently irrelevant,typesafe-ai/jev,a4b41185524e,True
30cc4680-3bba-4b42-8e19-c8119f1fafa0,"Mgt, Species, Pollinators, Western Bumble bee Joint Base Elmendorf- Richardson, Alaska",forecast,none,1.0,"{""weak"": 0, ""moderate"": 0, ""strong"": 0, ""none"": 1}",none,1.0,"{""G2"": 0, ""G4"": 0, ""G1"": 0, ""G5"": 0, ""G3"": 0, ""none"": 1}",ineligible,0.63,"{""ineligible"": 0.63, ""unclear"": 0, ""partner"": 0.07, ""lead"": 0.05, ""atypical"": 0.25}",none,1.0,"{""DAGING"": 0, ""ORH"": 0, ""DSBDHH"": 0, ""DHSR"": 0, ""DPH"": 0, ""DMHDDSUS"": 0, ""OSEC"": 0, ""DCDEE"": 0, ""none"": 1, ""DCFW"": 0, ""DSS"": 0, ""DSOHF"": 0, ""DEIPD"": 0, ""MEDICAID"": 0}",0.0,0.12,0.0,deprioritized,P(unrelated)=1.00,typesafe-ai/jev,a4b41185524e,True
30d06dbd-1ffa-4595-a364-b8e66d0b9192,NIDCR Dual Degree Dentist Scientist Pathway to Independence Award (K99/R00 Clinical Trial Not Allowed),open,weak,1.0,"{""weak"": 1, ""strong"": 0, ""moderate"": 0, ""none"": 0}",none,0.7,"{""G5"": 0, ""G3"": 0, ""G4"": 0.29, ""G1"": 0.01, ""none"": 0.7, ""G2"": 0}",atypical,0.96,"{""unclear"": 0, ""ineligible"": 0.02, ""partner"": 0.02, ""atypical"": 0.96, ""lead"": 0}",none,0.96,"{""ORH"": 0.01, ""DCDEE"": 0, ""DSS"": 0, ""DEIPD"": 0, ""DAGING"": 0, ""MEDICAID"": 0, ""DSBDHH"": 0, ""DSOHF"": 0, ""DCFW"": 0, ""DPH"": 0.02, ""OSEC"": 0, ""DMHDDSUS"": 0.01, ""none"": 0.96, ""DHSR"": 0}",0.3333,0.02,0.17,deprioritized,P(unrelated or weak)=1.00,typesafe-ai/jev,a4b41185524e,True
311ba9a8-7926-4a39-bcf6-25916c609323,Renewable Energy Systems and Energy Efficiency Improvements Program,open,none,0.94,"{""weak"": 0.06, ""none"": 0.94, ""moderate"": 0, ""strong"": 0}",none,0.93,"{""G3"": 0, ""none"": 0.93, ""G2"": 0, ""G4"": 0, ""G1"": 0, ""G5"": 0.07}",ineligible,0.7,"{""unclear"": 0, ""atypical"": 0.29, ""lead"": 0, ""ineligible"": 0.7, ""partner"": 0.01}",none,0.97,"{""DCFW"": 0, ""DEIPD"": 0, ""MEDICAID"": 0, ""DSBDHH"": 0, ""DMHDDSUS"": 0, ""DPH"": 0, ""DSOHF"": 0, ""DCDEE"": 0, ""DAGING"": 0, ""none"": 0.97, ""DSS"": 0, ""DHSR"": 0, ""ORH"": 0.02, ""OSEC"": 0.01}",0.02,0.01,0.0101,deprioritized,P(unrelated)=0.94,typesafe-ai/jev,a4b41185524e,True
3123ee82-9741-44ce-a5b9-08cac5bb1981,Chemical Countermeasures Research Program (CCRP) Initiative: Basic Research on The Deleterious Effects of Acute Exposure to Ultra-Potent Synthetic (UPS) Opioids (R01 Clinical Trial Not Allowed),open,weak,1.0,"{""moderate"": 0, ""none"": 0, ""strong"": 0, ""weak"": 1}",G3,0.84,"{""G1"": 0.01, ""G2"": 0, ""G3"": 0.84, ""G4"": 0, ""G5"": 0, ""none"": 0.15}",atypical,0.62,"{""atypical"": 0.62, ""ineligible"": 0, ""lead"": 0.01, ""partner"": 0.37, ""unclear"": 0}",DMHDDSUS,0.48,"{""DAGING"": 0, ""DCDEE"": 0, ""DCFW"": 0, ""DEIPD"": 0, ""DHSR"": 0, ""DMHDDSUS"": 0.48, ""DPH"": 0.12, ""DSBDHH"": 0, ""DSOHF"": 0, ""DSS"": 0, ""MEDICAID"": 0, ""ORH"": 0, ""OSEC"": 0, ""none"": 0.4}",0.3333,0.38,0.23,deprioritized,P(unrelated or weak)=1.00,typesafe-ai/jev,a4b41185524e,True
318542ce-ac54-464c-91aa-cf525d3c36d5,Naval Engineering Education Consortium (NEEC) Broad Agency Announcement for Fiscal Year 2026,forecast,none,1.0,"{""strong"": 0, ""moderate"": 0, ""none"": 1, ""weak"": 0}",none,1.0,"{""G1"": 0, ""G2"": 0, ""G3"": 0, ""none"": 1, ""G5"": 0, ""G4"": 0}",ineligible,0.92,"{""partner"": 0.01, ""ineligible"": 0.92, ""lead"": 0, ""unclear"": 0, ""atypical"": 0.07}",none,1.0,"{""DSOHF"": 0, ""DCFW"": 0, ""DSBDHH"": 0, ""DEIPD"": 0, ""OSEC"": 0, ""DAGING"": 0, ""ORH"": 0, ""DHSR"": 0, ""MEDICAID"": 0, ""DMHDDSUS"": 0, ""none"": 1, ""DPH"": 0, ""DCDEE"": 0, ""DSS"": 0}",0.0,0.01,0.0,deprioritized,P(unrelated)=1.00,typesafe-ai/jev,a4b41185524e,True
31c10b18-b02d-40e2-b612-02fa501565b0,Democracy Commission Program Round 2 FY2023,forecast,none,1.0,"{""strong"": 0, ""moderate"": 0, ""weak"": 0, ""none"": 1}",none,1.0,"{""G5"": 0, ""none"": 1, ""G4"": 0, ""G1"": 0, ""G2"": 0, ""G3"": 0}",ineligible,1.0,"{""lead"": 0, ""partner"": 0, ""atypical"": 0, ""ineligible"": 1, ""unclear"": 0}",none,1.0,"{""MEDICAID"": 0, ""OSEC"": 0, ""ORH"": 0, ""DAGING"": 0, ""DMHDDSUS"": 0, ""DCFW"": 0, ""none"": 1, ""DSBDHH"": 0, ""DHSR"": 0, ""DPH"": 0, ""DSS"": 0, ""DEIPD"": 0, ""DSOHF"": 0, ""DCDEE"": 0}",0.0,0.0,0.0,deprioritized,P(unrelated)=1.00,typesafe-ai/jev,a4b41185524e,True
320f39c0-97c6-45c9-8869-a11037978626,Mathematical Sciences Infrastructure Program,open,none,0.97,"{""weak"": 0.03, ""moderate"": 0, ""none"": 0.97, ""strong"": 0}",none,0.97,"{""G2"": 0, ""G1"": 0, ""G5"": 0.01, ""none"": 0.97, ""G4"": 0.02, ""G3"": 0}",atypical,0.95,"{""atypical"": 0.95, ""lead"": 0, ""unclear"": 0.04, ""partner"": 0.01, ""ineligible"": 0}",none,1.0,"{""DSBDHH"": 0, ""DCDEE"": 0, ""DMHDDSUS"": 0, ""none"": 1, ""DSOHF"": 0, ""DPH"": 0, ""DCFW"": 0, ""DAGING"": 0, ""MEDICAID"": 0, ""OSEC"": 0, ""DEIPD"": 0, ""DHSR"": 0, ""DSS"": 0, ""ORH"": 0}",0.01,0.01,0.005,deprioritized,P(unrelated)=0.97,typesafe-ai/jev,a4b41185524e,True
322e2417-4b14-4e57-a487-142850f52e2f,Academic Research Enhancement Award (AREA) for Undergraduate-Focused Institutions (R15 Clinical Trial Not Allowed),open,weak,1.0,"{""moderate"": 0, ""none"": 0, ""weak"": 1, ""strong"": 0}",none,0.93,"{""G4"": 0.07, ""none"": 0.93, ""G3"": 0, ""G5"": 0, ""G2"": 0, ""G1"": 0}",ineligible,0.53,"{""unclear"": 0, ""ineligible"": 0.53, ""atypical"": 0.4, ""lead"": 0, ""partner"": 0.07}",none,1.0,"{""MEDICAID"": 0, ""ORH"": 0, ""DCDEE"": 0, ""none"": 1, ""DAGING"": 0, ""DHSR"": 0, ""DSS"": 0, ""DCFW"": 0, ""OSEC"": 0, ""DMHDDSUS"": 0, ""DPH"": 0, ""DEIPD"": 0, ""DSBDHH"": 0, ""DSOHF"": 0}",0.3333,0.07,0.1783,deprioritized,P(unrelated or weak)=1.00,typesafe-ai/jev,a4b41185524e,True
32532d75-d1c4-4006-8cec-0ac97c6ebfdf,"Early Detection, Response, and Control of Global Rabies Outbreaks and Associated Threats to America's Dog-Rabies Free Status",forecast,weak,0.95,"{""moderate"": 0.02, ""weak"": 0.95, ""strong"": 0.02, ""none"": 0.01}",none,0.63,"{""G2"": 0.01, ""G3"": 0, ""G1"": 0.17, ""G4"": 0.01, ""none"": 0.63, ""G5"": 0.18}",partner,0.5,"{""ineligible"": 0.01, ""partner"": 0.5, ""unclear"": 0.01, ""atypical"": 0.44, ""lead"": 0.04}",DPH,0.86,"{""DMHDDSUS"": 0, ""ORH"": 0, ""DCFW"": 0, ""DPH"": 0.86, ""DSBDHH"": 0, ""DSS"": 0, ""DAGING"": 0, ""MEDICAID"": 0, ""DSOHF"": 0, ""none"": 0.13, ""DEIPD"": 0, ""DCDEE"": 0.01, ""OSEC"": 0, ""DHSR"": 0}",0.35,0.54,0.2695,deprioritized,P(unrelated or weak)=0.96,typesafe-ai/jev,a4b41185524e,True
328db24c-35c9-42ea-91b0-acfcb3aeb6de,NCI Research Specialist Award for Core and Laboratory-based Scientists (R50 Clinical Trial Not Allowed),forecast,weak,1.0,"{""moderate"": 0, ""weak"": 1, ""none"": 0, ""strong"": 0}",none,0.76,"{""G4"": 0.2, ""G1"": 0, ""G5"": 0.04, ""none"": 0.76, ""G2"": 0, ""G3"": 0}",atypical,0.94,"{""atypical"": 0.94, ""ineligible"": 0.02, ""lead"": 0, ""unclear"": 0, ""partner"": 0.04}",none,0.85,"{""MEDICAID"": 0, ""OSEC"": 0, ""DSS"": 0, ""DHSR"": 0, ""none"": 0.85, ""DMHDDSUS"": 0, ""DEIPD"": 0, ""DSBDHH"": 0, ""DCDEE"": 0.01, ""DSOHF"": 0.01, ""DCFW"": 0, ""DAGING"": 0, ""DPH"": 0.13, ""ORH"": 0}",0.3333,0.04,0.1733,deprioritized,P(unrelated or weak)=1.00,typesafe-ai/jev,a4b41185524e,True
32b762a5-5284-4cd0-bb03-decc1b76a485,2023 Emerging Voices Small Grants Program,forecast,none,0.94,"{""strong"": 0, ""weak"": 0.06, ""none"": 0.94, ""moderate"": 0}",none,0.99,"{""G4"": 0, ""none"": 0.99, ""G3"": 0, ""G2"": 0, ""G5"": 0, ""G1"": 0.01}",atypical,0.57,"{""unclear"": 0, ""ineligible"": 0.42, ""lead"": 0, ""partner"": 0.01, ""atypical"": 0.57}",none,0.99,"{""DSBDHH"": 0, ""DMHDDSUS"": 0, ""DCDEE"": 0, ""none"": 0.99, ""DHSR"": 0, ""DEIPD"": 0, ""DSOHF"": 0, ""ORH"": 0, ""DPH"": 0, ""OSEC"": 0.01, ""DCFW"": 0, ""MEDICAID"": 0, ""DAGING"": 0, ""DSS"": 0}",0.02,0.01,0.0101,deprioritized,P(unrelated)=0.94,typesafe-ai/jev,a4b41185524e,True
331fb554-ad2f-47e1-829d-9411088ff208,Cooperative Agreement for In Vivo High-Resolution Imaging for Inner Ear Visualization (U01 Clinical Trial Required),open,weak,1.0,"{""weak"": 1, ""moderate"": 0, ""none"": 0, ""strong"": 0}",none,0.88,"{""G3"": 0, ""G4"": 0.01, ""G2"": 0, ""G1"": 0.09, ""none"": 0.88, ""G5"": 0.02}",atypical,0.87,"{""partner"": 0.13, ""unclear"": 0, ""atypical"": 0.87, ""ineligible"": 0, ""lead"": 0}",none,0.81,"{""DSS"": 0, ""DCDEE"": 0, ""ORH"": 0, ""none"": 0.81, ""DEIPD"": 0, ""DSOHF"": 0, ""DHSR"": 0, ""DCFW"": 0, ""MEDICAID"": 0, ""DAGING"": 0, ""DPH"": 0.03, ""OSEC"": 0, ""DSBDHH"": 0.16, ""DMHDDSUS"": 0}",0.3333,0.13,0.1883,deprioritized,P(unrelated or weak)=1.00,typesafe-ai/jev,a4b41185524e,True
3373f830-2c05-4b96-b486-14282c4787f1,"Interventions to expand cancer screening and preventive services to ADVANCE health in populations that experience health disparities (R01, Clinical Trial Required)",open,weak,0.59,"{""weak"": 0.59, ""strong"": 0.16, ""none"": 0, ""moderate"": 0.25}",G1,0.98,"{""G1"": 0.98, ""G3"": 0, ""G4"": 0, ""none"": 0.02, ""G2"": 0, ""G5"": 0}",partner,0.61,"{""lead"": 0.01, ""atypical"": 0.38, ""partner"": 0.61, ""ineligible"": 0, ""unclear"": 0}",DPH,0.84,"{""DSOHF"": 0, ""ORH"": 0, ""DAGING"": 0, ""DMHDDSUS"": 0, ""DCFW"": 0, ""DSBDHH"": 0, ""DCDEE"": 0, ""DSS"": 0, ""DPH"": 0.84, ""none"": 0.16, ""DEIPD"": 0, ""DHSR"": 0, ""OSEC"": 0, ""MEDICAID"": 0}",0.5233,0.62,0.4239,deep_review,not confidently irrelevant,typesafe-ai/jev,a4b41185524e,True
3378fa08-6551-4cd6-a483-590bf9b25e69,"Notice of Intent to Publish a Funding Opportunity Announcement for HIV Pediatric, Adolescent and Maternal Clinical Trials",forecast,weak,0.97,"{""strong"": 0.01, ""none"": 0, ""weak"": 0.97, ""moderate"": 0.02}",G2,0.37,"{""G5"": 0, ""G2"": 0.37, ""none"": 0.31, ""G4"": 0, ""G3"": 0, ""G1"": 0.32}",partner,0.56,"{""lead"": 0, ""atypical"": 0.43, ""partner"": 0.56, ""unclear"": 0.01, ""ineligible"": 0}",DPH,0.65,"{""DAGING"": 0, ""none"": 0.35, ""DCFW"": 0, ""DPH"": 0.65, ""OSEC"": 0, ""ORH"": 0, ""DMHDDSUS"": 0, ""MEDICAID"": 0, ""DSBDHH"": 0, ""DEIPD"": 0, ""DSOHF"": 0, ""DHSR"": 0, ""DSS"": 0, ""DCDEE"": 0}",0.3467,0.56,0.2704,deprioritized,P(unrelated or weak)=0.97,typesafe-ai/jev,a4b41185524e,True
338a8211-1705-4d21-a63b-e59ffb214ba8,RFI - DOE R,open,none,0.99,"{""weak"": 0.01, ""moderate"": 0, ""none"": 0.99, ""strong"": 0}",none,1.0,"{""G1"": 0, ""G2"": 0, ""G5"": 0, ""G4"": 0, ""none"": 1, ""G3"": 0}",atypical,0.81,"{""lead"": 0, ""unclear"": 0.04, ""partner"": 0.01, ""atypical"": 0.81, ""ineligible"": 0.14}",none,1.0,"{""DMHDDSUS"": 0, ""ORH"": 0, ""DSOHF"": 0, ""DSBDHH"": 0, ""DHSR"": 0, ""DPH"": 0, ""DAGING"": 0, ""DCFW"": 0, ""DEIPD"": 0, ""DCDEE"": 0, ""OSEC"": 0, ""MEDICAID"": 0, ""none"": 1, ""DSS"": 0}",0.0033,0.01,0.0017,deprioritized,P(unrelated)=0.99,typesafe-ai/jev,a4b41185524e,True
33908891-72ae-4968-9986-b22f495d7e53,RNomics Outreach and Coordination (ROC) Center,forecast,weak,1.0,"{""moderate"": 0, ""strong"": 0, ""none"": 0, ""weak"": 1}",none,0.88,"{""G3"": 0, ""G1"": 0, ""G2"": 0, ""none"": 0.88, ""G5"": 0.11, ""G4"": 0.01}",atypical,0.76,"{""lead"": 0.01, ""unclear"": 0, ""partner"": 0.19, ""atypical"": 0.76, ""ineligible"": 0.04}",none,0.93,"{""DSOHF"": 0, ""DSBDHH"": 0, ""DSS"": 0, ""DHSR"": 0, ""DCFW"": 0, ""DAGING"": 0, ""DMHDDSUS"": 0, ""DPH"": 0.04, ""DEIPD"": 0, ""none"": 0.93, ""ORH"": 0, ""OSEC"": 0.02, ""DCDEE"": 0, ""MEDICAID"": 0}",0.3333,0.2,0.2,deprioritized,P(unrelated or weak)=1.00,typesafe-ai/jev,a4b41185524e,True
33b8d341-8908-46c1-95c1-a8af9be3ccc8,Rural Health Value Program,forecast,moderate,0.49,"{""weak"": 0.08, ""strong"": 0.43, ""none"": 0, ""moderate"": 0.49}",G1,0.74,"{""G2"": 0, ""G5"": 0.17, ""G4"": 0, ""none"": 0.09, ""G1"": 0.74, ""G3"": 0}",partner,0.5,"{""lead"": 0.11, ""atypical"": 0.38, ""unclear"": 0.01, ""partner"": 0.5, ""ineligible"": 0}",ORH,0.85,"{""DCDEE"": 0, ""MEDICAID"": 0.13, ""DMHDDSUS"": 0, ""OSEC"": 0, ""DSOHF"": 0, ""DSS"": 0, ""DSBDHH"": 0, ""DPH"": 0, ""DCFW"": 0, ""DHSR"": 0, ""DEIPD"": 0, ""ORH"": 0.85, ""none"": 0.02, ""DAGING"": 0}",0.7833,0.61,0.6306,deep_review,not confidently irrelevant,typesafe-ai/jev,a4b41185524e,True
33e2b67d-8b5c-43ab-ba8f-d78990ee8f29,NHLBI Career Transition Award for Intramural Postdoctoral Fellows and Research Trainees (K22 Independent Clinical Trial Not Allowed),open,weak,1.0,"{""weak"": 1, ""none"": 0, ""moderate"": 0, ""strong"": 0}",none,0.9,"{""G4"": 0.1, ""G3"": 0, ""none"": 0.9, ""G1"": 0, ""G2"": 0, ""G5"": 0}",atypical,0.93,"{""lead"": 0, ""ineligible"": 0.06, ""atypical"": 0.93, ""partner"": 0.01, ""unclear"": 0}",none,0.98,"{""MEDICAID"": 0, ""DMHDDSUS"": 0, ""DCFW"": 0, ""DSOHF"": 0, ""none"": 0.98, ""DSS"": 0, ""DAGING"": 0, ""DHSR"": 0, ""DSBDHH"": 0, ""OSEC"": 0, ""ORH"": 0, ""DCDEE"": 0, ""DEIPD"": 0, ""DPH"": 0.02}",0.3333,0.01,0.1683,deprioritized,P(unrelated or weak)=1.00,typesafe-ai/jev,a4b41185524e,True
342ab033-520e-4cf7-9f23-f823535044de,Forecast to Publish a Notice of Funding Opportunity Announcement for Addressing Determinants of Health Disparities Among Rural Populations (R01 - Clinical Trial Optional),forecast,weak,0.5,"{""weak"": 0.5, ""none"": 0, ""strong"": 0.12, ""moderate"": 0.38}",G1,0.98,"{""G1"": 0.98, ""none"": 0.02, ""G3"": 0, ""G2"": 0, ""G5"": 0, ""G4"": 0}",atypical,0.58,"{""unclear"": 0.01, ""partner"": 0.38, ""ineligible"": 0, ""atypical"": 0.58, ""lead"": 0.03}",ORH,0.55,"{""MEDICAID"": 0, ""none"": 0.1, ""DSS"": 0, ""ORH"": 0.55, ""DMHDDSUS"": 0, ""DPH"": 0.34, ""DSBDHH"": 0, ""DCDEE"": 0, ""OSEC"": 0, ""DAGING"": 0, ""DEIPD"": 0, ""DSOHF"": 0, ""DCFW"": 0, ""DHSR"": 0}",0.54,0.41,0.3807,deep_review,not confidently irrelevant,typesafe-ai/jev,a4b41185524e,True
34791fde-afbf-4c3b-83c1-31bcf6c64930,Clinical and Translational Science Award,forecast,weak,0.98,"{""weak"": 0.98, ""none"": 0, ""strong"": 0.01, ""moderate"": 0.01}",none,0.7,"{""G3"": 0, ""none"": 0.7, ""G4"": 0.06, ""G2"": 0, ""G1"": 0.07, ""G5"": 0.17}",partner,0.54,"{""ineligible"": 0.01, ""atypical"": 0.45, ""unclear"": 0, ""lead"": 0, ""partner"": 0.54}",none,0.8,"{""ORH"": 0.02, ""DAGING"": 0, ""OSEC"": 0.03, ""DCDEE"": 0.01, ""DSBDHH"": 0, ""DPH"": 0.11, ""DHSR"": 0.01, ""DSS"": 0, ""DMHDDSUS"": 0, ""DCFW"": 0, ""none"": 0.8, ""DSOHF"": 0.02, ""DEIPD"": 0, ""MEDICAID"": 0}",0.3433,0.54,0.2644,deprioritized,P(unrelated or weak)=0.98,typesafe-ai/jev,a4b41185524e,True
34942f3a-232f-48f4-a624-123dd6d042a0,FY 2026 Continuation of Solicitation for the Office of Science Financial Assistance Program,open,none,0.7,"{""weak"": 0.3, ""none"": 0.7, ""strong"": 0, ""moderate"": 0}",none,1.0,"{""G3"": 0, ""none"": 1, ""G4"": 0, ""G2"": 0, ""G1"": 0, ""G5"": 0}",atypical,0.91,"{""ineligible"": 0, ""atypical"": 0.91, ""unclear"": 0.08, ""lead"": 0, ""partner"": 0.01}",none,1.0,"{""DMHDDSUS"": 0, ""DAGING"": 0, ""OSEC"": 0, ""DCDEE"": 0, ""DSBDHH"": 0, ""DPH"": 0, ""DHSR"": 0, ""DSS"": 0, ""ORH"": 0, ""MEDICAID"": 0, ""none"": 1, ""DSOHF"": 0, ""DEIPD"": 0, ""DCFW"": 0}",0.1,0.01,0.0505,deprioritized,P(unrelated or weak)=1.00,typesafe-ai/jev,a4b41185524e,True
349e5f80-2ca6-4f57-a5a0-5d753af4bfa2,NIAID Career Transition Award (K22 Independent Clinical Trial Not Allowed),open,weak,1.0,"{""moderate"": 0, ""none"": 0, ""strong"": 0, ""weak"": 1}",none,0.77,"{""G1"": 0.02, ""G2"": 0, ""G3"": 0, ""G4"": 0.2, ""G5"": 0.01, ""none"": 0.77}",atypical,0.96,"{""atypical"": 0.96, ""ineligible"": 0.01, ""lead"": 0, ""partner"": 0.03, ""unclear"": 0}",none,0.74,"{""DAGING"": 0, ""DCDEE"": 0, ""DCFW"": 0, ""DEIPD"": 0, ""DHSR"": 0, ""DMHDDSUS"": 0, ""DPH"": 0.26, ""DSBDHH"": 0, ""DSOHF"": 0, ""DSS"": 0, ""MEDICAID"": 0, ""ORH"": 0, ""OSEC"": 0, ""none"": 0.74}",0.3333,0.03,0.1717,deprioritized,P(unrelated or weak)=1.00,typesafe-ai/jev,a4b41185524e,True
34cbae0e-4ffc-46c2-bf39-c511547905a1,National Cancer Institute's Investigator-Initiated Early Phase Clinical Trials for Cancer Treatment and Diagnosis (R01 Clinical Trial Required),open,weak,1.0,"{""weak"": 1, ""none"": 0, ""moderate"": 0, ""strong"": 0}",none,0.78,"{""G4"": 0.01, ""G5"": 0.01, ""none"": 0.78, ""G1"": 0.2, ""G3"": 0, ""G2"": 0}",atypical,0.86,"{""partner"": 0.14, ""unclear"": 0, ""ineligible"": 0, ""lead"": 0, ""atypical"": 0.86}",none,0.83,"{""DMHDDSUS"": 0, ""DAGING"": 0, ""DHSR"": 0.01, ""DSS"": 0, ""DCDEE"": 0, ""DEIPD"": 0, ""none"": 0.83, ""DSOHF"": 0.01, ""DCFW"": 0, ""DPH"": 0.15, ""DSBDHH"": 0, ""OSEC"": 0, ""ORH"": 0, ""MEDICAID"": 0}",0.3333,0.14,0.19,deprioritized,P(unrelated or weak)=1.00,typesafe-ai/jev,a4b41185524e,True
34dd63c9-1540-4fb4-8e51-27adafcd5428,Integrating Biospecimen Science Approaches into Clinical Assay Development (U01 Clinical Trial Not Allowed),open,weak,1.0,"{""none"": 0, ""moderate"": 0, ""strong"": 0, ""weak"": 1}",none,0.65,"{""G2"": 0, ""none"": 0.65, ""G4"": 0.01, ""G5"": 0.29, ""G1"": 0.05, ""G3"": 0}",atypical,0.8,"{""ineligible"": 0, ""lead"": 0, ""atypical"": 0.8, ""unclear"": 0, ""partner"": 0.2}",none,0.53,"{""DEIPD"": 0, ""DSOHF"": 0, ""DCFW"": 0, ""MEDICAID"": 0, ""DSS"": 0, ""DCDEE"": 0.01, ""ORH"": 0, ""DHSR"": 0, ""none"": 0.53, ""DPH"": 0.46, ""OSEC"": 0, ""DSBDHH"": 0, ""DMHDDSUS"": 0, ""DAGING"": 0}",0.3333,0.2,0.2,deprioritized,P(unrelated or weak)=1.00,typesafe-ai/jev,a4b41185524e,True
3534db2c-f130-4af8-9ef7-48d31c15cff1,Investigator Initiated Innovation in Computational Genomics and Data Science (R01 Clinical Trial Not Allowed),open,weak,1.0,"{""strong"": 0, ""moderate"": 0, ""weak"": 1, ""none"": 0}",none,0.71,"{""G4"": 0.01, ""G2"": 0, ""G3"": 0, ""G5"": 0.28, ""G1"": 0, ""none"": 0.71}",atypical,0.86,"{""ineligible"": 0.01, ""atypical"": 0.86, ""partner"": 0.13, ""unclear"": 0, ""lead"": 0}",none,0.84,"{""DSBDHH"": 0, ""DSOHF"": 0, ""DHSR"": 0, ""DCDEE"": 0.01, ""DSS"": 0, ""DEIPD"": 0, ""DAGING"": 0, ""DCFW"": 0, ""DMHDDSUS"": 0, ""MEDICAID"": 0, ""DPH"": 0.14, ""none"": 0.84, ""ORH"": 0, ""OSEC"": 0.01}",0.3333,0.13,0.1883,deprioritized,P(unrelated or weak)=1.00,typesafe-ai/jev,a4b41185524e,True
354883d0-cdf7-4353-90d4-59d5b8f7c331,Powering Affordable Reliable Technology (PART) Energy Program,forecast,none,0.92,"{""weak"": 0.08, ""moderate"": 0, ""strong"": 0, ""none"": 0.92}",none,0.91,"{""G3"": 0, ""G4"": 0, ""G1"": 0.01, ""none"": 0.91, ""G5"": 0.08, ""G2"": 0}",atypical,0.9,"{""lead"": 0.02, ""ineligible"": 0.06, ""unclear"": 0, ""atypical"": 0.9, ""partner"": 0.02}",none,0.96,"{""DAGING"": 0, ""MEDICAID"": 0, ""DCFW"": 0, ""DSOHF"": 0, ""OSEC"": 0.01, ""DHSR"": 0, ""DMHDDSUS"": 0, ""DSS"": 0, ""DPH"": 0, ""DEIPD"": 0, ""ORH"": 0.03, ""DCDEE"": 0, ""DSBDHH"": 0, ""none"": 0.96}",0.0267,0.04,0.0139,deprioritized,P(unrelated)=0.92,typesafe-ai/jev,a4b41185524e,True
3578f3c4-3c0f-41c2-ac34-cb175fafc868,DIRECTED ENERGY TECHNOLOGY EXPERIMENTATION RESEARCH ADVANCED RESEARCH ANNOUCEMENT (DETER ARA),forecast,none,1.0,"{""none"": 1, ""weak"": 0, ""strong"": 0, ""moderate"": 0}",none,1.0,"{""none"": 1, ""G1"": 0, ""G4"": 0, ""G3"": 0, ""G2"": 0, ""G5"": 0}",atypical,0.88,"{""atypical"": 0.88, ""lead"": 0, ""partner"": 0, ""unclear"": 0.12, ""ineligible"": 0}",none,1.0,"{""DCFW"": 0, ""OSEC"": 0, ""DSOHF"": 0, ""DPH"": 0, ""ORH"": 0, ""MEDICAID"": 0, ""none"": 1, ""DMHDDSUS"": 0, ""DCDEE"": 0, ""DHSR"": 0, ""DSS"": 0, ""DAGING"": 0, ""DEIPD"": 0, ""DSBDHH"": 0}",0.0,0.0,0.0,deprioritized,P(unrelated)=1.00,typesafe-ai/jev,a4b41185524e,True
359c3aab-a025-45ab-b50f-fd088b5b7a40,2020/2021 EducationUSA Graduate Opportunity Funds Program,forecast,none,1.0,"{""none"": 1, ""weak"": 0, ""strong"": 0, ""moderate"": 0}",none,1.0,"{""none"": 1, ""G4"": 0, ""G2"": 0, ""G3"": 0, ""G1"": 0, ""G5"": 0}",ineligible,0.75,"{""atypical"": 0.25, ""lead"": 0, ""partner"": 0, ""unclear"": 0, ""ineligible"": 0.75}",none,1.0,"{""DCFW"": 0, ""OSEC"": 0, ""DHSR"": 0, ""DPH"": 0, ""ORH"": 0, ""MEDICAID"": 0, ""none"": 1, ""DSS"": 0, ""DCDEE"": 0, ""DMHDDSUS"": 0, ""DSOHF"": 0, ""DAGING"": 0, ""DEIPD"": 0, ""DSBDHH"": 0}",0.0,0.0,0.0,deprioritized,P(unrelated)=1.00,typesafe-ai/jev,a4b41185524e,True
35b62c0a-f5e0-4c40-9404-e3eec2cef9d3,"DoW Ovarian Cancer, Clinical Trial Award",open,weak,0.77,"{""moderate"": 0, ""none"": 0.23, ""strong"": 0, ""weak"": 0.77}",none,0.62,"{""G1"": 0.32, ""G2"": 0, ""G3"": 0, ""G4"": 0.01, ""G5"": 0.05, ""none"": 0.62}",atypical,0.57,"{""atypical"": 0.57, ""ineligible"": 0, ""lead"": 0, ""partner"": 0.13, ""unclear"": 0.3}",none,0.63,"{""DAGING"": 0, ""DCDEE"": 0, ""DCFW"": 0, ""DEIPD"": 0, ""DHSR"": 0, ""DMHDDSUS"": 0, ""DPH"": 0.36, ""DSBDHH"": 0, ""DSOHF"": 0.01, ""DSS"": 0, ""MEDICAID"": 0, ""ORH"": 0, ""OSEC"": 0, ""none"": 0.63}",0.2567,0.13,0.145,deprioritized,P(unrelated or weak)=1.00,typesafe-ai/jev,a4b41185524e,True
35f5f5a6-5da9-4f20-89c8-b441cfca578b,Leadership Education in Adolescent Health (LEAH),forecast,weak,0.62,"{""weak"": 0.62, ""moderate"": 0.13, ""none"": 0, ""strong"": 0.25}",G4,0.39,"{""G2"": 0.22, ""G1"": 0.09, ""G3"": 0, ""none"": 0.3, ""G4"": 0.39, ""G5"": 0}",ineligible,0.51,"{""atypical"": 0.11, ""lead"": 0, ""unclear"": 0, ""partner"": 0.38, ""ineligible"": 0.51}",none,0.71,"{""ORH"": 0.01, ""DCDEE"": 0, ""DMHDDSUS"": 0.01, ""none"": 0.71, ""DSOHF"": 0, ""DPH"": 0.21, ""DCFW"": 0.05, ""DAGING"": 0, ""MEDICAID"": 0, ""OSEC"": 0, ""DEIPD"": 0, ""DHSR"": 0.01, ""DSS"": 0, ""DSBDHH"": 0}",0.5433,0.38,0.3749,deep_review,not confidently irrelevant,typesafe-ai/jev,a4b41185524e,True
360c4588-1512-4fa4-9b61-52a3f1d6c368,"Model-to-Clinic (M2C) for Precision Medicine with AI: Integrating Imaging with Multimodal Data (PRIMED-AI) (UG3/UH3, Clinical Trial Optional)",open,weak,0.92,"{""none"": 0, ""weak"": 0.92, ""moderate"": 0.06, ""strong"": 0.02}",G5,0.68,"{""G1"": 0.05, ""none"": 0.26, ""G2"": 0, ""G3"": 0, ""G5"": 0.68, ""G4"": 0}",partner,0.53,"{""ineligible"": 0, ""partner"": 0.53, ""lead"": 0, ""atypical"": 0.47, ""unclear"": 0}",none,0.72,"{""OSEC"": 0.07, ""DPH"": 0.14, ""DSBDHH"": 0, ""ORH"": 0.02, ""DSS"": 0, ""DCFW"": 0, ""DEIPD"": 0, ""DMHDDSUS"": 0, ""none"": 0.72, ""MEDICAID"": 0.01, ""DCDEE"": 0.01, ""DAGING"": 0, ""DSOHF"": 0.02, ""DHSR"": 0.01}",0.3667,0.53,0.2805,deep_review,not confidently irrelevant,typesafe-ai/jev,a4b41185524e,True
361bdda9-215e-4064-8ce4-71e8f4980bb6,"DoW Breast Cancer, Transformative Breast Cancer Consortium Award",open,weak,0.86,"{""weak"": 0.86, ""strong"": 0, ""none"": 0.14, ""moderate"": 0}",none,0.75,"{""G1"": 0.23, ""none"": 0.75, ""G5"": 0.01, ""G2"": 0, ""G3"": 0, ""G4"": 0.01}",atypical,0.79,"{""unclear"": 0.06, ""partner"": 0.15, ""ineligible"": 0, ""atypical"": 0.79, ""lead"": 0}",none,0.73,"{""MEDICAID"": 0, ""none"": 0.73, ""ORH"": 0, ""DSS"": 0, ""DMHDDSUS"": 0, ""DPH"": 0.27, ""DCDEE"": 0, ""DSBDHH"": 0, ""OSEC"": 0, ""DAGING"": 0, ""DEIPD"": 0, ""DSOHF"": 0, ""DHSR"": 0, ""DCFW"": 0}",0.2867,0.15,0.1648,deprioritized,P(unrelated or weak)=1.00,typesafe-ai/jev,a4b41185524e,True
364c3084-41cd-4e28-b1d3-065e5cfcb1bb,Single Source for the Continuation of the Caring for OutPatiEnts after Acute Kidney Injury (COPE-AKI) Scientific and Data Research Center (U01 Clinical Trial Required),forecast,weak,0.99,"{""weak"": 0.99, ""strong"": 0, ""none"": 0, ""moderate"": 0.01}",none,0.64,"{""G1"": 0.33, ""none"": 0.64, ""G5"": 0.02, ""G2"": 0, ""G3"": 0, ""G4"": 0.01}",atypical,0.64,"{""unclear"": 0, ""partner"": 0.34, ""ineligible"": 0.02, ""atypical"": 0.64, ""lead"": 0}",none,0.81,"{""DSS"": 0, ""ORH"": 0.01, ""MEDICAID"": 0.01, ""none"": 0.81, ""DMHDDSUS"": 0, ""DPH"": 0.14, ""DSOHF"": 0.01, ""DCDEE"": 0, ""OSEC"": 0.01, ""DSBDHH"": 0, ""DEIPD"": 0, ""DAGING"": 0, ""DCFW"": 0, ""DHSR"": 0.01}",0.3367,0.34,0.2256,deprioritized,P(unrelated or weak)=0.99,typesafe-ai/jev,a4b41185524e,True
3664b7cc-4939-4406-b47f-fb9fcdba0d28,NIDCD Research Dissertation Fellowship for Au.D. Audiologists (F32),open,weak,1.0,"{""none"": 0, ""weak"": 1, ""moderate"": 0, ""strong"": 0}",none,0.77,"{""none"": 0.77, ""G2"": 0, ""G5"": 0, ""G3"": 0, ""G4"": 0.2, ""G1"": 0.03}",atypical,0.94,"{""atypical"": 0.94, ""partner"": 0.01, ""lead"": 0, ""ineligible"": 0.05, ""unclear"": 0}",none,0.8,"{""none"": 0.8, ""DSOHF"": 0, ""MEDICAID"": 0, ""DSS"": 0, ""DCFW"": 0, ""DCDEE"": 0, ""DEIPD"": 0, ""DMHDDSUS"": 0, ""DPH"": 0.01, ""ORH"": 0, ""DSBDHH"": 0.19, ""DHSR"": 0, ""OSEC"": 0, ""DAGING"": 0}",0.3333,0.01,0.1683,deprioritized,P(unrelated or weak)=1.00,typesafe-ai/jev,a4b41185524e,True
369deb5e-871b-449b-b7bf-f9fb8440c325,Rural Decentralized Water System Grant Program,open,weak,0.54,"{""weak"": 0.54, ""strong"": 0.22, ""none"": 0.05, ""moderate"": 0.19}",G1,0.59,"{""G5"": 0, ""G2"": 0.01, ""G4"": 0, ""none"": 0.4, ""G1"": 0.59, ""G3"": 0}",ineligible,0.37,"{""atypical"": 0.25, ""ineligible"": 0.37, ""unclear"": 0.14, ""partner"": 0.24, ""lead"": 0}",none,0.66,"{""DSBDHH"": 0, ""DAGING"": 0, ""DHSR"": 0.01, ""DCFW"": 0, ""DMHDDSUS"": 0, ""MEDICAID"": 0, ""DCDEE"": 0.01, ""DSOHF"": 0, ""DEIPD"": 0, ""ORH"": 0.07, ""DPH"": 0.25, ""none"": 0.66, ""OSEC"": 0, ""DSS"": 0}",0.5267,0.24,0.3265,deep_review,not confidently irrelevant,typesafe-ai/jev,a4b41185524e,True
36a9de0e-a05d-44da-a80d-521616235ffa,Accountable Institutions and Behavior,open,weak,0.64,"{""moderate"": 0.05, ""weak"": 0.64, ""strong"": 0, ""none"": 0.31}",none,0.94,"{""G2"": 0, ""G5"": 0.05, ""G1"": 0, ""G4"": 0, ""none"": 0.94, ""G3"": 0.01}",atypical,0.91,"{""atypical"": 0.91, ""partner"": 0.04, ""unclear"": 0.05, ""ineligible"": 0, ""lead"": 0}",none,0.98,"{""none"": 0.98, ""DCFW"": 0, ""ORH"": 0, ""DPH"": 0, ""DSBDHH"": 0, ""DSS"": 0, ""DSOHF"": 0, ""MEDICAID"": 0, ""OSEC"": 0.02, ""DAGING"": 0, ""DEIPD"": 0, ""DCDEE"": 0, ""DMHDDSUS"": 0, ""DHSR"": 0}",0.2467,0.04,0.1283,deprioritized,P(unrelated or weak)=0.95,typesafe-ai/jev,a4b41185524e,True
36aecb34-d726-444e-88f4-a5f2edecc41a,"DoW Traumatic Brain Injury and Psychological Health, Clinical Trial Award",open,weak,0.73,"{""weak"": 0.73, ""strong"": 0, ""moderate"": 0, ""none"": 0.27}",G3,0.64,"{""G3"": 0.64, ""G4"": 0, ""G1"": 0.01, ""G2"": 0, ""G5"": 0, ""none"": 0.35}",atypical,0.76,"{""lead"": 0, ""ineligible"": 0, ""unclear"": 0.1, ""atypical"": 0.76, ""partner"": 0.14}",none,0.65,"{""DAGING"": 0, ""MEDICAID"": 0, ""DCFW"": 0, ""DSOHF"": 0.02, ""OSEC"": 0, ""DHSR"": 0, ""DMHDDSUS"": 0.28, ""DSS"": 0, ""DPH"": 0.04, ""DEIPD"": 0, ""ORH"": 0, ""DCDEE"": 0, ""DSBDHH"": 0, ""none"": 0.65}",0.2433,0.14,0.1387,deprioritized,P(unrelated or weak)=1.00,typesafe-ai/jev,a4b41185524e,True
36b6fe58-bbed-461b-b995-c43ac2fbfa22,Toward Translation of Nanotechnology Cancer Interventions (TTNCI; R01 Clinical Trial Not Allowed),open,weak,1.0,"{""weak"": 1, ""strong"": 0, ""none"": 0, ""moderate"": 0}",none,0.81,"{""G1"": 0.15, ""G3"": 0, ""G4"": 0.01, ""none"": 0.81, ""G2"": 0, ""G5"": 0.03}",atypical,0.91,"{""partner"": 0.09, ""atypical"": 0.91, ""ineligible"": 0, ""lead"": 0, ""unclear"": 0}",none,0.89,"{""DSOHF"": 0.01, ""ORH"": 0, ""DAGING"": 0, ""DMHDDSUS"": 0, ""MEDICAID"": 0, ""DSBDHH"": 0, ""DCDEE"": 0, ""DSS"": 0, ""DPH"": 0.1, ""DHSR"": 0, ""DCFW"": 0, ""none"": 0.89, ""OSEC"": 0, ""DEIPD"": 0}",0.3333,0.09,0.1817,deprioritized,P(unrelated or weak)=1.00,typesafe-ai/jev,a4b41185524e,True
36d76c44-9502-42f2-9387-65ea2a6d157a,NIH Small Research Grant Program (Parent R03 Clinical Trial Not Allowed),open,weak,1.0,"{""moderate"": 0, ""strong"": 0, ""weak"": 1, ""none"": 0}",none,0.82,"{""G3"": 0.08, ""none"": 0.82, ""G5"": 0.07, ""G1"": 0.01, ""G2"": 0, ""G4"": 0.02}",atypical,0.89,"{""atypical"": 0.89, ""partner"": 0.1, ""lead"": 0.01, ""unclear"": 0, ""ineligible"": 0}",none,0.62,"{""DSOHF"": 0.01, ""MEDICAID"": 0, ""DEIPD"": 0, ""DSS"": 0, ""DCFW"": 0, ""DHSR"": 0, ""ORH"": 0.01, ""OSEC"": 0.01, ""DAGING"": 0, ""DCDEE"": 0.01, ""DPH"": 0.29, ""DSBDHH"": 0, ""DMHDDSUS"": 0.05, ""none"": 0.62}",0.3333,0.11,0.185,deprioritized,P(unrelated or weak)=1.00,typesafe-ai/jev,a4b41185524e,True
36ef084c-de7b-4a08-987a-347a2e8e1dc0,Emerging Global Leader Award (K43 Independent Clinical Trial Not Allowed),open,weak,0.91,"{""weak"": 0.91, ""none"": 0.09, ""moderate"": 0, ""strong"": 0}",none,0.99,"{""G5"": 0, ""G4"": 0.01, ""none"": 0.99, ""G3"": 0, ""G1"": 0, ""G2"": 0}",ineligible,0.99,"{""lead"": 0, ""unclear"": 0, ""ineligible"": 0.99, ""atypical"": 0.01, ""partner"": 0}",none,1.0,"{""DHSR"": 0, ""DSS"": 0, ""DPH"": 0, ""DMHDDSUS"": 0, ""OSEC"": 0, ""DCFW"": 0, ""DCDEE"": 0, ""DEIPD"": 0, ""DAGING"": 0, ""DSBDHH"": 0, ""DSOHF"": 0, ""none"": 1, ""ORH"": 0, ""MEDICAID"": 0}",0.3033,0.0,0.1517,deprioritized,P(unrelated or weak)=1.00,typesafe-ai/jev,a4b41185524e,True
36fa146e-a461-4128-99a4-a65bc83aa928,Exploratory/Developmental Bioengineering Research Grants (EBRG) (R21 Clinical Trial Optional),open,weak,1.0,"{""weak"": 1, ""strong"": 0, ""moderate"": 0, ""none"": 0}",none,0.61,"{""G4"": 0, ""none"": 0.61, ""G5"": 0.32, ""G1"": 0.07, ""G2"": 0, ""G3"": 0}",atypical,0.87,"{""lead"": 0, ""partner"": 0.13, ""ineligible"": 0, ""unclear"": 0, ""atypical"": 0.87}",none,0.84,"{""DSOHF"": 0.01, ""DEIPD"": 0, ""DHSR"": 0.01, ""DAGING"": 0, ""DSBDHH"": 0, ""DCDEE"": 0.01, ""DMHDDSUS"": 0, ""DPH"": 0.12, ""OSEC"": 0, ""DCFW"": 0, ""DSS"": 0, ""MEDICAID"": 0, ""none"": 0.84, ""ORH"": 0.01}",0.3333,0.13,0.1883,deprioritized,P(unrelated or weak)=1.00,typesafe-ai/jev,a4b41185524e,True
3702dc53-99c8-4506-ac67-4a017e0bdc73,Advancing Research on Empirically-Supported Interventions for Older Adults Living with Serious Mental Illness (SMI) (R01 Clinical Trial Optional),open,weak,0.74,"{""none"": 0, ""weak"": 0.74, ""moderate"": 0.22, ""strong"": 0.04}",G3,0.92,"{""G4"": 0, ""none"": 0.05, ""G3"": 0.92, ""G1"": 0.03, ""G5"": 0, ""G2"": 0}",atypical,0.6,"{""partner"": 0.39, ""ineligible"": 0, ""unclear"": 0, ""lead"": 0.01, ""atypical"": 0.6}",DMHDDSUS,0.76,"{""DSOHF"": 0, ""MEDICAID"": 0, ""DEIPD"": 0, ""DCFW"": 0, ""OSEC"": 0, ""DSBDHH"": 0, ""none"": 0.22, ""DCDEE"": 0, ""ORH"": 0, ""DHSR"": 0, ""DSS"": 0, ""DAGING"": 0.02, ""DPH"": 0, ""DMHDDSUS"": 0.76}",0.4333,0.4,0.3033,deep_review,not confidently irrelevant,typesafe-ai/jev,a4b41185524e,True
3820f2c5-4b44-47ad-8a29-9f6084d60bb2,Pilot and Feasibility Studies in Preparation for Substance Use and HIV Prevention Intervention and Services Research Trials,forecast,moderate,0.52,"{""none"": 0, ""weak"": 0.15, ""moderate"": 0.52, ""strong"": 0.33}",G3,0.97,"{""G1"": 0, ""none"": 0.03, ""G5"": 0, ""G3"": 0.97, ""G4"": 0, ""G2"": 0}",partner,0.64,"{""atypical"": 0.22, ""lead"": 0.12, ""partner"": 0.64, ""ineligible"": 0.01, ""unclear"": 0.01}",DMHDDSUS,0.92,"{""OSEC"": 0, ""DPH"": 0.04, ""DSBDHH"": 0, ""ORH"": 0, ""DSS"": 0, ""DCFW"": 0, ""DEIPD"": 0, ""none"": 0.04, ""DMHDDSUS"": 0.92, ""MEDICAID"": 0, ""DAGING"": 0, ""DCDEE"": 0, ""DSOHF"": 0, ""DHSR"": 0}",0.7267,0.76,0.6395,deep_review,not confidently irrelevant,typesafe-ai/jev,a4b41185524e,True
38699563-a819-4aef-9f49-6d7299c9d7ac,Ambassador’s Special Self-Help Fund,forecast,none,0.84,"{""strong"": 0, ""moderate"": 0, ""none"": 0.84, ""weak"": 0.16}",none,0.98,"{""G2"": 0, ""G4"": 0, ""none"": 0.98, ""G1"": 0.02, ""G3"": 0, ""G5"": 0}",ineligible,0.97,"{""atypical"": 0.01, ""unclear"": 0.01, ""ineligible"": 0.97, ""partner"": 0.01, ""lead"": 0}",none,0.98,"{""DCDEE"": 0, ""DEIPD"": 0, ""none"": 0.98, ""DPH"": 0.01, ""DMHDDSUS"": 0, ""DSBDHH"": 0, ""DSOHF"": 0, ""MEDICAID"": 0, ""ORH"": 0, ""OSEC"": 0.01, ""DHSR"": 0, ""DSS"": 0, ""DCFW"": 0, ""DAGING"": 0}",0.0533,0.01,0.0269,deprioritized,P(unrelated or weak)=1.00,typesafe-ai/jev,a4b41185524e,True
386ceabf-3def-4e13-b6da-cde46ec50841,Division of Integrative Organismal Systems Core Programs (IOS),open,weak,0.88,"{""moderate"": 0, ""none"": 0.12, ""strong"": 0, ""weak"": 0.88}",none,1.0,"{""G3"": 0, ""none"": 1, ""G4"": 0, ""G5"": 0, ""G1"": 0, ""G2"": 0}",ineligible,0.88,"{""partner"": 0.03, ""ineligible"": 0.88, ""lead"": 0, ""unclear"": 0, ""atypical"": 0.09}",none,0.99,"{""DHSR"": 0, ""none"": 0.99, ""DCDEE"": 0, ""DMHDDSUS"": 0, ""DSS"": 0, ""DSOHF"": 0, ""DAGING"": 0, ""DSBDHH"": 0, ""DPH"": 0.01, ""ORH"": 0, ""DEIPD"": 0, ""MEDICAID"": 0, ""DCFW"": 0, ""OSEC"": 0}",0.2933,0.03,0.1511,deprioritized,P(unrelated or weak)=1.00,typesafe-ai/jev,a4b41185524e,True
38cdea15-d733-4596-811b-4cc471eb92ad,Notice of Intent to Publish a Funding Opportunity Announcement for Morris K. Udall Discovery Centers without Walls (DCWoW) for Parkinson's Disease Research (RM1 - Clinical Trial Optional),forecast,weak,1.0,"{""strong"": 0, ""moderate"": 0, ""weak"": 1, ""none"": 0}",none,0.79,"{""G5"": 0, ""G3"": 0, ""G4"": 0.01, ""G1"": 0.2, ""G2"": 0, ""none"": 0.79}",atypical,0.83,"{""lead"": 0, ""partner"": 0.16, ""atypical"": 0.83, ""ineligible"": 0, ""unclear"": 0.01}",none,0.81,"{""MEDICAID"": 0, ""OSEC"": 0, ""ORH"": 0, ""DAGING"": 0.01, ""DMHDDSUS"": 0.02, ""DCFW"": 0, ""none"": 0.81, ""DPH"": 0.15, ""DSS"": 0, ""DSBDHH"": 0, ""DSOHF"": 0, ""DEIPD"": 0, ""DHSR"": 0, ""DCDEE"": 0}",0.3333,0.16,0.1933,deprioritized,P(unrelated or weak)=1.00,typesafe-ai/jev,a4b41185524e,True
38e79010-c2a9-4d5f-bf81-cede591318e4,Centers of Excellence in Healthcare Quality and Safety,forecast,strong,0.87,"{""strong"": 0.87, ""moderate"": 0.12, ""none"": 0, ""weak"": 0.01}",G5,0.53,"{""G1"": 0.15, ""G2"": 0.01, ""G3"": 0, ""none"": 0.28, ""G5"": 0.53, ""G4"": 0.03}",partner,0.89,"{""partner"": 0.89, ""lead"": 0.03, ""ineligible"": 0, ""atypical"": 0.07, ""unclear"": 0.01}",DPH,0.95,"{""DSOHF"": 0, ""DCFW"": 0, ""DSBDHH"": 0, ""DSS"": 0, ""DEIPD"": 0, ""ORH"": 0.01, ""DAGING"": 0, ""DHSR"": 0.03, ""MEDICAID"": 0, ""DCDEE"": 0, ""none"": 0.01, ""DPH"": 0.95, ""DMHDDSUS"": 0, ""OSEC"": 0}",0.9533,0.92,0.9152,deep_review,not confidently irrelevant,typesafe-ai/jev,a4b41185524e,True
39082d33-81a4-4136-8e86-aa33bbfc438b,Laboratories to Optimize Digital Health (R01 Clinical Trial Required),open,weak,0.9,"{""weak"": 0.9, ""none"": 0, ""strong"": 0.02, ""moderate"": 0.08}",G3,0.9,"{""G1"": 0, ""G2"": 0, ""G5"": 0.05, ""none"": 0.05, ""G3"": 0.9, ""G4"": 0}",atypical,0.66,"{""ineligible"": 0, ""partner"": 0.33, ""lead"": 0.01, ""unclear"": 0, ""atypical"": 0.66}",DMHDDSUS,0.75,"{""DSOHF"": 0, ""OSEC"": 0, ""ORH"": 0, ""DCDEE"": 0, ""DCFW"": 0, ""none"": 0.22, ""DAGING"": 0, ""MEDICAID"": 0, ""DMHDDSUS"": 0.75, ""DEIPD"": 0, ""DSS"": 0, ""DHSR"": 0, ""DSBDHH"": 0, ""DPH"": 0.03}",0.3733,0.34,0.2501,deep_review,not confidently irrelevant,typesafe-ai/jev,a4b41185524e,True
392e3547-dea5-4af0-bb7d-02d3cb7b4de2,Faculty Early Career Development Program,open,weak,0.57,"{""moderate"": 0.01, ""none"": 0.42, ""strong"": 0, ""weak"": 0.57}",none,0.98,"{""G1"": 0, ""G2"": 0, ""G3"": 0, ""G4"": 0.01, ""G5"": 0.01, ""none"": 0.98}",ineligible,0.57,"{""atypical"": 0.26, ""ineligible"": 0.57, ""lead"": 0, ""partner"": 0.17, ""unclear"": 0}",none,0.93,"{""DAGING"": 0, ""DCDEE"": 0, ""DCFW"": 0, ""DEIPD"": 0, ""DHSR"": 0, ""DMHDDSUS"": 0, ""DPH"": 0.06, ""DSBDHH"": 0, ""DSOHF"": 0, ""DSS"": 0, ""MEDICAID"": 0, ""ORH"": 0, ""OSEC"": 0.01, ""none"": 0.93}",0.1967,0.17,0.115,deprioritized,P(unrelated or weak)=0.99,typesafe-ai/jev,a4b41185524e,True
3950a8ea-a5c8-4b0a-b5ea-670c8db6dc77,Forecast to Renew the Funding Opportunity Announcement for Multiple Chronic Disease Research Centers Coordinating Center (U24 Clinical Trial Not Required),forecast,weak,0.9,"{""strong"": 0.03, ""weak"": 0.9, ""none"": 0, ""moderate"": 0.07}",G1,0.55,"{""G4"": 0.01, ""none"": 0.42, ""G3"": 0, ""G2"": 0, ""G5"": 0.02, ""G1"": 0.55}",partner,0.51,"{""ineligible"": 0, ""unclear"": 0.01, ""lead"": 0, ""partner"": 0.51, ""atypical"": 0.48}",DPH,0.65,"{""DSBDHH"": 0, ""DMHDDSUS"": 0, ""DCDEE"": 0.01, ""none"": 0.34, ""DSS"": 0, ""DEIPD"": 0, ""DSOHF"": 0, ""ORH"": 0, ""DCFW"": 0, ""OSEC"": 0, ""DPH"": 0.65, ""MEDICAID"": 0, ""DAGING"": 0, ""DHSR"": 0}",0.3767,0.51,0.2844,deep_review,not confidently irrelevant,typesafe-ai/jev,a4b41185524e,True
39cfe6c4-f7b8-4c54-973f-61e7312aaab0,U.S. Mission Italy PDS Annual Program Statement,forecast,none,1.0,"{""weak"": 0, ""none"": 1, ""moderate"": 0, ""strong"": 0}",none,1.0,"{""G5"": 0, ""G3"": 0, ""none"": 1, ""G4"": 0, ""G2"": 0, ""G1"": 0}",atypical,0.51,"{""lead"": 0.04, ""partner"": 0.03, ""ineligible"": 0.42, ""atypical"": 0.51, ""unclear"": 0}",none,0.99,"{""DHSR"": 0, ""DSS"": 0, ""DPH"": 0, ""OSEC"": 0.01, ""DMHDDSUS"": 0, ""DCFW"": 0, ""DCDEE"": 0, ""DEIPD"": 0, ""DAGING"": 0, ""DSBDHH"": 0, ""none"": 0.99, ""DSOHF"": 0, ""ORH"": 0, ""MEDICAID"": 0}",0.0,0.07,0.0,deprioritized,P(unrelated)=1.00,typesafe-ai/jev,a4b41185524e,True
39dec6be-55d0-4622-9703-fd1b7909fb1c,Coordinating Center for Language Access Services,forecast,strong,0.8,"{""weak"": 0.05, ""strong"": 0.8, ""none"": 0, ""moderate"": 0.15}",G1,0.99,"{""G1"": 0.99, ""none"": 0.01, ""G3"": 0, ""G2"": 0, ""G5"": 0, ""G4"": 0}",partner,0.53,"{""unclear"": 0.01, ""atypical"": 0.18, ""ineligible"": 0.05, ""partner"": 0.53, ""lead"": 0.23}",DPH,0.67,"{""MEDICAID"": 0.02, ""ORH"": 0.04, ""DSS"": 0, ""none"": 0.12, ""DMHDDSUS"": 0, ""DPH"": 0.67, ""DSBDHH"": 0.02, ""DSOHF"": 0, ""OSEC"": 0.13, ""DCDEE"": 0, ""DEIPD"": 0, ""DAGING"": 0, ""DHSR"": 0, ""DCFW"": 0}",0.9167,0.76,0.8067,deep_review,not confidently irrelevant,typesafe-ai/jev,a4b41185524e,True
3a152e00-fe8e-4e29-b30e-efc659bb83dd,Intervention Research to Improve Native American Health,forecast,weak,0.6,"{""weak"": 0.6, ""moderate"": 0.32, ""strong"": 0.08, ""none"": 0}",G3,0.6,"{""G3"": 0.6, ""G4"": 0, ""G1"": 0.28, ""none"": 0.12, ""G5"": 0, ""G2"": 0}",partner,0.53,"{""lead"": 0.03, ""unclear"": 0, ""ineligible"": 0.01, ""atypical"": 0.43, ""partner"": 0.53}",DMHDDSUS,0.66,"{""DAGING"": 0, ""MEDICAID"": 0, ""DCFW"": 0, ""DSOHF"": 0.01, ""OSEC"": 0, ""DHSR"": 0, ""DSS"": 0, ""DMHDDSUS"": 0.66, ""DPH"": 0.15, ""DEIPD"": 0, ""DSBDHH"": 0, ""DCDEE"": 0, ""ORH"": 0.01, ""none"": 0.17}",0.4933,0.56,0.3848,deep_review,not confidently irrelevant,typesafe-ai/jev,a4b41185524e,True
3a1c4127-9699-412d-8904-742bbf20a33a,Maternal and Child Health Encounters Networks (MCHEK),forecast,strong,0.86,"{""moderate"": 0.1, ""none"": 0, ""strong"": 0.86, ""weak"": 0.04}",G2,0.94,"{""G1"": 0.04, ""G2"": 0.94, ""G3"": 0, ""G4"": 0, ""G5"": 0, ""none"": 0.02}",partner,0.62,"{""atypical"": 0.24, ""ineligible"": 0, ""lead"": 0.12, ""partner"": 0.62, ""unclear"": 0.02}",DPH,0.99,"{""DAGING"": 0, ""DCDEE"": 0, ""DCFW"": 0, ""DEIPD"": 0, ""DHSR"": 0, ""DMHDDSUS"": 0, ""DPH"": 0.99, ""DSBDHH"": 0, ""DSOHF"": 0, ""DSS"": 0, ""MEDICAID"": 0, ""ORH"": 0, ""OSEC"": 0, ""none"": 0.01}",0.94,0.74,0.8178,deep_review,not confidently irrelevant,typesafe-ai/jev,a4b41185524e,True
3a6fe056-f3c6-43b5-b764-9f890efd4998,Urban Indian Health 4-in-1 Program,forecast,weak,0.51,"{""moderate"": 0.18, ""strong"": 0.24, ""none"": 0.07, ""weak"": 0.51}",none,0.77,"{""G5"": 0, ""G1"": 0.15, ""G2"": 0, ""G3"": 0.08, ""none"": 0.77, ""G4"": 0}",ineligible,0.93,"{""unclear"": 0, ""atypical"": 0.01, ""ineligible"": 0.93, ""partner"": 0.06, ""lead"": 0}",none,0.95,"{""DSBDHH"": 0, ""DSOHF"": 0, ""DCDEE"": 0, ""ORH"": 0, ""DAGING"": 0, ""DMHDDSUS"": 0.02, ""DCFW"": 0, ""DSS"": 0, ""DHSR"": 0, ""MEDICAID"": 0, ""DPH"": 0.03, ""none"": 0.95, ""OSEC"": 0, ""DEIPD"": 0}",0.53,0.06,0.2809,deprioritized,P(ineligible)=0.93,typesafe-ai/jev,a4b41185524e,True
3b08a0b1-2c47-4c2d-be75-fa522a98c2f9,Alumni Engagement Innovation Fund 2024,forecast,none,1.0,"{""moderate"": 0, ""none"": 1, ""weak"": 0, ""strong"": 0}",none,1.0,"{""G4"": 0, ""none"": 1, ""G3"": 0, ""G5"": 0, ""G1"": 0, ""G2"": 0}",ineligible,0.96,"{""unclear"": 0, ""ineligible"": 0.96, ""lead"": 0, ""partner"": 0, ""atypical"": 0.04}",none,1.0,"{""DCFW"": 0, ""MEDICAID"": 0, ""DCDEE"": 0, ""none"": 1, ""DAGING"": 0, ""DHSR"": 0, ""DSS"": 0, ""DSOHF"": 0, ""OSEC"": 0, ""DMHDDSUS"": 0, ""DPH"": 0, ""ORH"": 0, ""DEIPD"": 0, ""DSBDHH"": 0}",0.0,0.0,0.0,deprioritized,P(unrelated)=1.00,typesafe-ai/jev,a4b41185524e,True
3b1f9c55-84e6-4740-aab5-c48b5f95646a,Strengthening Global Health Security through local partnerships in Sierra Leone,open,weak,0.97,"{""none"": 0.03, ""weak"": 0.97, ""strong"": 0, ""moderate"": 0}",none,0.96,"{""none"": 0.96, ""G5"": 0.02, ""G4"": 0.01, ""G3"": 0, ""G2"": 0, ""G1"": 0.01}",atypical,0.44,"{""atypical"": 0.44, ""lead"": 0.05, ""partner"": 0.42, ""unclear"": 0.06, ""ineligible"": 0.03}",none,0.53,"{""DCFW"": 0, ""OSEC"": 0, ""DSOHF"": 0, ""DSBDHH"": 0, ""ORH"": 0, ""MEDICAID"": 0, ""none"": 0.53, ""DMHDDSUS"": 0, ""DCDEE"": 0, ""DSS"": 0, ""DPH"": 0.47, ""DAGING"": 0, ""DEIPD"": 0, ""DHSR"": 0}",0.3233,0.47,0.2376,deprioritized,P(unrelated or weak)=1.00,typesafe-ai/jev,a4b41185524e,True
3b449ff6-a5ab-45f4-8416-a6d5d8a0786c,"DoW, Ovarian Cancer, Investigator-Initiated Research Award",open,weak,0.87,"{""weak"": 0.87, ""moderate"": 0, ""strong"": 0, ""none"": 0.13}",none,0.85,"{""G3"": 0, ""G4"": 0.01, ""G1"": 0.13, ""none"": 0.85, ""G5"": 0.01, ""G2"": 0}",atypical,0.94,"{""lead"": 0, ""unclear"": 0.04, ""ineligible"": 0.01, ""atypical"": 0.94, ""partner"": 0.01}",none,0.89,"{""DAGING"": 0, ""MEDICAID"": 0, ""DCFW"": 0, ""DSOHF"": 0, ""OSEC"": 0, ""DMHDDSUS"": 0, ""DSS"": 0, ""DHSR"": 0, ""DPH"": 0.11, ""DSBDHH"": 0, ""DEIPD"": 0, ""DCDEE"": 0, ""ORH"": 0, ""none"": 0.89}",0.29,0.01,0.1464,deprioritized,P(unrelated or weak)=1.00,typesafe-ai/jev,a4b41185524e,True
3b532f3c-e668-47f2-b108-6a468aa9277d,EPSCoR Research Infrastructure Improvement Program: EPSCoR Collaborations for Optimizing Research Ecosystems,open,none,0.55,"{""weak"": 0.42, ""strong"": 0.01, ""moderate"": 0.02, ""none"": 0.55}",none,0.81,"{""G1"": 0, ""G4"": 0.08, ""G5"": 0.11, ""none"": 0.81, ""G2"": 0, ""G3"": 0}",partner,0.44,"{""ineligible"": 0.01, ""partner"": 0.44, ""atypical"": 0.4, ""lead"": 0.15, ""unclear"": 0}",none,0.88,"{""DPH"": 0.01, ""DAGING"": 0, ""MEDICAID"": 0, ""ORH"": 0.01, ""DSBDHH"": 0, ""none"": 0.88, ""DHSR"": 0, ""OSEC"": 0.1, ""DSS"": 0, ""DEIPD"": 0, ""DMHDDSUS"": 0, ""DCDEE"": 0, ""DSOHF"": 0, ""DCFW"": 0}",0.1633,0.59,0.1298,deprioritized,P(unrelated or weak)=0.97,typesafe-ai/jev,a4b41185524e,True
3b67e2c0-f0d7-44ac-b43e-3d4503b65c06,U.S. Embassy Cairo Public Diplomacy Section  Annual Program Statement,forecast,none,1.0,"{""weak"": 0, ""none"": 1, ""moderate"": 0, ""strong"": 0}",none,1.0,"{""G4"": 0, ""G3"": 0, ""none"": 1, ""G5"": 0, ""G2"": 0, ""G1"": 0}",ineligible,0.59,"{""ineligible"": 0.59, ""lead"": 0, ""atypical"": 0.35, ""partner"": 0.01, ""unclear"": 0.05}",none,1.0,"{""DSOHF"": 0, ""DCDEE"": 0, ""DCFW"": 0, ""DHSR"": 0, ""none"": 1, ""DSS"": 0, ""DAGING"": 0, ""MEDICAID"": 0, ""DSBDHH"": 0, ""OSEC"": 0, ""ORH"": 0, ""DPH"": 0, ""DEIPD"": 0, ""DMHDDSUS"": 0}",0.0,0.01,0.0,deprioritized,P(unrelated)=1.00,typesafe-ai/jev,a4b41185524e,True
3b811770-3f95-4ee9-ac57-6fe99d2e8e01,Integrated Food Safety System Regulatory and Laboratory Training System National Coordination Center,forecast,strong,0.62,"{""weak"": 0.08, ""none"": 0, ""moderate"": 0.3, ""strong"": 0.62}",G5,0.47,"{""G4"": 0.15, ""G3"": 0, ""none"": 0.37, ""G5"": 0.47, ""G2"": 0, ""G1"": 0.01}",partner,0.69,"{""ineligible"": 0.04, ""lead"": 0.19, ""atypical"": 0.08, ""partner"": 0.69, ""unclear"": 0}",DPH,0.73,"{""MEDICAID"": 0, ""DHSR"": 0.01, ""DCFW"": 0.01, ""DCDEE"": 0.01, ""none"": 0.24, ""DSS"": 0, ""DAGING"": 0, ""DSOHF"": 0, ""DSBDHH"": 0, ""OSEC"": 0, ""ORH"": 0, ""DMHDDSUS"": 0, ""DEIPD"": 0, ""DPH"": 0.73}",0.8467,0.88,0.7959,deep_review,not confidently irrelevant,typesafe-ai/jev,a4b41185524e,True
3b8335e8-d6f3-496c-a96e-e123e2614971,"DoW Parkinson’s, Investigator-Initiated Research Award",open,weak,0.79,"{""weak"": 0.79, ""strong"": 0, ""moderate"": 0, ""none"": 0.21}",none,0.85,"{""G3"": 0, ""G5"": 0.01, ""G1"": 0.13, ""G2"": 0, ""G4"": 0.01, ""none"": 0.85}",atypical,0.91,"{""ineligible"": 0, ""unclear"": 0.05, ""atypical"": 0.91, ""lead"": 0, ""partner"": 0.04}",none,0.89,"{""DAGING"": 0, ""DHSR"": 0, ""ORH"": 0, ""DPH"": 0.09, ""DCFW"": 0, ""DSS"": 0, ""OSEC"": 0, ""DMHDDSUS"": 0.01, ""DCDEE"": 0, ""MEDICAID"": 0, ""DSOHF"": 0.01, ""DEIPD"": 0, ""none"": 0.89, ""DSBDHH"": 0}",0.2633,0.04,0.1369,deprioritized,P(unrelated or weak)=1.00,typesafe-ai/jev,a4b41185524e,True
3bcda474-f002-4d74-8b8c-9b179df30300,Childhood Asthma in Urban Settings Clinical Research Network,forecast,weak,0.96,"{""strong"": 0.01, ""none"": 0, ""moderate"": 0.03, ""weak"": 0.96}",G2,0.47,"{""G2"": 0.47, ""G4"": 0, ""none"": 0.08, ""G1"": 0.45, ""G3"": 0, ""G5"": 0}",partner,0.63,"{""atypical"": 0.31, ""unclear"": 0, ""ineligible"": 0.04, ""partner"": 0.63, ""lead"": 0.02}",DPH,0.73,"{""DSBDHH"": 0, ""DEIPD"": 0, ""none"": 0.26, ""DPH"": 0.73, ""DCDEE"": 0.01, ""DAGING"": 0, ""DSOHF"": 0, ""MEDICAID"": 0, ""ORH"": 0, ""OSEC"": 0, ""DHSR"": 0, ""DSS"": 0, ""DCFW"": 0, ""DMHDDSUS"": 0}",0.35,0.65,0.2887,deprioritized,P(unrelated or weak)=0.96,typesafe-ai/jev,a4b41185524e,True
3be7eb71-7a13-4cfd-96bf-54b554f081a4,"DoW Joint Warfighter Medical, Military Medical Research and Development Award",open,none,0.67,"{""none"": 0.67, ""weak"": 0.33, ""moderate"": 0, ""strong"": 0}",none,0.98,"{""none"": 0.98, ""G5"": 0.01, ""G4"": 0, ""G1"": 0.01, ""G3"": 0, ""G2"": 0}",atypical,0.72,"{""partner"": 0.03, ""unclear"": 0.06, ""ineligible"": 0.19, ""lead"": 0, ""atypical"": 0.72}",none,0.98,"{""DMHDDSUS"": 0, ""DCFW"": 0, ""DHSR"": 0, ""DSS"": 0, ""DCDEE"": 0, ""DEIPD"": 0, ""none"": 0.98, ""DSOHF"": 0.01, ""ORH"": 0, ""DPH"": 0.01, ""DAGING"": 0, ""DSBDHH"": 0, ""OSEC"": 0, ""MEDICAID"": 0}",0.11,0.03,0.0566,deprioritized,P(unrelated or weak)=1.00,typesafe-ai/jev,a4b41185524e,True
3c1f350b-8a60-43ae-baa3-a5a20959845f,Tribal Broadband Connectivity Program,open,none,0.49,"{""weak"": 0.46, ""moderate"": 0.03, ""none"": 0.49, ""strong"": 0.02}",none,0.88,"{""G2"": 0, ""G1"": 0.11, ""G5"": 0.01, ""none"": 0.88, ""G4"": 0, ""G3"": 0}",ineligible,0.98,"{""unclear"": 0, ""lead"": 0, ""atypical"": 0, ""partner"": 0.02, ""ineligible"": 0.98}",none,0.93,"{""ORH"": 0.04, ""DCDEE"": 0, ""DHSR"": 0, ""none"": 0.93, ""DSOHF"": 0, ""DPH"": 0, ""DCFW"": 0, ""DAGING"": 0, ""MEDICAID"": 0, ""OSEC"": 0.03, ""DEIPD"": 0, ""DMHDDSUS"": 0, ""DSS"": 0, ""DSBDHH"": 0}",0.1933,0.02,0.0986,deprioritized,P(unrelated or weak)=0.95,typesafe-ai/jev,a4b41185524e,True
3c36bc50-73ae-42ad-a727-fae640dad5c9,Comprehensive Suicide Prevention Program for States,forecast,strong,1.0,"{""weak"": 0, ""strong"": 1, ""none"": 0, ""moderate"": 0}",G3,0.99,"{""G2"": 0, ""G3"": 0.99, ""G4"": 0, ""none"": 0, ""G1"": 0.01, ""G5"": 0}",lead,0.9,"{""unclear"": 0, ""ineligible"": 0, ""partner"": 0.1, ""atypical"": 0, ""lead"": 0.9}",DPH,0.82,"{""DCDEE"": 0, ""DSS"": 0, ""DMHDDSUS"": 0.18, ""DSBDHH"": 0, ""DSOHF"": 0, ""OSEC"": 0, ""MEDICAID"": 0, ""DPH"": 0.82, ""DCFW"": 0, ""DEIPD"": 0, ""DHSR"": 0, ""ORH"": 0, ""none"": 0, ""DAGING"": 0}",1.0,1.0,1.0,deep_review,not confidently irrelevant,typesafe-ai/jev,a4b41185524e,True
3c467ec1-a043-43ff-82ec-9aaccaf859d1,BRAIN Initiative: Reagent Resources for Brain Cell Type-Specific Access to Broaden Distribution of Enabling Technologies for Neuroscience (U24 Clinical Trial Not Allowed),open,weak,1.0,"{""weak"": 1, ""none"": 0, ""moderate"": 0, ""strong"": 0}",none,0.89,"{""G5"": 0.04, ""G3"": 0.01, ""none"": 0.89, ""G4"": 0.03, ""G1"": 0.03, ""G2"": 0}",atypical,0.94,"{""lead"": 0, ""unclear"": 0, ""ineligible"": 0, ""atypical"": 0.94, ""partner"": 0.06}",none,0.93,"{""DHSR"": 0, ""DSS"": 0, ""DPH"": 0.04, ""OSEC"": 0, ""DMHDDSUS"": 0.02, ""DCFW"": 0, ""DCDEE"": 0, ""DEIPD"": 0, ""DAGING"": 0, ""DSBDHH"": 0, ""none"": 0.93, ""DSOHF"": 0, ""ORH"": 0, ""MEDICAID"": 0}",0.3333,0.06,0.1767,deprioritized,P(unrelated or weak)=1.00,typesafe-ai/jev,a4b41185524e,True
3c97fce6-542d-44d5-9d28-a33bd11d22ec,"DoW, Ovarian Cancer, Pilot Award",open,weak,0.81,"{""strong"": 0, ""moderate"": 0, ""none"": 0.19, ""weak"": 0.81}",none,0.92,"{""G5"": 0.01, ""G1"": 0.06, ""G2"": 0, ""G3"": 0, ""none"": 0.92, ""G4"": 0.01}",atypical,0.95,"{""unclear"": 0.04, ""atypical"": 0.95, ""ineligible"": 0, ""partner"": 0.01, ""lead"": 0}",none,0.93,"{""DSBDHH"": 0, ""DSOHF"": 0, ""DCDEE"": 0, ""ORH"": 0, ""DAGING"": 0, ""DMHDDSUS"": 0, ""MEDICAID"": 0, ""DEIPD"": 0, ""DHSR"": 0, ""DCFW"": 0, ""DPH"": 0.07, ""OSEC"": 0, ""none"": 0.93, ""DSS"": 0}",0.27,0.01,0.1363,deprioritized,P(unrelated or weak)=1.00,typesafe-ai/jev,a4b41185524e,True
3d3a2907-44a7-4fc4-8f4a-64cb089ed4b4,F25AS00379 Highlands Conservation Act - Base Funding Round,open,none,0.98,"{""weak"": 0.02, ""strong"": 0, ""moderate"": 0, ""none"": 0.98}",none,1.0,"{""G3"": 0, ""G4"": 0, ""G1"": 0, ""G2"": 0, ""G5"": 0, ""none"": 1}",ineligible,0.81,"{""lead"": 0.06, ""ineligible"": 0.81, ""unclear"": 0, ""atypical"": 0.08, ""partner"": 0.05}",none,1.0,"{""DAGING"": 0, ""MEDICAID"": 0, ""DCFW"": 0, ""DSOHF"": 0, ""OSEC"": 0, ""DMHDDSUS"": 0, ""DSS"": 0, ""DHSR"": 0, ""DPH"": 0, ""ORH"": 0, ""DEIPD"": 0, ""DCDEE"": 0, ""DSBDHH"": 0, ""none"": 1}",0.0067,0.11,0.0037,deprioritized,P(unrelated)=0.98,typesafe-ai/jev,a4b41185524e,True
3d403baa-2ec6-41d2-806e-dff7aad5f2fe,Request for Information (RFI): Community Influence on Human Judgment During  Information Processing Tasks,forecast,none,1.0,"{""weak"": 0, ""strong"": 0, ""none"": 1, ""moderate"": 0}",none,0.99,"{""G2"": 0, ""G5"": 0.01, ""G4"": 0, ""none"": 0.99, ""G1"": 0, ""G3"": 0}",atypical,0.89,"{""lead"": 0, ""ineligible"": 0.03, ""unclear"": 0.08, ""partner"": 0, ""atypical"": 0.89}",none,1.0,"{""DCDEE"": 0, ""MEDICAID"": 0, ""DHSR"": 0, ""DSBDHH"": 0, ""DSOHF"": 0, ""DMHDDSUS"": 0, ""OSEC"": 0, ""DPH"": 0, ""DEIPD"": 0, ""DCFW"": 0, ""DSS"": 0, ""ORH"": 0, ""none"": 1, ""DAGING"": 0}",0.0,0.0,0.0,deprioritized,P(unrelated)=1.00,typesafe-ai/jev,a4b41185524e,True
3df028f3-f97a-4cdf-9359-1c6515d091ce,NIH Collaborative International Research Project (Parent PF5 Clinical Trial Optional),open,weak,1.0,"{""none"": 0, ""moderate"": 0, ""weak"": 1, ""strong"": 0}",none,0.96,"{""G2"": 0, ""none"": 0.96, ""G4"": 0.01, ""G5"": 0.02, ""G1"": 0.01, ""G3"": 0}",atypical,0.74,"{""partner"": 0.24, ""lead"": 0.02, ""atypical"": 0.74, ""unclear"": 0, ""ineligible"": 0}",none,0.78,"{""DSOHF"": 0, ""DEIPD"": 0, ""DPH"": 0.2, ""MEDICAID"": 0, ""DSS"": 0, ""DCDEE"": 0, ""ORH"": 0.01, ""DHSR"": 0, ""none"": 0.78, ""DCFW"": 0, ""OSEC"": 0.01, ""DSBDHH"": 0, ""DMHDDSUS"": 0, ""DAGING"": 0}",0.3333,0.26,0.21,deprioritized,P(unrelated or weak)=1.00,typesafe-ai/jev,a4b41185524e,True
3e9fb0bc-ebab-45f3-aacf-906b0ebb446c,National Centers for Biomedical Imaging and Bioengineering (NCBIB) (P41 Clinical Trials Optional),forecast,weak,1.0,"{""moderate"": 0, ""weak"": 1, ""strong"": 0, ""none"": 0}",none,0.81,"{""G2"": 0, ""G3"": 0, ""none"": 0.81, ""G5"": 0.18, ""G4"": 0.01, ""G1"": 0}",atypical,0.88,"{""atypical"": 0.88, ""lead"": 0.01, ""partner"": 0.11, ""ineligible"": 0, ""unclear"": 0}",none,0.93,"{""MEDICAID"": 0, ""DEIPD"": 0, ""DSBDHH"": 0, ""OSEC"": 0.01, ""DSOHF"": 0, ""DHSR"": 0, ""ORH"": 0, ""DMHDDSUS"": 0, ""none"": 0.93, ""DSS"": 0, ""DPH"": 0.05, ""DCDEE"": 0, ""DCFW"": 0, ""DAGING"": 0}",0.3333,0.12,0.1867,deprioritized,P(unrelated or weak)=1.00,typesafe-ai/jev,a4b41185524e,True
3eb2a5d2-5b99-40e1-bce0-25149dc10a41,WaterSMART: Desalination Construction Projects,open,none,0.83,"{""weak"": 0.15, ""moderate"": 0.01, ""strong"": 0.01, ""none"": 0.83}",none,0.99,"{""G5"": 0.01, ""none"": 0.99, ""G4"": 0, ""G3"": 0, ""G2"": 0, ""G1"": 0}",ineligible,0.68,"{""lead"": 0.03, ""partner"": 0.04, ""unclear"": 0, ""ineligible"": 0.68, ""atypical"": 0.25}",none,0.99,"{""ORH"": 0, ""DPH"": 0.01, ""DSBDHH"": 0, ""DCDEE"": 0, ""DSS"": 0, ""OSEC"": 0, ""DAGING"": 0, ""DCFW"": 0, ""MEDICAID"": 0, ""DHSR"": 0, ""DSOHF"": 0, ""DMHDDSUS"": 0, ""DEIPD"": 0, ""none"": 0.99}",0.0667,0.07,0.0357,deprioritized,P(unrelated or weak)=0.98,typesafe-ai/jev,a4b41185524e,True
3ee5e85e-010c-425f-aa08-8e4f40d81c0f,Forecast to Publish a Funding Opportunity Announcement for Copy of Integrative Neuroscience Initiative on Alcoholism (INIA) Consortia Administrative Resource Core (U24) (Clinical Trial Optional),forecast,weak,1.0,"{""weak"": 1, ""none"": 0, ""moderate"": 0, ""strong"": 0}",G3,0.71,"{""none"": 0.29, ""G2"": 0, ""G5"": 0, ""G3"": 0.71, ""G4"": 0, ""G1"": 0}",atypical,0.82,"{""atypical"": 0.82, ""partner"": 0.18, ""lead"": 0, ""ineligible"": 0, ""unclear"": 0}",none,0.55,"{""none"": 0.55, ""OSEC"": 0, ""MEDICAID"": 0, ""DSBDHH"": 0, ""DAGING"": 0, ""DSS"": 0, ""DEIPD"": 0, ""DMHDDSUS"": 0.39, ""DPH"": 0.03, ""ORH"": 0, ""DSOHF"": 0.03, ""DCFW"": 0, ""DCDEE"": 0, ""DHSR"": 0}",0.3333,0.18,0.1967,deprioritized,P(unrelated or weak)=1.00,typesafe-ai/jev,a4b41185524e,True
3eee61f1-6dad-47af-86c4-5493e425f02f,"DoW Vision, Translational Research Award",open,weak,0.63,"{""strong"": 0, ""moderate"": 0, ""none"": 0.37, ""weak"": 0.63}",none,0.93,"{""G1"": 0.01, ""G5"": 0.05, ""none"": 0.93, ""G4"": 0, ""G3"": 0, ""G2"": 0}",atypical,0.9,"{""atypical"": 0.9, ""ineligible"": 0, ""lead"": 0, ""unclear"": 0.07, ""partner"": 0.03}",none,0.91,"{""DPH"": 0.02, ""OSEC"": 0, ""DMHDDSUS"": 0, ""MEDICAID"": 0, ""ORH"": 0, ""DCDEE"": 0, ""DCFW"": 0, ""DSOHF"": 0, ""DSBDHH"": 0.07, ""DHSR"": 0, ""DSS"": 0, ""none"": 0.91, ""DAGING"": 0, ""DEIPD"": 0}",0.21,0.03,0.1081,deprioritized,P(unrelated or weak)=1.00,typesafe-ai/jev,a4b41185524e,True
3f13ec1b-3d98-484f-ac0b-6d8169f62831,"Tribal Maternal, Infant, and Early Childhood Home Visiting Program: Development and Implementation Grants",forecast,strong,0.48,"{""weak"": 0.29, ""strong"": 0.48, ""none"": 0.05, ""moderate"": 0.18}",G2,0.5,"{""G2"": 0.5, ""G5"": 0, ""G3"": 0, ""G4"": 0, ""none"": 0.47, ""G1"": 0.03}",ineligible,0.96,"{""partner"": 0.04, ""ineligible"": 0.96, ""lead"": 0, ""atypical"": 0, ""unclear"": 0}",none,0.53,"{""DMHDDSUS"": 0, ""DAGING"": 0, ""DSS"": 0, ""DSBDHH"": 0, ""DPH"": 0.01, ""OSEC"": 0, ""DEIPD"": 0, ""DCFW"": 0.45, ""ORH"": 0, ""none"": 0.53, ""DHSR"": 0, ""DCDEE"": 0.01, ""MEDICAID"": 0, ""DSOHF"": 0}",0.6967,0.04,0.3623,deprioritized,P(ineligible)=0.96,typesafe-ai/jev,a4b41185524e,True
3f2bc75d-08f2-4a94-98f0-e836b049d3ac,Mentored Career Transition Award (KT1/R00),forecast,weak,1.0,"{""weak"": 1, ""strong"": 0, ""moderate"": 0, ""none"": 0}",none,0.77,"{""G3"": 0, ""G5"": 0.01, ""G4"": 0.22, ""G2"": 0, ""G1"": 0, ""none"": 0.77}",atypical,0.96,"{""unclear"": 0, ""ineligible"": 0.01, ""atypical"": 0.96, ""lead"": 0, ""partner"": 0.03}",none,0.87,"{""ORH"": 0, ""DPH"": 0.12, ""DHSR"": 0, ""DAGING"": 0, ""DCFW"": 0, ""MEDICAID"": 0, ""OSEC"": 0.01, ""DSS"": 0, ""DCDEE"": 0, ""DMHDDSUS"": 0, ""DSOHF"": 0, ""DEIPD"": 0, ""none"": 0.87, ""DSBDHH"": 0}",0.3333,0.03,0.1717,deprioritized,P(unrelated or weak)=1.00,typesafe-ai/jev,a4b41185524e,True
3f9ac6df-edb0-4f4e-8b2b-2270232ca82c,Direct-to-Consumer Distribution of HIV and other STI Self-Tests,forecast,strong,0.9,"{""none"": 0, ""moderate"": 0.06, ""weak"": 0.04, ""strong"": 0.9}",G1,0.82,"{""none"": 0.17, ""G3"": 0, ""G1"": 0.82, ""G5"": 0.01, ""G4"": 0, ""G2"": 0}",ineligible,0.6,"{""atypical"": 0.11, ""lead"": 0.02, ""ineligible"": 0.6, ""unclear"": 0.01, ""partner"": 0.26}",DPH,0.73,"{""DSS"": 0, ""DCFW"": 0, ""DCDEE"": 0, ""DSOHF"": 0, ""DEIPD"": 0, ""DPH"": 0.73, ""MEDICAID"": 0, ""DAGING"": 0, ""OSEC"": 0, ""none"": 0.27, ""DMHDDSUS"": 0, ""DSBDHH"": 0, ""DHSR"": 0, ""ORH"": 0}",0.9533,0.28,0.6101,deep_review,not confidently irrelevant,typesafe-ai/jev,a4b41185524e,True
3fad2356-0302-47cc-83e0-8966c6eebb3e,"Ethical, Legal and Social Implications (ELSI) Research (R01 Clinical Trial Optional)",open,weak,0.98,"{""moderate"": 0.02, ""strong"": 0, ""none"": 0, ""weak"": 0.98}",none,0.85,"{""G3"": 0.01, ""G1"": 0.11, ""G2"": 0, ""G5"": 0.01, ""none"": 0.85, ""G4"": 0.02}",atypical,0.8,"{""lead"": 0, ""unclear"": 0, ""partner"": 0.2, ""atypical"": 0.8, ""ineligible"": 0}",none,0.85,"{""DSOHF"": 0, ""DSBDHH"": 0, ""DHSR"": 0.01, ""DSS"": 0, ""DAGING"": 0, ""DCFW"": 0, ""ORH"": 0, ""DPH"": 0.11, ""MEDICAID"": 0, ""OSEC"": 0.02, ""DEIPD"": 0, ""DMHDDSUS"": 0.01, ""DCDEE"": 0, ""none"": 0.85}",0.34,0.2,0.204,deprioritized,P(unrelated or weak)=0.98,typesafe-ai/jev,a4b41185524e,True
3fe27753-0c94-4aa0-b7fb-09712631f269,Infant-Toddler Court Program–State Awards,forecast,strong,0.95,"{""moderate"": 0.05, ""weak"": 0, ""strong"": 0.95, ""none"": 0}",G2,1.0,"{""G2"": 1, ""G3"": 0, ""none"": 0, ""G5"": 0, ""G4"": 0, ""G1"": 0}",lead,0.73,"{""atypical"": 0.03, ""lead"": 0.73, ""partner"": 0.24, ""ineligible"": 0, ""unclear"": 0}",DSS,0.98,"{""DSBDHH"": 0, ""MEDICAID"": 0, ""DEIPD"": 0, ""OSEC"": 0, ""DCDEE"": 0, ""ORH"": 0, ""DHSR"": 0, ""DMHDDSUS"": 0, ""none"": 0, ""DPH"": 0, ""DSS"": 0.98, ""DSOHF"": 0, ""DCFW"": 0.02, ""DAGING"": 0}",0.9833,0.97,0.9686,deep_review,not confidently irrelevant,typesafe-ai/jev,a4b41185524e,True
3ff33fa1-de68-4575-bddc-e5f81377a2a8,Infrastructure for Population Dynamics Research Program (iPOP),forecast,weak,0.96,"{""weak"": 0.96, ""none"": 0, ""strong"": 0.01, ""moderate"": 0.03}",none,0.65,"{""G3"": 0, ""none"": 0.65, ""G4"": 0.02, ""G5"": 0.05, ""G1"": 0, ""G2"": 0.28}",partner,0.56,"{""ineligible"": 0, ""atypical"": 0.4, ""unclear"": 0.03, ""partner"": 0.56, ""lead"": 0.01}",none,0.55,"{""DCFW"": 0.01, ""DAGING"": 0, ""OSEC"": 0.01, ""DCDEE"": 0.01, ""DSBDHH"": 0, ""DPH"": 0.42, ""DSS"": 0, ""DHSR"": 0, ""DMHDDSUS"": 0, ""MEDICAID"": 0, ""DSOHF"": 0, ""none"": 0.55, ""DEIPD"": 0, ""ORH"": 0}",0.35,0.57,0.2747,deprioritized,P(unrelated or weak)=0.96,typesafe-ai/jev,a4b41185524e,True
400b428e-a4b2-46bc-82a2-dc9bdfc8fe82,Mid-Career Advancement,open,none,0.55,"{""weak"": 0.45, ""none"": 0.55, ""moderate"": 0, ""strong"": 0}",none,0.97,"{""G4"": 0.02, ""G3"": 0, ""none"": 0.97, ""G1"": 0, ""G2"": 0, ""G5"": 0.01}",ineligible,0.78,"{""lead"": 0, ""ineligible"": 0.78, ""atypical"": 0.18, ""partner"": 0.04, ""unclear"": 0}",none,0.99,"{""MEDICAID"": 0, ""DHSR"": 0, ""DCFW"": 0, ""DMHDDSUS"": 0, ""none"": 0.99, ""DSS"": 0, ""DAGING"": 0, ""DPH"": 0, ""DSBDHH"": 0, ""OSEC"": 0.01, ""ORH"": 0, ""DSOHF"": 0, ""DEIPD"": 0, ""DCDEE"": 0}",0.15,0.04,0.078,deprioritized,P(unrelated or weak)=1.00,typesafe-ai/jev,a4b41185524e,True
401d247c-a24c-4161-82b1-b9348f732bb8,Rapid Response Team (RRT) Cooperative Agreement,forecast,strong,0.86,"{""weak"": 0.01, ""moderate"": 0.13, ""none"": 0, ""strong"": 0.86}",G5,0.81,"{""G1"": 0.01, ""G2"": 0, ""G3"": 0, ""none"": 0.16, ""G5"": 0.81, ""G4"": 0.01}",lead,0.53,"{""partner"": 0.31, ""lead"": 0.53, ""ineligible"": 0, ""atypical"": 0.08, ""unclear"": 0.08}",DPH,0.97,"{""DSOHF"": 0, ""MEDICAID"": 0, ""DSBDHH"": 0, ""DEIPD"": 0, ""DSS"": 0, ""DAGING"": 0, ""OSEC"": 0, ""DHSR"": 0.01, ""DCFW"": 0, ""DCDEE"": 0, ""none"": 0.02, ""DMHDDSUS"": 0, ""ORH"": 0, ""DPH"": 0.97}",0.95,0.84,0.874,deep_review,not confidently irrelevant,typesafe-ai/jev,a4b41185524e,True
40404d06-ae7a-4c46-988d-a343ee64ad9c,DoW Arthritis Clinical Research Award,open,weak,0.77,"{""weak"": 0.77, ""strong"": 0, ""moderate"": 0, ""none"": 0.23}",none,0.8,"{""G5"": 0.02, ""G3"": 0, ""G2"": 0, ""G1"": 0.16, ""none"": 0.8, ""G4"": 0.01}",atypical,0.81,"{""lead"": 0, ""ineligible"": 0, ""unclear"": 0.08, ""atypical"": 0.81, ""partner"": 0.11}",none,0.81,"{""ORH"": 0, ""DCDEE"": 0, ""OSEC"": 0, ""DEIPD"": 0, ""DAGING"": 0.01, ""MEDICAID"": 0, ""DCFW"": 0, ""DSBDHH"": 0, ""DSS"": 0, ""DPH"": 0.15, ""DSOHF"": 0.01, ""none"": 0.81, ""DMHDDSUS"": 0, ""DHSR"": 0.01}",0.2567,0.11,0.1424,deprioritized,P(unrelated or weak)=1.00,typesafe-ai/jev,a4b41185524e,True
40ac94ea-e7b9-44af-9ae4-d3340c342757,Validation Center for Precision Medicine with AI: Integrating Imaging with Multimodal Data (PRIMED-AI) (U54 Clinical Trials Not Allowed),open,weak,0.97,"{""weak"": 0.97, ""none"": 0, ""moderate"": 0.02, ""strong"": 0.01}",G5,0.58,"{""G4"": 0, ""G3"": 0, ""none"": 0.4, ""G1"": 0.02, ""G2"": 0, ""G5"": 0.58}",atypical,0.59,"{""lead"": 0, ""ineligible"": 0, ""atypical"": 0.59, ""partner"": 0.41, ""unclear"": 0}",none,0.82,"{""MEDICAID"": 0.01, ""DHSR"": 0.01, ""DCFW"": 0, ""DPH"": 0.09, ""none"": 0.82, ""DSS"": 0, ""DAGING"": 0, ""DMHDDSUS"": 0, ""DSBDHH"": 0, ""OSEC"": 0.05, ""ORH"": 0.01, ""DSOHF"": 0, ""DEIPD"": 0, ""DCDEE"": 0.01}",0.3467,0.41,0.2444,deprioritized,P(unrelated or weak)=0.97,typesafe-ai/jev,a4b41185524e,True
41024895-69ca-49fb-9312-128fc5316777,Improving Protection against Influenza and Other Respiratory Pathogens: the US Flu VE Network,forecast,weak,0.51,"{""strong"": 0.16, ""moderate"": 0.33, ""none"": 0, ""weak"": 0.51}",none,0.5,"{""G5"": 0.04, ""G1"": 0.41, ""G2"": 0.01, ""G3"": 0, ""none"": 0.5, ""G4"": 0.04}",partner,0.8,"{""unclear"": 0.02, ""atypical"": 0.16, ""partner"": 0.8, ""ineligible"": 0, ""lead"": 0.02}",DPH,0.95,"{""DSBDHH"": 0, ""DSOHF"": 0, ""DCDEE"": 0, ""ORH"": 0, ""DAGING"": 0, ""DMHDDSUS"": 0, ""DCFW"": 0, ""DSS"": 0, ""DHSR"": 0, ""DEIPD"": 0, ""DPH"": 0.95, ""none"": 0.05, ""OSEC"": 0, ""MEDICAID"": 0}",0.55,0.82,0.5005,deep_review,not confidently irrelevant,typesafe-ai/jev,a4b41185524e,True
414f228f-fdfb-406d-bdf5-89bbb2bf9602,Improving Predictability of Food-Drug and Drug-Drug Interaction Risks by Utilizing In Vitro Simulated Gastrointestinal Dissolution Model for High-Risk Oral Drug Products (U01) Clinical Trial Optional,forecast,weak,1.0,"{""weak"": 1, ""none"": 0, ""strong"": 0, ""moderate"": 0}",none,0.91,"{""none"": 0.91, ""G2"": 0, ""G5"": 0.09, ""G1"": 0, ""G3"": 0, ""G4"": 0}",atypical,0.95,"{""ineligible"": 0, ""partner"": 0.05, ""lead"": 0, ""unclear"": 0, ""atypical"": 0.95}",none,0.98,"{""ORH"": 0, ""OSEC"": 0, ""DSOHF"": 0, ""MEDICAID"": 0, ""DCFW"": 0, ""none"": 0.98, ""DCDEE"": 0, ""DAGING"": 0, ""DMHDDSUS"": 0, ""DEIPD"": 0, ""DPH"": 0.01, ""DHSR"": 0.01, ""DSBDHH"": 0, ""DSS"": 0}",0.3333,0.05,0.175,deprioritized,P(unrelated or weak)=1.00,typesafe-ai/jev,a4b41185524e,True
4159deee-28f7-45de-9145-45912620d425,Biomedical Technology Optimization and Dissemination Center (BTOD) (RM1 - Clinical Trial Not Allowed),open,weak,1.0,"{""moderate"": 0, ""none"": 0, ""strong"": 0, ""weak"": 1}",none,0.77,"{""G2"": 0, ""none"": 0.77, ""G4"": 0.01, ""G5"": 0.22, ""G1"": 0, ""G3"": 0}",atypical,0.84,"{""partner"": 0.16, ""lead"": 0, ""atypical"": 0.84, ""unclear"": 0, ""ineligible"": 0}",none,0.91,"{""ORH"": 0, ""DEIPD"": 0, ""DCFW"": 0, ""MEDICAID"": 0, ""DSOHF"": 0.01, ""DCDEE"": 0, ""DSS"": 0, ""DHSR"": 0.01, ""none"": 0.91, ""DAGING"": 0, ""OSEC"": 0.01, ""DSBDHH"": 0, ""DMHDDSUS"": 0, ""DPH"": 0.06}",0.3333,0.16,0.1933,deprioritized,P(unrelated or weak)=1.00,typesafe-ai/jev,a4b41185524e,True
41ef239d-a75a-478c-b11f-1e28d996a8af,Revision Applications for Validation of Biomarker Assays Developed Through NIH-Supported Research Grants (R01 Clinical Trial Not Allowed),open,weak,0.99,"{""moderate"": 0.01, ""strong"": 0, ""weak"": 0.99, ""none"": 0}",none,0.68,"{""G4"": 0.01, ""none"": 0.68, ""G5"": 0.14, ""G1"": 0.16, ""G2"": 0, ""G3"": 0}",atypical,0.66,"{""lead"": 0.01, ""partner"": 0.33, ""ineligible"": 0, ""unclear"": 0, ""atypical"": 0.66}",none,0.51,"{""DSS"": 0, ""DPH"": 0.47, ""DHSR"": 0.01, ""DAGING"": 0, ""DEIPD"": 0, ""DCDEE"": 0.01, ""DMHDDSUS"": 0, ""DSBDHH"": 0, ""OSEC"": 0, ""DCFW"": 0, ""DSOHF"": 0, ""MEDICAID"": 0, ""none"": 0.51, ""ORH"": 0}",0.3367,0.34,0.2256,deprioritized,P(unrelated or weak)=0.99,typesafe-ai/jev,a4b41185524e,True
42025fd1-c1a8-48a5-acb1-612361d8d0bd,Plant Genome Research Program,open,weak,0.6,"{""moderate"": 0, ""none"": 0.4, ""strong"": 0, ""weak"": 0.6}",none,0.99,"{""G1"": 0, ""G2"": 0, ""G3"": 0, ""G4"": 0, ""G5"": 0.01, ""none"": 0.99}",ineligible,0.73,"{""atypical"": 0.17, ""ineligible"": 0.73, ""lead"": 0, ""partner"": 0.1, ""unclear"": 0}",none,0.94,"{""DAGING"": 0, ""DCDEE"": 0, ""DCFW"": 0, ""DEIPD"": 0, ""DHSR"": 0, ""DMHDDSUS"": 0, ""DPH"": 0.06, ""DSBDHH"": 0, ""DSOHF"": 0, ""DSS"": 0, ""MEDICAID"": 0, ""ORH"": 0, ""OSEC"": 0, ""none"": 0.94}",0.2,0.1,0.11,deprioritized,P(unrelated or weak)=1.00,typesafe-ai/jev,a4b41185524e,True
4217a5d4-7c4e-4827-b006-f92f9a1ffc35,Oceanographic Facilities and Equipment Support,open,none,1.0,"{""strong"": 0, ""none"": 1, ""moderate"": 0, ""weak"": 0}",none,1.0,"{""G4"": 0, ""none"": 1, ""G1"": 0, ""G3"": 0, ""G5"": 0, ""G2"": 0}",ineligible,0.93,"{""lead"": 0, ""partner"": 0.01, ""ineligible"": 0.93, ""unclear"": 0, ""atypical"": 0.06}",none,1.0,"{""DSBDHH"": 0, ""none"": 1, ""DHSR"": 0, ""DMHDDSUS"": 0, ""OSEC"": 0, ""DAGING"": 0, ""ORH"": 0, ""DSS"": 0, ""MEDICAID"": 0, ""DCFW"": 0, ""DCDEE"": 0, ""DPH"": 0, ""DSOHF"": 0, ""DEIPD"": 0}",0.0,0.01,0.0,deprioritized,P(unrelated)=1.00,typesafe-ai/jev,a4b41185524e,True
421ce454-e66a-42e6-92eb-08779f4c072b,NIDCD Research Career Enhancement Award for Established Investigators (K18 Clinical Trial Required),open,weak,1.0,"{""weak"": 1, ""strong"": 0, ""moderate"": 0, ""none"": 0}",none,0.9,"{""G5"": 0, ""G3"": 0, ""G4"": 0.05, ""G1"": 0.05, ""none"": 0.9, ""G2"": 0}",atypical,0.95,"{""unclear"": 0, ""ineligible"": 0.02, ""partner"": 0.03, ""lead"": 0, ""atypical"": 0.95}",none,0.69,"{""ORH"": 0, ""DCDEE"": 0, ""DSS"": 0, ""DEIPD"": 0, ""DAGING"": 0, ""MEDICAID"": 0, ""DSBDHH"": 0.3, ""DCFW"": 0, ""DSOHF"": 0, ""DPH"": 0.01, ""OSEC"": 0, ""DMHDDSUS"": 0, ""none"": 0.69, ""DHSR"": 0}",0.3333,0.03,0.1717,deprioritized,P(unrelated or weak)=1.00,typesafe-ai/jev,a4b41185524e,True
424190a4-2eb4-4b7c-8b8f-46b92bdee5fc,Enhancing Mechanistic Research on Precision Probiotic Therapies (R33 Clinical Trial Optional),open,weak,1.0,"{""none"": 0, ""weak"": 1, ""strong"": 0, ""moderate"": 0}",none,0.9,"{""none"": 0.9, ""G5"": 0.01, ""G4"": 0.01, ""G3"": 0, ""G2"": 0, ""G1"": 0.08}",atypical,0.84,"{""atypical"": 0.84, ""unclear"": 0, ""partner"": 0.16, ""lead"": 0, ""ineligible"": 0}",none,0.83,"{""DCFW"": 0, ""OSEC"": 0, ""DSOHF"": 0, ""DPH"": 0.15, ""ORH"": 0, ""MEDICAID"": 0, ""none"": 0.83, ""DSS"": 0, ""DCDEE"": 0, ""DMHDDSUS"": 0, ""DHSR"": 0.02, ""DAGING"": 0, ""DEIPD"": 0, ""DSBDHH"": 0}",0.3333,0.16,0.1933,deprioritized,P(unrelated or weak)=1.00,typesafe-ai/jev,a4b41185524e,True
42a1b238-2c19-47b4-ae58-f4a775231b78,Public Health Crisis Response Cooperative Agreement,open,strong,0.98,"{""moderate"": 0.02, ""none"": 0, ""strong"": 0.98, ""weak"": 0}",G5,0.62,"{""G2"": 0, ""none"": 0.32, ""G3"": 0, ""G5"": 0.62, ""G4"": 0.01, ""G1"": 0.05}",lead,0.85,"{""ineligible"": 0, ""lead"": 0.85, ""atypical"": 0.05, ""unclear"": 0, ""partner"": 0.1}",DPH,0.99,"{""ORH"": 0, ""none"": 0.01, ""MEDICAID"": 0, ""DHSR"": 0, ""DSBDHH"": 0, ""DCFW"": 0, ""DSS"": 0, ""DAGING"": 0, ""OSEC"": 0, ""DPH"": 0.99, ""DMHDDSUS"": 0, ""DEIPD"": 0, ""DCDEE"": 0, ""DSOHF"": 0}",0.9933,0.95,0.9685,deep_review,not confidently irrelevant,typesafe-ai/jev,a4b41185524e,True
42df9ed2-0331-41fd-8d9b-6040ec13e4c9,Exploratory Clinical Neuroscience Research on Substance Use Disorders,forecast,weak,0.99,"{""moderate"": 0.01, ""strong"": 0, ""none"": 0, ""weak"": 0.99}",G3,0.8,"{""G5"": 0, ""G1"": 0, ""G2"": 0, ""none"": 0.2, ""G3"": 0.8, ""G4"": 0}",atypical,0.58,"{""lead"": 0.03, ""unclear"": 0, ""partner"": 0.37, ""atypical"": 0.58, ""ineligible"": 0.02}",DMHDDSUS,0.54,"{""DSOHF"": 0.03, ""DSBDHH"": 0, ""DHSR"": 0, ""DSS"": 0, ""DCFW"": 0, ""DAGING"": 0, ""DMHDDSUS"": 0.54, ""DPH"": 0.02, ""DEIPD"": 0, ""OSEC"": 0, ""none"": 0.41, ""ORH"": 0, ""DCDEE"": 0, ""MEDICAID"": 0}",0.3367,0.4,0.2357,deprioritized,P(unrelated or weak)=0.99,typesafe-ai/jev,a4b41185524e,True
43049089-8c2c-4794-a747-3c2b2ca6ca79,ROSS Rapid Response Program,open,weak,0.34,"{""weak"": 0.34, ""moderate"": 0.29, ""none"": 0.06, ""strong"": 0.31}",G1,0.48,"{""G1"": 0.48, ""G2"": 0.04, ""none"": 0.45, ""G4"": 0, ""G5"": 0.02, ""G3"": 0.01}",ineligible,0.78,"{""unclear"": 0, ""lead"": 0, ""partner"": 0.19, ""atypical"": 0.03, ""ineligible"": 0.78}",none,0.81,"{""OSEC"": 0, ""ORH"": 0.01, ""DSBDHH"": 0, ""DSOHF"": 0, ""DHSR"": 0, ""DPH"": 0.01, ""DAGING"": 0.01, ""DEIPD"": 0, ""DCFW"": 0, ""DCDEE"": 0, ""MEDICAID"": 0, ""DMHDDSUS"": 0.03, ""none"": 0.81, ""DSS"": 0.12}",0.6167,0.19,0.3669,deep_review,not confidently irrelevant,typesafe-ai/jev,a4b41185524e,True
437fad2e-74cc-465b-bbbc-ad7591dac604,Innovations in Graduate Education (IGE) Program,open,none,0.79,"{""moderate"": 0.01, ""strong"": 0, ""weak"": 0.2, ""none"": 0.79}",none,0.79,"{""G3"": 0, ""G4"": 0.21, ""G5"": 0, ""G1"": 0, ""G2"": 0, ""none"": 0.79}",ineligible,0.86,"{""atypical"": 0.05, ""partner"": 0.09, ""ineligible"": 0.86, ""unclear"": 0, ""lead"": 0}",none,0.99,"{""DSOHF"": 0, ""DHSR"": 0, ""DEIPD"": 0, ""DSS"": 0, ""OSEC"": 0.01, ""DPH"": 0, ""ORH"": 0, ""DMHDDSUS"": 0, ""DAGING"": 0, ""DCDEE"": 0, ""DCFW"": 0, ""DSBDHH"": 0, ""MEDICAID"": 0, ""none"": 0.99}",0.0733,0.09,0.04,deprioritized,P(unrelated or weak)=0.99,typesafe-ai/jev,a4b41185524e,True
43b3833e-1f05-41d1-86d3-55fedc41ceb8,Support for Research Excellence (SuRE) Award (R16 Clinical Trial Not Allowed),open,weak,1.0,"{""moderate"": 0, ""none"": 0, ""strong"": 0, ""weak"": 1}",none,0.88,"{""G3"": 0, ""none"": 0.88, ""G4"": 0.1, ""G5"": 0.01, ""G1"": 0.01, ""G2"": 0}",ineligible,0.65,"{""partner"": 0.1, ""ineligible"": 0.65, ""lead"": 0, ""unclear"": 0, ""atypical"": 0.25}",none,0.98,"{""DHSR"": 0, ""none"": 0.98, ""DSS"": 0, ""ORH"": 0, ""DMHDDSUS"": 0, ""DAGING"": 0, ""DSOHF"": 0, ""DSBDHH"": 0, ""DCDEE"": 0, ""DCFW"": 0, ""DEIPD"": 0, ""MEDICAID"": 0, ""DPH"": 0.02, ""OSEC"": 0}",0.3333,0.1,0.1833,deprioritized,P(unrelated or weak)=1.00,typesafe-ai/jev,a4b41185524e,True
43e1a3cc-7e23-4d34-b239-ef90fe120504,Novel approaches to support therapeutic development in ultra-rare cancers,forecast,weak,1.0,"{""strong"": 0, ""none"": 0, ""weak"": 1, ""moderate"": 0}",G1,0.54,"{""G1"": 0.54, ""G3"": 0, ""G5"": 0.02, ""none"": 0.3, ""G2"": 0.14, ""G4"": 0}",atypical,0.54,"{""unclear"": 0.01, ""lead"": 0, ""partner"": 0.45, ""atypical"": 0.54, ""ineligible"": 0}",none,0.79,"{""OSEC"": 0, ""DSS"": 0, ""DCFW"": 0, ""ORH"": 0, ""DEIPD"": 0, ""DMHDDSUS"": 0, ""MEDICAID"": 0, ""DPH"": 0.18, ""DSBDHH"": 0, ""DSOHF"": 0.01, ""DCDEE"": 0.01, ""none"": 0.79, ""DAGING"": 0, ""DHSR"": 0.01}",0.3333,0.45,0.2417,deprioritized,P(unrelated or weak)=1.00,typesafe-ai/jev,a4b41185524e,True
43e32c6d-fbbd-4056-8fd4-f64cdebefd41,NIOSH Centers of Excellence for Total Worker Health® (U19),forecast,weak,0.68,"{""weak"": 0.68, ""strong"": 0.08, ""none"": 0, ""moderate"": 0.24}",G4,0.75,"{""G3"": 0.07, ""G4"": 0.75, ""G1"": 0.01, ""G2"": 0, ""G5"": 0.01, ""none"": 0.16}",partner,0.53,"{""unclear"": 0, ""partner"": 0.53, ""ineligible"": 0, ""lead"": 0.03, ""atypical"": 0.44}",DPH,0.61,"{""ORH"": 0, ""DPH"": 0.61, ""DAGING"": 0, ""DHSR"": 0.01, ""DCFW"": 0, ""DMHDDSUS"": 0.01, ""OSEC"": 0.06, ""MEDICAID"": 0, ""DCDEE"": 0.01, ""DSS"": 0, ""DSOHF"": 0, ""DSBDHH"": 0, ""none"": 0.27, ""DEIPD"": 0.03}",0.4667,0.56,0.364,deep_review,not confidently irrelevant,typesafe-ai/jev,a4b41185524e,True
44151ce8-0fad-4f18-84a2-c8748178958e,Genome Sequencing Center for the Gabriella Miller Kids First Pediatric Research Program (U24 Clinical Trial Not Allowed),forecast,weak,0.99,"{""none"": 0, ""weak"": 0.99, ""moderate"": 0.01, ""strong"": 0}",G2,0.63,"{""G4"": 0, ""none"": 0.34, ""G3"": 0, ""G2"": 0.63, ""G5"": 0.01, ""G1"": 0.02}",atypical,0.6,"{""partner"": 0.39, ""ineligible"": 0, ""unclear"": 0.01, ""lead"": 0, ""atypical"": 0.6}",none,0.72,"{""none"": 0.72, ""MEDICAID"": 0, ""DEIPD"": 0, ""DCFW"": 0, ""OSEC"": 0.01, ""DSOHF"": 0, ""ORH"": 0, ""DCDEE"": 0.01, ""DHSR"": 0, ""DSBDHH"": 0, ""DSS"": 0, ""DAGING"": 0, ""DPH"": 0.26, ""DMHDDSUS"": 0}",0.3367,0.39,0.234,deprioritized,P(unrelated or weak)=0.99,typesafe-ai/jev,a4b41185524e,True
441d1fe1-394e-482b-bcea-f8318fafa561,Institutional Development Award (IDeA) for Clinical & Translational Research (CTR),forecast,weak,0.95,"{""none"": 0.05, ""moderate"": 0, ""weak"": 0.95, ""strong"": 0}",none,0.95,"{""none"": 0.95, ""G4"": 0.03, ""G1"": 0, ""G2"": 0, ""G3"": 0, ""G5"": 0.02}",ineligible,0.77,"{""unclear"": 0, ""ineligible"": 0.77, ""atypical"": 0.09, ""lead"": 0, ""partner"": 0.14}",none,1.0,"{""DSS"": 0, ""MEDICAID"": 0, ""DCFW"": 0, ""DSBDHH"": 0, ""DSOHF"": 0, ""DPH"": 0, ""DAGING"": 0, ""none"": 1, ""OSEC"": 0, ""DEIPD"": 0, ""ORH"": 0, ""DCDEE"": 0, ""DMHDDSUS"": 0, ""DHSR"": 0}",0.3167,0.14,0.1805,deprioritized,P(unrelated or weak)=1.00,typesafe-ai/jev,a4b41185524e,True
441d2761-0d9c-42ae-a3da-905ce4ed0ca4,Strengthening Services to Prevent the Infectious Disease Consequences of Drug Use,forecast,strong,0.97,"{""weak"": 0, ""moderate"": 0.03, ""none"": 0, ""strong"": 0.97}",G1,0.51,"{""G5"": 0, ""G4"": 0, ""none"": 0.01, ""G3"": 0.48, ""G2"": 0, ""G1"": 0.51}",partner,0.6,"{""lead"": 0.2, ""unclear"": 0.12, ""ineligible"": 0, ""atypical"": 0.08, ""partner"": 0.6}",DMHDDSUS,0.51,"{""DHSR"": 0, ""DSS"": 0, ""DPH"": 0.49, ""DMHDDSUS"": 0.51, ""OSEC"": 0, ""DCFW"": 0, ""DCDEE"": 0, ""DEIPD"": 0, ""DAGING"": 0, ""DSBDHH"": 0, ""DSOHF"": 0, ""none"": 0, ""ORH"": 0, ""MEDICAID"": 0}",0.99,0.8,0.891,deep_review,not confidently irrelevant,typesafe-ai/jev,a4b41185524e,True
44244bcf-be69-4f35-a76b-334ff377abc8,"FY 2024 – 2026 Broad Agency Announcement (BAA), National Marine Fisheries Service",open,none,0.85,"{""moderate"": 0.01, ""none"": 0.85, ""strong"": 0, ""weak"": 0.14}",none,0.98,"{""G1"": 0.01, ""G2"": 0, ""G3"": 0, ""G4"": 0, ""G5"": 0.01, ""none"": 0.98}",atypical,0.68,"{""atypical"": 0.68, ""ineligible"": 0, ""lead"": 0.05, ""partner"": 0.25, ""unclear"": 0.01}",none,0.82,"{""DAGING"": 0, ""DCDEE"": 0, ""DCFW"": 0, ""DEIPD"": 0, ""DHSR"": 0, ""DMHDDSUS"": 0, ""DPH"": 0.18, ""DSBDHH"": 0, ""DSOHF"": 0, ""DSS"": 0, ""MEDICAID"": 0, ""ORH"": 0, ""OSEC"": 0, ""none"": 0.82}",0.0533,0.3,0.0347,deprioritized,P(unrelated)=0.85,typesafe-ai/jev,a4b41185524e,True
44a089ce-dd0a-4cde-b6f4-c77d08d56a08,Rural Communities Opioid Response Program - Evaluation,forecast,strong,0.65,"{""none"": 0, ""moderate"": 0.3, ""strong"": 0.65, ""weak"": 0.05}",G3,0.97,"{""G2"": 0, ""none"": 0.01, ""G4"": 0, ""G5"": 0.02, ""G1"": 0, ""G3"": 0.97}",partner,0.67,"{""ineligible"": 0, ""lead"": 0.07, ""atypical"": 0.26, ""unclear"": 0, ""partner"": 0.67}",DMHDDSUS,0.89,"{""DSS"": 0, ""DEIPD"": 0, ""DAGING"": 0, ""MEDICAID"": 0, ""DSOHF"": 0, ""DCDEE"": 0, ""ORH"": 0.04, ""DHSR"": 0, ""none"": 0.03, ""DPH"": 0.03, ""OSEC"": 0.01, ""DSBDHH"": 0, ""DMHDDSUS"": 0.89, ""DCFW"": 0}",0.8667,0.74,0.754,deep_review,not confidently irrelevant,typesafe-ai/jev,a4b41185524e,True
44b3dd63-bcf2-448c-a690-77656c999cd6,NICHD Resource Program Grants in Bioinformatics (P41 Clinical Trial Not Allowed),open,weak,0.99,"{""none"": 0.01, ""moderate"": 0, ""weak"": 0.99, ""strong"": 0}",none,0.82,"{""G4"": 0.01, ""none"": 0.82, ""G1"": 0, ""G2"": 0.03, ""G3"": 0, ""G5"": 0.14}",atypical,0.86,"{""unclear"": 0, ""ineligible"": 0, ""atypical"": 0.86, ""lead"": 0, ""partner"": 0.14}",none,0.92,"{""DSS"": 0, ""MEDICAID"": 0, ""DCFW"": 0, ""DSBDHH"": 0, ""DSOHF"": 0, ""DPH"": 0.06, ""DAGING"": 0, ""DEIPD"": 0, ""OSEC"": 0.02, ""none"": 0.92, ""ORH"": 0, ""DCDEE"": 0, ""DMHDDSUS"": 0, ""DHSR"": 0}",0.33,0.14,0.1881,deprioritized,P(unrelated or weak)=1.00,typesafe-ai/jev,a4b41185524e,True
44f4153f-d9bb-43dc-98f7-876bf8f9971c,"GREGoRi Technology Integration Center (U01, Clinical Trials Optional)",open,weak,0.99,"{""weak"": 0.99, ""none"": 0, ""strong"": 0, ""moderate"": 0.01}",none,0.39,"{""none"": 0.39, ""G5"": 0.29, ""G4"": 0.01, ""G3"": 0, ""G1"": 0.29, ""G2"": 0.02}",atypical,0.57,"{""unclear"": 0, ""atypical"": 0.57, ""ineligible"": 0, ""lead"": 0.01, ""partner"": 0.42}",none,0.57,"{""ORH"": 0, ""DSOHF"": 0, ""DSS"": 0, ""DSBDHH"": 0, ""DEIPD"": 0, ""MEDICAID"": 0, ""DAGING"": 0, ""DCDEE"": 0.01, ""none"": 0.57, ""OSEC"": 0, ""DCFW"": 0, ""DPH"": 0.42, ""DMHDDSUS"": 0, ""DHSR"": 0}",0.3367,0.43,0.2407,deprioritized,P(unrelated or weak)=0.99,typesafe-ai/jev,a4b41185524e,True
44fa0a69-a4eb-4d5a-b64a-1b1d4859b5d3,"Investigate Novel Therapeutic Interventions and Testing Strategies for Neurological Disorders Including to Treat, Modify and Prevent the Development of Epilepsy (U24 Clinical Trial Not Allowed)",forecast,weak,1.0,"{""weak"": 1, ""none"": 0, ""moderate"": 0, ""strong"": 0}",none,0.79,"{""G4"": 0.01, ""G3"": 0.01, ""none"": 0.79, ""G1"": 0.17, ""G2"": 0.01, ""G5"": 0.01}",atypical,0.75,"{""ineligible"": 0.03, ""lead"": 0.01, ""atypical"": 0.75, ""partner"": 0.21, ""unclear"": 0}",none,0.78,"{""MEDICAID"": 0, ""DMHDDSUS"": 0.09, ""DCFW"": 0, ""DSOHF"": 0.01, ""none"": 0.78, ""DSS"": 0, ""DAGING"": 0, ""DHSR"": 0, ""DSBDHH"": 0, ""OSEC"": 0, ""ORH"": 0, ""DPH"": 0.12, ""DEIPD"": 0, ""DCDEE"": 0}",0.3333,0.22,0.2033,deprioritized,P(unrelated or weak)=1.00,typesafe-ai/jev,a4b41185524e,True
4555ed2e-9e7f-4e23-af38-0ef0b9e892d3,Mentored Research Scientist Career Development Award (KR1),forecast,weak,0.99,"{""weak"": 0.99, ""moderate"": 0.01, ""none"": 0, ""strong"": 0}",none,0.65,"{""G4"": 0.33, ""G2"": 0, ""G3"": 0, ""none"": 0.65, ""G1"": 0.01, ""G5"": 0.01}",atypical,0.93,"{""lead"": 0, ""partner"": 0.05, ""unclear"": 0, ""atypical"": 0.93, ""ineligible"": 0.02}",none,0.72,"{""DHSR"": 0, ""ORH"": 0, ""MEDICAID"": 0, ""DCFW"": 0, ""none"": 0.72, ""DMHDDSUS"": 0, ""DSS"": 0, ""OSEC"": 0.01, ""DAGING"": 0, ""DSOHF"": 0, ""DPH"": 0.26, ""DSBDHH"": 0, ""DEIPD"": 0, ""DCDEE"": 0.01}",0.3367,0.05,0.1767,deprioritized,P(unrelated or weak)=0.99,typesafe-ai/jev,a4b41185524e,True
45ab10e1-1758-4a2f-ad07-e93d95c5bedc,Cancer Center Support Grants (CCSGs) for NCI-designated Cancer Centers (P30 Clinical Trial Optional),open,weak,0.99,"{""weak"": 0.99, ""moderate"": 0, ""none"": 0, ""strong"": 0.01}",none,0.81,"{""G4"": 0.02, ""G2"": 0, ""G3"": 0, ""none"": 0.81, ""G5"": 0.01, ""G1"": 0.15}",atypical,0.73,"{""lead"": 0, ""partner"": 0.22, ""unclear"": 0, ""atypical"": 0.73, ""ineligible"": 0.05}",none,0.89,"{""DHSR"": 0, ""DMHDDSUS"": 0, ""MEDICAID"": 0, ""DCFW"": 0, ""none"": 0.89, ""ORH"": 0, ""DSS"": 0, ""OSEC"": 0, ""DAGING"": 0, ""DSOHF"": 0.01, ""DPH"": 0.1, ""DSBDHH"": 0, ""DEIPD"": 0, ""DCDEE"": 0}",0.34,0.22,0.2074,deprioritized,P(unrelated or weak)=0.99,typesafe-ai/jev,a4b41185524e,True
45ead549-4b30-41a6-a0f6-8eea4788fe3f,Renewal of NIA Research Centers Collaborative Network (RCCN),forecast,weak,1.0,"{""strong"": 0, ""weak"": 1, ""none"": 0, ""moderate"": 0}",none,0.84,"{""G3"": 0, ""G5"": 0.02, ""none"": 0.84, ""G2"": 0, ""G4"": 0.03, ""G1"": 0.11}",atypical,0.65,"{""partner"": 0.29, ""lead"": 0.01, ""atypical"": 0.65, ""unclear"": 0, ""ineligible"": 0.05}",none,0.63,"{""DMHDDSUS"": 0, ""OSEC"": 0, ""MEDICAID"": 0, ""DSS"": 0, ""DEIPD"": 0, ""DSBDHH"": 0, ""DHSR"": 0, ""DPH"": 0.01, ""ORH"": 0, ""DCFW"": 0, ""none"": 0.63, ""DSOHF"": 0, ""DCDEE"": 0, ""DAGING"": 0.36}",0.3333,0.3,0.2167,deprioritized,P(unrelated or weak)=1.00,typesafe-ai/jev,a4b41185524e,True
4621556c-019d-4947-837c-c91a080c48c5,Professional Formation of Engineers,open,none,0.99,"{""strong"": 0, ""moderate"": 0, ""weak"": 0.01, ""none"": 0.99}",none,0.95,"{""G3"": 0, ""G2"": 0, ""G4"": 0.05, ""G5"": 0, ""G1"": 0, ""none"": 0.95}",atypical,0.93,"{""ineligible"": 0, ""atypical"": 0.93, ""partner"": 0.01, ""unclear"": 0.06, ""lead"": 0}",none,0.99,"{""DEIPD"": 0.01, ""DAGING"": 0, ""DSOHF"": 0, ""DCDEE"": 0, ""DSS"": 0, ""DSBDHH"": 0, ""DHSR"": 0, ""DCFW"": 0, ""DMHDDSUS"": 0, ""MEDICAID"": 0, ""DPH"": 0, ""none"": 0.99, ""OSEC"": 0, ""ORH"": 0}",0.0033,0.01,0.0017,deprioritized,P(unrelated)=0.99,typesafe-ai/jev,a4b41185524e,True
4646b7aa-0742-4793-8407-1b802ba78f50,NIH Specialized Center Grant (Parent P50),forecast,weak,0.99,"{""moderate"": 0.01, ""none"": 0, ""weak"": 0.99, ""strong"": 0}",none,0.55,"{""G4"": 0.01, ""G2"": 0, ""G3"": 0.44, ""G5"": 0, ""G1"": 0, ""none"": 0.55}",atypical,0.69,"{""unclear"": 0, ""partner"": 0.28, ""lead"": 0.01, ""atypical"": 0.69, ""ineligible"": 0.02}",none,0.51,"{""MEDICAID"": 0, ""DCFW"": 0, ""DCDEE"": 0, ""none"": 0.51, ""DSS"": 0, ""DHSR"": 0, ""DAGING"": 0, ""DPH"": 0.04, ""OSEC"": 0, ""DMHDDSUS"": 0.4, ""DSOHF"": 0.05, ""DEIPD"": 0, ""ORH"": 0, ""DSBDHH"": 0}",0.3367,0.29,0.2171,deprioritized,P(unrelated or weak)=0.99,typesafe-ai/jev,a4b41185524e,True
467d530f-00aa-485d-ace6-af05d7b4d5f1,NIDCD Mentored Career Development Award for Postdoctorate Au.D./Ph.D. Audiologists (K01 Independent Clinical Trial Not Allowed),open,weak,1.0,"{""weak"": 1, ""moderate"": 0, ""strong"": 0, ""none"": 0}",none,0.57,"{""G1"": 0.03, ""G5"": 0, ""G4"": 0.39, ""G3"": 0, ""G2"": 0, ""none"": 0.57}",atypical,0.96,"{""lead"": 0, ""partner"": 0.03, ""unclear"": 0, ""ineligible"": 0.01, ""atypical"": 0.96}",none,0.75,"{""ORH"": 0, ""OSEC"": 0, ""DSBDHH"": 0.23, ""DCDEE"": 0, ""DEIPD"": 0, ""DPH"": 0.02, ""none"": 0.75, ""DMHDDSUS"": 0, ""DHSR"": 0, ""MEDICAID"": 0, ""DSOHF"": 0, ""DCFW"": 0, ""DAGING"": 0, ""DSS"": 0}",0.3333,0.03,0.1717,deprioritized,P(unrelated or weak)=1.00,typesafe-ai/jev,a4b41185524e,True
4767321c-d902-4914-b62d-48bd9453cbd1,NEI Research Grant for Vision-Related Secondary Data Analysis (R21 Clinical Trial Not Allowed),open,weak,0.98,"{""strong"": 0, ""moderate"": 0.02, ""none"": 0, ""weak"": 0.98}",none,0.75,"{""G4"": 0.01, ""G1"": 0.2, ""none"": 0.75, ""G5"": 0.04, ""G2"": 0, ""G3"": 0}",atypical,0.69,"{""atypical"": 0.69, ""unclear"": 0, ""lead"": 0.01, ""ineligible"": 0, ""partner"": 0.3}",none,0.49,"{""MEDICAID"": 0, ""OSEC"": 0, ""DSS"": 0, ""DHSR"": 0, ""DMHDDSUS"": 0, ""none"": 0.49, ""DEIPD"": 0, ""DSBDHH"": 0.4, ""DCDEE"": 0, ""DSOHF"": 0, ""DCFW"": 0, ""DAGING"": 0, ""DPH"": 0.11, ""ORH"": 0}",0.34,0.31,0.2227,deprioritized,P(unrelated or weak)=0.98,typesafe-ai/jev,a4b41185524e,True
477f11ad-e8c7-40ea-84f3-f5bec6e50e3b,Statewide Perinatal Quality Collaboratives: Improving Perinatal Care and Outcomes,forecast,strong,0.99,"{""moderate"": 0.01, ""weak"": 0, ""strong"": 0.99, ""none"": 0}",G2,0.89,"{""G2"": 0.89, ""G3"": 0, ""none"": 0.01, ""G5"": 0.01, ""G4"": 0, ""G1"": 0.09}",lead,0.9,"{""atypical"": 0, ""lead"": 0.9, ""partner"": 0.1, ""ineligible"": 0, ""unclear"": 0}",DPH,1.0,"{""DSBDHH"": 0, ""DSOHF"": 0, ""MEDICAID"": 0, ""OSEC"": 0, ""DEIPD"": 0, ""ORH"": 0, ""DHSR"": 0, ""DSS"": 0, ""none"": 0, ""DMHDDSUS"": 0, ""DPH"": 1, ""DCDEE"": 0, ""DCFW"": 0, ""DAGING"": 0}",0.9967,1.0,0.9967,deep_review,not confidently irrelevant,typesafe-ai/jev,a4b41185524e,True
4802584e-01a8-4435-9ce9-710fbc85cba0,Fiscal Year 2026 Flood Mitigation Assistance Swift Current,open,weak,0.34,"{""strong"": 0.17, ""moderate"": 0.14, ""weak"": 0.34, ""none"": 0.35}",none,0.79,"{""G4"": 0, ""G2"": 0, ""G3"": 0.01, ""none"": 0.79, ""G1"": 0.1, ""G5"": 0.1}",lead,0.62,"{""ineligible"": 0.01, ""atypical"": 0.1, ""partner"": 0.27, ""unclear"": 0, ""lead"": 0.62}",none,0.81,"{""DEIPD"": 0, ""DAGING"": 0, ""DSOHF"": 0, ""DCDEE"": 0.03, ""DSBDHH"": 0, ""DSS"": 0, ""OSEC"": 0.02, ""DCFW"": 0, ""DMHDDSUS"": 0, ""MEDICAID"": 0, ""DHSR"": 0.01, ""none"": 0.81, ""ORH"": 0, ""DPH"": 0.12}",0.3767,0.89,0.3559,deep_review,not confidently irrelevant,typesafe-ai/jev,a4b41185524e,True
483876e1-110a-4764-ab9d-2acc0cdc721d,"NHLBI TOPMed: Omics Phenotypes of Heart, Lung, and Blood Disorders (X01 - Clinical Trial Not Allowed)",open,weak,0.99,"{""strong"": 0, ""moderate"": 0, ""none"": 0.01, ""weak"": 0.99}",none,0.94,"{""G4"": 0, ""G5"": 0.03, ""none"": 0.94, ""G1"": 0.03, ""G3"": 0, ""G2"": 0}",atypical,0.72,"{""atypical"": 0.72, ""ineligible"": 0.01, ""lead"": 0, ""unclear"": 0, ""partner"": 0.27}",none,0.87,"{""DSOHF"": 0, ""DEIPD"": 0, ""DPH"": 0.13, ""MEDICAID"": 0, ""ORH"": 0, ""DCDEE"": 0, ""DCFW"": 0, ""DMHDDSUS"": 0, ""DSBDHH"": 0, ""DSS"": 0, ""DHSR"": 0, ""none"": 0.87, ""DAGING"": 0, ""OSEC"": 0}",0.33,0.27,0.2095,deprioritized,P(unrelated or weak)=1.00,typesafe-ai/jev,a4b41185524e,True
48b76af5-fee6-4257-92cd-60ba5adc4d73,"Science Track Award for Research Transition (START) Program (R03, Clinical Trial Optional)",open,weak,0.98,"{""weak"": 0.98, ""moderate"": 0.02, ""none"": 0, ""strong"": 0}",G3,0.76,"{""G3"": 0.76, ""none"": 0.22, ""G2"": 0, ""G5"": 0, ""G1"": 0.01, ""G4"": 0.01}",atypical,0.91,"{""unclear"": 0, ""atypical"": 0.91, ""lead"": 0, ""ineligible"": 0, ""partner"": 0.09}",DMHDDSUS,0.66,"{""ORH"": 0, ""DEIPD"": 0, ""MEDICAID"": 0, ""DSBDHH"": 0, ""DPH"": 0.03, ""DMHDDSUS"": 0.66, ""DSOHF"": 0.02, ""DCDEE"": 0, ""DAGING"": 0, ""none"": 0.28, ""DSS"": 0, ""DHSR"": 0, ""DCFW"": 0, ""OSEC"": 0}",0.34,0.09,0.1853,deprioritized,P(unrelated or weak)=0.98,typesafe-ai/jev,a4b41185524e,True
48bf4c5c-b6b3-4092-bbf4-32c3708800e1,Mechanistic Exploration of Therapeutic Targets and Treatable Traits to Improve CNS Outcomes in People with HIV,forecast,weak,1.0,"{""weak"": 1, ""moderate"": 0, ""none"": 0, ""strong"": 0}",none,0.37,"{""G1"": 0.32, ""G2"": 0, ""G3"": 0.31, ""G4"": 0, ""none"": 0.37, ""G5"": 0}",atypical,0.7,"{""partner"": 0.3, ""unclear"": 0, ""atypical"": 0.7, ""ineligible"": 0, ""lead"": 0}",none,0.49,"{""DMHDDSUS"": 0.4, ""DCDEE"": 0, ""ORH"": 0, ""none"": 0.49, ""DEIPD"": 0, ""DSOHF"": 0.01, ""DHSR"": 0, ""DCFW"": 0, ""MEDICAID"": 0, ""DAGING"": 0, ""DPH"": 0.1, ""OSEC"": 0, ""DSBDHH"": 0, ""DSS"": 0}",0.3333,0.3,0.2167,deprioritized,P(unrelated or weak)=1.00,typesafe-ai/jev,a4b41185524e,True
49015f5d-da01-47dd-908f-147099d9e6de,Tribal Undergraduate to Graduate Research Training and Leadership Experiences (TURTLE) Program (UE5/T34),open,weak,0.95,"{""moderate"": 0.02, ""weak"": 0.95, ""none"": 0.01, ""strong"": 0.02}",none,0.66,"{""G4"": 0.24, ""G1"": 0.1, ""none"": 0.66, ""G5"": 0, ""G2"": 0, ""G3"": 0}",ineligible,0.54,"{""atypical"": 0.29, ""unclear"": 0, ""lead"": 0, ""ineligible"": 0.54, ""partner"": 0.17}",none,0.9,"{""MEDICAID"": 0, ""OSEC"": 0, ""DAGING"": 0, ""DHSR"": 0, ""none"": 0.9, ""DMHDDSUS"": 0, ""DSOHF"": 0, ""DSBDHH"": 0, ""DCDEE"": 0, ""DEIPD"": 0, ""DCFW"": 0, ""DSS"": 0, ""DPH"": 0.09, ""ORH"": 0.01}",0.35,0.17,0.2047,deprioritized,P(unrelated or weak)=0.96,typesafe-ai/jev,a4b41185524e,True
4911b8da-abec-4651-b3f1-3be87df6879b,National HIV Behavioral Surveillance,forecast,strong,0.98,"{""strong"": 0.98, ""weak"": 0, ""none"": 0, ""moderate"": 0.02}",G1,0.93,"{""G2"": 0, ""G5"": 0.01, ""G4"": 0, ""none"": 0.04, ""G1"": 0.93, ""G3"": 0.02}",lead,0.94,"{""unclear"": 0, ""atypical"": 0, ""ineligible"": 0, ""partner"": 0.06, ""lead"": 0.94}",DPH,1.0,"{""DCDEE"": 0, ""DHSR"": 0, ""MEDICAID"": 0, ""DSBDHH"": 0, ""DSOHF"": 0, ""OSEC"": 0, ""DSS"": 0, ""DPH"": 1, ""DCFW"": 0, ""DEIPD"": 0, ""DMHDDSUS"": 0, ""none"": 0, ""ORH"": 0, ""DAGING"": 0}",0.9933,1.0,0.9933,deep_review,not confidently irrelevant,typesafe-ai/jev,a4b41185524e,True
4928d5eb-ef8e-47c7-bc71-65d45b526b7d,INCLUDE Project: Omics Phenotypes Related to Down Syndrome (X01 Clinical Trial Not Allowed),forecast,weak,1.0,"{""strong"": 0, ""weak"": 1, ""none"": 0, ""moderate"": 0}",none,0.67,"{""G3"": 0, ""G5"": 0, ""none"": 0.67, ""G2"": 0.01, ""G1"": 0.32, ""G4"": 0}",partner,0.56,"{""partner"": 0.56, ""lead"": 0, ""atypical"": 0.41, ""unclear"": 0, ""ineligible"": 0.03}",none,0.67,"{""MEDICAID"": 0, ""OSEC"": 0, ""DMHDDSUS"": 0.27, ""DSS"": 0, ""DPH"": 0.04, ""DSBDHH"": 0, ""DHSR"": 0, ""DEIPD"": 0, ""DCFW"": 0, ""ORH"": 0, ""none"": 0.67, ""DSOHF"": 0.01, ""DCDEE"": 0, ""DAGING"": 0}",0.3333,0.56,0.26,deprioritized,P(unrelated or weak)=1.00,typesafe-ai/jev,a4b41185524e,True
492cacb7-4928-4c3e-a5de-f9fe1b2f1e15,Stimulating Hematology Investigation: New Endeavors (SHINE) (R01 Clinical Trial Not Allowed),open,weak,1.0,"{""strong"": 0, ""moderate"": 0, ""none"": 0, ""weak"": 1}",none,0.89,"{""G5"": 0, ""G1"": 0.09, ""G2"": 0, ""G3"": 0, ""none"": 0.89, ""G4"": 0.02}",atypical,0.92,"{""unclear"": 0, ""atypical"": 0.92, ""ineligible"": 0, ""partner"": 0.08, ""lead"": 0}",none,0.94,"{""DSBDHH"": 0, ""DSOHF"": 0, ""DAGING"": 0, ""ORH"": 0, ""DCDEE"": 0, ""DMHDDSUS"": 0, ""DCFW"": 0, ""DEIPD"": 0, ""DHSR"": 0, ""DSS"": 0, ""MEDICAID"": 0, ""OSEC"": 0, ""DPH"": 0.05, ""none"": 0.94}",0.3333,0.08,0.18,deprioritized,P(unrelated or weak)=1.00,typesafe-ai/jev,a4b41185524e,True
493ea282-9ea7-48d4-9567-8495dceb20d4,Infectious Diseases Clinical Trials Network (IDCTN),forecast,weak,0.87,"{""weak"": 0.87, ""none"": 0, ""moderate"": 0.08, ""strong"": 0.05}",none,0.49,"{""G2"": 0.01, ""G4"": 0.03, ""none"": 0.49, ""G5"": 0.15, ""G1"": 0.32, ""G3"": 0}",partner,0.56,"{""unclear"": 0, ""partner"": 0.56, ""atypical"": 0.4, ""lead"": 0.01, ""ineligible"": 0.02}",DPH,0.62,"{""DSBDHH"": 0, ""none"": 0.36, ""DPH"": 0.62, ""DCDEE"": 0.01, ""DAGING"": 0, ""DCFW"": 0, ""DSOHF"": 0.01, ""MEDICAID"": 0, ""DSS"": 0, ""DMHDDSUS"": 0, ""DHSR"": 0, ""OSEC"": 0, ""ORH"": 0, ""DEIPD"": 0}",0.3933,0.57,0.3088,deep_review,not confidently irrelevant,typesafe-ai/jev,a4b41185524e,True
4941baf4-d478-46ed-a4b6-9e50e42502d5,Assay Validation of High Quality Markers for Clinical Studies in Cancer (UH2/UH3 Clinical Trial Not Allowed),open,weak,0.99,"{""weak"": 0.99, ""none"": 0, ""strong"": 0, ""moderate"": 0.01}",none,0.74,"{""G1"": 0.11, ""none"": 0.74, ""G5"": 0.14, ""G2"": 0, ""G3"": 0, ""G4"": 0.01}",atypical,0.66,"{""unclear"": 0, ""atypical"": 0.66, ""ineligible"": 0, ""partner"": 0.34, ""lead"": 0}",none,0.51,"{""MEDICAID"": 0, ""ORH"": 0, ""none"": 0.51, ""DSS"": 0, ""DMHDDSUS"": 0, ""DPH"": 0.47, ""DCDEE"": 0.01, ""DAGING"": 0, ""OSEC"": 0, ""DSOHF"": 0, ""DEIPD"": 0, ""DSBDHH"": 0, ""DCFW"": 0, ""DHSR"": 0.01}",0.3367,0.34,0.2256,deprioritized,P(unrelated or weak)=0.99,typesafe-ai/jev,a4b41185524e,True
499ab5d9-0429-43f3-8bf7-6e198e1891c1,NIDCD Research Fellowship for Audiologists,forecast,weak,1.0,"{""weak"": 1, ""none"": 0, ""strong"": 0, ""moderate"": 0}",none,0.72,"{""G3"": 0, ""none"": 0.72, ""G4"": 0.26, ""G5"": 0, ""G1"": 0.02, ""G2"": 0}",atypical,0.88,"{""ineligible"": 0.11, ""atypical"": 0.88, ""unclear"": 0, ""lead"": 0, ""partner"": 0.01}",none,0.7,"{""DCFW"": 0, ""DAGING"": 0, ""OSEC"": 0, ""DCDEE"": 0, ""DSBDHH"": 0.29, ""DPH"": 0.01, ""DHSR"": 0, ""MEDICAID"": 0, ""DMHDDSUS"": 0, ""DSS"": 0, ""DSOHF"": 0, ""none"": 0.7, ""DEIPD"": 0, ""ORH"": 0}",0.3333,0.01,0.1683,deprioritized,P(unrelated or weak)=1.00,typesafe-ai/jev,a4b41185524e,True
49a6de08-2356-43b3-af61-6116b229acd8,Forecast to Publish a Funding Opportunity Announcement for Limited Competition for the Continuation of the National Consortium on Alcohol and Neurodevelopment in Adolescence (NCANDA) Research Project Sites (U01 Clinical Trials Optional),forecast,weak,0.99,"{""weak"": 0.99, ""strong"": 0, ""moderate"": 0.01, ""none"": 0}",G3,0.73,"{""G3"": 0.73, ""G5"": 0, ""G4"": 0, ""G2"": 0.02, ""G1"": 0, ""none"": 0.25}",atypical,0.51,"{""ineligible"": 0, ""partner"": 0.47, ""unclear"": 0.02, ""lead"": 0, ""atypical"": 0.51}",DMHDDSUS,0.56,"{""ORH"": 0, ""DHSR"": 0, ""DPH"": 0.06, ""DAGING"": 0, ""DCFW"": 0, ""DMHDDSUS"": 0.56, ""OSEC"": 0, ""MEDICAID"": 0, ""DCDEE"": 0, ""DSS"": 0, ""DSOHF"": 0.01, ""DSBDHH"": 0, ""none"": 0.37, ""DEIPD"": 0}",0.3367,0.47,0.2474,deprioritized,P(unrelated or weak)=0.99,typesafe-ai/jev,a4b41185524e,True
4abe9c3d-1440-49c8-8e79-afc7650a4c56,Limited Competition: International epidemiology Databases to Evaluate AIDS (IeDEA) (U01 Clinical Trial Not Allowed),forecast,weak,0.92,"{""moderate"": 0.01, ""weak"": 0.92, ""none"": 0.07, ""strong"": 0}",none,0.93,"{""G2"": 0, ""G4"": 0, ""none"": 0.93, ""G5"": 0, ""G1"": 0.07, ""G3"": 0}",ineligible,0.9,"{""unclear"": 0, ""partner"": 0.06, ""lead"": 0, ""atypical"": 0.04, ""ineligible"": 0.9}",none,0.86,"{""DSBDHH"": 0, ""DCDEE"": 0, ""DPH"": 0.14, ""DSOHF"": 0, ""DAGING"": 0, ""DCFW"": 0, ""none"": 0.86, ""MEDICAID"": 0, ""DSS"": 0, ""DMHDDSUS"": 0, ""DHSR"": 0, ""OSEC"": 0, ""ORH"": 0, ""DEIPD"": 0}",0.3133,0.06,0.1661,deprioritized,P(unrelated or weak)=0.99,typesafe-ai/jev,a4b41185524e,True
4b258187-e0d2-4832-9ccb-f7c821c14e87,Supporting Talented Early Career Researchers in Genomics (R01 Clinical Trial Optional),open,weak,1.0,"{""weak"": 1, ""strong"": 0, ""none"": 0, ""moderate"": 0}",none,0.84,"{""none"": 0.84, ""G5"": 0.02, ""G4"": 0.13, ""G3"": 0, ""G1"": 0.01, ""G2"": 0}",atypical,0.92,"{""unclear"": 0, ""atypical"": 0.92, ""ineligible"": 0.01, ""lead"": 0, ""partner"": 0.07}",none,0.87,"{""ORH"": 0, ""DSOHF"": 0, ""DSS"": 0, ""DAGING"": 0, ""DEIPD"": 0, ""DSBDHH"": 0, ""MEDICAID"": 0, ""OSEC"": 0.01, ""DCDEE"": 0.01, ""none"": 0.87, ""DCFW"": 0, ""DPH"": 0.11, ""DMHDDSUS"": 0, ""DHSR"": 0}",0.3333,0.07,0.1783,deprioritized,P(unrelated or weak)=1.00,typesafe-ai/jev,a4b41185524e,True
4c2c5a17-fc4e-4833-8eeb-f59b2fdb61d0,Competing Revisions to Existing NIH Single Project Research Grants and Cooperative Agreements (Clinical Trial Optional),open,weak,1.0,"{""moderate"": 0, ""none"": 0, ""strong"": 0, ""weak"": 1}",none,0.91,"{""G2"": 0, ""G3"": 0.03, ""none"": 0.91, ""G1"": 0.04, ""G4"": 0.01, ""G5"": 0.01}",atypical,0.82,"{""atypical"": 0.82, ""lead"": 0.01, ""partner"": 0.16, ""ineligible"": 0.01, ""unclear"": 0}",none,0.86,"{""DSBDHH"": 0, ""DCDEE"": 0, ""DEIPD"": 0, ""OSEC"": 0.01, ""MEDICAID"": 0, ""ORH"": 0.01, ""DHSR"": 0, ""DMHDDSUS"": 0.04, ""DPH"": 0.07, ""DSS"": 0, ""none"": 0.86, ""DSOHF"": 0.01, ""DCFW"": 0, ""DAGING"": 0}",0.3333,0.17,0.195,deprioritized,P(unrelated or weak)=1.00,typesafe-ai/jev,a4b41185524e,True
4cbf781d-7933-4399-a49c-bfb5699b64f0,Commercial Fishing Occupational Safety Research Cooperative Agreement (U01),open,weak,0.85,"{""strong"": 0.01, ""none"": 0.07, ""moderate"": 0.07, ""weak"": 0.85}",none,0.69,"{""G2"": 0, ""none"": 0.69, ""G1"": 0.11, ""G3"": 0, ""G5"": 0.01, ""G4"": 0.19}",atypical,0.88,"{""lead"": 0, ""partner"": 0.11, ""ineligible"": 0.01, ""atypical"": 0.88, ""unclear"": 0}",none,0.65,"{""DSBDHH"": 0, ""OSEC"": 0, ""DHSR"": 0.02, ""DMHDDSUS"": 0, ""DAGING"": 0, ""none"": 0.65, ""DPH"": 0.28, ""DSS"": 0, ""MEDICAID"": 0, ""DCFW"": 0, ""DCDEE"": 0.01, ""ORH"": 0.03, ""DEIPD"": 0, ""DSOHF"": 0}",0.34,0.11,0.1887,deep_review,not confidently irrelevant,typesafe-ai/jev,a4b41185524e,True
4d8391bf-3396-44ae-9ed0-11c9e6d9cac8,"Protecting the American Seafood Supply Chain by Countering Unfair Labor Practices and Illegal, Unreported, and Unregulated (IUU) Fishing  ",forecast,none,0.72,"{""weak"": 0.28, ""moderate"": 0, ""strong"": 0, ""none"": 0.72}",none,0.95,"{""G2"": 0, ""G4"": 0.05, ""G1"": 0, ""G5"": 0, ""G3"": 0, ""none"": 0.95}",atypical,0.74,"{""ineligible"": 0.13, ""unclear"": 0.01, ""partner"": 0.12, ""lead"": 0, ""atypical"": 0.74}",none,0.97,"{""OSEC"": 0.01, ""ORH"": 0.01, ""DSBDHH"": 0, ""DMHDDSUS"": 0, ""DHSR"": 0, ""DPH"": 0, ""DAGING"": 0, ""DCDEE"": 0, ""none"": 0.97, ""DCFW"": 0, ""MEDICAID"": 0, ""DSOHF"": 0, ""DEIPD"": 0.01, ""DSS"": 0}",0.0933,0.12,0.0523,deprioritized,P(unrelated or weak)=1.00,typesafe-ai/jev,a4b41185524e,True
4da9bd7f-6bf3-4b54-9a5c-b82ff115a92c,Infrastructure Innovation for Biological Research,open,weak,0.96,"{""weak"": 0.96, ""strong"": 0, ""moderate"": 0, ""none"": 0.04}",none,0.91,"{""G5"": 0.09, ""G3"": 0, ""G4"": 0, ""G1"": 0, ""none"": 0.91, ""G2"": 0}",ineligible,0.89,"{""lead"": 0, ""ineligible"": 0.89, ""unclear"": 0, ""atypical"": 0.07, ""partner"": 0.04}",none,0.96,"{""ORH"": 0, ""DCDEE"": 0, ""OSEC"": 0, ""DEIPD"": 0, ""DCFW"": 0, ""MEDICAID"": 0, ""DSS"": 0, ""DSOHF"": 0, ""DAGING"": 0, ""DPH"": 0.04, ""DSBDHH"": 0, ""DMHDDSUS"": 0, ""none"": 0.96, ""DHSR"": 0}",0.32,0.04,0.1664,deprioritized,P(unrelated or weak)=1.00,typesafe-ai/jev,a4b41185524e,True
4dc45e27-8d07-4a99-8eb7-4881330a4355,NHLBI Early Phase Clinical Trials for Therapeutics and/or Diagnostics for HLBS Disorders (R33 CT Required),open,weak,1.0,"{""moderate"": 0, ""none"": 0, ""strong"": 0, ""weak"": 1}",none,0.72,"{""G3"": 0, ""G1"": 0.2, ""G2"": 0.05, ""G5"": 0.02, ""none"": 0.72, ""G4"": 0.01}",atypical,0.76,"{""unclear"": 0, ""atypical"": 0.76, ""partner"": 0.24, ""lead"": 0, ""ineligible"": 0}",none,0.84,"{""DMHDDSUS"": 0, ""DSS"": 0, ""DAGING"": 0, ""OSEC"": 0, ""DCDEE"": 0, ""DPH"": 0.12, ""DCFW"": 0, ""none"": 0.84, ""DEIPD"": 0, ""MEDICAID"": 0, ""ORH"": 0.01, ""DSOHF"": 0.02, ""DHSR"": 0.01, ""DSBDHH"": 0}",0.3333,0.24,0.2067,deprioritized,P(unrelated or weak)=1.00,typesafe-ai/jev,a4b41185524e,True
4dd61e81-d44e-4e85-a0e2-c422124fd0b9,GREGoRi Innovation Projects (U01 Clinical Trial Optional),open,weak,1.0,"{""none"": 0, ""weak"": 1, ""strong"": 0, ""moderate"": 0}",G1,0.48,"{""G4"": 0.01, ""none"": 0.4, ""G1"": 0.48, ""G3"": 0, ""G2"": 0.02, ""G5"": 0.09}",atypical,0.64,"{""atypical"": 0.64, ""unclear"": 0, ""partner"": 0.35, ""lead"": 0.01, ""ineligible"": 0}",none,0.53,"{""DCFW"": 0, ""OSEC"": 0, ""DHSR"": 0, ""DSBDHH"": 0, ""ORH"": 0, ""MEDICAID"": 0, ""none"": 0.53, ""DSS"": 0, ""DCDEE"": 0.02, ""DMHDDSUS"": 0, ""DSOHF"": 0, ""DAGING"": 0, ""DEIPD"": 0, ""DPH"": 0.45}",0.3333,0.36,0.2267,deprioritized,P(unrelated or weak)=1.00,typesafe-ai/jev,a4b41185524e,True
4dd9dfaf-b0da-4193-b312-74e1dc62db30,Comprehensive Housing Counseling (CHC) and the Housing Counseling Training (HCT) NOFO (FY2026),forecast,weak,0.46,"{""none"": 0.1, ""strong"": 0.18, ""moderate"": 0.26, ""weak"": 0.46}",none,0.5,"{""G3"": 0, ""none"": 0.5, ""G4"": 0, ""G1"": 0.27, ""G2"": 0.22, ""G5"": 0.01}",atypical,0.58,"{""unclear"": 0, ""partner"": 0.22, ""ineligible"": 0.06, ""lead"": 0.14, ""atypical"": 0.58}",none,0.84,"{""DMHDDSUS"": 0, ""none"": 0.84, ""DSS"": 0.15, ""OSEC"": 0, ""DCFW"": 0, ""DEIPD"": 0, ""DSOHF"": 0, ""DAGING"": 0.01, ""MEDICAID"": 0, ""DPH"": 0, ""DHSR"": 0, ""DSBDHH"": 0, ""DCDEE"": 0, ""ORH"": 0}",0.5067,0.36,0.3445,deep_review,not confidently irrelevant,typesafe-ai/jev,a4b41185524e,True
4df75ddd-298f-4d70-9808-1fea9dfed914,Forecast to Publish a Funding Opportunity Announcement for the Consortium on the Neurobiology of Adolescent Drinking in Adulthood (NADIA) Administrative Resource (Collaborative U24 - Clinical Trials not allowed),forecast,weak,1.0,"{""weak"": 1, ""none"": 0, ""moderate"": 0, ""strong"": 0}",G3,0.67,"{""G4"": 0, ""G3"": 0.67, ""none"": 0.32, ""G1"": 0, ""G2"": 0.01, ""G5"": 0}",atypical,0.81,"{""ineligible"": 0, ""lead"": 0, ""atypical"": 0.81, ""partner"": 0.18, ""unclear"": 0.01}",none,0.53,"{""MEDICAID"": 0, ""DCDEE"": 0, ""DCFW"": 0, ""DHSR"": 0, ""none"": 0.53, ""DSS"": 0, ""DAGING"": 0, ""DPH"": 0.06, ""DSBDHH"": 0, ""OSEC"": 0, ""ORH"": 0, ""DSOHF"": 0.01, ""DEIPD"": 0, ""DMHDDSUS"": 0.4}",0.3333,0.18,0.1967,deprioritized,P(unrelated or weak)=1.00,typesafe-ai/jev,a4b41185524e,True
4e2240c3-a6ef-4034-be00-8d27dca92c4a,Continuing Enhanced National Surveillance for Prion Diseases in the United States,forecast,strong,0.55,"{""none"": 0, ""weak"": 0.21, ""moderate"": 0.24, ""strong"": 0.55}",none,0.59,"{""G2"": 0.01, ""G4"": 0.01, ""none"": 0.59, ""G5"": 0.26, ""G1"": 0.13, ""G3"": 0}",partner,0.65,"{""atypical"": 0.3, ""lead"": 0.02, ""unclear"": 0.03, ""partner"": 0.65, ""ineligible"": 0}",DPH,0.94,"{""DSBDHH"": 0, ""DCDEE"": 0, ""DPH"": 0.94, ""none"": 0.06, ""DAGING"": 0, ""DCFW"": 0, ""DSOHF"": 0, ""MEDICAID"": 0, ""DSS"": 0, ""DMHDDSUS"": 0, ""DHSR"": 0, ""OSEC"": 0, ""ORH"": 0, ""DEIPD"": 0}",0.78,0.67,0.6513,deep_review,not confidently irrelevant,typesafe-ai/jev,a4b41185524e,True
4e2c555d-74ae-4a26-8020-d495a5da96c7,Limited Competition: NIH Research Evaluation and Commercialization Hubs (REACH) (SB0 Clinical Trial Optional),forecast,weak,0.99,"{""strong"": 0, ""moderate"": 0, ""none"": 0.01, ""weak"": 0.99}",none,0.82,"{""G4"": 0.02, ""G1"": 0.02, ""G5"": 0.14, ""none"": 0.82, ""G2"": 0, ""G3"": 0}",ineligible,0.7,"{""atypical"": 0.17, ""ineligible"": 0.7, ""lead"": 0, ""unclear"": 0, ""partner"": 0.13}",none,0.98,"{""MEDICAID"": 0, ""OSEC"": 0.01, ""DSS"": 0, ""none"": 0.98, ""DHSR"": 0, ""DMHDDSUS"": 0, ""DEIPD"": 0, ""DSBDHH"": 0, ""DCDEE"": 0, ""DSOHF"": 0, ""DCFW"": 0, ""DAGING"": 0, ""DPH"": 0, ""ORH"": 0.01}",0.33,0.13,0.1864,deprioritized,P(unrelated or weak)=1.00,typesafe-ai/jev,a4b41185524e,True
4e2d1339-1a18-4f9a-aaa7-30979fc73fe2,Austrian-American Partnership Fund (AAPF),open,none,1.0,"{""strong"": 0, ""moderate"": 0, ""none"": 1, ""weak"": 0}",none,1.0,"{""G4"": 0, ""G5"": 0, ""none"": 1, ""G1"": 0, ""G3"": 0, ""G2"": 0}",ineligible,0.9,"{""atypical"": 0.09, ""ineligible"": 0.9, ""lead"": 0, ""unclear"": 0, ""partner"": 0.01}",none,0.98,"{""DPH"": 0, ""DSOHF"": 0, ""DEIPD"": 0, ""MEDICAID"": 0, ""ORH"": 0, ""DCFW"": 0, ""DSS"": 0, ""DCDEE"": 0, ""DHSR"": 0, ""DMHDDSUS"": 0, ""DSBDHH"": 0, ""DAGING"": 0, ""none"": 0.98, ""OSEC"": 0.02}",0.0,0.01,0.0,deprioritized,P(unrelated)=1.00,typesafe-ai/jev,a4b41185524e,True
4e7c86f1-5e6b-41a0-b796-b440ac5e3909,DoW Toxic Exposures Investigator Initiated Research Award,open,weak,0.59,"{""moderate"": 0, ""weak"": 0.59, ""none"": 0.41, ""strong"": 0}",none,0.91,"{""none"": 0.91, ""G1"": 0.07, ""G4"": 0.01, ""G5"": 0.01, ""G3"": 0, ""G2"": 0}",atypical,0.92,"{""unclear"": 0.06, ""lead"": 0, ""atypical"": 0.92, ""partner"": 0.02, ""ineligible"": 0}",none,0.87,"{""DCDEE"": 0.01, ""DPH"": 0.12, ""ORH"": 0, ""DSS"": 0, ""DSOHF"": 0, ""DCFW"": 0, ""none"": 0.87, ""DEIPD"": 0, ""MEDICAID"": 0, ""DSBDHH"": 0, ""OSEC"": 0, ""DHSR"": 0, ""DMHDDSUS"": 0, ""DAGING"": 0}",0.1967,0.02,0.1003,deprioritized,P(unrelated or weak)=1.00,typesafe-ai/jev,a4b41185524e,True
4ec76651-17d7-47fd-ac5e-377e8673b3a4,Information Processing Techniques Office Office-Wide,open,none,0.99,"{""none"": 0.99, ""strong"": 0, ""moderate"": 0, ""weak"": 0.01}",none,0.84,"{""G3"": 0, ""none"": 0.84, ""G2"": 0, ""G1"": 0, ""G4"": 0, ""G5"": 0.16}",atypical,0.97,"{""unclear"": 0.02, ""atypical"": 0.97, ""lead"": 0, ""ineligible"": 0, ""partner"": 0.01}",none,0.95,"{""DMHDDSUS"": 0, ""none"": 0.95, ""OSEC"": 0.05, ""DSS"": 0, ""DCFW"": 0, ""DEIPD"": 0, ""DPH"": 0, ""ORH"": 0, ""DAGING"": 0, ""DSOHF"": 0, ""DCDEE"": 0, ""DHSR"": 0, ""MEDICAID"": 0, ""DSBDHH"": 0}",0.0033,0.01,0.0017,deprioritized,P(unrelated)=0.99,typesafe-ai/jev,a4b41185524e,True
4ed18a56-4304-49a2-b9b4-87b4d78eb4f1,Diabetes Research Centers (P30 Clinical Trial Optional),open,weak,1.0,"{""strong"": 0, ""none"": 0, ""moderate"": 0, ""weak"": 1}",none,0.76,"{""none"": 0.76, ""G3"": 0, ""G5"": 0.01, ""G2"": 0, ""G1"": 0.2, ""G4"": 0.03}",atypical,0.71,"{""ineligible"": 0, ""unclear"": 0, ""lead"": 0, ""atypical"": 0.71, ""partner"": 0.29}",none,0.67,"{""DHSR"": 0.01, ""OSEC"": 0, ""DSS"": 0, ""DEIPD"": 0, ""DSBDHH"": 0, ""DAGING"": 0, ""DCDEE"": 0, ""DCFW"": 0, ""none"": 0.67, ""MEDICAID"": 0, ""DSOHF"": 0, ""ORH"": 0, ""DPH"": 0.32, ""DMHDDSUS"": 0}",0.3333,0.29,0.215,deprioritized,P(unrelated or weak)=1.00,typesafe-ai/jev,a4b41185524e,True
4f04382b-86c8-49e1-a3b9-ec0da7277e40,Minor Use Minor Species Development of Drugs (R01),open,weak,0.77,"{""weak"": 0.77, ""none"": 0.23, ""moderate"": 0, ""strong"": 0}",none,1.0,"{""G4"": 0, ""G3"": 0, ""none"": 1, ""G5"": 0, ""G2"": 0, ""G1"": 0}",atypical,0.54,"{""ineligible"": 0.44, ""lead"": 0, ""atypical"": 0.54, ""partner"": 0.02, ""unclear"": 0}",none,1.0,"{""MEDICAID"": 0, ""DSOHF"": 0, ""DCFW"": 0, ""DCDEE"": 0, ""none"": 1, ""DSS"": 0, ""DAGING"": 0, ""DHSR"": 0, ""DSBDHH"": 0, ""OSEC"": 0, ""ORH"": 0, ""DMHDDSUS"": 0, ""DEIPD"": 0, ""DPH"": 0}",0.2567,0.02,0.1309,deprioritized,P(unrelated or weak)=1.00,typesafe-ai/jev,a4b41185524e,True
4f1ce8e3-89e0-40a1-85fb-013a60630300,Research Experiences and/or Mentoring Networks through Research Education to Enhance Clinician-Scientists' Participation in NIDCDs Research (R25 Clinical Trial Not Allowed),open,weak,0.98,"{""none"": 0, ""moderate"": 0.01, ""weak"": 0.98, ""strong"": 0.01}",G4,0.62,"{""none"": 0.38, ""G3"": 0, ""G2"": 0, ""G1"": 0, ""G5"": 0, ""G4"": 0.62}",atypical,0.81,"{""ineligible"": 0, ""lead"": 0.01, ""atypical"": 0.81, ""partner"": 0.17, ""unclear"": 0}",DSBDHH,0.61,"{""DSOHF"": 0, ""DEIPD"": 0, ""OSEC"": 0, ""DAGING"": 0, ""MEDICAID"": 0, ""DSBDHH"": 0.61, ""ORH"": 0, ""DCDEE"": 0, ""none"": 0.38, ""DSS"": 0, ""DMHDDSUS"": 0, ""DHSR"": 0, ""DPH"": 0.01, ""DCFW"": 0}",0.3433,0.18,0.2026,deprioritized,P(unrelated or weak)=0.98,typesafe-ai/jev,a4b41185524e,True
4f6152b1-c088-4abb-8da8-29a20fb63c3e,"DoW, Peer Reviewed Cancer, Impact Award",open,weak,0.53,"{""moderate"": 0, ""strong"": 0, ""none"": 0.47, ""weak"": 0.53}",none,0.93,"{""G5"": 0.01, ""G1"": 0.05, ""G2"": 0, ""G3"": 0, ""none"": 0.93, ""G4"": 0.01}",atypical,0.94,"{""lead"": 0, ""unclear"": 0.03, ""partner"": 0.02, ""atypical"": 0.94, ""ineligible"": 0.01}",none,0.95,"{""DSOHF"": 0, ""DSBDHH"": 0, ""DSS"": 0, ""DHSR"": 0, ""DAGING"": 0, ""DCFW"": 0, ""ORH"": 0, ""DPH"": 0.05, ""MEDICAID"": 0, ""none"": 0.95, ""DEIPD"": 0, ""DMHDDSUS"": 0, ""DCDEE"": 0, ""OSEC"": 0}",0.1767,0.02,0.0901,deprioritized,P(unrelated or weak)=1.00,typesafe-ai/jev,a4b41185524e,True
4f761ca6-4ece-4326-91ff-c2c32204bb3b,Stephen I. Katz Early Stage Investigator Research Project Grant (R01 Clinical Trial Not Allowed),open,weak,1.0,"{""weak"": 1, ""strong"": 0, ""moderate"": 0, ""none"": 0}",none,0.9,"{""G3"": 0, ""G4"": 0.08, ""G1"": 0.01, ""G2"": 0, ""G5"": 0.01, ""none"": 0.9}",atypical,0.93,"{""ineligible"": 0, ""partner"": 0.07, ""unclear"": 0, ""lead"": 0, ""atypical"": 0.93}",none,0.92,"{""ORH"": 0.01, ""DPH"": 0.07, ""DAGING"": 0, ""DHSR"": 0, ""DCFW"": 0, ""DSS"": 0, ""OSEC"": 0, ""MEDICAID"": 0, ""DCDEE"": 0, ""DMHDDSUS"": 0, ""DSOHF"": 0, ""DSBDHH"": 0, ""none"": 0.92, ""DEIPD"": 0}",0.3333,0.07,0.1783,deprioritized,P(unrelated or weak)=1.00,typesafe-ai/jev,a4b41185524e,True
4f7ad730-5f01-4d71-b5bc-9988525b234c,Sequestration Information,open,none,0.97,"{""strong"": 0, ""none"": 0.97, ""weak"": 0.03, ""moderate"": 0}",none,0.99,"{""G3"": 0, ""G1"": 0, ""G5"": 0.01, ""G2"": 0, ""none"": 0.99, ""G4"": 0}",unclear,0.98,"{""unclear"": 0.98, ""lead"": 0, ""partner"": 0, ""atypical"": 0.01, ""ineligible"": 0.01}",none,0.97,"{""DPH"": 0, ""DSBDHH"": 0, ""DCDEE"": 0, ""none"": 0.97, ""DMHDDSUS"": 0, ""DEIPD"": 0, ""MEDICAID"": 0, ""OSEC"": 0.03, ""ORH"": 0, ""DSOHF"": 0, ""DSS"": 0, ""DCFW"": 0, ""DAGING"": 0, ""DHSR"": 0}",0.01,0.0,0.005,deprioritized,P(unrelated)=0.97,typesafe-ai/jev,a4b41185524e,True
4f906add-a968-4b6d-998f-3affe46f681e,Tribal Undergraduate to Graduate Research Training and Leadership Experiences (TURTLE) Program (UE5/T32),open,weak,0.97,"{""strong"": 0.01, ""moderate"": 0.01, ""none"": 0.01, ""weak"": 0.97}",none,0.66,"{""G1"": 0.12, ""G5"": 0, ""G2"": 0, ""G4"": 0.22, ""G3"": 0, ""none"": 0.66}",ineligible,0.78,"{""partner"": 0.13, ""lead"": 0, ""atypical"": 0.09, ""unclear"": 0, ""ineligible"": 0.78}",none,0.92,"{""DCFW"": 0, ""ORH"": 0.01, ""OSEC"": 0, ""DMHDDSUS"": 0, ""DEIPD"": 0, ""DAGING"": 0, ""DPH"": 0.07, ""DSOHF"": 0, ""DSBDHH"": 0, ""MEDICAID"": 0, ""none"": 0.92, ""DCDEE"": 0, ""DSS"": 0, ""DHSR"": 0}",0.34,0.13,0.1921,deprioritized,P(unrelated or weak)=0.98,typesafe-ai/jev,a4b41185524e,True
4fa4f79e-d43d-42c9-9269-f219c7bc09df,Bioengineering Research Grants (BRG) (R01 Clinical Trial Optional),open,weak,1.0,"{""none"": 0, ""weak"": 1, ""moderate"": 0, ""strong"": 0}",none,0.83,"{""none"": 0.83, ""G2"": 0, ""G5"": 0.11, ""G3"": 0, ""G4"": 0.01, ""G1"": 0.05}",atypical,0.83,"{""atypical"": 0.83, ""partner"": 0.17, ""lead"": 0, ""ineligible"": 0, ""unclear"": 0}",none,0.85,"{""none"": 0.85, ""DCFW"": 0, ""MEDICAID"": 0, ""DCDEE"": 0.01, ""DSBDHH"": 0, ""DSOHF"": 0.01, ""DEIPD"": 0, ""ORH"": 0.01, ""DPH"": 0.11, ""DMHDDSUS"": 0, ""DAGING"": 0, ""DHSR"": 0.01, ""DSS"": 0, ""OSEC"": 0}",0.3333,0.17,0.195,deprioritized,P(unrelated or weak)=1.00,typesafe-ai/jev,a4b41185524e,True
4fce1597-43e0-4e67-9373-ad93f1171a51,"Limited Competition: Social, Behavioral, & Economic (SBE) Coordinating Center",forecast,weak,0.95,"{""moderate"": 0.03, ""none"": 0.01, ""weak"": 0.95, ""strong"": 0.01}",none,0.93,"{""G4"": 0.01, ""G1"": 0.01, ""G3"": 0.02, ""G5"": 0.03, ""none"": 0.93, ""G2"": 0}",ineligible,0.81,"{""unclear"": 0.01, ""partner"": 0.06, ""lead"": 0, ""atypical"": 0.12, ""ineligible"": 0.81}",none,0.97,"{""DCFW"": 0, ""MEDICAID"": 0, ""DCDEE"": 0, ""none"": 0.97, ""DSS"": 0, ""DHSR"": 0, ""DAGING"": 0.02, ""ORH"": 0, ""OSEC"": 0, ""DMHDDSUS"": 0, ""DPH"": 0.01, ""DEIPD"": 0, ""DSOHF"": 0, ""DSBDHH"": 0}",0.3467,0.06,0.1837,deprioritized,P(unrelated or weak)=0.96,typesafe-ai/jev,a4b41185524e,True
50071472-0dd1-45a4-bcb7-34b4b1a84bd0,BRAIN Initiative: Development and Validation of Novel Tools to Probe Cell-Specific and Circuit-Specific Processes in the Brain (R01 Clinical Trial Not Allowed),open,weak,1.0,"{""strong"": 0, ""none"": 0, ""moderate"": 0, ""weak"": 1}",none,0.86,"{""G1"": 0, ""G4"": 0.01, ""G2"": 0, ""G3"": 0.05, ""G5"": 0.08, ""none"": 0.86}",atypical,0.94,"{""lead"": 0, ""partner"": 0.06, ""ineligible"": 0, ""atypical"": 0.94, ""unclear"": 0}",none,0.85,"{""DAGING"": 0, ""none"": 0.85, ""DHSR"": 0, ""DMHDDSUS"": 0.12, ""DSBDHH"": 0, ""OSEC"": 0, ""DPH"": 0.02, ""DSS"": 0, ""MEDICAID"": 0, ""DCFW"": 0, ""DCDEE"": 0, ""ORH"": 0, ""DEIPD"": 0, ""DSOHF"": 0.01}",0.3333,0.06,0.1767,deprioritized,P(unrelated or weak)=1.00,typesafe-ai/jev,a4b41185524e,True
50331a23-c800-4eb5-af5a-d74df99b844c,Forecast to Publish a Notice of Funding Opportunity for Paul Calabresi Career Development Award in Clinical Oncology (K12 Clinical Trial Optional),forecast,weak,1.0,"{""strong"": 0, ""moderate"": 0, ""weak"": 1, ""none"": 0}",none,0.68,"{""G4"": 0.31, ""G2"": 0, ""G3"": 0, ""G5"": 0, ""G1"": 0.01, ""none"": 0.68}",atypical,0.92,"{""unclear"": 0, ""atypical"": 0.92, ""partner"": 0.08, ""ineligible"": 0, ""lead"": 0}",none,0.9,"{""DEIPD"": 0, ""DAGING"": 0, ""DSS"": 0, ""DCDEE"": 0, ""DSBDHH"": 0, ""DHSR"": 0.01, ""DSOHF"": 0.01, ""DCFW"": 0, ""DMHDDSUS"": 0, ""MEDICAID"": 0, ""DPH"": 0.06, ""none"": 0.9, ""OSEC"": 0.01, ""ORH"": 0.01}",0.3333,0.08,0.18,deprioritized,P(unrelated or weak)=1.00,typesafe-ai/jev,a4b41185524e,True
507bb18b-7239-4c03-b50d-4a3b60589be7,Data Coordinating Center for the Aging and Alzheimer’s Disease Mouse Brain Atlas (AD-MBA),forecast,weak,1.0,"{""moderate"": 0, ""strong"": 0, ""none"": 0, ""weak"": 1}",none,0.84,"{""G1"": 0.04, ""G3"": 0, ""G4"": 0.01, ""none"": 0.84, ""G5"": 0.11, ""G2"": 0}",atypical,0.9,"{""partner"": 0.09, ""atypical"": 0.9, ""lead"": 0, ""ineligible"": 0, ""unclear"": 0.01}",none,0.83,"{""DSOHF"": 0, ""ORH"": 0, ""DMHDDSUS"": 0, ""DAGING"": 0.14, ""DHSR"": 0, ""DEIPD"": 0, ""DCDEE"": 0, ""DSS"": 0, ""DPH"": 0.02, ""DSBDHH"": 0, ""DCFW"": 0, ""MEDICAID"": 0, ""OSEC"": 0.01, ""none"": 0.83}",0.3333,0.09,0.1817,deprioritized,P(unrelated or weak)=1.00,typesafe-ai/jev,a4b41185524e,True
508e8ee7-6925-4593-a548-66578974572f,Mathematical Foundations of Artificial Intelligence,open,none,0.88,"{""weak"": 0.12, ""moderate"": 0, ""none"": 0.88, ""strong"": 0}",none,0.93,"{""G1"": 0, ""G2"": 0, ""G3"": 0, ""G4"": 0, ""none"": 0.93, ""G5"": 0.07}",ineligible,0.86,"{""partner"": 0.03, ""unclear"": 0, ""atypical"": 0.11, ""ineligible"": 0.86, ""lead"": 0}",none,0.99,"{""OSEC"": 0.01, ""DCDEE"": 0, ""DAGING"": 0, ""none"": 0.99, ""DEIPD"": 0, ""ORH"": 0, ""DHSR"": 0, ""DCFW"": 0, ""MEDICAID"": 0, ""DSOHF"": 0, ""DPH"": 0, ""DMHDDSUS"": 0, ""DSBDHH"": 0, ""DSS"": 0}",0.04,0.03,0.0206,deprioritized,P(unrelated)=0.88,typesafe-ai/jev,a4b41185524e,True
50a28cda-9dcb-4999-bc2c-75ad4e7cc547,Addressing Methodological Challenges with Clinical Trials of Rapid-Acting Psychotropic Interventional Drugs (RAPIDs) (R01 Clinical Trial Required),open,weak,0.99,"{""moderate"": 0.01, ""strong"": 0, ""none"": 0, ""weak"": 0.99}",G3,0.69,"{""G5"": 0.01, ""G1"": 0, ""G2"": 0, ""G3"": 0.69, ""none"": 0.3, ""G4"": 0}",atypical,0.71,"{""unclear"": 0, ""atypical"": 0.71, ""partner"": 0.28, ""ineligible"": 0, ""lead"": 0.01}",DMHDDSUS,0.63,"{""DSBDHH"": 0, ""DSOHF"": 0.04, ""DCDEE"": 0, ""ORH"": 0, ""DAGING"": 0, ""DMHDDSUS"": 0.63, ""MEDICAID"": 0, ""DSS"": 0, ""DHSR"": 0, ""DCFW"": 0, ""DEIPD"": 0, ""none"": 0.32, ""OSEC"": 0, ""DPH"": 0.01}",0.3367,0.29,0.2171,deprioritized,P(unrelated or weak)=0.99,typesafe-ai/jev,a4b41185524e,True
50d300a2-0377-4080-8f75-bb859772abfc,Limited Competition: Intellectual and Developmental Disabilities Research Centers 2027 (P50 Clinical Trial Optional),open,weak,0.99,"{""weak"": 0.99, ""moderate"": 0.01, ""strong"": 0, ""none"": 0}",none,0.63,"{""G3"": 0, ""G4"": 0.01, ""G1"": 0.3, ""none"": 0.63, ""G5"": 0, ""G2"": 0.06}",ineligible,0.7,"{""lead"": 0, ""ineligible"": 0.7, ""unclear"": 0, ""atypical"": 0.12, ""partner"": 0.18}",none,0.73,"{""DAGING"": 0, ""MEDICAID"": 0, ""DCFW"": 0, ""DSOHF"": 0.02, ""OSEC"": 0, ""DMHDDSUS"": 0.25, ""DHSR"": 0, ""DSS"": 0, ""DPH"": 0, ""DSBDHH"": 0, ""ORH"": 0, ""DCDEE"": 0, ""DEIPD"": 0, ""none"": 0.73}",0.3367,0.18,0.1986,deprioritized,P(unrelated or weak)=0.99,typesafe-ai/jev,a4b41185524e,True
50dc6b92-b042-4204-ba74-2753a244be5a,"Pilot Projects to Enhance the Human Virome Program (R03, Clinical Trials Not Allowed)",forecast,weak,1.0,"{""strong"": 0, ""weak"": 1, ""none"": 0, ""moderate"": 0}",none,0.91,"{""G3"": 0, ""G5"": 0.04, ""G4"": 0.01, ""G2"": 0, ""none"": 0.91, ""G1"": 0.04}",atypical,0.73,"{""partner"": 0.25, ""lead"": 0.01, ""atypical"": 0.73, ""unclear"": 0, ""ineligible"": 0.01}",none,0.67,"{""MEDICAID"": 0, ""OSEC"": 0, ""DMHDDSUS"": 0, ""DSS"": 0, ""DPH"": 0.32, ""DSBDHH"": 0, ""DHSR"": 0, ""DEIPD"": 0, ""ORH"": 0, ""DCFW"": 0, ""none"": 0.67, ""DCDEE"": 0.01, ""DSOHF"": 0, ""DAGING"": 0}",0.3333,0.26,0.21,deprioritized,P(unrelated or weak)=1.00,typesafe-ai/jev,a4b41185524e,True
50e5b762-c9bc-49bb-817e-ece3e37c28e6,NextTech: Translational Development of Next-Generation Diagnostic and Therapeutic Devices (R18 Clinical Trial Not Allowed),forecast,weak,1.0,"{""moderate"": 0, ""none"": 0, ""strong"": 0, ""weak"": 1}",none,0.67,"{""G2"": 0, ""G1"": 0.04, ""G3"": 0.1, ""G4"": 0.01, ""none"": 0.67, ""G5"": 0.18}",atypical,0.89,"{""unclear"": 0, ""lead"": 0, ""partner"": 0.08, ""atypical"": 0.89, ""ineligible"": 0.03}",none,0.82,"{""DPH"": 0.07, ""DSS"": 0, ""DAGING"": 0, ""MEDICAID"": 0, ""DCDEE"": 0.01, ""OSEC"": 0, ""DSOHF"": 0.01, ""none"": 0.82, ""DEIPD"": 0, ""DSBDHH"": 0, ""ORH"": 0, ""DMHDDSUS"": 0.08, ""DHSR"": 0.01, ""DCFW"": 0}",0.3333,0.08,0.18,deprioritized,P(unrelated or weak)=1.00,typesafe-ai/jev,a4b41185524e,True
50f3efc1-a95b-419c-bd5e-b89edc3dc80c,NICHD Small Research Grant Program (R03 Clinical Trial Required),open,weak,0.99,"{""none"": 0, ""weak"": 0.99, ""moderate"": 0.01, ""strong"": 0}",G2,0.55,"{""G5"": 0, ""G2"": 0.55, ""none"": 0.44, ""G3"": 0, ""G4"": 0, ""G1"": 0.01}",atypical,0.8,"{""atypical"": 0.8, ""partner"": 0.17, ""lead"": 0.01, ""ineligible"": 0.01, ""unclear"": 0}",none,0.55,"{""none"": 0.55, ""OSEC"": 0, ""MEDICAID"": 0, ""DHSR"": 0.01, ""DCDEE"": 0.01, ""DSOHF"": 0.01, ""DEIPD"": 0, ""DMHDDSUS"": 0, ""DPH"": 0.4, ""ORH"": 0, ""DSBDHH"": 0, ""DCFW"": 0.01, ""DSS"": 0, ""DAGING"": 0}",0.3367,0.18,0.1986,deprioritized,P(unrelated or weak)=0.99,typesafe-ai/jev,a4b41185524e,True
50ff4aad-87f9-4f11-bca8-d1c00f5a4d2a,NFRP Outreach and Invitation for Response,forecast,weak,0.91,"{""moderate"": 0, ""none"": 0.09, ""strong"": 0, ""weak"": 0.91}",none,0.67,"{""G1"": 0.3, ""G2"": 0.01, ""G3"": 0, ""G4"": 0, ""G5"": 0.02, ""none"": 0.67}",atypical,0.45,"{""atypical"": 0.45, ""ineligible"": 0, ""lead"": 0, ""partner"": 0.27, ""unclear"": 0.28}",none,0.84,"{""DAGING"": 0, ""DCDEE"": 0, ""DCFW"": 0, ""DEIPD"": 0, ""DHSR"": 0, ""DMHDDSUS"": 0.01, ""DPH"": 0.14, ""DSBDHH"": 0, ""DSOHF"": 0.01, ""DSS"": 0, ""MEDICAID"": 0, ""ORH"": 0, ""OSEC"": 0, ""none"": 0.84}",0.3033,0.27,0.1926,deprioritized,P(unrelated or weak)=1.00,typesafe-ai/jev,a4b41185524e,True
51fa7e21-beca-497f-a0f1-bf175382f77f,Fiscal Year (FY) 2027 Service Area Competition (SAC),forecast,strong,0.84,"{""moderate"": 0.11, ""none"": 0, ""strong"": 0.84, ""weak"": 0.05}",G1,0.94,"{""G1"": 0.94, ""G2"": 0, ""G3"": 0, ""G4"": 0, ""G5"": 0, ""none"": 0.06}",partner,0.48,"{""atypical"": 0.42, ""ineligible"": 0.01, ""lead"": 0.04, ""partner"": 0.48, ""unclear"": 0.05}",ORH,0.84,"{""DAGING"": 0, ""DCDEE"": 0, ""DCFW"": 0, ""DEIPD"": 0, ""DHSR"": 0, ""DMHDDSUS"": 0, ""DPH"": 0.05, ""DSBDHH"": 0, ""DSOHF"": 0, ""DSS"": 0, ""MEDICAID"": 0, ""ORH"": 0.84, ""OSEC"": 0, ""none"": 0.11}",0.93,0.52,0.7068,deep_review,not confidently irrelevant,typesafe-ai/jev,a4b41185524e,True
5204aaa0-cb25-4d97-8e18-d6b29b34d8f9,Tribal Epidemiology Centers,forecast,weak,0.68,"{""weak"": 0.68, ""none"": 0.11, ""moderate"": 0.13, ""strong"": 0.08}",none,0.92,"{""G5"": 0, ""G3"": 0, ""none"": 0.92, ""G4"": 0, ""G1"": 0.08, ""G2"": 0}",ineligible,0.94,"{""lead"": 0, ""partner"": 0.06, ""ineligible"": 0.94, ""atypical"": 0, ""unclear"": 0}",none,0.91,"{""DHSR"": 0, ""DSS"": 0, ""DPH"": 0.09, ""DMHDDSUS"": 0, ""OSEC"": 0, ""DCFW"": 0, ""DCDEE"": 0, ""DEIPD"": 0, ""DAGING"": 0, ""DSBDHH"": 0, ""DSOHF"": 0, ""none"": 0.91, ""ORH"": 0, ""MEDICAID"": 0}",0.3933,0.06,0.2085,deprioritized,P(ineligible)=0.94,typesafe-ai/jev,a4b41185524e,True
520cc49c-fa6d-4cce-9611-19be42ea2724,EDA FY25 Disaster Supplemental,open,none,0.77,"{""none"": 0.77, ""weak"": 0.2, ""moderate"": 0.02, ""strong"": 0.01}",none,0.93,"{""G1"": 0.01, ""none"": 0.93, ""G2"": 0, ""G3"": 0, ""G4"": 0.05, ""G5"": 0.01}",atypical,0.47,"{""ineligible"": 0.03, ""lead"": 0.08, ""partner"": 0.42, ""atypical"": 0.47, ""unclear"": 0}",none,0.93,"{""OSEC"": 0.01, ""DPH"": 0.01, ""DSS"": 0, ""ORH"": 0.01, ""DSBDHH"": 0, ""DCFW"": 0, ""DEIPD"": 0, ""DMHDDSUS"": 0, ""none"": 0.93, ""MEDICAID"": 0, ""DCDEE"": 0.03, ""DSOHF"": 0, ""DAGING"": 0, ""DHSR"": 0}",0.09,0.5,0.0675,deprioritized,P(unrelated or weak)=0.97,typesafe-ai/jev,a4b41185524e,True
520e6ef2-752e-4894-95de-13e8ac7dfca1,"Continuation of the Cardiovascular Repository for-Type 1 Diabetes (CARE-T1D) Consortium U01 (Open Competition)- Research (U01, Clinical Trial Not Allowed)",open,weak,1.0,"{""weak"": 1, ""none"": 0, ""strong"": 0, ""moderate"": 0}",none,0.7,"{""none"": 0.7, ""G5"": 0.01, ""G4"": 0.01, ""G3"": 0, ""G1"": 0.28, ""G2"": 0}",atypical,0.57,"{""unclear"": 0, ""atypical"": 0.57, ""ineligible"": 0, ""lead"": 0, ""partner"": 0.43}",none,0.72,"{""ORH"": 0, ""DSOHF"": 0, ""DSS"": 0, ""DSBDHH"": 0, ""MEDICAID"": 0, ""DAGING"": 0, ""DEIPD"": 0, ""OSEC"": 0, ""DCDEE"": 0, ""none"": 0.72, ""DPH"": 0.28, ""DCFW"": 0, ""DMHDDSUS"": 0, ""DHSR"": 0}",0.3333,0.43,0.2383,deprioritized,P(unrelated or weak)=1.00,typesafe-ai/jev,a4b41185524e,True
521e78f6-0598-41f6-bebd-6b6c086adb20,"NSF Scholarships in Science, Technology, Engineering, and Mathematics Program",open,none,0.7,"{""none"": 0.7, ""weak"": 0.29, ""strong"": 0, ""moderate"": 0.01}",none,0.88,"{""none"": 0.88, ""G5"": 0, ""G4"": 0.12, ""G3"": 0, ""G2"": 0, ""G1"": 0}",ineligible,0.63,"{""atypical"": 0.28, ""lead"": 0, ""partner"": 0.09, ""unclear"": 0, ""ineligible"": 0.63}",none,0.99,"{""DCFW"": 0, ""OSEC"": 0.01, ""DHSR"": 0, ""DPH"": 0, ""ORH"": 0, ""MEDICAID"": 0, ""none"": 0.99, ""DMHDDSUS"": 0, ""DCDEE"": 0, ""DSBDHH"": 0, ""DSOHF"": 0, ""DAGING"": 0, ""DEIPD"": 0, ""DSS"": 0}",0.1033,0.09,0.0563,deprioritized,P(unrelated or weak)=0.99,typesafe-ai/jev,a4b41185524e,True
524198f2-b212-4255-9487-070e29a13099,Jobs Plus NOFO for FY2026,forecast,weak,0.45,"{""moderate"": 0.06, ""strong"": 0.04, ""weak"": 0.45, ""none"": 0.45}",none,0.94,"{""none"": 0.94, ""G1"": 0.03, ""G4"": 0.02, ""G5"": 0, ""G2"": 0.01, ""G3"": 0}",ineligible,0.97,"{""partner"": 0.03, ""atypical"": 0, ""unclear"": 0, ""ineligible"": 0.97, ""lead"": 0}",none,0.98,"{""DCDEE"": 0, ""DHSR"": 0, ""DCFW"": 0, ""ORH"": 0, ""none"": 0.98, ""DSBDHH"": 0, ""DEIPD"": 0, ""DSS"": 0.02, ""MEDICAID"": 0, ""DSOHF"": 0, ""DPH"": 0, ""DAGING"": 0, ""DMHDDSUS"": 0, ""OSEC"": 0}",0.23,0.03,0.1184,deprioritized,P(ineligible)=0.97,typesafe-ai/jev,a4b41185524e,True
52596a75-bd24-4f15-a996-b8fae56e392c,Digital Health Technology and Reciprocal Innovation to Improve Clinical and Public Health Outcomes,forecast,weak,0.91,"{""weak"": 0.91, ""moderate"": 0.08, ""none"": 0, ""strong"": 0.01}",G1,0.72,"{""G4"": 0, ""G2"": 0, ""G3"": 0, ""none"": 0.14, ""G5"": 0.14, ""G1"": 0.72}",partner,0.45,"{""lead"": 0.03, ""partner"": 0.45, ""unclear"": 0, ""atypical"": 0.43, ""ineligible"": 0.09}",none,0.48,"{""DHSR"": 0.01, ""ORH"": 0.05, ""MEDICAID"": 0, ""OSEC"": 0.06, ""none"": 0.48, ""DCFW"": 0, ""DSS"": 0, ""DMHDDSUS"": 0, ""DAGING"": 0, ""DSOHF"": 0, ""DPH"": 0.39, ""DSBDHH"": 0, ""DEIPD"": 0, ""DCDEE"": 0.01}",0.3667,0.48,0.2713,deep_review,not confidently irrelevant,typesafe-ai/jev,a4b41185524e,True
5262e552-dc2e-4079-a0fc-4bc8e766fd74,"DoW Orthopaedic, Clinical Research Award",open,none,0.53,"{""weak"": 0.47, ""moderate"": 0, ""none"": 0.53, ""strong"": 0}",none,0.9,"{""G2"": 0, ""G1"": 0.08, ""G3"": 0, ""none"": 0.9, ""G4"": 0.01, ""G5"": 0.01}",atypical,0.84,"{""unclear"": 0.13, ""lead"": 0, ""atypical"": 0.84, ""partner"": 0.03, ""ineligible"": 0}",none,0.97,"{""DSBDHH"": 0, ""DCDEE"": 0, ""DMHDDSUS"": 0, ""none"": 0.97, ""DSOHF"": 0.02, ""DPH"": 0.01, ""DCFW"": 0, ""DAGING"": 0, ""MEDICAID"": 0, ""OSEC"": 0, ""DEIPD"": 0, ""DHSR"": 0, ""DSS"": 0, ""ORH"": 0}",0.1567,0.03,0.0807,deprioritized,P(unrelated or weak)=1.00,typesafe-ai/jev,a4b41185524e,True
5269870b-a071-47ba-a076-d3fbc1955077,Innovative Traffic Safety Enforcement (ITSE) Grant Program,open,weak,0.52,"{""none"": 0.42, ""moderate"": 0.04, ""weak"": 0.52, ""strong"": 0.02}",none,0.76,"{""G4"": 0, ""none"": 0.76, ""G1"": 0.05, ""G5"": 0.17, ""G3"": 0.01, ""G2"": 0.01}",partner,0.53,"{""atypical"": 0.42, ""lead"": 0.03, ""ineligible"": 0.01, ""unclear"": 0.01, ""partner"": 0.53}",none,0.82,"{""DSS"": 0, ""DCFW"": 0, ""DCDEE"": 0, ""DEIPD"": 0, ""DSOHF"": 0, ""OSEC"": 0, ""MEDICAID"": 0, ""DAGING"": 0, ""DPH"": 0.04, ""none"": 0.82, ""DMHDDSUS"": 0.01, ""DSBDHH"": 0, ""DHSR"": 0.12, ""ORH"": 0}",0.22,0.56,0.1716,deep_review,not confidently irrelevant,typesafe-ai/jev,a4b41185524e,True
528f0601-d652-4708-bc74-3567f288f365,FY26 US DOT Drone Infrastructure Inspection Grants (DIIG) Program,forecast,none,0.74,"{""none"": 0.74, ""weak"": 0.23, ""moderate"": 0.03, ""strong"": 0}",G5,0.82,"{""G4"": 0, ""G1"": 0, ""none"": 0.18, ""G2"": 0, ""G3"": 0, ""G5"": 0.82}",atypical,0.42,"{""unclear"": 0.01, ""lead"": 0.33, ""atypical"": 0.42, ""partner"": 0.23, ""ineligible"": 0.01}",none,0.88,"{""DCDEE"": 0, ""DPH"": 0.01, ""ORH"": 0, ""DSS"": 0, ""DSOHF"": 0, ""DCFW"": 0, ""none"": 0.88, ""DEIPD"": 0, ""MEDICAID"": 0, ""DSBDHH"": 0, ""OSEC"": 0.09, ""DHSR"": 0.02, ""DAGING"": 0, ""DMHDDSUS"": 0}",0.0967,0.56,0.0754,deprioritized,P(unrelated or weak)=0.97,typesafe-ai/jev,a4b41185524e,True
529df056-4a25-4428-99b4-2afb596b23d9,Mid-scale Research Infrastructure-1,open,none,0.68,"{""none"": 0.68, ""moderate"": 0, ""weak"": 0.32, ""strong"": 0}",none,0.95,"{""none"": 0.95, ""G2"": 0, ""G3"": 0, ""G4"": 0.02, ""G5"": 0.03, ""G1"": 0}",ineligible,0.83,"{""ineligible"": 0.83, ""lead"": 0, ""atypical"": 0.07, ""partner"": 0.1, ""unclear"": 0}",none,1.0,"{""DSS"": 0, ""DPH"": 0, ""OSEC"": 0, ""DAGING"": 0, ""MEDICAID"": 0, ""DSBDHH"": 0, ""ORH"": 0, ""DCDEE"": 0, ""none"": 1, ""DEIPD"": 0, ""DMHDDSUS"": 0, ""DCFW"": 0, ""DSOHF"": 0, ""DHSR"": 0}",0.1067,0.1,0.0587,deprioritized,P(unrelated or weak)=1.00,typesafe-ai/jev,a4b41185524e,True
52f11090-a54a-4d78-bb43-0b4f1ef74882,Defense Security Cooperation University - Research Grants,open,none,1.0,"{""moderate"": 0, ""none"": 1, ""strong"": 0, ""weak"": 0}",none,1.0,"{""G1"": 0, ""G2"": 0, ""G3"": 0, ""G4"": 0, ""G5"": 0, ""none"": 1}",atypical,0.64,"{""atypical"": 0.64, ""ineligible"": 0.32, ""lead"": 0, ""partner"": 0.04, ""unclear"": 0}",none,0.99,"{""DAGING"": 0, ""DCDEE"": 0, ""DCFW"": 0, ""DEIPD"": 0, ""DHSR"": 0, ""DMHDDSUS"": 0, ""DPH"": 0.01, ""DSBDHH"": 0, ""DSOHF"": 0, ""DSS"": 0, ""MEDICAID"": 0, ""ORH"": 0, ""OSEC"": 0, ""none"": 0.99}",0.0,0.04,0.0,deprioritized,P(unrelated)=1.00,typesafe-ai/jev,a4b41185524e,True
531f27d8-e616-4612-bf93-c4d912b7fa20,Training-based Workforce Development for Advanced Cyberinfrastructure  (CyberTraining),open,none,0.93,"{""strong"": 0, ""moderate"": 0, ""none"": 0.93, ""weak"": 0.07}",none,0.86,"{""G5"": 0.09, ""G1"": 0, ""G2"": 0, ""G3"": 0, ""none"": 0.86, ""G4"": 0.05}",atypical,0.94,"{""unclear"": 0.01, ""atypical"": 0.94, ""partner"": 0.04, ""ineligible"": 0.01, ""lead"": 0}",none,0.96,"{""DSBDHH"": 0, ""DSOHF"": 0, ""DAGING"": 0, ""ORH"": 0, ""DCDEE"": 0, ""DMHDDSUS"": 0, ""DCFW"": 0, ""DSS"": 0, ""DHSR"": 0, ""DEIPD"": 0, ""MEDICAID"": 0, ""OSEC"": 0.04, ""none"": 0.96, ""DPH"": 0}",0.0233,0.04,0.0121,deprioritized,P(unrelated)=0.93,typesafe-ai/jev,a4b41185524e,True
5332bec1-8e95-4161-b663-fd1f3b5eb506,Midcareer Investigator Award in Patient-Oriented Research (Parent K24 Independent Clinical Trial Not Allowed),open,weak,0.97,"{""weak"": 0.97, ""strong"": 0.01, ""none"": 0, ""moderate"": 0.02}",none,0.56,"{""G3"": 0.01, ""G5"": 0.01, ""G4"": 0.4, ""G2"": 0, ""G1"": 0.02, ""none"": 0.56}",atypical,0.84,"{""unclear"": 0, ""ineligible"": 0.02, ""atypical"": 0.84, ""lead"": 0, ""partner"": 0.14}",none,0.81,"{""DAGING"": 0, ""DHSR"": 0.01, ""ORH"": 0.03, ""DPH"": 0.08, ""DCFW"": 0, ""DMHDDSUS"": 0.03, ""OSEC"": 0.02, ""DSS"": 0, ""DCDEE"": 0, ""MEDICAID"": 0, ""DSOHF"": 0.02, ""DEIPD"": 0, ""none"": 0.81, ""DSBDHH"": 0}",0.3467,0.14,0.1976,deprioritized,P(unrelated or weak)=0.97,typesafe-ai/jev,a4b41185524e,True
5360763c-6147-47d4-a126-1471c2ebb367,FY2026 Water Resources Research Act Non-Competitive Coordination,open,none,0.59,"{""strong"": 0.01, ""none"": 0.59, ""moderate"": 0.02, ""weak"": 0.38}",none,0.99,"{""G2"": 0, ""none"": 0.99, ""G1"": 0, ""G3"": 0, ""G5"": 0.01, ""G4"": 0}",ineligible,0.87,"{""lead"": 0, ""partner"": 0.1, ""ineligible"": 0.87, ""unclear"": 0, ""atypical"": 0.03}",none,0.97,"{""DSBDHH"": 0, ""none"": 0.97, ""DHSR"": 0, ""DMHDDSUS"": 0, ""DAGING"": 0, ""OSEC"": 0, ""ORH"": 0, ""DSS"": 0, ""MEDICAID"": 0, ""DCFW"": 0, ""DCDEE"": 0.01, ""DPH"": 0.02, ""DSOHF"": 0, ""DEIPD"": 0}",0.15,0.1,0.0825,deprioritized,P(unrelated or weak)=0.97,typesafe-ai/jev,a4b41185524e,True
53985854-67e4-4f78-a110-e444a3e4ca3f,Continuation and Expansion of the National Mesothelioma Virtual Bank for Translational Research (U24),forecast,weak,0.98,"{""weak"": 0.98, ""none"": 0, ""moderate"": 0.01, ""strong"": 0.01}",none,0.82,"{""G4"": 0.01, ""G5"": 0.07, ""none"": 0.82, ""G1"": 0.1, ""G3"": 0, ""G2"": 0}",atypical,0.59,"{""partner"": 0.39, ""unclear"": 0, ""ineligible"": 0.02, ""lead"": 0, ""atypical"": 0.59}",none,0.55,"{""ORH"": 0, ""DSOHF"": 0, ""DHSR"": 0.01, ""DSS"": 0, ""DCDEE"": 0.01, ""DEIPD"": 0, ""DMHDDSUS"": 0, ""none"": 0.55, ""DCFW"": 0, ""DPH"": 0.43, ""DSBDHH"": 0, ""OSEC"": 0, ""DAGING"": 0, ""MEDICAID"": 0}",0.3433,0.39,0.2386,deprioritized,P(unrelated or weak)=0.98,typesafe-ai/jev,a4b41185524e,True
539b476c-1468-4d9e-9ad6-00276f8fae1d,Domestic Violence Prevention: Forensic Healthcare Services,forecast,weak,0.47,"{""none"": 0.08, ""moderate"": 0.17, ""weak"": 0.47, ""strong"": 0.28}",none,0.65,"{""G4"": 0, ""none"": 0.65, ""G1"": 0.27, ""G2"": 0.07, ""G3"": 0.01, ""G5"": 0}",ineligible,0.96,"{""unclear"": 0, ""ineligible"": 0.96, ""atypical"": 0, ""lead"": 0, ""partner"": 0.04}",none,0.95,"{""DCFW"": 0, ""MEDICAID"": 0, ""DSS"": 0.03, ""DSBDHH"": 0, ""DSOHF"": 0, ""DPH"": 0.01, ""DAGING"": 0, ""none"": 0.95, ""OSEC"": 0, ""DEIPD"": 0, ""ORH"": 0, ""DCDEE"": 0, ""DMHDDSUS"": 0.01, ""DHSR"": 0}",0.55,0.04,0.286,deprioritized,P(ineligible)=0.96,typesafe-ai/jev,a4b41185524e,True
53a03767-1e1c-416f-bfde-44b5ba74add8,Integrating Machine Learning with Computational Fluid Dynamics Models of Orally Inhaled Drug Products (U01) Clinical Trials Not Allowed,forecast,weak,1.0,"{""moderate"": 0, ""none"": 0, ""strong"": 0, ""weak"": 1}",none,0.64,"{""G1"": 0.02, ""G2"": 0, ""G3"": 0, ""G4"": 0, ""G5"": 0.34, ""none"": 0.64}",atypical,0.88,"{""atypical"": 0.88, ""ineligible"": 0, ""lead"": 0, ""partner"": 0.09, ""unclear"": 0.03}",none,0.95,"{""DAGING"": 0, ""DCDEE"": 0, ""DCFW"": 0, ""DEIPD"": 0, ""DHSR"": 0, ""DMHDDSUS"": 0, ""DPH"": 0.05, ""DSBDHH"": 0, ""DSOHF"": 0, ""DSS"": 0, ""MEDICAID"": 0, ""ORH"": 0, ""OSEC"": 0, ""none"": 0.95}",0.3333,0.09,0.1817,deprioritized,P(unrelated or weak)=1.00,typesafe-ai/jev,a4b41185524e,True
53a50b75-bff2-46ac-835b-e5f063f44959,Identify and Evaluate Potential Risk Factors for Amyotrophic Lateral Sclerosis (ALS),forecast,weak,0.92,"{""weak"": 0.92, ""strong"": 0.01, ""none"": 0, ""moderate"": 0.07}",none,0.63,"{""G3"": 0, ""G4"": 0.02, ""G5"": 0.01, ""G2"": 0, ""G1"": 0.34, ""none"": 0.63}",partner,0.5,"{""unclear"": 0.06, ""ineligible"": 0, ""partner"": 0.5, ""lead"": 0.04, ""atypical"": 0.4}",DPH,0.9,"{""DAGING"": 0, ""DHSR"": 0, ""ORH"": 0, ""DPH"": 0.9, ""DCFW"": 0, ""DMHDDSUS"": 0, ""OSEC"": 0, ""MEDICAID"": 0, ""DCDEE"": 0, ""DSS"": 0, ""DSOHF"": 0, ""DEIPD"": 0, ""none"": 0.1, ""DSBDHH"": 0}",0.3633,0.54,0.2798,deep_review,not confidently irrelevant,typesafe-ai/jev,a4b41185524e,True
53a9668b-46cf-44c9-af8c-b5011200eb65,Preservation and Reinvestment Initiative for Community Enhancement (PRICE),forecast,weak,0.46,"{""weak"": 0.46, ""moderate"": 0.19, ""none"": 0.18, ""strong"": 0.17}",G1,0.5,"{""G3"": 0, ""G2"": 0.05, ""G1"": 0.5, ""G4"": 0, ""none"": 0.45, ""G5"": 0}",atypical,0.41,"{""partner"": 0.4, ""unclear"": 0, ""atypical"": 0.41, ""ineligible"": 0.01, ""lead"": 0.18}",none,0.91,"{""OSEC"": 0.01, ""DCDEE"": 0.01, ""ORH"": 0.01, ""none"": 0.91, ""DEIPD"": 0, ""DAGING"": 0, ""DHSR"": 0, ""DCFW"": 0, ""MEDICAID"": 0, ""DSOHF"": 0, ""DPH"": 0, ""DMHDDSUS"": 0, ""DSS"": 0.06, ""DSBDHH"": 0}",0.45,0.58,0.3555,deep_review,not confidently irrelevant,typesafe-ai/jev,a4b41185524e,True
540f0a51-dda9-4ec3-889b-85b8c24f2787,Ruth L. Kirschstein National Research Service Award (NRSA) Short-Term Institutional Research Training Grant (Parent T35),open,weak,1.0,"{""strong"": 0, ""none"": 0, ""weak"": 1, ""moderate"": 0}",G4,0.56,"{""G5"": 0.01, ""G2"": 0, ""none"": 0.43, ""G4"": 0.56, ""G3"": 0, ""G1"": 0}",atypical,0.84,"{""partner"": 0.16, ""atypical"": 0.84, ""lead"": 0, ""unclear"": 0, ""ineligible"": 0}",none,0.85,"{""DAGING"": 0, ""none"": 0.85, ""DCFW"": 0, ""ORH"": 0.01, ""OSEC"": 0.03, ""DPH"": 0.07, ""DMHDDSUS"": 0.01, ""DEIPD"": 0, ""DSBDHH"": 0, ""DSOHF"": 0.02, ""MEDICAID"": 0, ""DHSR"": 0.01, ""DSS"": 0, ""DCDEE"": 0}",0.3333,0.16,0.1933,deprioritized,P(unrelated or weak)=1.00,typesafe-ai/jev,a4b41185524e,True
54289269-5100-4962-8d85-9acf50246ae0,Pacific Disaster Center,forecast,none,0.85,"{""weak"": 0.14, ""moderate"": 0.01, ""none"": 0.85, ""strong"": 0}",none,1.0,"{""none"": 1, ""G2"": 0, ""G1"": 0, ""G4"": 0, ""G5"": 0, ""G3"": 0}",ineligible,0.99,"{""unclear"": 0, ""lead"": 0, ""partner"": 0.01, ""atypical"": 0, ""ineligible"": 0.99}",none,1.0,"{""MEDICAID"": 0, ""ORH"": 0, ""DSOHF"": 0, ""DSBDHH"": 0, ""DHSR"": 0, ""DPH"": 0, ""DAGING"": 0, ""DEIPD"": 0, ""DCFW"": 0, ""DCDEE"": 0, ""OSEC"": 0, ""DMHDDSUS"": 0, ""none"": 1, ""DSS"": 0}",0.0533,0.01,0.0269,deprioritized,P(unrelated)=0.85,typesafe-ai/jev,a4b41185524e,True
54392cd3-bbe0-42e1-93c2-ac78bfcae5ea,FY25 Long Range Broad Agency Announcement (BAA) for Navy and Marine Corps Science and Technology,open,none,1.0,"{""strong"": 0, ""moderate"": 0, ""none"": 1, ""weak"": 0}",none,1.0,"{""none"": 1, ""G3"": 0, ""G5"": 0, ""G2"": 0, ""G1"": 0, ""G4"": 0}",atypical,0.91,"{""ineligible"": 0.07, ""unclear"": 0.01, ""lead"": 0, ""atypical"": 0.91, ""partner"": 0.01}",none,1.0,"{""DPH"": 0, ""DHSR"": 0, ""DSS"": 0, ""DEIPD"": 0, ""DSBDHH"": 0, ""DAGING"": 0, ""OSEC"": 0, ""DCFW"": 0, ""none"": 1, ""MEDICAID"": 0, ""DSOHF"": 0, ""DCDEE"": 0, ""ORH"": 0, ""DMHDDSUS"": 0}",0.0,0.01,0.0,deprioritized,P(unrelated)=1.00,typesafe-ai/jev,a4b41185524e,True
543cf352-4807-484e-92da-93fabdf76368,Title XVI Water Reclamation and Reuse Projects,open,none,0.91,"{""moderate"": 0, ""none"": 0.91, ""strong"": 0, ""weak"": 0.09}",none,0.99,"{""G1"": 0, ""G2"": 0, ""G3"": 0, ""G4"": 0, ""G5"": 0.01, ""none"": 0.99}",atypical,0.55,"{""atypical"": 0.55, ""ineligible"": 0.24, ""lead"": 0.06, ""partner"": 0.15, ""unclear"": 0}",none,0.98,"{""DAGING"": 0, ""DCDEE"": 0, ""DCFW"": 0, ""DEIPD"": 0, ""DHSR"": 0, ""DMHDDSUS"": 0, ""DPH"": 0.02, ""DSBDHH"": 0, ""DSOHF"": 0, ""DSS"": 0, ""MEDICAID"": 0, ""ORH"": 0, ""OSEC"": 0, ""none"": 0.98}",0.03,0.21,0.0181,deprioritized,P(unrelated)=0.91,typesafe-ai/jev,a4b41185524e,True
54666d94-e0dc-44d3-90e6-6eb913f79ca9,Implementation Research on Coordinated Combinations of Community-Clinical Linkage Strategies for Diabetes Prevention and Management,forecast,strong,0.5,"{""weak"": 0.09, ""moderate"": 0.41, ""none"": 0, ""strong"": 0.5}",G1,0.97,"{""G2"": 0, ""G1"": 0.97, ""G3"": 0, ""none"": 0.02, ""G4"": 0, ""G5"": 0.01}",partner,0.76,"{""ineligible"": 0, ""lead"": 0.04, ""unclear"": 0.03, ""partner"": 0.76, ""atypical"": 0.17}",DPH,0.99,"{""ORH"": 0.01, ""DCDEE"": 0, ""DMHDDSUS"": 0, ""none"": 0, ""DSOHF"": 0, ""DPH"": 0.99, ""DCFW"": 0, ""DAGING"": 0, ""MEDICAID"": 0, ""OSEC"": 0, ""DEIPD"": 0, ""DHSR"": 0, ""DSS"": 0, ""DSBDHH"": 0}",0.8033,0.8,0.723,deep_review,not confidently irrelevant,typesafe-ai/jev,a4b41185524e,True
5485b163-57e7-4818-b290-f1cdc0a65555,Department of War Cyber Service Academy (DoW CSA),open,none,1.0,"{""weak"": 0, ""none"": 1, ""moderate"": 0, ""strong"": 0}",none,0.96,"{""G4"": 0.01, ""G3"": 0, ""none"": 0.96, ""G5"": 0.03, ""G2"": 0, ""G1"": 0}",atypical,0.59,"{""ineligible"": 0.35, ""lead"": 0, ""atypical"": 0.59, ""partner"": 0.01, ""unclear"": 0.05}",none,0.97,"{""DSOHF"": 0, ""DCDEE"": 0, ""DCFW"": 0, ""DMHDDSUS"": 0, ""none"": 0.97, ""DSS"": 0, ""DAGING"": 0, ""DPH"": 0, ""DSBDHH"": 0, ""OSEC"": 0.03, ""ORH"": 0, ""MEDICAID"": 0, ""DEIPD"": 0, ""DHSR"": 0}",0.0,0.01,0.0,deprioritized,P(unrelated)=1.00,typesafe-ai/jev,a4b41185524e,True
54c6b441-1759-42d7-ae62-fff1161497c0,National Training Center for Title X and Teen Pregnancy Prevention (TPP),forecast,strong,0.84,"{""none"": 0, ""weak"": 0.04, ""moderate"": 0.12, ""strong"": 0.84}",G2,0.41,"{""G1"": 0.15, ""none"": 0.21, ""G2"": 0.41, ""G3"": 0, ""G5"": 0.07, ""G4"": 0.16}",partner,0.52,"{""atypical"": 0.28, ""partner"": 0.52, ""lead"": 0.14, ""ineligible"": 0.03, ""unclear"": 0.03}",DPH,0.89,"{""OSEC"": 0, ""DPH"": 0.89, ""DSBDHH"": 0, ""ORH"": 0.01, ""DSS"": 0, ""DCFW"": 0.02, ""DEIPD"": 0, ""none"": 0.08, ""DMHDDSUS"": 0, ""MEDICAID"": 0, ""DAGING"": 0, ""DSOHF"": 0, ""DCDEE"": 0, ""DHSR"": 0}",0.9333,0.66,0.7747,deep_review,not confidently irrelevant,typesafe-ai/jev,a4b41185524e,True
54f00c74-f69e-43f8-9bec-cd99f315a66c,DoW Melanoma Research Program Idea Award,open,weak,0.72,"{""weak"": 0.72, ""moderate"": 0, ""none"": 0.28, ""strong"": 0}",none,0.91,"{""G2"": 0, ""G1"": 0.04, ""G5"": 0.04, ""none"": 0.91, ""G4"": 0.01, ""G3"": 0}",atypical,0.93,"{""unclear"": 0.05, ""lead"": 0, ""atypical"": 0.93, ""partner"": 0.01, ""ineligible"": 0}",none,0.88,"{""ORH"": 0, ""DCDEE"": 0, ""DMHDDSUS"": 0, ""none"": 0.88, ""DSOHF"": 0, ""DPH"": 0.12, ""DCFW"": 0, ""DAGING"": 0, ""MEDICAID"": 0, ""OSEC"": 0, ""DEIPD"": 0, ""DHSR"": 0, ""DSS"": 0, ""DSBDHH"": 0}",0.24,0.01,0.1212,deprioritized,P(unrelated or weak)=1.00,typesafe-ai/jev,a4b41185524e,True
54f77fd7-7117-4d57-b433-20c3fd323434,Interdisciplinary Research to Understand the Complex Biology of Resilience to Alzheimer’s and Related Dementias Disease Risk,forecast,weak,1.0,"{""none"": 0, ""strong"": 0, ""moderate"": 0, ""weak"": 1}",none,0.69,"{""G3"": 0.05, ""none"": 0.69, ""G2"": 0, ""G1"": 0.24, ""G4"": 0.01, ""G5"": 0.01}",atypical,0.59,"{""unclear"": 0, ""partner"": 0.37, ""lead"": 0.01, ""ineligible"": 0.03, ""atypical"": 0.59}",none,0.67,"{""DMHDDSUS"": 0.01, ""none"": 0.67, ""DSS"": 0, ""OSEC"": 0, ""DCFW"": 0, ""DEIPD"": 0, ""MEDICAID"": 0, ""ORH"": 0, ""DPH"": 0.1, ""DCDEE"": 0, ""DSBDHH"": 0, ""DAGING"": 0.22, ""DHSR"": 0, ""DSOHF"": 0}",0.3333,0.38,0.23,deprioritized,P(unrelated or weak)=1.00,typesafe-ai/jev,a4b41185524e,True
54f918aa-7f7a-4288-a918-ab0dfdb4aea6,Development of Psychosocial Therapeutic and Preventive Interventions for Mental Disorders (R61/R33 Clinical Trial Required),open,weak,0.95,"{""moderate"": 0.04, ""none"": 0, ""weak"": 0.95, ""strong"": 0.01}",G3,0.9,"{""G2"": 0, ""G4"": 0, ""none"": 0.1, ""G5"": 0, ""G1"": 0, ""G3"": 0.9}",atypical,0.65,"{""atypical"": 0.65, ""partner"": 0.34, ""lead"": 0.01, ""unclear"": 0, ""ineligible"": 0}",DMHDDSUS,0.73,"{""DSBDHH"": 0, ""DCDEE"": 0, ""DPH"": 0.01, ""DSOHF"": 0.01, ""DAGING"": 0, ""DCFW"": 0, ""none"": 0.25, ""MEDICAID"": 0, ""DSS"": 0, ""DMHDDSUS"": 0.73, ""DHSR"": 0, ""OSEC"": 0, ""ORH"": 0, ""DEIPD"": 0}",0.3533,0.35,0.2385,deprioritized,P(unrelated or weak)=0.95,typesafe-ai/jev,a4b41185524e,True
55336300-357e-46bc-a3bc-b8ca8367da90,Annual Program Statement (APS),forecast,none,1.0,"{""strong"": 0, ""weak"": 0, ""none"": 1, ""moderate"": 0}",none,1.0,"{""G2"": 0, ""G5"": 0, ""G4"": 0, ""none"": 1, ""G1"": 0, ""G3"": 0}",atypical,0.88,"{""lead"": 0.01, ""partner"": 0.02, ""unclear"": 0, ""ineligible"": 0.09, ""atypical"": 0.88}",none,0.99,"{""DCDEE"": 0, ""DSS"": 0, ""DHSR"": 0, ""OSEC"": 0.01, ""DSOHF"": 0, ""DSBDHH"": 0, ""MEDICAID"": 0, ""DPH"": 0, ""DCFW"": 0, ""DEIPD"": 0, ""DMHDDSUS"": 0, ""none"": 0.99, ""ORH"": 0, ""DAGING"": 0}",0.0,0.03,0.0,deprioritized,P(unrelated)=1.00,typesafe-ai/jev,a4b41185524e,True
55758ad7-4d40-42e0-b87e-ad97273cc2ab,Gabriella Miller Kids First Training and Outreach Core (U24 Clinical Trials Not Allowed),forecast,weak,0.97,"{""moderate"": 0.02, ""none"": 0, ""strong"": 0.01, ""weak"": 0.97}",G2,0.56,"{""G3"": 0, ""none"": 0.37, ""G4"": 0.04, ""G5"": 0.01, ""G1"": 0.01, ""G2"": 0.56}",atypical,0.65,"{""partner"": 0.32, ""ineligible"": 0, ""lead"": 0, ""unclear"": 0.03, ""atypical"": 0.65}",none,0.74,"{""DHSR"": 0.01, ""none"": 0.74, ""MEDICAID"": 0, ""OSEC"": 0.01, ""ORH"": 0, ""DAGING"": 0, ""DSOHF"": 0, ""DSBDHH"": 0, ""DPH"": 0.21, ""DCFW"": 0.02, ""DEIPD"": 0, ""DMHDDSUS"": 0, ""DCDEE"": 0.01, ""DSS"": 0}",0.3467,0.32,0.2288,deprioritized,P(unrelated or weak)=0.97,typesafe-ai/jev,a4b41185524e,True
55ace8a7-76fe-4727-b882-c231a2832875,NEI Translational Research Program for Therapeutics (R61/R33 Clinical Trial Not Allowed),forecast,weak,1.0,"{""weak"": 1, ""moderate"": 0, ""none"": 0, ""strong"": 0}",none,0.85,"{""G3"": 0, ""G2"": 0, ""G1"": 0.12, ""G4"": 0.01, ""none"": 0.85, ""G5"": 0.02}",atypical,0.76,"{""partner"": 0.22, ""unclear"": 0, ""atypical"": 0.76, ""ineligible"": 0.02, ""lead"": 0}",none,0.77,"{""DMHDDSUS"": 0, ""DCDEE"": 0, ""DAGING"": 0, ""none"": 0.77, ""DEIPD"": 0, ""ORH"": 0, ""DHSR"": 0, ""DCFW"": 0, ""MEDICAID"": 0, ""DSOHF"": 0, ""DPH"": 0.04, ""OSEC"": 0, ""DSBDHH"": 0.19, ""DSS"": 0}",0.3333,0.22,0.2033,deprioritized,P(unrelated or weak)=1.00,typesafe-ai/jev,a4b41185524e,True
55cdd522-19c9-4acf-a17c-040044dd46b4,"Suicide Prevention, Intervention, and Postvention",forecast,weak,0.53,"{""none"": 0.09, ""moderate"": 0.13, ""weak"": 0.53, ""strong"": 0.25}",none,0.66,"{""G4"": 0, ""none"": 0.66, ""G1"": 0.01, ""G2"": 0, ""G3"": 0.33, ""G5"": 0}",ineligible,0.97,"{""unclear"": 0, ""ineligible"": 0.97, ""atypical"": 0, ""lead"": 0, ""partner"": 0.03}",none,0.88,"{""DCDEE"": 0, ""MEDICAID"": 0, ""DHSR"": 0, ""DSBDHH"": 0, ""DSOHF"": 0, ""DPH"": 0, ""DAGING"": 0, ""none"": 0.88, ""OSEC"": 0, ""DEIPD"": 0, ""ORH"": 0, ""DCFW"": 0, ""DMHDDSUS"": 0.12, ""DSS"": 0}",0.5133,0.03,0.2644,deprioritized,P(ineligible)=0.97,typesafe-ai/jev,a4b41185524e,True
560f93a2-b89b-4f91-b7cc-90076bf41cc5,F26AS00085 Aquatic Invasive Species Interjurisdictional Grants to the Great Lakes States and Tribes - Fiscal Year 2026 Great Lakes Restoration Initiative,open,none,0.95,"{""strong"": 0, ""moderate"": 0, ""none"": 0.95, ""weak"": 0.05}",none,1.0,"{""G4"": 0, ""G5"": 0, ""none"": 1, ""G1"": 0, ""G3"": 0, ""G2"": 0}",ineligible,0.91,"{""atypical"": 0.04, ""ineligible"": 0.91, ""lead"": 0.02, ""unclear"": 0, ""partner"": 0.03}",none,1.0,"{""DPH"": 0, ""DSOHF"": 0, ""DMHDDSUS"": 0, ""ORH"": 0, ""MEDICAID"": 0, ""DSS"": 0, ""DCFW"": 0, ""DCDEE"": 0, ""DSBDHH"": 0, ""DHSR"": 0, ""OSEC"": 0, ""DAGING"": 0, ""none"": 1, ""DEIPD"": 0}",0.0167,0.05,0.0088,deprioritized,P(unrelated)=0.95,typesafe-ai/jev,a4b41185524e,True
5686905a-446f-4b0d-8885-e1683d35c3f4,"Pilot Testing, Implementation, and Evaluation of the Cervical, Breast and Colorectal Cancer Clinical Decision Support Tools",forecast,strong,0.44,"{""weak"": 0.21, ""strong"": 0.44, ""moderate"": 0.35, ""none"": 0}",G1,0.46,"{""none"": 0.14, ""G5"": 0.39, ""G4"": 0, ""G3"": 0, ""G2"": 0.01, ""G1"": 0.46}",partner,0.7,"{""lead"": 0.02, ""partner"": 0.7, ""unclear"": 0.08, ""ineligible"": 0, ""atypical"": 0.2}",DPH,0.93,"{""ORH"": 0, ""DPH"": 0.93, ""DSBDHH"": 0, ""DCDEE"": 0.01, ""none"": 0.05, ""OSEC"": 0, ""DEIPD"": 0, ""DMHDDSUS"": 0, ""DHSR"": 0, ""MEDICAID"": 0, ""DSOHF"": 0, ""DCFW"": 0, ""DAGING"": 0, ""DSS"": 0}",0.7433,0.72,0.6393,deep_review,not confidently irrelevant,typesafe-ai/jev,a4b41185524e,True
568fb3c7-74aa-436e-83b3-7cfc226ae206,Early-Stage Dissemination and Implementation Research in Communication Disorders (R21 Clinical Trial Optional),open,weak,0.9,"{""moderate"": 0.09, ""strong"": 0.01, ""none"": 0, ""weak"": 0.9}",none,0.58,"{""G5"": 0.03, ""G1"": 0.32, ""G2"": 0.04, ""G3"": 0, ""none"": 0.58, ""G4"": 0.03}",atypical,0.84,"{""lead"": 0, ""unclear"": 0, ""partner"": 0.16, ""atypical"": 0.84, ""ineligible"": 0}",DSBDHH,0.62,"{""DSOHF"": 0, ""DSBDHH"": 0.62, ""DSS"": 0, ""DHSR"": 0, ""DCFW"": 0.01, ""DAGING"": 0, ""DMHDDSUS"": 0.02, ""DPH"": 0.04, ""MEDICAID"": 0, ""none"": 0.31, ""DEIPD"": 0, ""ORH"": 0, ""DCDEE"": 0, ""OSEC"": 0}",0.37,0.16,0.2146,deep_review,not confidently irrelevant,typesafe-ai/jev,a4b41185524e,True
56b44275-40f7-4e14-bccb-c25c5e2df868,"Research on the Science and Technology Enterprise: Indicators, Statistics, and Methods (NCSES S&T)",open,none,0.93,"{""weak"": 0.07, ""none"": 0.93, ""strong"": 0, ""moderate"": 0}",none,0.97,"{""G3"": 0, ""none"": 0.97, ""G4"": 0, ""G5"": 0.03, ""G1"": 0, ""G2"": 0}",ineligible,0.83,"{""ineligible"": 0.83, ""atypical"": 0.11, ""unclear"": 0, ""lead"": 0, ""partner"": 0.06}",none,0.94,"{""ORH"": 0, ""DAGING"": 0, ""OSEC"": 0.04, ""DCDEE"": 0, ""DPH"": 0.02, ""DSBDHH"": 0, ""DSS"": 0, ""DCFW"": 0, ""DHSR"": 0, ""DMHDDSUS"": 0, ""none"": 0.94, ""DSOHF"": 0, ""DEIPD"": 0, ""MEDICAID"": 0}",0.0233,0.06,0.0124,deprioritized,P(unrelated)=0.93,typesafe-ai/jev,a4b41185524e,True
56cb921d-6c86-4108-bf10-a2ec4f8ceef3,Forecast to Publish a Funding Opportunity Announcement for Copy of Integrative Neuroscience Initiative on Alcoholism (INIA) Consortia Research Resource (U24) (Clinical Trial Optional),forecast,weak,1.0,"{""none"": 0, ""strong"": 0, ""moderate"": 0, ""weak"": 1}",G3,0.71,"{""G3"": 0.71, ""none"": 0.29, ""G4"": 0, ""G1"": 0, ""G2"": 0, ""G5"": 0}",atypical,0.81,"{""unclear"": 0, ""partner"": 0.19, ""ineligible"": 0, ""lead"": 0, ""atypical"": 0.81}",none,0.52,"{""DMHDDSUS"": 0.43, ""none"": 0.52, ""OSEC"": 0, ""DSS"": 0, ""DCDEE"": 0, ""DEIPD"": 0, ""DSOHF"": 0.02, ""ORH"": 0, ""DPH"": 0.03, ""DCFW"": 0, ""DSBDHH"": 0, ""DAGING"": 0, ""DHSR"": 0, ""MEDICAID"": 0}",0.3333,0.19,0.1983,deprioritized,P(unrelated or weak)=1.00,typesafe-ai/jev,a4b41185524e,True
56d667b4-9531-44e3-a344-62763b27c1cf,World Trade Center Youth Research Coordinating Center (U54),forecast,weak,0.62,"{""weak"": 0.62, ""none"": 0.02, ""moderate"": 0.26, ""strong"": 0.1}",G2,0.43,"{""G4"": 0.01, ""G3"": 0.01, ""none"": 0.42, ""G5"": 0.01, ""G2"": 0.43, ""G1"": 0.12}",partner,0.62,"{""ineligible"": 0, ""lead"": 0.04, ""atypical"": 0.33, ""partner"": 0.62, ""unclear"": 0.01}",DPH,0.79,"{""DSOHF"": 0, ""DMHDDSUS"": 0, ""DCFW"": 0.01, ""DCDEE"": 0, ""none"": 0.2, ""DSS"": 0, ""DAGING"": 0, ""MEDICAID"": 0, ""DSBDHH"": 0, ""OSEC"": 0, ""ORH"": 0, ""DPH"": 0.79, ""DEIPD"": 0, ""DHSR"": 0}",0.48,0.66,0.3984,deep_review,not confidently irrelevant,typesafe-ai/jev,a4b41185524e,True
56e4c5bf-fe1e-4ae1-905b-93a9b53cd8d3,Foundational Research in Robotics,open,none,0.97,"{""strong"": 0, ""moderate"": 0, ""weak"": 0.03, ""none"": 0.97}",none,0.96,"{""G5"": 0.04, ""none"": 0.96, ""G4"": 0, ""G1"": 0, ""G2"": 0, ""G3"": 0}",atypical,0.98,"{""lead"": 0, ""partner"": 0.01, ""atypical"": 0.98, ""ineligible"": 0, ""unclear"": 0.01}",none,1.0,"{""DCDEE"": 0, ""OSEC"": 0, ""ORH"": 0, ""DAGING"": 0, ""DMHDDSUS"": 0, ""DCFW"": 0, ""none"": 1, ""DSBDHH"": 0, ""DSOHF"": 0, ""DPH"": 0, ""DSS"": 0, ""DEIPD"": 0, ""DHSR"": 0, ""MEDICAID"": 0}",0.01,0.01,0.005,deprioritized,P(unrelated)=0.97,typesafe-ai/jev,a4b41185524e,True
57075261-4a9d-4834-b547-db4bc3befb71,Controlled Clinical Trials on Long-Term Effects of Nutritional Interventions on the Progression of Risk Factors for Age-Related Chronic Conditions Over the Life Span and Their Age of Onset,forecast,weak,0.99,"{""weak"": 0.99, ""none"": 0, ""moderate"": 0.01, ""strong"": 0}",none,0.65,"{""G2"": 0, ""G4"": 0.01, ""none"": 0.65, ""G5"": 0.01, ""G1"": 0.33, ""G3"": 0}",atypical,0.56,"{""unclear"": 0, ""partner"": 0.39, ""atypical"": 0.56, ""lead"": 0.02, ""ineligible"": 0.02}",DAGING,0.43,"{""DSBDHH"": 0, ""DCDEE"": 0, ""DPH"": 0.16, ""none"": 0.41, ""DAGING"": 0.43, ""DCFW"": 0, ""DSOHF"": 0, ""MEDICAID"": 0, ""DSS"": 0, ""DEIPD"": 0, ""DHSR"": 0, ""OSEC"": 0, ""ORH"": 0, ""DMHDDSUS"": 0}",0.3367,0.41,0.2373,deprioritized,P(unrelated or weak)=0.99,typesafe-ai/jev,a4b41185524e,True
57c3cd68-e9e5-42c4-ac5b-b31a3ee245e3,Dementia Care and Caregiver Support Intervention Research - Stage I Only,forecast,weak,0.78,"{""moderate"": 0.16, ""none"": 0, ""strong"": 0.06, ""weak"": 0.78}",G1,0.81,"{""G1"": 0.81, ""G2"": 0, ""G3"": 0.04, ""G4"": 0, ""G5"": 0, ""none"": 0.14}",atypical,0.6,"{""atypical"": 0.6, ""ineligible"": 0, ""lead"": 0.01, ""partner"": 0.37, ""unclear"": 0.02}",DAGING,0.86,"{""DAGING"": 0.86, ""DCDEE"": 0, ""DCFW"": 0, ""DEIPD"": 0, ""DHSR"": 0, ""DMHDDSUS"": 0.01, ""DPH"": 0.02, ""DSBDHH"": 0, ""DSOHF"": 0, ""DSS"": 0, ""MEDICAID"": 0, ""ORH"": 0, ""OSEC"": 0, ""none"": 0.11}",0.4267,0.38,0.2944,deep_review,not confidently irrelevant,typesafe-ai/jev,a4b41185524e,True
58016469-6456-405c-b21d-838af9e3473a,Academic Research Enhancement Award (AREA) for Undergraduate-Focused Institutions (R15 Clinical Trial Required),open,weak,1.0,"{""weak"": 1, ""none"": 0, ""moderate"": 0, ""strong"": 0}",none,0.91,"{""G2"": 0, ""none"": 0.91, ""G4"": 0.09, ""G1"": 0, ""G5"": 0, ""G3"": 0}",atypical,0.7,"{""unclear"": 0, ""atypical"": 0.7, ""ineligible"": 0.22, ""lead"": 0, ""partner"": 0.08}",none,0.99,"{""OSEC"": 0, ""none"": 0.99, ""ORH"": 0, ""DCFW"": 0, ""DCDEE"": 0, ""DSS"": 0, ""DSOHF"": 0, ""MEDICAID"": 0, ""DEIPD"": 0, ""DHSR"": 0, ""DPH"": 0.01, ""DSBDHH"": 0, ""DMHDDSUS"": 0, ""DAGING"": 0}",0.3333,0.08,0.18,deprioritized,P(unrelated or weak)=1.00,typesafe-ai/jev,a4b41185524e,True
580bf02a-af63-40f8-9fdc-e79ab5f63ad5,NCI Pathway to Independence Award (K99/R00  Clinical Trial Required),open,weak,1.0,"{""moderate"": 0, ""weak"": 1, ""none"": 0, ""strong"": 0}",none,0.82,"{""G2"": 0, ""G4"": 0.18, ""none"": 0.82, ""G5"": 0, ""G1"": 0, ""G3"": 0}",atypical,0.95,"{""atypical"": 0.95, ""partner"": 0.02, ""lead"": 0, ""unclear"": 0, ""ineligible"": 0.03}",none,0.95,"{""DSBDHH"": 0, ""DSOHF"": 0.01, ""DPH"": 0.03, ""DCDEE"": 0, ""DAGING"": 0, ""DCFW"": 0, ""none"": 0.95, ""MEDICAID"": 0, ""DSS"": 0, ""DMHDDSUS"": 0, ""DHSR"": 0, ""OSEC"": 0, ""ORH"": 0.01, ""DEIPD"": 0}",0.3333,0.02,0.17,deprioritized,P(unrelated or weak)=1.00,typesafe-ai/jev,a4b41185524e,True
5812c680-3ea9-4883-8114-5502f4a5e53f,Exploratory Clinical Trial Grants in Arthritis and Musculoskeletal and Skin Diseases (R61 Clinical Trial Required),open,weak,0.99,"{""moderate"": 0.01, ""none"": 0, ""strong"": 0, ""weak"": 0.99}",none,0.69,"{""G1"": 0.29, ""G2"": 0, ""G3"": 0, ""G4"": 0.01, ""G5"": 0.01, ""none"": 0.69}",atypical,0.84,"{""atypical"": 0.84, ""ineligible"": 0, ""lead"": 0, ""partner"": 0.16, ""unclear"": 0}",none,0.59,"{""DAGING"": 0, ""DCDEE"": 0, ""DCFW"": 0, ""DEIPD"": 0, ""DHSR"": 0, ""DMHDDSUS"": 0, ""DPH"": 0.4, ""DSBDHH"": 0, ""DSOHF"": 0.01, ""DSS"": 0, ""MEDICAID"": 0, ""ORH"": 0, ""OSEC"": 0, ""none"": 0.59}",0.3367,0.16,0.1953,deprioritized,P(unrelated or weak)=0.99,typesafe-ai/jev,a4b41185524e,True
588a169a-478d-4554-bbd6-d8e3416000d2,Optimal Treatment Strategies for use of Anti-Obesity Medications (AOMs) in Children and Adolescents Clinical Centers (U01 Clinical Trial Required),open,weak,0.96,"{""weak"": 0.96, ""strong"": 0.01, ""moderate"": 0.03, ""none"": 0}",G2,0.86,"{""none"": 0.13, ""G4"": 0, ""G5"": 0, ""G1"": 0.01, ""G2"": 0.86, ""G3"": 0}",atypical,0.53,"{""partner"": 0.47, ""lead"": 0, ""ineligible"": 0, ""atypical"": 0.53, ""unclear"": 0}",none,0.56,"{""none"": 0.56, ""DPH"": 0.37, ""DHSR"": 0.01, ""DAGING"": 0, ""DSOHF"": 0.01, ""DCDEE"": 0.01, ""DMHDDSUS"": 0, ""DSBDHH"": 0, ""OSEC"": 0, ""DCFW"": 0.03, ""DSS"": 0, ""MEDICAID"": 0.01, ""DEIPD"": 0, ""ORH"": 0}",0.35,0.47,0.2572,deprioritized,P(unrelated or weak)=0.96,typesafe-ai/jev,a4b41185524e,True
58bf2237-9c6b-4e21-b2f2-cbd2e934e249,Expanding global health security through local partnerships in Ethiopia,open,weak,0.94,"{""moderate"": 0, ""strong"": 0, ""none"": 0.06, ""weak"": 0.94}",none,0.96,"{""G5"": 0.02, ""G1"": 0.01, ""none"": 0.96, ""G2"": 0, ""G3"": 0, ""G4"": 0.01}",atypical,0.45,"{""partner"": 0.33, ""unclear"": 0.12, ""lead"": 0.07, ""atypical"": 0.45, ""ineligible"": 0.03}",DPH,0.6,"{""DSOHF"": 0, ""DSBDHH"": 0, ""DSS"": 0, ""DHSR"": 0, ""DCFW"": 0, ""DAGING"": 0, ""ORH"": 0, ""DPH"": 0.6, ""MEDICAID"": 0, ""none"": 0.4, ""OSEC"": 0, ""DEIPD"": 0, ""DCDEE"": 0, ""DMHDDSUS"": 0}",0.3133,0.4,0.2193,deprioritized,P(unrelated or weak)=1.00,typesafe-ai/jev,a4b41185524e,True
58c36d1c-2ed3-40b5-adcd-fa09e2377565,"National Defense Education Program (NDEP) Science, Technology, Engineering, and Mathematics (STEM) Consortia Request for Information (RFI) for the Office of the Under Secretary of Defense (Research & Engineering)",forecast,none,0.99,"{""weak"": 0.01, ""strong"": 0, ""moderate"": 0, ""none"": 0.99}",none,0.87,"{""G5"": 0, ""G3"": 0, ""G4"": 0.13, ""G1"": 0, ""none"": 0.87, ""G2"": 0}",atypical,0.78,"{""partner"": 0.02, ""ineligible"": 0.04, ""unclear"": 0.16, ""lead"": 0, ""atypical"": 0.78}",none,0.96,"{""DSBDHH"": 0, ""DCDEE"": 0.01, ""DSOHF"": 0, ""DEIPD"": 0.02, ""DCFW"": 0.01, ""MEDICAID"": 0, ""DAGING"": 0, ""OSEC"": 0, ""DSS"": 0, ""DPH"": 0, ""ORH"": 0, ""none"": 0.96, ""DMHDDSUS"": 0, ""DHSR"": 0}",0.0033,0.02,0.0017,deprioritized,P(unrelated)=0.99,typesafe-ai/jev,a4b41185524e,True
5937fcae-3395-414e-968d-0c9f14113657,Cyberinfrastructure for Public Access and Open Science,open,none,0.81,"{""none"": 0.81, ""weak"": 0.18, ""strong"": 0, ""moderate"": 0.01}",none,0.81,"{""none"": 0.81, ""G4"": 0, ""G2"": 0, ""G3"": 0, ""G1"": 0, ""G5"": 0.19}",atypical,0.85,"{""atypical"": 0.85, ""unclear"": 0.08, ""partner"": 0.07, ""lead"": 0, ""ineligible"": 0}",none,0.87,"{""DCFW"": 0, ""OSEC"": 0.12, ""DHSR"": 0, ""DPH"": 0.01, ""ORH"": 0, ""MEDICAID"": 0, ""none"": 0.87, ""DSS"": 0, ""DCDEE"": 0, ""DMHDDSUS"": 0, ""DSOHF"": 0, ""DAGING"": 0, ""DEIPD"": 0, ""DSBDHH"": 0}",0.0667,0.07,0.0357,deprioritized,P(unrelated or weak)=0.99,typesafe-ai/jev,a4b41185524e,True
593a83b5-e3a6-4ef4-a1a4-07121d5accb9,Ending the HIV/HCV Epidemics in Indian Country,forecast,weak,0.46,"{""moderate"": 0.17, ""none"": 0.06, ""weak"": 0.46, ""strong"": 0.31}",G1,0.61,"{""G2"": 0, ""none"": 0.39, ""G3"": 0, ""G5"": 0, ""G4"": 0, ""G1"": 0.61}",ineligible,0.85,"{""lead"": 0, ""atypical"": 0.02, ""ineligible"": 0.85, ""unclear"": 0, ""partner"": 0.13}",none,0.6,"{""DCFW"": 0, ""MEDICAID"": 0, ""none"": 0.6, ""DHSR"": 0, ""DSBDHH"": 0, ""ORH"": 0, ""DSS"": 0, ""DAGING"": 0, ""OSEC"": 0, ""DPH"": 0.37, ""DMHDDSUS"": 0.03, ""DEIPD"": 0, ""DCDEE"": 0, ""DSOHF"": 0}",0.5767,0.13,0.3258,deep_review,not confidently irrelevant,typesafe-ai/jev,a4b41185524e,True
59439b3a-9619-474c-aa85-ae681e8129f9,Synthesis and Biological Activity Assessment of Different Diastereomers in siRNA Drug LEQVIO (Inclisiran) (U01) Clinical Trial Not Allowed,forecast,weak,1.0,"{""weak"": 1, ""moderate"": 0, ""strong"": 0, ""none"": 0}",none,0.97,"{""G3"": 0, ""G4"": 0, ""G1"": 0, ""G2"": 0, ""G5"": 0.03, ""none"": 0.97}",atypical,0.96,"{""lead"": 0, ""ineligible"": 0, ""unclear"": 0, ""atypical"": 0.96, ""partner"": 0.04}",none,0.98,"{""DAGING"": 0, ""MEDICAID"": 0, ""DCFW"": 0, ""DSOHF"": 0, ""OSEC"": 0, ""DMHDDSUS"": 0, ""DHSR"": 0, ""DSS"": 0, ""DPH"": 0.02, ""ORH"": 0, ""DSBDHH"": 0, ""DCDEE"": 0, ""DEIPD"": 0, ""none"": 0.98}",0.3333,0.04,0.1733,deprioritized,P(unrelated or weak)=1.00,typesafe-ai/jev,a4b41185524e,True
59462b36-6d05-4832-a628-427f72260f3d,State Veterans Home Construction Grant Program,open,strong,0.63,"{""weak"": 0.12, ""none"": 0.03, ""moderate"": 0.22, ""strong"": 0.63}",G1,0.77,"{""none"": 0.22, ""G5"": 0.01, ""G4"": 0, ""G1"": 0.77, ""G3"": 0, ""G2"": 0}",lead,0.95,"{""partner"": 0.02, ""unclear"": 0, ""ineligible"": 0.02, ""lead"": 0.95, ""atypical"": 0.01}",none,0.44,"{""DAGING"": 0.14, ""OSEC"": 0, ""DHSR"": 0.01, ""DSS"": 0.02, ""DCDEE"": 0, ""DEIPD"": 0, ""DSOHF"": 0.39, ""DCFW"": 0, ""none"": 0.44, ""DPH"": 0, ""DSBDHH"": 0, ""ORH"": 0, ""DMHDDSUS"": 0, ""MEDICAID"": 0}",0.8167,0.97,0.8044,deep_review,not confidently irrelevant,typesafe-ai/jev,a4b41185524e,True
599c5796-9954-4aa0-93d2-4a70f0c432ce,"Energy, Power, Control, and Networks",open,none,0.73,"{""weak"": 0.27, ""none"": 0.73, ""moderate"": 0, ""strong"": 0}",none,0.9,"{""G4"": 0, ""G5"": 0.1, ""none"": 0.9, ""G1"": 0, ""G3"": 0, ""G2"": 0}",atypical,0.94,"{""partner"": 0.02, ""unclear"": 0.04, ""ineligible"": 0, ""lead"": 0, ""atypical"": 0.94}",none,0.99,"{""none"": 0.99, ""ORH"": 0, ""DHSR"": 0, ""DSS"": 0, ""DCDEE"": 0, ""DEIPD"": 0, ""DMHDDSUS"": 0, ""DSOHF"": 0, ""DCFW"": 0, ""DPH"": 0, ""DAGING"": 0, ""DSBDHH"": 0, ""OSEC"": 0.01, ""MEDICAID"": 0}",0.09,0.02,0.0459,deprioritized,P(unrelated or weak)=1.00,typesafe-ai/jev,a4b41185524e,True
59c3ea57-ba49-4e96-9706-0528937de746,Maximizing Investigators' Research Award (MIRA) (R35 - Clinical Trial Optional),open,weak,1.0,"{""moderate"": 0, ""strong"": 0, ""weak"": 1, ""none"": 0}",none,0.93,"{""G3"": 0, ""G4"": 0.05, ""G5"": 0.02, ""G1"": 0, ""G2"": 0, ""none"": 0.93}",atypical,0.98,"{""atypical"": 0.98, ""partner"": 0.01, ""lead"": 0, ""unclear"": 0, ""ineligible"": 0.01}",none,0.92,"{""DSOHF"": 0.01, ""DMHDDSUS"": 0, ""DEIPD"": 0, ""DPH"": 0.06, ""OSEC"": 0.01, ""DCFW"": 0, ""ORH"": 0, ""MEDICAID"": 0, ""DAGING"": 0, ""DCDEE"": 0, ""DSS"": 0, ""DSBDHH"": 0, ""DHSR"": 0, ""none"": 0.92}",0.3333,0.01,0.1683,deprioritized,P(unrelated or weak)=1.00,typesafe-ai/jev,a4b41185524e,True
59fa608f-e4ca-4ca9-b06c-6b499711f535,BRAIN Initiative: Development and Validation of Novel Tools and New Approaches for Neuroscience Research,forecast,weak,1.0,"{""weak"": 1, ""strong"": 0, ""moderate"": 0, ""none"": 0}",none,0.87,"{""G5"": 0.03, ""G3"": 0.09, ""G2"": 0, ""G1"": 0, ""none"": 0.87, ""G4"": 0.01}",atypical,0.93,"{""atypical"": 0.93, ""ineligible"": 0.01, ""unclear"": 0, ""lead"": 0, ""partner"": 0.06}",none,0.78,"{""DSBDHH"": 0, ""DCDEE"": 0, ""OSEC"": 0, ""DEIPD"": 0, ""DAGING"": 0, ""MEDICAID"": 0, ""DSS"": 0, ""ORH"": 0, ""DSOHF"": 0.01, ""DPH"": 0.02, ""DCFW"": 0, ""DMHDDSUS"": 0.19, ""none"": 0.78, ""DHSR"": 0}",0.3333,0.06,0.1767,deprioritized,P(unrelated or weak)=1.00,typesafe-ai/jev,a4b41185524e,True
5a01de72-0d63-4009-852c-d2e64018c100,Alzheimer's Drug-Development Program (U01 Clinical Trial Optional),open,weak,1.0,"{""none"": 0, ""moderate"": 0, ""weak"": 1, ""strong"": 0}",none,0.8,"{""none"": 0.8, ""G4"": 0.01, ""G1"": 0.16, ""G2"": 0, ""G3"": 0.02, ""G5"": 0.01}",atypical,0.86,"{""unclear"": 0, ""ineligible"": 0, ""atypical"": 0.86, ""lead"": 0, ""partner"": 0.14}",none,0.85,"{""DHSR"": 0, ""MEDICAID"": 0, ""DCFW"": 0, ""DSBDHH"": 0, ""DSOHF"": 0, ""DPH"": 0.03, ""DAGING"": 0.1, ""DEIPD"": 0, ""OSEC"": 0, ""none"": 0.85, ""ORH"": 0, ""DCDEE"": 0, ""DMHDDSUS"": 0.02, ""DSS"": 0}",0.3333,0.14,0.19,deprioritized,P(unrelated or weak)=1.00,typesafe-ai/jev,a4b41185524e,True
5a0b4ac7-5736-4698-ae7a-a12fca515956,Limited Competition: Chronic Kidney Diseases of UnceRtain Etiology (CKDu) in Agricultural Communities (CURE) Research Consortium- Field Epidemiology Sites,forecast,weak,0.92,"{""strong"": 0.01, ""moderate"": 0.07, ""weak"": 0.92, ""none"": 0}",G1,0.51,"{""G5"": 0, ""none"": 0.48, ""G4"": 0.01, ""G1"": 0.51, ""G2"": 0, ""G3"": 0}",partner,0.57,"{""lead"": 0.02, ""partner"": 0.57, ""atypical"": 0.39, ""ineligible"": 0.01, ""unclear"": 0.01}",DPH,0.7,"{""MEDICAID"": 0, ""OSEC"": 0, ""ORH"": 0.02, ""DAGING"": 0, ""DMHDDSUS"": 0, ""DCFW"": 0, ""none"": 0.27, ""DPH"": 0.7, ""DSOHF"": 0, ""DHSR"": 0, ""DSS"": 0, ""DEIPD"": 0, ""DSBDHH"": 0, ""DCDEE"": 0.01}",0.3633,0.59,0.2888,deep_review,not confidently irrelevant,typesafe-ai/jev,a4b41185524e,True
5a5fa137-3c95-47b6-ad88-a9c47719fa41,Core Research in Biological Sciences (BIO Core),open,weak,0.95,"{""none"": 0.05, ""weak"": 0.95, ""moderate"": 0, ""strong"": 0}",none,1.0,"{""G5"": 0, ""G2"": 0, ""none"": 1, ""G3"": 0, ""G4"": 0, ""G1"": 0}",ineligible,0.92,"{""atypical"": 0.04, ""partner"": 0.04, ""lead"": 0, ""ineligible"": 0.92, ""unclear"": 0}",none,0.98,"{""none"": 0.98, ""DCDEE"": 0, ""MEDICAID"": 0, ""DHSR"": 0, ""DCFW"": 0, ""DAGING"": 0, ""DEIPD"": 0, ""DMHDDSUS"": 0, ""DPH"": 0.02, ""ORH"": 0, ""DSOHF"": 0, ""DSBDHH"": 0, ""DSS"": 0, ""OSEC"": 0}",0.3167,0.04,0.1647,deprioritized,P(unrelated or weak)=1.00,typesafe-ai/jev,a4b41185524e,True
5a815c5e-6a8c-4e78-a1f0-df9a527788f4,"NIH StrokeNet Clinical Trials and Biomarker Studies for Stroke Treatment, Recovery, and Prevention (UG3/UH3 Clinical Trial Optional)",open,weak,0.99,"{""weak"": 0.99, ""strong"": 0, ""none"": 0, ""moderate"": 0.01}",none,0.57,"{""G2"": 0, ""G3"": 0, ""none"": 0.57, ""G1"": 0.39, ""G4"": 0.01, ""G5"": 0.02}",partner,0.56,"{""lead"": 0.01, ""unclear"": 0, ""ineligible"": 0, ""atypical"": 0.43, ""partner"": 0.56}",none,0.61,"{""MEDICAID"": 0, ""DPH"": 0.35, ""DEIPD"": 0, ""DMHDDSUS"": 0.01, ""ORH"": 0.01, ""DSBDHH"": 0, ""DHSR"": 0.01, ""DSOHF"": 0.01, ""none"": 0.61, ""DSS"": 0, ""DAGING"": 0, ""DCDEE"": 0, ""DCFW"": 0, ""OSEC"": 0}",0.3367,0.57,0.2643,deprioritized,P(unrelated or weak)=0.99,typesafe-ai/jev,a4b41185524e,True
5aa9cabe-0695-413f-9348-1b6b387e505b,NHLBI Outstanding Investigator Award (OIA) (R35 Clinical Trial Optional),open,weak,1.0,"{""strong"": 0, ""none"": 0, ""weak"": 1, ""moderate"": 0}",none,0.92,"{""G1"": 0.01, ""G2"": 0, ""none"": 0.92, ""G4"": 0.05, ""G3"": 0, ""G5"": 0.02}",atypical,0.98,"{""lead"": 0, ""atypical"": 0.98, ""partner"": 0.01, ""unclear"": 0, ""ineligible"": 0.01}",none,0.91,"{""DAGING"": 0, ""DCFW"": 0, ""none"": 0.91, ""OSEC"": 0, ""DPH"": 0.09, ""ORH"": 0, ""DMHDDSUS"": 0, ""MEDICAID"": 0, ""DSBDHH"": 0, ""DEIPD"": 0, ""DSOHF"": 0, ""DHSR"": 0, ""DSS"": 0, ""DCDEE"": 0}",0.3333,0.01,0.1683,deprioritized,P(unrelated or weak)=1.00,typesafe-ai/jev,a4b41185524e,True
5ad87bc8-7d4d-4b27-a676-5a516f771c39,Plasma Physics,open,none,1.0,"{""moderate"": 0, ""none"": 1, ""strong"": 0, ""weak"": 0}",none,1.0,"{""G3"": 0, ""none"": 1, ""G4"": 0, ""G5"": 0, ""G1"": 0, ""G2"": 0}",atypical,0.99,"{""partner"": 0, ""ineligible"": 0, ""lead"": 0, ""unclear"": 0.01, ""atypical"": 0.99}",none,1.0,"{""DHSR"": 0, ""none"": 1, ""OSEC"": 0, ""DMHDDSUS"": 0, ""DSBDHH"": 0, ""DSOHF"": 0, ""DAGING"": 0, ""DCDEE"": 0, ""DPH"": 0, ""DCFW"": 0, ""DEIPD"": 0, ""MEDICAID"": 0, ""ORH"": 0, ""DSS"": 0}",0.0,0.0,0.0,deprioritized,P(unrelated)=1.00,typesafe-ai/jev,a4b41185524e,True
5b0a5980-5b84-4cdf-9370-2a36c301760b,Development and Testing of a Multi-use Frameworks Playbook for Precision Medicine with AI: Integrating Imaging with Multimodal Data (PRIMED-AI) (U01 Clinical Trial Not Allowed),open,weak,0.97,"{""strong"": 0, ""weak"": 0.97, ""none"": 0, ""moderate"": 0.03}",G5,0.64,"{""G3"": 0, ""G5"": 0.64, ""none"": 0.36, ""G2"": 0, ""G1"": 0, ""G4"": 0}",atypical,0.64,"{""partner"": 0.36, ""lead"": 0, ""atypical"": 0.64, ""unclear"": 0, ""ineligible"": 0}",none,0.81,"{""DMHDDSUS"": 0, ""OSEC"": 0.06, ""MEDICAID"": 0, ""DSS"": 0, ""DPH"": 0.1, ""DSBDHH"": 0, ""DHSR"": 0.01, ""DEIPD"": 0, ""DCFW"": 0, ""ORH"": 0.01, ""none"": 0.81, ""DSOHF"": 0, ""DCDEE"": 0.01, ""DAGING"": 0}",0.3433,0.36,0.2335,deprioritized,P(unrelated or weak)=0.97,typesafe-ai/jev,a4b41185524e,True
5b1c2b70-6f77-40c5-8a01-f508bc98a0cf,Educational Funding Opportunity: Expanding education on skin lightening products (U01) Clinical Trials Not Allowed,forecast,moderate,0.51,"{""none"": 0, ""moderate"": 0.51, ""strong"": 0.38, ""weak"": 0.11}",G1,0.86,"{""G2"": 0, ""none"": 0.14, ""G4"": 0, ""G5"": 0, ""G1"": 0.86, ""G3"": 0}",partner,0.6,"{""partner"": 0.6, ""lead"": 0.04, ""atypical"": 0.3, ""unclear"": 0.06, ""ineligible"": 0}",DPH,0.81,"{""DAGING"": 0, ""DSS"": 0, ""DSOHF"": 0, ""MEDICAID"": 0, ""DPH"": 0.81, ""DCDEE"": 0.01, ""ORH"": 0.01, ""DHSR"": 0.01, ""none"": 0.15, ""DEIPD"": 0, ""OSEC"": 0.01, ""DSBDHH"": 0, ""DMHDDSUS"": 0, ""DCFW"": 0}",0.7567,0.64,0.6205,deep_review,not confidently irrelevant,typesafe-ai/jev,a4b41185524e,True
5b1da72c-4257-4213-8658-e1e19d367e56,Division of Materials Research: Condensed Matter and Materials Theory (CMMT),open,none,0.96,"{""weak"": 0.04, ""strong"": 0, ""none"": 0.96, ""moderate"": 0}",none,1.0,"{""G2"": 0, ""G5"": 0, ""G3"": 0, ""G4"": 0, ""none"": 1, ""G1"": 0}",ineligible,0.87,"{""partner"": 0.01, ""ineligible"": 0.87, ""atypical"": 0.12, ""lead"": 0, ""unclear"": 0}",none,1.0,"{""DAGING"": 0, ""DSBDHH"": 0, ""DSS"": 0, ""DCDEE"": 0, ""DPH"": 0, ""OSEC"": 0, ""ORH"": 0, ""DCFW"": 0, ""DEIPD"": 0, ""DMHDDSUS"": 0, ""DHSR"": 0, ""none"": 1, ""MEDICAID"": 0, ""DSOHF"": 0}",0.0133,0.01,0.0067,deprioritized,P(unrelated)=0.96,typesafe-ai/jev,a4b41185524e,True
5b441628-d177-4d99-920d-70c016da6fb9,NSF STEM K-12,open,none,0.63,"{""weak"": 0.34, ""strong"": 0.01, ""moderate"": 0.02, ""none"": 0.63}",none,0.73,"{""G5"": 0, ""none"": 0.73, ""G4"": 0.2, ""G3"": 0, ""G2"": 0.07, ""G1"": 0}",atypical,0.81,"{""lead"": 0.02, ""partner"": 0.17, ""unclear"": 0, ""ineligible"": 0, ""atypical"": 0.81}",none,0.75,"{""ORH"": 0, ""DCFW"": 0.08, ""DSBDHH"": 0, ""DCDEE"": 0.16, ""OSEC"": 0, ""DPH"": 0.01, ""DEIPD"": 0, ""none"": 0.75, ""MEDICAID"": 0, ""DHSR"": 0, ""DSOHF"": 0, ""DMHDDSUS"": 0, ""DAGING"": 0, ""DSS"": 0}",0.1367,0.19,0.0813,deprioritized,P(unrelated or weak)=0.97,typesafe-ai/jev,a4b41185524e,True
5b56ac84-232c-44a4-adb9-6094c341ddbf,U.S. Embassy Djibouti PDS Annual Program Statement,forecast,none,1.0,"{""none"": 1, ""weak"": 0, ""moderate"": 0, ""strong"": 0}",none,1.0,"{""G1"": 0, ""none"": 1, ""G5"": 0, ""G3"": 0, ""G4"": 0, ""G2"": 0}",ineligible,0.68,"{""ineligible"": 0.68, ""lead"": 0.02, ""partner"": 0.03, ""atypical"": 0.27, ""unclear"": 0}",none,1.0,"{""OSEC"": 0, ""DPH"": 0, ""DSS"": 0, ""ORH"": 0, ""DSBDHH"": 0, ""DCFW"": 0, ""DEIPD"": 0, ""DMHDDSUS"": 0, ""none"": 1, ""MEDICAID"": 0, ""DAGING"": 0, ""DCDEE"": 0, ""DSOHF"": 0, ""DHSR"": 0}",0.0,0.05,0.0,deprioritized,P(unrelated)=1.00,typesafe-ai/jev,a4b41185524e,True
5bee6178-e0a0-4f52-9dc7-bf54a8186f35,Limited Competition: Biomedical Research Environment & Sponsored Programs Administration Development (BRE-SPAD) Program,forecast,weak,0.98,"{""moderate"": 0.01, ""none"": 0, ""strong"": 0.01, ""weak"": 0.98}",none,0.63,"{""G1"": 0.02, ""G2"": 0, ""G3"": 0, ""G4"": 0.07, ""G5"": 0.28, ""none"": 0.63}",atypical,0.4,"{""atypical"": 0.4, ""ineligible"": 0.38, ""lead"": 0.01, ""partner"": 0.21, ""unclear"": 0}",none,0.72,"{""DAGING"": 0, ""DCDEE"": 0, ""DCFW"": 0, ""DEIPD"": 0, ""DHSR"": 0, ""DMHDDSUS"": 0, ""DPH"": 0.17, ""DSBDHH"": 0, ""DSOHF"": 0.01, ""DSS"": 0, ""MEDICAID"": 0, ""ORH"": 0.03, ""OSEC"": 0.07, ""none"": 0.72}",0.3433,0.22,0.2094,deprioritized,P(unrelated or weak)=0.98,typesafe-ai/jev,a4b41185524e,True
5bf434f3-5a29-4c07-a179-1ba41c662fd3,Agriculture and Food Research Initiative Competitive Grants Program Education and Workforce Development,open,none,0.49,"{""weak"": 0.49, ""strong"": 0.01, ""none"": 0.49, ""moderate"": 0.01}",none,0.6,"{""G4"": 0.39, ""G2"": 0, ""G3"": 0, ""none"": 0.6, ""G1"": 0, ""G5"": 0.01}",atypical,0.79,"{""lead"": 0.01, ""partner"": 0.12, ""unclear"": 0, ""atypical"": 0.79, ""ineligible"": 0.08}",none,0.86,"{""DHSR"": 0, ""DMHDDSUS"": 0, ""MEDICAID"": 0, ""OSEC"": 0, ""none"": 0.86, ""ORH"": 0.05, ""DSS"": 0.02, ""DCFW"": 0.02, ""DAGING"": 0, ""DSOHF"": 0, ""DPH"": 0.01, ""DSBDHH"": 0, ""DEIPD"": 0, ""DCDEE"": 0.04}",0.18,0.13,0.1017,deprioritized,P(unrelated or weak)=0.98,typesafe-ai/jev,a4b41185524e,True
5c3a6ce5-5ac6-4e16-b441-47f4deccd053,Pancreatic Cancer Detection Consortium: Research Units (U01 Clinical Trial Optional),forecast,weak,1.0,"{""weak"": 1, ""strong"": 0, ""moderate"": 0, ""none"": 0}",none,0.68,"{""G3"": 0, ""G4"": 0.01, ""G1"": 0.3, ""G2"": 0, ""G5"": 0.01, ""none"": 0.68}",atypical,0.61,"{""lead"": 0.01, ""unclear"": 0, ""ineligible"": 0.01, ""atypical"": 0.61, ""partner"": 0.37}",none,0.56,"{""DAGING"": 0, ""MEDICAID"": 0, ""DCFW"": 0, ""DSOHF"": 0, ""OSEC"": 0, ""DSS"": 0, ""DHSR"": 0, ""DMHDDSUS"": 0, ""DPH"": 0.43, ""DSBDHH"": 0, ""DEIPD"": 0, ""DCDEE"": 0.01, ""ORH"": 0, ""none"": 0.56}",0.3333,0.38,0.23,deprioritized,P(unrelated or weak)=1.00,typesafe-ai/jev,a4b41185524e,True
5c44abb7-fd43-49f2-b7fa-50f90187812d,Limited Competition: CCRP Initiative: Promoting a Basic Understanding of Chemical Threats to Skin (R34 Clinical Trial Not Allowed),open,weak,1.0,"{""moderate"": 0, ""none"": 0, ""strong"": 0, ""weak"": 1}",none,0.88,"{""G3"": 0, ""none"": 0.88, ""G4"": 0.01, ""G5"": 0.01, ""G1"": 0.1, ""G2"": 0}",atypical,0.85,"{""partner"": 0.14, ""ineligible"": 0, ""lead"": 0.01, ""unclear"": 0, ""atypical"": 0.85}",none,0.64,"{""DHSR"": 0, ""none"": 0.64, ""DMHDDSUS"": 0, ""DSS"": 0, ""DPH"": 0.35, ""DAGING"": 0, ""DSOHF"": 0, ""ORH"": 0, ""DCDEE"": 0.01, ""DCFW"": 0, ""DEIPD"": 0, ""MEDICAID"": 0, ""DSBDHH"": 0, ""OSEC"": 0}",0.3333,0.15,0.1917,deprioritized,P(unrelated or weak)=1.00,typesafe-ai/jev,a4b41185524e,True
5c4969d5-f078-4caa-b8d3-2b7b2b94cbe7,Forecast to Publish a Notice of Funding Opportunity for Small Business Transition Grant For Early Career Scientists (R41/R42 Clinical Trial Not Allowed),forecast,weak,0.99,"{""none"": 0.01, ""moderate"": 0, ""weak"": 0.99, ""strong"": 0}",none,0.81,"{""none"": 0.81, ""G4"": 0.04, ""G1"": 0, ""G2"": 0, ""G3"": 0, ""G5"": 0.15}",atypical,0.99,"{""unclear"": 0, ""ineligible"": 0, ""atypical"": 0.99, ""lead"": 0, ""partner"": 0.01}",none,0.97,"{""DCFW"": 0, ""MEDICAID"": 0, ""DSS"": 0, ""DSBDHH"": 0, ""DPH"": 0.02, ""DSOHF"": 0, ""DAGING"": 0, ""DEIPD"": 0, ""OSEC"": 0.01, ""none"": 0.97, ""ORH"": 0, ""DCDEE"": 0, ""DMHDDSUS"": 0, ""DHSR"": 0}",0.33,0.01,0.1666,deprioritized,P(unrelated or weak)=1.00,typesafe-ai/jev,a4b41185524e,True
5c5aded0-56d5-455b-8a4d-3fc2af8881f7,Identification of Drug-related and Formulation-Related Factors that Result in Alcohol Dose Dumping of Modified Release Oral Drug Products (U01) Clinical Trial Not Allowed,forecast,weak,0.99,"{""none"": 0.01, ""weak"": 0.99, ""moderate"": 0, ""strong"": 0}",none,0.91,"{""G4"": 0, ""G5"": 0.07, ""none"": 0.91, ""G1"": 0.01, ""G3"": 0.01, ""G2"": 0}",atypical,0.93,"{""partner"": 0.07, ""unclear"": 0, ""ineligible"": 0, ""lead"": 0, ""atypical"": 0.93}",none,0.94,"{""ORH"": 0, ""DCFW"": 0, ""DHSR"": 0.02, ""DSS"": 0, ""DCDEE"": 0, ""DEIPD"": 0, ""none"": 0.94, ""DSOHF"": 0, ""DMHDDSUS"": 0.02, ""DPH"": 0.02, ""DSBDHH"": 0, ""OSEC"": 0, ""DAGING"": 0, ""MEDICAID"": 0}",0.33,0.07,0.1765,deprioritized,P(unrelated or weak)=1.00,typesafe-ai/jev,a4b41185524e,True
5c771725-7f87-4355-b81c-4057facbdbb2,Alumni Engagement Innovation Fund (AEIF) 2021,forecast,none,0.85,"{""none"": 0.85, ""moderate"": 0, ""weak"": 0.15, ""strong"": 0}",none,0.99,"{""G2"": 0, ""none"": 0.99, ""G4"": 0, ""G5"": 0, ""G1"": 0.01, ""G3"": 0}",ineligible,0.97,"{""ineligible"": 0.97, ""lead"": 0, ""unclear"": 0, ""atypical"": 0.03, ""partner"": 0}",none,1.0,"{""OSEC"": 0, ""DPH"": 0, ""DAGING"": 0, ""MEDICAID"": 0, ""DCFW"": 0, ""DCDEE"": 0, ""ORH"": 0, ""DHSR"": 0, ""none"": 1, ""DEIPD"": 0, ""DSOHF"": 0, ""DSBDHH"": 0, ""DMHDDSUS"": 0, ""DSS"": 0}",0.05,0.0,0.025,deprioritized,P(unrelated)=0.85,typesafe-ai/jev,a4b41185524e,True
5cbcf015-ea67-4e2d-ba06-d129fcb90301,Joint Center of Excellence for Advanced Materials Research,open,none,1.0,"{""moderate"": 0, ""strong"": 0, ""none"": 1, ""weak"": 0}",none,0.99,"{""G5"": 0.01, ""G1"": 0, ""none"": 0.99, ""G2"": 0, ""G3"": 0, ""G4"": 0}",ineligible,0.63,"{""lead"": 0, ""unclear"": 0, ""partner"": 0.01, ""atypical"": 0.36, ""ineligible"": 0.63}",none,1.0,"{""DSOHF"": 0, ""DSBDHH"": 0, ""DHSR"": 0, ""DSS"": 0, ""DAGING"": 0, ""DCFW"": 0, ""ORH"": 0, ""DPH"": 0, ""DEIPD"": 0, ""OSEC"": 0, ""none"": 1, ""MEDICAID"": 0, ""DCDEE"": 0, ""DMHDDSUS"": 0}",0.0,0.01,0.0,deprioritized,P(unrelated)=1.00,typesafe-ai/jev,a4b41185524e,True
5d178606-a977-4ffe-bddf-bfe72eeb4c43,NIH Research Education Program - Research Experiences (Parent R25 - Clinical Trial Not Allowed),open,weak,0.97,"{""weak"": 0.97, ""strong"": 0.01, ""none"": 0, ""moderate"": 0.02}",G4,0.66,"{""G4"": 0.66, ""G2"": 0, ""G3"": 0, ""none"": 0.34, ""G1"": 0, ""G5"": 0}",atypical,0.71,"{""lead"": 0.01, ""partner"": 0.28, ""unclear"": 0, ""atypical"": 0.71, ""ineligible"": 0}",none,0.78,"{""DHSR"": 0.01, ""DMHDDSUS"": 0.04, ""MEDICAID"": 0, ""DCFW"": 0, ""none"": 0.78, ""ORH"": 0.02, ""DSS"": 0, ""OSEC"": 0.02, ""DAGING"": 0, ""DSOHF"": 0.01, ""DPH"": 0.11, ""DSBDHH"": 0.01, ""DEIPD"": 0, ""DCDEE"": 0}",0.3467,0.29,0.2236,deprioritized,P(unrelated or weak)=0.97,typesafe-ai/jev,a4b41185524e,True
5d21f1ac-343d-46c5-8304-6a9136c19af4,Limited Competition: High Impact Specialized Innovation Programs in Clinical and Translational Science,forecast,weak,0.95,"{""moderate"": 0.02, ""none"": 0.01, ""strong"": 0.02, ""weak"": 0.95}",none,0.8,"{""G1"": 0.03, ""G2"": 0, ""G3"": 0, ""G4"": 0.02, ""G5"": 0.15, ""none"": 0.8}",ineligible,0.57,"{""atypical"": 0.1, ""ineligible"": 0.57, ""lead"": 0, ""partner"": 0.33, ""unclear"": 0}",none,0.93,"{""DAGING"": 0, ""DCDEE"": 0, ""DCFW"": 0, ""DEIPD"": 0, ""DHSR"": 0, ""DMHDDSUS"": 0, ""DPH"": 0.07, ""DSBDHH"": 0, ""DSOHF"": 0, ""DSS"": 0, ""MEDICAID"": 0, ""ORH"": 0, ""OSEC"": 0, ""none"": 0.93}",0.35,0.33,0.2327,deprioritized,P(unrelated or weak)=0.96,typesafe-ai/jev,a4b41185524e,True
5d3176e5-2dab-44c7-b2eb-8061f68175ac,INCLUDE Project: Exploratory/Developmental Research Awards for Down syndrome (R21 Clinical Trial Not Allowed),open,weak,1.0,"{""moderate"": 0, ""strong"": 0, ""weak"": 1, ""none"": 0}",G1,0.61,"{""none"": 0.36, ""G3"": 0, ""G4"": 0, ""G5"": 0, ""G2"": 0.03, ""G1"": 0.61}",atypical,0.81,"{""partner"": 0.19, ""atypical"": 0.81, ""unclear"": 0, ""ineligible"": 0, ""lead"": 0}",none,0.61,"{""DHSR"": 0, ""DCDEE"": 0, ""DCFW"": 0, ""ORH"": 0, ""OSEC"": 0, ""DSBDHH"": 0, ""DEIPD"": 0, ""DSS"": 0, ""MEDICAID"": 0, ""DSOHF"": 0, ""DPH"": 0.03, ""DAGING"": 0, ""DMHDDSUS"": 0.36, ""none"": 0.61}",0.3333,0.19,0.1983,deprioritized,P(unrelated or weak)=1.00,typesafe-ai/jev,a4b41185524e,True
5df08c2e-5127-472c-a6ff-8e0bd4c6509b,Single Source for the Continuation of the Physiology of the Weight Reduced State (POWERS) Study (U01- Clinical Trials Required),forecast,weak,1.0,"{""moderate"": 0, ""none"": 0, ""strong"": 0, ""weak"": 1}",none,0.92,"{""G1"": 0.08, ""G2"": 0, ""G3"": 0, ""G4"": 0, ""G5"": 0, ""none"": 0.92}",atypical,0.82,"{""atypical"": 0.82, ""ineligible"": 0.03, ""lead"": 0, ""partner"": 0.15, ""unclear"": 0}",none,0.77,"{""DAGING"": 0, ""DCDEE"": 0, ""DCFW"": 0, ""DEIPD"": 0, ""DHSR"": 0, ""DMHDDSUS"": 0, ""DPH"": 0.23, ""DSBDHH"": 0, ""DSOHF"": 0, ""DSS"": 0, ""MEDICAID"": 0, ""ORH"": 0, ""OSEC"": 0, ""none"": 0.77}",0.3333,0.15,0.1917,deprioritized,P(unrelated or weak)=1.00,typesafe-ai/jev,a4b41185524e,True
5e185327-5f25-4c09-889a-43615e1f54da,DEVCOM ARMY RESEARCH LABORATORY BROAD AGENCY ANNOUNCEMENT FOR FOUNDATIONAL RESEARCH,open,none,1.0,"{""moderate"": 0, ""none"": 1, ""weak"": 0, ""strong"": 0}",none,0.99,"{""G2"": 0, ""G4"": 0, ""none"": 0.99, ""G5"": 0.01, ""G1"": 0, ""G3"": 0}",atypical,0.99,"{""atypical"": 0.99, ""partner"": 0.01, ""lead"": 0, ""unclear"": 0, ""ineligible"": 0}",none,0.99,"{""DSBDHH"": 0, ""DSOHF"": 0, ""DPH"": 0, ""none"": 0.99, ""DAGING"": 0, ""DCFW"": 0, ""DCDEE"": 0, ""MEDICAID"": 0, ""DSS"": 0, ""DMHDDSUS"": 0, ""DHSR"": 0, ""OSEC"": 0.01, ""ORH"": 0, ""DEIPD"": 0}",0.0,0.01,0.0,deprioritized,P(unrelated)=1.00,typesafe-ai/jev,a4b41185524e,True
5e20d263-9eee-432b-bbfe-ba53e73b13da,Early Stage Testing of Pharmacologic or Neuromodulatory Device-based Interventions for the Treatment of Mental Disorders (R61/R33 Clinical Trial Required),open,weak,1.0,"{""moderate"": 0, ""weak"": 1, ""strong"": 0, ""none"": 0}",G3,0.76,"{""G1"": 0, ""G3"": 0.76, ""G5"": 0, ""G4"": 0, ""none"": 0.24, ""G2"": 0}",atypical,0.73,"{""ineligible"": 0, ""partner"": 0.26, ""unclear"": 0, ""atypical"": 0.73, ""lead"": 0.01}",DMHDDSUS,0.52,"{""OSEC"": 0, ""ORH"": 0, ""DMHDDSUS"": 0.52, ""DSBDHH"": 0, ""DPH"": 0.01, ""DSS"": 0, ""DSOHF"": 0.06, ""MEDICAID"": 0, ""DAGING"": 0, ""DCFW"": 0, ""DEIPD"": 0, ""DCDEE"": 0, ""none"": 0.41, ""DHSR"": 0}",0.3333,0.27,0.2117,deprioritized,P(unrelated or weak)=1.00,typesafe-ai/jev,a4b41185524e,True
5e2908a1-beec-4438-ad6c-c5ff453cfa44,Marine Geology and Geophysics,open,none,0.99,"{""moderate"": 0, ""strong"": 0, ""weak"": 0.01, ""none"": 0.99}",none,1.0,"{""G5"": 0, ""G3"": 0, ""G4"": 0, ""G1"": 0, ""G2"": 0, ""none"": 1}",atypical,0.98,"{""partner"": 0, ""atypical"": 0.98, ""lead"": 0, ""ineligible"": 0, ""unclear"": 0.02}",none,1.0,"{""DHSR"": 0, ""DCDEE"": 0, ""DCFW"": 0, ""ORH"": 0, ""none"": 1, ""DSBDHH"": 0, ""DEIPD"": 0, ""DSS"": 0, ""MEDICAID"": 0, ""DSOHF"": 0, ""DPH"": 0, ""DAGING"": 0, ""DMHDDSUS"": 0, ""OSEC"": 0}",0.0033,0.0,0.0017,deprioritized,P(unrelated)=0.99,typesafe-ai/jev,a4b41185524e,True
5e3d9abd-5a49-4f06-a82a-d7c050647ffe,Pilot Effectiveness Trials of Peer Support Services for Suicide Prevention,forecast,weak,0.61,"{""moderate"": 0.27, ""none"": 0, ""strong"": 0.12, ""weak"": 0.61}",G3,0.98,"{""G2"": 0, ""G3"": 0.98, ""none"": 0.02, ""G5"": 0, ""G4"": 0, ""G1"": 0}",atypical,0.51,"{""atypical"": 0.51, ""lead"": 0.01, ""partner"": 0.47, ""ineligible"": 0, ""unclear"": 0.01}",DMHDDSUS,0.89,"{""DSBDHH"": 0, ""MEDICAID"": 0, ""DEIPD"": 0, ""OSEC"": 0, ""DCDEE"": 0, ""DHSR"": 0, ""ORH"": 0, ""DSS"": 0, ""DPH"": 0.01, ""DMHDDSUS"": 0.89, ""none"": 0.1, ""DSOHF"": 0, ""DCFW"": 0, ""DAGING"": 0}",0.5033,0.48,0.3725,deep_review,not confidently irrelevant,typesafe-ai/jev,a4b41185524e,True
5e977140-325e-47a7-b68e-6d76d7c6a77d,PAS Freetown Small Grants Program,forecast,none,0.98,"{""weak"": 0.02, ""strong"": 0, ""moderate"": 0, ""none"": 0.98}",none,1.0,"{""G5"": 0, ""G3"": 0, ""G2"": 0, ""G1"": 0, ""none"": 1, ""G4"": 0}",atypical,0.73,"{""partner"": 0.03, ""ineligible"": 0.2, ""unclear"": 0.02, ""atypical"": 0.73, ""lead"": 0.02}",none,0.98,"{""DSBDHH"": 0, ""DCDEE"": 0, ""OSEC"": 0.02, ""DEIPD"": 0, ""DCFW"": 0, ""MEDICAID"": 0, ""DSOHF"": 0, ""DSS"": 0, ""DAGING"": 0, ""DPH"": 0, ""ORH"": 0, ""none"": 0.98, ""DMHDDSUS"": 0, ""DHSR"": 0}",0.0067,0.05,0.0035,deprioritized,P(unrelated)=0.98,typesafe-ai/jev,a4b41185524e,True
5ed4cdfe-bc42-4ccb-b082-b0f0b4002bac,Innovation Grants to Nurture Initial Translational Efforts (IGNITE):  Development and Validation of Model Systems to Facilitate Neurotherapeutic Discovery (R61/R33 Clinical Trial Not Allowed),open,weak,1.0,"{""weak"": 1, ""strong"": 0, ""moderate"": 0, ""none"": 0}",none,0.93,"{""G3"": 0.01, ""G4"": 0.01, ""G1"": 0.02, ""G2"": 0, ""G5"": 0.03, ""none"": 0.93}",atypical,0.91,"{""lead"": 0, ""unclear"": 0, ""ineligible"": 0, ""atypical"": 0.91, ""partner"": 0.09}",none,0.88,"{""DAGING"": 0, ""MEDICAID"": 0, ""DCFW"": 0, ""DSOHF"": 0.01, ""OSEC"": 0, ""DHSR"": 0, ""DSS"": 0, ""DMHDDSUS"": 0.04, ""DPH"": 0.07, ""ORH"": 0, ""DEIPD"": 0, ""DCDEE"": 0, ""DSBDHH"": 0, ""none"": 0.88}",0.3333,0.09,0.1817,deprioritized,P(unrelated or weak)=1.00,typesafe-ai/jev,a4b41185524e,True
5edf6eec-e8eb-4a55-a914-5c6077ef8e64,The NIDDK Inflammatory Bowel Disease Genetics Consortium (IBDGC) Genomic Research Centers,forecast,weak,1.0,"{""weak"": 1, ""none"": 0, ""moderate"": 0, ""strong"": 0}",none,0.83,"{""G4"": 0.01, ""G3"": 0, ""none"": 0.83, ""G5"": 0.01, ""G2"": 0, ""G1"": 0.15}",atypical,0.6,"{""lead"": 0.01, ""ineligible"": 0.01, ""atypical"": 0.6, ""partner"": 0.38, ""unclear"": 0}",none,0.81,"{""DSOHF"": 0, ""DHSR"": 0, ""DCFW"": 0, ""DMHDDSUS"": 0, ""none"": 0.81, ""DSS"": 0, ""DAGING"": 0, ""MEDICAID"": 0, ""DSBDHH"": 0, ""OSEC"": 0, ""ORH"": 0, ""DPH"": 0.19, ""DEIPD"": 0, ""DCDEE"": 0}",0.3333,0.39,0.2317,deprioritized,P(unrelated or weak)=1.00,typesafe-ai/jev,a4b41185524e,True
5eee2aa1-5761-4fdb-a0d0-835245a05a86,FDA OMHHE Convener for Racial & Ethnic minority Acceleration Consortium for Health Equity (REACH),forecast,weak,0.78,"{""strong"": 0.07, ""moderate"": 0.15, ""weak"": 0.78, ""none"": 0}",G1,0.87,"{""G5"": 0, ""G3"": 0, ""G4"": 0, ""G1"": 0.87, ""G2"": 0, ""none"": 0.13}",partner,0.54,"{""lead"": 0.03, ""partner"": 0.54, ""atypical"": 0.36, ""ineligible"": 0, ""unclear"": 0.07}",none,0.48,"{""MEDICAID"": 0, ""OSEC"": 0.06, ""ORH"": 0.01, ""DAGING"": 0, ""DMHDDSUS"": 0, ""DCFW"": 0, ""none"": 0.48, ""DSBDHH"": 0, ""DSS"": 0, ""DHSR"": 0.01, ""DSOHF"": 0, ""DEIPD"": 0, ""DPH"": 0.43, ""DCDEE"": 0.01}",0.43,0.57,0.3376,deep_review,not confidently irrelevant,typesafe-ai/jev,a4b41185524e,True
5f3dd026-e320-4834-a0fc-86d17021a346,Alliance for Innovation on Maternal Health (AIM) Technical Assistance Center,forecast,strong,0.96,"{""weak"": 0.01, ""none"": 0, ""moderate"": 0.03, ""strong"": 0.96}",G1,0.49,"{""G2"": 0.35, ""G4"": 0.01, ""none"": 0.11, ""G5"": 0.04, ""G1"": 0.49, ""G3"": 0}",partner,0.6,"{""unclear"": 0.02, ""lead"": 0.22, ""atypical"": 0.16, ""partner"": 0.6, ""ineligible"": 0}",DPH,0.98,"{""DSBDHH"": 0, ""DCDEE"": 0, ""DPH"": 0.98, ""none"": 0.01, ""DAGING"": 0, ""DCFW"": 0, ""DSOHF"": 0, ""MEDICAID"": 0.01, ""DSS"": 0, ""DMHDDSUS"": 0, ""DHSR"": 0, ""OSEC"": 0, ""ORH"": 0, ""DEIPD"": 0}",0.9833,0.82,0.8948,deep_review,not confidently irrelevant,typesafe-ai/jev,a4b41185524e,True
5f45c3a4-a418-4723-948a-6643b32cba1a,Long-term health outcomes of people living with spina bifida,forecast,moderate,0.44,"{""weak"": 0.38, ""strong"": 0.18, ""moderate"": 0.44, ""none"": 0}",G1,0.5,"{""G5"": 0, ""G4"": 0, ""G1"": 0.5, ""G2"": 0.42, ""none"": 0.08, ""G3"": 0}",partner,0.84,"{""unclear"": 0.02, ""atypical"": 0.13, ""ineligible"": 0, ""lead"": 0.01, ""partner"": 0.84}",DPH,0.93,"{""MEDICAID"": 0, ""DCFW"": 0, ""DEIPD"": 0, ""ORH"": 0, ""DPH"": 0.93, ""none"": 0.02, ""DCDEE"": 0, ""DSOHF"": 0, ""OSEC"": 0, ""DAGING"": 0, ""DSBDHH"": 0, ""DMHDDSUS"": 0.05, ""DSS"": 0, ""DHSR"": 0}",0.6,0.85,0.555,deep_review,not confidently irrelevant,typesafe-ai/jev,a4b41185524e,True
5fae2522-d0cd-4356-819f-e19bd7aeb1ba,"DoW Military Burn, Discovery Award",open,weak,0.62,"{""weak"": 0.62, ""none"": 0.38, ""moderate"": 0, ""strong"": 0}",none,0.87,"{""G4"": 0, ""G3"": 0, ""none"": 0.87, ""G5"": 0.07, ""G2"": 0, ""G1"": 0.06}",atypical,0.92,"{""ineligible"": 0, ""lead"": 0, ""atypical"": 0.92, ""partner"": 0.03, ""unclear"": 0.05}",none,0.96,"{""DSOHF"": 0.01, ""DMHDDSUS"": 0, ""DCFW"": 0, ""MEDICAID"": 0, ""none"": 0.96, ""DSS"": 0, ""DAGING"": 0, ""DCDEE"": 0, ""DSBDHH"": 0, ""OSEC"": 0, ""ORH"": 0, ""DHSR"": 0.01, ""DEIPD"": 0, ""DPH"": 0.02}",0.2067,0.03,0.1064,deprioritized,P(unrelated or weak)=1.00,typesafe-ai/jev,a4b41185524e,True
5fc752ac-cdc0-43d4-b57d-940045f472c6,Limited Competition: Renewal of Existing NINDS-Supported Clinical Trial Cooperative Agreement Awards (U01 - Clinical Trials Required),open,weak,0.99,"{""strong"": 0, ""moderate"": 0.01, ""weak"": 0.99, ""none"": 0}",none,0.96,"{""G5"": 0.01, ""none"": 0.96, ""G4"": 0, ""G2"": 0, ""G1"": 0.03, ""G3"": 0}",atypical,0.51,"{""lead"": 0.01, ""partner"": 0.14, ""atypical"": 0.51, ""ineligible"": 0.33, ""unclear"": 0.01}",none,0.85,"{""DCDEE"": 0, ""OSEC"": 0, ""ORH"": 0.01, ""DAGING"": 0, ""DMHDDSUS"": 0.03, ""DCFW"": 0, ""none"": 0.85, ""DPH"": 0.08, ""DHSR"": 0.01, ""DSS"": 0, ""DSOHF"": 0.02, ""DEIPD"": 0, ""DSBDHH"": 0, ""MEDICAID"": 0}",0.3367,0.15,0.1936,deprioritized,P(unrelated or weak)=0.99,typesafe-ai/jev,a4b41185524e,True
5fc9e460-abc2-4c8b-b02e-25090753f213,Resource-Related Research Projects for Development of Models and Related Materials for Studying Human Health and Diseases (R24 Clinical Trials Not Allowed),open,weak,1.0,"{""moderate"": 0, ""strong"": 0, ""weak"": 1, ""none"": 0}",none,0.88,"{""G3"": 0, ""G4"": 0.01, ""G5"": 0.11, ""G1"": 0, ""G2"": 0, ""none"": 0.88}",atypical,0.82,"{""atypical"": 0.82, ""partner"": 0.17, ""lead"": 0.01, ""unclear"": 0, ""ineligible"": 0}",none,0.84,"{""DSOHF"": 0.01, ""DMHDDSUS"": 0, ""DEIPD"": 0, ""DSS"": 0, ""OSEC"": 0.03, ""MEDICAID"": 0, ""ORH"": 0, ""DHSR"": 0.01, ""DAGING"": 0, ""DCDEE"": 0.01, ""DPH"": 0.1, ""DSBDHH"": 0, ""DCFW"": 0, ""none"": 0.84}",0.3333,0.18,0.1967,deprioritized,P(unrelated or weak)=1.00,typesafe-ai/jev,a4b41185524e,True
5fe4b6b6-e5dc-48d0-ac8a-9df771d873fa,Youth Regional Treatment Center Aftercare Program,forecast,weak,0.54,"{""weak"": 0.54, ""strong"": 0.18, ""none"": 0.15, ""moderate"": 0.13}",none,0.59,"{""G1"": 0.01, ""G2"": 0.01, ""G4"": 0, ""none"": 0.59, ""G5"": 0, ""G3"": 0.39}",ineligible,0.98,"{""atypical"": 0, ""ineligible"": 0.98, ""unclear"": 0, ""partner"": 0.02, ""lead"": 0}",none,0.94,"{""DSBDHH"": 0, ""DSS"": 0, ""DHSR"": 0, ""DCDEE"": 0, ""DMHDDSUS"": 0.04, ""MEDICAID"": 0, ""DCFW"": 0.02, ""DSOHF"": 0, ""DEIPD"": 0, ""ORH"": 0, ""DPH"": 0, ""none"": 0.94, ""OSEC"": 0, ""DAGING"": 0}",0.4467,0.02,0.2278,deprioritized,P(ineligible)=0.98,typesafe-ai/jev,a4b41185524e,True
6006bba3-62e3-41fd-865f-4bfe25e8f9b3,Autism Centers of Excellence R01,forecast,weak,0.99,"{""weak"": 0.99, ""strong"": 0, ""none"": 0, ""moderate"": 0.01}",none,0.47,"{""G4"": 0.01, ""G2"": 0.42, ""G3"": 0.02, ""none"": 0.47, ""G5"": 0, ""G1"": 0.08}",atypical,0.54,"{""lead"": 0, ""ineligible"": 0.01, ""unclear"": 0, ""atypical"": 0.54, ""partner"": 0.45}",none,0.63,"{""DHSR"": 0, ""ORH"": 0, ""MEDICAID"": 0, ""DCFW"": 0.01, ""none"": 0.63, ""OSEC"": 0, ""DSS"": 0, ""DMHDDSUS"": 0.25, ""DAGING"": 0, ""DSOHF"": 0, ""DPH"": 0.1, ""DSBDHH"": 0, ""DEIPD"": 0, ""DCDEE"": 0.01}",0.3367,0.45,0.2441,deprioritized,P(unrelated or weak)=0.99,typesafe-ai/jev,a4b41185524e,True
602cbc1a-d601-44f1-90d7-e6914ba594a6,Bridge2AI Network for AI Health Science,forecast,weak,0.99,"{""moderate"": 0.01, ""strong"": 0, ""none"": 0, ""weak"": 0.99}",none,0.66,"{""G5"": 0.28, ""G1"": 0, ""G2"": 0, ""G3"": 0, ""none"": 0.66, ""G4"": 0.05}",atypical,0.62,"{""unclear"": 0, ""atypical"": 0.62, ""partner"": 0.36, ""ineligible"": 0.01, ""lead"": 0.01}",none,0.83,"{""DSBDHH"": 0, ""DSOHF"": 0, ""DAGING"": 0, ""ORH"": 0, ""DCDEE"": 0, ""DMHDDSUS"": 0, ""MEDICAID"": 0, ""DSS"": 0, ""DHSR"": 0.01, ""DPH"": 0.1, ""DCFW"": 0, ""none"": 0.83, ""OSEC"": 0.06, ""DEIPD"": 0}",0.3367,0.37,0.2306,deprioritized,P(unrelated or weak)=0.99,typesafe-ai/jev,a4b41185524e,True
6044773a-6221-44e4-81e9-e61c47d4119a,"Specialized Programs of Research Excellence (SPOREs) in Human Cancers for Years 2027, 2028, and 2029 (P50 Clinical Trial Required)",forecast,weak,1.0,"{""weak"": 1, ""none"": 0, ""strong"": 0, ""moderate"": 0}",none,0.8,"{""none"": 0.8, ""G2"": 0, ""G5"": 0.01, ""G1"": 0.17, ""G3"": 0, ""G4"": 0.02}",atypical,0.79,"{""ineligible"": 0.01, ""partner"": 0.2, ""lead"": 0, ""unclear"": 0, ""atypical"": 0.79}",none,0.9,"{""ORH"": 0, ""OSEC"": 0, ""DSOHF"": 0.01, ""MEDICAID"": 0, ""DCFW"": 0, ""none"": 0.9, ""DAGING"": 0, ""DCDEE"": 0, ""DMHDDSUS"": 0, ""DEIPD"": 0, ""DSS"": 0, ""DPH"": 0.09, ""DSBDHH"": 0, ""DHSR"": 0}",0.3333,0.2,0.2,deprioritized,P(unrelated or weak)=1.00,typesafe-ai/jev,a4b41185524e,True
6057e668-8e43-40b4-8eca-c7f037995b28,SBE Postdoctoral Research Fellowships,open,weak,0.63,"{""none"": 0.34, ""moderate"": 0.03, ""weak"": 0.63, ""strong"": 0}",none,0.89,"{""none"": 0.89, ""G2"": 0, ""G5"": 0, ""G4"": 0.1, ""G1"": 0, ""G3"": 0.01}",ineligible,0.83,"{""lead"": 0, ""unclear"": 0, ""partner"": 0.01, ""atypical"": 0.16, ""ineligible"": 0.83}",none,0.99,"{""MEDICAID"": 0, ""ORH"": 0, ""DSOHF"": 0, ""DSBDHH"": 0, ""DHSR"": 0, ""DPH"": 0, ""DAGING"": 0, ""DEIPD"": 0, ""DCFW"": 0, ""DCDEE"": 0, ""OSEC"": 0.01, ""DMHDDSUS"": 0, ""none"": 0.99, ""DSS"": 0}",0.23,0.01,0.1161,deprioritized,P(unrelated or weak)=0.97,typesafe-ai/jev,a4b41185524e,True
6076b54f-ab56-4ed2-81f5-8b43c030a4c0,Fiscal Year (FY) 2027 Service Area Competition (SAC),forecast,strong,0.91,"{""weak"": 0.03, ""strong"": 0.91, ""moderate"": 0.06, ""none"": 0}",G1,0.97,"{""G5"": 0, ""G3"": 0, ""G4"": 0, ""G1"": 0.97, ""none"": 0.03, ""G2"": 0}",partner,0.54,"{""atypical"": 0.36, ""ineligible"": 0, ""unclear"": 0.04, ""lead"": 0.06, ""partner"": 0.54}",ORH,0.89,"{""DSBDHH"": 0, ""DCDEE"": 0, ""DSOHF"": 0, ""DEIPD"": 0, ""DCFW"": 0, ""MEDICAID"": 0, ""OSEC"": 0, ""DSS"": 0, ""DAGING"": 0, ""DPH"": 0.01, ""ORH"": 0.89, ""DMHDDSUS"": 0, ""none"": 0.1, ""DHSR"": 0}",0.96,0.6,0.768,deep_review,not confidently irrelevant,typesafe-ai/jev,a4b41185524e,True
608cd9b0-5182-47eb-afff-c3777fb2081b,Paris Peace Agreements Report NOFO,forecast,none,1.0,"{""none"": 1, ""strong"": 0, ""moderate"": 0, ""weak"": 0}",none,1.0,"{""G3"": 0, ""none"": 1, ""G2"": 0, ""G1"": 0, ""G4"": 0, ""G5"": 0}",atypical,0.81,"{""unclear"": 0, ""partner"": 0.01, ""lead"": 0.01, ""ineligible"": 0.17, ""atypical"": 0.81}",none,1.0,"{""DMHDDSUS"": 0, ""none"": 1, ""DSS"": 0, ""OSEC"": 0, ""DSBDHH"": 0, ""DEIPD"": 0, ""MEDICAID"": 0, ""ORH"": 0, ""DHSR"": 0, ""DCFW"": 0, ""DCDEE"": 0, ""DPH"": 0, ""DAGING"": 0, ""DSOHF"": 0}",0.0,0.02,0.0,deprioritized,P(unrelated)=1.00,typesafe-ai/jev,a4b41185524e,True
613a8201-3c22-4ac2-9dd3-bdea185b32d5,DoW Melanoma Research Program Focused Program Award – Rare Melanomas,open,weak,0.73,"{""none"": 0.27, ""moderate"": 0, ""weak"": 0.73, ""strong"": 0}",none,0.81,"{""G1"": 0.18, ""G2"": 0, ""G5"": 0, ""G4"": 0.01, ""none"": 0.81, ""G3"": 0}",atypical,0.86,"{""lead"": 0, ""unclear"": 0.09, ""partner"": 0.05, ""atypical"": 0.86, ""ineligible"": 0}",none,0.86,"{""DMHDDSUS"": 0, ""ORH"": 0, ""DSBDHH"": 0, ""DSOHF"": 0, ""DHSR"": 0, ""DPH"": 0.13, ""DAGING"": 0, ""DCFW"": 0, ""DEIPD"": 0, ""DCDEE"": 0, ""MEDICAID"": 0, ""OSEC"": 0.01, ""none"": 0.86, ""DSS"": 0}",0.2433,0.05,0.1278,deprioritized,P(unrelated or weak)=1.00,typesafe-ai/jev,a4b41185524e,True
6179eb2c-9239-40ad-9a12-7329291f3509,Development of Collaborative Research Facilities or Research-Resource Facilities (C06 Clinical Trial Not Allowed),open,weak,0.98,"{""weak"": 0.98, ""strong"": 0.01, ""moderate"": 0.01, ""none"": 0}",none,0.77,"{""G3"": 0, ""G5"": 0.21, ""G4"": 0.01, ""G2"": 0, ""G1"": 0.01, ""none"": 0.77}",atypical,0.77,"{""unclear"": 0, ""ineligible"": 0, ""atypical"": 0.77, ""lead"": 0.01, ""partner"": 0.22}",none,0.81,"{""ORH"": 0.01, ""DPH"": 0.07, ""DHSR"": 0.01, ""DAGING"": 0, ""DCFW"": 0, ""MEDICAID"": 0, ""OSEC"": 0.02, ""DSS"": 0, ""DCDEE"": 0.01, ""DMHDDSUS"": 0, ""DSOHF"": 0.06, ""DSBDHH"": 0, ""none"": 0.81, ""DEIPD"": 0}",0.3433,0.23,0.2112,deprioritized,P(unrelated or weak)=0.98,typesafe-ai/jev,a4b41185524e,True
61b3fa3d-491d-4a13-b580-2000a9d17564,Limited Competition: Small Grant Program for NHLBI K01/K08/K23/K25 Recipients (R03 Clinical Trial Optional),open,weak,1.0,"{""weak"": 1, ""strong"": 0, ""moderate"": 0, ""none"": 0}",none,0.95,"{""G3"": 0, ""G4"": 0.04, ""G5"": 0.01, ""G2"": 0, ""G1"": 0, ""none"": 0.95}",atypical,0.7,"{""ineligible"": 0.27, ""unclear"": 0, ""partner"": 0.03, ""lead"": 0, ""atypical"": 0.7}",none,0.95,"{""ORH"": 0, ""DPH"": 0.05, ""DAGING"": 0, ""DHSR"": 0, ""DCFW"": 0, ""DSS"": 0, ""OSEC"": 0, ""MEDICAID"": 0, ""DCDEE"": 0, ""DMHDDSUS"": 0, ""DSOHF"": 0, ""DEIPD"": 0, ""none"": 0.95, ""DSBDHH"": 0}",0.3333,0.03,0.1717,deprioritized,P(unrelated or weak)=1.00,typesafe-ai/jev,a4b41185524e,True
6219f5d0-0978-4477-8a3f-13d2c43d8c55,BRAIN Initiative Connectivity across Scales (BRAIN CONNECTS): Specialized Projects for Scalable Technologies (U01 Clinical Trial Not Allowed),open,weak,1.0,"{""none"": 0, ""weak"": 1, ""moderate"": 0, ""strong"": 0}",none,0.88,"{""G1"": 0, ""G2"": 0, ""G3"": 0.05, ""G4"": 0.01, ""G5"": 0.06, ""none"": 0.88}",atypical,0.86,"{""lead"": 0, ""partner"": 0.14, ""atypical"": 0.86, ""ineligible"": 0, ""unclear"": 0}",none,0.85,"{""DPH"": 0.03, ""DMHDDSUS"": 0.1, ""MEDICAID"": 0, ""DCFW"": 0, ""DSS"": 0, ""DAGING"": 0, ""DCDEE"": 0, ""ORH"": 0, ""DEIPD"": 0, ""DSBDHH"": 0, ""DHSR"": 0, ""DSOHF"": 0.02, ""OSEC"": 0, ""none"": 0.85}",0.3333,0.14,0.19,deprioritized,P(unrelated or weak)=1.00,typesafe-ai/jev,a4b41185524e,True
627cc17e-e369-480b-86cc-d7b1e82da372,"ORACLE 3C: Chronic Conditions, Coinfections, and Comorbidities in HIV",forecast,weak,1.0,"{""strong"": 0, ""none"": 0, ""moderate"": 0, ""weak"": 1}",none,0.53,"{""G4"": 0.01, ""none"": 0.53, ""G1"": 0.32, ""G3"": 0, ""G5"": 0, ""G2"": 0.14}",atypical,0.78,"{""lead"": 0, ""partner"": 0.11, ""ineligible"": 0.11, ""unclear"": 0, ""atypical"": 0.78}",none,0.63,"{""DSBDHH"": 0, ""none"": 0.63, ""DHSR"": 0, ""DMHDDSUS"": 0.01, ""OSEC"": 0, ""DAGING"": 0, ""DPH"": 0.36, ""DSS"": 0, ""MEDICAID"": 0, ""DCFW"": 0, ""DCDEE"": 0, ""ORH"": 0, ""DEIPD"": 0, ""DSOHF"": 0}",0.3333,0.11,0.185,deprioritized,P(unrelated or weak)=1.00,typesafe-ai/jev,a4b41185524e,True
628e387b-3119-4b47-9e49-f39c70ae187b,Limited Competition for the Continuation of the National Consortium on Alcohol and Neurodevelopment in Adolescence (NCANDA) Data Analysis Resource (U24 Clinical Trials Optional),forecast,weak,0.96,"{""weak"": 0.96, ""moderate"": 0.03, ""none"": 0, ""strong"": 0.01}",G3,0.76,"{""none"": 0.22, ""G4"": 0, ""G1"": 0, ""G5"": 0, ""G3"": 0.76, ""G2"": 0.02}",atypical,0.57,"{""atypical"": 0.57, ""lead"": 0.01, ""ineligible"": 0, ""unclear"": 0.01, ""partner"": 0.41}",DMHDDSUS,0.65,"{""DSS"": 0, ""DCFW"": 0, ""DCDEE"": 0, ""DSOHF"": 0.01, ""DEIPD"": 0, ""MEDICAID"": 0, ""OSEC"": 0, ""DAGING"": 0, ""DPH"": 0.12, ""none"": 0.22, ""DSBDHH"": 0, ""DMHDDSUS"": 0.65, ""DHSR"": 0, ""ORH"": 0}",0.35,0.42,0.2485,deprioritized,P(unrelated or weak)=0.96,typesafe-ai/jev,a4b41185524e,True
629cca27-a08f-4329-971c-a55fa8375450,F26AS00083 Aquatic Invasive Species Grants to Great Lakes States - Fiscal Year 2026 Great Lakes Restoration Initiative,open,none,0.9,"{""weak"": 0.1, ""strong"": 0, ""none"": 0.9, ""moderate"": 0}",none,1.0,"{""G2"": 0, ""G5"": 0, ""G3"": 0, ""G4"": 0, ""none"": 1, ""G1"": 0}",ineligible,0.79,"{""partner"": 0.07, ""ineligible"": 0.79, ""atypical"": 0.11, ""lead"": 0.03, ""unclear"": 0}",none,0.99,"{""DAGING"": 0, ""DSBDHH"": 0, ""DSS"": 0, ""DMHDDSUS"": 0, ""ORH"": 0, ""OSEC"": 0, ""DPH"": 0, ""DCFW"": 0, ""DEIPD"": 0, ""DCDEE"": 0.01, ""DHSR"": 0, ""none"": 0.99, ""MEDICAID"": 0, ""DSOHF"": 0}",0.0333,0.1,0.0183,deprioritized,P(unrelated)=0.90,typesafe-ai/jev,a4b41185524e,True
62cbc866-169b-474c-9dc9-cae3aa77fb4b,Ruth L. Kirschstein National Research Service Award (NRSA) Individual Fellowship for Students at Institutions Without NIH-Funded Institutional Predoctoral Dual-Degree Training Programs (Parent F30),open,weak,1.0,"{""none"": 0, ""weak"": 1, ""moderate"": 0, ""strong"": 0}",none,0.81,"{""G1"": 0, ""none"": 0.81, ""G4"": 0.19, ""G3"": 0, ""G2"": 0, ""G5"": 0}",atypical,0.9,"{""ineligible"": 0.08, ""partner"": 0.02, ""lead"": 0, ""atypical"": 0.9, ""unclear"": 0}",none,0.99,"{""OSEC"": 0, ""DPH"": 0.01, ""DSBDHH"": 0, ""ORH"": 0, ""DSS"": 0, ""DCFW"": 0, ""DEIPD"": 0, ""DMHDDSUS"": 0, ""none"": 0.99, ""MEDICAID"": 0, ""DAGING"": 0, ""DSOHF"": 0, ""DCDEE"": 0, ""DHSR"": 0}",0.3333,0.02,0.17,deprioritized,P(unrelated or weak)=1.00,typesafe-ai/jev,a4b41185524e,True
62ed707b-d5e9-40fe-8d95-cfa4573ff618,NIMH Biobehavioral Research Awards for Innovative New Scientists (NIMH BRAINS) (R01 Clinical Trial Optional),forecast,weak,1.0,"{""weak"": 1, ""strong"": 0, ""moderate"": 0, ""none"": 0}",none,0.51,"{""none"": 0.51, ""G1"": 0, ""G4"": 0.02, ""G3"": 0.47, ""G2"": 0, ""G5"": 0}",atypical,0.98,"{""lead"": 0, ""partner"": 0.02, ""unclear"": 0, ""ineligible"": 0, ""atypical"": 0.98}",none,0.6,"{""ORH"": 0, ""OSEC"": 0, ""DSBDHH"": 0, ""DCDEE"": 0, ""DPH"": 0.01, ""DSS"": 0, ""DMHDDSUS"": 0.37, ""DAGING"": 0, ""MEDICAID"": 0, ""DHSR"": 0, ""DSOHF"": 0.02, ""DCFW"": 0, ""DEIPD"": 0, ""none"": 0.6}",0.3333,0.02,0.17,deprioritized,P(unrelated or weak)=1.00,typesafe-ai/jev,a4b41185524e,True
63297aa2-31d7-48db-bf60-0be097b1e40f,Exploratory Clinical Trial Grants in Arthritis and Musculoskeletal and Skin Diseases,forecast,weak,1.0,"{""weak"": 1, ""none"": 0, ""strong"": 0, ""moderate"": 0}",none,0.72,"{""G3"": 0, ""none"": 0.72, ""G4"": 0.01, ""G2"": 0, ""G1"": 0.26, ""G5"": 0.01}",atypical,0.76,"{""ineligible"": 0.01, ""atypical"": 0.76, ""unclear"": 0, ""lead"": 0.01, ""partner"": 0.22}",none,0.83,"{""DMHDDSUS"": 0, ""DAGING"": 0, ""OSEC"": 0, ""DCDEE"": 0, ""DPH"": 0.14, ""DSBDHH"": 0, ""DHSR"": 0.01, ""DSS"": 0, ""ORH"": 0, ""MEDICAID"": 0, ""DSOHF"": 0.02, ""none"": 0.83, ""DEIPD"": 0, ""DCFW"": 0}",0.3333,0.23,0.205,deprioritized,P(unrelated or weak)=1.00,typesafe-ai/jev,a4b41185524e,True
637a8204-317d-41ff-9424-7790e8f205e5,Prevention and Intervention Approaches for Fetal Alcohol Spectrum Disorders (R61/R33 Clinical Trial Optional),open,weak,0.85,"{""weak"": 0.85, ""strong"": 0.03, ""moderate"": 0.12, ""none"": 0}",G2,0.56,"{""G3"": 0.28, ""G5"": 0.01, ""G1"": 0.04, ""G2"": 0.56, ""G4"": 0, ""none"": 0.11}",atypical,0.53,"{""ineligible"": 0, ""unclear"": 0, ""atypical"": 0.53, ""lead"": 0.02, ""partner"": 0.45}",DMHDDSUS,0.4,"{""DAGING"": 0, ""DPH"": 0.36, ""ORH"": 0, ""DHSR"": 0, ""DCFW"": 0.01, ""MEDICAID"": 0, ""OSEC"": 0, ""DMHDDSUS"": 0.4, ""DCDEE"": 0, ""DSS"": 0, ""DSOHF"": 0.01, ""DSBDHH"": 0, ""none"": 0.22, ""DEIPD"": 0}",0.3933,0.47,0.2891,deep_review,not confidently irrelevant,typesafe-ai/jev,a4b41185524e,True
63825fde-457d-44bc-81a4-acfd908d086c,Fiscal Year (FY) 2026 Funding Opportunity for Indian Tribes and Intertribal Consortia for Nonpoint Source Management Grants Under Clean Water Act Section 319,open,weak,0.61,"{""strong"": 0.04, ""none"": 0.27, ""moderate"": 0.08, ""weak"": 0.61}",none,0.98,"{""G1"": 0.02, ""G3"": 0, ""G5"": 0, ""none"": 0.98, ""G2"": 0, ""G4"": 0}",ineligible,0.95,"{""unclear"": 0.01, ""lead"": 0, ""partner"": 0.03, ""atypical"": 0.01, ""ineligible"": 0.95}",none,0.88,"{""DSS"": 0, ""DSBDHH"": 0, ""none"": 0.88, ""DCDEE"": 0.02, ""DEIPD"": 0, ""DMHDDSUS"": 0, ""MEDICAID"": 0, ""OSEC"": 0, ""ORH"": 0, ""DSOHF"": 0, ""DPH"": 0.1, ""DCFW"": 0, ""DAGING"": 0, ""DHSR"": 0}",0.2967,0.03,0.1528,deprioritized,P(ineligible)=0.95,typesafe-ai/jev,a4b41185524e,True
63dddfa9-c9f7-4da4-b0f8-ee56e73457c6,"Institutional Network Award for Promoting Kidney, Urologic, and Hematologic Research Training (U2C - Clinical Trial Not Allowed)",open,weak,0.98,"{""moderate"": 0.01, ""strong"": 0.01, ""weak"": 0.98, ""none"": 0}",G4,0.5,"{""G1"": 0, ""none"": 0.49, ""G4"": 0.5, ""G5"": 0.01, ""G3"": 0, ""G2"": 0}",atypical,0.77,"{""partner"": 0.23, ""atypical"": 0.77, ""lead"": 0, ""ineligible"": 0, ""unclear"": 0}",none,0.88,"{""DHSR"": 0.01, ""DCDEE"": 0, ""DCFW"": 0, ""ORH"": 0.01, ""OSEC"": 0, ""DSBDHH"": 0, ""DEIPD"": 0, ""MEDICAID"": 0, ""DSS"": 0, ""DSOHF"": 0.01, ""DPH"": 0.09, ""DAGING"": 0, ""DMHDDSUS"": 0, ""none"": 0.88}",0.3433,0.23,0.2112,deprioritized,P(unrelated or weak)=0.98,typesafe-ai/jev,a4b41185524e,True
6415aa23-4d11-49c1-9bb9-891bba5cfe4c,Osage Nation Wildland Fire Response,forecast,none,0.91,"{""weak"": 0.09, ""strong"": 0, ""moderate"": 0, ""none"": 0.91}",none,1.0,"{""G5"": 0, ""G4"": 0, ""G1"": 0, ""G2"": 0, ""G3"": 0, ""none"": 1}",ineligible,0.99,"{""ineligible"": 0.99, ""unclear"": 0, ""partner"": 0.01, ""lead"": 0, ""atypical"": 0}",none,1.0,"{""DAGING"": 0, ""ORH"": 0, ""DSBDHH"": 0, ""DHSR"": 0, ""DMHDDSUS"": 0, ""DPH"": 0, ""OSEC"": 0, ""none"": 1, ""DCDEE"": 0, ""DCFW"": 0, ""DSS"": 0, ""DSOHF"": 0, ""DEIPD"": 0, ""MEDICAID"": 0}",0.03,0.01,0.0152,deprioritized,P(unrelated)=0.91,typesafe-ai/jev,a4b41185524e,True
644030f6-37f5-40f8-bb89-acf868c1b28f,BJA FY 2026 The Kevin and Avonte Program: Reducing Injury and Death of Missing Individuals with Dementia and Developmental Disabilities,open,strong,0.85,"{""weak"": 0.01, ""moderate"": 0.14, ""none"": 0, ""strong"": 0.85}",G1,0.94,"{""G2"": 0.02, ""G4"": 0, ""none"": 0.02, ""G5"": 0.01, ""G1"": 0.94, ""G3"": 0.01}",lead,0.61,"{""atypical"": 0.01, ""partner"": 0.38, ""unclear"": 0, ""lead"": 0.61, ""ineligible"": 0}",DMHDDSUS,0.91,"{""DSBDHH"": 0, ""none"": 0.02, ""DPH"": 0.01, ""DCDEE"": 0, ""DAGING"": 0.02, ""DCFW"": 0, ""DSOHF"": 0, ""MEDICAID"": 0, ""DSS"": 0.04, ""DEIPD"": 0, ""DHSR"": 0, ""OSEC"": 0, ""ORH"": 0, ""DMHDDSUS"": 0.91}",0.9467,0.99,0.9419,deep_review,not confidently irrelevant,typesafe-ai/jev,a4b41185524e,True
646e27d6-2e72-4093-8fdc-700e57d0cbc6,Environmental influences on Child Health Outcomes (ECHO) Cohort Data and Biospecimen Access (X01 Clinical Trial Not Allowed),open,weak,0.93,"{""strong"": 0.01, ""none"": 0, ""weak"": 0.93, ""moderate"": 0.06}",G2,0.68,"{""G1"": 0.01, ""G4"": 0, ""none"": 0.3, ""G2"": 0.68, ""G3"": 0, ""G5"": 0.01}",atypical,0.52,"{""lead"": 0.01, ""atypical"": 0.52, ""partner"": 0.47, ""unclear"": 0, ""ineligible"": 0}",DPH,0.71,"{""DAGING"": 0, ""none"": 0.28, ""DCFW"": 0, ""ORH"": 0, ""OSEC"": 0.01, ""DPH"": 0.71, ""DMHDDSUS"": 0, ""MEDICAID"": 0, ""DSBDHH"": 0, ""DSOHF"": 0, ""DEIPD"": 0, ""DHSR"": 0, ""DSS"": 0, ""DCDEE"": 0}",0.36,0.48,0.2664,deep_review,not confidently irrelevant,typesafe-ai/jev,a4b41185524e,True
6484ed95-0a3e-4be1-bcc4-f1e2bf6f1fa1,Academic-Industrial Partnerships (AIP) to Translate and Validate In Vivo Imaging Systems (R01 Clinical Trial Optional),open,weak,1.0,"{""strong"": 0, ""none"": 0, ""weak"": 1, ""moderate"": 0}",none,0.68,"{""G1"": 0.05, ""G4"": 0.01, ""none"": 0.68, ""G2"": 0, ""G3"": 0, ""G5"": 0.25}",atypical,0.87,"{""atypical"": 0.87, ""lead"": 0, ""partner"": 0.13, ""unclear"": 0, ""ineligible"": 0}",none,0.86,"{""DAGING"": 0, ""DCFW"": 0, ""none"": 0.86, ""DPH"": 0.1, ""ORH"": 0.01, ""OSEC"": 0, ""DMHDDSUS"": 0, ""DEIPD"": 0, ""DSBDHH"": 0, ""DSOHF"": 0.01, ""MEDICAID"": 0, ""DHSR"": 0.01, ""DSS"": 0, ""DCDEE"": 0.01}",0.3333,0.13,0.1883,deprioritized,P(unrelated or weak)=1.00,typesafe-ai/jev,a4b41185524e,True
64ad28a5-f0c6-402a-aaab-2d355a84ef2e,Sociology,open,weak,0.51,"{""weak"": 0.51, ""strong"": 0, ""none"": 0.48, ""moderate"": 0.01}",none,0.99,"{""G2"": 0, ""G5"": 0, ""G3"": 0, ""G4"": 0.01, ""none"": 0.99, ""G1"": 0}",atypical,0.96,"{""partner"": 0.02, ""ineligible"": 0, ""lead"": 0, ""atypical"": 0.96, ""unclear"": 0.02}",none,0.99,"{""DAGING"": 0, ""DMHDDSUS"": 0, ""DSS"": 0, ""DSBDHH"": 0, ""ORH"": 0, ""OSEC"": 0.01, ""DEIPD"": 0, ""DCFW"": 0, ""DCDEE"": 0, ""DPH"": 0, ""DHSR"": 0, ""none"": 0.99, ""MEDICAID"": 0, ""DSOHF"": 0}",0.1767,0.02,0.0901,deprioritized,P(unrelated or weak)=0.99,typesafe-ai/jev,a4b41185524e,True
64b1663b-d1f2-4f13-9572-82246b39d93a,Astronomy and Astrophysics Research Grants,open,none,1.0,"{""weak"": 0, ""none"": 1, ""strong"": 0, ""moderate"": 0}",none,1.0,"{""none"": 1, ""G5"": 0, ""G4"": 0, ""G3"": 0, ""G1"": 0, ""G2"": 0}",atypical,0.98,"{""atypical"": 0.98, ""unclear"": 0.02, ""ineligible"": 0, ""lead"": 0, ""partner"": 0}",none,1.0,"{""ORH"": 0, ""DSOHF"": 0, ""DEIPD"": 0, ""MEDICAID"": 0, ""DAGING"": 0, ""DSBDHH"": 0, ""DSS"": 0, ""none"": 1, ""DCDEE"": 0, ""OSEC"": 0, ""DCFW"": 0, ""DPH"": 0, ""DMHDDSUS"": 0, ""DHSR"": 0}",0.0,0.0,0.0,deprioritized,P(unrelated)=1.00,typesafe-ai/jev,a4b41185524e,True
64fca4f7-f19f-4654-a26b-0866a452cc8f,"Systematic Testing of Radionuclides in Preclinical Experiments (STRIPE, RP1 Clinical Trial Not Allowed)",forecast,weak,1.0,"{""moderate"": 0, ""none"": 0, ""strong"": 0, ""weak"": 1}",none,0.84,"{""G2"": 0, ""none"": 0.84, ""G4"": 0.01, ""G5"": 0.02, ""G1"": 0.13, ""G3"": 0}",atypical,0.85,"{""partner"": 0.05, ""lead"": 0.01, ""unclear"": 0, ""atypical"": 0.85, ""ineligible"": 0.09}",none,0.89,"{""DCFW"": 0, ""DAGING"": 0, ""DSOHF"": 0.01, ""MEDICAID"": 0, ""ORH"": 0, ""DCDEE"": 0.01, ""DSS"": 0, ""DHSR"": 0, ""none"": 0.89, ""DEIPD"": 0, ""OSEC"": 0, ""DSBDHH"": 0, ""DMHDDSUS"": 0, ""DPH"": 0.09}",0.3333,0.06,0.1767,deprioritized,P(unrelated or weak)=1.00,typesafe-ai/jev,a4b41185524e,True
65230579-1858-444e-97ad-677f1168c9b4,Tribal Institutional Review Board Establishment and Enhancement (TIRBEE) (R24 - Clinical Trial Not Allowed),open,weak,0.49,"{""moderate"": 0.21, ""none"": 0.06, ""strong"": 0.24, ""weak"": 0.49}",none,0.69,"{""G1"": 0.14, ""G2"": 0, ""G3"": 0, ""G4"": 0.01, ""G5"": 0.16, ""none"": 0.69}",ineligible,0.46,"{""atypical"": 0.21, ""ineligible"": 0.46, ""lead"": 0, ""partner"": 0.32, ""unclear"": 0.01}",none,0.77,"{""DAGING"": 0, ""DCDEE"": 0, ""DCFW"": 0, ""DEIPD"": 0, ""DHSR"": 0.02, ""DMHDDSUS"": 0, ""DPH"": 0.17, ""DSBDHH"": 0, ""DSOHF"": 0, ""DSS"": 0, ""MEDICAID"": 0, ""ORH"": 0.01, ""OSEC"": 0.03, ""none"": 0.77}",0.5433,0.32,0.3586,deep_review,not confidently irrelevant,typesafe-ai/jev,a4b41185524e,True
6552e00b-8e51-4278-ab04-b6e3765a88a0,Comprehensive Partnerships to Advance Cancer Health (CPACH) (U54 Clinical Trial Optional),forecast,weak,0.86,"{""moderate"": 0.07, ""strong"": 0.07, ""none"": 0, ""weak"": 0.86}",G1,0.76,"{""G4"": 0.01, ""G1"": 0.76, ""G5"": 0, ""none"": 0.23, ""G2"": 0, ""G3"": 0}",partner,0.57,"{""atypical"": 0.41, ""ineligible"": 0.01, ""lead"": 0.01, ""unclear"": 0, ""partner"": 0.57}",DPH,0.59,"{""MEDICAID"": 0, ""OSEC"": 0, ""DSS"": 0, ""DHSR"": 0, ""DMHDDSUS"": 0, ""none"": 0.38, ""DSOHF"": 0, ""DSBDHH"": 0, ""DCDEE"": 0, ""DEIPD"": 0, ""DCFW"": 0, ""DAGING"": 0, ""DPH"": 0.59, ""ORH"": 0.03}",0.4033,0.58,0.3186,deep_review,not confidently irrelevant,typesafe-ai/jev,a4b41185524e,True
6555b91e-c017-4f0f-ae71-3d682d14c7fe,PEPFAR Community Led Monitoring – Mozambique Relief Programs,forecast,none,0.55,"{""strong"": 0, ""moderate"": 0, ""none"": 0.55, ""weak"": 0.45}",none,0.98,"{""none"": 0.98, ""G5"": 0, ""G2"": 0, ""G3"": 0, ""G4"": 0, ""G1"": 0.02}",ineligible,1.0,"{""partner"": 0, ""lead"": 0, ""atypical"": 0, ""unclear"": 0, ""ineligible"": 1}",none,0.99,"{""DCFW"": 0, ""ORH"": 0, ""DAGING"": 0, ""DMHDDSUS"": 0, ""DEIPD"": 0, ""OSEC"": 0, ""DPH"": 0.01, ""DSOHF"": 0, ""DSBDHH"": 0, ""MEDICAID"": 0, ""DCDEE"": 0, ""none"": 0.99, ""DSS"": 0, ""DHSR"": 0}",0.15,0.0,0.075,deprioritized,P(unrelated or weak)=1.00,typesafe-ai/jev,a4b41185524e,True
656b470c-38fc-441c-8675-f04f75b507d0,HIV/AIDS Clinical Trials Network Clinical Trials Units,forecast,weak,0.91,"{""strong"": 0.04, ""moderate"": 0.05, ""weak"": 0.91, ""none"": 0}",G1,0.59,"{""G5"": 0.01, ""G3"": 0, ""G4"": 0.02, ""G1"": 0.59, ""G2"": 0, ""none"": 0.38}",atypical,0.49,"{""lead"": 0.01, ""partner"": 0.49, ""atypical"": 0.49, ""ineligible"": 0.01, ""unclear"": 0}",DPH,0.56,"{""DCDEE"": 0.01, ""OSEC"": 0, ""ORH"": 0, ""DAGING"": 0, ""DMHDDSUS"": 0.02, ""DCFW"": 0, ""none"": 0.4, ""DPH"": 0.56, ""DHSR"": 0, ""DSS"": 0, ""DSOHF"": 0.01, ""DEIPD"": 0, ""DSBDHH"": 0, ""MEDICAID"": 0}",0.3767,0.5,0.2825,deep_review,not confidently irrelevant,typesafe-ai/jev,a4b41185524e,True
65e271b5-fbf5-48d0-8183-a59b1027f78b,Mechanisms that Impact Cancer Risk after Bariatric Surgery (R21 Clinical Trial Not Allowed),open,weak,1.0,"{""moderate"": 0, ""none"": 0, ""weak"": 1, ""strong"": 0}",none,0.77,"{""G2"": 0, ""none"": 0.77, ""G3"": 0, ""G5"": 0.01, ""G4"": 0.02, ""G1"": 0.2}",atypical,0.86,"{""atypical"": 0.86, ""lead"": 0, ""ineligible"": 0, ""unclear"": 0, ""partner"": 0.14}",none,0.69,"{""DCFW"": 0, ""none"": 0.69, ""DSBDHH"": 0, ""DHSR"": 0, ""MEDICAID"": 0, ""OSEC"": 0.01, ""DSS"": 0, ""DAGING"": 0, ""ORH"": 0, ""DPH"": 0.3, ""DMHDDSUS"": 0, ""DEIPD"": 0, ""DCDEE"": 0, ""DSOHF"": 0}",0.3333,0.14,0.19,deprioritized,P(unrelated or weak)=1.00,typesafe-ai/jev,a4b41185524e,True
661eb5ae-2b77-4338-ae39-4405de5c59b0,CDC National Centers of Excellence in Youth Violence Prevention (YVPCs): Rigorous Evaluation of Prevention Approaches to Prevent and Reduce Youth Violence,forecast,moderate,0.4,"{""none"": 0, ""weak"": 0.29, ""strong"": 0.31, ""moderate"": 0.4}",G2,0.65,"{""none"": 0.12, ""G4"": 0.01, ""G2"": 0.65, ""G3"": 0.06, ""G1"": 0.15, ""G5"": 0.01}",partner,0.63,"{""atypical"": 0.35, ""unclear"": 0.01, ""partner"": 0.63, ""lead"": 0.01, ""ineligible"": 0}",DPH,0.89,"{""DCFW"": 0.04, ""OSEC"": 0, ""DSOHF"": 0, ""DSBDHH"": 0, ""ORH"": 0, ""MEDICAID"": 0, ""none"": 0.06, ""DSS"": 0, ""DCDEE"": 0, ""DMHDDSUS"": 0.01, ""DPH"": 0.89, ""DAGING"": 0, ""DEIPD"": 0, ""DHSR"": 0}",0.6733,0.64,0.5521,deep_review,not confidently irrelevant,typesafe-ai/jev,a4b41185524e,True
66b556a1-f978-4dbe-ae6b-4d23f799eb1a,NIOSH Small Research Grant Program (R03),forecast,weak,0.77,"{""moderate"": 0.21, ""strong"": 0.02, ""none"": 0, ""weak"": 0.77}",G4,0.49,"{""G1"": 0.05, ""G4"": 0.49, ""G3"": 0, ""none"": 0.44, ""G2"": 0, ""G5"": 0.02}",atypical,0.71,"{""lead"": 0.03, ""atypical"": 0.71, ""partner"": 0.26, ""ineligible"": 0, ""unclear"": 0}",DPH,0.61,"{""DSOHF"": 0.01, ""ORH"": 0.01, ""DMHDDSUS"": 0, ""DAGING"": 0, ""none"": 0.32, ""DSBDHH"": 0, ""DCDEE"": 0.01, ""DSS"": 0, ""DPH"": 0.61, ""DHSR"": 0.02, ""DCFW"": 0, ""DEIPD"": 0.01, ""OSEC"": 0.01, ""MEDICAID"": 0}",0.4167,0.29,0.2687,deep_review,not confidently irrelevant,typesafe-ai/jev,a4b41185524e,True
66f64d29-5e88-4ac7-b67c-f75c036eba5b,Algebra and Number Theory,open,none,1.0,"{""none"": 1, ""weak"": 0, ""moderate"": 0, ""strong"": 0}",none,1.0,"{""G5"": 0, ""G2"": 0, ""none"": 1, ""G3"": 0, ""G4"": 0, ""G1"": 0}",atypical,0.98,"{""atypical"": 0.98, ""partner"": 0, ""lead"": 0, ""ineligible"": 0, ""unclear"": 0.02}",none,1.0,"{""none"": 1, ""DHSR"": 0, ""MEDICAID"": 0, ""DSS"": 0, ""DCDEE"": 0, ""DSOHF"": 0, ""DEIPD"": 0, ""ORH"": 0, ""DPH"": 0, ""DMHDDSUS"": 0, ""DCFW"": 0, ""DAGING"": 0, ""OSEC"": 0, ""DSBDHH"": 0}",0.0,0.0,0.0,deprioritized,P(unrelated)=1.00,typesafe-ai/jev,a4b41185524e,True
66fe85df-7bdd-4d12-bfc4-3150ecb07066,Computational and Data-Enabled Science and Engineering,open,none,0.82,"{""weak"": 0.18, ""strong"": 0, ""none"": 0.82, ""moderate"": 0}",none,0.93,"{""G1"": 0, ""none"": 0.93, ""G5"": 0.07, ""G2"": 0, ""G3"": 0, ""G4"": 0}",atypical,0.93,"{""unclear"": 0.04, ""partner"": 0.02, ""ineligible"": 0, ""atypical"": 0.93, ""lead"": 0}",none,0.93,"{""MEDICAID"": 0, ""none"": 0.93, ""DSS"": 0, ""ORH"": 0, ""DMHDDSUS"": 0, ""DPH"": 0.01, ""DAGING"": 0, ""DSOHF"": 0, ""OSEC"": 0.06, ""DCDEE"": 0, ""DEIPD"": 0, ""DSBDHH"": 0, ""DCFW"": 0, ""DHSR"": 0}",0.06,0.02,0.0306,deprioritized,P(unrelated or weak)=1.00,typesafe-ai/jev,a4b41185524e,True
670bbd45-5534-47bc-bc1c-d11da6b460d9,"DoW Amyotrophic Lateral Sclerosis Research Program, Pilot Clinical Trial Award",open,weak,0.87,"{""moderate"": 0, ""strong"": 0, ""weak"": 0.87, ""none"": 0.13}",none,0.79,"{""G2"": 0, ""G1"": 0.19, ""G5"": 0.01, ""none"": 0.79, ""G4"": 0.01, ""G3"": 0}",atypical,0.77,"{""lead"": 0, ""partner"": 0.15, ""atypical"": 0.77, ""ineligible"": 0, ""unclear"": 0.08}",none,0.9,"{""DPH"": 0.08, ""DAGING"": 0, ""MEDICAID"": 0, ""ORH"": 0, ""DSBDHH"": 0, ""OSEC"": 0, ""DHSR"": 0, ""none"": 0.9, ""DCFW"": 0, ""DEIPD"": 0, ""DSS"": 0, ""DCDEE"": 0, ""DSOHF"": 0.01, ""DMHDDSUS"": 0.01}",0.29,0.15,0.1667,deprioritized,P(unrelated or weak)=1.00,typesafe-ai/jev,a4b41185524e,True
671882c4-21d8-491e-aab2-68ebd6f03d85,Innovation Grants to Nurture Initial Translational Efforts (IGNITE): Assay Development and Neurotherapeutic Agent Identification (R61/R33 Clinical Trial Not Allowed),open,weak,1.0,"{""moderate"": 0, ""strong"": 0, ""none"": 0, ""weak"": 1}",none,0.89,"{""G1"": 0.05, ""G3"": 0.02, ""G4"": 0.01, ""none"": 0.89, ""G5"": 0.03, ""G2"": 0}",atypical,0.89,"{""partner"": 0.11, ""atypical"": 0.89, ""ineligible"": 0, ""lead"": 0, ""unclear"": 0}",none,0.86,"{""DSOHF"": 0.01, ""ORH"": 0, ""DMHDDSUS"": 0.04, ""DAGING"": 0, ""DCFW"": 0, ""DSBDHH"": 0, ""DCDEE"": 0, ""DSS"": 0, ""DPH"": 0.09, ""MEDICAID"": 0, ""none"": 0.86, ""DHSR"": 0, ""OSEC"": 0, ""DEIPD"": 0}",0.3333,0.11,0.185,deprioritized,P(unrelated or weak)=1.00,typesafe-ai/jev,a4b41185524e,True
672b5279-6dda-4076-bfd7-a44e9ae46678,"DoW Pancreatic Cancer Research Program, Idea Development Award",open,weak,0.87,"{""weak"": 0.87, ""strong"": 0, ""none"": 0.13, ""moderate"": 0}",none,0.87,"{""G2"": 0, ""G5"": 0.01, ""G3"": 0, ""G4"": 0.01, ""none"": 0.87, ""G1"": 0.11}",atypical,0.92,"{""partner"": 0.03, ""ineligible"": 0, ""lead"": 0, ""atypical"": 0.92, ""unclear"": 0.05}",none,0.91,"{""DMHDDSUS"": 0, ""DCDEE"": 0, ""DSS"": 0, ""DAGING"": 0, ""DPH"": 0.09, ""OSEC"": 0, ""ORH"": 0, ""DCFW"": 0, ""DEIPD"": 0, ""DSBDHH"": 0, ""DHSR"": 0, ""none"": 0.91, ""MEDICAID"": 0, ""DSOHF"": 0}",0.29,0.03,0.1493,deprioritized,P(unrelated or weak)=1.00,typesafe-ai/jev,a4b41185524e,True
67d97081-2134-43c3-8257-14a67f20222c,Building Sustainable Software Tools for Open Science (R03 Clinical Trial Not Allowed),forecast,weak,0.97,"{""weak"": 0.97, ""moderate"": 0.01, ""none"": 0.02, ""strong"": 0}",G5,0.56,"{""G1"": 0, ""G2"": 0, ""G5"": 0.56, ""G4"": 0.01, ""none"": 0.43, ""G3"": 0}",atypical,0.91,"{""lead"": 0.01, ""unclear"": 0, ""partner"": 0.05, ""atypical"": 0.91, ""ineligible"": 0.03}",none,0.71,"{""DMHDDSUS"": 0, ""ORH"": 0, ""DSOHF"": 0, ""DSBDHH"": 0, ""DHSR"": 0, ""DPH"": 0.01, ""DAGING"": 0, ""DCFW"": 0, ""DCDEE"": 0, ""DEIPD"": 0, ""MEDICAID"": 0, ""OSEC"": 0.28, ""none"": 0.71, ""DSS"": 0}",0.33,0.06,0.1749,deprioritized,P(unrelated or weak)=0.99,typesafe-ai/jev,a4b41185524e,True
67e06df1-e563-43fa-8fd0-46f3cbbc9aef,Network of the National Library of Medicine Coordinating Center (U24 Clinical Trial Optional),forecast,weak,0.83,"{""weak"": 0.83, ""none"": 0.02, ""strong"": 0.03, ""moderate"": 0.12}",none,0.58,"{""G1"": 0.1, ""none"": 0.58, ""G3"": 0, ""G2"": 0, ""G5"": 0.29, ""G4"": 0.03}",atypical,0.63,"{""unclear"": 0, ""partner"": 0.32, ""ineligible"": 0.03, ""atypical"": 0.63, ""lead"": 0.02}",none,0.75,"{""DSS"": 0, ""ORH"": 0.02, ""none"": 0.75, ""MEDICAID"": 0, ""DMHDDSUS"": 0, ""DPH"": 0.13, ""DAGING"": 0, ""DSOHF"": 0, ""OSEC"": 0.09, ""DSBDHH"": 0, ""DEIPD"": 0, ""DCDEE"": 0, ""DHSR"": 0.01, ""DCFW"": 0}",0.3867,0.34,0.2591,deep_review,not confidently irrelevant,typesafe-ai/jev,a4b41185524e,True
6849a0ee-8fb9-4f52-869e-3f2645dad835,AFCP 2020 Small Grants Competition,forecast,none,1.0,"{""strong"": 0, ""moderate"": 0, ""none"": 1, ""weak"": 0}",none,1.0,"{""G5"": 0, ""G1"": 0, ""G2"": 0, ""G3"": 0, ""none"": 1, ""G4"": 0}",atypical,0.89,"{""unclear"": 0, ""atypical"": 0.89, ""ineligible"": 0.08, ""partner"": 0.02, ""lead"": 0.01}",none,1.0,"{""DSBDHH"": 0, ""DSOHF"": 0, ""DCDEE"": 0, ""ORH"": 0, ""DAGING"": 0, ""DMHDDSUS"": 0, ""DPH"": 0, ""DSS"": 0, ""DHSR"": 0, ""DCFW"": 0, ""DEIPD"": 0, ""OSEC"": 0, ""none"": 1, ""MEDICAID"": 0}",0.0,0.03,0.0,deprioritized,P(unrelated)=1.00,typesafe-ai/jev,a4b41185524e,True
68819b89-548b-4e10-8c3f-17a1473714b1,"DoW Traumatic Brain Injury and Psychological Health, Translational Research Award",open,weak,0.7,"{""weak"": 0.7, ""strong"": 0, ""none"": 0.3, ""moderate"": 0}",none,0.64,"{""none"": 0.64, ""G2"": 0, ""G1"": 0.01, ""G5"": 0.01, ""G4"": 0, ""G3"": 0.34}",atypical,0.83,"{""atypical"": 0.83, ""ineligible"": 0, ""unclear"": 0.1, ""partner"": 0.07, ""lead"": 0}",none,0.72,"{""DSBDHH"": 0, ""OSEC"": 0, ""DHSR"": 0, ""DCDEE"": 0, ""DMHDDSUS"": 0.23, ""MEDICAID"": 0, ""DCFW"": 0, ""DSOHF"": 0.01, ""DEIPD"": 0, ""ORH"": 0, ""DPH"": 0.04, ""DSS"": 0, ""DAGING"": 0, ""none"": 0.72}",0.2333,0.07,0.1248,deprioritized,P(unrelated or weak)=1.00,typesafe-ai/jev,a4b41185524e,True
6899b4bb-0139-4408-9a57-42898c940ebd,Retail Food Safety Regulatory Association Collaboration CAP,forecast,weak,0.39,"{""strong"": 0.28, ""none"": 0.02, ""moderate"": 0.31, ""weak"": 0.39}",none,0.66,"{""G3"": 0, ""G1"": 0.04, ""G2"": 0, ""G4"": 0.02, ""none"": 0.66, ""G5"": 0.27}",ineligible,0.63,"{""unclear"": 0, ""lead"": 0, ""partner"": 0.36, ""atypical"": 0.01, ""ineligible"": 0.63}",none,0.49,"{""DSBDHH"": 0, ""DSS"": 0, ""DPH"": 0.41, ""DMHDDSUS"": 0, ""DCDEE"": 0.01, ""MEDICAID"": 0, ""DSOHF"": 0, ""OSEC"": 0, ""DEIPD"": 0, ""none"": 0.49, ""ORH"": 0, ""DAGING"": 0, ""DHSR"": 0.08, ""DCFW"": 0.01}",0.6167,0.36,0.4193,deep_review,not confidently irrelevant,typesafe-ai/jev,a4b41185524e,True
68e1c3f7-51e4-472d-bc5d-89d4deb2eda0,Native American Research Centers for Health (NARCH) Planning Grants (R34 - Clinical Trial Not Allowed),open,weak,0.86,"{""weak"": 0.86, ""none"": 0.05, ""moderate"": 0.05, ""strong"": 0.04}",none,0.67,"{""G5"": 0, ""G2"": 0, ""none"": 0.67, ""G3"": 0, ""G4"": 0.01, ""G1"": 0.32}",ineligible,0.9,"{""atypical"": 0, ""partner"": 0.1, ""lead"": 0, ""ineligible"": 0.9, ""unclear"": 0}",none,0.93,"{""none"": 0.93, ""OSEC"": 0, ""MEDICAID"": 0, ""DSOHF"": 0, ""DSBDHH"": 0, ""DCDEE"": 0, ""DEIPD"": 0, ""ORH"": 0.01, ""DPH"": 0.05, ""DMHDDSUS"": 0, ""DHSR"": 0, ""DAGING"": 0, ""DSS"": 0, ""DCFW"": 0}",0.36,0.1,0.198,deprioritized,P(ineligible)=0.90,typesafe-ai/jev,a4b41185524e,True
69e280af-be56-4bfa-81e9-5ae7d83b1210,Ambassadors Fund for Cultural Preservation Large Grants Program,forecast,none,1.0,"{""none"": 1, ""weak"": 0, ""moderate"": 0, ""strong"": 0}",none,1.0,"{""G4"": 0, ""G5"": 0, ""none"": 1, ""G1"": 0, ""G3"": 0, ""G2"": 0}",ineligible,0.68,"{""partner"": 0.01, ""unclear"": 0, ""ineligible"": 0.68, ""lead"": 0, ""atypical"": 0.31}",none,1.0,"{""DAGING"": 0, ""DCFW"": 0, ""DHSR"": 0, ""DSS"": 0, ""DCDEE"": 0, ""DEIPD"": 0, ""DSOHF"": 0, ""none"": 1, ""ORH"": 0, ""DPH"": 0, ""OSEC"": 0, ""DMHDDSUS"": 0, ""DSBDHH"": 0, ""MEDICAID"": 0}",0.0,0.01,0.0,deprioritized,P(unrelated)=1.00,typesafe-ai/jev,a4b41185524e,True
6a1650c5-4c8e-42a0-b948-4749048f593e,Middle East Regional Cooperation (MERC),open,none,0.68,"{""none"": 0.68, ""weak"": 0.32, ""moderate"": 0, ""strong"": 0}",none,0.99,"{""G1"": 0, ""none"": 0.99, ""G4"": 0, ""G3"": 0, ""G5"": 0.01, ""G2"": 0}",atypical,0.89,"{""atypical"": 0.89, ""lead"": 0, ""partner"": 0.07, ""ineligible"": 0.04, ""unclear"": 0}",none,0.98,"{""OSEC"": 0.01, ""DPH"": 0.01, ""DSS"": 0, ""ORH"": 0, ""DSBDHH"": 0, ""DCFW"": 0, ""DEIPD"": 0, ""none"": 0.98, ""DMHDDSUS"": 0, ""MEDICAID"": 0, ""DSOHF"": 0, ""DAGING"": 0, ""DCDEE"": 0, ""DHSR"": 0}",0.1067,0.07,0.0571,deprioritized,P(unrelated or weak)=1.00,typesafe-ai/jev,a4b41185524e,True
6a23ca0d-def6-4685-937d-4c8ed13aae5b,Pancreatic Cancer Detection Consortium: Management and Data Coordination Unit (U24 Clinical Trial Not Allowed),forecast,weak,0.98,"{""strong"": 0, ""moderate"": 0.02, ""weak"": 0.98, ""none"": 0}",none,0.65,"{""G5"": 0.09, ""G3"": 0, ""G4"": 0.01, ""G1"": 0.25, ""G2"": 0, ""none"": 0.65}",atypical,0.54,"{""lead"": 0.02, ""partner"": 0.4, ""atypical"": 0.54, ""ineligible"": 0.04, ""unclear"": 0}",none,0.49,"{""MEDICAID"": 0, ""OSEC"": 0.01, ""ORH"": 0, ""DAGING"": 0, ""DMHDDSUS"": 0, ""DCFW"": 0, ""none"": 0.49, ""DSBDHH"": 0, ""DSS"": 0, ""DSOHF"": 0, ""DPH"": 0.49, ""DEIPD"": 0, ""DHSR"": 0, ""DCDEE"": 0.01}",0.34,0.42,0.2414,deprioritized,P(unrelated or weak)=0.98,typesafe-ai/jev,a4b41185524e,True
6a2983fc-5762-4eb0-8040-d1f5b7172501,Limited Competition: Clinical and Translational Science Awards (CTSA) Program: Collaborative and Innovative Acceleration Award,forecast,weak,1.0,"{""weak"": 1, ""none"": 0, ""strong"": 0, ""moderate"": 0}",none,0.84,"{""G3"": 0, ""none"": 0.84, ""G4"": 0.02, ""G5"": 0.12, ""G1"": 0.02, ""G2"": 0}",ineligible,0.66,"{""ineligible"": 0.66, ""atypical"": 0.12, ""unclear"": 0, ""partner"": 0.22, ""lead"": 0}",none,0.96,"{""DMHDDSUS"": 0, ""DAGING"": 0, ""OSEC"": 0, ""DCDEE"": 0, ""DSBDHH"": 0, ""ORH"": 0.01, ""DHSR"": 0, ""DSS"": 0, ""DPH"": 0.02, ""DCFW"": 0, ""none"": 0.96, ""DSOHF"": 0.01, ""DEIPD"": 0, ""MEDICAID"": 0}",0.3333,0.22,0.2033,deprioritized,P(unrelated or weak)=1.00,typesafe-ai/jev,a4b41185524e,True
6b1bd5f9-fd9d-4802-aae7-3cfb723aa6dd,ROSES25: C.4 Planetary Science Enabling Facilities,open,none,1.0,"{""none"": 1, ""weak"": 0, ""moderate"": 0, ""strong"": 0}",none,1.0,"{""none"": 1, ""G4"": 0, ""G1"": 0, ""G2"": 0, ""G3"": 0, ""G5"": 0}",atypical,0.72,"{""unclear"": 0.01, ""lead"": 0, ""atypical"": 0.72, ""partner"": 0, ""ineligible"": 0.27}",none,1.0,"{""DCDEE"": 0, ""DPH"": 0, ""ORH"": 0, ""DSS"": 0, ""DSOHF"": 0, ""DCFW"": 0, ""none"": 1, ""DEIPD"": 0, ""MEDICAID"": 0, ""DSBDHH"": 0, ""DMHDDSUS"": 0, ""DHSR"": 0, ""OSEC"": 0, ""DAGING"": 0}",0.0,0.0,0.0,deprioritized,P(unrelated)=1.00,typesafe-ai/jev,a4b41185524e,True
6b21678a-a356-4171-8b30-5d99dc5b0895,Neuromodulation/Neurostimulation Device Development for Mental Health Applications (R01 Clinical Trial Not Allowed),open,weak,1.0,"{""strong"": 0, ""none"": 0, ""moderate"": 0, ""weak"": 1}",none,0.53,"{""G2"": 0, ""G4"": 0, ""none"": 0.53, ""G5"": 0.02, ""G1"": 0, ""G3"": 0.45}",atypical,0.94,"{""atypical"": 0.94, ""unclear"": 0, ""partner"": 0.06, ""lead"": 0, ""ineligible"": 0}",none,0.69,"{""OSEC"": 0, ""ORH"": 0, ""none"": 0.69, ""DCFW"": 0, ""DSBDHH"": 0, ""DSS"": 0, ""DEIPD"": 0, ""DSOHF"": 0.03, ""DCDEE"": 0, ""DHSR"": 0, ""DPH"": 0, ""DMHDDSUS"": 0.27, ""MEDICAID"": 0, ""DAGING"": 0}",0.3333,0.06,0.1767,deprioritized,P(unrelated or weak)=1.00,typesafe-ai/jev,a4b41185524e,True
6b2d1e6a-62c3-47cb-981a-53b41a59b9dd,Blueprint Neurotherapeutics Network (BPN): Small Molecule Drug Discovery and Development,forecast,weak,1.0,"{""weak"": 1, ""moderate"": 0, ""strong"": 0, ""none"": 0}",none,0.88,"{""G1"": 0.05, ""none"": 0.88, ""G4"": 0.01, ""G3"": 0.03, ""G2"": 0, ""G5"": 0.03}",atypical,0.95,"{""lead"": 0, ""partner"": 0.03, ""unclear"": 0, ""ineligible"": 0.02, ""atypical"": 0.95}",none,0.95,"{""OSEC"": 0, ""DPH"": 0.03, ""DSBDHH"": 0, ""DCDEE"": 0, ""DSS"": 0, ""ORH"": 0, ""DMHDDSUS"": 0.01, ""DEIPD"": 0, ""DHSR"": 0, ""MEDICAID"": 0, ""DSOHF"": 0.01, ""DCFW"": 0, ""DAGING"": 0, ""none"": 0.95}",0.3333,0.03,0.1717,deprioritized,P(unrelated or weak)=1.00,typesafe-ai/jev,a4b41185524e,True
6b68b9fe-d7c5-4b7b-ab75-314afe64e9f4,Resource and Capacity Building to Advance the Science of Aggression across Species and Disciplines (R24 Clinical Trial Optional),forecast,weak,1.0,"{""strong"": 0, ""weak"": 1, ""none"": 0, ""moderate"": 0}",none,0.65,"{""G4"": 0.02, ""none"": 0.65, ""G5"": 0.02, ""G2"": 0, ""G3"": 0.31, ""G1"": 0}",atypical,0.85,"{""unclear"": 0.01, ""ineligible"": 0, ""lead"": 0, ""partner"": 0.14, ""atypical"": 0.85}",none,0.74,"{""DSBDHH"": 0, ""DMHDDSUS"": 0.21, ""DAGING"": 0, ""none"": 0.74, ""DHSR"": 0, ""DEIPD"": 0, ""DSOHF"": 0.01, ""ORH"": 0, ""DCFW"": 0, ""OSEC"": 0.01, ""DPH"": 0.03, ""DCDEE"": 0, ""DSS"": 0, ""MEDICAID"": 0}",0.3333,0.14,0.19,deprioritized,P(unrelated or weak)=1.00,typesafe-ai/jev,a4b41185524e,True
6b8f181f-f43c-4307-9fc7-8642ac7bc91c,MPS Chemistry Research Programs (MPS Chem),open,none,0.73,"{""strong"": 0, ""moderate"": 0, ""weak"": 0.27, ""none"": 0.73}",none,1.0,"{""G5"": 0, ""G3"": 0, ""G4"": 0, ""G2"": 0, ""G1"": 0, ""none"": 1}",ineligible,0.95,"{""lead"": 0, ""partner"": 0.02, ""atypical"": 0.03, ""ineligible"": 0.95, ""unclear"": 0}",none,1.0,"{""DCDEE"": 0, ""OSEC"": 0, ""ORH"": 0, ""DAGING"": 0, ""DMHDDSUS"": 0, ""DCFW"": 0, ""none"": 1, ""DSBDHH"": 0, ""DSOHF"": 0, ""DHSR"": 0, ""DPH"": 0, ""DEIPD"": 0, ""DSS"": 0, ""MEDICAID"": 0}",0.09,0.02,0.0459,deprioritized,P(unrelated or weak)=1.00,typesafe-ai/jev,a4b41185524e,True
6bb622a8-8308-496a-9c79-2e31062a6873,Development of Candidate Medical Countermeasures (MCMs) and Technologies Against Chemical or Radiation/Nuclear (CRN) Threats,forecast,weak,0.98,"{""weak"": 0.98, ""moderate"": 0.01, ""strong"": 0, ""none"": 0.01}",none,0.76,"{""none"": 0.76, ""G1"": 0.12, ""G4"": 0.01, ""G3"": 0, ""G2"": 0, ""G5"": 0.11}",atypical,0.66,"{""lead"": 0.01, ""partner"": 0.16, ""unclear"": 0, ""ineligible"": 0.17, ""atypical"": 0.66}",DPH,0.54,"{""DPH"": 0.54, ""ORH"": 0, ""DSBDHH"": 0, ""DCDEE"": 0.01, ""DEIPD"": 0, ""DSS"": 0, ""OSEC"": 0, ""DCFW"": 0, ""MEDICAID"": 0, ""DHSR"": 0.01, ""DSOHF"": 0, ""DMHDDSUS"": 0, ""DAGING"": 0, ""none"": 0.44}",0.3333,0.17,0.195,deprioritized,P(unrelated or weak)=0.99,typesafe-ai/jev,a4b41185524e,True
6bb680a6-1953-4cb5-b983-0c9312848582,Topology,open,none,0.99,"{""strong"": 0, ""moderate"": 0, ""weak"": 0.01, ""none"": 0.99}",none,1.0,"{""G4"": 0, ""G2"": 0, ""G3"": 0, ""none"": 1, ""G1"": 0, ""G5"": 0}",atypical,0.97,"{""ineligible"": 0, ""atypical"": 0.97, ""partner"": 0, ""unclear"": 0.03, ""lead"": 0}",none,1.0,"{""DSBDHH"": 0, ""DSOHF"": 0, ""DEIPD"": 0, ""DCDEE"": 0, ""DAGING"": 0, ""DSS"": 0, ""ORH"": 0, ""DCFW"": 0, ""DMHDDSUS"": 0, ""MEDICAID"": 0, ""DHSR"": 0, ""none"": 1, ""OSEC"": 0, ""DPH"": 0}",0.0033,0.0,0.0017,deprioritized,P(unrelated)=0.99,typesafe-ai/jev,a4b41185524e,True
6bb78bd6-bd13-42d8-8530-1850ce9f5cac,Cooperative Centers of Excellence in Hematology (CCEHs),forecast,weak,1.0,"{""weak"": 1, ""strong"": 0, ""none"": 0, ""moderate"": 0}",none,0.92,"{""G2"": 0, ""G3"": 0, ""G4"": 0.03, ""none"": 0.92, ""G1"": 0.01, ""G5"": 0.04}",atypical,0.78,"{""unclear"": 0, ""partner"": 0.18, ""ineligible"": 0.03, ""atypical"": 0.78, ""lead"": 0.01}",none,0.93,"{""DCDEE"": 0, ""DSS"": 0, ""MEDICAID"": 0, ""DSBDHH"": 0, ""DSOHF"": 0, ""DMHDDSUS"": 0, ""OSEC"": 0, ""DPH"": 0.07, ""DEIPD"": 0, ""DCFW"": 0, ""DHSR"": 0, ""ORH"": 0, ""none"": 0.93, ""DAGING"": 0}",0.3333,0.19,0.1983,deprioritized,P(unrelated or weak)=1.00,typesafe-ai/jev,a4b41185524e,True
6bc69d9c-87b7-4329-962c-16c8e3ad553d,Rural Residency Planning and Development Program,forecast,strong,0.68,"{""moderate"": 0.18, ""strong"": 0.68, ""weak"": 0.14, ""none"": 0}",G1,0.9,"{""G4"": 0.06, ""none"": 0.04, ""G5"": 0, ""G1"": 0.9, ""G2"": 0, ""G3"": 0}",partner,0.64,"{""lead"": 0.03, ""partner"": 0.64, ""ineligible"": 0, ""unclear"": 0, ""atypical"": 0.33}",ORH,0.87,"{""DPH"": 0, ""MEDICAID"": 0, ""DHSR"": 0.02, ""DAGING"": 0, ""DSOHF"": 0, ""DCDEE"": 0, ""DMHDDSUS"": 0, ""none"": 0.11, ""OSEC"": 0, ""DCFW"": 0, ""DSS"": 0, ""DSBDHH"": 0, ""DEIPD"": 0, ""ORH"": 0.87}",0.8467,0.67,0.707,deep_review,not confidently irrelevant,typesafe-ai/jev,a4b41185524e,True
6c418e5b-5ca6-48bf-be5c-ccd0ee67dc8e,Ruth L. Kirschstein National Research Service Award (NRSA) Institutional Research Training Grant (Parent T32),open,weak,1.0,"{""strong"": 0, ""moderate"": 0, ""weak"": 1, ""none"": 0}",G4,0.52,"{""G5"": 0, ""none"": 0.48, ""G4"": 0.52, ""G2"": 0, ""G1"": 0, ""G3"": 0}",atypical,0.87,"{""lead"": 0, ""partner"": 0.13, ""atypical"": 0.87, ""ineligible"": 0, ""unclear"": 0}",none,0.89,"{""MEDICAID"": 0, ""OSEC"": 0.02, ""ORH"": 0.01, ""DAGING"": 0, ""DMHDDSUS"": 0.01, ""DCFW"": 0, ""none"": 0.89, ""DPH"": 0.04, ""DSOHF"": 0.02, ""DSBDHH"": 0, ""DHSR"": 0.01, ""DEIPD"": 0, ""DSS"": 0, ""DCDEE"": 0}",0.3333,0.13,0.1883,deprioritized,P(unrelated or weak)=1.00,typesafe-ai/jev,a4b41185524e,True
6c6417e0-a321-48cd-a93d-8dce887d6b55,Systematic Characterization of Genomic Variation to Assess Effects of Individual Variants on Genome Function and Phenotype (UM1 Clinical Trials Not Allowed),forecast,weak,1.0,"{""none"": 0, ""moderate"": 0, ""weak"": 1, ""strong"": 0}",none,0.92,"{""none"": 0.92, ""G4"": 0.01, ""G1"": 0.01, ""G2"": 0, ""G3"": 0, ""G5"": 0.06}",atypical,0.91,"{""unclear"": 0, ""ineligible"": 0, ""atypical"": 0.91, ""lead"": 0, ""partner"": 0.09}",none,0.89,"{""DCFW"": 0, ""MEDICAID"": 0, ""DSS"": 0, ""DSBDHH"": 0, ""DPH"": 0.11, ""DSOHF"": 0, ""DAGING"": 0, ""none"": 0.89, ""OSEC"": 0, ""DEIPD"": 0, ""ORH"": 0, ""DCDEE"": 0, ""DMHDDSUS"": 0, ""DHSR"": 0}",0.3333,0.09,0.1817,deprioritized,P(unrelated or weak)=1.00,typesafe-ai/jev,a4b41185524e,True
6ca421f6-5577-4c78-a736-cf2c3b6bfe72,Investigator-Focused Award (Parent R35),forecast,weak,1.0,"{""strong"": 0, ""moderate"": 0, ""none"": 0, ""weak"": 1}",none,0.87,"{""G2"": 0, ""G4"": 0.1, ""none"": 0.87, ""G1"": 0.02, ""G3"": 0, ""G5"": 0.01}",atypical,0.91,"{""lead"": 0, ""unclear"": 0, ""ineligible"": 0.06, ""partner"": 0.03, ""atypical"": 0.91}",none,0.83,"{""DSBDHH"": 0, ""DAGING"": 0, ""none"": 0.83, ""DPH"": 0.12, ""DCFW"": 0, ""DCDEE"": 0.01, ""MEDICAID"": 0, ""DSOHF"": 0.01, ""ORH"": 0.01, ""DSS"": 0, ""DHSR"": 0.01, ""OSEC"": 0.01, ""DEIPD"": 0, ""DMHDDSUS"": 0}",0.3333,0.03,0.1717,deprioritized,P(unrelated or weak)=1.00,typesafe-ai/jev,a4b41185524e,True
6cb6d4a5-2aa1-4962-a9b7-e0f6bcda2ccb,"Water, Landscape, and Critical Zone Processes",open,none,0.8,"{""none"": 0.8, ""moderate"": 0.01, ""weak"": 0.19, ""strong"": 0}",none,1.0,"{""none"": 1, ""G4"": 0, ""G1"": 0, ""G2"": 0, ""G3"": 0, ""G5"": 0}",ineligible,0.93,"{""unclear"": 0, ""ineligible"": 0.93, ""atypical"": 0.04, ""lead"": 0, ""partner"": 0.03}",none,0.97,"{""DSS"": 0, ""MEDICAID"": 0, ""DCFW"": 0, ""DSBDHH"": 0, ""DPH"": 0.03, ""DSOHF"": 0, ""DAGING"": 0, ""none"": 0.97, ""OSEC"": 0, ""DEIPD"": 0, ""ORH"": 0, ""DCDEE"": 0, ""DMHDDSUS"": 0, ""DHSR"": 0}",0.07,0.03,0.036,deprioritized,P(unrelated or weak)=0.99,typesafe-ai/jev,a4b41185524e,True
6cdf09e4-254a-4b7f-97d8-eac5de2919f0,Seattle FY 2021 – FY 2023 EDA Planning and Local Technical Assistance,open,none,0.85,"{""none"": 0.85, ""moderate"": 0.01, ""weak"": 0.14, ""strong"": 0}",none,0.88,"{""none"": 0.88, ""G4"": 0.07, ""G1"": 0, ""G2"": 0, ""G3"": 0, ""G5"": 0.05}",atypical,0.59,"{""unclear"": 0, ""ineligible"": 0.01, ""atypical"": 0.59, ""lead"": 0.14, ""partner"": 0.26}",none,0.93,"{""DCDEE"": 0.05, ""MEDICAID"": 0, ""DHSR"": 0, ""DSBDHH"": 0, ""DPH"": 0, ""DSOHF"": 0, ""DAGING"": 0, ""none"": 0.93, ""OSEC"": 0.01, ""DEIPD"": 0, ""ORH"": 0, ""DCFW"": 0, ""DMHDDSUS"": 0, ""DSS"": 0}",0.0533,0.4,0.0373,deprioritized,P(unrelated)=0.85,typesafe-ai/jev,a4b41185524e,True
6d44bb23-2a1f-4e12-8d72-c2b5b46195d4,Promoting Population Health through Increased Capacity in Alcohol Epidemiology & the Prevention of Excessive Alcohol Use,forecast,strong,0.99,"{""strong"": 0.99, ""weak"": 0, ""none"": 0, ""moderate"": 0.01}",G3,0.89,"{""G4"": 0.01, ""none"": 0.03, ""G3"": 0.89, ""G2"": 0, ""G5"": 0.07, ""G1"": 0}",lead,0.86,"{""ineligible"": 0, ""unclear"": 0, ""lead"": 0.86, ""partner"": 0.1, ""atypical"": 0.04}",DPH,0.97,"{""DSBDHH"": 0, ""DMHDDSUS"": 0.03, ""DHSR"": 0, ""none"": 0, ""DAGING"": 0, ""DEIPD"": 0, ""DSOHF"": 0, ""ORH"": 0, ""DCFW"": 0, ""OSEC"": 0, ""DPH"": 0.97, ""DCDEE"": 0, ""DSS"": 0, ""MEDICAID"": 0}",0.9967,0.96,0.9767,deep_review,not confidently irrelevant,typesafe-ai/jev,a4b41185524e,True
6d8275c8-1af8-4226-9757-4f4ea56591ad,NIDCR Prospective Observational or Biomarker Validation Study Cooperative Agreement (U01 Clinical Trial Not Allowed),open,weak,0.99,"{""weak"": 0.99, ""moderate"": 0.01, ""none"": 0, ""strong"": 0}",none,0.72,"{""G4"": 0.01, ""G2"": 0.01, ""G3"": 0, ""none"": 0.72, ""G5"": 0.01, ""G1"": 0.25}",atypical,0.71,"{""lead"": 0.01, ""ineligible"": 0, ""unclear"": 0, ""atypical"": 0.71, ""partner"": 0.28}",none,0.51,"{""DHSR"": 0.01, ""DMHDDSUS"": 0.01, ""MEDICAID"": 0, ""DCFW"": 0, ""none"": 0.51, ""ORH"": 0.01, ""DSS"": 0, ""OSEC"": 0, ""DAGING"": 0, ""DSOHF"": 0.01, ""DPH"": 0.44, ""DSBDHH"": 0, ""DEIPD"": 0, ""DCDEE"": 0.01}",0.3367,0.29,0.2171,deprioritized,P(unrelated or weak)=0.99,typesafe-ai/jev,a4b41185524e,True
6db2ce81-3523-4a4e-84b8-65b6aaac9f28,Research and Development (RAD) Directed Energy (RD) University Assistance Instruments,open,none,1.0,"{""none"": 1, ""moderate"": 0, ""weak"": 0, ""strong"": 0}",none,1.0,"{""G2"": 0, ""none"": 1, ""G4"": 0, ""G5"": 0, ""G1"": 0, ""G3"": 0}",atypical,0.93,"{""ineligible"": 0, ""lead"": 0, ""atypical"": 0.93, ""unclear"": 0.06, ""partner"": 0.01}",none,1.0,"{""DEIPD"": 0, ""DPH"": 0, ""DSS"": 0, ""MEDICAID"": 0, ""DSOHF"": 0, ""DCDEE"": 0, ""ORH"": 0, ""DHSR"": 0, ""none"": 1, ""DCFW"": 0, ""OSEC"": 0, ""DSBDHH"": 0, ""DMHDDSUS"": 0, ""DAGING"": 0}",0.0,0.01,0.0,deprioritized,P(unrelated)=1.00,typesafe-ai/jev,a4b41185524e,True
6e32869b-eedc-4cf9-bf79-ceab04147b50,Atmosphere Cluster,open,none,0.82,"{""weak"": 0.18, ""strong"": 0, ""moderate"": 0, ""none"": 0.82}",none,1.0,"{""G5"": 0, ""G3"": 0, ""G4"": 0, ""G1"": 0, ""none"": 1, ""G2"": 0}",atypical,0.97,"{""unclear"": 0.02, ""ineligible"": 0, ""partner"": 0.01, ""atypical"": 0.97, ""lead"": 0}",none,0.97,"{""DSBDHH"": 0, ""DCDEE"": 0, ""DSOHF"": 0, ""DEIPD"": 0, ""DCFW"": 0, ""MEDICAID"": 0, ""DSS"": 0, ""OSEC"": 0, ""DAGING"": 0, ""DPH"": 0.03, ""ORH"": 0, ""none"": 0.97, ""DMHDDSUS"": 0, ""DHSR"": 0}",0.06,0.01,0.0303,deprioritized,P(unrelated or weak)=1.00,typesafe-ai/jev,a4b41185524e,True
6e5dffa5-a76e-4b59-8677-6a4eee44c827,Behavioral Health Integration Initiative,forecast,weak,0.55,"{""weak"": 0.55, ""strong"": 0.23, ""moderate"": 0.12, ""none"": 0.1}",none,0.54,"{""G5"": 0, ""none"": 0.54, ""G4"": 0, ""G3"": 0.46, ""G2"": 0, ""G1"": 0}",ineligible,0.99,"{""lead"": 0, ""partner"": 0.01, ""unclear"": 0, ""ineligible"": 0.99, ""atypical"": 0}",none,0.94,"{""OSEC"": 0, ""none"": 0.94, ""DSBDHH"": 0, ""DCDEE"": 0, ""DAGING"": 0, ""DPH"": 0, ""ORH"": 0, ""DCFW"": 0, ""DHSR"": 0, ""MEDICAID"": 0, ""DSOHF"": 0, ""DMHDDSUS"": 0.06, ""DEIPD"": 0, ""DSS"": 0}",0.4933,0.01,0.2491,deprioritized,P(ineligible)=0.99,typesafe-ai/jev,a4b41185524e,True
6e628d8f-c560-4587-a47e-db62d12bf210,NEI New Innovator Award (DP2 Clinical Trial Not Allowed),forecast,weak,1.0,"{""strong"": 0, ""moderate"": 0, ""weak"": 1, ""none"": 0}",none,0.96,"{""G4"": 0.02, ""G2"": 0, ""G3"": 0, ""G5"": 0.01, ""G1"": 0.01, ""none"": 0.96}",atypical,0.78,"{""unclear"": 0, ""atypical"": 0.78, ""partner"": 0.02, ""ineligible"": 0.2, ""lead"": 0}",none,0.89,"{""DEIPD"": 0, ""DSOHF"": 0, ""DPH"": 0.01, ""DCDEE"": 0, ""DAGING"": 0, ""DSBDHH"": 0.1, ""ORH"": 0, ""DCFW"": 0, ""DMHDDSUS"": 0, ""MEDICAID"": 0, ""DSS"": 0, ""none"": 0.89, ""OSEC"": 0, ""DHSR"": 0}",0.3333,0.02,0.17,deprioritized,P(unrelated or weak)=1.00,typesafe-ai/jev,a4b41185524e,True
6ec9450d-7683-4f5d-87b1-069b65a7e8ca,New Approaches for Measuring Brain Changes Across Longer Timespans (R01 Clinical Trial Optional),open,weak,1.0,"{""moderate"": 0, ""none"": 0, ""strong"": 0, ""weak"": 1}",none,0.82,"{""G3"": 0.06, ""none"": 0.82, ""G4"": 0.01, ""G5"": 0.05, ""G1"": 0.01, ""G2"": 0.05}",atypical,0.87,"{""partner"": 0.13, ""ineligible"": 0, ""lead"": 0, ""unclear"": 0, ""atypical"": 0.87}",none,0.83,"{""DHSR"": 0, ""none"": 0.83, ""OSEC"": 0, ""DPH"": 0.06, ""DSBDHH"": 0, ""DAGING"": 0, ""DSOHF"": 0.01, ""DMHDDSUS"": 0.1, ""DCDEE"": 0, ""DCFW"": 0, ""DEIPD"": 0, ""MEDICAID"": 0, ""ORH"": 0, ""DSS"": 0}",0.3333,0.13,0.1883,deprioritized,P(unrelated or weak)=1.00,typesafe-ai/jev,a4b41185524e,True
6f88ccf1-8d15-4aec-8645-efaf903aea0b,NIA Expanding Research in AD/ADRD (ERA) Postbaccalaureate Research Education Program (R25 Independent Clinical Trial Not Allowed),open,weak,0.97,"{""weak"": 0.97, ""strong"": 0.01, ""none"": 0, ""moderate"": 0.02}",G4,0.6,"{""G4"": 0.6, ""G2"": 0, ""G3"": 0, ""none"": 0.39, ""G1"": 0.01, ""G5"": 0}",atypical,0.79,"{""lead"": 0, ""partner"": 0.21, ""unclear"": 0, ""atypical"": 0.79, ""ineligible"": 0}",none,0.77,"{""DHSR"": 0, ""ORH"": 0, ""MEDICAID"": 0, ""OSEC"": 0, ""none"": 0.77, ""DMHDDSUS"": 0.01, ""DSS"": 0, ""DCFW"": 0, ""DAGING"": 0.19, ""DSOHF"": 0, ""DPH"": 0.03, ""DSBDHH"": 0, ""DEIPD"": 0, ""DCDEE"": 0}",0.3467,0.21,0.2097,deprioritized,P(unrelated or weak)=0.97,typesafe-ai/jev,a4b41185524e,True
6fc36162-1e77-4f38-8ceb-82a18531940c,Innovative Approaches for Reducing Disparities in Kidney Health,forecast,strong,0.86,"{""moderate"": 0.13, ""strong"": 0.86, ""none"": 0, ""weak"": 0.01}",G1,1.0,"{""G1"": 1, ""G4"": 0, ""G3"": 0, ""none"": 0, ""G2"": 0, ""G5"": 0}",partner,0.44,"{""partner"": 0.44, ""atypical"": 0.15, ""lead"": 0.35, ""ineligible"": 0.05, ""unclear"": 0.01}",DPH,0.96,"{""DSOHF"": 0, ""ORH"": 0.01, ""DAGING"": 0, ""DMHDDSUS"": 0, ""DCFW"": 0, ""DSBDHH"": 0, ""DCDEE"": 0, ""DSS"": 0, ""DPH"": 0.96, ""DHSR"": 0, ""DEIPD"": 0, ""MEDICAID"": 0, ""OSEC"": 0, ""none"": 0.03}",0.95,0.79,0.8502,deep_review,not confidently irrelevant,typesafe-ai/jev,a4b41185524e,True
70263e11-944c-4395-b181-b937a0f57734,Biomedical Research Environment and Sponsored Programs Administration Development (BRE-SPAD) Program (UC2- Clinical Trial Not Allowed),open,weak,1.0,"{""weak"": 1, ""moderate"": 0, ""none"": 0, ""strong"": 0}",none,0.75,"{""G2"": 0, ""G1"": 0, ""G5"": 0.21, ""none"": 0.75, ""G4"": 0.04, ""G3"": 0}",atypical,0.5,"{""atypical"": 0.5, ""lead"": 0, ""unclear"": 0, ""partner"": 0.11, ""ineligible"": 0.39}",none,0.94,"{""DSBDHH"": 0, ""DCDEE"": 0, ""DHSR"": 0, ""none"": 0.94, ""DSOHF"": 0, ""DPH"": 0, ""DCFW"": 0, ""DAGING"": 0, ""MEDICAID"": 0, ""OSEC"": 0.04, ""DEIPD"": 0, ""DMHDDSUS"": 0, ""DSS"": 0, ""ORH"": 0.01}",0.3333,0.11,0.185,deprioritized,P(unrelated or weak)=1.00,typesafe-ai/jev,a4b41185524e,True
703509fe-0d61-4f19-9a44-59d02da62ba4,HEAL Initiative Whole Joint Health Program,forecast,weak,1.0,"{""none"": 0, ""weak"": 1, ""moderate"": 0, ""strong"": 0}",none,0.61,"{""G1"": 0.33, ""none"": 0.61, ""G5"": 0.02, ""G3"": 0.03, ""G2"": 0, ""G4"": 0.01}",atypical,0.73,"{""ineligible"": 0.01, ""partner"": 0.25, ""lead"": 0.01, ""atypical"": 0.73, ""unclear"": 0}",none,0.79,"{""OSEC"": 0, ""DPH"": 0.16, ""DSBDHH"": 0, ""ORH"": 0, ""DSS"": 0, ""DCFW"": 0, ""DEIPD"": 0, ""none"": 0.79, ""DMHDDSUS"": 0.02, ""MEDICAID"": 0.01, ""DCDEE"": 0, ""DAGING"": 0, ""DSOHF"": 0.01, ""DHSR"": 0.01}",0.3333,0.26,0.21,deprioritized,P(unrelated or weak)=1.00,typesafe-ai/jev,a4b41185524e,True
7055450d-1520-47c9-a1a4-0c654b4eadff,Translational Centers Using Microphysiologic Systems for Infectious Diseases,forecast,weak,0.98,"{""moderate"": 0.01, ""none"": 0, ""strong"": 0.01, ""weak"": 0.98}",none,0.58,"{""G1"": 0.02, ""G2"": 0, ""G3"": 0, ""G4"": 0.01, ""G5"": 0.39, ""none"": 0.58}",atypical,0.67,"{""atypical"": 0.67, ""ineligible"": 0.05, ""lead"": 0.01, ""partner"": 0.27, ""unclear"": 0}",DPH,0.53,"{""DAGING"": 0, ""DCDEE"": 0, ""DCFW"": 0, ""DEIPD"": 0, ""DHSR"": 0, ""DMHDDSUS"": 0, ""DPH"": 0.53, ""DSBDHH"": 0, ""DSOHF"": 0, ""DSS"": 0, ""MEDICAID"": 0, ""ORH"": 0, ""OSEC"": 0, ""none"": 0.47}",0.3433,0.28,0.2197,deprioritized,P(unrelated or weak)=0.98,typesafe-ai/jev,a4b41185524e,True
705f557f-8e45-4a72-a32b-6659c96c6a6f,Method to Extend Research in Time (MERIT) Award Extension Request (Type 4 eSubmission Clinical Trial Optional),open,weak,1.0,"{""moderate"": 0, ""weak"": 1, ""none"": 0, ""strong"": 0}",none,0.87,"{""G4"": 0.09, ""G1"": 0.03, ""G5"": 0.01, ""none"": 0.87, ""G2"": 0, ""G3"": 0}",atypical,0.94,"{""atypical"": 0.94, ""ineligible"": 0.01, ""lead"": 0, ""unclear"": 0, ""partner"": 0.05}",none,0.88,"{""MEDICAID"": 0, ""OSEC"": 0, ""DSS"": 0, ""DMHDDSUS"": 0, ""DHSR"": 0, ""none"": 0.88, ""DSOHF"": 0, ""DSBDHH"": 0, ""DCDEE"": 0, ""DEIPD"": 0, ""DCFW"": 0, ""DAGING"": 0, ""DPH"": 0.11, ""ORH"": 0.01}",0.3333,0.05,0.175,deprioritized,P(unrelated or weak)=1.00,typesafe-ai/jev,a4b41185524e,True
7088f3f8-0aad-4f2e-afa1-f53b59efa54d,Pediatric and Reproductive Environmental Health Scholars (PREHS) Program,forecast,weak,0.78,"{""weak"": 0.78, ""none"": 0, ""moderate"": 0.1, ""strong"": 0.12}",G4,0.63,"{""G4"": 0.63, ""G5"": 0, ""none"": 0.12, ""G1"": 0.02, ""G3"": 0, ""G2"": 0.23}",atypical,0.56,"{""partner"": 0.37, ""unclear"": 0, ""ineligible"": 0.04, ""lead"": 0.02, ""atypical"": 0.56}",DPH,0.86,"{""none"": 0.14, ""DMHDDSUS"": 0, ""DHSR"": 0, ""DSS"": 0, ""DCDEE"": 0, ""DEIPD"": 0, ""DCFW"": 0, ""ORH"": 0, ""DSOHF"": 0, ""DPH"": 0.86, ""OSEC"": 0, ""DAGING"": 0, ""DSBDHH"": 0, ""MEDICAID"": 0}",0.4467,0.39,0.3104,deep_review,not confidently irrelevant,typesafe-ai/jev,a4b41185524e,True
709d706d-461f-4ce1-bc94-72aaae2e4cde,New Investigator Grants to Conduct Research to Prevent Interpersonal Violence and Suicide Among Children and Adolescents (K01),forecast,weak,0.84,"{""strong"": 0.05, ""weak"": 0.84, ""none"": 0, ""moderate"": 0.11}",G2,0.58,"{""G4"": 0.05, ""none"": 0.18, ""G3"": 0.17, ""G2"": 0.58, ""G5"": 0.01, ""G1"": 0.01}",atypical,0.91,"{""unclear"": 0, ""ineligible"": 0.01, ""partner"": 0.08, ""lead"": 0, ""atypical"": 0.91}",DPH,0.67,"{""DSBDHH"": 0, ""DMHDDSUS"": 0.02, ""MEDICAID"": 0, ""none"": 0.25, ""DAGING"": 0, ""DEIPD"": 0, ""DSOHF"": 0, ""ORH"": 0, ""DCFW"": 0.05, ""OSEC"": 0, ""DPH"": 0.67, ""DHSR"": 0, ""DSS"": 0.01, ""DCDEE"": 0}",0.4033,0.08,0.2178,deep_review,not confidently irrelevant,typesafe-ai/jev,a4b41185524e,True
70e5bb00-3652-4fab-89e6-652ec4aa4ca1,NSF Astronomy and Astrophysics Postdoctoral Fellowships,open,none,1.0,"{""weak"": 0, ""none"": 1, ""strong"": 0, ""moderate"": 0}",none,1.0,"{""none"": 1, ""G5"": 0, ""G3"": 0, ""G4"": 0, ""G1"": 0, ""G2"": 0}",ineligible,0.83,"{""atypical"": 0.17, ""unclear"": 0, ""ineligible"": 0.83, ""lead"": 0, ""partner"": 0}",none,1.0,"{""ORH"": 0, ""DSOHF"": 0, ""DEIPD"": 0, ""DSBDHH"": 0, ""DAGING"": 0, ""DSS"": 0, ""MEDICAID"": 0, ""none"": 1, ""DCDEE"": 0, ""OSEC"": 0, ""DPH"": 0, ""DCFW"": 0, ""DMHDDSUS"": 0, ""DHSR"": 0}",0.0,0.0,0.0,deprioritized,P(unrelated)=1.00,typesafe-ai/jev,a4b41185524e,True
71b32b1f-dd0b-4409-9ba4-f933504b8a05,"DoW Bone Marrow Failure, Idea Development Award",open,weak,0.7,"{""moderate"": 0, ""strong"": 0, ""weak"": 0.7, ""none"": 0.3}",none,0.95,"{""none"": 0.95, ""G4"": 0.01, ""G5"": 0.02, ""G1"": 0.02, ""G2"": 0, ""G3"": 0}",atypical,0.92,"{""lead"": 0, ""partner"": 0.01, ""ineligible"": 0.04, ""unclear"": 0.03, ""atypical"": 0.92}",none,0.98,"{""DSOHF"": 0, ""DEIPD"": 0, ""DHSR"": 0, ""DAGING"": 0, ""MEDICAID"": 0, ""DCDEE"": 0, ""DMHDDSUS"": 0, ""none"": 0.98, ""DCFW"": 0, ""OSEC"": 0, ""DSS"": 0, ""DSBDHH"": 0, ""DPH"": 0.02, ""ORH"": 0}",0.2333,0.01,0.1178,deprioritized,P(unrelated or weak)=1.00,typesafe-ai/jev,a4b41185524e,True
71f5944d-49d5-42ec-b3fb-d35a9af3e7f6,NIH Pathway to Independence Award (Parent K99/R00  Independent Clinical Trial Not Allowed),open,weak,1.0,"{""moderate"": 0, ""weak"": 1, ""strong"": 0, ""none"": 0}",none,0.68,"{""G2"": 0, ""G3"": 0, ""none"": 0.68, ""G5"": 0, ""G4"": 0.32, ""G1"": 0}",atypical,0.94,"{""atypical"": 0.94, ""lead"": 0, ""partner"": 0.03, ""ineligible"": 0.03, ""unclear"": 0}",none,0.95,"{""DSBDHH"": 0, ""MEDICAID"": 0, ""DEIPD"": 0, ""OSEC"": 0.01, ""DCDEE"": 0, ""ORH"": 0.01, ""DHSR"": 0, ""DMHDDSUS"": 0.01, ""DPH"": 0.02, ""none"": 0.95, ""DSS"": 0, ""DSOHF"": 0, ""DCFW"": 0, ""DAGING"": 0}",0.3333,0.03,0.1717,deprioritized,P(unrelated or weak)=1.00,typesafe-ai/jev,a4b41185524e,True
721d5c2c-af72-4c33-8ce6-013b1e8ad59b,FAA Aviation Research Grants Program,open,none,0.98,"{""weak"": 0.02, ""moderate"": 0, ""none"": 0.98, ""strong"": 0}",none,0.98,"{""G3"": 0, ""G4"": 0, ""G2"": 0, ""G1"": 0, ""none"": 0.98, ""G5"": 0.02}",ineligible,0.81,"{""partner"": 0.06, ""unclear"": 0, ""atypical"": 0.13, ""ineligible"": 0.81, ""lead"": 0}",none,0.99,"{""DSBDHH"": 0, ""DCDEE"": 0, ""DAGING"": 0, ""none"": 0.99, ""DEIPD"": 0, ""DSOHF"": 0, ""DHSR"": 0.01, ""DCFW"": 0, ""MEDICAID"": 0, ""ORH"": 0, ""DPH"": 0, ""DMHDDSUS"": 0, ""DSS"": 0, ""OSEC"": 0}",0.0067,0.06,0.0035,deprioritized,P(unrelated)=0.98,typesafe-ai/jev,a4b41185524e,True
723b7985-22ad-4264-be88-518100618931,EPSCoR Research Infrastructure Improvement (RII): EPSCoR Research Fellows,open,none,0.79,"{""none"": 0.79, ""moderate"": 0, ""weak"": 0.21, ""strong"": 0}",none,0.87,"{""none"": 0.87, ""G2"": 0, ""G3"": 0, ""G1"": 0, ""G5"": 0.01, ""G4"": 0.12}",ineligible,0.74,"{""ineligible"": 0.74, ""lead"": 0, ""atypical"": 0.2, ""partner"": 0.06, ""unclear"": 0}",none,0.99,"{""DPH"": 0, ""DEIPD"": 0, ""OSEC"": 0.01, ""DAGING"": 0, ""MEDICAID"": 0, ""DSBDHH"": 0, ""ORH"": 0, ""DCDEE"": 0, ""none"": 0.99, ""DSS"": 0, ""DMHDDSUS"": 0, ""DHSR"": 0, ""DSOHF"": 0, ""DCFW"": 0}",0.07,0.06,0.0371,deprioritized,P(unrelated or weak)=1.00,typesafe-ai/jev,a4b41185524e,True
72610d49-3969-4f3f-8018-48f186c2c4dc,Secondary Analysis and Integration of Existing Data to Elucidate Cancer Risk and Related Outcomes (R01 Clinical Trial Not Allowed),open,weak,0.91,"{""weak"": 0.91, ""strong"": 0.01, ""moderate"": 0.08, ""none"": 0}",none,0.68,"{""G2"": 0, ""G4"": 0.01, ""G1"": 0.24, ""G5"": 0.07, ""G3"": 0, ""none"": 0.68}",atypical,0.55,"{""ineligible"": 0, ""unclear"": 0, ""partner"": 0.44, ""lead"": 0.01, ""atypical"": 0.55}",DPH,0.75,"{""OSEC"": 0.01, ""ORH"": 0, ""DSBDHH"": 0, ""DHSR"": 0, ""DMHDDSUS"": 0, ""DAGING"": 0, ""DPH"": 0.75, ""none"": 0.23, ""DCDEE"": 0.01, ""DCFW"": 0, ""DSS"": 0, ""DSOHF"": 0, ""DEIPD"": 0, ""MEDICAID"": 0}",0.3667,0.45,0.2658,deep_review,not confidently irrelevant,typesafe-ai/jev,a4b41185524e,True
7272573c-cbbc-40d5-9760-dc0ce718fecb,AIDS Research Center on Mental Health and HIV/AIDS (P30 Clinical Trial Optional),forecast,weak,0.98,"{""strong"": 0.01, ""moderate"": 0.01, ""none"": 0, ""weak"": 0.98}",G3,0.38,"{""G1"": 0.26, ""G5"": 0, ""G2"": 0, ""G3"": 0.38, ""none"": 0.35, ""G4"": 0.01}",partner,0.67,"{""partner"": 0.67, ""lead"": 0.01, ""unclear"": 0, ""atypical"": 0.32, ""ineligible"": 0}",none,0.44,"{""DMHDDSUS"": 0.39, ""ORH"": 0, ""DAGING"": 0, ""none"": 0.44, ""DEIPD"": 0, ""OSEC"": 0, ""DSBDHH"": 0, ""DSOHF"": 0.01, ""DCFW"": 0, ""MEDICAID"": 0, ""DPH"": 0.16, ""DCDEE"": 0, ""DSS"": 0, ""DHSR"": 0}",0.3433,0.68,0.2884,deprioritized,P(unrelated or weak)=0.98,typesafe-ai/jev,a4b41185524e,True
72bd1f82-d3f8-4226-872e-fc254dd21a6a,"Institute of Education Sciences (IES): National Center for Special Education Research (NCSER): Using Longitudinal Data to Support State Education Policymaking in Special Education, Assistance Listing Number (ALN) 84.324S",open,weak,0.59,"{""weak"": 0.59, ""strong"": 0.05, ""moderate"": 0.15, ""none"": 0.21}",none,0.48,"{""G5"": 0.11, ""G1"": 0.03, ""G4"": 0.05, ""G3"": 0, ""G2"": 0.33, ""none"": 0.48}",partner,0.79,"{""lead"": 0.05, ""partner"": 0.79, ""unclear"": 0, ""ineligible"": 0.1, ""atypical"": 0.06}",none,0.52,"{""OSEC"": 0.03, ""DPH"": 0, ""DSBDHH"": 0, ""DCDEE"": 0.11, ""DAGING"": 0, ""DSS"": 0, ""ORH"": 0, ""DMHDDSUS"": 0.02, ""DHSR"": 0, ""MEDICAID"": 0, ""DSOHF"": 0, ""DCFW"": 0.31, ""DEIPD"": 0.01, ""none"": 0.52}",0.3467,0.84,0.3189,deep_review,not confidently irrelevant,typesafe-ai/jev,a4b41185524e,True
72c16e90-9e1f-4fa0-8d67-db0423301955,Innovative Screening Approaches and Therapies for Screenable Disorders in Newborns (R01 - Clinical Trial Optional),open,weak,0.96,"{""moderate"": 0.03, ""weak"": 0.96, ""strong"": 0.01, ""none"": 0}",G2,0.77,"{""G2"": 0.77, ""G3"": 0, ""none"": 0.22, ""G5"": 0, ""G4"": 0, ""G1"": 0.01}",atypical,0.7,"{""atypical"": 0.7, ""lead"": 0.02, ""partner"": 0.28, ""ineligible"": 0, ""unclear"": 0}",DPH,0.64,"{""MEDICAID"": 0, ""DCDEE"": 0, ""DSBDHH"": 0, ""OSEC"": 0, ""DSOHF"": 0, ""ORH"": 0, ""DHSR"": 0, ""DSS"": 0, ""none"": 0.36, ""DPH"": 0.64, ""DMHDDSUS"": 0, ""DEIPD"": 0, ""DCFW"": 0, ""DAGING"": 0}",0.35,0.3,0.2275,deprioritized,P(unrelated or weak)=0.96,typesafe-ai/jev,a4b41185524e,True
72e1732b-ce47-49a4-98c0-8c04576cceff,Utilizing Real-World Data and Algorithmic Analyses to Assess Post-Market Clinical Outcomes in Patients Switching Amongst Therapeutically Equivalent Complex Generic Drug Products and Reference Listed Drugs (U01) Clinical Trial Not Allowed,forecast,weak,0.97,"{""weak"": 0.97, ""none"": 0, ""moderate"": 0.03, ""strong"": 0}",none,0.59,"{""none"": 0.59, ""G5"": 0.4, ""G4"": 0, ""G1"": 0.01, ""G3"": 0, ""G2"": 0}",atypical,0.56,"{""partner"": 0.44, ""unclear"": 0, ""ineligible"": 0, ""lead"": 0, ""atypical"": 0.56}",none,0.77,"{""none"": 0.77, ""DCFW"": 0, ""DHSR"": 0.03, ""DSS"": 0, ""DCDEE"": 0.01, ""DEIPD"": 0, ""DMHDDSUS"": 0, ""DSOHF"": 0, ""ORH"": 0, ""DPH"": 0.14, ""DAGING"": 0, ""OSEC"": 0.02, ""DSBDHH"": 0, ""MEDICAID"": 0.03}",0.3433,0.44,0.2472,deprioritized,P(unrelated or weak)=0.97,typesafe-ai/jev,a4b41185524e,True
73712c84-83f0-4442-8b58-7b75836a9596,Research Resource for a National Swine Resource and Research Center (U42 Clinical Trial Not Allowed),forecast,weak,0.99,"{""weak"": 0.99, ""moderate"": 0, ""none"": 0.01, ""strong"": 0}",none,0.93,"{""none"": 0.93, ""G3"": 0, ""G2"": 0, ""G4"": 0, ""G5"": 0.07, ""G1"": 0}",atypical,0.91,"{""ineligible"": 0.04, ""lead"": 0, ""atypical"": 0.91, ""partner"": 0.05, ""unclear"": 0}",none,0.97,"{""DEIPD"": 0, ""DCFW"": 0, ""DSBDHH"": 0, ""DAGING"": 0, ""MEDICAID"": 0, ""OSEC"": 0, ""ORH"": 0, ""DCDEE"": 0, ""none"": 0.97, ""DSS"": 0, ""DMHDDSUS"": 0, ""DHSR"": 0, ""DPH"": 0.03, ""DSOHF"": 0}",0.33,0.05,0.1732,deprioritized,P(unrelated or weak)=1.00,typesafe-ai/jev,a4b41185524e,True
73f39ef2-101c-4f6a-bf77-30ebea1d8474,Short Courses on Innovative Methodologies and Approaches in the Behavioral and Social Sciences (R25 Clinical Trials Not Allowed),open,weak,0.87,"{""strong"": 0.02, ""weak"": 0.87, ""none"": 0.01, ""moderate"": 0.1}",G4,0.59,"{""G4"": 0.59, ""none"": 0.3, ""G5"": 0.04, ""G2"": 0, ""G3"": 0.07, ""G1"": 0}",atypical,0.81,"{""unclear"": 0, ""ineligible"": 0, ""lead"": 0.02, ""partner"": 0.17, ""atypical"": 0.81}",none,0.65,"{""DSBDHH"": 0.01, ""DMHDDSUS"": 0.22, ""DSS"": 0, ""none"": 0.65, ""DCDEE"": 0, ""DEIPD"": 0, ""DSOHF"": 0, ""ORH"": 0.01, ""DPH"": 0.07, ""OSEC"": 0.03, ""DCFW"": 0, ""MEDICAID"": 0, ""DAGING"": 0, ""DHSR"": 0.01}",0.3767,0.19,0.2241,deep_review,not confidently irrelevant,typesafe-ai/jev,a4b41185524e,True
73ff0209-aa1f-4f73-a3fc-ee97ee3710cf,Ryan White HIV/AIDS Program Part B AIDS Drug Assistance Program Training and Technical Assistance,forecast,strong,0.97,"{""strong"": 0.97, ""moderate"": 0.03, ""weak"": 0, ""none"": 0}",G1,0.97,"{""G5"": 0.02, ""G3"": 0, ""G4"": 0, ""G1"": 0.97, ""G2"": 0, ""none"": 0.01}",lead,0.56,"{""lead"": 0.56, ""partner"": 0.31, ""atypical"": 0.07, ""ineligible"": 0, ""unclear"": 0.06}",DPH,0.85,"{""DCDEE"": 0, ""OSEC"": 0, ""ORH"": 0.01, ""DAGING"": 0, ""DMHDDSUS"": 0.09, ""DCFW"": 0, ""none"": 0.04, ""DPH"": 0.85, ""DSOHF"": 0, ""DSBDHH"": 0, ""DHSR"": 0, ""DEIPD"": 0, ""DSS"": 0, ""MEDICAID"": 0.01}",0.99,0.87,0.9257,deep_review,not confidently irrelevant,typesafe-ai/jev,a4b41185524e,True
74072dd0-e80a-4e5e-8c5c-910a52a60682,Collaborations to Enhance Drug Development and Regulatory Science,forecast,weak,0.99,"{""moderate"": 0.01, ""none"": 0, ""strong"": 0, ""weak"": 0.99}",none,0.69,"{""G3"": 0, ""G1"": 0.01, ""G2"": 0, ""G4"": 0.01, ""none"": 0.69, ""G5"": 0.29}",atypical,0.6,"{""unclear"": 0.02, ""lead"": 0.01, ""partner"": 0.37, ""atypical"": 0.6, ""ineligible"": 0}",none,0.76,"{""OSEC"": 0.03, ""DSS"": 0, ""DAGING"": 0, ""none"": 0.76, ""DCDEE"": 0.01, ""DMHDDSUS"": 0.02, ""DSOHF"": 0.01, ""DCFW"": 0, ""DSBDHH"": 0, ""DEIPD"": 0, ""ORH"": 0, ""MEDICAID"": 0.01, ""DHSR"": 0.08, ""DPH"": 0.08}",0.3367,0.38,0.2323,deprioritized,P(unrelated or weak)=0.99,typesafe-ai/jev,a4b41185524e,True
741f2935-18c1-4e3e-8f54-f30dc3a6ee80,Rural Maternity and Obstetrics Management Strategies Program,forecast,strong,0.91,"{""none"": 0, ""moderate"": 0.08, ""weak"": 0.01, ""strong"": 0.91}",G1,0.78,"{""G4"": 0, ""none"": 0.01, ""G1"": 0.78, ""G2"": 0.21, ""G3"": 0, ""G5"": 0}",partner,0.73,"{""unclear"": 0.07, ""ineligible"": 0, ""atypical"": 0.12, ""lead"": 0.08, ""partner"": 0.73}",ORH,0.69,"{""DCDEE"": 0, ""MEDICAID"": 0.01, ""DSS"": 0, ""DSBDHH"": 0, ""DPH"": 0.29, ""DSOHF"": 0, ""DAGING"": 0, ""none"": 0.01, ""OSEC"": 0, ""DEIPD"": 0, ""ORH"": 0.69, ""DCFW"": 0, ""DMHDDSUS"": 0, ""DHSR"": 0}",0.9667,0.81,0.8748,deep_review,not confidently irrelevant,typesafe-ai/jev,a4b41185524e,True
7472b3bc-2bef-4494-854d-146821158d74,Centers of Excellence (COE),forecast,weak,0.88,"{""moderate"": 0.05, ""strong"": 0.06, ""none"": 0.01, ""weak"": 0.88}",G4,0.62,"{""G5"": 0, ""G1"": 0.04, ""G2"": 0, ""G3"": 0, ""none"": 0.34, ""G4"": 0.62}",ineligible,0.6,"{""unclear"": 0, ""atypical"": 0.09, ""partner"": 0.31, ""ineligible"": 0.6, ""lead"": 0}",none,0.93,"{""DSBDHH"": 0, ""DSOHF"": 0, ""DCDEE"": 0, ""ORH"": 0.04, ""DAGING"": 0, ""DMHDDSUS"": 0.01, ""DPH"": 0.01, ""DEIPD"": 0, ""DHSR"": 0.01, ""MEDICAID"": 0, ""DCFW"": 0, ""none"": 0.93, ""OSEC"": 0, ""DSS"": 0}",0.3867,0.31,0.2533,deep_review,not confidently irrelevant,typesafe-ai/jev,a4b41185524e,True
74855e01-3250-4945-b023-e56dc75d4963,PDS Italy Annual Program Statement,forecast,none,1.0,"{""strong"": 0, ""none"": 1, ""moderate"": 0, ""weak"": 0}",none,1.0,"{""G3"": 0, ""G1"": 0, ""G2"": 0, ""G4"": 0, ""none"": 1, ""G5"": 0}",atypical,0.53,"{""unclear"": 0, ""lead"": 0.04, ""partner"": 0.03, ""atypical"": 0.53, ""ineligible"": 0.4}",none,0.99,"{""DCFW"": 0, ""DSS"": 0, ""DAGING"": 0, ""OSEC"": 0.01, ""DCDEE"": 0, ""MEDICAID"": 0, ""DSOHF"": 0, ""DPH"": 0, ""DSBDHH"": 0, ""none"": 0.99, ""ORH"": 0, ""DMHDDSUS"": 0, ""DHSR"": 0, ""DEIPD"": 0}",0.0,0.07,0.0,deprioritized,P(unrelated)=1.00,typesafe-ai/jev,a4b41185524e,True
748bc51b-4220-4298-ad1d-8071fb390b66,Martin Delaney Collaboratories for HIV Cure Research,forecast,weak,1.0,"{""none"": 0, ""strong"": 0, ""moderate"": 0, ""weak"": 1}",G1,0.51,"{""G3"": 0, ""none"": 0.44, ""G4"": 0.01, ""G1"": 0.51, ""G2"": 0.03, ""G5"": 0.01}",atypical,0.55,"{""unclear"": 0, ""partner"": 0.45, ""lead"": 0, ""ineligible"": 0, ""atypical"": 0.55}",none,0.61,"{""DMHDDSUS"": 0.01, ""none"": 0.61, ""DSS"": 0, ""OSEC"": 0, ""DSBDHH"": 0, ""DEIPD"": 0, ""DPH"": 0.37, ""ORH"": 0, ""MEDICAID"": 0, ""DCFW"": 0, ""DAGING"": 0, ""DCDEE"": 0.01, ""DSOHF"": 0, ""DHSR"": 0}",0.3333,0.45,0.2417,deprioritized,P(unrelated or weak)=1.00,typesafe-ai/jev,a4b41185524e,True
74c7ed49-a225-421f-aaed-af3139bd4fb9,Eviction Protection Grant Program,forecast,strong,0.45,"{""strong"": 0.45, ""moderate"": 0.36, ""none"": 0.02, ""weak"": 0.17}",G1,0.49,"{""G1"": 0.49, ""G5"": 0, ""G2"": 0.36, ""G3"": 0, ""G4"": 0, ""none"": 0.15}",partner,0.56,"{""partner"": 0.56, ""lead"": 0.04, ""unclear"": 0, ""atypical"": 0.39, ""ineligible"": 0.01}",DSS,0.58,"{""DCFW"": 0, ""ORH"": 0, ""OSEC"": 0, ""DMHDDSUS"": 0, ""DEIPD"": 0, ""none"": 0.41, ""DPH"": 0, ""DSOHF"": 0, ""DAGING"": 0.01, ""MEDICAID"": 0, ""DSBDHH"": 0, ""DCDEE"": 0, ""DSS"": 0.58, ""DHSR"": 0}",0.7467,0.6,0.5973,deep_review,not confidently irrelevant,typesafe-ai/jev,a4b41185524e,True
74cd709c-c350-4c08-a6b5-4045632749d6,Limited Competition: Biospecimen Banks to support NCI National Clinical Trials Network Biospecimen Banks (NCTN Biobanks) and the NCI Early-Phase and Experimental Clinical Trials Biospecimen Bank (EET Biobank) (U24 Clinical Trial Not Allowed),forecast,weak,1.0,"{""strong"": 0, ""moderate"": 0, ""none"": 0, ""weak"": 1}",none,0.95,"{""G5"": 0.04, ""G1"": 0.01, ""G2"": 0, ""G3"": 0, ""none"": 0.95, ""G4"": 0}",ineligible,0.76,"{""unclear"": 0, ""atypical"": 0.16, ""ineligible"": 0.76, ""partner"": 0.08, ""lead"": 0}",none,0.95,"{""DSBDHH"": 0, ""DSOHF"": 0, ""DCDEE"": 0, ""ORH"": 0, ""DAGING"": 0, ""DMHDDSUS"": 0, ""MEDICAID"": 0, ""DSS"": 0, ""DHSR"": 0, ""DEIPD"": 0, ""DPH"": 0.05, ""none"": 0.95, ""OSEC"": 0, ""DCFW"": 0}",0.3333,0.08,0.18,deprioritized,P(unrelated or weak)=1.00,typesafe-ai/jev,a4b41185524e,True
74fad140-f61b-4fa4-b94e-ac3d99134d77,Growing Research Access for Nationally Transformative Economic Development,open,none,0.68,"{""strong"": 0.01, ""weak"": 0.28, ""none"": 0.68, ""moderate"": 0.02}",none,0.49,"{""G3"": 0, ""G5"": 0.48, ""none"": 0.49, ""G2"": 0, ""G1"": 0, ""G4"": 0.03}",atypical,0.71,"{""partner"": 0.11, ""lead"": 0, ""atypical"": 0.71, ""unclear"": 0.18, ""ineligible"": 0}",none,0.76,"{""MEDICAID"": 0, ""OSEC"": 0.24, ""DMHDDSUS"": 0, ""DSS"": 0, ""DEIPD"": 0, ""DSBDHH"": 0, ""DHSR"": 0, ""DPH"": 0, ""ORH"": 0, ""DCFW"": 0, ""none"": 0.76, ""DSOHF"": 0, ""DCDEE"": 0, ""DAGING"": 0}",0.1167,0.11,0.0648,deprioritized,P(unrelated or weak)=0.96,typesafe-ai/jev,a4b41185524e,True
753762d3-a429-4720-9d59-f483298d5705,Exposomic Contributions to ADRD Pathology and Resilience,forecast,weak,1.0,"{""none"": 0, ""strong"": 0, ""moderate"": 0, ""weak"": 1}",none,0.66,"{""G3"": 0.03, ""none"": 0.66, ""G4"": 0.01, ""G1"": 0.3, ""G2"": 0, ""G5"": 0}",atypical,0.65,"{""unclear"": 0, ""atypical"": 0.65, ""lead"": 0.01, ""ineligible"": 0.05, ""partner"": 0.29}",none,0.61,"{""DMHDDSUS"": 0.02, ""none"": 0.61, ""OSEC"": 0, ""DSS"": 0, ""DSBDHH"": 0, ""DEIPD"": 0, ""MEDICAID"": 0, ""DAGING"": 0.03, ""DCDEE"": 0, ""ORH"": 0, ""DHSR"": 0, ""DPH"": 0.34, ""DCFW"": 0, ""DSOHF"": 0}",0.3333,0.3,0.2167,deprioritized,P(unrelated or weak)=1.00,typesafe-ai/jev,a4b41185524e,True
75c1d6c6-6f1e-46c7-84f1-1aaa0fc81bc2,Modular R01s in Cancer Control and Population Sciences (R01 Clinical Trial Optional),open,weak,0.76,"{""strong"": 0.03, ""moderate"": 0.21, ""none"": 0, ""weak"": 0.76}",G1,0.5,"{""G4"": 0.01, ""G5"": 0.01, ""G2"": 0, ""none"": 0.48, ""G1"": 0.5, ""G3"": 0}",atypical,0.61,"{""lead"": 0.01, ""partner"": 0.38, ""atypical"": 0.61, ""unclear"": 0, ""ineligible"": 0}",DPH,0.83,"{""DCFW"": 0, ""ORH"": 0, ""DAGING"": 0, ""OSEC"": 0, ""DEIPD"": 0, ""none"": 0.17, ""DPH"": 0.83, ""DSOHF"": 0, ""DSBDHH"": 0, ""MEDICAID"": 0, ""DMHDDSUS"": 0, ""DCDEE"": 0, ""DSS"": 0, ""DHSR"": 0}",0.4233,0.39,0.2942,deep_review,not confidently irrelevant,typesafe-ai/jev,a4b41185524e,True
75f811fc-1478-42ec-b72a-06c96c4ede29,Food and Agricultural Sciences National Needs Graduate and Postgraduate Fellowships,open,none,0.63,"{""weak"": 0.37, ""strong"": 0, ""moderate"": 0, ""none"": 0.63}",none,0.93,"{""G5"": 0, ""G4"": 0.07, ""G1"": 0, ""G2"": 0, ""none"": 0.93, ""G3"": 0}",ineligible,0.7,"{""unclear"": 0, ""atypical"": 0.24, ""ineligible"": 0.7, ""lead"": 0, ""partner"": 0.06}",none,0.99,"{""DHSR"": 0, ""DAGING"": 0, ""DEIPD"": 0, ""DCFW"": 0, ""MEDICAID"": 0, ""none"": 0.99, ""DCDEE"": 0, ""DMHDDSUS"": 0, ""OSEC"": 0, ""DPH"": 0, ""DSBDHH"": 0, ""DSOHF"": 0, ""DSS"": 0, ""ORH"": 0.01}",0.1233,0.06,0.0654,deprioritized,P(unrelated or weak)=1.00,typesafe-ai/jev,a4b41185524e,True
75fc5a54-3480-4e11-bdae-eb5d41a36797,FY 2021 - 2023 Economic Development RNTA,open,none,0.81,"{""none"": 0.81, ""weak"": 0.17, ""moderate"": 0.01, ""strong"": 0}",none,0.87,"{""none"": 0.87, ""G5"": 0.06, ""G4"": 0.07, ""G1"": 0, ""G3"": 0, ""G2"": 0}",atypical,0.59,"{""partner"": 0.33, ""unclear"": 0, ""ineligible"": 0.01, ""lead"": 0.07, ""atypical"": 0.59}",none,0.87,"{""DSBDHH"": 0, ""DSOHF"": 0, ""DHSR"": 0, ""DSS"": 0, ""DCDEE"": 0.09, ""DEIPD"": 0.01, ""none"": 0.87, ""DCFW"": 0, ""ORH"": 0.01, ""DPH"": 0, ""OSEC"": 0.02, ""DAGING"": 0, ""DMHDDSUS"": 0, ""MEDICAID"": 0}",0.0633,0.4,0.0443,deprioritized,P(unrelated or weak)=0.98,typesafe-ai/jev,a4b41185524e,True
76e69002-8eff-4020-877e-6185de52139e,Continuing Human Enabling Enhancing Restoring and Sustaining,open,none,0.9,"{""none"": 0.9, ""weak"": 0.1, ""moderate"": 0, ""strong"": 0}",none,0.99,"{""G1"": 0, ""G2"": 0, ""G3"": 0, ""G4"": 0, ""G5"": 0.01, ""none"": 0.99}",atypical,0.86,"{""lead"": 0, ""partner"": 0.01, ""atypical"": 0.86, ""ineligible"": 0.12, ""unclear"": 0.01}",none,0.99,"{""DPH"": 0.01, ""DMHDDSUS"": 0, ""MEDICAID"": 0, ""DCFW"": 0, ""DSS"": 0, ""DAGING"": 0, ""DCDEE"": 0, ""ORH"": 0, ""DEIPD"": 0, ""DSBDHH"": 0, ""DHSR"": 0, ""DSOHF"": 0, ""OSEC"": 0, ""none"": 0.99}",0.0333,0.01,0.0168,deprioritized,P(unrelated)=0.90,typesafe-ai/jev,a4b41185524e,True
770eae58-b245-4431-a4b8-7b1aca9e917f,Title X Family Planning Services Grants,open,strong,0.95,"{""weak"": 0.01, ""strong"": 0.95, ""none"": 0, ""moderate"": 0.04}",G1,0.79,"{""G2"": 0.19, ""G5"": 0, ""G4"": 0, ""none"": 0.02, ""G1"": 0.79, ""G3"": 0}",partner,0.36,"{""lead"": 0.26, ""partner"": 0.36, ""atypical"": 0.33, ""ineligible"": 0.04, ""unclear"": 0.01}",DPH,0.91,"{""DCDEE"": 0, ""MEDICAID"": 0, ""DMHDDSUS"": 0, ""DSBDHH"": 0, ""DSOHF"": 0, ""DSS"": 0, ""OSEC"": 0, ""DPH"": 0.91, ""DCFW"": 0.01, ""DEIPD"": 0, ""DHSR"": 0.01, ""none"": 0.05, ""ORH"": 0.02, ""DAGING"": 0}",0.98,0.62,0.7938,deep_review,not confidently irrelevant,typesafe-ai/jev,a4b41185524e,True
77942f5d-0b5f-4656-bfd7-a6148b1624a4,Limited Competition: Centers of Biomedical Research Excellence: Expansion/Sustainability Phases (COBRE-E/S) (P30 - Clinical Trial Not Allowed),open,weak,0.98,"{""strong"": 0, ""moderate"": 0, ""none"": 0.02, ""weak"": 0.98}",none,0.95,"{""G4"": 0.04, ""G5"": 0.01, ""none"": 0.95, ""G1"": 0, ""G3"": 0, ""G2"": 0}",atypical,0.53,"{""atypical"": 0.53, ""ineligible"": 0.41, ""lead"": 0, ""unclear"": 0, ""partner"": 0.06}",none,0.99,"{""DSOHF"": 0, ""DMHDDSUS"": 0, ""DPH"": 0, ""MEDICAID"": 0, ""ORH"": 0, ""DSS"": 0, ""DCFW"": 0, ""DCDEE"": 0, ""DSBDHH"": 0, ""DHSR"": 0, ""DEIPD"": 0, ""DAGING"": 0, ""none"": 0.99, ""OSEC"": 0.01}",0.3267,0.06,0.1731,deprioritized,P(unrelated or weak)=1.00,typesafe-ai/jev,a4b41185524e,True
77b51e1b-4047-41fc-85d5-a6ac7ca20dc3,National Indian Health Outreach and Education,forecast,weak,0.84,"{""none"": 0.11, ""weak"": 0.84, ""moderate"": 0.03, ""strong"": 0.02}",none,0.76,"{""none"": 0.76, ""G5"": 0, ""G4"": 0, ""G1"": 0.24, ""G3"": 0, ""G2"": 0}",ineligible,0.91,"{""partner"": 0.06, ""unclear"": 0, ""ineligible"": 0.91, ""lead"": 0, ""atypical"": 0.03}",none,0.96,"{""DCFW"": 0, ""DMHDDSUS"": 0, ""DHSR"": 0, ""DSS"": 0, ""DCDEE"": 0, ""DEIPD"": 0, ""DSOHF"": 0, ""ORH"": 0.01, ""none"": 0.96, ""DPH"": 0.03, ""DAGING"": 0, ""OSEC"": 0, ""DSBDHH"": 0, ""MEDICAID"": 0}",0.32,0.06,0.1696,deprioritized,P(unrelated or weak)=0.95,typesafe-ai/jev,a4b41185524e,True
7839275b-3a58-42a2-8fd5-d75a3f977771,"Electronics, Photonics and Magnetic Devices",open,weak,0.52,"{""moderate"": 0, ""strong"": 0, ""none"": 0.48, ""weak"": 0.52}",none,0.94,"{""G5"": 0.06, ""G1"": 0, ""G2"": 0, ""G3"": 0, ""none"": 0.94, ""G4"": 0}",atypical,0.96,"{""unclear"": 0.03, ""atypical"": 0.96, ""partner"": 0.01, ""ineligible"": 0, ""lead"": 0}",none,1.0,"{""DSBDHH"": 0, ""DSOHF"": 0, ""DCDEE"": 0, ""ORH"": 0, ""DAGING"": 0, ""DMHDDSUS"": 0, ""DPH"": 0, ""DEIPD"": 0, ""DHSR"": 0, ""DSS"": 0, ""MEDICAID"": 0, ""none"": 1, ""OSEC"": 0, ""DCFW"": 0}",0.1733,0.01,0.0875,deprioritized,P(unrelated or weak)=1.00,typesafe-ai/jev,a4b41185524e,True
785bf1c9-11f8-4133-b550-70bcd2df50a2,National Training Center for Title X and Teen Pregnancy Prevention (TPP),forecast,strong,0.81,"{""weak"": 0.04, ""strong"": 0.81, ""none"": 0, ""moderate"": 0.15}",G2,0.5,"{""G3"": 0, ""G5"": 0.06, ""G1"": 0.13, ""G2"": 0.5, ""G4"": 0.07, ""none"": 0.24}",partner,0.54,"{""ineligible"": 0.07, ""partner"": 0.54, ""unclear"": 0.02, ""lead"": 0.1, ""atypical"": 0.27}",DPH,0.86,"{""DAGING"": 0, ""DPH"": 0.86, ""ORH"": 0.01, ""DHSR"": 0.01, ""DCFW"": 0.04, ""MEDICAID"": 0, ""OSEC"": 0, ""DMHDDSUS"": 0, ""DCDEE"": 0, ""DSS"": 0, ""DSOHF"": 0, ""DSBDHH"": 0, ""none"": 0.08, ""DEIPD"": 0}",0.9233,0.64,0.7571,deep_review,not confidently irrelevant,typesafe-ai/jev,a4b41185524e,True
78db6f0b-a0e9-4be9-8552-1b5591b5bc93,"NSF Small Business Innovation Research / Small Business Technology Transfer Phase I, Phase II, Fast-Track Programs: A Pilot Emphasis on Scientific Instrumentation",open,none,0.79,"{""moderate"": 0, ""weak"": 0.21, ""none"": 0.79, ""strong"": 0}",none,0.93,"{""G4"": 0, ""G1"": 0, ""G2"": 0, ""none"": 0.93, ""G3"": 0, ""G5"": 0.07}",ineligible,0.55,"{""unclear"": 0, ""lead"": 0, ""atypical"": 0.44, ""partner"": 0.01, ""ineligible"": 0.55}",none,1.0,"{""DCDEE"": 0, ""DSOHF"": 0, ""ORH"": 0, ""DSS"": 0, ""DPH"": 0, ""DCFW"": 0, ""none"": 1, ""DEIPD"": 0, ""MEDICAID"": 0, ""DSBDHH"": 0, ""DMHDDSUS"": 0, ""DHSR"": 0, ""DAGING"": 0, ""OSEC"": 0}",0.07,0.01,0.0353,deprioritized,P(unrelated or weak)=1.00,typesafe-ai/jev,a4b41185524e,True
790f847d-65a1-4a11-949a-b239a1b4d4d4,Expanding global health security through local partnerships in Nigeria,open,weak,0.94,"{""weak"": 0.94, ""moderate"": 0, ""none"": 0.06, ""strong"": 0}",none,0.99,"{""G5"": 0.01, ""G3"": 0, ""none"": 0.99, ""G4"": 0, ""G1"": 0, ""G2"": 0}",atypical,0.48,"{""lead"": 0.04, ""partner"": 0.3, ""ineligible"": 0.13, ""atypical"": 0.48, ""unclear"": 0.05}",none,0.72,"{""DHSR"": 0, ""DSS"": 0, ""DPH"": 0.28, ""OSEC"": 0, ""DMHDDSUS"": 0, ""DCFW"": 0, ""DCDEE"": 0, ""DEIPD"": 0, ""DAGING"": 0, ""DSBDHH"": 0, ""none"": 0.72, ""DSOHF"": 0, ""ORH"": 0, ""MEDICAID"": 0}",0.3133,0.34,0.2099,deprioritized,P(unrelated or weak)=1.00,typesafe-ai/jev,a4b41185524e,True
791709d3-a2a6-428b-b94d-d4ba3f57d3ce,Counter Wildlife Trafficking NOFO,forecast,none,1.0,"{""moderate"": 0, ""none"": 1, ""weak"": 0, ""strong"": 0}",none,1.0,"{""G4"": 0, ""G1"": 0, ""G3"": 0, ""G5"": 0, ""G2"": 0, ""none"": 1}",ineligible,0.65,"{""unclear"": 0, ""ineligible"": 0.65, ""atypical"": 0.29, ""partner"": 0.05, ""lead"": 0.01}",none,1.0,"{""DCFW"": 0, ""MEDICAID"": 0, ""DCDEE"": 0, ""none"": 1, ""DAGING"": 0, ""DHSR"": 0, ""DSS"": 0, ""DSBDHH"": 0, ""OSEC"": 0, ""DMHDDSUS"": 0, ""DPH"": 0, ""DEIPD"": 0, ""DSOHF"": 0, ""ORH"": 0}",0.0,0.06,0.0,deprioritized,P(unrelated)=1.00,typesafe-ai/jev,a4b41185524e,True
793e4716-44ff-4f29-9a06-326f00e9bae9,Mathematical Sciences Postdoctoral Research Fellowships,open,none,0.92,"{""strong"": 0, ""moderate"": 0, ""none"": 0.92, ""weak"": 0.08}",none,0.99,"{""G1"": 0, ""G3"": 0, ""G2"": 0, ""none"": 0.99, ""G5"": 0, ""G4"": 0.01}",atypical,0.5,"{""partner"": 0.01, ""ineligible"": 0.49, ""lead"": 0, ""atypical"": 0.5, ""unclear"": 0}",none,0.99,"{""DSOHF"": 0, ""DCFW"": 0, ""DSBDHH"": 0, ""DEIPD"": 0, ""MEDICAID"": 0, ""DAGING"": 0, ""ORH"": 0, ""DHSR"": 0, ""DSS"": 0, ""DMHDDSUS"": 0, ""none"": 0.99, ""DCDEE"": 0, ""DPH"": 0, ""OSEC"": 0.01}",0.0267,0.01,0.0135,deprioritized,P(unrelated)=0.92,typesafe-ai/jev,a4b41185524e,True
7946beab-e132-4137-9fd4-aba8e0af3bf4,"DoW Spinal Cord Injury, Translational Research Award",open,weak,0.83,"{""weak"": 0.83, ""moderate"": 0, ""none"": 0.17, ""strong"": 0}",none,0.57,"{""none"": 0.57, ""G3"": 0, ""G2"": 0, ""G1"": 0.43, ""G5"": 0, ""G4"": 0}",atypical,0.78,"{""ineligible"": 0, ""lead"": 0, ""atypical"": 0.78, ""partner"": 0.14, ""unclear"": 0.08}",none,0.83,"{""DSOHF"": 0.02, ""DEIPD"": 0.07, ""DSBDHH"": 0, ""DAGING"": 0, ""MEDICAID"": 0, ""OSEC"": 0, ""ORH"": 0, ""DCDEE"": 0, ""none"": 0.83, ""DSS"": 0, ""DMHDDSUS"": 0.01, ""DCFW"": 0, ""DPH"": 0.06, ""DHSR"": 0.01}",0.2767,0.14,0.1577,deprioritized,P(unrelated or weak)=1.00,typesafe-ai/jev,a4b41185524e,True
79bade5f-509e-483b-9823-3efc52c2f3c5,Forecast for NIH Blueprint and BRAIN Initiative ACTION Potential Program (F99/K00 Clinical Trial Not Allowed),forecast,weak,1.0,"{""weak"": 1, ""strong"": 0, ""moderate"": 0, ""none"": 0}",none,0.75,"{""none"": 0.75, ""G3"": 0.01, ""G5"": 0, ""G1"": 0, ""G2"": 0, ""G4"": 0.24}",atypical,0.98,"{""partner"": 0.02, ""lead"": 0, ""ineligible"": 0, ""atypical"": 0.98, ""unclear"": 0}",none,0.97,"{""MEDICAID"": 0, ""none"": 0.97, ""DHSR"": 0, ""DAGING"": 0, ""DSOHF"": 0, ""DCDEE"": 0, ""DMHDDSUS"": 0.01, ""DPH"": 0.02, ""OSEC"": 0, ""DCFW"": 0, ""DSS"": 0, ""DSBDHH"": 0, ""DEIPD"": 0, ""ORH"": 0}",0.3333,0.02,0.17,deprioritized,P(unrelated or weak)=1.00,typesafe-ai/jev,a4b41185524e,True
79e5ec41-4617-4aba-b2c7-2e5246e3b5e5,Improving global health security in Côte d'Ivoire to stop the spread of infectious disease,open,weak,0.95,"{""weak"": 0.95, ""moderate"": 0, ""strong"": 0.01, ""none"": 0.04}",none,0.94,"{""G5"": 0.01, ""G4"": 0.01, ""G1"": 0.04, ""G2"": 0, ""G3"": 0, ""none"": 0.94}",partner,0.6,"{""ineligible"": 0.01, ""unclear"": 0.09, ""partner"": 0.6, ""lead"": 0.06, ""atypical"": 0.24}",DPH,0.7,"{""OSEC"": 0, ""ORH"": 0, ""DPH"": 0.7, ""DMHDDSUS"": 0, ""DHSR"": 0, ""DSBDHH"": 0, ""DAGING"": 0, ""DCDEE"": 0, ""none"": 0.3, ""DCFW"": 0, ""MEDICAID"": 0, ""DSOHF"": 0, ""DEIPD"": 0, ""DSS"": 0}",0.3267,0.66,0.2711,deprioritized,P(unrelated or weak)=0.99,typesafe-ai/jev,a4b41185524e,True
7a4a9822-f39f-464d-8a1d-d941afaebcdf,The NIA Genetics of Alzheimer's Disease Data Storage Site (NIAGADS),forecast,weak,0.96,"{""strong"": 0.01, ""none"": 0.01, ""moderate"": 0.02, ""weak"": 0.96}",none,0.63,"{""none"": 0.63, ""G3"": 0, ""G5"": 0.36, ""G2"": 0, ""G1"": 0.01, ""G4"": 0}",atypical,0.73,"{""ineligible"": 0.05, ""unclear"": 0, ""lead"": 0.01, ""atypical"": 0.73, ""partner"": 0.21}",none,0.75,"{""OSEC"": 0.09, ""DCDEE"": 0, ""DSS"": 0, ""DEIPD"": 0, ""DSBDHH"": 0, ""DAGING"": 0.12, ""DMHDDSUS"": 0, ""DCFW"": 0, ""none"": 0.75, ""MEDICAID"": 0, ""DPH"": 0.04, ""ORH"": 0, ""DSOHF"": 0, ""DHSR"": 0}",0.3433,0.22,0.2094,deprioritized,P(unrelated or weak)=0.97,typesafe-ai/jev,a4b41185524e,True
7a53fbb5-1fa8-4b03-b27f-e6b1469630bc,Denver FY 2021 – FY 2023 EDA Planning and Local Technical Assistance,open,none,0.79,"{""weak"": 0.18, ""moderate"": 0.02, ""none"": 0.79, ""strong"": 0.01}",none,0.88,"{""none"": 0.88, ""G3"": 0, ""G2"": 0, ""G4"": 0.07, ""G5"": 0.05, ""G1"": 0}",atypical,0.54,"{""ineligible"": 0.01, ""lead"": 0.15, ""atypical"": 0.54, ""partner"": 0.3, ""unclear"": 0}",none,0.95,"{""DHSR"": 0, ""DSS"": 0, ""OSEC"": 0.01, ""DAGING"": 0, ""MEDICAID"": 0, ""DSBDHH"": 0, ""ORH"": 0, ""DCDEE"": 0.03, ""none"": 0.95, ""DEIPD"": 0.01, ""DMHDDSUS"": 0, ""DCFW"": 0, ""DPH"": 0, ""DSOHF"": 0}",0.0833,0.45,0.0604,deprioritized,P(unrelated or weak)=0.97,typesafe-ai/jev,a4b41185524e,True
7aa0406b-a619-4e48-ac77-e9519620136d,U.S. Exchange Alumni Summit Bangladesh 2024,forecast,none,1.0,"{""moderate"": 0, ""none"": 1, ""strong"": 0, ""weak"": 0}",none,1.0,"{""G1"": 0, ""G2"": 0, ""G3"": 0, ""G4"": 0, ""G5"": 0, ""none"": 1}",ineligible,0.81,"{""atypical"": 0.13, ""ineligible"": 0.81, ""lead"": 0, ""partner"": 0.06, ""unclear"": 0}",none,1.0,"{""DAGING"": 0, ""DCDEE"": 0, ""DCFW"": 0, ""DEIPD"": 0, ""DHSR"": 0, ""DMHDDSUS"": 0, ""DPH"": 0, ""DSBDHH"": 0, ""DSOHF"": 0, ""DSS"": 0, ""MEDICAID"": 0, ""ORH"": 0, ""OSEC"": 0, ""none"": 1}",0.0,0.06,0.0,deprioritized,P(unrelated)=1.00,typesafe-ai/jev,a4b41185524e,True
7ab09c50-d4d8-4057-8347-d96c5cbc05cd,Developing novel theory and methods for understanding the genetic architecture of complex human traits (R21 Clinical Trial Not Allowed),open,weak,1.0,"{""strong"": 0, ""moderate"": 0, ""none"": 0, ""weak"": 1}",none,0.95,"{""G2"": 0, ""G4"": 0.01, ""none"": 0.95, ""G1"": 0.01, ""G3"": 0, ""G5"": 0.03}",atypical,0.88,"{""lead"": 0, ""unclear"": 0, ""ineligible"": 0, ""partner"": 0.12, ""atypical"": 0.88}",none,0.83,"{""DCDEE"": 0.01, ""DSBDHH"": 0, ""none"": 0.83, ""DPH"": 0.16, ""DCFW"": 0, ""DMHDDSUS"": 0, ""DSOHF"": 0, ""MEDICAID"": 0, ""ORH"": 0, ""DSS"": 0, ""DHSR"": 0, ""OSEC"": 0, ""DEIPD"": 0, ""DAGING"": 0}",0.3333,0.12,0.1867,deprioritized,P(unrelated or weak)=1.00,typesafe-ai/jev,a4b41185524e,True
7b438dcc-74fd-44b7-bb2e-fb6c5b92f391,HIV Care Grant Program - Part B States/Territories Formula and AIDS Drug Assistance Program Formula and AIDS Drug Assistance Program Supplemental Awards: Pacific Islands Jurisdictions,forecast,strong,0.59,"{""moderate"": 0.14, ""strong"": 0.59, ""weak"": 0.18, ""none"": 0.09}",none,0.84,"{""G5"": 0, ""G4"": 0, ""G1"": 0.16, ""G2"": 0, ""none"": 0.84, ""G3"": 0}",ineligible,0.94,"{""unclear"": 0, ""lead"": 0.06, ""ineligible"": 0.94, ""atypical"": 0, ""partner"": 0}",none,0.83,"{""DPH"": 0.16, ""MEDICAID"": 0, ""DEIPD"": 0, ""DHSR"": 0, ""DMHDDSUS"": 0.01, ""none"": 0.83, ""DCDEE"": 0, ""DSOHF"": 0, ""OSEC"": 0, ""DAGING"": 0, ""DSBDHH"": 0, ""DCFW"": 0, ""DSS"": 0, ""ORH"": 0}",0.7433,0.06,0.394,deprioritized,P(ineligible)=0.94,typesafe-ai/jev,a4b41185524e,True
7b7624ef-1ddc-4039-a04c-f50a7488315e,National Space Grant College and Fellowship Program - Opportunities in NASA STEM FY 2020 – 2024,open,none,1.0,"{""moderate"": 0, ""weak"": 0, ""strong"": 0, ""none"": 1}",none,0.85,"{""G2"": 0, ""G3"": 0, ""G5"": 0, ""G4"": 0.15, ""none"": 0.85, ""G1"": 0}",ineligible,0.52,"{""atypical"": 0.39, ""partner"": 0.09, ""unclear"": 0, ""ineligible"": 0.52, ""lead"": 0}",none,0.98,"{""none"": 0.98, ""ORH"": 0, ""DCFW"": 0, ""DSBDHH"": 0, ""DPH"": 0, ""DSS"": 0, ""DAGING"": 0, ""MEDICAID"": 0, ""DSOHF"": 0, ""DMHDDSUS"": 0, ""DEIPD"": 0, ""DCDEE"": 0.01, ""OSEC"": 0.01, ""DHSR"": 0}",0.0,0.09,0.0,deprioritized,P(unrelated)=1.00,typesafe-ai/jev,a4b41185524e,True
7b85616a-e7b4-4c39-a71a-5269c238a9f6,"Leveraging Network Infrastructure to Conduct Innovative Research for Women, Children, Pregnant and Lactating Women, and Persons with Disabilities (UG3/UH3 - Clinical Trial Optional)",open,weak,0.98,"{""moderate"": 0.02, ""none"": 0, ""strong"": 0, ""weak"": 0.98}",G1,0.5,"{""G2"": 0.18, ""G3"": 0, ""none"": 0.31, ""G1"": 0.5, ""G4"": 0, ""G5"": 0.01}",atypical,0.72,"{""atypical"": 0.72, ""lead"": 0.01, ""partner"": 0.27, ""ineligible"": 0, ""unclear"": 0}",none,0.58,"{""DSBDHH"": 0, ""MEDICAID"": 0, ""DEIPD"": 0, ""OSEC"": 0, ""DCDEE"": 0, ""DHSR"": 0.01, ""ORH"": 0.01, ""DMHDDSUS"": 0.01, ""DPH"": 0.39, ""DSS"": 0, ""none"": 0.58, ""DSOHF"": 0, ""DCFW"": 0, ""DAGING"": 0}",0.34,0.28,0.2176,deprioritized,P(unrelated or weak)=0.98,typesafe-ai/jev,a4b41185524e,True
7b8c53c5-0182-4512-a98f-737d16aebeb4,Biological Oceanography (BioOce),open,none,0.79,"{""moderate"": 0, ""none"": 0.79, ""strong"": 0, ""weak"": 0.21}",none,1.0,"{""G1"": 0, ""G2"": 0, ""G3"": 0, ""G4"": 0, ""G5"": 0, ""none"": 1}",atypical,0.88,"{""atypical"": 0.88, ""ineligible"": 0, ""lead"": 0, ""partner"": 0.03, ""unclear"": 0.09}",none,0.94,"{""DAGING"": 0, ""DCDEE"": 0, ""DCFW"": 0, ""DEIPD"": 0, ""DHSR"": 0, ""DMHDDSUS"": 0, ""DPH"": 0.06, ""DSBDHH"": 0, ""DSOHF"": 0, ""DSS"": 0, ""MEDICAID"": 0, ""ORH"": 0, ""OSEC"": 0, ""none"": 0.94}",0.07,0.03,0.036,deprioritized,P(unrelated or weak)=1.00,typesafe-ai/jev,a4b41185524e,True
7bc94704-2c21-4603-8009-e164e00386d0,Facility and Instrumentation Request Process,open,none,0.93,"{""moderate"": 0, ""none"": 0.93, ""strong"": 0, ""weak"": 0.07}",none,0.99,"{""G1"": 0, ""G2"": 0, ""G3"": 0, ""G4"": 0, ""G5"": 0.01, ""none"": 0.99}",atypical,0.88,"{""atypical"": 0.88, ""ineligible"": 0, ""lead"": 0, ""partner"": 0.03, ""unclear"": 0.09}",none,0.96,"{""DAGING"": 0, ""DCDEE"": 0, ""DCFW"": 0, ""DEIPD"": 0, ""DHSR"": 0, ""DMHDDSUS"": 0, ""DPH"": 0.04, ""DSBDHH"": 0, ""DSOHF"": 0, ""DSS"": 0, ""MEDICAID"": 0, ""ORH"": 0, ""OSEC"": 0, ""none"": 0.96}",0.0233,0.03,0.012,deprioritized,P(unrelated)=0.93,typesafe-ai/jev,a4b41185524e,True
7be8c36d-5f71-4ae7-8201-8dca6b6f5fe1,Archaeometry,open,none,0.99,"{""moderate"": 0, ""none"": 0.99, ""strong"": 0, ""weak"": 0.01}",none,1.0,"{""G3"": 0, ""G1"": 0, ""G2"": 0, ""G4"": 0, ""none"": 1, ""G5"": 0}",atypical,0.89,"{""unclear"": 0, ""lead"": 0, ""partner"": 0.01, ""atypical"": 0.89, ""ineligible"": 0.1}",none,1.0,"{""DAGING"": 0, ""DSS"": 0, ""DPH"": 0, ""MEDICAID"": 0, ""DCDEE"": 0, ""OSEC"": 0, ""DSOHF"": 0, ""DCFW"": 0, ""DEIPD"": 0, ""DSBDHH"": 0, ""ORH"": 0, ""none"": 1, ""DHSR"": 0, ""DMHDDSUS"": 0}",0.0033,0.01,0.0017,deprioritized,P(unrelated)=0.99,typesafe-ai/jev,a4b41185524e,True
7c4d90dc-e86e-4e90-bad2-7734bd75dc31,"DoW Breast Cancer, Breakthrough Award Level 3",open,weak,0.85,"{""moderate"": 0, ""strong"": 0, ""none"": 0.15, ""weak"": 0.85}",none,0.8,"{""G4"": 0.01, ""G1"": 0.19, ""none"": 0.8, ""G5"": 0, ""G2"": 0, ""G3"": 0}",atypical,0.92,"{""atypical"": 0.92, ""ineligible"": 0, ""lead"": 0, ""unclear"": 0.06, ""partner"": 0.02}",none,0.83,"{""MEDICAID"": 0, ""OSEC"": 0, ""DAGING"": 0, ""none"": 0.83, ""DHSR"": 0, ""DMHDDSUS"": 0, ""DEIPD"": 0, ""DSBDHH"": 0, ""DCDEE"": 0, ""DSOHF"": 0, ""DCFW"": 0, ""DSS"": 0, ""DPH"": 0.17, ""ORH"": 0}",0.2833,0.02,0.1445,deprioritized,P(unrelated or weak)=1.00,typesafe-ai/jev,a4b41185524e,True
7cdf8bba-1af0-452e-8f38-1b8d79786c69,U.S. National Science Foundation State and Regional Artificial Intelligence Infrastructure Hubs:,open,none,0.82,"{""weak"": 0.17, ""moderate"": 0.01, ""none"": 0.82, ""strong"": 0}",none,0.74,"{""G1"": 0, ""G3"": 0, ""G2"": 0, ""none"": 0.74, ""G5"": 0.21, ""G4"": 0.05}",ineligible,0.63,"{""partner"": 0.29, ""lead"": 0, ""ineligible"": 0.63, ""atypical"": 0.08, ""unclear"": 0}",none,0.92,"{""DSOHF"": 0, ""DCFW"": 0, ""DSBDHH"": 0, ""DSS"": 0, ""DEIPD"": 0, ""ORH"": 0, ""MEDICAID"": 0, ""DHSR"": 0, ""OSEC"": 0.08, ""DMHDDSUS"": 0, ""none"": 0.92, ""DPH"": 0, ""DCDEE"": 0, ""DAGING"": 0}",0.0633,0.29,0.0409,deprioritized,P(unrelated or weak)=0.99,typesafe-ai/jev,a4b41185524e,True
7ceb414d-faf3-4792-a2ed-9b4f5075be14,Chemical Evolution of the Solid Earth and Volcanology,open,none,0.99,"{""weak"": 0.01, ""moderate"": 0, ""none"": 0.99, ""strong"": 0}",none,1.0,"{""G1"": 0, ""G2"": 0, ""G5"": 0, ""G4"": 0, ""none"": 1, ""G3"": 0}",ineligible,0.91,"{""unclear"": 0, ""lead"": 0, ""partner"": 0.01, ""atypical"": 0.08, ""ineligible"": 0.91}",none,1.0,"{""DMHDDSUS"": 0, ""ORH"": 0, ""DSOHF"": 0, ""DSBDHH"": 0, ""DHSR"": 0, ""DPH"": 0, ""DAGING"": 0, ""DCFW"": 0, ""DEIPD"": 0, ""DCDEE"": 0, ""MEDICAID"": 0, ""OSEC"": 0, ""none"": 1, ""DSS"": 0}",0.0033,0.01,0.0017,deprioritized,P(unrelated)=0.99,typesafe-ai/jev,a4b41185524e,True
7cf4ba90-dba8-4cfd-bc31-5baeb10bea5f,Mentored Clinical Scientist Research Career Development Award (Parent K08  Independent Clinical Trial Not Allowed),open,weak,1.0,"{""strong"": 0, ""moderate"": 0, ""none"": 0, ""weak"": 1}",none,0.63,"{""G4"": 0.36, ""G1"": 0.01, ""G5"": 0, ""none"": 0.63, ""G2"": 0, ""G3"": 0}",atypical,0.93,"{""atypical"": 0.93, ""ineligible"": 0.02, ""lead"": 0, ""unclear"": 0, ""partner"": 0.05}",none,0.91,"{""MEDICAID"": 0, ""OSEC"": 0.01, ""DAGING"": 0, ""DHSR"": 0, ""none"": 0.91, ""DMHDDSUS"": 0.01, ""DEIPD"": 0, ""DSBDHH"": 0, ""DCDEE"": 0, ""DSOHF"": 0.01, ""DCFW"": 0, ""DSS"": 0, ""DPH"": 0.05, ""ORH"": 0.01}",0.3333,0.05,0.175,deprioritized,P(unrelated or weak)=1.00,typesafe-ai/jev,a4b41185524e,True
7d131a23-ef5d-468e-bdcb-8801e3000991,Paul B. Beeson Emerging Leaders Career Development Award in Aging,forecast,weak,1.0,"{""weak"": 1, ""strong"": 0, ""moderate"": 0, ""none"": 0}",none,0.79,"{""G5"": 0, ""G4"": 0.15, ""G1"": 0.06, ""G2"": 0, ""none"": 0.79, ""G3"": 0}",atypical,0.96,"{""unclear"": 0, ""atypical"": 0.96, ""ineligible"": 0.03, ""lead"": 0, ""partner"": 0.01}",none,0.89,"{""DSBDHH"": 0, ""DCFW"": 0, ""DEIPD"": 0, ""DSS"": 0, ""OSEC"": 0, ""none"": 0.89, ""DCDEE"": 0, ""DSOHF"": 0, ""DHSR"": 0, ""DAGING"": 0.1, ""ORH"": 0, ""DPH"": 0.01, ""MEDICAID"": 0, ""DMHDDSUS"": 0}",0.3333,0.01,0.1683,deprioritized,P(unrelated or weak)=1.00,typesafe-ai/jev,a4b41185524e,True
7dc670db-9ef6-4b31-9db9-7443760e9b7a,Dental Primary Care Practice-Based Research Network: Coordinating Center,forecast,weak,0.8,"{""weak"": 0.8, ""strong"": 0.05, ""none"": 0, ""moderate"": 0.15}",none,0.48,"{""G2"": 0.01, ""G5"": 0.22, ""G4"": 0.01, ""none"": 0.48, ""G1"": 0.28, ""G3"": 0}",partner,0.5,"{""unclear"": 0, ""atypical"": 0.46, ""ineligible"": 0.02, ""partner"": 0.5, ""lead"": 0.02}",none,0.37,"{""DCDEE"": 0.01, ""MEDICAID"": 0, ""DMHDDSUS"": 0, ""OSEC"": 0.01, ""DSOHF"": 0, ""DSS"": 0, ""DHSR"": 0.01, ""DPH"": 0.34, ""DEIPD"": 0, ""DCFW"": 0, ""DSBDHH"": 0, ""ORH"": 0.26, ""none"": 0.37, ""DAGING"": 0}",0.4167,0.52,0.3167,deep_review,not confidently irrelevant,typesafe-ai/jev,a4b41185524e,True
7dc976b1-c6ab-4669-b482-5ff5173e4a4e,Support for Research Excellence  First Independent Research (SuRE-First) Award (R16 - Clinical Trial Not Allowed),open,weak,1.0,"{""moderate"": 0, ""strong"": 0, ""weak"": 1, ""none"": 0}",none,0.85,"{""G3"": 0, ""none"": 0.85, ""G5"": 0.01, ""G1"": 0.01, ""G2"": 0, ""G4"": 0.13}",ineligible,0.61,"{""atypical"": 0.28, ""partner"": 0.11, ""lead"": 0, ""unclear"": 0, ""ineligible"": 0.61}",none,0.96,"{""DSOHF"": 0, ""MEDICAID"": 0, ""DEIPD"": 0, ""DSS"": 0, ""OSEC"": 0, ""DCFW"": 0, ""ORH"": 0.01, ""DMHDDSUS"": 0, ""DAGING"": 0, ""DCDEE"": 0, ""DHSR"": 0, ""DSBDHH"": 0, ""DPH"": 0.03, ""none"": 0.96}",0.3333,0.11,0.185,deprioritized,P(unrelated or weak)=1.00,typesafe-ai/jev,a4b41185524e,True
7dddce9c-5fd8-4d19-8cd2-9193c70666ef,APS 2022 PDS Italy,forecast,none,1.0,"{""weak"": 0, ""strong"": 0, ""none"": 1, ""moderate"": 0}",none,1.0,"{""G1"": 0, ""none"": 1, ""G5"": 0, ""G2"": 0, ""G3"": 0, ""G4"": 0}",atypical,0.64,"{""unclear"": 0.01, ""atypical"": 0.64, ""ineligible"": 0.23, ""partner"": 0.05, ""lead"": 0.07}",none,0.98,"{""DSS"": 0, ""none"": 0.98, ""MEDICAID"": 0, ""ORH"": 0, ""DMHDDSUS"": 0, ""DPH"": 0, ""DAGING"": 0, ""DSOHF"": 0, ""OSEC"": 0.02, ""DCDEE"": 0, ""DEIPD"": 0, ""DSBDHH"": 0, ""DHSR"": 0, ""DCFW"": 0}",0.0,0.12,0.0,deprioritized,P(unrelated)=1.00,typesafe-ai/jev,a4b41185524e,True
7dee3c60-acc9-4110-a5c3-10b962b4a591,NIDCR Small Grant Program for New Investigators (R03 Clinical Trial Not Allowed),open,weak,1.0,"{""weak"": 1, ""moderate"": 0, ""none"": 0, ""strong"": 0}",none,0.89,"{""G2"": 0, ""G1"": 0.05, ""G3"": 0, ""none"": 0.89, ""G4"": 0.05, ""G5"": 0.01}",atypical,0.97,"{""unclear"": 0, ""lead"": 0, ""atypical"": 0.97, ""partner"": 0.02, ""ineligible"": 0.01}",none,0.92,"{""DSBDHH"": 0, ""DCDEE"": 0, ""DHSR"": 0, ""none"": 0.92, ""DSOHF"": 0.01, ""DPH"": 0.06, ""DCFW"": 0, ""DAGING"": 0, ""MEDICAID"": 0, ""OSEC"": 0, ""DEIPD"": 0, ""DMHDDSUS"": 0, ""DSS"": 0, ""ORH"": 0.01}",0.3333,0.02,0.17,deprioritized,P(unrelated or weak)=1.00,typesafe-ai/jev,a4b41185524e,True
7e0288fc-4bd9-4084-a180-6ceb68d3c850,Expanding global health security through local partnerships in Indonesia,open,weak,0.97,"{""strong"": 0, ""moderate"": 0, ""none"": 0.03, ""weak"": 0.97}",none,0.94,"{""G5"": 0.05, ""G1"": 0, ""G2"": 0, ""G3"": 0, ""none"": 0.94, ""G4"": 0.01}",partner,0.51,"{""unclear"": 0.12, ""atypical"": 0.27, ""partner"": 0.51, ""ineligible"": 0.01, ""lead"": 0.09}",DPH,0.55,"{""DSBDHH"": 0, ""DSOHF"": 0, ""DCDEE"": 0, ""ORH"": 0, ""DAGING"": 0, ""DMHDDSUS"": 0, ""DCFW"": 0, ""DSS"": 0, ""DHSR"": 0, ""DPH"": 0.55, ""MEDICAID"": 0, ""none"": 0.45, ""OSEC"": 0, ""DEIPD"": 0}",0.3233,0.6,0.2587,deprioritized,P(unrelated or weak)=1.00,typesafe-ai/jev,a4b41185524e,True
7edf8107-676a-478d-8049-f2971fbdab7c,Geospace Cluster,open,none,1.0,"{""none"": 1, ""moderate"": 0, ""weak"": 0, ""strong"": 0}",none,0.99,"{""G4"": 0, ""G1"": 0, ""G2"": 0, ""none"": 0.99, ""G5"": 0.01, ""G3"": 0}",atypical,0.96,"{""partner"": 0.01, ""ineligible"": 0, ""lead"": 0, ""unclear"": 0.03, ""atypical"": 0.96}",none,0.99,"{""DSOHF"": 0, ""DHSR"": 0, ""DEIPD"": 0, ""ORH"": 0, ""OSEC"": 0, ""DSS"": 0, ""none"": 0.99, ""DCDEE"": 0, ""DCFW"": 0, ""MEDICAID"": 0, ""DSBDHH"": 0, ""DAGING"": 0, ""DPH"": 0.01, ""DMHDDSUS"": 0}",0.0,0.01,0.0,deprioritized,P(unrelated)=1.00,typesafe-ai/jev,a4b41185524e,True
7ef4b263-e6d5-4091-b2a5-9815fdf37ba1,Cooperative Agreement to Support a Human Abuse Potential Study of Botanical Kratom (U01 Clinical Trial Required),forecast,weak,0.99,"{""weak"": 0.99, ""none"": 0, ""moderate"": 0.01, ""strong"": 0}",none,0.53,"{""G3"": 0.45, ""none"": 0.53, ""G2"": 0, ""G5"": 0.01, ""G1"": 0.01, ""G4"": 0}",atypical,0.77,"{""unclear"": 0, ""atypical"": 0.77, ""lead"": 0, ""ineligible"": 0, ""partner"": 0.23}",none,0.66,"{""OSEC"": 0, ""ORH"": 0, ""MEDICAID"": 0, ""DSBDHH"": 0, ""DMHDDSUS"": 0.25, ""DPH"": 0.07, ""DSOHF"": 0.01, ""DCDEE"": 0, ""DAGING"": 0, ""none"": 0.66, ""DSS"": 0, ""DHSR"": 0.01, ""DCFW"": 0, ""DEIPD"": 0}",0.3367,0.23,0.207,deprioritized,P(unrelated or weak)=0.99,typesafe-ai/jev,a4b41185524e,True
7fc6adf4-6abc-42b0-886a-2e6114903e90,Ocean Drilling Program,open,none,1.0,"{""none"": 1, ""weak"": 0, ""moderate"": 0, ""strong"": 0}",none,1.0,"{""none"": 1, ""G5"": 0, ""G4"": 0, ""G1"": 0, ""G3"": 0, ""G2"": 0}",atypical,0.92,"{""partner"": 0, ""unclear"": 0.07, ""ineligible"": 0.01, ""lead"": 0, ""atypical"": 0.92}",none,1.0,"{""none"": 1, ""DAGING"": 0, ""DHSR"": 0, ""DSS"": 0, ""DCDEE"": 0, ""DEIPD"": 0, ""ORH"": 0, ""DCFW"": 0, ""DMHDDSUS"": 0, ""DPH"": 0, ""OSEC"": 0, ""DSOHF"": 0, ""DSBDHH"": 0, ""MEDICAID"": 0}",0.0,0.0,0.0,deprioritized,P(unrelated)=1.00,typesafe-ai/jev,a4b41185524e,True
80398751-7067-4249-947d-add3d89989c6,Single Source Competition for Continuation of Understanding and Targeting the Pathophysiology of Youth-Onset Type 2 Diabetes Clinical Centers (U01 Clinical Trial Not Allowed),forecast,weak,1.0,"{""strong"": 0, ""moderate"": 0, ""none"": 0, ""weak"": 1}",none,0.63,"{""G4"": 0, ""G5"": 0.02, ""none"": 0.63, ""G1"": 0.05, ""G3"": 0, ""G2"": 0.3}",atypical,0.76,"{""atypical"": 0.76, ""ineligible"": 0.02, ""lead"": 0, ""unclear"": 0.06, ""partner"": 0.16}",none,0.77,"{""DPH"": 0.23, ""DMHDDSUS"": 0, ""DSOHF"": 0, ""ORH"": 0, ""MEDICAID"": 0, ""DCFW"": 0, ""DCDEE"": 0, ""DSS"": 0, ""DHSR"": 0, ""DSBDHH"": 0, ""OSEC"": 0, ""none"": 0.77, ""DAGING"": 0, ""DEIPD"": 0}",0.3333,0.16,0.1933,deprioritized,P(unrelated or weak)=1.00,typesafe-ai/jev,a4b41185524e,True
804ec077-438e-4559-ad7c-80fcbfc7bd8c,Dementia CAReS Grants for American Indian and Alaska Native Communities,forecast,weak,0.61,"{""none"": 0.12, ""moderate"": 0.1, ""weak"": 0.61, ""strong"": 0.17}",none,0.64,"{""G4"": 0, ""none"": 0.64, ""G1"": 0.34, ""G2"": 0, ""G3"": 0.02, ""G5"": 0}",ineligible,0.95,"{""unclear"": 0, ""ineligible"": 0.95, ""atypical"": 0, ""lead"": 0, ""partner"": 0.05}",none,0.88,"{""DCFW"": 0, ""MEDICAID"": 0, ""DSS"": 0, ""DSBDHH"": 0, ""DSOHF"": 0, ""DPH"": 0.01, ""DAGING"": 0.09, ""DEIPD"": 0, ""OSEC"": 0, ""none"": 0.88, ""ORH"": 0, ""DCDEE"": 0, ""DMHDDSUS"": 0.02, ""DHSR"": 0}",0.44,0.05,0.231,deprioritized,P(ineligible)=0.95,typesafe-ai/jev,a4b41185524e,True
806174a5-61cf-4bcb-946b-e6cd65b52726,Renewable Energy Systems and Energy Efficiency Improvements Program,open,none,0.95,"{""weak"": 0.05, ""strong"": 0, ""none"": 0.95, ""moderate"": 0}",none,0.94,"{""G2"": 0, ""G3"": 0, ""none"": 0.94, ""G4"": 0, ""G1"": 0, ""G5"": 0.06}",ineligible,0.79,"{""lead"": 0, ""atypical"": 0.2, ""ineligible"": 0.79, ""unclear"": 0, ""partner"": 0.01}",none,0.98,"{""DSS"": 0, ""DPH"": 0, ""OSEC"": 0, ""DMHDDSUS"": 0, ""none"": 0.98, ""ORH"": 0.02, ""DHSR"": 0, ""DSOHF"": 0, ""DCFW"": 0, ""DEIPD"": 0, ""DAGING"": 0, ""DCDEE"": 0, ""DSBDHH"": 0, ""MEDICAID"": 0}",0.0167,0.01,0.0084,deprioritized,P(unrelated)=0.95,typesafe-ai/jev,a4b41185524e,True
806f4939-5a1c-41b5-83e4-45d57153633d,NIOSH Support for Conferences and Scientific Meetings (U13 Clinical Trial Not Allowed),forecast,weak,0.48,"{""weak"": 0.48, ""strong"": 0.07, ""moderate"": 0.44, ""none"": 0.01}",none,0.6,"{""G4"": 0.23, ""none"": 0.6, ""G5"": 0.17, ""G1"": 0, ""G2"": 0, ""G3"": 0}",atypical,0.61,"{""lead"": 0.12, ""partner"": 0.26, ""ineligible"": 0, ""unclear"": 0.01, ""atypical"": 0.61}",DPH,0.57,"{""DEIPD"": 0.01, ""DSS"": 0, ""DHSR"": 0.03, ""DAGING"": 0, ""DSBDHH"": 0, ""DCDEE"": 0.01, ""DMHDDSUS"": 0, ""none"": 0.32, ""OSEC"": 0.04, ""DCFW"": 0, ""DSOHF"": 0.01, ""MEDICAID"": 0, ""DPH"": 0.57, ""ORH"": 0.01}",0.5233,0.38,0.3611,deep_review,not confidently irrelevant,typesafe-ai/jev,a4b41185524e,True
80ed650a-d7bf-413c-b122-95c1fa1a8bde,Pilot Projects Investigating Understudied Proteins Associated with Rare Diseases (R03 Clinical Trial Not Allowed),open,weak,1.0,"{""strong"": 0, ""weak"": 1, ""none"": 0, ""moderate"": 0}",none,0.8,"{""G3"": 0, ""G5"": 0.01, ""G4"": 0.01, ""G2"": 0, ""none"": 0.8, ""G1"": 0.17}",atypical,0.89,"{""partner"": 0.1, ""lead"": 0.01, ""atypical"": 0.89, ""unclear"": 0, ""ineligible"": 0}",none,0.87,"{""MEDICAID"": 0, ""OSEC"": 0, ""DMHDDSUS"": 0.01, ""DSS"": 0, ""DPH"": 0.11, ""DSBDHH"": 0.01, ""DHSR"": 0, ""DEIPD"": 0, ""ORH"": 0, ""DCFW"": 0, ""none"": 0.87, ""DSOHF"": 0, ""DCDEE"": 0, ""DAGING"": 0}",0.3333,0.11,0.185,deprioritized,P(unrelated or weak)=1.00,typesafe-ai/jev,a4b41185524e,True
80f2cd82-006e-4e67-bfa2-5f1943100a42,Collaborative Network for Clinical Research on Immune Tolerance,forecast,weak,1.0,"{""weak"": 1, ""moderate"": 0, ""strong"": 0, ""none"": 0}",none,0.77,"{""G2"": 0.01, ""G4"": 0.01, ""G1"": 0.17, ""G5"": 0.04, ""G3"": 0, ""none"": 0.77}",atypical,0.51,"{""ineligible"": 0.02, ""unclear"": 0, ""partner"": 0.46, ""lead"": 0.01, ""atypical"": 0.51}",none,0.76,"{""DAGING"": 0, ""ORH"": 0, ""DSBDHH"": 0, ""DMHDDSUS"": 0, ""DPH"": 0.2, ""DHSR"": 0.01, ""OSEC"": 0, ""none"": 0.76, ""DCDEE"": 0.01, ""DCFW"": 0, ""MEDICAID"": 0, ""DSOHF"": 0.02, ""DEIPD"": 0, ""DSS"": 0}",0.3333,0.47,0.245,deprioritized,P(unrelated or weak)=1.00,typesafe-ai/jev,a4b41185524e,True
80f4ff32-4962-4c26-890e-308ca5501fc5,"Science of Science: Discovery, Communication and Impact",open,none,0.61,"{""strong"": 0, ""weak"": 0.38, ""moderate"": 0.01, ""none"": 0.61}",none,0.94,"{""none"": 0.94, ""G1"": 0, ""G4"": 0.01, ""G5"": 0.05, ""G2"": 0, ""G3"": 0}",atypical,0.93,"{""atypical"": 0.93, ""ineligible"": 0, ""partner"": 0.02, ""unclear"": 0.05, ""lead"": 0}",none,0.92,"{""DSS"": 0, ""none"": 0.92, ""ORH"": 0, ""DSOHF"": 0, ""DPH"": 0.03, ""DEIPD"": 0, ""MEDICAID"": 0, ""DHSR"": 0, ""DMHDDSUS"": 0, ""DSBDHH"": 0, ""DCDEE"": 0, ""DAGING"": 0, ""DCFW"": 0, ""OSEC"": 0.05}",0.1333,0.02,0.068,deprioritized,P(unrelated or weak)=0.99,typesafe-ai/jev,a4b41185524e,True
812b55e0-deb1-43cc-a2e2-f9f82ad735ad,Fiscal Year (FY) 2027 Department of War (DoW) Defense University Research Instrumentation Program (DURIP),open,none,1.0,"{""strong"": 0, ""moderate"": 0, ""none"": 1, ""weak"": 0}",none,1.0,"{""G5"": 0, ""G1"": 0, ""G2"": 0, ""G3"": 0, ""none"": 1, ""G4"": 0}",ineligible,0.91,"{""unclear"": 0, ""atypical"": 0.08, ""partner"": 0.01, ""ineligible"": 0.91, ""lead"": 0}",none,1.0,"{""DSBDHH"": 0, ""DSOHF"": 0, ""DAGING"": 0, ""ORH"": 0, ""DCDEE"": 0, ""DMHDDSUS"": 0, ""MEDICAID"": 0, ""DSS"": 0, ""DHSR"": 0, ""DEIPD"": 0, ""DCFW"": 0, ""OSEC"": 0, ""none"": 1, ""DPH"": 0}",0.0,0.01,0.0,deprioritized,P(unrelated)=1.00,typesafe-ai/jev,a4b41185524e,True
81894eca-8b06-4001-8ae9-133ed086714f,"Institute of Education Sciences (IES): National Center for Education Research (NCER): Research Training Programs in The Education Sciences, Assistance Listing Number (ALN) 84.305B",open,none,0.58,"{""strong"": 0, ""none"": 0.58, ""moderate"": 0.01, ""weak"": 0.41}",none,0.84,"{""G2"": 0.01, ""G1"": 0, ""G3"": 0, ""G5"": 0.07, ""none"": 0.84, ""G4"": 0.08}",atypical,0.82,"{""unclear"": 0, ""lead"": 0.01, ""partner"": 0.11, ""atypical"": 0.82, ""ineligible"": 0.06}",none,0.83,"{""DEIPD"": 0, ""DSS"": 0, ""DPH"": 0.02, ""DMHDDSUS"": 0, ""DCDEE"": 0.09, ""none"": 0.83, ""DCFW"": 0.02, ""DSOHF"": 0, ""DSBDHH"": 0, ""DAGING"": 0, ""ORH"": 0, ""MEDICAID"": 0, ""DHSR"": 0, ""OSEC"": 0.04}",0.1433,0.12,0.0803,deprioritized,P(unrelated or weak)=0.99,typesafe-ai/jev,a4b41185524e,True
81895450-caf7-48ab-bab4-b80f0d74e3b1,NIAID Clinical Trial Implementation Cooperative Agreement (U01 Clinical Trial Required),open,weak,0.98,"{""weak"": 0.98, ""strong"": 0, ""moderate"": 0.02, ""none"": 0}",none,0.8,"{""G4"": 0.01, ""none"": 0.8, ""G5"": 0.02, ""G1"": 0.16, ""G2"": 0, ""G3"": 0}",atypical,0.66,"{""unclear"": 0, ""partner"": 0.33, ""lead"": 0.01, ""ineligible"": 0, ""atypical"": 0.66}",none,0.62,"{""DPH"": 0.33, ""DAGING"": 0, ""MEDICAID"": 0, ""DSBDHH"": 0, ""ORH"": 0.01, ""OSEC"": 0, ""DHSR"": 0.01, ""none"": 0.62, ""DMHDDSUS"": 0, ""DEIPD"": 0, ""DSS"": 0, ""DCDEE"": 0.01, ""DSOHF"": 0.02, ""DCFW"": 0}",0.34,0.34,0.2278,deprioritized,P(unrelated or weak)=0.98,typesafe-ai/jev,a4b41185524e,True
818e5c60-39e1-4009-9d8e-698d365b5ad1,Intervention Research to Improve Native American Health (R01 Clinical Trial Optional),open,weak,0.94,"{""weak"": 0.94, ""moderate"": 0.05, ""none"": 0, ""strong"": 0.01}",G1,0.77,"{""G1"": 0.77, ""G2"": 0, ""G4"": 0, ""G3"": 0, ""none"": 0.23, ""G5"": 0}",atypical,0.72,"{""unclear"": 0.01, ""partner"": 0.26, ""atypical"": 0.72, ""ineligible"": 0, ""lead"": 0.01}",none,0.61,"{""DMHDDSUS"": 0.02, ""DCDEE"": 0, ""DAGING"": 0, ""DSOHF"": 0, ""DEIPD"": 0, ""ORH"": 0.06, ""DHSR"": 0.01, ""DCFW"": 0, ""MEDICAID"": 0, ""none"": 0.61, ""DPH"": 0.29, ""OSEC"": 0.01, ""DSBDHH"": 0, ""DSS"": 0}",0.3567,0.27,0.2265,deep_review,not confidently irrelevant,typesafe-ai/jev,a4b41185524e,True
81ac49ff-ffb4-4f46-ba07-5c856a051b0c,Single Source: Resource Center for the Support for Research Excellence (SuRE) Program,forecast,weak,0.99,"{""moderate"": 0, ""strong"": 0, ""none"": 0.01, ""weak"": 0.99}",none,0.92,"{""G1"": 0, ""G2"": 0, ""G4"": 0.02, ""G5"": 0.06, ""none"": 0.92, ""G3"": 0}",ineligible,0.71,"{""atypical"": 0.25, ""ineligible"": 0.71, ""unclear"": 0, ""partner"": 0.04, ""lead"": 0}",none,0.98,"{""DSBDHH"": 0, ""DAGING"": 0, ""DHSR"": 0, ""DCFW"": 0, ""DMHDDSUS"": 0, ""MEDICAID"": 0, ""DCDEE"": 0, ""DSOHF"": 0, ""DEIPD"": 0, ""ORH"": 0.01, ""DPH"": 0, ""none"": 0.98, ""OSEC"": 0.01, ""DSS"": 0}",0.33,0.04,0.1716,deprioritized,P(unrelated or weak)=1.00,typesafe-ai/jev,a4b41185524e,True
8212b1d6-5192-4926-8bbb-ee8522f33a10,Collaborative Awards to Support Microphysiological System Pilot Studies in Type 2 Diabetes Research,forecast,weak,1.0,"{""weak"": 1, ""none"": 0, ""moderate"": 0, ""strong"": 0}",none,0.88,"{""none"": 0.88, ""G5"": 0.03, ""G4"": 0.01, ""G1"": 0.08, ""G3"": 0, ""G2"": 0}",atypical,0.9,"{""partner"": 0.06, ""unclear"": 0, ""ineligible"": 0.04, ""lead"": 0, ""atypical"": 0.9}",none,0.83,"{""OSEC"": 0, ""none"": 0.83, ""DHSR"": 0, ""DSS"": 0, ""DCDEE"": 0, ""DEIPD"": 0, ""ORH"": 0, ""DCFW"": 0, ""DSOHF"": 0, ""DPH"": 0.17, ""DSBDHH"": 0, ""DAGING"": 0, ""DMHDDSUS"": 0, ""MEDICAID"": 0}",0.3333,0.06,0.1767,deprioritized,P(unrelated or weak)=1.00,typesafe-ai/jev,a4b41185524e,True
821a861d-68cb-43f3-a688-c91b2fbb7923,Research Interests of the United States Air Force Academy (formerly USAFA-BAA-2021),open,none,1.0,"{""strong"": 0, ""none"": 1, ""weak"": 0, ""moderate"": 0}",none,1.0,"{""G2"": 0, ""none"": 1, ""G3"": 0, ""G5"": 0, ""G4"": 0, ""G1"": 0}",ineligible,0.54,"{""lead"": 0, ""atypical"": 0.44, ""ineligible"": 0.54, ""unclear"": 0.01, ""partner"": 0.01}",none,1.0,"{""OSEC"": 0, ""DSBDHH"": 0, ""MEDICAID"": 0, ""DHSR"": 0, ""none"": 1, ""DCFW"": 0, ""DSS"": 0, ""DAGING"": 0, ""ORH"": 0, ""DPH"": 0, ""DMHDDSUS"": 0, ""DEIPD"": 0, ""DCDEE"": 0, ""DSOHF"": 0}",0.0,0.01,0.0,deprioritized,P(unrelated)=1.00,typesafe-ai/jev,a4b41185524e,True
827dcfb3-b730-4160-94e6-eb1ceb95bda4,The NCI Worta McCaskill-Stevens Career Development Award for Community Oncology and Prevention Research (K12 Clinical Trial Optional),open,weak,0.96,"{""moderate"": 0.03, ""weak"": 0.96, ""strong"": 0.01, ""none"": 0}",none,0.45,"{""G1"": 0.24, ""G3"": 0, ""G5"": 0.01, ""G4"": 0.3, ""none"": 0.45, ""G2"": 0}",atypical,0.73,"{""atypical"": 0.73, ""partner"": 0.26, ""unclear"": 0, ""ineligible"": 0.01, ""lead"": 0}",none,0.64,"{""DMHDDSUS"": 0, ""DCFW"": 0, ""none"": 0.64, ""DSBDHH"": 0, ""DPH"": 0.33, ""DSS"": 0, ""DSOHF"": 0, ""MEDICAID"": 0, ""DAGING"": 0, ""ORH"": 0.03, ""DEIPD"": 0, ""DCDEE"": 0, ""OSEC"": 0, ""DHSR"": 0}",0.35,0.26,0.2205,deprioritized,P(unrelated or weak)=0.96,typesafe-ai/jev,a4b41185524e,True
82a041d2-752e-4b3f-9b8c-f881e28d7b8f,Biological Testing Facility for Contraception & Reproductive Health (X01 Clinical Trial Not Allowed),open,weak,0.99,"{""none"": 0, ""weak"": 0.99, ""moderate"": 0, ""strong"": 0.01}",none,0.54,"{""G1"": 0.08, ""none"": 0.54, ""G5"": 0.04, ""G3"": 0, ""G4"": 0, ""G2"": 0.33}",atypical,0.9,"{""ineligible"": 0, ""partner"": 0.1, ""lead"": 0, ""atypical"": 0.9, ""unclear"": 0}",none,0.64,"{""OSEC"": 0, ""DPH"": 0.35, ""DSBDHH"": 0, ""ORH"": 0, ""DSS"": 0, ""DCFW"": 0, ""DEIPD"": 0, ""DMHDDSUS"": 0, ""none"": 0.64, ""MEDICAID"": 0, ""DCDEE"": 0.01, ""DSOHF"": 0, ""DAGING"": 0, ""DHSR"": 0}",0.34,0.1,0.187,deprioritized,P(unrelated or weak)=0.99,typesafe-ai/jev,a4b41185524e,True
830a45d7-9fd9-4000-bef1-4ec4e813664b,Cancer Prevention and Control Clinical Trials Planning Grant Program (U34 Clinical Trials Optional),open,weak,0.67,"{""weak"": 0.67, ""moderate"": 0.22, ""none"": 0, ""strong"": 0.11}",G1,0.53,"{""G4"": 0.01, ""G2"": 0, ""G3"": 0, ""none"": 0.39, ""G5"": 0.07, ""G1"": 0.53}",partner,0.53,"{""lead"": 0.06, ""partner"": 0.53, ""unclear"": 0, ""atypical"": 0.41, ""ineligible"": 0}",DPH,0.88,"{""DHSR"": 0, ""DMHDDSUS"": 0, ""MEDICAID"": 0, ""OSEC"": 0, ""none"": 0.12, ""ORH"": 0, ""DSS"": 0, ""DCFW"": 0, ""DAGING"": 0, ""DSOHF"": 0, ""DPH"": 0.88, ""DSBDHH"": 0, ""DEIPD"": 0, ""DCDEE"": 0}",0.48,0.59,0.3816,deep_review,not confidently irrelevant,typesafe-ai/jev,a4b41185524e,True
8316fa76-bcf8-4db7-8006-67561aa9b7bc,Tribal Management Development,forecast,weak,0.67,"{""none"": 0.29, ""moderate"": 0.02, ""weak"": 0.67, ""strong"": 0.02}",none,0.93,"{""G4"": 0.01, ""G1"": 0.02, ""G3"": 0, ""G2"": 0, ""G5"": 0.04, ""none"": 0.93}",ineligible,0.99,"{""partner"": 0.01, ""ineligible"": 0.99, ""unclear"": 0, ""lead"": 0, ""atypical"": 0}",none,1.0,"{""DSBDHH"": 0, ""MEDICAID"": 0, ""DEIPD"": 0, ""ORH"": 0, ""OSEC"": 0, ""DCFW"": 0, ""DSOHF"": 0, ""DCDEE"": 0, ""none"": 1, ""DHSR"": 0, ""DSS"": 0, ""DAGING"": 0, ""DPH"": 0, ""DMHDDSUS"": 0}",0.2567,0.01,0.1296,deprioritized,P(unrelated or weak)=0.96,typesafe-ai/jev,a4b41185524e,True
83a0f6eb-7ed1-4d8f-8f83-a18249f16157,"Ethical, Legal and Social Implications (ELSI) Small Research Grant (R03 Clinical Trial Optional)",open,weak,0.95,"{""weak"": 0.95, ""strong"": 0, ""moderate"": 0.04, ""none"": 0.01}",none,0.94,"{""G3"": 0, ""G4"": 0.01, ""G5"": 0.03, ""G2"": 0, ""G1"": 0.02, ""none"": 0.94}",atypical,0.88,"{""ineligible"": 0, ""atypical"": 0.88, ""unclear"": 0, ""lead"": 0, ""partner"": 0.12}",none,0.83,"{""DAGING"": 0, ""DHSR"": 0.01, ""DPH"": 0.12, ""ORH"": 0, ""DCFW"": 0, ""DSS"": 0, ""OSEC"": 0.03, ""MEDICAID"": 0, ""DCDEE"": 0, ""DMHDDSUS"": 0.01, ""DSOHF"": 0, ""DEIPD"": 0, ""none"": 0.83, ""DSBDHH"": 0}",0.3433,0.12,0.1923,deprioritized,P(unrelated or weak)=0.96,typesafe-ai/jev,a4b41185524e,True
83c59d6d-e83a-4769-bc38-5ae27d97e4be,Tribal Self-Governance - Negotiation,forecast,weak,0.73,"{""weak"": 0.73, ""moderate"": 0.02, ""none"": 0.23, ""strong"": 0.02}",none,0.93,"{""G3"": 0, ""none"": 0.93, ""G2"": 0, ""G5"": 0, ""G1"": 0.07, ""G4"": 0}",ineligible,0.99,"{""unclear"": 0, ""atypical"": 0, ""lead"": 0, ""ineligible"": 0.99, ""partner"": 0.01}",none,1.0,"{""DCFW"": 0, ""OSEC"": 0, ""MEDICAID"": 0, ""DSBDHH"": 0, ""DPH"": 0, ""DMHDDSUS"": 0, ""DSOHF"": 0, ""DCDEE"": 0, ""DAGING"": 0, ""none"": 1, ""DSS"": 0, ""DHSR"": 0, ""ORH"": 0, ""DEIPD"": 0}",0.2767,0.01,0.1397,deprioritized,P(unrelated or weak)=0.96,typesafe-ai/jev,a4b41185524e,True
841ce4d3-5420-4630-a9c9-6b1635c773d9,Early-Stage Innovative Technology Development for Basic and Clinical Cancer Research (R61 Clinical Trial Not Allowed),forecast,weak,1.0,"{""weak"": 1, ""strong"": 0, ""moderate"": 0, ""none"": 0}",none,0.68,"{""G3"": 0, ""G4"": 0.01, ""G1"": 0.1, ""G2"": 0, ""G5"": 0.21, ""none"": 0.68}",atypical,0.78,"{""lead"": 0, ""ineligible"": 0.04, ""unclear"": 0, ""atypical"": 0.78, ""partner"": 0.18}",none,0.63,"{""DAGING"": 0, ""MEDICAID"": 0, ""DCFW"": 0, ""DSOHF"": 0, ""OSEC"": 0, ""DSS"": 0, ""DHSR"": 0.01, ""DMHDDSUS"": 0, ""DPH"": 0.35, ""ORH"": 0, ""DSBDHH"": 0, ""DCDEE"": 0.01, ""DEIPD"": 0, ""none"": 0.63}",0.3333,0.18,0.1967,deprioritized,P(unrelated or weak)=1.00,typesafe-ai/jev,a4b41185524e,True
841dab53-489e-435e-99c8-99bab7f8ceaa,Philadelphia FY 2021 – FY 2023 EDA Planning and Local Technical Assistance,open,none,0.85,"{""weak"": 0.14, ""moderate"": 0.01, ""none"": 0.85, ""strong"": 0}",none,0.91,"{""G2"": 0, ""G1"": 0, ""G3"": 0, ""none"": 0.91, ""G4"": 0.06, ""G5"": 0.03}",atypical,0.53,"{""ineligible"": 0.01, ""lead"": 0.11, ""unclear"": 0, ""partner"": 0.35, ""atypical"": 0.53}",none,0.92,"{""ORH"": 0, ""DCDEE"": 0.06, ""DMHDDSUS"": 0, ""none"": 0.92, ""DSOHF"": 0, ""DPH"": 0, ""DCFW"": 0, ""DAGING"": 0, ""MEDICAID"": 0, ""OSEC"": 0.01, ""DEIPD"": 0.01, ""DHSR"": 0, ""DSS"": 0, ""DSBDHH"": 0}",0.0533,0.46,0.0389,deprioritized,P(unrelated)=0.85,typesafe-ai/jev,a4b41185524e,True
8421e010-b00e-4718-84e9-1db9a34b606a,"Limited Competition: Growing Great Ideas: Research Education Course in Entrepreneurship and Product Development for Researchers Studying Drug Use, Drug Misuse, and Drug Addiction (UE5 Clinical Trial Not Allowed)",open,weak,0.94,"{""weak"": 0.94, ""none"": 0, ""strong"": 0.02, ""moderate"": 0.04}",G3,0.46,"{""G1"": 0, ""G2"": 0, ""G5"": 0.07, ""none"": 0.34, ""G3"": 0.46, ""G4"": 0.13}",atypical,0.85,"{""ineligible"": 0, ""partner"": 0.14, ""lead"": 0.01, ""unclear"": 0, ""atypical"": 0.85}",DMHDDSUS,0.57,"{""DSOHF"": 0.01, ""OSEC"": 0, ""ORH"": 0, ""DAGING"": 0, ""DCFW"": 0, ""none"": 0.4, ""DCDEE"": 0, ""MEDICAID"": 0, ""DMHDDSUS"": 0.57, ""DHSR"": 0, ""DPH"": 0.01, ""DEIPD"": 0, ""DSBDHH"": 0, ""DSS"": 0}",0.36,0.15,0.207,deep_review,not confidently irrelevant,typesafe-ai/jev,a4b41185524e,True
84591a58-29e7-4e31-ab4d-f31851650ae8,Strengthening ties between the U.S. and Cyprus,forecast,none,1.0,"{""moderate"": 0, ""weak"": 0, ""none"": 1, ""strong"": 0}",none,1.0,"{""G4"": 0, ""G1"": 0, ""none"": 1, ""G5"": 0, ""G3"": 0, ""G2"": 0}",unclear,0.4,"{""unclear"": 0.4, ""lead"": 0, ""atypical"": 0.33, ""partner"": 0, ""ineligible"": 0.27}",none,1.0,"{""DCDEE"": 0, ""DPH"": 0, ""ORH"": 0, ""DSS"": 0, ""DSOHF"": 0, ""DCFW"": 0, ""none"": 1, ""DEIPD"": 0, ""MEDICAID"": 0, ""DSBDHH"": 0, ""DMHDDSUS"": 0, ""DHSR"": 0, ""OSEC"": 0, ""DAGING"": 0}",0.0,0.0,0.0,deprioritized,P(unrelated)=1.00,typesafe-ai/jev,a4b41185524e,True
84650d31-209c-4f65-9264-c872352a7eee,High-Priority Research in Tobacco Regulatory Science (Clinical Trial Optional),forecast,weak,0.93,"{""strong"": 0.01, ""moderate"": 0.06, ""weak"": 0.93, ""none"": 0}",none,0.49,"{""G5"": 0.02, ""G3"": 0.21, ""G4"": 0.01, ""G1"": 0.26, ""G2"": 0.01, ""none"": 0.49}",atypical,0.72,"{""lead"": 0.02, ""partner"": 0.25, ""atypical"": 0.72, ""ineligible"": 0.01, ""unclear"": 0}",DPH,0.67,"{""MEDICAID"": 0, ""OSEC"": 0, ""ORH"": 0, ""DAGING"": 0, ""DMHDDSUS"": 0.07, ""DCFW"": 0, ""none"": 0.25, ""DPH"": 0.67, ""DSS"": 0, ""DHSR"": 0.01, ""DSOHF"": 0, ""DEIPD"": 0, ""DSBDHH"": 0, ""DCDEE"": 0}",0.36,0.27,0.2286,deep_review,not confidently irrelevant,typesafe-ai/jev,a4b41185524e,True
8473fc98-91d3-488d-9aef-458a385cc22c,BRAIN Initiative: Preclinical Proof of Concept for Novel Recording and Modulation Technologies in the Human CNS (R18 - Clinical Trial Not Allowed),open,weak,1.0,"{""moderate"": 0, ""strong"": 0, ""none"": 0, ""weak"": 1}",none,0.81,"{""G5"": 0.11, ""G1"": 0.01, ""G2"": 0, ""G3"": 0.05, ""none"": 0.81, ""G4"": 0.01}",atypical,0.91,"{""unclear"": 0, ""atypical"": 0.91, ""partner"": 0.09, ""ineligible"": 0, ""lead"": 0}",none,0.89,"{""DSBDHH"": 0, ""DSOHF"": 0.01, ""DAGING"": 0, ""ORH"": 0, ""DCDEE"": 0, ""DMHDDSUS"": 0.09, ""MEDICAID"": 0, ""DSS"": 0, ""DHSR"": 0, ""DPH"": 0.01, ""DEIPD"": 0, ""none"": 0.89, ""OSEC"": 0, ""DCFW"": 0}",0.3333,0.09,0.1817,deprioritized,P(unrelated or weak)=1.00,typesafe-ai/jev,a4b41185524e,True
847cbfa3-7f00-4b91-bd69-e0b7f5c676f3,Major Research Instrumentation Program,open,none,0.65,"{""moderate"": 0, ""weak"": 0.35, ""none"": 0.65, ""strong"": 0}",none,0.94,"{""G2"": 0, ""G4"": 0.01, ""none"": 0.94, ""G5"": 0.05, ""G1"": 0, ""G3"": 0}",ineligible,0.87,"{""unclear"": 0, ""lead"": 0, ""atypical"": 0.07, ""partner"": 0.06, ""ineligible"": 0.87}",none,1.0,"{""DSBDHH"": 0, ""none"": 1, ""DPH"": 0, ""DSOHF"": 0, ""DAGING"": 0, ""DCFW"": 0, ""DCDEE"": 0, ""MEDICAID"": 0, ""DSS"": 0, ""DEIPD"": 0, ""DHSR"": 0, ""OSEC"": 0, ""ORH"": 0, ""DMHDDSUS"": 0}",0.1167,0.06,0.0618,deprioritized,P(unrelated or weak)=1.00,typesafe-ai/jev,a4b41185524e,True
84afc4e4-f232-4366-a6ee-50205610a432,NIH Research Project Grant (Parent R01 Clinical Trial Required),open,weak,1.0,"{""strong"": 0, ""moderate"": 0, ""none"": 0, ""weak"": 1}",none,0.85,"{""none"": 0.85, ""G3"": 0.01, ""G5"": 0.01, ""G2"": 0, ""G1"": 0.1, ""G4"": 0.03}",atypical,0.84,"{""ineligible"": 0, ""unclear"": 0, ""lead"": 0.01, ""atypical"": 0.84, ""partner"": 0.15}",none,0.78,"{""DMHDDSUS"": 0.01, ""OSEC"": 0, ""DSS"": 0, ""DEIPD"": 0, ""DSBDHH"": 0, ""DAGING"": 0, ""DSOHF"": 0.01, ""DCFW"": 0, ""none"": 0.78, ""MEDICAID"": 0, ""DPH"": 0.18, ""ORH"": 0.01, ""DCDEE"": 0, ""DHSR"": 0.01}",0.3333,0.16,0.1933,deprioritized,P(unrelated or weak)=1.00,typesafe-ai/jev,a4b41185524e,True
84c7f111-baf9-4729-8daf-eb09376a6d45,Fiscal Year 2027 Defense University Research Instrumentation Program (DURIP),open,none,0.99,"{""strong"": 0, ""none"": 0.99, ""moderate"": 0, ""weak"": 0.01}",none,0.99,"{""G2"": 0, ""G4"": 0, ""none"": 0.99, ""G1"": 0, ""G3"": 0, ""G5"": 0.01}",ineligible,0.76,"{""atypical"": 0.21, ""unclear"": 0, ""ineligible"": 0.76, ""partner"": 0.03, ""lead"": 0}",none,1.0,"{""DCDEE"": 0, ""DMHDDSUS"": 0, ""none"": 1, ""DPH"": 0, ""DSBDHH"": 0, ""DCFW"": 0, ""MEDICAID"": 0, ""DSOHF"": 0, ""ORH"": 0, ""OSEC"": 0, ""DHSR"": 0, ""DSS"": 0, ""DEIPD"": 0, ""DAGING"": 0}",0.0033,0.03,0.0017,deprioritized,P(unrelated)=0.99,typesafe-ai/jev,a4b41185524e,True
84e0a1e2-18c0-422b-8ac7-1618bf4597e9,Established Program to Stimulate Competitive Research (EPSCoR):  Workshop Opportunities,open,none,0.65,"{""weak"": 0.35, ""moderate"": 0, ""none"": 0.65, ""strong"": 0}",none,0.93,"{""G2"": 0, ""G4"": 0.02, ""none"": 0.93, ""G5"": 0.05, ""G1"": 0, ""G3"": 0}",ineligible,0.75,"{""atypical"": 0.07, ""lead"": 0, ""partner"": 0.18, ""unclear"": 0, ""ineligible"": 0.75}",none,0.98,"{""DSBDHH"": 0, ""none"": 0.98, ""DPH"": 0, ""DCDEE"": 0, ""DAGING"": 0, ""DCFW"": 0, ""DSOHF"": 0, ""MEDICAID"": 0, ""DSS"": 0, ""DEIPD"": 0, ""DHSR"": 0, ""OSEC"": 0.01, ""ORH"": 0.01, ""DMHDDSUS"": 0}",0.1167,0.18,0.0688,deprioritized,P(unrelated or weak)=1.00,typesafe-ai/jev,a4b41185524e,True
84e6343d-b23a-4f7d-83b1-0b63b406bc6f,Better Tools for Fair Cotton: Traceability Solutions to Protect U.S. Supply Chains from Chinese Forced Labor,forecast,none,0.91,"{""strong"": 0, ""moderate"": 0, ""none"": 0.91, ""weak"": 0.09}",none,0.98,"{""G4"": 0.01, ""G5"": 0.01, ""none"": 0.98, ""G1"": 0, ""G3"": 0, ""G2"": 0}",atypical,0.8,"{""atypical"": 0.8, ""ineligible"": 0.17, ""lead"": 0, ""unclear"": 0.01, ""partner"": 0.02}",none,0.99,"{""DSOHF"": 0, ""DPH"": 0, ""DEIPD"": 0.01, ""ORH"": 0, ""MEDICAID"": 0, ""DCFW"": 0, ""DMHDDSUS"": 0, ""DCDEE"": 0, ""DSBDHH"": 0, ""DHSR"": 0, ""DSS"": 0, ""DAGING"": 0, ""none"": 0.99, ""OSEC"": 0}",0.03,0.02,0.0153,deprioritized,P(unrelated)=0.91,typesafe-ai/jev,a4b41185524e,True
84fa78c0-46b1-4007-8d53-928d450961dc,Continuation or Revision of NIDCR Clinical Trial Planning and Implementation Cooperative Agreement (UH3 Clinical Trial Required),open,weak,1.0,"{""strong"": 0, ""moderate"": 0, ""weak"": 1, ""none"": 0}",none,0.83,"{""G5"": 0.01, ""G3"": 0, ""G4"": 0.02, ""G1"": 0.13, ""G2"": 0.01, ""none"": 0.83}",atypical,0.64,"{""lead"": 0.01, ""partner"": 0.35, ""atypical"": 0.64, ""ineligible"": 0, ""unclear"": 0}",none,0.84,"{""DCDEE"": 0.01, ""OSEC"": 0, ""ORH"": 0.01, ""DAGING"": 0, ""DMHDDSUS"": 0.01, ""DCFW"": 0, ""none"": 0.84, ""DPH"": 0.11, ""DSOHF"": 0.01, ""DHSR"": 0.01, ""DSBDHH"": 0, ""DEIPD"": 0, ""DSS"": 0, ""MEDICAID"": 0}",0.3333,0.36,0.2267,deprioritized,P(unrelated or weak)=1.00,typesafe-ai/jev,a4b41185524e,True
85add0d5-8e02-48d7-b38f-77095c7a8c98,Advancement and Innovation in Measurement of Language Development and Predictors (R21 Clinical Trial Not Allowed),open,weak,0.97,"{""moderate"": 0.03, ""weak"": 0.97, ""none"": 0, ""strong"": 0}",G2,0.68,"{""G2"": 0.68, ""G4"": 0.01, ""none"": 0.28, ""G5"": 0.01, ""G1"": 0.01, ""G3"": 0}",atypical,0.55,"{""atypical"": 0.55, ""partner"": 0.44, ""unclear"": 0, ""lead"": 0.01, ""ineligible"": 0}",none,0.46,"{""DSBDHH"": 0.24, ""DCDEE"": 0.03, ""DPH"": 0.2, ""none"": 0.46, ""DAGING"": 0, ""DCFW"": 0.05, ""DSOHF"": 0, ""MEDICAID"": 0, ""DSS"": 0, ""DEIPD"": 0, ""DHSR"": 0, ""OSEC"": 0, ""ORH"": 0, ""DMHDDSUS"": 0.02}",0.3433,0.45,0.2489,deprioritized,P(unrelated or weak)=0.97,typesafe-ai/jev,a4b41185524e,True
85cfae9e-d222-469b-b791-a4271fd26b29,Unemployment Insurance Integrity Center of Excellence Operations,forecast,weak,0.41,"{""weak"": 0.41, ""strong"": 0.09, ""none"": 0.4, ""moderate"": 0.1}",none,0.64,"{""G2"": 0, ""G5"": 0.31, ""G3"": 0, ""G4"": 0.05, ""none"": 0.64, ""G1"": 0}",ineligible,0.78,"{""partner"": 0.09, ""ineligible"": 0.78, ""atypical"": 0.13, ""lead"": 0, ""unclear"": 0}",none,0.85,"{""DAGING"": 0, ""none"": 0.85, ""DSS"": 0.12, ""DCDEE"": 0.01, ""DEIPD"": 0.02, ""OSEC"": 0, ""ORH"": 0, ""DCFW"": 0, ""DPH"": 0, ""DMHDDSUS"": 0, ""DHSR"": 0, ""DSBDHH"": 0, ""MEDICAID"": 0, ""DSOHF"": 0}",0.2933,0.09,0.1599,deep_review,not confidently irrelevant,typesafe-ai/jev,a4b41185524e,True
860b4fea-1a14-41e2-9192-20914548302b,Advancing Healthcare for Older Adults from Populations that Experience Health Disparities (R01 - Clinical Trial Optional),open,weak,0.88,"{""moderate"": 0.1, ""strong"": 0.02, ""none"": 0, ""weak"": 0.88}",G1,0.92,"{""G4"": 0, ""G2"": 0, ""G1"": 0.92, ""none"": 0.08, ""G5"": 0, ""G3"": 0}",atypical,0.53,"{""atypical"": 0.53, ""ineligible"": 0, ""unclear"": 0, ""partner"": 0.45, ""lead"": 0.02}",none,0.52,"{""DSBDHH"": 0, ""none"": 0.52, ""DHSR"": 0, ""DCDEE"": 0, ""DMHDDSUS"": 0, ""MEDICAID"": 0, ""DCFW"": 0, ""DSOHF"": 0, ""DEIPD"": 0, ""ORH"": 0.01, ""DPH"": 0.04, ""DSS"": 0, ""DAGING"": 0.43, ""OSEC"": 0}",0.38,0.47,0.2793,deep_review,not confidently irrelevant,typesafe-ai/jev,a4b41185524e,True
860d4e48-5298-4caf-bada-905645586fe4,NCI Pathway to Independence Award for Early-Stage Postdoctoral Researchers (K99/R00 - Independent Clinical Trial Required),open,weak,1.0,"{""strong"": 0, ""none"": 0, ""moderate"": 0, ""weak"": 1}",none,0.79,"{""G2"": 0, ""none"": 0.79, ""G1"": 0, ""G3"": 0, ""G5"": 0, ""G4"": 0.21}",atypical,0.95,"{""lead"": 0, ""partner"": 0.04, ""ineligible"": 0.01, ""unclear"": 0, ""atypical"": 0.95}",none,0.93,"{""DSBDHH"": 0, ""none"": 0.93, ""DHSR"": 0, ""DMHDDSUS"": 0, ""DAGING"": 0, ""OSEC"": 0, ""ORH"": 0, ""DSS"": 0, ""MEDICAID"": 0, ""DCFW"": 0, ""DCDEE"": 0, ""DPH"": 0.06, ""DSOHF"": 0, ""DEIPD"": 0}",0.3333,0.04,0.1733,deprioritized,P(unrelated or weak)=1.00,typesafe-ai/jev,a4b41185524e,True
86414383-5e44-4e7b-88a9-7068e1c5b219,ROSES25: D.8 Habitable Worlds Observatory Precursor Science Investigation,open,none,1.0,"{""weak"": 0, ""strong"": 0, ""moderate"": 0, ""none"": 1}",none,1.0,"{""none"": 1, ""G1"": 0, ""G4"": 0, ""G3"": 0, ""G2"": 0, ""G5"": 0}",atypical,0.7,"{""lead"": 0, ""partner"": 0.01, ""unclear"": 0.01, ""ineligible"": 0.28, ""atypical"": 0.7}",none,1.0,"{""DPH"": 0, ""ORH"": 0, ""DSBDHH"": 0, ""DCDEE"": 0, ""DMHDDSUS"": 0, ""DEIPD"": 0, ""none"": 1, ""OSEC"": 0, ""MEDICAID"": 0, ""DHSR"": 0, ""DSOHF"": 0, ""DCFW"": 0, ""DAGING"": 0, ""DSS"": 0}",0.0,0.01,0.0,deprioritized,P(unrelated)=1.00,typesafe-ai/jev,a4b41185524e,True
86b34b22-1c01-4d94-8256-f582a1f0af24,Small Business Transition Grant for New Entrepreneurs (Parent R43/R44 Clinical Trial Optional),forecast,weak,0.99,"{""weak"": 0.99, ""moderate"": 0, ""none"": 0.01, ""strong"": 0}",none,0.95,"{""G3"": 0, ""none"": 0.95, ""G2"": 0, ""G4"": 0.02, ""G1"": 0, ""G5"": 0.03}",ineligible,0.94,"{""unclear"": 0, ""atypical"": 0.05, ""lead"": 0, ""ineligible"": 0.94, ""partner"": 0.01}",none,1.0,"{""ORH"": 0, ""DEIPD"": 0, ""MEDICAID"": 0, ""DSBDHH"": 0, ""DPH"": 0, ""DMHDDSUS"": 0, ""DSOHF"": 0, ""DCDEE"": 0, ""DAGING"": 0, ""none"": 1, ""DSS"": 0, ""DHSR"": 0, ""DCFW"": 0, ""OSEC"": 0}",0.33,0.01,0.1666,deprioritized,P(unrelated or weak)=1.00,typesafe-ai/jev,a4b41185524e,True
86e848c2-6ff6-4b35-a18b-bc2d031f81c1,Optimal Treatment Strategies for use of Anti-Obesity Medications (AOMs) in Children and Adolescents Research Coordinating Center (U24 Clinical Trial Not Allowed),open,weak,0.96,"{""weak"": 0.96, ""moderate"": 0.03, ""none"": 0, ""strong"": 0.01}",G2,0.75,"{""G1"": 0.02, ""G2"": 0.75, ""G4"": 0, ""G3"": 0, ""none"": 0.22, ""G5"": 0.01}",atypical,0.57,"{""partner"": 0.42, ""unclear"": 0, ""atypical"": 0.57, ""ineligible"": 0, ""lead"": 0.01}",none,0.56,"{""DSS"": 0, ""DCDEE"": 0, ""DAGING"": 0, ""none"": 0.56, ""DEIPD"": 0, ""DSOHF"": 0, ""DHSR"": 0.01, ""DCFW"": 0.04, ""MEDICAID"": 0.01, ""ORH"": 0, ""DPH"": 0.37, ""DMHDDSUS"": 0, ""DSBDHH"": 0, ""OSEC"": 0}",0.35,0.43,0.2502,deprioritized,P(unrelated or weak)=0.96,typesafe-ai/jev,a4b41185524e,True
86ea6263-7d76-4576-961b-68f7388bf810,FY26 DEFENSE ESTABLISHED PROGRAM TO STIMULATE COMPETITIVE RESEARCH (DEPSCoR) CAPACITY BUILDING (CB),open,none,0.94,"{""strong"": 0, ""none"": 0.94, ""weak"": 0.06, ""moderate"": 0}",none,0.98,"{""G1"": 0, ""G4"": 0.01, ""none"": 0.98, ""G2"": 0, ""G3"": 0, ""G5"": 0.01}",ineligible,0.66,"{""lead"": 0, ""partner"": 0.07, ""atypical"": 0.27, ""unclear"": 0, ""ineligible"": 0.66}",none,1.0,"{""DAGING"": 0, ""none"": 1, ""DCFW"": 0, ""DPH"": 0, ""OSEC"": 0, ""ORH"": 0, ""DMHDDSUS"": 0, ""MEDICAID"": 0, ""DSBDHH"": 0, ""DEIPD"": 0, ""DSOHF"": 0, ""DHSR"": 0, ""DSS"": 0, ""DCDEE"": 0}",0.02,0.07,0.0107,deprioritized,P(unrelated)=0.94,typesafe-ai/jev,a4b41185524e,True
87180f5c-ab64-486d-a3f7-ab91583b97c0,Fiscal Year (FY) 2022-2026 Advanced Digital Construction Management Systems (ADCMS),open,none,0.99,"{""weak"": 0.01, ""none"": 0.99, ""strong"": 0, ""moderate"": 0}",none,0.9,"{""G3"": 0, ""none"": 0.9, ""G4"": 0, ""G5"": 0.1, ""G1"": 0, ""G2"": 0}",ineligible,0.93,"{""ineligible"": 0.93, ""atypical"": 0.04, ""unclear"": 0, ""partner"": 0.01, ""lead"": 0.01}",none,1.0,"{""ORH"": 0, ""DAGING"": 0, ""OSEC"": 0, ""DCDEE"": 0, ""DSBDHH"": 0, ""DPH"": 0, ""DHSR"": 0, ""DMHDDSUS"": 0, ""DSS"": 0, ""MEDICAID"": 0, ""none"": 1, ""DSOHF"": 0, ""DEIPD"": 0, ""DCFW"": 0}",0.0033,0.02,0.0017,deprioritized,P(unrelated)=0.99,typesafe-ai/jev,a4b41185524e,True
8747b235-c8dd-497f-a66b-9a9f5db2eb9c,Advanced Development and Validation of Emerging Technologies for Basic and Clinical Cancer Research (R33 Clinical Trial Not Allowed),forecast,weak,1.0,"{""strong"": 0, ""none"": 0, ""moderate"": 0, ""weak"": 1}",none,0.76,"{""none"": 0.76, ""G4"": 0.01, ""G2"": 0, ""G3"": 0, ""G5"": 0.15, ""G1"": 0.08}",atypical,0.87,"{""lead"": 0, ""partner"": 0.1, ""ineligible"": 0.03, ""unclear"": 0, ""atypical"": 0.87}",none,0.72,"{""DAGING"": 0, ""none"": 0.72, ""DHSR"": 0, ""DMHDDSUS"": 0, ""OSEC"": 0, ""DSBDHH"": 0, ""ORH"": 0, ""DSS"": 0, ""MEDICAID"": 0, ""DCFW"": 0, ""DCDEE"": 0.01, ""DPH"": 0.27, ""DEIPD"": 0, ""DSOHF"": 0}",0.3333,0.1,0.1833,deprioritized,P(unrelated or weak)=1.00,typesafe-ai/jev,a4b41185524e,True
87b9a258-23cf-462a-a0af-154134f8948d,"NEA Arts and Artifacts Domestic Indemnity Program 1, FY2027 (12/26)",open,none,1.0,"{""weak"": 0, ""none"": 1, ""moderate"": 0, ""strong"": 0}",none,0.99,"{""G5"": 0.01, ""G4"": 0, ""none"": 0.99, ""G3"": 0, ""G2"": 0, ""G1"": 0}",atypical,0.91,"{""lead"": 0.01, ""partner"": 0.04, ""ineligible"": 0.01, ""atypical"": 0.91, ""unclear"": 0.03}",none,0.98,"{""DHSR"": 0, ""DSS"": 0, ""DPH"": 0, ""OSEC"": 0.02, ""DMHDDSUS"": 0, ""DCFW"": 0, ""DCDEE"": 0, ""DEIPD"": 0, ""DAGING"": 0, ""DSBDHH"": 0, ""DSOHF"": 0, ""none"": 0.98, ""ORH"": 0, ""MEDICAID"": 0}",0.0,0.05,0.0,deprioritized,P(unrelated)=1.00,typesafe-ai/jev,a4b41185524e,True
881ebc06-b741-480f-a9fb-688cb1407352,Plant Protection Act Section 7721 Fiscal Year 2027 National Clean Plant Network (NCPN),open,none,0.9,"{""strong"": 0, ""moderate"": 0, ""none"": 0.9, ""weak"": 0.1}",none,0.99,"{""G4"": 0, ""G2"": 0, ""none"": 0.99, ""G1"": 0, ""G3"": 0, ""G5"": 0.01}",atypical,0.85,"{""lead"": 0.03, ""unclear"": 0, ""ineligible"": 0.04, ""partner"": 0.08, ""atypical"": 0.85}",none,1.0,"{""DCDEE"": 0, ""DCFW"": 0, ""none"": 1, ""DPH"": 0, ""DSBDHH"": 0, ""DAGING"": 0, ""DSOHF"": 0, ""MEDICAID"": 0, ""ORH"": 0, ""OSEC"": 0, ""DHSR"": 0, ""DSS"": 0, ""DEIPD"": 0, ""DMHDDSUS"": 0}",0.0333,0.11,0.0185,deprioritized,P(unrelated)=0.90,typesafe-ai/jev,a4b41185524e,True
8899390a-91ee-47f3-b8f4-3a2998dfde40,Biological Technologies,open,none,0.94,"{""weak"": 0.06, ""none"": 0.94, ""strong"": 0, ""moderate"": 0}",none,0.97,"{""G2"": 0, ""G3"": 0, ""none"": 0.97, ""G4"": 0, ""G1"": 0, ""G5"": 0.03}",atypical,0.94,"{""lead"": 0, ""atypical"": 0.94, ""ineligible"": 0.01, ""unclear"": 0.02, ""partner"": 0.03}",none,0.94,"{""MEDICAID"": 0, ""DPH"": 0.05, ""DEIPD"": 0, ""DMHDDSUS"": 0, ""none"": 0.94, ""ORH"": 0, ""DCFW"": 0, ""DSOHF"": 0, ""DSBDHH"": 0, ""DSS"": 0, ""DAGING"": 0, ""DCDEE"": 0, ""DHSR"": 0, ""OSEC"": 0.01}",0.02,0.03,0.0103,deprioritized,P(unrelated)=0.94,typesafe-ai/jev,a4b41185524e,True
889bb2c2-a754-41fb-a6bf-c671c4da659d,Meet the Corner Program FY2024,forecast,none,1.0,"{""strong"": 0, ""moderate"": 0, ""none"": 1, ""weak"": 0}",none,1.0,"{""G5"": 0, ""G1"": 0, ""G2"": 0, ""G3"": 0, ""none"": 1, ""G4"": 0}",ineligible,1.0,"{""unclear"": 0, ""atypical"": 0, ""ineligible"": 1, ""partner"": 0, ""lead"": 0}",none,1.0,"{""DSBDHH"": 0, ""DSOHF"": 0, ""DAGING"": 0, ""ORH"": 0, ""DCDEE"": 0, ""DMHDDSUS"": 0, ""DCFW"": 0, ""DSS"": 0, ""DHSR"": 0, ""DPH"": 0, ""DEIPD"": 0, ""OSEC"": 0, ""none"": 1, ""MEDICAID"": 0}",0.0,0.0,0.0,deprioritized,P(unrelated)=1.00,typesafe-ai/jev,a4b41185524e,True
88a9b974-d54d-4114-8623-9730c5d07351,STARBASE Cherry Point,forecast,none,0.89,"{""weak"": 0.09, ""strong"": 0.01, ""none"": 0.89, ""moderate"": 0.01}",none,0.74,"{""G2"": 0.02, ""G3"": 0, ""none"": 0.74, ""G1"": 0, ""G4"": 0.23, ""G5"": 0.01}",ineligible,0.98,"{""lead"": 0, ""unclear"": 0, ""ineligible"": 0.98, ""atypical"": 0.01, ""partner"": 0.01}",none,0.92,"{""MEDICAID"": 0, ""DPH"": 0, ""OSEC"": 0.01, ""DMHDDSUS"": 0, ""ORH"": 0, ""DSBDHH"": 0, ""DCFW"": 0.02, ""DSOHF"": 0, ""none"": 0.92, ""DEIPD"": 0, ""DAGING"": 0, ""DCDEE"": 0.05, ""DSS"": 0, ""DHSR"": 0}",0.0467,0.01,0.0236,deprioritized,P(unrelated)=0.89,typesafe-ai/jev,a4b41185524e,True
88b8f3fc-c8e0-4ab0-98e5-65a31953386d,Public Affairs Section Notice of Funding Opportunity 2020,forecast,none,1.0,"{""strong"": 0, ""moderate"": 0, ""none"": 1, ""weak"": 0}",none,1.0,"{""G4"": 0, ""G5"": 0, ""G2"": 0, ""G3"": 0, ""none"": 1, ""G1"": 0}",atypical,0.75,"{""partner"": 0.01, ""lead"": 0, ""atypical"": 0.75, ""unclear"": 0.07, ""ineligible"": 0.17}",none,1.0,"{""DCFW"": 0, ""ORH"": 0, ""OSEC"": 0, ""DAGING"": 0, ""DEIPD"": 0, ""DCDEE"": 0, ""DPH"": 0, ""DSOHF"": 0, ""DSBDHH"": 0, ""MEDICAID"": 0, ""DMHDDSUS"": 0, ""none"": 1, ""DSS"": 0, ""DHSR"": 0}",0.0,0.01,0.0,deprioritized,P(unrelated)=1.00,typesafe-ai/jev,a4b41185524e,True
88f12b64-0fbc-44ea-a689-57ed9e9fb9dd,Fiscal Year (FY) 2027 State and Regional Primary Care Association (PCA) Cooperative Agreements,forecast,strong,0.67,"{""weak"": 0.09, ""moderate"": 0.24, ""none"": 0, ""strong"": 0.67}",G1,0.92,"{""G2"": 0, ""G1"": 0.92, ""G5"": 0, ""none"": 0.07, ""G4"": 0.01, ""G3"": 0}",partner,0.49,"{""unclear"": 0.01, ""lead"": 0.22, ""ineligible"": 0.01, ""partner"": 0.49, ""atypical"": 0.27}",ORH,0.85,"{""ORH"": 0.85, ""DCDEE"": 0, ""DHSR"": 0.01, ""none"": 0.11, ""DSOHF"": 0, ""DPH"": 0.02, ""DCFW"": 0, ""DAGING"": 0, ""MEDICAID"": 0.01, ""OSEC"": 0, ""DEIPD"": 0, ""DMHDDSUS"": 0, ""DSS"": 0, ""DSBDHH"": 0}",0.86,0.71,0.7353,deep_review,not confidently irrelevant,typesafe-ai/jev,a4b41185524e,True
890987ab-43f2-4384-8acb-5fcfabb06854,NRL Long Range Broad Agency Announcement (BAA) for Basic and Applied Research,open,none,0.98,"{""moderate"": 0, ""none"": 0.98, ""strong"": 0, ""weak"": 0.02}",none,0.98,"{""G1"": 0, ""G2"": 0, ""G3"": 0, ""G4"": 0, ""G5"": 0.02, ""none"": 0.98}",atypical,0.72,"{""atypical"": 0.72, ""ineligible"": 0, ""lead"": 0, ""partner"": 0.01, ""unclear"": 0.27}",none,0.97,"{""DAGING"": 0, ""DCDEE"": 0, ""DCFW"": 0, ""DEIPD"": 0, ""DHSR"": 0, ""DMHDDSUS"": 0, ""DPH"": 0.03, ""DSBDHH"": 0, ""DSOHF"": 0, ""DSS"": 0, ""MEDICAID"": 0, ""ORH"": 0, ""OSEC"": 0, ""none"": 0.97}",0.0067,0.01,0.0034,deprioritized,P(unrelated)=0.98,typesafe-ai/jev,a4b41185524e,True
894961b0-a582-43d9-b92d-9d4809e7b00d,Translational Transplantation Tolerance Cooperative Study Group,forecast,weak,1.0,"{""weak"": 1, ""strong"": 0, ""moderate"": 0, ""none"": 0}",none,0.8,"{""G5"": 0.02, ""G3"": 0, ""G4"": 0.01, ""G1"": 0.16, ""none"": 0.8, ""G2"": 0}",atypical,0.7,"{""atypical"": 0.7, ""ineligible"": 0.03, ""unclear"": 0, ""lead"": 0.01, ""partner"": 0.26}",none,0.89,"{""ORH"": 0, ""DCDEE"": 0, ""DSOHF"": 0.03, ""DEIPD"": 0, ""DAGING"": 0, ""MEDICAID"": 0, ""DSS"": 0, ""DSBDHH"": 0, ""OSEC"": 0, ""DPH"": 0.07, ""DCFW"": 0, ""none"": 0.89, ""DMHDDSUS"": 0, ""DHSR"": 0.01}",0.3333,0.27,0.2117,deprioritized,P(unrelated or weak)=1.00,typesafe-ai/jev,a4b41185524e,True
89a07b27-f689-431c-87e4-85a217971976,NCCIH Natural Product Early Phase Clinical Trial Award (R33 Clinical Trial Required),open,weak,1.0,"{""weak"": 1, ""none"": 0, ""moderate"": 0, ""strong"": 0}",none,0.92,"{""G4"": 0.01, ""G3"": 0, ""none"": 0.92, ""G5"": 0.01, ""G2"": 0, ""G1"": 0.06}",atypical,0.81,"{""ineligible"": 0, ""lead"": 0.01, ""atypical"": 0.81, ""partner"": 0.18, ""unclear"": 0}",none,0.81,"{""MEDICAID"": 0, ""DPH"": 0.14, ""DCFW"": 0, ""DSOHF"": 0.01, ""none"": 0.81, ""DSS"": 0, ""DAGING"": 0, ""DCDEE"": 0.01, ""DSBDHH"": 0, ""OSEC"": 0, ""ORH"": 0.01, ""DMHDDSUS"": 0.01, ""DEIPD"": 0, ""DHSR"": 0.01}",0.3333,0.19,0.1983,deprioritized,P(unrelated or weak)=1.00,typesafe-ai/jev,a4b41185524e,True
89d165d3-00db-4330-bc9a-8be4444f2633,Outdoor Recreation Legacy Partnership Program (ORLP) Recurring Notice 5 Year,open,none,0.79,"{""moderate"": 0.02, ""none"": 0.79, ""strong"": 0.01, ""weak"": 0.18}",none,0.71,"{""G2"": 0.01, ""none"": 0.71, ""G3"": 0, ""G5"": 0, ""G4"": 0, ""G1"": 0.28}",atypical,0.39,"{""atypical"": 0.39, ""lead"": 0.2, ""ineligible"": 0.12, ""unclear"": 0, ""partner"": 0.29}",none,0.99,"{""DCFW"": 0, ""DSBDHH"": 0, ""none"": 0.99, ""DHSR"": 0, ""MEDICAID"": 0, ""ORH"": 0, ""DSS"": 0, ""DAGING"": 0, ""OSEC"": 0, ""DPH"": 0, ""DMHDDSUS"": 0, ""DEIPD"": 0, ""DCDEE"": 0.01, ""DSOHF"": 0}",0.0833,0.49,0.0621,deprioritized,P(unrelated or weak)=0.97,typesafe-ai/jev,a4b41185524e,True
8ad02b0a-1712-4da7-9ce5-247363b661ab,"UNITED STATES ARMY RESEARCH INSTITUTE FOR THE BEHAVIORAL AND SOCIAL SCIENCES (ARI) BROAD AGENCY ANNOUNCEMENT FOR BASIC, APPLIED, AND ADVANCED SCIENTIFIC RESEARCH",open,none,0.93,"{""moderate"": 0, ""none"": 0.93, ""strong"": 0, ""weak"": 0.07}",none,0.84,"{""G3"": 0.13, ""none"": 0.84, ""G4"": 0.02, ""G5"": 0.01, ""G1"": 0, ""G2"": 0}",atypical,0.71,"{""partner"": 0.07, ""ineligible"": 0.22, ""lead"": 0, ""unclear"": 0, ""atypical"": 0.71}",none,0.88,"{""DHSR"": 0, ""none"": 0.88, ""DSS"": 0, ""DCFW"": 0, ""DMHDDSUS"": 0.09, ""DSOHF"": 0, ""DPH"": 0.02, ""DAGING"": 0, ""DCDEE"": 0, ""DSBDHH"": 0, ""DEIPD"": 0, ""MEDICAID"": 0, ""ORH"": 0, ""OSEC"": 0.01}",0.0233,0.07,0.0125,deprioritized,P(unrelated)=0.93,typesafe-ai/jev,a4b41185524e,True
8ae80981-8f34-48e1-9a75-c7ca81553ce7,Personal Health Informatics for Delivering Actionable Insights to Individuals (R01 Clinical Trial Optional),open,weak,0.78,"{""moderate"": 0.19, ""none"": 0, ""strong"": 0.03, ""weak"": 0.78}",G5,0.56,"{""G1"": 0.22, ""G2"": 0, ""G3"": 0.03, ""G4"": 0, ""G5"": 0.56, ""none"": 0.19}",atypical,0.65,"{""atypical"": 0.65, ""ineligible"": 0, ""lead"": 0.01, ""partner"": 0.34, ""unclear"": 0}",none,0.49,"{""DAGING"": 0, ""DCDEE"": 0, ""DCFW"": 0, ""DEIPD"": 0, ""DHSR"": 0, ""DMHDDSUS"": 0.12, ""DPH"": 0.23, ""DSBDHH"": 0, ""DSOHF"": 0, ""DSS"": 0, ""MEDICAID"": 0.01, ""ORH"": 0, ""OSEC"": 0.15, ""none"": 0.49}",0.4167,0.35,0.2812,deep_review,not confidently irrelevant,typesafe-ai/jev,a4b41185524e,True
8aeb4ef5-51e3-434b-b5a8-0c4287be2b64,Atlanta FY 2021 – FY 2023 EDA Planning and Local Technical Assistance,open,none,0.8,"{""weak"": 0.19, ""none"": 0.8, ""moderate"": 0.01, ""strong"": 0}",none,0.88,"{""G3"": 0, ""none"": 0.88, ""G2"": 0, ""G5"": 0.05, ""G1"": 0, ""G4"": 0.07}",atypical,0.51,"{""unclear"": 0, ""atypical"": 0.51, ""ineligible"": 0.01, ""lead"": 0.15, ""partner"": 0.33}",none,0.95,"{""OSEC"": 0.01, ""ORH"": 0, ""DPH"": 0, ""DCFW"": 0, ""MEDICAID"": 0, ""DSS"": 0, ""DSOHF"": 0, ""DEIPD"": 0.01, ""none"": 0.95, ""DHSR"": 0, ""DCDEE"": 0.03, ""DMHDDSUS"": 0, ""DSBDHH"": 0, ""DAGING"": 0}",0.07,0.48,0.0518,deprioritized,P(unrelated or weak)=0.99,typesafe-ai/jev,a4b41185524e,True
8b031432-4455-4e66-9a51-ec41e8d6fa09,Clinical and Translational Science Award (UM1 Clinical Trial Optional),open,weak,0.73,"{""moderate"": 0.14, ""none"": 0, ""strong"": 0.13, ""weak"": 0.73}",G1,0.48,"{""G1"": 0.48, ""G2"": 0, ""G3"": 0, ""G4"": 0.03, ""G5"": 0.36, ""none"": 0.13}",partner,0.71,"{""atypical"": 0.28, ""ineligible"": 0, ""lead"": 0.01, ""partner"": 0.71, ""unclear"": 0}",DPH,0.55,"{""DAGING"": 0, ""DCDEE"": 0, ""DCFW"": 0, ""DEIPD"": 0, ""DHSR"": 0, ""DMHDDSUS"": 0, ""DPH"": 0.55, ""DSBDHH"": 0, ""DSOHF"": 0, ""DSS"": 0, ""MEDICAID"": 0.01, ""ORH"": 0.02, ""OSEC"": 0.03, ""none"": 0.39}",0.4667,0.72,0.4013,deep_review,not confidently irrelevant,typesafe-ai/jev,a4b41185524e,True
8b2aa3e2-733a-44d8-876e-56df42678c9a,Fiscal Year 2027 Regional Nutrition Hubs,forecast,strong,0.66,"{""weak"": 0.06, ""strong"": 0.66, ""none"": 0, ""moderate"": 0.28}",G1,0.82,"{""G4"": 0.01, ""G2"": 0.01, ""G3"": 0, ""none"": 0.15, ""G5"": 0.01, ""G1"": 0.82}",partner,0.61,"{""lead"": 0.06, ""ineligible"": 0, ""unclear"": 0.15, ""atypical"": 0.18, ""partner"": 0.61}",DPH,0.45,"{""DHSR"": 0.01, ""ORH"": 0.43, ""MEDICAID"": 0, ""OSEC"": 0, ""none"": 0.08, ""DMHDDSUS"": 0, ""DSS"": 0.01, ""DCFW"": 0.02, ""DAGING"": 0, ""DSOHF"": 0, ""DPH"": 0.45, ""DSBDHH"": 0, ""DEIPD"": 0, ""DCDEE"": 0}",0.8667,0.67,0.7237,deep_review,not confidently irrelevant,typesafe-ai/jev,a4b41185524e,True
8b2ad75c-3341-42c5-806d-f468c9e3e28f,Teaching Health Center Graduate Medical Education (THCGME) Program,forecast,strong,0.54,"{""weak"": 0.23, ""strong"": 0.54, ""none"": 0, ""moderate"": 0.23}",G1,0.47,"{""G1"": 0.47, ""none"": 0.24, ""G3"": 0, ""G2"": 0, ""G5"": 0, ""G4"": 0.29}",ineligible,0.53,"{""unclear"": 0.01, ""partner"": 0.31, ""ineligible"": 0.53, ""atypical"": 0.15, ""lead"": 0}",ORH,0.65,"{""DSS"": 0, ""ORH"": 0.65, ""MEDICAID"": 0.01, ""none"": 0.31, ""DMHDDSUS"": 0, ""DPH"": 0, ""DSOHF"": 0, ""DSBDHH"": 0, ""OSEC"": 0, ""DAGING"": 0, ""DEIPD"": 0, ""DCDEE"": 0, ""DCFW"": 0, ""DHSR"": 0.03}",0.77,0.31,0.5044,deep_review,not confidently irrelevant,typesafe-ai/jev,a4b41185524e,True
8b6a506d-2b5b-41b6-86ea-443599f32b2b,WaterSMART Cooperative Watershed Management Program,open,none,0.78,"{""weak"": 0.19, ""strong"": 0.01, ""none"": 0.78, ""moderate"": 0.02}",none,1.0,"{""G4"": 0, ""G2"": 0, ""G1"": 0, ""G5"": 0, ""none"": 1, ""G3"": 0}",atypical,0.46,"{""atypical"": 0.46, ""ineligible"": 0.35, ""unclear"": 0, ""partner"": 0.17, ""lead"": 0.02}",none,0.97,"{""DSBDHH"": 0, ""OSEC"": 0, ""DHSR"": 0, ""DCFW"": 0, ""DMHDDSUS"": 0, ""MEDICAID"": 0, ""DCDEE"": 0.01, ""DSOHF"": 0, ""DEIPD"": 0, ""ORH"": 0, ""DPH"": 0.02, ""none"": 0.97, ""DAGING"": 0, ""DSS"": 0}",0.0867,0.19,0.0516,deprioritized,P(unrelated or weak)=0.97,typesafe-ai/jev,a4b41185524e,True
8b8e84db-ef5a-4e00-8d5b-f316b7dfe960,Small Grant Program in the People's Republic of China,forecast,none,0.99,"{""moderate"": 0, ""weak"": 0.01, ""strong"": 0, ""none"": 0.99}",none,1.0,"{""G2"": 0, ""G3"": 0, ""none"": 1, ""G5"": 0, ""G4"": 0, ""G1"": 0}",ineligible,0.81,"{""atypical"": 0.18, ""lead"": 0, ""partner"": 0.01, ""ineligible"": 0.81, ""unclear"": 0}",none,0.99,"{""MEDICAID"": 0, ""DCDEE"": 0, ""DSBDHH"": 0, ""OSEC"": 0.01, ""DSOHF"": 0, ""ORH"": 0, ""DHSR"": 0, ""DMHDDSUS"": 0, ""none"": 0.99, ""DSS"": 0, ""DPH"": 0, ""DEIPD"": 0, ""DCFW"": 0, ""DAGING"": 0}",0.0033,0.01,0.0017,deprioritized,P(unrelated)=0.99,typesafe-ai/jev,a4b41185524e,True
8bb15754-c013-462d-b305-f2a8dd116e08,Rural Health Network Development Program,forecast,strong,0.78,"{""strong"": 0.78, ""moderate"": 0.18, ""weak"": 0.04, ""none"": 0}",G1,0.98,"{""G3"": 0, ""G2"": 0, ""G4"": 0, ""none"": 0.02, ""G1"": 0.98, ""G5"": 0}",partner,0.6,"{""ineligible"": 0.01, ""atypical"": 0.34, ""partner"": 0.6, ""unclear"": 0, ""lead"": 0.05}",ORH,0.99,"{""DEIPD"": 0, ""DSOHF"": 0, ""DSBDHH"": 0, ""DCDEE"": 0, ""DHSR"": 0, ""OSEC"": 0, ""DAGING"": 0, ""DCFW"": 0, ""DMHDDSUS"": 0, ""MEDICAID"": 0, ""DSS"": 0, ""none"": 0.01, ""ORH"": 0.99, ""DPH"": 0}",0.9133,0.65,0.7535,deep_review,not confidently irrelevant,typesafe-ai/jev,a4b41185524e,True
8bc3f85c-e660-422a-888e-b708f3e993ba,Clinical Studies of Orphan Products Addressing Unmet Needs of Rare Diseases (R01 Clinical Trials Required),forecast,weak,1.0,"{""weak"": 1, ""strong"": 0, ""moderate"": 0, ""none"": 0}",none,0.57,"{""G2"": 0, ""G4"": 0, ""G1"": 0.42, ""G5"": 0.01, ""G3"": 0, ""none"": 0.57}",atypical,0.82,"{""ineligible"": 0, ""unclear"": 0, ""partner"": 0.18, ""lead"": 0, ""atypical"": 0.82}",none,0.89,"{""DAGING"": 0, ""ORH"": 0, ""DSBDHH"": 0, ""DMHDDSUS"": 0, ""DHSR"": 0.01, ""OSEC"": 0, ""DPH"": 0.07, ""DCDEE"": 0, ""none"": 0.89, ""DCFW"": 0, ""MEDICAID"": 0.01, ""DSOHF"": 0.02, ""DEIPD"": 0, ""DSS"": 0}",0.3333,0.18,0.1967,deprioritized,P(unrelated or weak)=1.00,typesafe-ai/jev,a4b41185524e,True
8bc4a6d6-6ae5-4f51-b8fc-cee66eaacd76,Lasker Clinical Research Scholar's Program (Si2/R00 Clinical Trial  Optional),forecast,weak,1.0,"{""weak"": 1, ""moderate"": 0, ""strong"": 0, ""none"": 0}",none,0.89,"{""G5"": 0.01, ""none"": 0.89, ""G4"": 0.09, ""G3"": 0, ""G2"": 0, ""G1"": 0.01}",atypical,0.93,"{""lead"": 0, ""partner"": 0.02, ""unclear"": 0, ""ineligible"": 0.05, ""atypical"": 0.93}",none,0.93,"{""DPH"": 0.04, ""OSEC"": 0.01, ""DSBDHH"": 0, ""DCDEE"": 0, ""DSS"": 0, ""DMHDDSUS"": 0, ""ORH"": 0.01, ""DAGING"": 0, ""DHSR"": 0, ""MEDICAID"": 0, ""DSOHF"": 0, ""DCFW"": 0, ""DEIPD"": 0, ""none"": 0.93}",0.3333,0.02,0.17,deprioritized,P(unrelated or weak)=1.00,typesafe-ai/jev,a4b41185524e,True
8be6fe10-f53b-4855-b3a3-06d2baeb2fa9,Children’s Hospitals Graduate Medical Education (CHGME) Payment Program,forecast,weak,0.91,"{""weak"": 0.91, ""strong"": 0.04, ""none"": 0.02, ""moderate"": 0.03}",none,0.74,"{""G1"": 0.01, ""G4"": 0.15, ""G3"": 0, ""none"": 0.74, ""G5"": 0, ""G2"": 0.1}",ineligible,0.8,"{""ineligible"": 0.8, ""atypical"": 0.13, ""partner"": 0.07, ""lead"": 0, ""unclear"": 0}",none,0.92,"{""DSOHF"": 0.02, ""ORH"": 0.01, ""DAGING"": 0, ""DMHDDSUS"": 0, ""DCFW"": 0, ""DSBDHH"": 0, ""DCDEE"": 0, ""DSS"": 0, ""DPH"": 0, ""DHSR"": 0.02, ""none"": 0.92, ""MEDICAID"": 0.03, ""OSEC"": 0, ""DEIPD"": 0}",0.3633,0.07,0.1944,deep_review,not confidently irrelevant,typesafe-ai/jev,a4b41185524e,True
8d1358e4-662b-4359-aa77-e553a65a6511,Veterans Legacy Grants Program,forecast,none,0.66,"{""weak"": 0.33, ""strong"": 0, ""none"": 0.66, ""moderate"": 0.01}",none,0.98,"{""G1"": 0.02, ""none"": 0.98, ""G5"": 0, ""G2"": 0, ""G3"": 0, ""G4"": 0}",atypical,0.86,"{""unclear"": 0, ""partner"": 0.12, ""ineligible"": 0.01, ""atypical"": 0.86, ""lead"": 0.01}",none,0.96,"{""MEDICAID"": 0, ""none"": 0.96, ""ORH"": 0, ""DSS"": 0, ""DMHDDSUS"": 0, ""DPH"": 0, ""DCDEE"": 0, ""DAGING"": 0.04, ""OSEC"": 0, ""DSOHF"": 0, ""DEIPD"": 0, ""DSBDHH"": 0, ""DHSR"": 0, ""DCFW"": 0}",0.1167,0.13,0.0659,deprioritized,P(unrelated or weak)=0.99,typesafe-ai/jev,a4b41185524e,True
8d272419-96d1-4898-9706-0d86a1e63c03,Preschool Development Grant Birth Through Five (PDG B-5) SMART Grant,forecast,strong,0.88,"{""strong"": 0.88, ""none"": 0, ""weak"": 0.01, ""moderate"": 0.11}",G2,0.61,"{""G1"": 0, ""G3"": 0, ""G5"": 0.38, ""G2"": 0.61, ""none"": 0.01, ""G4"": 0}",lead,0.96,"{""unclear"": 0, ""lead"": 0.96, ""partner"": 0.04, ""atypical"": 0, ""ineligible"": 0}",DCDEE,0.96,"{""ORH"": 0, ""OSEC"": 0.02, ""DSBDHH"": 0, ""DCFW"": 0.01, ""DMHDDSUS"": 0, ""DEIPD"": 0, ""MEDICAID"": 0, ""DSS"": 0, ""DCDEE"": 0.96, ""DSOHF"": 0, ""DPH"": 0, ""none"": 0.01, ""DAGING"": 0, ""DHSR"": 0}",0.9567,1.0,0.9567,deep_review,not confidently irrelevant,typesafe-ai/jev,a4b41185524e,True
8d79c6d1-86ef-4cb3-b467-b00baccfeea0,Federal and State Integration Activities to Advance Cooperation and Regulatory Standards Among Animal Food Safety Regulatory Programs,forecast,weak,0.75,"{""strong"": 0.02, ""moderate"": 0.07, ""weak"": 0.75, ""none"": 0.16}",none,0.83,"{""G5"": 0.17, ""none"": 0.83, ""G4"": 0, ""G2"": 0, ""G1"": 0, ""G3"": 0}",ineligible,0.53,"{""lead"": 0.04, ""partner"": 0.17, ""atypical"": 0.26, ""ineligible"": 0.53, ""unclear"": 0}",none,0.81,"{""MEDICAID"": 0, ""OSEC"": 0, ""ORH"": 0, ""DAGING"": 0, ""DMHDDSUS"": 0, ""DCFW"": 0.01, ""none"": 0.81, ""DPH"": 0.12, ""DHSR"": 0.04, ""DSS"": 0, ""DSBDHH"": 0, ""DEIPD"": 0, ""DSOHF"": 0, ""DCDEE"": 0.01}",0.3167,0.21,0.1916,deep_review,not confidently irrelevant,typesafe-ai/jev,a4b41185524e,True
8dd806c4-1ded-4652-be78-b19ba6bd4b8d,Global Collaborative Research Training on Non-Communicable Diseases and Disorders Across the Lifespan,forecast,weak,1.0,"{""moderate"": 0, ""none"": 0, ""strong"": 0, ""weak"": 1}",none,0.83,"{""G2"": 0, ""none"": 0.83, ""G3"": 0, ""G5"": 0.01, ""G4"": 0.09, ""G1"": 0.07}",atypical,0.7,"{""ineligible"": 0.15, ""lead"": 0.01, ""atypical"": 0.7, ""unclear"": 0, ""partner"": 0.14}",none,0.67,"{""OSEC"": 0.01, ""none"": 0.67, ""MEDICAID"": 0, ""DHSR"": 0, ""DSBDHH"": 0, ""ORH"": 0, ""DSS"": 0, ""DAGING"": 0, ""DCFW"": 0, ""DPH"": 0.31, ""DMHDDSUS"": 0, ""DEIPD"": 0, ""DCDEE"": 0.01, ""DSOHF"": 0}",0.3333,0.15,0.1917,deprioritized,P(unrelated or weak)=1.00,typesafe-ai/jev,a4b41185524e,True
8dfe8b42-bbb0-4938-a9b5-6c6cec3a1bbb,"DoW Amyotrophic Lateral Sclerosis Research Program, Therapeutic Idea Award",open,weak,0.92,"{""weak"": 0.92, ""strong"": 0, ""none"": 0.08, ""moderate"": 0}",none,0.84,"{""G1"": 0.14, ""none"": 0.84, ""G5"": 0.01, ""G2"": 0, ""G3"": 0, ""G4"": 0.01}",atypical,0.95,"{""unclear"": 0.04, ""atypical"": 0.95, ""ineligible"": 0, ""partner"": 0.01, ""lead"": 0}",none,0.93,"{""MEDICAID"": 0, ""ORH"": 0, ""DSS"": 0, ""none"": 0.93, ""DMHDDSUS"": 0.01, ""DPH"": 0.06, ""DSOHF"": 0, ""DCDEE"": 0, ""OSEC"": 0, ""DSBDHH"": 0, ""DEIPD"": 0, ""DAGING"": 0, ""DCFW"": 0, ""DHSR"": 0}",0.3067,0.01,0.1549,deprioritized,P(unrelated or weak)=1.00,typesafe-ai/jev,a4b41185524e,True
8e1f564e-26b9-47d2-b838-486402d83eae,"HEAL Initiative: Integrative Management of chronic Pain and OUD for Whole Recovery (IMPOWR) - Building Engagement, Assistance, Capacity, Outreach, and Networks (BEACON) Center",forecast,moderate,0.37,"{""weak"": 0.34, ""none"": 0, ""strong"": 0.29, ""moderate"": 0.37}",G3,0.98,"{""G2"": 0, ""G3"": 0.98, ""none"": 0.02, ""G1"": 0, ""G4"": 0, ""G5"": 0}",partner,0.56,"{""lead"": 0.02, ""atypical"": 0.35, ""ineligible"": 0.06, ""unclear"": 0.01, ""partner"": 0.56}",DMHDDSUS,0.84,"{""MEDICAID"": 0, ""DPH"": 0.01, ""OSEC"": 0, ""DMHDDSUS"": 0.84, ""none"": 0.14, ""ORH"": 0, ""DCFW"": 0, ""DSOHF"": 0.01, ""DSS"": 0, ""DSBDHH"": 0, ""DAGING"": 0, ""DCDEE"": 0, ""DEIPD"": 0, ""DHSR"": 0}",0.65,0.58,0.5135,deep_review,not confidently irrelevant,typesafe-ai/jev,a4b41185524e,True
8e4a156c-436f-47fe-9f8b-b82ca0ca901e,Vet-LIRN Capacity-Building Project and Equipment Grants (U18),open,weak,0.9,"{""weak"": 0.9, ""moderate"": 0.05, ""none"": 0.03, ""strong"": 0.02}",none,0.75,"{""G2"": 0, ""G1"": 0, ""G3"": 0, ""none"": 0.75, ""G4"": 0.01, ""G5"": 0.24}",atypical,0.66,"{""unclear"": 0.01, ""lead"": 0, ""atypical"": 0.66, ""partner"": 0.33, ""ineligible"": 0}",none,0.6,"{""ORH"": 0, ""DCDEE"": 0.01, ""DHSR"": 0, ""none"": 0.6, ""DSOHF"": 0, ""DPH"": 0.39, ""DCFW"": 0, ""DAGING"": 0, ""MEDICAID"": 0, ""OSEC"": 0, ""DEIPD"": 0, ""DMHDDSUS"": 0, ""DSS"": 0, ""DSBDHH"": 0}",0.3533,0.33,0.235,deep_review,not confidently irrelevant,typesafe-ai/jev,a4b41185524e,True
8e89d84a-1f55-4cb8-b969-5a94c782ea79,Mentored Patient-Oriented Research Career Development Award (Parent K23  Independent Clinical Trial Not Allowed),open,weak,1.0,"{""weak"": 1, ""none"": 0, ""moderate"": 0, ""strong"": 0}",none,0.68,"{""none"": 0.68, ""G2"": 0, ""G5"": 0, ""G3"": 0, ""G4"": 0.31, ""G1"": 0.01}",atypical,0.91,"{""atypical"": 0.91, ""partner"": 0.07, ""lead"": 0, ""ineligible"": 0.02, ""unclear"": 0}",none,0.91,"{""none"": 0.91, ""DSBDHH"": 0, ""MEDICAID"": 0, ""DCDEE"": 0, ""DSS"": 0, ""DAGING"": 0, ""DEIPD"": 0, ""ORH"": 0.01, ""DPH"": 0.05, ""DMHDDSUS"": 0.01, ""DSOHF"": 0.01, ""DHSR"": 0, ""OSEC"": 0.01, ""DCFW"": 0}",0.3333,0.07,0.1783,deprioritized,P(unrelated or weak)=1.00,typesafe-ai/jev,a4b41185524e,True
8ef2f23a-ee0a-4b39-bd42-61e814fba369,Specialized Center Cooperative Agreements in Aging and/or Alzheimer's Disease (AD) and AD-Related Dementias (ADRD) Research,forecast,weak,1.0,"{""weak"": 1, ""strong"": 0, ""moderate"": 0, ""none"": 0}",none,0.68,"{""G5"": 0.01, ""G3"": 0.01, ""G2"": 0, ""G1"": 0.28, ""none"": 0.68, ""G4"": 0.02}",atypical,0.59,"{""unclear"": 0, ""ineligible"": 0.04, ""partner"": 0.36, ""lead"": 0.01, ""atypical"": 0.59}",none,0.72,"{""ORH"": 0, ""DCDEE"": 0, ""OSEC"": 0, ""DEIPD"": 0, ""DAGING"": 0.25, ""MEDICAID"": 0, ""DSS"": 0, ""DSOHF"": 0, ""DCFW"": 0, ""DPH"": 0.02, ""DSBDHH"": 0, ""DMHDDSUS"": 0.01, ""none"": 0.72, ""DHSR"": 0}",0.3333,0.37,0.2283,deprioritized,P(unrelated or weak)=1.00,typesafe-ai/jev,a4b41185524e,True
8faea2b6-4c0b-4e8d-ba24-f637ba6e7bcc,Fundamental Research to Counter Weapons of Mass Destruction,open,none,0.9,"{""strong"": 0, ""none"": 0.9, ""moderate"": 0, ""weak"": 0.1}",none,0.99,"{""G2"": 0, ""G1"": 0, ""G3"": 0, ""G4"": 0, ""none"": 0.99, ""G5"": 0.01}",atypical,0.83,"{""unclear"": 0.14, ""lead"": 0, ""partner"": 0.03, ""atypical"": 0.83, ""ineligible"": 0}",none,0.78,"{""DSBDHH"": 0, ""DSS"": 0, ""DAGING"": 0, ""MEDICAID"": 0, ""DCDEE"": 0, ""none"": 0.78, ""DCFW"": 0, ""DMHDDSUS"": 0, ""DEIPD"": 0, ""DSOHF"": 0, ""ORH"": 0, ""OSEC"": 0, ""DHSR"": 0, ""DPH"": 0.22}",0.0333,0.03,0.0172,deprioritized,P(unrelated)=0.90,typesafe-ai/jev,a4b41185524e,True
901aad7d-210f-4978-b820-f4c3e48d5329,Medical Scientist Training Program (MSTP),forecast,weak,1.0,"{""strong"": 0, ""moderate"": 0, ""none"": 0, ""weak"": 1}",none,0.68,"{""G4"": 0.32, ""G5"": 0, ""G2"": 0, ""none"": 0.68, ""G1"": 0, ""G3"": 0}",atypical,0.71,"{""lead"": 0, ""partner"": 0.16, ""atypical"": 0.71, ""unclear"": 0, ""ineligible"": 0.13}",none,0.99,"{""DMHDDSUS"": 0, ""ORH"": 0, ""DAGING"": 0, ""DCDEE"": 0, ""DEIPD"": 0, ""DCFW"": 0, ""DSBDHH"": 0, ""DSOHF"": 0, ""DPH"": 0.01, ""MEDICAID"": 0, ""OSEC"": 0, ""none"": 0.99, ""DSS"": 0, ""DHSR"": 0}",0.3333,0.16,0.1933,deprioritized,P(unrelated or weak)=1.00,typesafe-ai/jev,a4b41185524e,True
91048663-1b10-45b7-9d7a-c76709a880f1,Biomarkers of Cognitive Decline and Dementias of Aging in Individuals within the Autism Spectrum,forecast,weak,1.0,"{""weak"": 1, ""strong"": 0, ""moderate"": 0, ""none"": 0}",G1,0.68,"{""G2"": 0.01, ""G4"": 0.01, ""G1"": 0.68, ""G5"": 0, ""G3"": 0.05, ""none"": 0.25}",atypical,0.56,"{""ineligible"": 0, ""unclear"": 0.01, ""partner"": 0.43, ""lead"": 0, ""atypical"": 0.56}",DMHDDSUS,0.54,"{""DAGING"": 0.07, ""ORH"": 0, ""DSBDHH"": 0, ""DMHDDSUS"": 0.54, ""OSEC"": 0, ""DPH"": 0.03, ""DHSR"": 0, ""DCDEE"": 0, ""none"": 0.36, ""DCFW"": 0, ""DSS"": 0, ""DSOHF"": 0, ""DEIPD"": 0, ""MEDICAID"": 0}",0.3333,0.43,0.2383,deprioritized,P(unrelated or weak)=1.00,typesafe-ai/jev,a4b41185524e,True
910a75ad-0418-4091-a436-703280874498,Infant-Toddler Court Program–National Resource Center,forecast,strong,0.87,"{""strong"": 0.87, ""none"": 0, ""moderate"": 0.12, ""weak"": 0.01}",G2,0.99,"{""G3"": 0, ""G1"": 0, ""G5"": 0, ""G2"": 0.99, ""none"": 0.01, ""G4"": 0}",partner,0.78,"{""unclear"": 0.01, ""lead"": 0.11, ""partner"": 0.78, ""atypical"": 0.1, ""ineligible"": 0}",DSS,0.97,"{""ORH"": 0, ""OSEC"": 0, ""DCFW"": 0.02, ""DSS"": 0.97, ""DEIPD"": 0, ""DMHDDSUS"": 0, ""MEDICAID"": 0, ""DPH"": 0, ""DCDEE"": 0, ""DSOHF"": 0, ""DSBDHH"": 0, ""none"": 0.01, ""DAGING"": 0, ""DHSR"": 0}",0.9533,0.89,0.9009,deep_review,not confidently irrelevant,typesafe-ai/jev,a4b41185524e,True
91454c48-930c-4d95-a0dd-8d71233d502b,Annual Program Statement (APS) For Fiscal Year 2026,forecast,none,1.0,"{""weak"": 0, ""none"": 1, ""strong"": 0, ""moderate"": 0}",none,1.0,"{""G3"": 0, ""none"": 1, ""G4"": 0, ""G5"": 0, ""G1"": 0, ""G2"": 0}",atypical,0.94,"{""ineligible"": 0.04, ""atypical"": 0.94, ""unclear"": 0, ""lead"": 0.01, ""partner"": 0.01}",none,0.99,"{""DMHDDSUS"": 0, ""DAGING"": 0, ""OSEC"": 0.01, ""DCDEE"": 0, ""DSBDHH"": 0, ""DPH"": 0, ""DSS"": 0, ""DHSR"": 0, ""DCFW"": 0, ""ORH"": 0, ""DSOHF"": 0, ""none"": 0.99, ""DEIPD"": 0, ""MEDICAID"": 0}",0.0,0.02,0.0,deprioritized,P(unrelated)=1.00,typesafe-ai/jev,a4b41185524e,True
91646887-7c4c-414b-9b0e-6d550296ece1,Early Immune System Development and Ontogeny (R01 Clinical Trial Optional),open,weak,1.0,"{""strong"": 0, ""none"": 0, ""moderate"": 0, ""weak"": 1}",G2,0.52,"{""G2"": 0.52, ""none"": 0.46, ""G1"": 0.02, ""G3"": 0, ""G5"": 0, ""G4"": 0}",atypical,0.71,"{""lead"": 0, ""partner"": 0.29, ""ineligible"": 0, ""unclear"": 0, ""atypical"": 0.71}",none,0.62,"{""DSBDHH"": 0, ""OSEC"": 0, ""DHSR"": 0, ""DMHDDSUS"": 0, ""DAGING"": 0, ""none"": 0.62, ""ORH"": 0, ""DSS"": 0, ""MEDICAID"": 0, ""DCFW"": 0, ""DCDEE"": 0.01, ""DPH"": 0.37, ""DSOHF"": 0, ""DEIPD"": 0}",0.3333,0.29,0.215,deprioritized,P(unrelated or weak)=1.00,typesafe-ai/jev,a4b41185524e,True
916fc598-7434-4cd9-8b95-4d165cb71cde,"NEA Arts and Artifacts International Indemnity Program 2, FY2027 (3/27)",open,none,1.0,"{""weak"": 0, ""none"": 1, ""moderate"": 0, ""strong"": 0}",none,0.98,"{""G3"": 0, ""none"": 0.98, ""G2"": 0, ""G5"": 0.02, ""G1"": 0, ""G4"": 0}",atypical,0.88,"{""unclear"": 0.04, ""atypical"": 0.88, ""lead"": 0.02, ""ineligible"": 0.01, ""partner"": 0.05}",none,0.98,"{""ORH"": 0, ""DEIPD"": 0, ""MEDICAID"": 0, ""DSBDHH"": 0, ""DPH"": 0, ""DMHDDSUS"": 0, ""DSOHF"": 0, ""DCDEE"": 0, ""DAGING"": 0, ""none"": 0.98, ""DSS"": 0, ""DHSR"": 0, ""DCFW"": 0, ""OSEC"": 0.02}",0.0,0.07,0.0,deprioritized,P(unrelated)=1.00,typesafe-ai/jev,a4b41185524e,True
91d0d477-b844-4189-8880-bd7a2876b24e,Surveillance and Case Control Study of Stillbirth and Birth Defects (SUCCSSBD),forecast,strong,0.95,"{""strong"": 0.95, ""moderate"": 0.05, ""none"": 0, ""weak"": 0}",G2,0.77,"{""G1"": 0.03, ""G5"": 0.11, ""none"": 0.09, ""G4"": 0, ""G3"": 0, ""G2"": 0.77}",partner,0.54,"{""atypical"": 0.03, ""ineligible"": 0, ""lead"": 0.36, ""unclear"": 0.07, ""partner"": 0.54}",DPH,1.0,"{""DPH"": 1, ""DMHDDSUS"": 0, ""DEIPD"": 0, ""ORH"": 0, ""MEDICAID"": 0, ""DCDEE"": 0, ""DCFW"": 0, ""DSS"": 0, ""DHSR"": 0, ""DSBDHH"": 0, ""DSOHF"": 0, ""none"": 0, ""DAGING"": 0, ""OSEC"": 0}",0.9833,0.9,0.9342,deep_review,not confidently irrelevant,typesafe-ai/jev,a4b41185524e,True
91f345f9-d1cc-4d70-b752-f66de49e0f6f,Translational Neural Devices (R61/R33 - Clinical Trial Optional),open,weak,1.0,"{""strong"": 0, ""moderate"": 0, ""none"": 0, ""weak"": 1}",none,0.81,"{""G5"": 0.09, ""G1"": 0.09, ""G2"": 0, ""G3"": 0, ""none"": 0.81, ""G4"": 0.01}",atypical,0.86,"{""unclear"": 0, ""atypical"": 0.86, ""ineligible"": 0, ""partner"": 0.14, ""lead"": 0}",none,0.88,"{""DSBDHH"": 0, ""DSOHF"": 0.03, ""DCDEE"": 0, ""ORH"": 0, ""DAGING"": 0, ""DMHDDSUS"": 0.03, ""MEDICAID"": 0, ""DEIPD"": 0, ""DHSR"": 0.01, ""DPH"": 0.05, ""DSS"": 0, ""OSEC"": 0, ""none"": 0.88, ""DCFW"": 0}",0.3333,0.14,0.19,deprioritized,P(unrelated or weak)=1.00,typesafe-ai/jev,a4b41185524e,True
9291f357-5202-4da7-8541-582c3becd270,Promoting Access with a Language Services Assistance Symbol,forecast,strong,0.68,"{""none"": 0, ""weak"": 0.04, ""moderate"": 0.28, ""strong"": 0.68}",G1,1.0,"{""none"": 0, ""G5"": 0, ""G4"": 0, ""G1"": 1, ""G3"": 0, ""G2"": 0}",partner,0.46,"{""atypical"": 0.19, ""ineligible"": 0.09, ""partner"": 0.46, ""lead"": 0.25, ""unclear"": 0.01}",DPH,0.7,"{""none"": 0.06, ""DSS"": 0, ""ORH"": 0.03, ""DSOHF"": 0, ""DPH"": 0.7, ""DHSR"": 0.01, ""MEDICAID"": 0.01, ""DMHDDSUS"": 0, ""DAGING"": 0, ""DSBDHH"": 0.16, ""DCDEE"": 0, ""OSEC"": 0.03, ""DCFW"": 0, ""DEIPD"": 0}",0.88,0.71,0.7524,deep_review,not confidently irrelevant,typesafe-ai/jev,a4b41185524e,True
92c259c8-0ced-4420-b023-0e894fd2a0cf,Mechanisms that Impact Cancer Risk with Use of Incretin Mimetics (R01 Clinical Trial Optional),open,weak,1.0,"{""strong"": 0, ""weak"": 1, ""none"": 0, ""moderate"": 0}",none,0.84,"{""G3"": 0, ""G5"": 0, ""G1"": 0.14, ""G2"": 0, ""G4"": 0.02, ""none"": 0.84}",atypical,0.89,"{""partner"": 0.11, ""lead"": 0, ""atypical"": 0.89, ""unclear"": 0, ""ineligible"": 0}",none,0.72,"{""MEDICAID"": 0, ""OSEC"": 0, ""DMHDDSUS"": 0, ""DSS"": 0, ""DPH"": 0.28, ""DSBDHH"": 0, ""DHSR"": 0, ""DEIPD"": 0, ""ORH"": 0, ""DCFW"": 0, ""none"": 0.72, ""DSOHF"": 0, ""DCDEE"": 0, ""DAGING"": 0}",0.3333,0.11,0.185,deprioritized,P(unrelated or weak)=1.00,typesafe-ai/jev,a4b41185524e,True
92d5dca4-b6e9-4c88-9e9d-9b6a6b32d029,Innovative Mental Health Services Research Not Involving Clinical Trials (R01 Clinical Trials Not Allowed),open,weak,0.52,"{""strong"": 0.11, ""weak"": 0.52, ""none"": 0, ""moderate"": 0.37}",G3,0.93,"{""G4"": 0, ""none"": 0.07, ""G3"": 0.93, ""G2"": 0, ""G5"": 0, ""G1"": 0}",atypical,0.56,"{""unclear"": 0, ""ineligible"": 0, ""partner"": 0.41, ""lead"": 0.03, ""atypical"": 0.56}",DMHDDSUS,0.78,"{""DSBDHH"": 0, ""DMHDDSUS"": 0.78, ""DHSR"": 0, ""none"": 0.2, ""DAGING"": 0, ""DEIPD"": 0, ""DSOHF"": 0.01, ""ORH"": 0, ""DPH"": 0.01, ""OSEC"": 0, ""DCFW"": 0, ""MEDICAID"": 0, ""DSS"": 0, ""DCDEE"": 0}",0.53,0.44,0.3816,deep_review,not confidently irrelevant,typesafe-ai/jev,a4b41185524e,True
92fe438d-91dc-4ce2-9a45-edc615c4d0b6,BRAIN Initiative: Research Resource Grants for Technology Integration and Dissemination (U24 Clinical Trial Not Allowed),open,weak,1.0,"{""strong"": 0, ""weak"": 1, ""none"": 0, ""moderate"": 0}",none,0.76,"{""G3"": 0.03, ""G5"": 0.2, ""G4"": 0.01, ""G2"": 0, ""G1"": 0, ""none"": 0.76}",atypical,0.79,"{""partner"": 0.2, ""lead"": 0.01, ""atypical"": 0.79, ""unclear"": 0, ""ineligible"": 0}",none,0.8,"{""MEDICAID"": 0, ""OSEC"": 0.01, ""DMHDDSUS"": 0.12, ""DSS"": 0, ""DEIPD"": 0, ""DSBDHH"": 0, ""DHSR"": 0, ""DPH"": 0.06, ""ORH"": 0, ""DCFW"": 0, ""none"": 0.8, ""DSOHF"": 0.01, ""DCDEE"": 0, ""DAGING"": 0}",0.3333,0.21,0.2017,deprioritized,P(unrelated or weak)=1.00,typesafe-ai/jev,a4b41185524e,True
93496b21-4bb1-4f90-a26c-6068420af24f,Expanding global health security though local partnerships in Tanzania,open,weak,0.94,"{""none"": 0.05, ""weak"": 0.94, ""moderate"": 0, ""strong"": 0.01}",none,0.92,"{""none"": 0.92, ""G1"": 0.01, ""G4"": 0.01, ""G2"": 0, ""G3"": 0, ""G5"": 0.06}",partner,0.43,"{""unclear"": 0.11, ""lead"": 0.06, ""atypical"": 0.36, ""partner"": 0.43, ""ineligible"": 0.04}",DPH,0.61,"{""DCDEE"": 0, ""DSOHF"": 0, ""ORH"": 0, ""DSS"": 0, ""DPH"": 0.61, ""DCFW"": 0, ""none"": 0.39, ""DEIPD"": 0, ""MEDICAID"": 0, ""DSBDHH"": 0, ""DMHDDSUS"": 0, ""DHSR"": 0, ""DAGING"": 0, ""OSEC"": 0}",0.3233,0.49,0.2409,deprioritized,P(unrelated or weak)=0.99,typesafe-ai/jev,a4b41185524e,True
93676f0f-8a65-4202-bd1a-45a49e07f773,"DoW Amyotrophic Lateral Sclerosis Research Program, Therapeutic Development Award",open,weak,0.92,"{""weak"": 0.92, ""none"": 0.08, ""strong"": 0, ""moderate"": 0}",none,0.9,"{""G1"": 0.1, ""none"": 0.9, ""G3"": 0, ""G2"": 0, ""G5"": 0, ""G4"": 0}",atypical,0.94,"{""unclear"": 0.03, ""atypical"": 0.94, ""ineligible"": 0, ""partner"": 0.03, ""lead"": 0}",none,0.97,"{""MEDICAID"": 0, ""none"": 0.97, ""ORH"": 0, ""DSS"": 0, ""DMHDDSUS"": 0, ""DPH"": 0.03, ""DCDEE"": 0, ""DSBDHH"": 0, ""OSEC"": 0, ""DSOHF"": 0, ""DEIPD"": 0, ""DAGING"": 0, ""DCFW"": 0, ""DHSR"": 0}",0.3067,0.03,0.1579,deprioritized,P(unrelated or weak)=1.00,typesafe-ai/jev,a4b41185524e,True
93773e78-8e58-490e-92c4-9452254b56fd,NDEP STEM Open NFO,open,none,0.99,"{""weak"": 0.01, ""strong"": 0, ""none"": 0.99, ""moderate"": 0}",none,0.82,"{""G1"": 0, ""G3"": 0, ""G4"": 0.17, ""none"": 0.82, ""G5"": 0.01, ""G2"": 0}",atypical,0.44,"{""partner"": 0.12, ""atypical"": 0.44, ""ineligible"": 0.43, ""lead"": 0.01, ""unclear"": 0}",none,0.94,"{""ORH"": 0, ""DSOHF"": 0, ""DMHDDSUS"": 0, ""DAGING"": 0, ""DHSR"": 0, ""DEIPD"": 0.01, ""DCDEE"": 0.03, ""DSS"": 0, ""DPH"": 0, ""DCFW"": 0.01, ""MEDICAID"": 0, ""DSBDHH"": 0, ""OSEC"": 0.01, ""none"": 0.94}",0.0033,0.13,0.0019,deprioritized,P(unrelated)=0.99,typesafe-ai/jev,a4b41185524e,True
9381a795-83da-40fa-9d6a-ee4c0f7b63be,Ryan White HIV/AIDS Program Part C Capacity Development Program,forecast,strong,0.95,"{""moderate"": 0.04, ""strong"": 0.95, ""none"": 0, ""weak"": 0.01}",G1,0.98,"{""G5"": 0, ""G1"": 0.98, ""G2"": 0, ""G3"": 0, ""none"": 0.02, ""G4"": 0}",partner,0.65,"{""unclear"": 0.1, ""atypical"": 0.14, ""ineligible"": 0, ""partner"": 0.65, ""lead"": 0.11}",DPH,0.85,"{""DSBDHH"": 0, ""DSOHF"": 0, ""DCDEE"": 0, ""ORH"": 0.01, ""DAGING"": 0, ""DMHDDSUS"": 0.05, ""MEDICAID"": 0, ""DSS"": 0, ""DHSR"": 0, ""DEIPD"": 0, ""DCFW"": 0, ""none"": 0.09, ""OSEC"": 0, ""DPH"": 0.85}",0.98,0.76,0.8624,deep_review,not confidently irrelevant,typesafe-ai/jev,a4b41185524e,True
93c305fa-831d-4193-8944-ac3a3cde9ab7,"DoW Reconstructive Transplant, Investigator-Initiated Research Award",forecast,weak,0.74,"{""weak"": 0.74, ""none"": 0.26, ""strong"": 0, ""moderate"": 0}",none,0.84,"{""none"": 0.84, ""G5"": 0.01, ""G4"": 0, ""G3"": 0, ""G1"": 0.15, ""G2"": 0}",atypical,0.96,"{""unclear"": 0.03, ""atypical"": 0.96, ""ineligible"": 0, ""lead"": 0, ""partner"": 0.01}",none,0.98,"{""ORH"": 0, ""DSOHF"": 0.01, ""DSS"": 0, ""MEDICAID"": 0, ""DSBDHH"": 0, ""DAGING"": 0, ""DEIPD"": 0, ""DCDEE"": 0, ""none"": 0.98, ""OSEC"": 0, ""DPH"": 0.01, ""DCFW"": 0, ""DMHDDSUS"": 0, ""DHSR"": 0}",0.2467,0.01,0.1246,deprioritized,P(unrelated or weak)=1.00,typesafe-ai/jev,a4b41185524e,True
944c3ea8-b927-4989-917c-b20610d3d2f2,DoW Autism Clinical Trial Award,open,weak,0.9,"{""moderate"": 0.01, ""none"": 0.09, ""strong"": 0, ""weak"": 0.9}",G2,0.45,"{""G1"": 0.15, ""G2"": 0.45, ""G3"": 0.12, ""G4"": 0.01, ""G5"": 0.01, ""none"": 0.26}",atypical,0.63,"{""atypical"": 0.63, ""ineligible"": 0, ""lead"": 0, ""partner"": 0.21, ""unclear"": 0.16}",none,0.52,"{""DAGING"": 0, ""DCDEE"": 0, ""DCFW"": 0.01, ""DEIPD"": 0, ""DHSR"": 0, ""DMHDDSUS"": 0.43, ""DPH"": 0.03, ""DSBDHH"": 0, ""DSOHF"": 0.01, ""DSS"": 0, ""MEDICAID"": 0, ""ORH"": 0, ""OSEC"": 0, ""none"": 0.52}",0.3067,0.21,0.1855,deprioritized,P(unrelated or weak)=0.99,typesafe-ai/jev,a4b41185524e,True
944cc2fe-ff34-430f-8a21-d34bccd2f5cd,Neuromodulation/Neurostimulation Device Development for Mental Health Applications (R21 Clinical Trial Not Allowed),open,weak,1.0,"{""moderate"": 0, ""none"": 0, ""weak"": 1, ""strong"": 0}",none,0.61,"{""G2"": 0, ""none"": 0.61, ""G4"": 0, ""G5"": 0.02, ""G1"": 0, ""G3"": 0.37}",atypical,0.87,"{""ineligible"": 0, ""lead"": 0, ""unclear"": 0, ""atypical"": 0.87, ""partner"": 0.13}",none,0.74,"{""OSEC"": 0, ""DEIPD"": 0, ""ORH"": 0, ""MEDICAID"": 0, ""DAGING"": 0, ""DCDEE"": 0, ""DSS"": 0, ""DHSR"": 0, ""none"": 0.74, ""DPH"": 0, ""DSOHF"": 0.04, ""DSBDHH"": 0, ""DMHDDSUS"": 0.22, ""DCFW"": 0}",0.3333,0.13,0.1883,deprioritized,P(unrelated or weak)=1.00,typesafe-ai/jev,a4b41185524e,True
947c6d74-e9c9-4516-b82b-7490312492ed,"DoW Bone Marrow Failure, Investigator-Initiated Research Award",open,weak,0.81,"{""strong"": 0, ""moderate"": 0, ""none"": 0.19, ""weak"": 0.81}",none,0.9,"{""G1"": 0.08, ""G2"": 0, ""G3"": 0, ""none"": 0.9, ""G5"": 0.01, ""G4"": 0.01}",atypical,0.93,"{""partner"": 0.02, ""ineligible"": 0, ""lead"": 0, ""atypical"": 0.93, ""unclear"": 0.04}",none,0.97,"{""OSEC"": 0, ""MEDICAID"": 0, ""DSBDHH"": 0, ""DEIPD"": 0, ""DSOHF"": 0, ""ORH"": 0, ""DAGING"": 0, ""DHSR"": 0, ""DSS"": 0, ""DMHDDSUS"": 0, ""DPH"": 0.03, ""none"": 0.97, ""DCDEE"": 0, ""DCFW"": 0}",0.27,0.02,0.1377,deprioritized,P(unrelated or weak)=1.00,typesafe-ai/jev,a4b41185524e,True
94973af9-6bcf-42f1-b5e6-cc2288b9b4de,First in Human and Early Stage Clinical Trials of Novel Investigational Drugs or Neuromodulatory Device-based Interventions for Psychiatric Disorders (U01 Clinical Trial Required),open,weak,1.0,"{""weak"": 1, ""strong"": 0, ""none"": 0, ""moderate"": 0}",G3,0.55,"{""G4"": 0, ""G2"": 0, ""G3"": 0.55, ""none"": 0.44, ""G5"": 0.01, ""G1"": 0}",atypical,0.72,"{""lead"": 0, ""ineligible"": 0, ""unclear"": 0, ""atypical"": 0.72, ""partner"": 0.28}",none,0.69,"{""DHSR"": 0, ""ORH"": 0, ""MEDICAID"": 0, ""DCFW"": 0, ""none"": 0.69, ""OSEC"": 0, ""DSS"": 0, ""DMHDDSUS"": 0.21, ""DAGING"": 0, ""DSOHF"": 0.09, ""DPH"": 0.01, ""DSBDHH"": 0, ""DEIPD"": 0, ""DCDEE"": 0}",0.3333,0.28,0.2133,deprioritized,P(unrelated or weak)=1.00,typesafe-ai/jev,a4b41185524e,True
94ae732d-369d-47b0-917d-8c2c104f5e98,"DoW’s Energy, Installations, and Environment Innovation Partners Programs",open,none,1.0,"{""weak"": 0, ""none"": 1, ""strong"": 0, ""moderate"": 0}",none,0.97,"{""G3"": 0, ""none"": 0.97, ""G4"": 0, ""G2"": 0, ""G1"": 0, ""G5"": 0.03}",atypical,0.83,"{""ineligible"": 0.02, ""atypical"": 0.83, ""unclear"": 0.01, ""partner"": 0.14, ""lead"": 0}",none,0.96,"{""MEDICAID"": 0, ""DAGING"": 0, ""OSEC"": 0.01, ""DCDEE"": 0.01, ""DPH"": 0.01, ""ORH"": 0, ""DSS"": 0, ""DHSR"": 0, ""DCFW"": 0, ""DSBDHH"": 0, ""DSOHF"": 0.01, ""none"": 0.96, ""DEIPD"": 0, ""DMHDDSUS"": 0}",0.0,0.14,0.0,deprioritized,P(unrelated)=1.00,typesafe-ai/jev,a4b41185524e,True
94d057db-76e8-43de-8f13-89d62c167fe9,Predoctoral to Postdoctoral Transition Award (Parent F99/K00 - Clinical Trial Not Allowed),open,weak,1.0,"{""none"": 0, ""moderate"": 0, ""weak"": 1, ""strong"": 0}",none,0.59,"{""G4"": 0.4, ""none"": 0.59, ""G1"": 0, ""G2"": 0, ""G3"": 0, ""G5"": 0.01}",atypical,0.96,"{""unclear"": 0, ""ineligible"": 0.01, ""atypical"": 0.96, ""lead"": 0, ""partner"": 0.03}",none,0.86,"{""DHSR"": 0.01, ""MEDICAID"": 0, ""DCFW"": 0, ""DSBDHH"": 0, ""DSOHF"": 0.01, ""DPH"": 0.07, ""DAGING"": 0, ""none"": 0.86, ""OSEC"": 0.02, ""DEIPD"": 0, ""ORH"": 0.01, ""DCDEE"": 0, ""DMHDDSUS"": 0.02, ""DSS"": 0}",0.3333,0.03,0.1717,deprioritized,P(unrelated or weak)=1.00,typesafe-ai/jev,a4b41185524e,True
94e47d25-a7fe-47a7-9e57-d9641334b81f,HEAL Initiative: Pain Research Enhancement Program (PREP) (R15 Clinical Trial Optional),open,weak,1.0,"{""weak"": 1, ""moderate"": 0, ""strong"": 0, ""none"": 0}",none,0.89,"{""G3"": 0.01, ""G4"": 0.08, ""G1"": 0.01, ""G2"": 0, ""G5"": 0.01, ""none"": 0.89}",atypical,0.49,"{""lead"": 0, ""unclear"": 0, ""ineligible"": 0.4, ""atypical"": 0.49, ""partner"": 0.11}",none,0.97,"{""DAGING"": 0, ""MEDICAID"": 0, ""DCFW"": 0, ""DSOHF"": 0, ""OSEC"": 0, ""DHSR"": 0, ""DMHDDSUS"": 0.02, ""DSS"": 0, ""DPH"": 0.01, ""DSBDHH"": 0, ""ORH"": 0, ""DCDEE"": 0, ""DEIPD"": 0, ""none"": 0.97}",0.3333,0.11,0.185,deprioritized,P(unrelated or weak)=1.00,typesafe-ai/jev,a4b41185524e,True
94fb1ce5-b19a-4f48-9b88-d0ea1fdace24,Forecast to Publish a Funding Opportunity Announcement for the Consortium on the Neurobiology of Adolescent Drinking in Adulthood (NADIA) Research Resource (Collaborative U24 - Clinical Trials not allowed),forecast,weak,1.0,"{""weak"": 1, ""moderate"": 0, ""none"": 0, ""strong"": 0}",G3,0.6,"{""G4"": 0, ""G2"": 0.01, ""G3"": 0.6, ""none"": 0.39, ""G1"": 0, ""G5"": 0}",atypical,0.78,"{""lead"": 0, ""partner"": 0.21, ""unclear"": 0.01, ""atypical"": 0.78, ""ineligible"": 0}",none,0.55,"{""DHSR"": 0, ""DMHDDSUS"": 0.38, ""MEDICAID"": 0, ""OSEC"": 0, ""none"": 0.55, ""ORH"": 0, ""DSS"": 0, ""DCFW"": 0, ""DAGING"": 0, ""DSOHF"": 0.02, ""DPH"": 0.05, ""DSBDHH"": 0, ""DEIPD"": 0, ""DCDEE"": 0}",0.3333,0.21,0.2017,deprioritized,P(unrelated or weak)=1.00,typesafe-ai/jev,a4b41185524e,True
950bfc05-f22c-4e7b-aed3-1d65fd6a95ef,Continuation of the Collaborative Islet Transplantation Registry (U01 Clinical Trial Not allowed),forecast,weak,0.99,"{""weak"": 0.99, ""none"": 0, ""moderate"": 0.01, ""strong"": 0}",none,0.83,"{""none"": 0.83, ""G2"": 0, ""G5"": 0.02, ""G3"": 0, ""G4"": 0.01, ""G1"": 0.14}",atypical,0.61,"{""atypical"": 0.61, ""partner"": 0.36, ""lead"": 0, ""ineligible"": 0.03, ""unclear"": 0}",none,0.74,"{""none"": 0.74, ""DAGING"": 0, ""MEDICAID"": 0, ""DCDEE"": 0.01, ""DCFW"": 0, ""OSEC"": 0, ""DEIPD"": 0, ""DMHDDSUS"": 0, ""DPH"": 0.24, ""ORH"": 0, ""DHSR"": 0.01, ""DSBDHH"": 0, ""DSS"": 0, ""DSOHF"": 0}",0.3367,0.36,0.2289,deprioritized,P(unrelated or weak)=0.99,typesafe-ai/jev,a4b41185524e,True
9527b370-92ef-4470-a3c9-55025d9d7dd4,High Priority HIV and Substance Use Research (R01 Clinical Trial Optional),open,weak,0.99,"{""strong"": 0, ""none"": 0, ""weak"": 0.99, ""moderate"": 0.01}",G3,0.75,"{""G1"": 0.09, ""G2"": 0, ""none"": 0.16, ""G4"": 0, ""G3"": 0.75, ""G5"": 0}",atypical,0.69,"{""partner"": 0.31, ""atypical"": 0.69, ""lead"": 0, ""unclear"": 0, ""ineligible"": 0}",DMHDDSUS,0.47,"{""DAGING"": 0, ""DCFW"": 0, ""none"": 0.38, ""OSEC"": 0, ""DPH"": 0.14, ""ORH"": 0, ""DMHDDSUS"": 0.47, ""MEDICAID"": 0, ""DSBDHH"": 0, ""DSOHF"": 0.01, ""DEIPD"": 0, ""DHSR"": 0, ""DSS"": 0, ""DCDEE"": 0}",0.3367,0.31,0.2205,deprioritized,P(unrelated or weak)=0.99,typesafe-ai/jev,a4b41185524e,True
9560959b-f3b5-4d8e-9306-8d87996ed72a,NIH Blueprint Initiative: Tools for Germline Gene Editing in the Nervous System,forecast,weak,1.0,"{""strong"": 0, ""none"": 0, ""moderate"": 0, ""weak"": 1}",none,0.92,"{""G4"": 0.01, ""none"": 0.92, ""G2"": 0, ""G3"": 0.06, ""G5"": 0.01, ""G1"": 0}",atypical,0.91,"{""lead"": 0, ""partner"": 0.04, ""ineligible"": 0.05, ""unclear"": 0, ""atypical"": 0.91}",none,0.93,"{""DSBDHH"": 0, ""OSEC"": 0, ""DHSR"": 0, ""DMHDDSUS"": 0.04, ""DAGING"": 0, ""none"": 0.93, ""ORH"": 0, ""DSS"": 0, ""MEDICAID"": 0, ""DCFW"": 0, ""DCDEE"": 0, ""DPH"": 0.03, ""DEIPD"": 0, ""DSOHF"": 0}",0.3333,0.04,0.1733,deprioritized,P(unrelated or weak)=1.00,typesafe-ai/jev,a4b41185524e,True
95d8c541-2ee0-40cc-960c-61b524d2babd,Silvio O. Conte Centers for Basic Neuroscience or Translational Mental Health Research,forecast,weak,1.0,"{""none"": 0, ""strong"": 0, ""moderate"": 0, ""weak"": 1}",none,0.51,"{""G3"": 0.48, ""none"": 0.51, ""G4"": 0.01, ""G1"": 0, ""G2"": 0, ""G5"": 0}",atypical,0.82,"{""unclear"": 0, ""atypical"": 0.82, ""lead"": 0, ""ineligible"": 0.09, ""partner"": 0.09}",none,0.64,"{""DMHDDSUS"": 0.32, ""none"": 0.64, ""OSEC"": 0, ""DSS"": 0, ""DSBDHH"": 0, ""DHSR"": 0, ""DPH"": 0.01, ""DAGING"": 0, ""MEDICAID"": 0, ""DEIPD"": 0, ""DCDEE"": 0, ""DSOHF"": 0.03, ""ORH"": 0, ""DCFW"": 0}",0.3333,0.09,0.1817,deprioritized,P(unrelated or weak)=1.00,typesafe-ai/jev,a4b41185524e,True
95f87dc7-4ca4-42be-9a70-cbbf768caf15,AFCP 2020 Small Grants Competition,forecast,none,1.0,"{""strong"": 0, ""none"": 1, ""weak"": 0, ""moderate"": 0}",none,1.0,"{""G5"": 0, ""G4"": 0, ""none"": 1, ""G2"": 0, ""G3"": 0, ""G1"": 0}",atypical,0.91,"{""lead"": 0.01, ""partner"": 0.01, ""atypical"": 0.91, ""unclear"": 0, ""ineligible"": 0.07}",none,1.0,"{""DAGING"": 0, ""DCFW"": 0, ""none"": 1, ""OSEC"": 0, ""ORH"": 0, ""DPH"": 0, ""DMHDDSUS"": 0, ""MEDICAID"": 0, ""DSOHF"": 0, ""DEIPD"": 0, ""DSBDHH"": 0, ""DHSR"": 0, ""DSS"": 0, ""DCDEE"": 0}",0.0,0.02,0.0,deprioritized,P(unrelated)=1.00,typesafe-ai/jev,a4b41185524e,True
967f621e-4adc-4208-98d4-ae3b7671ad10,FDA Support for Conferences and Scientific Meetings (R13 Clinical Trial Not Allowed),forecast,weak,0.78,"{""none"": 0.01, ""moderate"": 0.19, ""weak"": 0.78, ""strong"": 0.02}",none,0.74,"{""none"": 0.74, ""G4"": 0.05, ""G1"": 0, ""G2"": 0, ""G3"": 0, ""G5"": 0.21}",atypical,0.68,"{""unclear"": 0, ""ineligible"": 0, ""atypical"": 0.68, ""lead"": 0.05, ""partner"": 0.26}",none,0.47,"{""DSS"": 0, ""MEDICAID"": 0, ""DCDEE"": 0.01, ""DSBDHH"": 0, ""DPH"": 0.39, ""DSOHF"": 0, ""DAGING"": 0, ""DEIPD"": 0, ""OSEC"": 0.03, ""none"": 0.47, ""ORH"": 0, ""DCFW"": 0, ""DMHDDSUS"": 0, ""DHSR"": 0.1}",0.4067,0.31,0.2664,deep_review,not confidently irrelevant,typesafe-ai/jev,a4b41185524e,True
969c8766-0b5a-4f3f-9c0a-8c41921e311e,Carcinogen Hazard Assessment Monographs Program (CHAMP) (R01 Clinical Trial Not Allowed),forecast,weak,0.95,"{""moderate"": 0.03, ""none"": 0, ""strong"": 0.02, ""weak"": 0.95}",none,0.77,"{""G1"": 0.18, ""G2"": 0, ""G3"": 0, ""G4"": 0.01, ""G5"": 0.04, ""none"": 0.77}",atypical,0.61,"{""atypical"": 0.61, ""ineligible"": 0.18, ""lead"": 0.01, ""partner"": 0.2, ""unclear"": 0}",DPH,0.58,"{""DAGING"": 0, ""DCDEE"": 0, ""DCFW"": 0, ""DEIPD"": 0, ""DHSR"": 0, ""DMHDDSUS"": 0, ""DPH"": 0.58, ""DSBDHH"": 0, ""DSOHF"": 0, ""DSS"": 0, ""MEDICAID"": 0, ""ORH"": 0, ""OSEC"": 0, ""none"": 0.42}",0.3567,0.21,0.2158,deprioritized,P(unrelated or weak)=0.95,typesafe-ai/jev,a4b41185524e,True
96c01146-104b-4e72-bd65-1bee3428493a,Antarctic Research Not Requiring U.S. Antarctic Program (USAP) Field Support,open,none,1.0,"{""none"": 1, ""moderate"": 0, ""weak"": 0, ""strong"": 0}",none,1.0,"{""G4"": 0, ""G1"": 0, ""G2"": 0, ""G3"": 0, ""G5"": 0, ""none"": 1}",ineligible,0.96,"{""partner"": 0.01, ""ineligible"": 0.96, ""lead"": 0, ""unclear"": 0, ""atypical"": 0.03}",none,1.0,"{""none"": 1, ""MEDICAID"": 0, ""DEIPD"": 0, ""ORH"": 0, ""OSEC"": 0, ""DSS"": 0, ""DCFW"": 0, ""DCDEE"": 0, ""DHSR"": 0, ""DSOHF"": 0, ""DSBDHH"": 0, ""DAGING"": 0, ""DPH"": 0, ""DMHDDSUS"": 0}",0.0,0.01,0.0,deprioritized,P(unrelated)=1.00,typesafe-ai/jev,a4b41185524e,True
96ebf1ff-7ddc-429d-b059-15cc5f577eec,Establishing Pediatric CNS Pharmacodynamic Measures as Tools to Enable Psychiatric Indications in Adolescents,forecast,weak,1.0,"{""weak"": 1, ""none"": 0, ""moderate"": 0, ""strong"": 0}",none,0.45,"{""G2"": 0.15, ""G4"": 0.01, ""none"": 0.45, ""G5"": 0.01, ""G1"": 0, ""G3"": 0.38}",atypical,0.7,"{""unclear"": 0, ""lead"": 0, ""partner"": 0.2, ""atypical"": 0.7, ""ineligible"": 0.1}",none,0.63,"{""DSBDHH"": 0, ""DCDEE"": 0, ""DPH"": 0.01, ""none"": 0.63, ""DAGING"": 0, ""DCFW"": 0.02, ""DSOHF"": 0.04, ""MEDICAID"": 0, ""DSS"": 0, ""DMHDDSUS"": 0.3, ""DHSR"": 0, ""OSEC"": 0, ""ORH"": 0, ""DEIPD"": 0}",0.3333,0.2,0.2,deprioritized,P(unrelated or weak)=1.00,typesafe-ai/jev,a4b41185524e,True
970063e5-d342-4a0d-97c2-17646ac315ba,F25AS00332 Highlands Conservation Act – Competitive Funding Round,open,none,0.98,"{""weak"": 0.02, ""moderate"": 0, ""strong"": 0, ""none"": 0.98}",none,1.0,"{""G5"": 0, ""G1"": 0, ""G4"": 0, ""G3"": 0, ""G2"": 0, ""none"": 1}",ineligible,0.89,"{""lead"": 0.03, ""partner"": 0.03, ""unclear"": 0, ""ineligible"": 0.89, ""atypical"": 0.05}",none,1.0,"{""ORH"": 0, ""DAGING"": 0, ""DSBDHH"": 0, ""DCDEE"": 0, ""DMHDDSUS"": 0, ""OSEC"": 0, ""DPH"": 0, ""none"": 1, ""DHSR"": 0, ""MEDICAID"": 0, ""DSOHF"": 0, ""DCFW"": 0, ""DEIPD"": 0, ""DSS"": 0}",0.0067,0.06,0.0035,deprioritized,P(unrelated)=0.98,typesafe-ai/jev,a4b41185524e,True
9724578f-3059-46b2-86d7-23f5e55853c2,"DoW Bone Marrow Failure, Resource Development Award",open,weak,0.82,"{""moderate"": 0, ""none"": 0.18, ""strong"": 0, ""weak"": 0.82}",none,0.93,"{""G2"": 0, ""G1"": 0.04, ""G3"": 0, ""G4"": 0, ""none"": 0.93, ""G5"": 0.03}",atypical,0.84,"{""unclear"": 0.08, ""atypical"": 0.84, ""partner"": 0.08, ""lead"": 0, ""ineligible"": 0}",none,0.95,"{""DPH"": 0.05, ""DSS"": 0, ""DAGING"": 0, ""MEDICAID"": 0, ""DCDEE"": 0, ""OSEC"": 0, ""DSOHF"": 0, ""DCFW"": 0, ""DEIPD"": 0, ""DSBDHH"": 0, ""ORH"": 0, ""none"": 0.95, ""DHSR"": 0, ""DMHDDSUS"": 0}",0.2733,0.08,0.1476,deprioritized,P(unrelated or weak)=1.00,typesafe-ai/jev,a4b41185524e,True
97a58662-f148-46c2-bacd-1d2147666063,Animal and Biological Material Resource Centers (P40 Clinical Trial Not Allowed),open,weak,1.0,"{""moderate"": 0, ""weak"": 1, ""strong"": 0, ""none"": 0}",none,0.87,"{""G2"": 0, ""G3"": 0, ""none"": 0.87, ""G1"": 0, ""G4"": 0.01, ""G5"": 0.12}",atypical,0.9,"{""atypical"": 0.9, ""lead"": 0, ""partner"": 0.1, ""ineligible"": 0, ""unclear"": 0}",none,0.92,"{""MEDICAID"": 0, ""DSBDHH"": 0, ""DCDEE"": 0, ""OSEC"": 0, ""DSOHF"": 0.01, ""DHSR"": 0, ""ORH"": 0, ""DMHDDSUS"": 0, ""none"": 0.92, ""DSS"": 0, ""DPH"": 0.07, ""DEIPD"": 0, ""DCFW"": 0, ""DAGING"": 0}",0.3333,0.1,0.1833,deprioritized,P(unrelated or weak)=1.00,typesafe-ai/jev,a4b41185524e,True
97adaa7a-4d74-44c6-8771-6d061767a40a,Blueprint MedTech Translator (UG3/UH3 - Clinical Trial Optional),open,weak,1.0,"{""none"": 0, ""weak"": 1, ""moderate"": 0, ""strong"": 0}",none,0.72,"{""G1"": 0.04, ""none"": 0.72, ""G5"": 0.22, ""G3"": 0.01, ""G2"": 0, ""G4"": 0.01}",atypical,0.91,"{""atypical"": 0.91, ""lead"": 0, ""partner"": 0.09, ""ineligible"": 0, ""unclear"": 0}",none,0.79,"{""OSEC"": 0, ""DPH"": 0.07, ""DSBDHH"": 0, ""ORH"": 0, ""DSS"": 0, ""DCFW"": 0, ""DEIPD"": 0, ""DMHDDSUS"": 0.1, ""none"": 0.79, ""MEDICAID"": 0, ""DSOHF"": 0.03, ""DCDEE"": 0, ""DAGING"": 0, ""DHSR"": 0.01}",0.3333,0.09,0.1817,deprioritized,P(unrelated or weak)=1.00,typesafe-ai/jev,a4b41185524e,True
97da3551-d936-4fc1-9c2d-81292ae079b4,Atmospheric and Geospace Sciences Postdoctoral Research Fellowships,open,none,1.0,"{""none"": 1, ""weak"": 0, ""moderate"": 0, ""strong"": 0}",none,1.0,"{""G4"": 0, ""none"": 1, ""G3"": 0, ""G1"": 0, ""G5"": 0, ""G2"": 0}",ineligible,0.9,"{""partner"": 0, ""ineligible"": 0.9, ""unclear"": 0, ""lead"": 0, ""atypical"": 0.1}",none,1.0,"{""DSBDHH"": 0, ""DHSR"": 0, ""DEIPD"": 0, ""DCFW"": 0, ""OSEC"": 0, ""none"": 1, ""MEDICAID"": 0, ""DCDEE"": 0, ""ORH"": 0, ""DSOHF"": 0, ""DSS"": 0, ""DAGING"": 0, ""DPH"": 0, ""DMHDDSUS"": 0}",0.0,0.0,0.0,deprioritized,P(unrelated)=1.00,typesafe-ai/jev,a4b41185524e,True
97e7fa32-4f8f-45a0-847a-3f84f1ac56fb,NSF's Eddie Bernice Johnson Inclusion across the Nation of Communities of Learners of Underrepresented Discoverers in Engineering and Science (INCLUDES) Initiative,open,none,0.85,"{""moderate"": 0.01, ""weak"": 0.14, ""strong"": 0, ""none"": 0.85}",none,0.67,"{""G5"": 0, ""G3"": 0, ""G2"": 0, ""G4"": 0.33, ""none"": 0.67, ""G1"": 0}",atypical,0.85,"{""ineligible"": 0, ""partner"": 0.14, ""unclear"": 0, ""atypical"": 0.85, ""lead"": 0.01}",none,0.92,"{""none"": 0.92, ""ORH"": 0, ""DMHDDSUS"": 0, ""DPH"": 0.01, ""DCFW"": 0.01, ""DSS"": 0, ""DAGING"": 0, ""MEDICAID"": 0, ""DSOHF"": 0, ""DSBDHH"": 0, ""DEIPD"": 0.01, ""DCDEE"": 0.03, ""OSEC"": 0.02, ""DHSR"": 0}",0.0533,0.15,0.0307,deprioritized,P(unrelated)=0.85,typesafe-ai/jev,a4b41185524e,True
98140293-39e0-4a8c-9ff1-624cb8ca1618,Geometric Analysis,open,none,0.99,"{""weak"": 0.01, ""strong"": 0, ""none"": 0.99, ""moderate"": 0}",none,1.0,"{""G2"": 0, ""G5"": 0, ""G3"": 0, ""G4"": 0, ""none"": 1, ""G1"": 0}",atypical,0.98,"{""partner"": 0, ""ineligible"": 0, ""lead"": 0, ""atypical"": 0.98, ""unclear"": 0.02}",none,1.0,"{""DMHDDSUS"": 0, ""DSBDHH"": 0, ""DSS"": 0, ""none"": 1, ""DPH"": 0, ""OSEC"": 0, ""DEIPD"": 0, ""DCFW"": 0, ""ORH"": 0, ""DAGING"": 0, ""DHSR"": 0, ""DCDEE"": 0, ""MEDICAID"": 0, ""DSOHF"": 0}",0.0033,0.0,0.0017,deprioritized,P(unrelated)=0.99,typesafe-ai/jev,a4b41185524e,True
984331ba-4bd4-4498-95dd-0d428c5ecef7,Economics,open,none,0.79,"{""none"": 0.79, ""weak"": 0.2, ""moderate"": 0.01, ""strong"": 0}",none,0.98,"{""none"": 0.98, ""G5"": 0.01, ""G4"": 0.01, ""G1"": 0, ""G3"": 0, ""G2"": 0}",atypical,0.97,"{""partner"": 0.01, ""unclear"": 0.02, ""ineligible"": 0, ""lead"": 0, ""atypical"": 0.97}",none,0.98,"{""DSOHF"": 0, ""DAGING"": 0, ""DHSR"": 0, ""DSS"": 0, ""DCDEE"": 0, ""DEIPD"": 0, ""ORH"": 0, ""none"": 0.98, ""DMHDDSUS"": 0, ""DPH"": 0, ""DSBDHH"": 0, ""DCFW"": 0, ""OSEC"": 0.02, ""MEDICAID"": 0}",0.0733,0.01,0.037,deprioritized,P(unrelated or weak)=0.99,typesafe-ai/jev,a4b41185524e,True
985f68aa-76f5-4fb0-b6d9-f22255a7a594,"Institute of Education Sciences (IES): National Center for Education Research (NCER): Statistical and Research Methodology in Education, Assistance Listing Number (ALN) 84.305D",open,none,0.78,"{""moderate"": 0, ""weak"": 0.22, ""none"": 0.78, ""strong"": 0}",none,0.85,"{""G4"": 0.01, ""G2"": 0, ""G1"": 0, ""none"": 0.85, ""G3"": 0, ""G5"": 0.14}",atypical,0.9,"{""unclear"": 0, ""lead"": 0, ""atypical"": 0.9, ""partner"": 0.09, ""ineligible"": 0.01}",none,0.88,"{""DCDEE"": 0.04, ""DSOHF"": 0, ""ORH"": 0, ""DSS"": 0, ""DPH"": 0.01, ""DCFW"": 0.01, ""none"": 0.88, ""DEIPD"": 0, ""MEDICAID"": 0, ""DSBDHH"": 0, ""DAGING"": 0, ""DHSR"": 0, ""OSEC"": 0.06, ""DMHDDSUS"": 0}",0.0733,0.09,0.04,deprioritized,P(unrelated or weak)=1.00,typesafe-ai/jev,a4b41185524e,True
98696099-8a71-4a7c-8e2d-1dfcf3817f75,ERDC Broad Agency Announcement,open,none,0.96,"{""none"": 0.96, ""weak"": 0.04, ""moderate"": 0, ""strong"": 0}",none,0.96,"{""G4"": 0, ""none"": 0.96, ""G2"": 0, ""G1"": 0, ""G5"": 0.04, ""G3"": 0}",atypical,0.9,"{""partner"": 0.01, ""ineligible"": 0, ""unclear"": 0.09, ""lead"": 0, ""atypical"": 0.9}",none,0.96,"{""DSBDHH"": 0, ""MEDICAID"": 0, ""DEIPD"": 0, ""DCFW"": 0, ""OSEC"": 0.01, ""DHSR"": 0, ""DSOHF"": 0, ""DCDEE"": 0, ""none"": 0.96, ""ORH"": 0, ""DSS"": 0, ""DAGING"": 0, ""DPH"": 0.03, ""DMHDDSUS"": 0}",0.0133,0.01,0.0067,deprioritized,P(unrelated)=0.96,typesafe-ai/jev,a4b41185524e,True
986c5d91-3227-411a-bd45-5e21489e55d6,"FY 2024 – 2026 Broad Agency Announcement (BAA), Office of Oceanic and Atmospheric Research (OAR)",open,none,0.84,"{""none"": 0.84, ""moderate"": 0.01, ""weak"": 0.14, ""strong"": 0.01}",none,0.99,"{""G4"": 0, ""G1"": 0, ""G3"": 0, ""G2"": 0, ""G5"": 0.01, ""none"": 0.99}",atypical,0.92,"{""partner"": 0.07, ""ineligible"": 0.01, ""lead"": 0, ""unclear"": 0, ""atypical"": 0.92}",none,0.89,"{""none"": 0.89, ""MEDICAID"": 0, ""DEIPD"": 0, ""DCFW"": 0, ""OSEC"": 0, ""DSS"": 0, ""DSBDHH"": 0, ""DCDEE"": 0.01, ""ORH"": 0, ""DSOHF"": 0, ""DHSR"": 0, ""DAGING"": 0, ""DPH"": 0.1, ""DMHDDSUS"": 0}",0.0633,0.07,0.0339,deprioritized,P(unrelated or weak)=0.98,typesafe-ai/jev,a4b41185524e,True
98857886-def1-4563-8bf7-f7fa8787e5c5,HEAL Initiative: Pain Management Effectiveness Research Network: Clinical Trial Planning and Implementation Cooperative Agreement (UG3/UH3 Clinical Trial Required),forecast,weak,0.99,"{""strong"": 0, ""weak"": 0.99, ""none"": 0, ""moderate"": 0.01}",none,0.46,"{""G4"": 0.01, ""none"": 0.46, ""G5"": 0.02, ""G2"": 0, ""G3"": 0.35, ""G1"": 0.16}",atypical,0.64,"{""unclear"": 0, ""ineligible"": 0.02, ""partner"": 0.33, ""lead"": 0.01, ""atypical"": 0.64}",none,0.66,"{""DSBDHH"": 0, ""DMHDDSUS"": 0.26, ""DAGING"": 0, ""none"": 0.66, ""DHSR"": 0, ""DEIPD"": 0, ""DSOHF"": 0.01, ""ORH"": 0, ""DCFW"": 0, ""OSEC"": 0, ""DPH"": 0.06, ""MEDICAID"": 0.01, ""DSS"": 0, ""DCDEE"": 0}",0.3367,0.34,0.2256,deprioritized,P(unrelated or weak)=0.99,typesafe-ai/jev,a4b41185524e,True
98df19d3-203c-48aa-89dc-e8457f0a48ea,RESTORE Act Centers of Excellence Research Grants Program,open,none,0.91,"{""strong"": 0, ""weak"": 0.09, ""none"": 0.91, ""moderate"": 0}",none,1.0,"{""G3"": 0, ""G5"": 0, ""none"": 1, ""G2"": 0, ""G4"": 0, ""G1"": 0}",atypical,0.72,"{""partner"": 0.07, ""lead"": 0.07, ""atypical"": 0.72, ""unclear"": 0.03, ""ineligible"": 0.11}",none,0.97,"{""MEDICAID"": 0, ""OSEC"": 0, ""DMHDDSUS"": 0, ""DSS"": 0, ""DPH"": 0.02, ""DSBDHH"": 0, ""DHSR"": 0, ""DEIPD"": 0, ""ORH"": 0, ""DCFW"": 0, ""none"": 0.97, ""DCDEE"": 0.01, ""DSOHF"": 0, ""DAGING"": 0}",0.03,0.14,0.0171,deprioritized,P(unrelated)=0.91,typesafe-ai/jev,a4b41185524e,True
994a62bf-3ab5-4046-ad9f-e5abf6b89934,Centers for Structural Biology of HIV and other Infectious Diseases,forecast,weak,1.0,"{""weak"": 1, ""strong"": 0, ""none"": 0, ""moderate"": 0}",none,0.89,"{""G1"": 0.06, ""none"": 0.89, ""G3"": 0, ""G2"": 0, ""G5"": 0.02, ""G4"": 0.03}",atypical,0.85,"{""unclear"": 0, ""partner"": 0.1, ""ineligible"": 0.04, ""atypical"": 0.85, ""lead"": 0.01}",none,0.86,"{""DSS"": 0, ""ORH"": 0, ""MEDICAID"": 0, ""none"": 0.86, ""DMHDDSUS"": 0, ""DPH"": 0.13, ""DAGING"": 0, ""DCDEE"": 0.01, ""OSEC"": 0, ""DSOHF"": 0, ""DEIPD"": 0, ""DSBDHH"": 0, ""DHSR"": 0, ""DCFW"": 0}",0.3333,0.11,0.185,deprioritized,P(unrelated or weak)=1.00,typesafe-ai/jev,a4b41185524e,True
9978ab03-daa2-4d23-b5bb-eeb42dcf7878,Palliative Care Research Across the Lifespan: Leveraging the Palliative Care Consortium,forecast,weak,0.94,"{""none"": 0, ""weak"": 0.94, ""moderate"": 0.05, ""strong"": 0.01}",G1,0.64,"{""none"": 0.36, ""G2"": 0, ""G5"": 0, ""G3"": 0, ""G4"": 0, ""G1"": 0.64}",partner,0.53,"{""atypical"": 0.44, ""partner"": 0.53, ""lead"": 0.01, ""ineligible"": 0.02, ""unclear"": 0}",none,0.51,"{""none"": 0.51, ""DSOHF"": 0, ""MEDICAID"": 0, ""DAGING"": 0.45, ""DCFW"": 0, ""DCDEE"": 0, ""DEIPD"": 0, ""ORH"": 0.01, ""DPH"": 0.03, ""DMHDDSUS"": 0, ""DHSR"": 0, ""DSBDHH"": 0, ""OSEC"": 0, ""DSS"": 0}",0.3567,0.54,0.2746,deep_review,not confidently irrelevant,typesafe-ai/jev,a4b41185524e,True
99880b2a-a7d3-4869-a2f9-ef4c6e1f019e,Forecast to Publish a Funding Opportunity Announcement for Integrative Neuroscience Initiative on Alcoholism (INIA) Consortia (U01 Clinical Trial Optional),forecast,weak,1.0,"{""strong"": 0, ""none"": 0, ""weak"": 1, ""moderate"": 0}",G3,0.66,"{""G1"": 0, ""G3"": 0.66, ""G5"": 0, ""none"": 0.34, ""G2"": 0, ""G4"": 0}",atypical,0.79,"{""unclear"": 0.01, ""lead"": 0, ""partner"": 0.2, ""atypical"": 0.79, ""ineligible"": 0}",none,0.56,"{""DCDEE"": 0, ""DPH"": 0.03, ""DCFW"": 0, ""DSBDHH"": 0, ""DMHDDSUS"": 0.38, ""DEIPD"": 0, ""MEDICAID"": 0, ""OSEC"": 0, ""ORH"": 0, ""DSOHF"": 0.03, ""DSS"": 0, ""none"": 0.56, ""DAGING"": 0, ""DHSR"": 0}",0.3333,0.2,0.2,deprioritized,P(unrelated or weak)=1.00,typesafe-ai/jev,a4b41185524e,True
99c20e3e-db22-4aba-9a35-60ec39849620,Expanding the Therapeutic Pipeline for Treating and Preventing Alzheimer's Disease and Related Dementias: Preclinical Validation and Drug Discovery for Novel Candidate Targets (U01 Clinical Trial Not Allowed),forecast,weak,1.0,"{""strong"": 0, ""moderate"": 0, ""weak"": 1, ""none"": 0}",none,0.76,"{""G5"": 0.01, ""none"": 0.76, ""G4"": 0.01, ""G2"": 0, ""G1"": 0.21, ""G3"": 0.01}",atypical,0.8,"{""lead"": 0, ""partner"": 0.13, ""atypical"": 0.8, ""ineligible"": 0.07, ""unclear"": 0}",none,0.8,"{""DCDEE"": 0, ""OSEC"": 0, ""ORH"": 0, ""DAGING"": 0.15, ""DMHDDSUS"": 0.01, ""DCFW"": 0, ""none"": 0.8, ""DSBDHH"": 0, ""DSS"": 0, ""DPH"": 0.04, ""DSOHF"": 0, ""DEIPD"": 0, ""DHSR"": 0, ""MEDICAID"": 0}",0.3333,0.13,0.1883,deprioritized,P(unrelated or weak)=1.00,typesafe-ai/jev,a4b41185524e,True
99c292e3-156e-4e6c-9eab-09f1cec4ebe1,Navigator Emergency Department Diversion Models for Non-Urgent Mental Health Concerns (R01 Clinical Trial Required),open,weak,0.62,"{""none"": 0, ""moderate"": 0.25, ""weak"": 0.62, ""strong"": 0.13}",G3,0.97,"{""none"": 0.02, ""G4"": 0, ""G1"": 0, ""G5"": 0, ""G3"": 0.97, ""G2"": 0.01}",partner,0.63,"{""atypical"": 0.35, ""lead"": 0.02, ""ineligible"": 0, ""unclear"": 0, ""partner"": 0.63}",DMHDDSUS,0.84,"{""DSS"": 0, ""DCFW"": 0, ""DCDEE"": 0, ""DSOHF"": 0, ""DEIPD"": 0, ""MEDICAID"": 0, ""OSEC"": 0, ""DAGING"": 0, ""DPH"": 0.01, ""none"": 0.14, ""DMHDDSUS"": 0.84, ""DSBDHH"": 0, ""DHSR"": 0.01, ""ORH"": 0}",0.5033,0.65,0.4152,deep_review,not confidently irrelevant,typesafe-ai/jev,a4b41185524e,True
99cd70d1-05f4-49dc-b577-eaba13ac8b18,NCCIH Natural Product Mid Phase Clinical Trial (R01 Clinical Trial Required),open,weak,1.0,"{""weak"": 1, ""moderate"": 0, ""none"": 0, ""strong"": 0}",none,0.91,"{""G5"": 0.01, ""G4"": 0.01, ""none"": 0.91, ""G3"": 0, ""G1"": 0.07, ""G2"": 0}",atypical,0.86,"{""lead"": 0, ""unclear"": 0, ""ineligible"": 0, ""atypical"": 0.86, ""partner"": 0.14}",none,0.79,"{""DHSR"": 0.01, ""DSS"": 0, ""DPH"": 0.17, ""DMHDDSUS"": 0.01, ""OSEC"": 0, ""DCFW"": 0, ""DCDEE"": 0, ""DEIPD"": 0, ""DAGING"": 0, ""DSBDHH"": 0, ""none"": 0.79, ""DSOHF"": 0.01, ""MEDICAID"": 0, ""ORH"": 0.01}",0.3333,0.14,0.19,deprioritized,P(unrelated or weak)=1.00,typesafe-ai/jev,a4b41185524e,True
99e43e8c-dfd4-4e00-9930-081ca0dd9eae,Preclinical Proof of Concept Studies for Rare Diseases (R21 Clinical Trial Not Allowed),open,weak,1.0,"{""strong"": 0, ""moderate"": 0, ""none"": 0, ""weak"": 1}",none,0.79,"{""G2"": 0, ""G4"": 0, ""G3"": 0, ""G1"": 0.2, ""none"": 0.79, ""G5"": 0.01}",atypical,0.88,"{""atypical"": 0.88, ""unclear"": 0, ""ineligible"": 0, ""partner"": 0.12, ""lead"": 0}",none,0.93,"{""DCDEE"": 0, ""DSBDHH"": 0, ""none"": 0.93, ""DPH"": 0.06, ""DAGING"": 0, ""DEIPD"": 0, ""MEDICAID"": 0, ""DSOHF"": 0.01, ""ORH"": 0, ""DSS"": 0, ""DHSR"": 0, ""OSEC"": 0, ""DCFW"": 0, ""DMHDDSUS"": 0}",0.3333,0.12,0.1867,deprioritized,P(unrelated or weak)=1.00,typesafe-ai/jev,a4b41185524e,True
9a1d3271-6ece-4b4a-9e5c-b8e556041edf,ANNUAL PROGRAM STATEMENT - PUBLIC AFFAIRS ITALY,open,none,1.0,"{""weak"": 0, ""strong"": 0, ""moderate"": 0, ""none"": 1}",none,1.0,"{""G5"": 0, ""G3"": 0, ""G4"": 0, ""G1"": 0, ""none"": 1, ""G2"": 0}",atypical,0.67,"{""atypical"": 0.67, ""ineligible"": 0.25, ""partner"": 0.03, ""lead"": 0.05, ""unclear"": 0}",none,0.98,"{""ORH"": 0, ""DCDEE"": 0, ""DSS"": 0, ""DEIPD"": 0, ""DAGING"": 0, ""MEDICAID"": 0, ""OSEC"": 0.02, ""DSOHF"": 0, ""DSBDHH"": 0, ""DPH"": 0, ""DCFW"": 0, ""DMHDDSUS"": 0, ""none"": 0.98, ""DHSR"": 0}",0.0,0.08,0.0,deprioritized,P(unrelated)=1.00,typesafe-ai/jev,a4b41185524e,True
9a4aeb2f-d0ac-403b-ac67-9d1fd24d9556,Maximizing Investigators’ Research Award (MIRA) for Early Stage Investigators (ESI),open,weak,1.0,"{""moderate"": 0, ""strong"": 0, ""weak"": 1, ""none"": 0}",none,0.94,"{""G4"": 0.06, ""none"": 0.94, ""G5"": 0, ""G1"": 0, ""G2"": 0, ""G3"": 0}",atypical,0.98,"{""partner"": 0.01, ""lead"": 0, ""ineligible"": 0.01, ""unclear"": 0, ""atypical"": 0.98}",none,0.96,"{""DSOHF"": 0.01, ""none"": 0.96, ""DHSR"": 0, ""DAGING"": 0, ""MEDICAID"": 0, ""DCDEE"": 0, ""DMHDDSUS"": 0, ""DEIPD"": 0, ""OSEC"": 0, ""DCFW"": 0, ""DSS"": 0, ""DSBDHH"": 0, ""DPH"": 0.03, ""ORH"": 0}",0.3333,0.01,0.1683,deprioritized,P(unrelated or weak)=1.00,typesafe-ai/jev,a4b41185524e,True
9a589956-ee54-442d-805f-3f62d29bf73c,NIA Academic Leadership Career Award (K07 Independent Clinical Trial Not Allowed),open,weak,1.0,"{""weak"": 1, ""strong"": 0, ""none"": 0, ""moderate"": 0}",none,0.77,"{""G1"": 0.04, ""none"": 0.77, ""G3"": 0, ""G2"": 0, ""G5"": 0.02, ""G4"": 0.17}",atypical,0.9,"{""unclear"": 0, ""atypical"": 0.9, ""ineligible"": 0.02, ""partner"": 0.08, ""lead"": 0}",none,0.75,"{""DSS"": 0, ""none"": 0.75, ""MEDICAID"": 0, ""ORH"": 0, ""DMHDDSUS"": 0, ""DPH"": 0.01, ""DCDEE"": 0, ""DAGING"": 0.24, ""OSEC"": 0, ""DSOHF"": 0, ""DEIPD"": 0, ""DSBDHH"": 0, ""DHSR"": 0, ""DCFW"": 0}",0.3333,0.08,0.18,deprioritized,P(unrelated or weak)=1.00,typesafe-ai/jev,a4b41185524e,True
9a5ced43-cd82-4b1c-9b1c-8c06f924fbfc,Alzheimer's Clinical Trials Consortium (ACTC) Clinical Trials,forecast,weak,0.99,"{""weak"": 0.99, ""moderate"": 0.01, ""none"": 0, ""strong"": 0}",G1,0.61,"{""G2"": 0, ""G1"": 0.61, ""G5"": 0.01, ""none"": 0.34, ""G4"": 0.01, ""G3"": 0.03}",atypical,0.54,"{""unclear"": 0.01, ""lead"": 0, ""ineligible"": 0, ""partner"": 0.45, ""atypical"": 0.54}",none,0.49,"{""ORH"": 0, ""DCDEE"": 0, ""DHSR"": 0, ""none"": 0.49, ""DSOHF"": 0.01, ""DPH"": 0.05, ""DCFW"": 0, ""DAGING"": 0.43, ""MEDICAID"": 0, ""OSEC"": 0, ""DEIPD"": 0, ""DMHDDSUS"": 0.02, ""DSS"": 0, ""DSBDHH"": 0}",0.3367,0.45,0.2441,deprioritized,P(unrelated or weak)=0.99,typesafe-ai/jev,a4b41185524e,True
9a7a8932-5cbb-4b38-8700-bdbe6f4fa303,NIDCD Clinical Research Center Grant (P50 Clinical Trial Optional),open,weak,1.0,"{""weak"": 1, ""strong"": 0, ""moderate"": 0, ""none"": 0}",G1,0.51,"{""G2"": 0, ""G4"": 0.01, ""G1"": 0.51, ""G5"": 0, ""G3"": 0, ""none"": 0.48}",atypical,0.59,"{""ineligible"": 0, ""unclear"": 0, ""partner"": 0.4, ""lead"": 0.01, ""atypical"": 0.59}",DSBDHH,0.59,"{""DAGING"": 0, ""ORH"": 0, ""DPH"": 0.03, ""DHSR"": 0, ""OSEC"": 0, ""DMHDDSUS"": 0.01, ""DSBDHH"": 0.59, ""DCDEE"": 0, ""none"": 0.37, ""DCFW"": 0, ""MEDICAID"": 0, ""DSOHF"": 0, ""DEIPD"": 0, ""DSS"": 0}",0.3333,0.41,0.235,deprioritized,P(unrelated or weak)=1.00,typesafe-ai/jev,a4b41185524e,True
9aa9be7d-7f39-4546-ab9f-05aae6fac967,F26AS00104 State ANS Management Plan 2026,open,none,0.73,"{""moderate"": 0.03, ""none"": 0.73, ""weak"": 0.22, ""strong"": 0.02}",none,0.99,"{""G4"": 0, ""none"": 0.99, ""G3"": 0, ""G5"": 0.01, ""G1"": 0, ""G2"": 0}",ineligible,0.61,"{""unclear"": 0, ""ineligible"": 0.61, ""atypical"": 0.17, ""lead"": 0.1, ""partner"": 0.12}",none,0.97,"{""DCFW"": 0, ""MEDICAID"": 0, ""DCDEE"": 0.01, ""none"": 0.97, ""DSS"": 0, ""DHSR"": 0, ""DAGING"": 0, ""DEIPD"": 0, ""OSEC"": 0, ""DMHDDSUS"": 0, ""DSBDHH"": 0, ""ORH"": 0, ""DPH"": 0.02, ""DSOHF"": 0}",0.1133,0.22,0.0691,deprioritized,P(unrelated or weak)=0.95,typesafe-ai/jev,a4b41185524e,True
9accc70c-9683-4b78-bb7b-e8fdbcff1b47,Health Workforce Research Center (HWRC),forecast,moderate,0.48,"{""strong"": 0.4, ""moderate"": 0.48, ""none"": 0, ""weak"": 0.12}",G4,0.92,"{""none"": 0.07, ""G5"": 0.01, ""G2"": 0, ""G4"": 0.92, ""G1"": 0, ""G3"": 0}",partner,0.78,"{""lead"": 0.06, ""partner"": 0.78, ""atypical"": 0.16, ""unclear"": 0, ""ineligible"": 0}",ORH,0.53,"{""DCFW"": 0, ""ORH"": 0.53, ""DAGING"": 0, ""DMHDDSUS"": 0, ""DEIPD"": 0, ""OSEC"": 0.1, ""DPH"": 0.26, ""DSOHF"": 0, ""DSBDHH"": 0, ""MEDICAID"": 0, ""none"": 0.1, ""DCDEE"": 0, ""DSS"": 0, ""DHSR"": 0.01}",0.76,0.84,0.6992,deep_review,not confidently irrelevant,typesafe-ai/jev,a4b41185524e,True
9aea1523-3187-471c-859e-cacb890941c7,"BRAIN Initiative: Theories, Models and Methods for Analysis of Complex Data from the Brain (R01 Clinical Trial Not Allowed)",open,weak,1.0,"{""weak"": 1, ""none"": 0, ""moderate"": 0, ""strong"": 0}",none,0.74,"{""G2"": 0, ""G4"": 0.01, ""none"": 0.74, ""G5"": 0.08, ""G1"": 0, ""G3"": 0.17}",atypical,0.86,"{""atypical"": 0.86, ""unclear"": 0, ""partner"": 0.13, ""lead"": 0.01, ""ineligible"": 0}",none,0.73,"{""OSEC"": 0, ""none"": 0.73, ""DMHDDSUS"": 0.23, ""DCFW"": 0, ""DSBDHH"": 0, ""DSS"": 0, ""DSOHF"": 0.02, ""DEIPD"": 0, ""ORH"": 0, ""DHSR"": 0, ""DPH"": 0.02, ""MEDICAID"": 0, ""DCDEE"": 0, ""DAGING"": 0}",0.3333,0.14,0.19,deprioritized,P(unrelated or weak)=1.00,typesafe-ai/jev,a4b41185524e,True
9b4ae9e9-8f44-494c-9f45-95774b2c84f4,NIAID Investigator Initiated Program Project Applications (P01 Clinical Trial Not Allowed),open,weak,1.0,"{""none"": 0, ""weak"": 1, ""moderate"": 0, ""strong"": 0}",none,0.86,"{""none"": 0.86, ""G5"": 0.01, ""G4"": 0.03, ""G1"": 0.1, ""G3"": 0, ""G2"": 0}",atypical,0.82,"{""atypical"": 0.82, ""ineligible"": 0, ""partner"": 0.18, ""lead"": 0, ""unclear"": 0}",none,0.75,"{""DSS"": 0, ""none"": 0.75, ""ORH"": 0, ""DSOHF"": 0, ""DPH"": 0.24, ""DHSR"": 0, ""MEDICAID"": 0, ""DMHDDSUS"": 0, ""DAGING"": 0, ""DSBDHH"": 0, ""DCDEE"": 0.01, ""DEIPD"": 0, ""DCFW"": 0, ""OSEC"": 0}",0.3333,0.18,0.1967,deprioritized,P(unrelated or weak)=1.00,typesafe-ai/jev,a4b41185524e,True
9b99689b-52c2-4134-8d19-313963a8b2b4,Cancer Prevention and Control Clinical Trials Grant Program (R01 Clinical Trial Required),open,weak,0.9,"{""none"": 0, ""weak"": 0.9, ""moderate"": 0.07, ""strong"": 0.03}",none,0.51,"{""none"": 0.51, ""G2"": 0, ""G5"": 0.01, ""G3"": 0, ""G4"": 0.01, ""G1"": 0.47}",atypical,0.73,"{""atypical"": 0.73, ""partner"": 0.26, ""lead"": 0.01, ""ineligible"": 0, ""unclear"": 0}",DPH,0.74,"{""none"": 0.26, ""DAGING"": 0, ""MEDICAID"": 0, ""DCDEE"": 0, ""DSS"": 0, ""DHSR"": 0, ""DEIPD"": 0, ""ORH"": 0, ""DPH"": 0.74, ""DMHDDSUS"": 0, ""DSOHF"": 0, ""DSBDHH"": 0, ""OSEC"": 0, ""DCFW"": 0}",0.3767,0.27,0.2392,deep_review,not confidently irrelevant,typesafe-ai/jev,a4b41185524e,True
9ba4b04c-e63a-43cd-ab99-1e24e2570e15,Alzheimer's Drug-Development Program (U01 Clinical Trial Optional),forecast,weak,1.0,"{""none"": 0, ""weak"": 1, ""strong"": 0, ""moderate"": 0}",none,0.75,"{""none"": 0.75, ""G4"": 0.01, ""G5"": 0.01, ""G3"": 0.01, ""G2"": 0, ""G1"": 0.22}",atypical,0.92,"{""atypical"": 0.92, ""unclear"": 0, ""partner"": 0.05, ""lead"": 0, ""ineligible"": 0.03}",none,0.83,"{""DCFW"": 0, ""OSEC"": 0, ""DHSR"": 0, ""DSBDHH"": 0, ""ORH"": 0, ""MEDICAID"": 0, ""none"": 0.83, ""DMHDDSUS"": 0.01, ""DCDEE"": 0, ""DSOHF"": 0, ""DPH"": 0.03, ""DAGING"": 0.13, ""DEIPD"": 0, ""DSS"": 0}",0.3333,0.05,0.175,deprioritized,P(unrelated or weak)=1.00,typesafe-ai/jev,a4b41185524e,True
9bd80298-4f43-40e6-890d-64fed9ef6d41,Unlocking Dataset Value for AI-Enabled Scientific Discovery (AI Datasets),open,none,0.63,"{""strong"": 0, ""weak"": 0.35, ""moderate"": 0.02, ""none"": 0.63}",none,0.61,"{""none"": 0.61, ""G5"": 0.39, ""G4"": 0, ""G1"": 0, ""G2"": 0, ""G3"": 0}",atypical,0.8,"{""atypical"": 0.8, ""ineligible"": 0, ""partner"": 0.19, ""lead"": 0.01, ""unclear"": 0}",none,0.69,"{""none"": 0.69, ""DSS"": 0, ""ORH"": 0, ""DSOHF"": 0, ""DPH"": 0.04, ""OSEC"": 0.26, ""MEDICAID"": 0, ""DAGING"": 0, ""DEIPD"": 0, ""DSBDHH"": 0, ""DCDEE"": 0, ""DMHDDSUS"": 0, ""DCFW"": 0, ""DHSR"": 0}",0.13,0.2,0.078,deprioritized,P(unrelated or weak)=0.98,typesafe-ai/jev,a4b41185524e,True
9d8d48d9-1b2e-46ba-9533-1e43c9d4b7a3,F26AS00069 Coastal Program FY26,open,none,0.96,"{""none"": 0.96, ""weak"": 0.04, ""strong"": 0, ""moderate"": 0}",none,1.0,"{""G4"": 0, ""none"": 1, ""G5"": 0, ""G3"": 0, ""G2"": 0, ""G1"": 0}",atypical,0.51,"{""atypical"": 0.51, ""lead"": 0.05, ""partner"": 0.4, ""unclear"": 0.01, ""ineligible"": 0.03}",none,0.98,"{""DCFW"": 0, ""OSEC"": 0, ""DSOHF"": 0, ""DSBDHH"": 0, ""ORH"": 0, ""MEDICAID"": 0, ""none"": 0.98, ""DMHDDSUS"": 0, ""DCDEE"": 0.01, ""DPH"": 0.01, ""DHSR"": 0, ""DAGING"": 0, ""DEIPD"": 0, ""DSS"": 0}",0.0133,0.45,0.0097,deprioritized,P(unrelated)=0.96,typesafe-ai/jev,a4b41185524e,True
9d99eac6-dcd5-46ad-a2de-33cf63b41c53,Forecast for NINDS Exploratory Grant Program in Myalgic Encephalomyelitis/Chronic Fatigue Syndrome Research (P20 - Clinical Trial Optional),forecast,weak,1.0,"{""weak"": 1, ""moderate"": 0, ""none"": 0, ""strong"": 0}",none,0.74,"{""G5"": 0.01, ""G4"": 0.01, ""none"": 0.74, ""G3"": 0.01, ""G1"": 0.23, ""G2"": 0}",atypical,0.87,"{""lead"": 0, ""partner"": 0.13, ""ineligible"": 0, ""atypical"": 0.87, ""unclear"": 0}",none,0.76,"{""DHSR"": 0, ""DSS"": 0, ""DPH"": 0.22, ""DMHDDSUS"": 0.02, ""OSEC"": 0, ""DCFW"": 0, ""DCDEE"": 0, ""DEIPD"": 0, ""DAGING"": 0, ""DSBDHH"": 0, ""none"": 0.76, ""DSOHF"": 0, ""MEDICAID"": 0, ""ORH"": 0}",0.3333,0.13,0.1883,deprioritized,P(unrelated or weak)=1.00,typesafe-ai/jev,a4b41185524e,True
9db5c0ab-0ed9-4cf4-b00b-6fe7d13bf9c6,Reducing Fraud and Lowering Barriers to the Production of Drugs in Shortage by Outsourcing Facilities,forecast,weak,0.94,"{""none"": 0.01, ""strong"": 0.01, ""moderate"": 0.04, ""weak"": 0.94}",none,0.52,"{""G3"": 0, ""none"": 0.52, ""G4"": 0.01, ""G1"": 0.34, ""G2"": 0, ""G5"": 0.13}",atypical,0.9,"{""unclear"": 0, ""partner"": 0.1, ""ineligible"": 0, ""lead"": 0, ""atypical"": 0.9}",none,0.76,"{""DMHDDSUS"": 0, ""none"": 0.76, ""DSS"": 0, ""OSEC"": 0.01, ""DSBDHH"": 0, ""DEIPD"": 0, ""DPH"": 0.06, ""ORH"": 0.01, ""DSOHF"": 0.01, ""DCDEE"": 0, ""MEDICAID"": 0.03, ""DCFW"": 0, ""DAGING"": 0, ""DHSR"": 0.12}",0.35,0.1,0.1925,deprioritized,P(unrelated or weak)=0.95,typesafe-ai/jev,a4b41185524e,True
9dc7dc74-19eb-4f04-b102-c914542f74d1,Notice of Intent to Publish a Request for Concept Notes Announcement on Capacity Development for the Reception & Placement Program,forecast,strong,0.51,"{""none"": 0.03, ""weak"": 0.16, ""moderate"": 0.3, ""strong"": 0.51}",G1,0.46,"{""G1"": 0.46, ""none"": 0.43, ""G4"": 0.01, ""G3"": 0, ""G5"": 0.02, ""G2"": 0.08}",ineligible,0.81,"{""atypical"": 0.02, ""lead"": 0, ""partner"": 0.16, ""ineligible"": 0.81, ""unclear"": 0.01}",DSS,0.53,"{""OSEC"": 0, ""DPH"": 0, ""DSS"": 0.53, ""ORH"": 0, ""DSBDHH"": 0, ""DCFW"": 0, ""DEIPD"": 0, ""DMHDDSUS"": 0, ""none"": 0.47, ""MEDICAID"": 0, ""DCDEE"": 0, ""DAGING"": 0, ""DSOHF"": 0, ""DHSR"": 0}",0.7633,0.16,0.4427,deep_review,not confidently irrelevant,typesafe-ai/jev,a4b41185524e,True
9dccc561-32c6-4e45-a89a-e2ca4cafc04a,George M. O’Brien Urology Cooperative Research Centers Program (U54 Clinical Trial Optional),forecast,weak,1.0,"{""moderate"": 0, ""weak"": 1, ""none"": 0, ""strong"": 0}",none,0.85,"{""G4"": 0.02, ""G5"": 0.01, ""none"": 0.85, ""G1"": 0.12, ""G3"": 0, ""G2"": 0}",atypical,0.69,"{""unclear"": 0, ""lead"": 0.01, ""atypical"": 0.69, ""partner"": 0.29, ""ineligible"": 0.01}",none,0.87,"{""DCDEE"": 0, ""DPH"": 0.1, ""ORH"": 0.01, ""DSS"": 0, ""DSOHF"": 0.01, ""DCFW"": 0, ""none"": 0.87, ""DEIPD"": 0, ""MEDICAID"": 0, ""DSBDHH"": 0, ""OSEC"": 0, ""DHSR"": 0.01, ""DMHDDSUS"": 0, ""DAGING"": 0}",0.3333,0.3,0.2167,deprioritized,P(unrelated or weak)=1.00,typesafe-ai/jev,a4b41185524e,True
9e356693-4109-428d-82ca-d7d5577a06dc,Mood and Psychosis Symptoms during the Menopause Transition (R21 Clinical Trial Optional),open,weak,1.0,"{""weak"": 1, ""none"": 0, ""strong"": 0, ""moderate"": 0}",G3,0.58,"{""G1"": 0.01, ""G2"": 0, ""G5"": 0, ""none"": 0.41, ""G3"": 0.58, ""G4"": 0}",atypical,0.89,"{""ineligible"": 0, ""partner"": 0.11, ""lead"": 0, ""atypical"": 0.89, ""unclear"": 0}",none,0.62,"{""DSOHF"": 0.01, ""OSEC"": 0, ""ORH"": 0, ""DCDEE"": 0, ""DCFW"": 0, ""none"": 0.62, ""MEDICAID"": 0, ""DAGING"": 0, ""DMHDDSUS"": 0.31, ""DEIPD"": 0, ""DSS"": 0, ""DHSR"": 0, ""DSBDHH"": 0, ""DPH"": 0.06}",0.3333,0.11,0.185,deprioritized,P(unrelated or weak)=1.00,typesafe-ai/jev,a4b41185524e,True
9e5e5cc9-842c-478b-8bfd-4481fc1e3c32,U.S.-Africa Strategic Investment Program,open,none,0.99,"{""moderate"": 0, ""none"": 0.99, ""weak"": 0.01, ""strong"": 0}",none,1.0,"{""G2"": 0, ""none"": 1, ""G3"": 0, ""G5"": 0, ""G4"": 0, ""G1"": 0}",ineligible,0.71,"{""lead"": 0, ""ineligible"": 0.71, ""atypical"": 0.27, ""unclear"": 0.01, ""partner"": 0.01}",none,1.0,"{""DCFW"": 0, ""DSBDHH"": 0, ""none"": 1, ""DHSR"": 0, ""MEDICAID"": 0, ""ORH"": 0, ""DSS"": 0, ""DAGING"": 0, ""OSEC"": 0, ""DPH"": 0, ""DMHDDSUS"": 0, ""DEIPD"": 0, ""DCDEE"": 0, ""DSOHF"": 0}",0.0033,0.01,0.0017,deprioritized,P(unrelated)=0.99,typesafe-ai/jev,a4b41185524e,True
9ea4ff0a-477c-47df-9892-f1c93740c579,Advanced Nuclear Energy Licensing Cost-Share Grant Program,open,none,1.0,"{""none"": 1, ""weak"": 0, ""moderate"": 0, ""strong"": 0}",none,1.0,"{""G5"": 0, ""G2"": 0, ""none"": 1, ""G3"": 0, ""G4"": 0, ""G1"": 0}",atypical,0.58,"{""atypical"": 0.58, ""partner"": 0.01, ""lead"": 0, ""ineligible"": 0.38, ""unclear"": 0.03}",none,1.0,"{""none"": 1, ""DCDEE"": 0, ""MEDICAID"": 0, ""DCFW"": 0, ""OSEC"": 0, ""DSBDHH"": 0, ""DEIPD"": 0, ""ORH"": 0, ""DPH"": 0, ""DMHDDSUS"": 0, ""DAGING"": 0, ""DSOHF"": 0, ""DSS"": 0, ""DHSR"": 0}",0.0,0.01,0.0,deprioritized,P(unrelated)=1.00,typesafe-ai/jev,a4b41185524e,True
9ea57cf9-811c-4b26-9d18-fc27169861e7,"Development and Testing of Novel Interventions to Improve HIV Prevention, Treatment, and Program Implementation for People Who Use Substances (R34 Clinical Trial Required)",open,weak,0.5,"{""weak"": 0.5, ""strong"": 0.17, ""none"": 0, ""moderate"": 0.33}",G3,0.5,"{""G4"": 0, ""G2"": 0, ""G3"": 0.5, ""none"": 0.02, ""G1"": 0.48, ""G5"": 0}",partner,0.61,"{""lead"": 0.03, ""partner"": 0.61, ""unclear"": 0, ""atypical"": 0.36, ""ineligible"": 0}",DMHDDSUS,0.6,"{""DHSR"": 0, ""DMHDDSUS"": 0.6, ""MEDICAID"": 0, ""OSEC"": 0, ""none"": 0.02, ""ORH"": 0, ""DSS"": 0, ""DCFW"": 0, ""DAGING"": 0, ""DSOHF"": 0, ""DPH"": 0.38, ""DSBDHH"": 0, ""DEIPD"": 0, ""DCDEE"": 0}",0.5567,0.64,0.4565,deep_review,not confidently irrelevant,typesafe-ai/jev,a4b41185524e,True
9eef95f7-4437-45bc-810a-2514c89f8019,Data Coordinating Center for Multi-Site Investigator-Initiated Clinical Trials (Collaborative U24 Clinical Trial Required),open,weak,0.98,"{""strong"": 0, ""moderate"": 0.02, ""weak"": 0.98, ""none"": 0}",none,0.72,"{""G5"": 0.25, ""none"": 0.72, ""G4"": 0.01, ""G2"": 0, ""G1"": 0.02, ""G3"": 0}",atypical,0.54,"{""lead"": 0.01, ""partner"": 0.45, ""atypical"": 0.54, ""ineligible"": 0, ""unclear"": 0}",none,0.78,"{""MEDICAID"": 0, ""OSEC"": 0.06, ""ORH"": 0.01, ""DAGING"": 0, ""DMHDDSUS"": 0, ""DCFW"": 0, ""none"": 0.78, ""DPH"": 0.14, ""DHSR"": 0.01, ""DSOHF"": 0, ""DSBDHH"": 0, ""DEIPD"": 0, ""DSS"": 0, ""DCDEE"": 0}",0.34,0.46,0.2482,deprioritized,P(unrelated or weak)=0.98,typesafe-ai/jev,a4b41185524e,True
9f06c317-b398-4482-89b1-57bcf35363f3,Notice of Intent to Publish a Funding Opportunity Announcement for Trailblazer Award for New and Early-Stage Investigators (R21 Clinical Trial Optional),forecast,weak,1.0,"{""strong"": 0, ""none"": 0, ""weak"": 1, ""moderate"": 0}",none,0.88,"{""G1"": 0, ""G4"": 0.01, ""none"": 0.88, ""G2"": 0, ""G3"": 0, ""G5"": 0.11}",atypical,0.99,"{""lead"": 0, ""partner"": 0.01, ""atypical"": 0.99, ""unclear"": 0, ""ineligible"": 0}",none,0.92,"{""DAGING"": 0, ""none"": 0.92, ""DCFW"": 0, ""OSEC"": 0.01, ""ORH"": 0, ""DPH"": 0.07, ""DMHDDSUS"": 0, ""DEIPD"": 0, ""DSOHF"": 0, ""MEDICAID"": 0, ""DSBDHH"": 0, ""DHSR"": 0, ""DSS"": 0, ""DCDEE"": 0}",0.3333,0.01,0.1683,deprioritized,P(unrelated or weak)=1.00,typesafe-ai/jev,a4b41185524e,True
9f506d94-0ad4-4b56-998d-4ddb82ce92b9,Cooperative Agreement to Support Effective Dissemination of Clinical Practice Guidelines,forecast,moderate,0.51,"{""weak"": 0.28, ""strong"": 0.21, ""moderate"": 0.51, ""none"": 0}",G1,0.72,"{""G5"": 0.13, ""G3"": 0, ""G2"": 0, ""G1"": 0.72, ""none"": 0.15, ""G4"": 0}",partner,0.48,"{""atypical"": 0.46, ""ineligible"": 0, ""partner"": 0.48, ""lead"": 0.02, ""unclear"": 0.04}",DPH,0.73,"{""ORH"": 0.01, ""DCDEE"": 0, ""OSEC"": 0.01, ""DEIPD"": 0, ""DCFW"": 0, ""MEDICAID"": 0.01, ""DAGING"": 0, ""DSOHF"": 0, ""DSS"": 0, ""DPH"": 0.73, ""DSBDHH"": 0, ""DMHDDSUS"": 0, ""none"": 0.21, ""DHSR"": 0.03}",0.6433,0.5,0.4825,deep_review,not confidently irrelevant,typesafe-ai/jev,a4b41185524e,True
9f5c5a97-af42-49ea-b8e0-0dcbd93a61eb,Health Promotion and Disease Prevention Research Centers:  2027 Special Interest Project Supplements (SIPS),forecast,weak,0.58,"{""weak"": 0.58, ""none"": 0.02, ""moderate"": 0.2, ""strong"": 0.2}",none,0.75,"{""G5"": 0.04, ""G2"": 0, ""none"": 0.75, ""G3"": 0.01, ""G4"": 0.01, ""G1"": 0.19}",ineligible,0.65,"{""atypical"": 0.04, ""partner"": 0.31, ""lead"": 0, ""ineligible"": 0.65, ""unclear"": 0}",none,0.77,"{""none"": 0.77, ""DSS"": 0, ""MEDICAID"": 0, ""DCFW"": 0, ""DSBDHH"": 0, ""DCDEE"": 0, ""DEIPD"": 0, ""DMHDDSUS"": 0, ""DPH"": 0.23, ""ORH"": 0, ""DSOHF"": 0, ""DHSR"": 0, ""OSEC"": 0, ""DAGING"": 0}",0.5267,0.31,0.345,deep_review,not confidently irrelevant,typesafe-ai/jev,a4b41185524e,True
9f5f39de-4e3f-47ea-aaa5-f82539b61c49,Alumni Engagement Innovation Fund (AEIF) 2026: Exchange Alumni Advancing Freedom250,forecast,none,1.0,"{""weak"": 0, ""strong"": 0, ""none"": 1, ""moderate"": 0}",none,1.0,"{""none"": 1, ""G5"": 0, ""G4"": 0, ""G3"": 0, ""G1"": 0, ""G2"": 0}",ineligible,0.99,"{""atypical"": 0.01, ""unclear"": 0, ""ineligible"": 0.99, ""lead"": 0, ""partner"": 0}",none,1.0,"{""ORH"": 0, ""DSOHF"": 0, ""DEIPD"": 0, ""DAGING"": 0, ""DSBDHH"": 0, ""MEDICAID"": 0, ""DSS"": 0, ""DCDEE"": 0, ""OSEC"": 0, ""none"": 1, ""DPH"": 0, ""DCFW"": 0, ""DMHDDSUS"": 0, ""DHSR"": 0}",0.0,0.0,0.0,deprioritized,P(unrelated)=1.00,typesafe-ai/jev,a4b41185524e,True
9f9e47ff-9a7b-4ab5-b55c-fb64273defdd,Independent Scientist Award (Parent K02 - Independent Clinical Trial Not Allowed),open,weak,1.0,"{""moderate"": 0, ""none"": 0, ""strong"": 0, ""weak"": 1}",none,0.73,"{""G2"": 0, ""none"": 0.73, ""G3"": 0.03, ""G5"": 0.01, ""G4"": 0.23, ""G1"": 0}",atypical,0.96,"{""ineligible"": 0, ""atypical"": 0.96, ""lead"": 0, ""unclear"": 0, ""partner"": 0.04}",none,0.86,"{""DCFW"": 0, ""DSBDHH"": 0, ""none"": 0.86, ""DHSR"": 0, ""MEDICAID"": 0, ""ORH"": 0.01, ""DSS"": 0, ""DAGING"": 0.02, ""OSEC"": 0.01, ""DPH"": 0.05, ""DMHDDSUS"": 0.03, ""DEIPD"": 0, ""DCDEE"": 0, ""DSOHF"": 0.02}",0.3333,0.04,0.1733,deprioritized,P(unrelated or weak)=1.00,typesafe-ai/jev,a4b41185524e,True
9fd4ae6c-672c-4fdd-9fae-d795a50b9681,NOAA Great Lakes Fish Habitat Restoration Partnership Grants,open,none,0.96,"{""none"": 0.96, ""weak"": 0.04, ""moderate"": 0, ""strong"": 0}",none,1.0,"{""G5"": 0, ""G2"": 0, ""none"": 1, ""G3"": 0, ""G4"": 0, ""G1"": 0}",atypical,0.67,"{""atypical"": 0.67, ""partner"": 0.21, ""lead"": 0.02, ""ineligible"": 0.1, ""unclear"": 0}",none,1.0,"{""none"": 1, ""DSBDHH"": 0, ""MEDICAID"": 0, ""DCDEE"": 0, ""OSEC"": 0, ""DCFW"": 0, ""DEIPD"": 0, ""DMHDDSUS"": 0, ""DPH"": 0, ""ORH"": 0, ""DHSR"": 0, ""DSOHF"": 0, ""DSS"": 0, ""DAGING"": 0}",0.0133,0.23,0.0082,deprioritized,P(unrelated)=0.96,typesafe-ai/jev,a4b41185524e,True
9feba724-7117-42d6-b42c-2a649f4ef2ec,LPS Qubit Collaboratory (LQC),open,none,1.0,"{""moderate"": 0, ""weak"": 0, ""strong"": 0, ""none"": 1}",none,0.98,"{""G5"": 0.01, ""G3"": 0, ""G2"": 0, ""G4"": 0.01, ""none"": 0.98, ""G1"": 0}",atypical,0.92,"{""atypical"": 0.92, ""partner"": 0, ""unclear"": 0.01, ""ineligible"": 0.07, ""lead"": 0}",none,1.0,"{""none"": 1, ""DCFW"": 0, ""OSEC"": 0, ""DPH"": 0, ""ORH"": 0, ""DSS"": 0, ""DAGING"": 0, ""MEDICAID"": 0, ""DSOHF"": 0, ""DSBDHH"": 0, ""DEIPD"": 0, ""DCDEE"": 0, ""DMHDDSUS"": 0, ""DHSR"": 0}",0.0,0.0,0.0,deprioritized,P(unrelated)=1.00,typesafe-ai/jev,a4b41185524e,True
a0e65cbc-14cf-4907-978e-adc4629c5e7c,NIDA Mentored Clinical Scientist Development Program Award in Substance Use and Substance Use Disorder Research (K12 Clinical Trial Optional),open,weak,0.95,"{""moderate"": 0.03, ""strong"": 0.02, ""none"": 0, ""weak"": 0.95}",G3,0.59,"{""G3"": 0.59, ""G1"": 0, ""none"": 0.24, ""G2"": 0, ""G5"": 0, ""G4"": 0.17}",atypical,0.68,"{""partner"": 0.3, ""unclear"": 0, ""lead"": 0.01, ""atypical"": 0.68, ""ineligible"": 0.01}",DMHDDSUS,0.57,"{""DSOHF"": 0.04, ""DSBDHH"": 0, ""DSS"": 0, ""DHSR"": 0, ""DCFW"": 0, ""DAGING"": 0, ""ORH"": 0, ""DPH"": 0.01, ""MEDICAID"": 0, ""OSEC"": 0, ""DMHDDSUS"": 0.57, ""none"": 0.37, ""DCDEE"": 0, ""DEIPD"": 0}",0.3567,0.31,0.2336,deprioritized,P(unrelated or weak)=0.95,typesafe-ai/jev,a4b41185524e,True
a0e833b4-2a2c-4f1e-bdbb-7b625962adb3,"Engineering (ENG): Civil, Mechanical and Manufacturing Innovation (CMMI)",open,none,0.94,"{""moderate"": 0, ""strong"": 0, ""weak"": 0.06, ""none"": 0.94}",none,0.96,"{""none"": 0.96, ""G5"": 0.04, ""G4"": 0, ""G1"": 0, ""G3"": 0, ""G2"": 0}",atypical,0.95,"{""partner"": 0.01, ""atypical"": 0.95, ""unclear"": 0.04, ""ineligible"": 0, ""lead"": 0}",none,1.0,"{""DHSR"": 0, ""DCDEE"": 0, ""DCFW"": 0, ""ORH"": 0, ""OSEC"": 0, ""DSBDHH"": 0, ""DEIPD"": 0, ""MEDICAID"": 0, ""DSS"": 0, ""DSOHF"": 0, ""DPH"": 0, ""DAGING"": 0, ""DMHDDSUS"": 0, ""none"": 1}",0.02,0.01,0.0101,deprioritized,P(unrelated)=0.94,typesafe-ai/jev,a4b41185524e,True
a1498213-87dc-41ef-b4d1-cdda9c8fe538,NIDCD Research Career Enhancement Award for Established Investigators (K18 Clinical Trial Not Allowed),open,weak,1.0,"{""strong"": 0, ""moderate"": 0, ""none"": 0, ""weak"": 1}",none,0.87,"{""G5"": 0.01, ""G1"": 0.06, ""G2"": 0, ""G3"": 0, ""none"": 0.87, ""G4"": 0.06}",atypical,0.95,"{""unclear"": 0, ""atypical"": 0.95, ""ineligible"": 0.02, ""partner"": 0.03, ""lead"": 0}",none,0.62,"{""DSBDHH"": 0.37, ""DSOHF"": 0, ""DCDEE"": 0, ""ORH"": 0, ""DAGING"": 0, ""DMHDDSUS"": 0, ""DCFW"": 0, ""DEIPD"": 0, ""DHSR"": 0, ""DPH"": 0.01, ""MEDICAID"": 0, ""none"": 0.62, ""OSEC"": 0, ""DSS"": 0}",0.3333,0.03,0.1717,deprioritized,P(unrelated or weak)=1.00,typesafe-ai/jev,a4b41185524e,True
a16a8998-c3d8-45c8-ab49-7ee05622e4d1,Evaluating the Cutaneous Pharmacokinetics of Topical Drug Products Using Pharmacokinetic Tomography (U01 Clinical Trial Required),forecast,weak,1.0,"{""none"": 0, ""weak"": 1, ""moderate"": 0, ""strong"": 0}",none,0.87,"{""G1"": 0, ""none"": 0.87, ""G4"": 0, ""G3"": 0, ""G5"": 0.13, ""G2"": 0}",atypical,0.93,"{""atypical"": 0.93, ""partner"": 0.07, ""lead"": 0, ""ineligible"": 0, ""unclear"": 0}",none,0.97,"{""OSEC"": 0, ""DPH"": 0.02, ""DSBDHH"": 0, ""ORH"": 0, ""DSS"": 0, ""DCFW"": 0, ""DEIPD"": 0, ""DMHDDSUS"": 0, ""none"": 0.97, ""MEDICAID"": 0, ""DSOHF"": 0, ""DAGING"": 0, ""DCDEE"": 0, ""DHSR"": 0.01}",0.3333,0.07,0.1783,deprioritized,P(unrelated or weak)=1.00,typesafe-ai/jev,a4b41185524e,True
a17265a0-a839-4e4a-b114-49c9254cd4a7,NIH Science Education Partnership Award (SEPA) (R25 - Clinical Trial Not Allowed),open,weak,0.86,"{""none"": 0.01, ""moderate"": 0.11, ""weak"": 0.86, ""strong"": 0.02}",G4,0.59,"{""G4"": 0.59, ""none"": 0.29, ""G1"": 0.02, ""G2"": 0.1, ""G3"": 0, ""G5"": 0}",atypical,0.5,"{""unclear"": 0, ""ineligible"": 0, ""atypical"": 0.5, ""lead"": 0.02, ""partner"": 0.48}",none,0.42,"{""DCFW"": 0.22, ""MEDICAID"": 0, ""DSS"": 0, ""DSBDHH"": 0, ""DPH"": 0.25, ""DSOHF"": 0, ""DAGING"": 0, ""DEIPD"": 0, ""OSEC"": 0.01, ""none"": 0.42, ""ORH"": 0, ""DCDEE"": 0.1, ""DMHDDSUS"": 0, ""DHSR"": 0}",0.38,0.5,0.285,deep_review,not confidently irrelevant,typesafe-ai/jev,a4b41185524e,True
a20fb768-e7ea-4e32-bf0e-89ea0f1cf31e,Early- and Late-Stage Clinical Trials for the Spectrum of Alzheimer's Disease/Alzheimer's Disease-Related Dementias and Age-Related Cognitive Decline,forecast,weak,1.0,"{""weak"": 1, ""moderate"": 0, ""none"": 0, ""strong"": 0}",G1,0.48,"{""G5"": 0.01, ""G4"": 0.01, ""none"": 0.46, ""G3"": 0.04, ""G2"": 0, ""G1"": 0.48}",atypical,0.67,"{""lead"": 0, ""unclear"": 0.01, ""ineligible"": 0, ""atypical"": 0.67, ""partner"": 0.32}",none,0.67,"{""DHSR"": 0, ""DSS"": 0, ""DPH"": 0.05, ""OSEC"": 0, ""DMHDDSUS"": 0.02, ""DCFW"": 0, ""DCDEE"": 0, ""DEIPD"": 0, ""DAGING"": 0.26, ""DSBDHH"": 0, ""none"": 0.67, ""DSOHF"": 0, ""MEDICAID"": 0, ""ORH"": 0}",0.3333,0.32,0.22,deprioritized,P(unrelated or weak)=1.00,typesafe-ai/jev,a4b41185524e,True
a2141770-82f7-44df-8c86-e1731648e086,Community Led Monitoring Intervention,forecast,none,0.55,"{""weak"": 0.45, ""none"": 0.55, ""moderate"": 0, ""strong"": 0}",none,0.92,"{""G4"": 0, ""G3"": 0, ""none"": 0.92, ""G5"": 0, ""G2"": 0, ""G1"": 0.08}",ineligible,0.96,"{""lead"": 0, ""ineligible"": 0.96, ""atypical"": 0.03, ""partner"": 0.01, ""unclear"": 0}",none,0.93,"{""MEDICAID"": 0, ""DMHDDSUS"": 0, ""DCFW"": 0, ""DSOHF"": 0, ""none"": 0.93, ""DSS"": 0, ""DAGING"": 0, ""DCDEE"": 0, ""DSBDHH"": 0, ""OSEC"": 0, ""ORH"": 0, ""DHSR"": 0, ""DEIPD"": 0, ""DPH"": 0.07}",0.15,0.01,0.0757,deprioritized,P(unrelated or weak)=1.00,typesafe-ai/jev,a4b41185524e,True
a23b92cf-f38b-4910-9757-188371a453ab,Mentored Clinician Research Scientist Career Development Award (KC1),forecast,weak,1.0,"{""weak"": 1, ""moderate"": 0, ""none"": 0, ""strong"": 0}",none,0.59,"{""G3"": 0, ""G4"": 0.39, ""G1"": 0.01, ""G2"": 0, ""none"": 0.59, ""G5"": 0.01}",atypical,0.93,"{""unclear"": 0, ""partner"": 0.05, ""atypical"": 0.93, ""ineligible"": 0.02, ""lead"": 0}",none,0.76,"{""DSBDHH"": 0, ""DCDEE"": 0.01, ""ORH"": 0.02, ""DSOHF"": 0.03, ""DEIPD"": 0, ""DAGING"": 0, ""DHSR"": 0, ""DCFW"": 0, ""MEDICAID"": 0, ""none"": 0.76, ""DPH"": 0.17, ""OSEC"": 0.01, ""DSS"": 0, ""DMHDDSUS"": 0}",0.3333,0.05,0.175,deprioritized,P(unrelated or weak)=1.00,typesafe-ai/jev,a4b41185524e,True
a2ea641e-ccb6-46e8-922d-c2d3d0c5ed04,NIDDK Disease Research and Translational Core Centers (P30 Clinical Trial Optional),forecast,weak,1.0,"{""moderate"": 0, ""weak"": 1, ""strong"": 0, ""none"": 0}",none,0.86,"{""G5"": 0.08, ""G3"": 0, ""G2"": 0, ""G4"": 0.03, ""none"": 0.86, ""G1"": 0.03}",atypical,0.8,"{""ineligible"": 0.01, ""partner"": 0.19, ""unclear"": 0, ""atypical"": 0.8, ""lead"": 0}",none,0.86,"{""DMHDDSUS"": 0, ""DCFW"": 0, ""OSEC"": 0, ""DSBDHH"": 0, ""DPH"": 0.12, ""DSS"": 0, ""DAGING"": 0, ""MEDICAID"": 0, ""DSOHF"": 0.01, ""ORH"": 0, ""DEIPD"": 0, ""DCDEE"": 0, ""none"": 0.86, ""DHSR"": 0.01}",0.3333,0.19,0.1983,deprioritized,P(unrelated or weak)=1.00,typesafe-ai/jev,a4b41185524e,True
a36c6294-903e-4aa3-80c9-914060a60380,Drug-Free Communities (DFC) Support Program – NEW (Year 1),forecast,strong,0.81,"{""moderate"": 0.16, ""weak"": 0.03, ""none"": 0, ""strong"": 0.81}",G3,0.95,"{""G2"": 0.03, ""G4"": 0, ""none"": 0.02, ""G5"": 0, ""G1"": 0, ""G3"": 0.95}",partner,0.81,"{""atypical"": 0.16, ""partner"": 0.81, ""lead"": 0.01, ""unclear"": 0, ""ineligible"": 0.02}",DMHDDSUS,0.83,"{""DSBDHH"": 0, ""none"": 0.04, ""DPH"": 0.12, ""DCDEE"": 0, ""DAGING"": 0, ""DCFW"": 0.01, ""DSOHF"": 0, ""MEDICAID"": 0, ""DSS"": 0, ""DMHDDSUS"": 0.83, ""DHSR"": 0, ""OSEC"": 0, ""ORH"": 0, ""DEIPD"": 0}",0.9267,0.82,0.8433,deep_review,not confidently irrelevant,typesafe-ai/jev,a4b41185524e,True
a3c04dfb-d7de-4068-a394-5c445daa61db,Independent Scientist Award (Parent K02 - Independent Clinical Trial Required),open,weak,0.99,"{""strong"": 0, ""none"": 0, ""moderate"": 0.01, ""weak"": 0.99}",none,0.69,"{""G2"": 0, ""none"": 0.69, ""G4"": 0.18, ""G5"": 0.01, ""G1"": 0, ""G3"": 0.12}",atypical,0.95,"{""atypical"": 0.95, ""unclear"": 0, ""partner"": 0.05, ""lead"": 0, ""ineligible"": 0}",none,0.7,"{""OSEC"": 0.01, ""none"": 0.7, ""ORH"": 0.01, ""DCFW"": 0, ""DMHDDSUS"": 0.19, ""DSS"": 0, ""DEIPD"": 0, ""DSOHF"": 0.04, ""DSBDHH"": 0, ""DHSR"": 0, ""DPH"": 0.05, ""MEDICAID"": 0, ""DCDEE"": 0, ""DAGING"": 0}",0.3367,0.05,0.1767,deprioritized,P(unrelated or weak)=0.99,typesafe-ai/jev,a4b41185524e,True
a3c41b76-6e51-4a28-8392-43dcdb48cda3,Low-Cost Chip-Scale Atomic Clock (LC CSAC),open,none,1.0,"{""weak"": 0, ""moderate"": 0, ""none"": 1, ""strong"": 0}",none,0.99,"{""G1"": 0, ""G2"": 0, ""G3"": 0, ""none"": 0.99, ""G5"": 0.01, ""G4"": 0}",ineligible,0.93,"{""partner"": 0, ""ineligible"": 0.93, ""lead"": 0, ""unclear"": 0, ""atypical"": 0.07}",none,1.0,"{""DSOHF"": 0, ""DCFW"": 0, ""DSBDHH"": 0, ""DSS"": 0, ""OSEC"": 0, ""ORH"": 0, ""DAGING"": 0, ""DHSR"": 0, ""MEDICAID"": 0, ""DCDEE"": 0, ""DPH"": 0, ""none"": 1, ""DMHDDSUS"": 0, ""DEIPD"": 0}",0.0,0.0,0.0,deprioritized,P(unrelated)=1.00,typesafe-ai/jev,a4b41185524e,True
a3e35efa-ec13-4e1e-ba19-cd5e49fdc0a2,Ruth L. Kirschstein National Research Service Award (NRSA) Individual Senior Fellowship (Parent F33),open,weak,1.0,"{""none"": 0, ""moderate"": 0, ""weak"": 1, ""strong"": 0}",none,0.83,"{""none"": 0.83, ""G2"": 0, ""G3"": 0, ""G1"": 0, ""G5"": 0.01, ""G4"": 0.16}",atypical,0.8,"{""ineligible"": 0.17, ""lead"": 0.01, ""atypical"": 0.8, ""partner"": 0.01, ""unclear"": 0}",none,0.92,"{""DPH"": 0.06, ""DSS"": 0, ""DSBDHH"": 0, ""DAGING"": 0, ""MEDICAID"": 0, ""OSEC"": 0.01, ""ORH"": 0, ""DCDEE"": 0, ""none"": 0.92, ""DEIPD"": 0, ""DMHDDSUS"": 0.01, ""DCFW"": 0, ""DSOHF"": 0, ""DHSR"": 0}",0.3333,0.02,0.17,deprioritized,P(unrelated or weak)=1.00,typesafe-ai/jev,a4b41185524e,True
a3fe5760-281e-4303-aac7-08dcea8327c2,The Metastasis Research Network (MetNet): MetNet Research Projects (U01 Clinical Trial Not Allowed),open,weak,1.0,"{""none"": 0, ""weak"": 1, ""strong"": 0, ""moderate"": 0}",none,0.84,"{""G4"": 0.02, ""G5"": 0.01, ""none"": 0.84, ""G3"": 0, ""G1"": 0.13, ""G2"": 0}",atypical,0.78,"{""atypical"": 0.78, ""unclear"": 0, ""partner"": 0.22, ""lead"": 0, ""ineligible"": 0}",none,0.72,"{""DCFW"": 0, ""OSEC"": 0, ""DSOHF"": 0, ""DSBDHH"": 0, ""ORH"": 0, ""MEDICAID"": 0, ""none"": 0.72, ""DMHDDSUS"": 0, ""DCDEE"": 0.01, ""DSS"": 0, ""DHSR"": 0, ""DAGING"": 0, ""DEIPD"": 0, ""DPH"": 0.27}",0.3333,0.22,0.2033,deprioritized,P(unrelated or weak)=1.00,typesafe-ai/jev,a4b41185524e,True
a41c508c-e2c8-48bd-be6d-615027fca6b7,FY 2024 – 2026 - Broad Agency Announcement (BAA) for the Office of Education,open,none,0.89,"{""strong"": 0, ""moderate"": 0.01, ""none"": 0.89, ""weak"": 0.1}",none,0.98,"{""G5"": 0.01, ""G1"": 0, ""G2"": 0, ""G3"": 0, ""none"": 0.98, ""G4"": 0.01}",atypical,0.93,"{""unclear"": 0, ""atypical"": 0.93, ""ineligible"": 0.01, ""partner"": 0.05, ""lead"": 0.01}",none,0.92,"{""DSBDHH"": 0, ""DSOHF"": 0, ""DCDEE"": 0.03, ""ORH"": 0, ""DAGING"": 0, ""DMHDDSUS"": 0, ""DPH"": 0.04, ""DSS"": 0, ""DHSR"": 0, ""DEIPD"": 0, ""MEDICAID"": 0, ""none"": 0.92, ""OSEC"": 0, ""DCFW"": 0.01}",0.04,0.06,0.0212,deprioritized,P(unrelated)=0.89,typesafe-ai/jev,a4b41185524e,True
a44b38f2-6d15-4b5b-b1df-788a730bb203,NIH Small Business Innovation Research (SBIR) Phase IIB Strategic Breakthrough Award (Parent [R44] Clinical Trial Optional),open,weak,0.99,"{""weak"": 0.99, ""none"": 0.01, ""strong"": 0, ""moderate"": 0}",none,0.96,"{""G1"": 0, ""none"": 0.96, ""G3"": 0, ""G2"": 0, ""G5"": 0.04, ""G4"": 0}",ineligible,0.95,"{""unclear"": 0, ""partner"": 0.01, ""ineligible"": 0.95, ""atypical"": 0.04, ""lead"": 0}",none,1.0,"{""DSS"": 0, ""none"": 1, ""MEDICAID"": 0, ""ORH"": 0, ""DMHDDSUS"": 0, ""DPH"": 0, ""DAGING"": 0, ""DSBDHH"": 0, ""OSEC"": 0, ""DSOHF"": 0, ""DEIPD"": 0, ""DCDEE"": 0, ""DHSR"": 0, ""DCFW"": 0}",0.33,0.01,0.1666,deprioritized,P(unrelated or weak)=1.00,typesafe-ai/jev,a4b41185524e,True
a4d63251-b2fd-4d44-86ac-21da0f120a4c,"Communications, Circuits, and Sensing-Systems",open,weak,0.77,"{""strong"": 0, ""moderate"": 0, ""weak"": 0.77, ""none"": 0.23}",none,0.82,"{""G5"": 0.17, ""none"": 0.82, ""G4"": 0, ""G2"": 0, ""G1"": 0.01, ""G3"": 0}",atypical,0.92,"{""lead"": 0, ""partner"": 0.04, ""atypical"": 0.92, ""ineligible"": 0, ""unclear"": 0.04}",none,0.98,"{""DCDEE"": 0, ""OSEC"": 0.01, ""ORH"": 0, ""DAGING"": 0, ""DMHDDSUS"": 0, ""DCFW"": 0, ""none"": 0.98, ""DSBDHH"": 0, ""DSOHF"": 0, ""DSS"": 0, ""DHSR"": 0, ""DEIPD"": 0, ""DPH"": 0.01, ""MEDICAID"": 0}",0.2567,0.04,0.1335,deprioritized,P(unrelated or weak)=1.00,typesafe-ai/jev,a4b41185524e,True
a5372826-8453-46de-8c64-5dd80e9da434,Utilizing Invasive Recording and Stimulating Opportunities in Humans to Advance Neural Circuitry Understanding of Mental Health Disorders (R01 Clinical Trial Optional),open,weak,1.0,"{""weak"": 1, ""strong"": 0, ""none"": 0, ""moderate"": 0}",none,0.51,"{""G2"": 0, ""G5"": 0, ""G3"": 0.49, ""G4"": 0, ""none"": 0.51, ""G1"": 0}",atypical,0.85,"{""partner"": 0.15, ""ineligible"": 0, ""lead"": 0, ""atypical"": 0.85, ""unclear"": 0}",none,0.68,"{""DMHDDSUS"": 0.27, ""DSBDHH"": 0, ""DSS"": 0, ""none"": 0.68, ""ORH"": 0, ""OSEC"": 0, ""DEIPD"": 0, ""DCFW"": 0, ""DPH"": 0.01, ""DAGING"": 0, ""DHSR"": 0, ""DCDEE"": 0, ""MEDICAID"": 0, ""DSOHF"": 0.03}",0.3333,0.15,0.1917,deprioritized,P(unrelated or weak)=1.00,typesafe-ai/jev,a4b41185524e,True
a55926dd-83b8-4e51-801e-384852d46065,National Resource Network for the Study of Human Auditory and Vestibular Disorders,forecast,weak,1.0,"{""weak"": 1, ""none"": 0, ""moderate"": 0, ""strong"": 0}",none,0.83,"{""G4"": 0.01, ""G3"": 0, ""none"": 0.83, ""G5"": 0.02, ""G2"": 0, ""G1"": 0.14}",atypical,0.78,"{""ineligible"": 0.02, ""lead"": 0.01, ""atypical"": 0.78, ""partner"": 0.19, ""unclear"": 0}",none,0.63,"{""DSOHF"": 0, ""DCDEE"": 0, ""DCFW"": 0, ""DHSR"": 0, ""none"": 0.63, ""DSS"": 0, ""DAGING"": 0, ""DMHDDSUS"": 0, ""DSBDHH"": 0.34, ""OSEC"": 0, ""ORH"": 0, ""MEDICAID"": 0, ""DEIPD"": 0, ""DPH"": 0.03}",0.3333,0.2,0.2,deprioritized,P(unrelated or weak)=1.00,typesafe-ai/jev,a4b41185524e,True
a5fdd007-af1e-44d4-9397-3cd7d439e88b,NIEHS Worker Training Program’s SBIR E-Learning for HAZMAT and Emergency Response (R43/R44 Clinical Trial Not Allowed),forecast,weak,0.83,"{""weak"": 0.83, ""strong"": 0.06, ""moderate"": 0.07, ""none"": 0.04}",none,0.75,"{""G5"": 0.15, ""G4"": 0.08, ""G1"": 0.02, ""G2"": 0, ""none"": 0.75, ""G3"": 0}",ineligible,0.8,"{""unclear"": 0, ""lead"": 0, ""ineligible"": 0.8, ""atypical"": 0.17, ""partner"": 0.02}",none,0.85,"{""DHSR"": 0.01, ""ORH"": 0, ""DEIPD"": 0, ""DSS"": 0, ""DAGING"": 0, ""none"": 0.85, ""DCDEE"": 0.01, ""DSOHF"": 0, ""OSEC"": 0, ""DPH"": 0.13, ""DSBDHH"": 0, ""DCFW"": 0, ""MEDICAID"": 0, ""DMHDDSUS"": 0}",0.3833,0.02,0.1955,deep_review,not confidently irrelevant,typesafe-ai/jev,a4b41185524e,True
a73919b2-7a90-4735-8ec5-a67c08dea3ed,Ryan White HIV/AIDS Program (RWHAP) Integrated HIV/AIDS Planning Resource Allocation Cooperative Agreement,forecast,strong,0.86,"{""weak"": 0.04, ""strong"": 0.86, ""none"": 0, ""moderate"": 0.1}",G1,0.89,"{""G2"": 0, ""G3"": 0, ""none"": 0.07, ""G4"": 0, ""G1"": 0.89, ""G5"": 0.04}",partner,0.61,"{""lead"": 0.18, ""atypical"": 0.16, ""ineligible"": 0, ""unclear"": 0.05, ""partner"": 0.61}",DPH,0.85,"{""MEDICAID"": 0, ""DPH"": 0.85, ""OSEC"": 0, ""DMHDDSUS"": 0.09, ""none"": 0.06, ""DSS"": 0, ""DCFW"": 0, ""DSOHF"": 0, ""ORH"": 0, ""DHSR"": 0, ""DAGING"": 0, ""DCDEE"": 0, ""DSBDHH"": 0, ""DEIPD"": 0}",0.94,0.79,0.8413,deep_review,not confidently irrelevant,typesafe-ai/jev,a4b41185524e,True
a760bf80-264f-4113-95fd-ac4a77c24408,NCCIH Multi-Site Feasibility Clinical Trials of Mind and Body Interventions (R01 Clinical Trial Required),open,weak,0.99,"{""strong"": 0, ""weak"": 0.99, ""none"": 0, ""moderate"": 0.01}",none,0.64,"{""G4"": 0.01, ""G1"": 0.06, ""G5"": 0.01, ""none"": 0.64, ""G2"": 0, ""G3"": 0.28}",atypical,0.8,"{""atypical"": 0.8, ""ineligible"": 0, ""lead"": 0, ""unclear"": 0, ""partner"": 0.2}",none,0.74,"{""MEDICAID"": 0, ""OSEC"": 0, ""DAGING"": 0, ""none"": 0.74, ""DHSR"": 0, ""DMHDDSUS"": 0.09, ""DEIPD"": 0, ""DSBDHH"": 0, ""DCDEE"": 0, ""DSOHF"": 0.01, ""DCFW"": 0, ""DSS"": 0, ""DPH"": 0.15, ""ORH"": 0.01}",0.3367,0.2,0.202,deprioritized,P(unrelated or weak)=0.99,typesafe-ai/jev,a4b41185524e,True
a78092c5-6cca-4d8f-adfb-dc268355b574,Institutional Mentored Career Development Award (Parent K12) (Clinical Trials Not Allowed),open,weak,1.0,"{""weak"": 1, ""moderate"": 0, ""none"": 0, ""strong"": 0}",none,0.62,"{""G3"": 0, ""none"": 0.62, ""G2"": 0, ""G5"": 0, ""G1"": 0, ""G4"": 0.38}",atypical,0.79,"{""unclear"": 0, ""atypical"": 0.79, ""lead"": 0.01, ""ineligible"": 0.08, ""partner"": 0.12}",none,0.92,"{""ORH"": 0.01, ""DEIPD"": 0, ""MEDICAID"": 0, ""DSBDHH"": 0, ""DMHDDSUS"": 0.01, ""DPH"": 0.03, ""DSOHF"": 0.01, ""DCDEE"": 0, ""DAGING"": 0, ""none"": 0.92, ""DSS"": 0, ""DHSR"": 0, ""DCFW"": 0, ""OSEC"": 0.02}",0.3333,0.13,0.1883,deprioritized,P(unrelated or weak)=1.00,typesafe-ai/jev,a4b41185524e,True
a7c7c619-278d-49c9-8e15-a350e8573830,NIDCD Mentored Career Development Award for Postdoctorate Au.D./Ph.D. Audiologists (K01 Clinical Trial Required),open,weak,1.0,"{""weak"": 1, ""none"": 0, ""moderate"": 0, ""strong"": 0}",none,0.66,"{""none"": 0.66, ""G2"": 0, ""G5"": 0, ""G3"": 0, ""G4"": 0.31, ""G1"": 0.03}",atypical,0.95,"{""atypical"": 0.95, ""partner"": 0.03, ""lead"": 0, ""ineligible"": 0.02, ""unclear"": 0}",none,0.75,"{""none"": 0.75, ""DAGING"": 0, ""MEDICAID"": 0, ""DSBDHH"": 0.24, ""OSEC"": 0, ""DCDEE"": 0, ""DEIPD"": 0, ""DMHDDSUS"": 0, ""DPH"": 0.01, ""ORH"": 0, ""DCFW"": 0, ""DSOHF"": 0, ""DSS"": 0, ""DHSR"": 0}",0.3333,0.03,0.1717,deprioritized,P(unrelated or weak)=1.00,typesafe-ai/jev,a4b41185524e,True
a7d210c3-a31d-4c04-a39e-6b5206dc858f,Prevention and Intervention Approaches for Fetal Alcohol Spectrum Disorders (R34 Clinical Trial Optional),open,weak,0.68,"{""strong"": 0.06, ""weak"": 0.68, ""none"": 0, ""moderate"": 0.26}",G2,0.67,"{""G2"": 0.67, ""G5"": 0.01, ""G4"": 0, ""none"": 0.11, ""G1"": 0.04, ""G3"": 0.17}",partner,0.54,"{""lead"": 0.05, ""partner"": 0.54, ""atypical"": 0.4, ""unclear"": 0, ""ineligible"": 0}",DPH,0.51,"{""DCDEE"": 0, ""DHSR"": 0, ""DSS"": 0, ""DSBDHH"": 0, ""DSOHF"": 0, ""OSEC"": 0, ""DMHDDSUS"": 0.32, ""DPH"": 0.51, ""DEIPD"": 0, ""DCFW"": 0.01, ""MEDICAID"": 0, ""none"": 0.16, ""ORH"": 0, ""DAGING"": 0}",0.46,0.59,0.3657,deep_review,not confidently irrelevant,typesafe-ai/jev,a4b41185524e,True
a7d90b10-6b93-44b3-b848-78bede8db2f0,NIOSH National Center of Excellence for the Prevention of Childhood Agricultural Injury (U54),forecast,weak,0.59,"{""strong"": 0.12, ""moderate"": 0.28, ""none"": 0.01, ""weak"": 0.59}",G2,0.69,"{""none"": 0.2, ""G3"": 0, ""G4"": 0.03, ""G2"": 0.69, ""G1"": 0.08, ""G5"": 0}",partner,0.71,"{""ineligible"": 0, ""unclear"": 0, ""lead"": 0.01, ""partner"": 0.71, ""atypical"": 0.28}",DPH,0.47,"{""DMHDDSUS"": 0, ""OSEC"": 0, ""DSS"": 0, ""DEIPD"": 0, ""DSBDHH"": 0, ""DAGING"": 0, ""DSOHF"": 0, ""DCFW"": 0.01, ""none"": 0.24, ""MEDICAID"": 0, ""DPH"": 0.47, ""DCDEE"": 0, ""ORH"": 0.27, ""DHSR"": 0.01}",0.5033,0.72,0.4329,deep_review,not confidently irrelevant,typesafe-ai/jev,a4b41185524e,True
a7edd98f-db02-40a6-a974-0a96fc875854,Research Project Cooperative Agreements in Aging and/or Alzheimer's disease (AD) and Alzheimer's disease-related dementias (ADRD) Research,forecast,weak,0.99,"{""weak"": 0.99, ""strong"": 0, ""none"": 0, ""moderate"": 0.01}",G1,0.51,"{""G2"": 0, ""G5"": 0.01, ""G3"": 0.01, ""G4"": 0.02, ""none"": 0.45, ""G1"": 0.51}",atypical,0.55,"{""partner"": 0.38, ""ineligible"": 0.06, ""atypical"": 0.55, ""lead"": 0.01, ""unclear"": 0}",none,0.5,"{""DAGING"": 0.45, ""DCDEE"": 0, ""DSS"": 0, ""DMHDDSUS"": 0.01, ""ORH"": 0, ""OSEC"": 0, ""DSBDHH"": 0, ""DCFW"": 0, ""DPH"": 0.04, ""DEIPD"": 0, ""DHSR"": 0, ""none"": 0.5, ""MEDICAID"": 0, ""DSOHF"": 0}",0.3367,0.39,0.234,deprioritized,P(unrelated or weak)=0.99,typesafe-ai/jev,a4b41185524e,True
a84630f2-9d3d-4a26-a95f-e716b804bf89,NCCIH Natural Product Early Phase Clinical Trial Phased Innovation Award (R61/R33 Clinical Trial Required),open,weak,1.0,"{""moderate"": 0, ""strong"": 0, ""weak"": 1, ""none"": 0}",none,0.87,"{""G1"": 0.1, ""G2"": 0, ""G5"": 0.02, ""none"": 0.87, ""G4"": 0.01, ""G3"": 0}",atypical,0.83,"{""unclear"": 0, ""partner"": 0.17, ""lead"": 0, ""ineligible"": 0, ""atypical"": 0.83}",none,0.8,"{""DPH"": 0.14, ""DAGING"": 0, ""MEDICAID"": 0, ""DSBDHH"": 0, ""ORH"": 0.01, ""none"": 0.8, ""DHSR"": 0.01, ""OSEC"": 0, ""DSS"": 0, ""DEIPD"": 0, ""DCFW"": 0, ""DCDEE"": 0.01, ""DSOHF"": 0.02, ""DMHDDSUS"": 0.01}",0.3333,0.17,0.195,deprioritized,P(unrelated or weak)=1.00,typesafe-ai/jev,a4b41185524e,True
a86adccf-1577-4f68-9f2f-e9e0c5ab46f2,Translational Efforts to Advance Gene-based Therapies for Ultra-Rare Neurological and Neuromuscular Disorders (U01 - Clinical Trial Optional),open,weak,1.0,"{""strong"": 0, ""moderate"": 0, ""weak"": 1, ""none"": 0}",none,0.59,"{""G3"": 0, ""G2"": 0.01, ""G4"": 0.01, ""none"": 0.59, ""G1"": 0.38, ""G5"": 0.01}",atypical,0.76,"{""ineligible"": 0, ""atypical"": 0.76, ""partner"": 0.24, ""unclear"": 0, ""lead"": 0}",none,0.89,"{""DSBDHH"": 0, ""DSOHF"": 0.01, ""DEIPD"": 0, ""DCDEE"": 0, ""ORH"": 0, ""DSS"": 0, ""DAGING"": 0, ""DCFW"": 0, ""DMHDDSUS"": 0.02, ""MEDICAID"": 0, ""DPH"": 0.08, ""none"": 0.89, ""OSEC"": 0, ""DHSR"": 0}",0.3333,0.24,0.2067,deprioritized,P(unrelated or weak)=1.00,typesafe-ai/jev,a4b41185524e,True
a89aee06-1920-406b-89e3-0ec7d640af04,Notice of Intent on Upcoming 2020 TIP Office Funding Opportunity,open,weak,0.69,"{""moderate"": 0.09, ""none"": 0.15, ""strong"": 0.07, ""weak"": 0.69}",none,0.81,"{""G3"": 0.01, ""none"": 0.81, ""G4"": 0, ""G5"": 0.01, ""G1"": 0.14, ""G2"": 0.03}",unclear,0.34,"{""partner"": 0.14, ""ineligible"": 0.28, ""lead"": 0, ""unclear"": 0.34, ""atypical"": 0.24}",none,0.81,"{""DHSR"": 0, ""none"": 0.81, ""DCDEE"": 0, ""ORH"": 0, ""DSBDHH"": 0, ""DAGING"": 0, ""DSS"": 0.08, ""DSOHF"": 0, ""DPH"": 0, ""DCFW"": 0.01, ""DEIPD"": 0, ""DMHDDSUS"": 0.08, ""MEDICAID"": 0, ""OSEC"": 0.01}",0.36,0.14,0.2052,deep_review,not confidently irrelevant,typesafe-ai/jev,a4b41185524e,True
a8d0bab5-9426-4045-bcb5-46c2748fc511,CHEERS Open Period 2 - All Technical Areas,open,none,0.95,"{""strong"": 0, ""moderate"": 0, ""none"": 0.95, ""weak"": 0.05}",none,0.99,"{""G4"": 0, ""G1"": 0, ""G5"": 0.01, ""none"": 0.99, ""G2"": 0, ""G3"": 0}",atypical,0.85,"{""atypical"": 0.85, ""ineligible"": 0.04, ""lead"": 0, ""unclear"": 0.1, ""partner"": 0.01}",none,0.99,"{""MEDICAID"": 0, ""OSEC"": 0, ""DAGING"": 0, ""DHSR"": 0, ""DMHDDSUS"": 0, ""none"": 0.99, ""DSOHF"": 0, ""DSBDHH"": 0, ""DCDEE"": 0, ""DEIPD"": 0, ""DCFW"": 0, ""DSS"": 0, ""DPH"": 0.01, ""ORH"": 0}",0.0167,0.01,0.0084,deprioritized,P(unrelated)=0.95,typesafe-ai/jev,a4b41185524e,True
a940c518-8df8-4df8-ad9b-e1a5c84d48eb,WaterSMART Enhancing Water Resources Projects,open,none,0.74,"{""weak"": 0.23, ""strong"": 0.01, ""moderate"": 0.02, ""none"": 0.74}",none,0.99,"{""G5"": 0.01, ""G4"": 0, ""G1"": 0, ""G2"": 0, ""none"": 0.99, ""G3"": 0}",ineligible,0.62,"{""unclear"": 0, ""lead"": 0.03, ""ineligible"": 0.62, ""atypical"": 0.22, ""partner"": 0.13}",none,0.97,"{""DSOHF"": 0, ""OSEC"": 0, ""DEIPD"": 0, ""DAGING"": 0, ""DMHDDSUS"": 0, ""none"": 0.97, ""DCDEE"": 0.01, ""DCFW"": 0, ""DHSR"": 0, ""DPH"": 0.02, ""ORH"": 0, ""DSBDHH"": 0, ""MEDICAID"": 0, ""DSS"": 0}",0.1,0.16,0.058,deprioritized,P(unrelated or weak)=0.97,typesafe-ai/jev,a4b41185524e,True
a95a0e27-22ad-4a6c-a4e5-7c1d80eb1485,F26AS00084 Aquatic Invasive Species Grants to Great Lakes Tribes - Fiscal Year 2026 Great Lakes Restoration Initiative,open,none,0.94,"{""strong"": 0, ""moderate"": 0, ""none"": 0.94, ""weak"": 0.06}",none,1.0,"{""G1"": 0, ""G5"": 0, ""G2"": 0, ""none"": 1, ""G4"": 0, ""G3"": 0}",ineligible,0.92,"{""lead"": 0, ""partner"": 0.03, ""unclear"": 0, ""atypical"": 0.05, ""ineligible"": 0.92}",none,1.0,"{""DMHDDSUS"": 0, ""ORH"": 0, ""OSEC"": 0, ""DAGING"": 0, ""DEIPD"": 0, ""DCDEE"": 0, ""DPH"": 0, ""DSOHF"": 0, ""DSBDHH"": 0, ""MEDICAID"": 0, ""DCFW"": 0, ""none"": 1, ""DSS"": 0, ""DHSR"": 0}",0.02,0.03,0.0103,deprioritized,P(unrelated)=0.94,typesafe-ai/jev,a4b41185524e,True
a968f5d6-6f8f-49af-895d-b25227674717,Discovery of in vivo Chemical Probes for the Nervous System (R01 Clinical Trial Not Allowed),open,weak,1.0,"{""none"": 0, ""moderate"": 0, ""weak"": 1, ""strong"": 0}",none,0.65,"{""none"": 0.65, ""G4"": 0.01, ""G1"": 0, ""G2"": 0, ""G3"": 0.33, ""G5"": 0.01}",atypical,0.96,"{""unclear"": 0, ""ineligible"": 0, ""atypical"": 0.96, ""lead"": 0, ""partner"": 0.04}",none,0.78,"{""DHSR"": 0, ""MEDICAID"": 0, ""DCDEE"": 0, ""DSBDHH"": 0, ""DPH"": 0.01, ""DSOHF"": 0.02, ""DAGING"": 0, ""DEIPD"": 0, ""OSEC"": 0, ""none"": 0.78, ""ORH"": 0, ""DCFW"": 0, ""DMHDDSUS"": 0.19, ""DSS"": 0}",0.3333,0.04,0.1733,deprioritized,P(unrelated or weak)=1.00,typesafe-ai/jev,a4b41185524e,True
a97036b3-685a-4c33-8d2c-e2b6a705ca0d,U.S. Embassy Praia Ambassador’s Special Self-Help (SSH) Program,open,none,0.99,"{""weak"": 0.01, ""strong"": 0, ""none"": 0.99, ""moderate"": 0}",none,0.99,"{""none"": 0.99, ""G5"": 0, ""G4"": 0, ""G3"": 0, ""G1"": 0.01, ""G2"": 0}",ineligible,0.9,"{""unclear"": 0, ""atypical"": 0.09, ""ineligible"": 0.9, ""lead"": 0, ""partner"": 0.01}",none,1.0,"{""ORH"": 0, ""DSOHF"": 0, ""DSS"": 0, ""DSBDHH"": 0, ""MEDICAID"": 0, ""DEIPD"": 0, ""DAGING"": 0, ""OSEC"": 0, ""DCDEE"": 0, ""none"": 1, ""DCFW"": 0, ""DPH"": 0, ""DMHDDSUS"": 0, ""DHSR"": 0}",0.0033,0.01,0.0017,deprioritized,P(unrelated)=0.99,typesafe-ai/jev,a4b41185524e,True
a975ac4b-ca02-4d2b-8dcd-c75493f04087,Logistics Center for Precision Medicine with AI: Integrating Imaging with Multimodal Data (PRIMED-AI) (U24 Clinical Trials Not Allowed),open,weak,0.95,"{""none"": 0, ""weak"": 0.95, ""moderate"": 0.04, ""strong"": 0.01}",G5,0.6,"{""G4"": 0, ""G1"": 0.01, ""G3"": 0, ""G2"": 0, ""G5"": 0.6, ""none"": 0.39}",atypical,0.53,"{""partner"": 0.46, ""ineligible"": 0, ""unclear"": 0, ""lead"": 0.01, ""atypical"": 0.53}",none,0.79,"{""DSOHF"": 0, ""DHSR"": 0.01, ""DEIPD"": 0, ""DSS"": 0, ""OSEC"": 0.1, ""none"": 0.79, ""MEDICAID"": 0, ""DCDEE"": 0.01, ""DSBDHH"": 0, ""DCFW"": 0, ""ORH"": 0.01, ""DAGING"": 0, ""DPH"": 0.08, ""DMHDDSUS"": 0}",0.3533,0.47,0.2597,deprioritized,P(unrelated or weak)=0.95,typesafe-ai/jev,a4b41185524e,True
a98d65b7-8333-4bdc-b123-39f2f7f84ca3,MPS Mathematical Sciences Research Programs (MPS MathSci),open,none,0.94,"{""weak"": 0.06, ""none"": 0.94, ""strong"": 0, ""moderate"": 0}",none,1.0,"{""G1"": 0, ""none"": 1, ""G3"": 0, ""G2"": 0, ""G5"": 0, ""G4"": 0}",ineligible,0.96,"{""unclear"": 0, ""partner"": 0.02, ""ineligible"": 0.96, ""atypical"": 0.02, ""lead"": 0}",none,1.0,"{""DSS"": 0, ""none"": 1, ""ORH"": 0, ""MEDICAID"": 0, ""DMHDDSUS"": 0, ""DPH"": 0, ""DSBDHH"": 0, ""DCDEE"": 0, ""OSEC"": 0, ""DSOHF"": 0, ""DEIPD"": 0, ""DAGING"": 0, ""DCFW"": 0, ""DHSR"": 0}",0.02,0.02,0.0102,deprioritized,P(unrelated)=0.94,typesafe-ai/jev,a4b41185524e,True
a9a8b77d-de7b-4cfe-aac2-7b217f908ed8,2026 National Urban and Community Forestry Challenge Cost Share Grant Program,open,weak,0.61,"{""strong"": 0.01, ""weak"": 0.61, ""none"": 0.36, ""moderate"": 0.02}",none,0.81,"{""G4"": 0.08, ""none"": 0.81, ""G5"": 0.09, ""G2"": 0, ""G3"": 0, ""G1"": 0.02}",atypical,0.74,"{""unclear"": 0.01, ""ineligible"": 0.01, ""partner"": 0.2, ""lead"": 0.04, ""atypical"": 0.74}",none,0.95,"{""DSBDHH"": 0, ""DMHDDSUS"": 0, ""DHSR"": 0, ""none"": 0.95, ""DAGING"": 0, ""DEIPD"": 0, ""DSOHF"": 0, ""ORH"": 0, ""DCFW"": 0, ""OSEC"": 0, ""DPH"": 0.04, ""MEDICAID"": 0, ""DSS"": 0, ""DCDEE"": 0.01}",0.2267,0.24,0.1405,deprioritized,P(unrelated or weak)=0.97,typesafe-ai/jev,a4b41185524e,True
a9bd82a0-ca19-4281-ab98-37daeca3fa46,Asthma and Allergic Diseases Cooperative Research Centers,forecast,weak,1.0,"{""strong"": 0, ""moderate"": 0, ""weak"": 1, ""none"": 0}",none,0.62,"{""G5"": 0.01, ""G3"": 0, ""G4"": 0.01, ""G1"": 0.33, ""G2"": 0.03, ""none"": 0.62}",partner,0.51,"{""lead"": 0.01, ""partner"": 0.51, ""atypical"": 0.47, ""ineligible"": 0.01, ""unclear"": 0}",DPH,0.51,"{""DCDEE"": 0.01, ""OSEC"": 0, ""ORH"": 0, ""DAGING"": 0, ""DMHDDSUS"": 0, ""DCFW"": 0, ""none"": 0.48, ""DPH"": 0.51, ""DSOHF"": 0, ""DSS"": 0, ""DHSR"": 0, ""DEIPD"": 0, ""DSBDHH"": 0, ""MEDICAID"": 0}",0.3333,0.52,0.2533,deprioritized,P(unrelated or weak)=1.00,typesafe-ai/jev,a4b41185524e,True
aa2857de-cd78-432b-9266-9b2919a6eb6c,Announcement of Stand Down Grants,open,strong,0.53,"{""moderate"": 0.39, ""strong"": 0.53, ""weak"": 0.07, ""none"": 0.01}",G1,0.88,"{""G1"": 0.88, ""G4"": 0.08, ""G5"": 0, ""G2"": 0, ""none"": 0.04, ""G3"": 0}",partner,0.85,"{""unclear"": 0, ""atypical"": 0.09, ""ineligible"": 0, ""lead"": 0.06, ""partner"": 0.85}",none,0.34,"{""DSBDHH"": 0, ""MEDICAID"": 0, ""DEIPD"": 0.11, ""DMHDDSUS"": 0.18, ""DAGING"": 0.01, ""none"": 0.34, ""DCDEE"": 0, ""DSOHF"": 0.01, ""OSEC"": 0.01, ""DPH"": 0.01, ""ORH"": 0, ""DCFW"": 0, ""DSS"": 0.33, ""DHSR"": 0}",0.8133,0.91,0.7767,deep_review,not confidently irrelevant,typesafe-ai/jev,a4b41185524e,True
aae1388d-369b-4899-be47-2b34c587b623,Accelerating Discovery through Partnered Research with All of Us to Analyze Participant Biospecimens (X01 Clinical Trial Not Allowed),open,weak,0.99,"{""none"": 0, ""weak"": 0.99, ""moderate"": 0.01, ""strong"": 0}",none,0.78,"{""G1"": 0.08, ""none"": 0.78, ""G4"": 0.01, ""G3"": 0, ""G5"": 0.13, ""G2"": 0}",atypical,0.78,"{""atypical"": 0.78, ""partner"": 0.22, ""lead"": 0, ""ineligible"": 0, ""unclear"": 0}",none,0.6,"{""OSEC"": 0.02, ""DPH"": 0.36, ""DSBDHH"": 0, ""ORH"": 0, ""DSS"": 0, ""DCFW"": 0, ""DEIPD"": 0, ""none"": 0.6, ""DMHDDSUS"": 0, ""MEDICAID"": 0, ""DSOHF"": 0, ""DAGING"": 0, ""DCDEE"": 0.01, ""DHSR"": 0.01}",0.3367,0.22,0.2054,deprioritized,P(unrelated or weak)=0.99,typesafe-ai/jev,a4b41185524e,True
ab0cd049-b490-4b2b-ad3a-660a0a7f219b,Global Infectious Diseases Research Training Program (D43 Clinical Trial Optional),forecast,weak,0.98,"{""weak"": 0.98, ""moderate"": 0, ""none"": 0.02, ""strong"": 0}",none,0.92,"{""G4"": 0.02, ""G2"": 0, ""G3"": 0, ""none"": 0.92, ""G5"": 0, ""G1"": 0.06}",ineligible,0.71,"{""lead"": 0, ""ineligible"": 0.71, ""unclear"": 0, ""atypical"": 0.2, ""partner"": 0.09}",none,0.87,"{""DHSR"": 0, ""DMHDDSUS"": 0, ""MEDICAID"": 0, ""DCFW"": 0, ""none"": 0.87, ""OSEC"": 0, ""DSS"": 0, ""ORH"": 0, ""DAGING"": 0, ""DSOHF"": 0, ""DPH"": 0.13, ""DSBDHH"": 0, ""DEIPD"": 0, ""DCDEE"": 0}",0.3267,0.09,0.178,deprioritized,P(unrelated or weak)=1.00,typesafe-ai/jev,a4b41185524e,True
ab5fa29f-4625-4afc-8c27-0832c7ab547d,Request for Information – University Partnership Models,forecast,none,1.0,"{""moderate"": 0, ""strong"": 0, ""none"": 1, ""weak"": 0}",none,0.98,"{""G3"": 0, ""G1"": 0, ""none"": 0.98, ""G5"": 0.02, ""G2"": 0, ""G4"": 0}",atypical,0.9,"{""partner"": 0.01, ""unclear"": 0.05, ""lead"": 0, ""atypical"": 0.9, ""ineligible"": 0.04}",none,1.0,"{""DSOHF"": 0, ""DSBDHH"": 0, ""DHSR"": 0, ""DSS"": 0, ""DAGING"": 0, ""DCFW"": 0, ""DMHDDSUS"": 0, ""DPH"": 0, ""DEIPD"": 0, ""OSEC"": 0, ""MEDICAID"": 0, ""ORH"": 0, ""DCDEE"": 0, ""none"": 1}",0.0,0.01,0.0,deprioritized,P(unrelated)=1.00,typesafe-ai/jev,a4b41185524e,True
ab679839-efe7-4a8a-b172-a42c5793a160,Emerging Global Leader Award (K43 Independent Clinical Trial Required),open,weak,0.92,"{""weak"": 0.92, ""strong"": 0, ""none"": 0.08, ""moderate"": 0}",none,0.99,"{""G1"": 0, ""G3"": 0, ""G4"": 0.01, ""none"": 0.99, ""G2"": 0, ""G5"": 0}",ineligible,0.99,"{""ineligible"": 0.99, ""atypical"": 0.01, ""partner"": 0, ""lead"": 0, ""unclear"": 0}",none,1.0,"{""ORH"": 0, ""DSOHF"": 0, ""DAGING"": 0, ""DMHDDSUS"": 0, ""none"": 1, ""DEIPD"": 0, ""DCDEE"": 0, ""DSS"": 0, ""DPH"": 0, ""DHSR"": 0, ""DSBDHH"": 0, ""DCFW"": 0, ""OSEC"": 0, ""MEDICAID"": 0}",0.3067,0.0,0.1533,deprioritized,P(unrelated or weak)=1.00,typesafe-ai/jev,a4b41185524e,True
ab6fa3f9-5b5d-4fdf-9f6f-1e4b8752dfcb,Health and Extreme Weather Solutions-Focused Research Hubs (U54 - Clinical Trial Optional),forecast,strong,0.47,"{""moderate"": 0.39, ""strong"": 0.47, ""weak"": 0.14, ""none"": 0}",G1,0.9,"{""G2"": 0, ""G3"": 0, ""G5"": 0.01, ""G1"": 0.9, ""none"": 0.09, ""G4"": 0}",partner,0.9,"{""lead"": 0.08, ""partner"": 0.9, ""ineligible"": 0, ""unclear"": 0, ""atypical"": 0.02}",DPH,0.98,"{""none"": 0.02, ""DEIPD"": 0, ""DHSR"": 0, ""DAGING"": 0, ""MEDICAID"": 0, ""DCDEE"": 0, ""DMHDDSUS"": 0, ""DSOHF"": 0, ""OSEC"": 0, ""DCFW"": 0, ""DSS"": 0, ""DSBDHH"": 0, ""DPH"": 0.98, ""ORH"": 0}",0.7767,0.98,0.7689,deep_review,not confidently irrelevant,typesafe-ai/jev,a4b41185524e,True
abd15dbe-3891-47eb-b1e1-31c03f8ea731,NHLBI Clinical Trial Pilot Studies (R34 Clinical Trial Optional),open,weak,0.99,"{""moderate"": 0.01, ""none"": 0, ""strong"": 0, ""weak"": 0.99}",none,0.72,"{""G2"": 0, ""G3"": 0, ""none"": 0.72, ""G5"": 0.03, ""G4"": 0.01, ""G1"": 0.24}",atypical,0.62,"{""atypical"": 0.62, ""lead"": 0.01, ""partner"": 0.37, ""ineligible"": 0, ""unclear"": 0}",none,0.58,"{""MEDICAID"": 0.01, ""DSBDHH"": 0, ""DEIPD"": 0, ""OSEC"": 0, ""DCDEE"": 0.01, ""DHSR"": 0.01, ""ORH"": 0.01, ""DSS"": 0, ""none"": 0.58, ""DMHDDSUS"": 0, ""DPH"": 0.37, ""DSOHF"": 0.01, ""DCFW"": 0, ""DAGING"": 0}",0.3367,0.38,0.2323,deprioritized,P(unrelated or weak)=0.99,typesafe-ai/jev,a4b41185524e,True
ac3712db-ed37-4921-b138-2ecb98ab0ada,NEI Center Core Grant for Vision Research (P30 Clinical Trial Not Allowed),forecast,weak,1.0,"{""strong"": 0, ""none"": 0, ""moderate"": 0, ""weak"": 1}",none,0.9,"{""G3"": 0, ""G1"": 0, ""G2"": 0, ""G5"": 0.09, ""none"": 0.9, ""G4"": 0.01}",atypical,0.46,"{""unclear"": 0.01, ""atypical"": 0.46, ""partner"": 0.13, ""lead"": 0, ""ineligible"": 0.4}",none,0.9,"{""DSBDHH"": 0.09, ""DSS"": 0, ""DAGING"": 0, ""DMHDDSUS"": 0, ""DCDEE"": 0, ""DPH"": 0.01, ""DCFW"": 0, ""MEDICAID"": 0, ""DEIPD"": 0, ""OSEC"": 0, ""ORH"": 0, ""DSOHF"": 0, ""DHSR"": 0, ""none"": 0.9}",0.3333,0.13,0.1883,deprioritized,P(unrelated or weak)=1.00,typesafe-ai/jev,a4b41185524e,True
ac5709b0-e4ba-4653-a2b9-2087cb1c9b42,Notice of Intent:  Program to End Modern Slavery FY 2023,open,weak,0.81,"{""weak"": 0.81, ""moderate"": 0.04, ""none"": 0.13, ""strong"": 0.02}",none,0.64,"{""G2"": 0.03, ""G1"": 0.31, ""G3"": 0.01, ""none"": 0.64, ""G4"": 0, ""G5"": 0.01}",partner,0.38,"{""unclear"": 0.03, ""lead"": 0, ""ineligible"": 0.22, ""partner"": 0.38, ""atypical"": 0.37}",none,0.72,"{""ORH"": 0, ""DCDEE"": 0, ""DHSR"": 0, ""none"": 0.72, ""DSOHF"": 0, ""DPH"": 0.03, ""DCFW"": 0.01, ""DAGING"": 0, ""MEDICAID"": 0, ""OSEC"": 0.01, ""DEIPD"": 0, ""DMHDDSUS"": 0.01, ""DSS"": 0.22, ""DSBDHH"": 0}",0.3167,0.38,0.2185,deep_review,not confidently irrelevant,typesafe-ai/jev,a4b41185524e,True
ac8b189e-988c-4dc5-a0cb-1dd7633bd640,"Animal Food Regulatory Program Standards Implementation Development and Maintenance, with Mutual Reliance Initiatives Clinical Trials Not Allowed",open,weak,0.43,"{""weak"": 0.43, ""moderate"": 0.21, ""none"": 0.05, ""strong"": 0.31}",G5,0.59,"{""G3"": 0, ""G2"": 0, ""G4"": 0, ""G1"": 0, ""none"": 0.41, ""G5"": 0.59}",lead,0.67,"{""unclear"": 0, ""partner"": 0.04, ""atypical"": 0.14, ""ineligible"": 0.14, ""lead"": 0.67}",none,0.67,"{""DSBDHH"": 0, ""DCDEE"": 0.02, ""DAGING"": 0, ""DSOHF"": 0, ""DEIPD"": 0, ""none"": 0.67, ""DHSR"": 0.07, ""DCFW"": 0.01, ""MEDICAID"": 0, ""ORH"": 0, ""DPH"": 0.23, ""DMHDDSUS"": 0, ""DSS"": 0, ""OSEC"": 0}",0.5933,0.71,0.5073,deep_review,not confidently irrelevant,typesafe-ai/jev,a4b41185524e,True
acab0368-18be-4f5d-8d14-9761df88abdc,ancient DNA for Modern Genomics (aDMG) Data Generation and Resource Center,forecast,weak,1.0,"{""strong"": 0, ""moderate"": 0, ""none"": 0, ""weak"": 1}",none,0.94,"{""none"": 0.94, ""G5"": 0.06, ""G2"": 0, ""G4"": 0, ""G3"": 0, ""G1"": 0}",atypical,0.87,"{""partner"": 0.12, ""lead"": 0, ""atypical"": 0.87, ""unclear"": 0.01, ""ineligible"": 0}",none,0.89,"{""DCFW"": 0, ""ORH"": 0, ""DAGING"": 0, ""OSEC"": 0, ""DEIPD"": 0, ""DMHDDSUS"": 0, ""DPH"": 0.11, ""DSOHF"": 0, ""none"": 0.89, ""MEDICAID"": 0, ""DSBDHH"": 0, ""DCDEE"": 0, ""DSS"": 0, ""DHSR"": 0}",0.3333,0.12,0.1867,deprioritized,P(unrelated or weak)=1.00,typesafe-ai/jev,a4b41185524e,True
acb0d3ed-3dea-4b0f-a64c-fdf81d55de6b,"Clinical Trial Readiness for Rare Diseases, Disorders, and Syndromes (R21 Clinical Trial Not Allowed)",open,weak,1.0,"{""strong"": 0, ""weak"": 1, ""none"": 0, ""moderate"": 0}",none,0.59,"{""G4"": 0.01, ""none"": 0.59, ""G3"": 0, ""G2"": 0.07, ""G5"": 0.05, ""G1"": 0.28}",atypical,0.68,"{""ineligible"": 0, ""unclear"": 0, ""partner"": 0.31, ""lead"": 0.01, ""atypical"": 0.68}",none,0.78,"{""DSBDHH"": 0, ""DMHDDSUS"": 0.01, ""MEDICAID"": 0, ""none"": 0.78, ""DAGING"": 0, ""DEIPD"": 0, ""DSOHF"": 0.01, ""ORH"": 0.01, ""DPH"": 0.17, ""OSEC"": 0, ""DCFW"": 0, ""DCDEE"": 0.01, ""DSS"": 0, ""DHSR"": 0.01}",0.3333,0.32,0.22,deprioritized,P(unrelated or weak)=1.00,typesafe-ai/jev,a4b41185524e,True
ad2e3bf2-1326-4c49-945c-8f882426c387,"Arctic Doctoral Dissertation Research Improvement Grants (Arctic DDRIG)  Arctic Social Sciences, Arctic System Sciences, and Arctic Observing Network",open,none,0.94,"{""strong"": 0, ""moderate"": 0, ""none"": 0.94, ""weak"": 0.06}",none,0.99,"{""G5"": 0, ""G1"": 0, ""G2"": 0, ""G3"": 0, ""none"": 0.99, ""G4"": 0.01}",ineligible,0.87,"{""unclear"": 0, ""atypical"": 0.1, ""ineligible"": 0.87, ""partner"": 0.03, ""lead"": 0}",none,1.0,"{""DSBDHH"": 0, ""DSOHF"": 0, ""DCDEE"": 0, ""ORH"": 0, ""DAGING"": 0, ""DMHDDSUS"": 0, ""DPH"": 0, ""DEIPD"": 0, ""DHSR"": 0, ""DCFW"": 0, ""DSS"": 0, ""none"": 1, ""OSEC"": 0, ""MEDICAID"": 0}",0.02,0.03,0.0103,deprioritized,P(unrelated)=0.94,typesafe-ai/jev,a4b41185524e,True
ad915364-00bf-4782-8a03-4852d074f6e8,Advancing Research on the Application of Digital Health Technology to the Management of Type 2 Diabetes (R01- Clinical Trail Required),open,weak,0.98,"{""moderate"": 0.02, ""strong"": 0, ""weak"": 0.98, ""none"": 0}",G1,0.48,"{""G1"": 0.48, ""G4"": 0, ""G5"": 0.13, ""G2"": 0, ""none"": 0.39, ""G3"": 0}",atypical,0.66,"{""unclear"": 0, ""lead"": 0, ""ineligible"": 0, ""atypical"": 0.66, ""partner"": 0.34}",DPH,0.58,"{""DMHDDSUS"": 0, ""DSOHF"": 0, ""DEIPD"": 0, ""DSBDHH"": 0, ""OSEC"": 0, ""none"": 0.41, ""DCDEE"": 0, ""DCFW"": 0, ""DHSR"": 0, ""DPH"": 0.58, ""ORH"": 0.01, ""DAGING"": 0, ""DSS"": 0, ""MEDICAID"": 0}",0.34,0.34,0.2278,deprioritized,P(unrelated or weak)=0.98,typesafe-ai/jev,a4b41185524e,True
adb29b42-c398-4a67-a265-40692684dc55,"DoW Traumatic Brain Injury and Psychological Health, Health Services Research Award",open,weak,0.67,"{""weak"": 0.67, ""strong"": 0, ""none"": 0.32, ""moderate"": 0.01}",none,0.53,"{""G2"": 0, ""G3"": 0.45, ""none"": 0.53, ""G1"": 0.01, ""G4"": 0, ""G5"": 0.01}",atypical,0.72,"{""lead"": 0, ""unclear"": 0.1, ""ineligible"": 0, ""atypical"": 0.72, ""partner"": 0.18}",none,0.63,"{""DSS"": 0, ""DPH"": 0.06, ""OSEC"": 0, ""DMHDDSUS"": 0.29, ""DSBDHH"": 0, ""ORH"": 0, ""DCFW"": 0, ""DSOHF"": 0.01, ""none"": 0.63, ""MEDICAID"": 0, ""DAGING"": 0, ""DCDEE"": 0, ""DHSR"": 0.01, ""DEIPD"": 0}",0.23,0.18,0.1357,deprioritized,P(unrelated or weak)=0.99,typesafe-ai/jev,a4b41185524e,True
ae5e8da1-f514-44cc-a388-b50fb9e9a505,NASA Innovative Advanced Concepts (NIAC) Phase II,open,none,1.0,"{""none"": 1, ""moderate"": 0, ""weak"": 0, ""strong"": 0}",none,0.99,"{""G4"": 0, ""G3"": 0, ""G1"": 0, ""G5"": 0.01, ""none"": 0.99, ""G2"": 0}",atypical,0.97,"{""atypical"": 0.97, ""lead"": 0, ""ineligible"": 0, ""unclear"": 0.03, ""partner"": 0}",none,1.0,"{""DSS"": 0, ""DCFW"": 0, ""DCDEE"": 0, ""DEIPD"": 0, ""DSOHF"": 0, ""MEDICAID"": 0, ""OSEC"": 0, ""DAGING"": 0, ""DPH"": 0, ""none"": 1, ""DMHDDSUS"": 0, ""DSBDHH"": 0, ""DHSR"": 0, ""ORH"": 0}",0.0,0.0,0.0,deprioritized,P(unrelated)=1.00,typesafe-ai/jev,a4b41185524e,True
ae66f504-4d1d-4b33-9f3d-23e8e588f71b,Arctic Research Opportunities,open,none,0.99,"{""weak"": 0.01, ""strong"": 0, ""none"": 0.99, ""moderate"": 0}",none,1.0,"{""G2"": 0, ""G5"": 0, ""G4"": 0, ""none"": 1, ""G1"": 0, ""G3"": 0}",ineligible,0.81,"{""lead"": 0, ""ineligible"": 0.81, ""atypical"": 0.16, ""unclear"": 0, ""partner"": 0.03}",none,1.0,"{""DCDEE"": 0, ""DMHDDSUS"": 0, ""DSS"": 0, ""OSEC"": 0, ""DSOHF"": 0, ""MEDICAID"": 0, ""DHSR"": 0, ""DPH"": 0, ""DCFW"": 0, ""DEIPD"": 0, ""DSBDHH"": 0, ""none"": 1, ""ORH"": 0, ""DAGING"": 0}",0.0033,0.03,0.0017,deprioritized,P(unrelated)=0.99,typesafe-ai/jev,a4b41185524e,True
aeb92aa0-a323-4b96-aa21-0250c6c37a24,Efficient and Innovative Natural History Studies Addressing Unmet Needs in Rare Diseases (R01 Clinical Trials Optional),forecast,weak,1.0,"{""weak"": 1, ""moderate"": 0, ""none"": 0, ""strong"": 0}",none,0.6,"{""G3"": 0, ""none"": 0.6, ""G2"": 0.01, ""G4"": 0, ""G1"": 0.33, ""G5"": 0.06}",atypical,0.66,"{""unclear"": 0, ""atypical"": 0.66, ""lead"": 0, ""ineligible"": 0, ""partner"": 0.34}",none,0.74,"{""ORH"": 0, ""OSEC"": 0, ""MEDICAID"": 0, ""DSBDHH"": 0, ""DPH"": 0.22, ""DMHDDSUS"": 0.01, ""DSOHF"": 0.01, ""DCDEE"": 0.01, ""DAGING"": 0, ""none"": 0.74, ""DSS"": 0, ""DHSR"": 0.01, ""DCFW"": 0, ""DEIPD"": 0}",0.3333,0.34,0.2233,deprioritized,P(unrelated or weak)=1.00,typesafe-ai/jev,a4b41185524e,True
aec299fc-ac56-43f0-b947-521bb8699893,Embassy Belgrade PAS - University Partnership,forecast,none,0.99,"{""weak"": 0.01, ""moderate"": 0, ""none"": 0.99, ""strong"": 0}",none,0.99,"{""G1"": 0, ""G2"": 0, ""G3"": 0, ""G4"": 0.01, ""none"": 0.99, ""G5"": 0}",ineligible,0.91,"{""unclear"": 0, ""partner"": 0.01, ""atypical"": 0.08, ""ineligible"": 0.91, ""lead"": 0}",none,1.0,"{""DSBDHH"": 0, ""DCDEE"": 0, ""DAGING"": 0, ""none"": 1, ""DEIPD"": 0, ""ORH"": 0, ""DHSR"": 0, ""DCFW"": 0, ""MEDICAID"": 0, ""DSOHF"": 0, ""DPH"": 0, ""DMHDDSUS"": 0, ""DSS"": 0, ""OSEC"": 0}",0.0033,0.01,0.0017,deprioritized,P(unrelated)=0.99,typesafe-ai/jev,a4b41185524e,True
af354c83-4514-4b6e-8a6b-079b8ffabb59,"DoW Spinal Cord Injury, Clinical Translation Research Award",open,weak,0.79,"{""moderate"": 0.01, ""strong"": 0, ""weak"": 0.79, ""none"": 0.2}",G1,0.53,"{""G2"": 0, ""G5"": 0.01, ""G4"": 0, ""G1"": 0.53, ""G3"": 0, ""none"": 0.46}",atypical,0.77,"{""partner"": 0.15, ""atypical"": 0.77, ""unclear"": 0.08, ""ineligible"": 0, ""lead"": 0}",none,0.83,"{""DCDEE"": 0, ""DHSR"": 0.01, ""DCFW"": 0, ""ORH"": 0, ""none"": 0.83, ""DSBDHH"": 0, ""DEIPD"": 0.09, ""DSS"": 0, ""MEDICAID"": 0, ""DSOHF"": 0.02, ""DPH"": 0.04, ""DAGING"": 0, ""DMHDDSUS"": 0.01, ""OSEC"": 0}",0.27,0.15,0.1552,deprioritized,P(unrelated or weak)=0.99,typesafe-ai/jev,a4b41185524e,True
af6f6c91-f640-4744-a92c-b32fa0e22865,STARBASE Wright Patt,forecast,none,0.85,"{""weak"": 0.14, ""moderate"": 0.01, ""strong"": 0, ""none"": 0.85}",none,0.7,"{""G3"": 0.01, ""G4"": 0.02, ""G1"": 0.01, ""G2"": 0.26, ""G5"": 0, ""none"": 0.7}",ineligible,0.84,"{""lead"": 0, ""ineligible"": 0.84, ""unclear"": 0.03, ""atypical"": 0.09, ""partner"": 0.04}",none,0.88,"{""DAGING"": 0, ""MEDICAID"": 0, ""DCFW"": 0.1, ""DSOHF"": 0, ""OSEC"": 0, ""DHSR"": 0, ""DSS"": 0, ""DMHDDSUS"": 0, ""DPH"": 0, ""ORH"": 0, ""DEIPD"": 0, ""DCDEE"": 0.02, ""DSBDHH"": 0, ""none"": 0.88}",0.0533,0.04,0.0277,deprioritized,P(unrelated)=0.85,typesafe-ai/jev,a4b41185524e,True
af9f36de-ad12-4609-b1cc-54f8ca90ca4d,Limited Competition: Institutional Mentored Research Career Development Program for the Clinical and Translational Science Awards Program,forecast,weak,1.0,"{""weak"": 1, ""none"": 0, ""moderate"": 0, ""strong"": 0}",none,0.82,"{""G5"": 0.02, ""G4"": 0.16, ""none"": 0.82, ""G3"": 0, ""G2"": 0, ""G1"": 0}",ineligible,0.74,"{""lead"": 0, ""unclear"": 0, ""ineligible"": 0.74, ""atypical"": 0.18, ""partner"": 0.08}",none,0.98,"{""DHSR"": 0, ""DSS"": 0, ""DPH"": 0.01, ""OSEC"": 0, ""DMHDDSUS"": 0, ""DCFW"": 0, ""DCDEE"": 0, ""DEIPD"": 0, ""DAGING"": 0, ""DSBDHH"": 0, ""none"": 0.98, ""DSOHF"": 0.01, ""MEDICAID"": 0, ""ORH"": 0}",0.3333,0.08,0.18,deprioritized,P(unrelated or weak)=1.00,typesafe-ai/jev,a4b41185524e,True
afb03ca4-ddb4-4fee-8813-c19520fb09ab,Notice of Intent to Publish a Funding Opportunity Announcement for Impact of Technology and Digital Media Exposure Usage on Child and Adolescent Development,forecast,weak,0.98,"{""moderate"": 0.02, ""strong"": 0, ""none"": 0, ""weak"": 0.98}",G2,0.69,"{""G4"": 0.01, ""G1"": 0, ""none"": 0.3, ""G5"": 0, ""G2"": 0.69, ""G3"": 0}",atypical,0.73,"{""atypical"": 0.73, ""unclear"": 0, ""lead"": 0, ""ineligible"": 0, ""partner"": 0.27}",none,0.48,"{""MEDICAID"": 0, ""OSEC"": 0, ""DAGING"": 0, ""DHSR"": 0, ""DMHDDSUS"": 0.01, ""none"": 0.48, ""DSOHF"": 0, ""DSBDHH"": 0, ""DCDEE"": 0.01, ""DEIPD"": 0, ""DCFW"": 0.1, ""DSS"": 0, ""DPH"": 0.4, ""ORH"": 0}",0.34,0.27,0.2159,deprioritized,P(unrelated or weak)=0.98,typesafe-ai/jev,a4b41185524e,True
afc00d6c-1c46-41b9-bf6a-49e00362e143,Network of the National Library of Medicine Training Center (U24 Clinical Trial Not Allowed),forecast,weak,0.82,"{""weak"": 0.82, ""none"": 0.01, ""strong"": 0.03, ""moderate"": 0.14}",none,0.51,"{""none"": 0.51, ""G2"": 0, ""G5"": 0.27, ""G1"": 0.08, ""G3"": 0, ""G4"": 0.14}",atypical,0.64,"{""ineligible"": 0.01, ""partner"": 0.34, ""lead"": 0.01, ""atypical"": 0.64, ""unclear"": 0}",none,0.74,"{""DSOHF"": 0, ""OSEC"": 0.12, ""ORH"": 0.02, ""DAGING"": 0, ""DCFW"": 0, ""none"": 0.74, ""DCDEE"": 0, ""MEDICAID"": 0, ""DMHDDSUS"": 0, ""DEIPD"": 0, ""DSS"": 0, ""DHSR"": 0.01, ""DSBDHH"": 0, ""DPH"": 0.11}",0.3967,0.35,0.2678,deep_review,not confidently irrelevant,typesafe-ai/jev,a4b41185524e,True
afcdeb32-6988-444d-8b2d-c9aa8bcd9790,Expanding Global Health Security through local partnerships in Senegal,open,weak,0.94,"{""weak"": 0.94, ""strong"": 0.01, ""none"": 0.04, ""moderate"": 0.01}",none,0.94,"{""none"": 0.94, ""G5"": 0.05, ""G4"": 0.01, ""G3"": 0, ""G1"": 0, ""G2"": 0}",partner,0.49,"{""unclear"": 0.13, ""atypical"": 0.25, ""ineligible"": 0.03, ""lead"": 0.1, ""partner"": 0.49}",DPH,0.67,"{""ORH"": 0, ""DSOHF"": 0, ""DEIPD"": 0, ""DSBDHH"": 0, ""DAGING"": 0, ""MEDICAID"": 0, ""DSS"": 0, ""DCDEE"": 0, ""none"": 0.32, ""OSEC"": 0.01, ""DCFW"": 0, ""DPH"": 0.67, ""DMHDDSUS"": 0, ""DHSR"": 0}",0.33,0.59,0.2623,deprioritized,P(unrelated or weak)=0.98,typesafe-ai/jev,a4b41185524e,True
b01d0f63-1162-4786-beaa-c4a11d07502f,Structure and Physics of the Solid Earth,open,none,0.99,"{""moderate"": 0, ""none"": 0.99, ""strong"": 0, ""weak"": 0.01}",none,0.99,"{""G1"": 0, ""G2"": 0, ""G3"": 0, ""G4"": 0, ""G5"": 0.01, ""none"": 0.99}",ineligible,0.8,"{""atypical"": 0.12, ""ineligible"": 0.8, ""lead"": 0, ""partner"": 0.08, ""unclear"": 0}",none,0.98,"{""DAGING"": 0, ""DCDEE"": 0, ""DCFW"": 0, ""DEIPD"": 0, ""DHSR"": 0, ""DMHDDSUS"": 0, ""DPH"": 0.02, ""DSBDHH"": 0, ""DSOHF"": 0, ""DSS"": 0, ""MEDICAID"": 0, ""ORH"": 0, ""OSEC"": 0, ""none"": 0.98}",0.0033,0.08,0.0018,deprioritized,P(unrelated)=0.99,typesafe-ai/jev,a4b41185524e,True
b02912bb-0c85-4a16-9fa4-414a788554ec,Healthy Lifestyles in Youth,forecast,weak,0.52,"{""strong"": 0.24, ""moderate"": 0.19, ""none"": 0.05, ""weak"": 0.52}",none,0.76,"{""G1"": 0.03, ""G5"": 0, ""none"": 0.76, ""G4"": 0, ""G3"": 0, ""G2"": 0.21}",ineligible,0.81,"{""atypical"": 0.09, ""ineligible"": 0.81, ""lead"": 0, ""unclear"": 0, ""partner"": 0.1}",none,0.83,"{""DSOHF"": 0, ""DMHDDSUS"": 0, ""DEIPD"": 0, ""MEDICAID"": 0, ""ORH"": 0, ""DCDEE"": 0, ""DCFW"": 0.06, ""DPH"": 0.11, ""DSBDHH"": 0, ""DHSR"": 0, ""DSS"": 0, ""none"": 0.83, ""DAGING"": 0, ""OSEC"": 0}",0.54,0.1,0.297,deep_review,not confidently irrelevant,typesafe-ai/jev,a4b41185524e,True
b08f815b-a840-48cb-bd2e-62caa8fd5482,Feasibility Studies to Inform the Design of Future Clinical Trials,forecast,weak,0.95,"{""moderate"": 0.05, ""weak"": 0.95, ""strong"": 0, ""none"": 0}",none,0.8,"{""G5"": 0.16, ""G3"": 0, ""G1"": 0.03, ""G4"": 0.01, ""none"": 0.8, ""G2"": 0}",atypical,0.75,"{""ineligible"": 0.02, ""partner"": 0.21, ""unclear"": 0, ""atypical"": 0.75, ""lead"": 0.02}",none,0.66,"{""none"": 0.66, ""DCFW"": 0, ""ORH"": 0.02, ""DSBDHH"": 0, ""DPH"": 0.25, ""DSS"": 0, ""DSOHF"": 0.01, ""MEDICAID"": 0, ""DAGING"": 0, ""DMHDDSUS"": 0.03, ""DEIPD"": 0, ""DCDEE"": 0.01, ""OSEC"": 0.01, ""DHSR"": 0.01}",0.35,0.23,0.2152,deprioritized,P(unrelated or weak)=0.95,typesafe-ai/jev,a4b41185524e,True
b0a479a6-91de-4bb1-87ff-913e7c25d10c,U.S. Embassy The Hague PD Annual Program Statement,forecast,none,1.0,"{""weak"": 0, ""strong"": 0, ""none"": 1, ""moderate"": 0}",none,1.0,"{""G4"": 0, ""G2"": 0, ""G1"": 0, ""none"": 1, ""G5"": 0, ""G3"": 0}",atypical,0.76,"{""atypical"": 0.76, ""ineligible"": 0.21, ""unclear"": 0, ""partner"": 0.02, ""lead"": 0.01}",none,0.99,"{""DSBDHH"": 0, ""DSS"": 0, ""DHSR"": 0, ""DCDEE"": 0, ""DMHDDSUS"": 0, ""MEDICAID"": 0, ""DCFW"": 0, ""DSOHF"": 0, ""DEIPD"": 0, ""ORH"": 0, ""DPH"": 0, ""none"": 0.99, ""OSEC"": 0.01, ""DAGING"": 0}",0.0,0.03,0.0,deprioritized,P(unrelated)=1.00,typesafe-ai/jev,a4b41185524e,True
b0e57916-acbd-4700-b92c-4a4a81367e92,"DoW Orthopaedic, Applied Research Award",open,none,0.51,"{""weak"": 0.49, ""moderate"": 0, ""none"": 0.51, ""strong"": 0}",none,0.84,"{""G2"": 0, ""G1"": 0.13, ""G3"": 0, ""none"": 0.84, ""G4"": 0.01, ""G5"": 0.02}",atypical,0.92,"{""ineligible"": 0, ""lead"": 0, ""unclear"": 0.06, ""partner"": 0.02, ""atypical"": 0.92}",none,0.98,"{""ORH"": 0, ""DCDEE"": 0, ""DMHDDSUS"": 0, ""none"": 0.98, ""DSOHF"": 0.01, ""DPH"": 0.01, ""DCFW"": 0, ""DAGING"": 0, ""MEDICAID"": 0, ""OSEC"": 0, ""DEIPD"": 0, ""DHSR"": 0, ""DSS"": 0, ""DSBDHH"": 0}",0.1633,0.02,0.0833,deprioritized,P(unrelated or weak)=1.00,typesafe-ai/jev,a4b41185524e,True
b0ee3f1a-589d-46e6-8447-74d6a4b9c2ef,Academic Research Enhancement Award (AREA) for Undergraduate-Focused Institutions (R15 Clinical Trial Required),open,weak,1.0,"{""moderate"": 0, ""strong"": 0, ""none"": 0, ""weak"": 1}",none,0.92,"{""G5"": 0, ""G1"": 0, ""G2"": 0, ""G3"": 0, ""none"": 0.92, ""G4"": 0.08}",atypical,0.67,"{""lead"": 0, ""unclear"": 0, ""partner"": 0.07, ""atypical"": 0.67, ""ineligible"": 0.26}",none,0.99,"{""DSOHF"": 0, ""DSBDHH"": 0, ""DHSR"": 0, ""DSS"": 0, ""DCFW"": 0, ""DAGING"": 0, ""DMHDDSUS"": 0, ""DPH"": 0.01, ""MEDICAID"": 0, ""OSEC"": 0, ""ORH"": 0, ""none"": 0.99, ""DCDEE"": 0, ""DEIPD"": 0}",0.3333,0.07,0.1783,deprioritized,P(unrelated or weak)=1.00,typesafe-ai/jev,a4b41185524e,True
b0ee7315-3f38-4234-aa95-f51e12ac9978,U.S. Department of Justice FY26 Coordinated Tribal Assistance Solicitation Notice of Funding Opportunity,open,none,0.64,"{""weak"": 0.24, ""none"": 0.64, ""moderate"": 0.08, ""strong"": 0.04}",none,0.9,"{""G4"": 0, ""G3"": 0.06, ""none"": 0.9, ""G1"": 0.01, ""G2"": 0.02, ""G5"": 0.01}",ineligible,0.97,"{""ineligible"": 0.97, ""lead"": 0, ""atypical"": 0, ""partner"": 0.03, ""unclear"": 0}",none,0.98,"{""MEDICAID"": 0, ""DHSR"": 0, ""DCFW"": 0, ""DSOHF"": 0, ""none"": 0.98, ""DSS"": 0, ""DAGING"": 0, ""DMHDDSUS"": 0.02, ""DSBDHH"": 0, ""OSEC"": 0, ""ORH"": 0, ""DCDEE"": 0, ""DEIPD"": 0, ""DPH"": 0}",0.1733,0.03,0.0893,deprioritized,P(ineligible)=0.97,typesafe-ai/jev,a4b41185524e,True
b1489614-88c5-4534-a1ef-ffafdd1ba9d0,FY26 DEFENSE ESTABLISHED PROGRAM TO STIMULATE COMPETITIVE RESEARCH (DEPSCoR) – RESEARCH COLLABORATION (RC),open,none,0.95,"{""weak"": 0.05, ""none"": 0.95, ""strong"": 0, ""moderate"": 0}",none,0.99,"{""G3"": 0, ""none"": 0.99, ""G4"": 0.01, ""G5"": 0, ""G1"": 0, ""G2"": 0}",ineligible,0.73,"{""ineligible"": 0.73, ""atypical"": 0.25, ""unclear"": 0, ""partner"": 0.02, ""lead"": 0}",none,1.0,"{""MEDICAID"": 0, ""DAGING"": 0, ""OSEC"": 0, ""DCDEE"": 0, ""DSBDHH"": 0, ""DPH"": 0, ""DSS"": 0, ""ORH"": 0, ""DMHDDSUS"": 0, ""DHSR"": 0, ""none"": 1, ""DSOHF"": 0, ""DEIPD"": 0, ""DCFW"": 0}",0.0167,0.02,0.0085,deprioritized,P(unrelated)=0.95,typesafe-ai/jev,a4b41185524e,True
b1494dba-7b03-40d8-8787-04576f3b5f13,Cancer Center Support Grants (CCSGs) for NCI-designated Cancer Centers (P30 Clinical Trial Optional),forecast,weak,1.0,"{""strong"": 0, ""none"": 0, ""moderate"": 0, ""weak"": 1}",none,0.82,"{""none"": 0.82, ""G3"": 0, ""G5"": 0.01, ""G2"": 0, ""G1"": 0.15, ""G4"": 0.02}",atypical,0.78,"{""ineligible"": 0.03, ""unclear"": 0, ""lead"": 0, ""atypical"": 0.78, ""partner"": 0.19}",none,0.84,"{""DHSR"": 0.01, ""OSEC"": 0, ""DSS"": 0, ""DEIPD"": 0, ""DSBDHH"": 0, ""DAGING"": 0, ""ORH"": 0, ""DCFW"": 0, ""none"": 0.84, ""MEDICAID"": 0, ""DSOHF"": 0.01, ""DCDEE"": 0, ""DPH"": 0.14, ""DMHDDSUS"": 0}",0.3333,0.19,0.1983,deprioritized,P(unrelated or weak)=1.00,typesafe-ai/jev,a4b41185524e,True
b14b3c3b-fdee-4eac-a25f-1d3046b063af,Research Infrastructure in the Social and Behavioral Sciences,open,weak,0.89,"{""weak"": 0.89, ""strong"": 0, ""moderate"": 0.02, ""none"": 0.09}",none,0.83,"{""G3"": 0, ""G2"": 0, ""G5"": 0.17, ""G1"": 0, ""none"": 0.83, ""G4"": 0}",atypical,0.89,"{""lead"": 0, ""partner"": 0.05, ""ineligible"": 0, ""unclear"": 0.06, ""atypical"": 0.89}",none,0.91,"{""DEIPD"": 0, ""DPH"": 0.02, ""DHSR"": 0, ""DAGING"": 0, ""DSS"": 0, ""DCDEE"": 0, ""DMHDDSUS"": 0, ""DSBDHH"": 0, ""DCFW"": 0, ""OSEC"": 0.07, ""DSOHF"": 0, ""MEDICAID"": 0, ""none"": 0.91, ""ORH"": 0}",0.31,0.05,0.1627,deprioritized,P(unrelated or weak)=0.98,typesafe-ai/jev,a4b41185524e,True
b14f024d-b4ee-4c78-b599-18a3c69c0e00,Engineering Biological and Biomedical Systems (EBBS),open,weak,1.0,"{""none"": 0, ""weak"": 1, ""moderate"": 0, ""strong"": 0}",none,0.88,"{""G1"": 0.06, ""G4"": 0.01, ""G5"": 0.05, ""none"": 0.88, ""G3"": 0, ""G2"": 0}",atypical,0.9,"{""unclear"": 0.05, ""lead"": 0, ""atypical"": 0.9, ""partner"": 0.05, ""ineligible"": 0}",none,0.96,"{""DCDEE"": 0, ""DSOHF"": 0, ""ORH"": 0, ""DSS"": 0, ""DPH"": 0.03, ""DCFW"": 0, ""none"": 0.96, ""DEIPD"": 0.01, ""MEDICAID"": 0, ""DSBDHH"": 0, ""DAGING"": 0, ""DHSR"": 0, ""DMHDDSUS"": 0, ""OSEC"": 0}",0.3333,0.05,0.175,deprioritized,P(unrelated or weak)=1.00,typesafe-ai/jev,a4b41185524e,True
b15b4cd0-da35-4c68-b71c-ae3501bbb2b9,Shared Instrumentation Grant (SIG) Program (S10 Clinical Trial Not Allowed),open,weak,0.99,"{""weak"": 0.99, ""strong"": 0, ""moderate"": 0.01, ""none"": 0}",none,0.57,"{""G4"": 0.01, ""none"": 0.57, ""G5"": 0.42, ""G1"": 0, ""G2"": 0, ""G3"": 0}",atypical,0.93,"{""ineligible"": 0, ""partner"": 0.07, ""atypical"": 0.93, ""lead"": 0, ""unclear"": 0}",none,0.78,"{""DPH"": 0.16, ""DAGING"": 0, ""MEDICAID"": 0, ""ORH"": 0.01, ""DSBDHH"": 0, ""OSEC"": 0.01, ""DHSR"": 0, ""none"": 0.78, ""DSS"": 0, ""DEIPD"": 0, ""DMHDDSUS"": 0, ""DCDEE"": 0.01, ""DSOHF"": 0.03, ""DCFW"": 0}",0.3367,0.07,0.1801,deprioritized,P(unrelated or weak)=0.99,typesafe-ai/jev,a4b41185524e,True
b18997d8-b1fd-4f6c-95cb-7e7b60dde1fe,"Screening, Brief Intervention and Referral to Treatment or Prevention (SBIRT/P) for alcohol, tobacco, and other drugs (ATOD) use and misuse in adult populations that experience health disparities (R01, Clinical Trial Required)",open,weak,0.66,"{""weak"": 0.66, ""strong"": 0.14, ""moderate"": 0.2, ""none"": 0}",G3,0.96,"{""G4"": 0, ""G1"": 0.02, ""G5"": 0, ""none"": 0.02, ""G2"": 0, ""G3"": 0.96}",partner,0.52,"{""lead"": 0.01, ""partner"": 0.52, ""unclear"": 0, ""ineligible"": 0, ""atypical"": 0.47}",DMHDDSUS,0.72,"{""DPH"": 0.11, ""DAGING"": 0, ""MEDICAID"": 0, ""ORH"": 0, ""DSBDHH"": 0, ""OSEC"": 0, ""DHSR"": 0, ""DSS"": 0, ""none"": 0.16, ""DEIPD"": 0, ""DMHDDSUS"": 0.72, ""DCDEE"": 0, ""DSOHF"": 0.01, ""DCFW"": 0}",0.4933,0.53,0.3774,deep_review,not confidently irrelevant,typesafe-ai/jev,a4b41185524e,True
b19c89bb-baf4-4121-a24f-28891f9b1111,Novel Approaches to Advance Precision Aging and Cognitive Health,forecast,weak,1.0,"{""weak"": 1, ""strong"": 0, ""none"": 0, ""moderate"": 0}",none,0.53,"{""none"": 0.53, ""G5"": 0.05, ""G3"": 0.03, ""G4"": 0.01, ""G1"": 0.38, ""G2"": 0}",atypical,0.78,"{""atypical"": 0.78, ""unclear"": 0, ""ineligible"": 0.03, ""lead"": 0.01, ""partner"": 0.18}",none,0.53,"{""ORH"": 0, ""DSOHF"": 0, ""DEIPD"": 0, ""MEDICAID"": 0, ""DSS"": 0, ""DSBDHH"": 0, ""DAGING"": 0.43, ""DCDEE"": 0, ""none"": 0.53, ""OSEC"": 0, ""DPH"": 0.03, ""DCFW"": 0, ""DMHDDSUS"": 0.01, ""DHSR"": 0}",0.3333,0.19,0.1983,deprioritized,P(unrelated or weak)=1.00,typesafe-ai/jev,a4b41185524e,True
b1a490a3-f0c4-4734-b8b8-7cdf6cada9cf,FAIR HOUSING INITIATIVES PROGRAM PRIVATE ENFORCEMENT INITIATIVE,open,weak,0.48,"{""weak"": 0.48, ""strong"": 0.04, ""none"": 0.41, ""moderate"": 0.07}",none,0.76,"{""G4"": 0, ""G2"": 0.03, ""G1"": 0.21, ""G5"": 0, ""none"": 0.76, ""G3"": 0}",ineligible,0.98,"{""atypical"": 0.01, ""ineligible"": 0.98, ""unclear"": 0, ""partner"": 0.01, ""lead"": 0}",none,0.98,"{""DSBDHH"": 0, ""OSEC"": 0, ""DHSR"": 0, ""DCFW"": 0, ""DMHDDSUS"": 0, ""MEDICAID"": 0, ""DCDEE"": 0, ""DSOHF"": 0, ""DEIPD"": 0, ""ORH"": 0, ""DPH"": 0, ""DSS"": 0.02, ""DAGING"": 0, ""none"": 0.98}",0.2467,0.01,0.1246,deprioritized,P(ineligible)=0.98,typesafe-ai/jev,a4b41185524e,True
b20006cd-aff4-452c-8cca-27766c86a220,Supporting Implementation of the Labor Provisions of Trade Arrangements for American Worker Competitiveness,forecast,none,0.89,"{""weak"": 0.11, ""moderate"": 0, ""none"": 0.89, ""strong"": 0}",none,0.97,"{""G1"": 0, ""G2"": 0, ""G3"": 0, ""none"": 0.97, ""G5"": 0, ""G4"": 0.03}",atypical,0.68,"{""partner"": 0.02, ""lead"": 0, ""ineligible"": 0.29, ""unclear"": 0.01, ""atypical"": 0.68}",none,0.99,"{""OSEC"": 0, ""MEDICAID"": 0, ""DSBDHH"": 0, ""DEIPD"": 0.01, ""DSOHF"": 0, ""ORH"": 0, ""DAGING"": 0, ""DHSR"": 0, ""DCFW"": 0, ""DMHDDSUS"": 0, ""DPH"": 0, ""DCDEE"": 0, ""DSS"": 0, ""none"": 0.99}",0.0367,0.02,0.0187,deprioritized,P(unrelated)=0.89,typesafe-ai/jev,a4b41185524e,True
b2b577a9-12ef-4005-b962-2d3922b922bf,Catalyze Product Definition  Medical Device prototype design/testing and disease target identification and assay development (R61/R33 - Clinical Trial Not Allowed),open,weak,1.0,"{""none"": 0, ""weak"": 1, ""moderate"": 0, ""strong"": 0}",none,0.78,"{""none"": 0.78, ""G1"": 0.04, ""G4"": 0.01, ""G5"": 0.17, ""G2"": 0, ""G3"": 0}",atypical,0.88,"{""atypical"": 0.88, ""ineligible"": 0, ""partner"": 0.12, ""lead"": 0, ""unclear"": 0}",none,0.86,"{""none"": 0.86, ""DSS"": 0, ""ORH"": 0, ""DSOHF"": 0, ""DPH"": 0.12, ""DAGING"": 0, ""MEDICAID"": 0, ""DEIPD"": 0, ""DMHDDSUS"": 0, ""DSBDHH"": 0, ""DCDEE"": 0.01, ""DHSR"": 0.01, ""DCFW"": 0, ""OSEC"": 0}",0.3333,0.12,0.1867,deprioritized,P(unrelated or weak)=1.00,typesafe-ai/jev,a4b41185524e,True
b2c6980b-352b-469e-b48e-807b1019329f,NIOSH Miner Safety and Health Training Program - Western United States – U60,forecast,weak,0.75,"{""moderate"": 0.07, ""strong"": 0.02, ""none"": 0.16, ""weak"": 0.75}",none,0.85,"{""G1"": 0.06, ""G3"": 0, ""G4"": 0.08, ""none"": 0.85, ""G2"": 0, ""G5"": 0.01}",atypical,0.53,"{""ineligible"": 0.05, ""atypical"": 0.53, ""lead"": 0.05, ""partner"": 0.36, ""unclear"": 0.01}",none,0.84,"{""ORH"": 0, ""DSOHF"": 0, ""DAGING"": 0, ""DMHDDSUS"": 0, ""DHSR"": 0.02, ""DSBDHH"": 0, ""DCDEE"": 0.01, ""DSS"": 0, ""DPH"": 0.13, ""DEIPD"": 0, ""DCFW"": 0, ""none"": 0.84, ""OSEC"": 0, ""MEDICAID"": 0}",0.3167,0.41,0.2232,deep_review,not confidently irrelevant,typesafe-ai/jev,a4b41185524e,True
b2df416d-b6cd-4412-bb34-6984d8a9f8b4,BRAIN Initiative: Brain Behavior Quantification and Synchronization- Next Generation Sensor Technology Development (U01 Clinical Trial Optional),open,weak,1.0,"{""moderate"": 0, ""none"": 0, ""weak"": 1, ""strong"": 0}",none,0.79,"{""G4"": 0.01, ""G1"": 0, ""G3"": 0.05, ""G5"": 0.14, ""G2"": 0, ""none"": 0.79}",atypical,0.86,"{""unclear"": 0, ""partner"": 0.14, ""lead"": 0, ""atypical"": 0.86, ""ineligible"": 0}",none,0.85,"{""DCFW"": 0, ""MEDICAID"": 0, ""DCDEE"": 0, ""none"": 0.85, ""DAGING"": 0, ""DHSR"": 0, ""DSS"": 0, ""ORH"": 0, ""OSEC"": 0, ""DMHDDSUS"": 0.1, ""DPH"": 0.04, ""DEIPD"": 0, ""DSBDHH"": 0, ""DSOHF"": 0.01}",0.3333,0.14,0.19,deprioritized,P(unrelated or weak)=1.00,typesafe-ai/jev,a4b41185524e,True
b3050431-1e08-4019-93ff-ee83b69abe98,NEI Collaborative Clinical Vision Research (UG1 - Clinical Trial Optional),forecast,weak,0.99,"{""none"": 0, ""weak"": 0.99, ""strong"": 0, ""moderate"": 0.01}",none,0.65,"{""G4"": 0.01, ""none"": 0.65, ""G1"": 0.32, ""G3"": 0, ""G5"": 0.01, ""G2"": 0.01}",atypical,0.68,"{""atypical"": 0.68, ""lead"": 0.01, ""partner"": 0.28, ""unclear"": 0, ""ineligible"": 0.02}",DSBDHH,0.45,"{""DCFW"": 0, ""OSEC"": 0, ""DHSR"": 0, ""DSBDHH"": 0.45, ""ORH"": 0, ""MEDICAID"": 0, ""none"": 0.44, ""DMHDDSUS"": 0, ""DCDEE"": 0, ""DPH"": 0.11, ""DSS"": 0, ""DAGING"": 0, ""DEIPD"": 0, ""DSOHF"": 0}",0.3367,0.29,0.2171,deprioritized,P(unrelated or weak)=0.99,typesafe-ai/jev,a4b41185524e,True
b307f2ac-767d-4715-be92-f5326db2cd9d,National Center for Construction Safety and Health Research and Translation (U54),open,weak,0.71,"{""weak"": 0.71, ""strong"": 0.06, ""none"": 0.02, ""moderate"": 0.21}",none,0.68,"{""G3"": 0, ""G1"": 0.06, ""G5"": 0.02, ""G2"": 0, ""G4"": 0.24, ""none"": 0.68}",partner,0.5,"{""ineligible"": 0, ""partner"": 0.5, ""unclear"": 0.01, ""lead"": 0, ""atypical"": 0.49}",none,0.56,"{""DAGING"": 0, ""DHSR"": 0.02, ""DPH"": 0.37, ""ORH"": 0.01, ""DCFW"": 0, ""DMHDDSUS"": 0, ""OSEC"": 0.01, ""DSS"": 0, ""DCDEE"": 0.01, ""MEDICAID"": 0, ""DSOHF"": 0.01, ""DEIPD"": 0.01, ""none"": 0.56, ""DSBDHH"": 0}",0.4367,0.5,0.3275,deep_review,not confidently irrelevant,typesafe-ai/jev,a4b41185524e,True
b3577f33-eee0-49fb-aeba-2ea0b02fe59e,Expanded Surveillance for Pediatric Infectious Diseases,forecast,strong,0.73,"{""weak"": 0.03, ""moderate"": 0.24, ""none"": 0, ""strong"": 0.73}",G2,0.91,"{""G5"": 0.02, ""G4"": 0, ""none"": 0.07, ""G3"": 0, ""G2"": 0.91, ""G1"": 0}",partner,0.78,"{""lead"": 0.06, ""unclear"": 0.03, ""ineligible"": 0, ""atypical"": 0.13, ""partner"": 0.78}",DPH,1.0,"{""DHSR"": 0, ""DSS"": 0, ""DPH"": 1, ""DMHDDSUS"": 0, ""OSEC"": 0, ""DCFW"": 0, ""DCDEE"": 0, ""DEIPD"": 0, ""DAGING"": 0, ""DSBDHH"": 0, ""none"": 0, ""DSOHF"": 0, ""ORH"": 0, ""MEDICAID"": 0}",0.9,0.84,0.828,deep_review,not confidently irrelevant,typesafe-ai/jev,a4b41185524e,True
b365a7b5-b32f-409f-8ae3-18386784d50a,Clinical Research Network on Antimicrobial Resistance,forecast,weak,0.98,"{""moderate"": 0.02, ""strong"": 0, ""weak"": 0.98, ""none"": 0}",none,0.58,"{""none"": 0.58, ""G4"": 0.02, ""G5"": 0.02, ""G1"": 0.38, ""G2"": 0, ""G3"": 0}",partner,0.51,"{""partner"": 0.51, ""lead"": 0, ""ineligible"": 0.17, ""unclear"": 0.01, ""atypical"": 0.31}",none,0.51,"{""MEDICAID"": 0, ""DPH"": 0.48, ""DHSR"": 0, ""DAGING"": 0, ""DEIPD"": 0, ""DCDEE"": 0.01, ""DMHDDSUS"": 0, ""DSS"": 0, ""OSEC"": 0, ""DCFW"": 0, ""DSOHF"": 0, ""DSBDHH"": 0, ""none"": 0.51, ""ORH"": 0}",0.34,0.51,0.2567,deprioritized,P(unrelated or weak)=0.98,typesafe-ai/jev,a4b41185524e,True
b44a8dff-ef17-4fc5-8f00-2526c8cce87f,Cooperative Agreement for Long Term Data Collection on Antimicrobial Use in Animals (U01) Clinical Trial Not Allowed,forecast,weak,0.83,"{""weak"": 0.83, ""strong"": 0.02, ""none"": 0.03, ""moderate"": 0.12}",none,0.89,"{""none"": 0.89, ""G2"": 0, ""G4"": 0.01, ""G5"": 0.08, ""G1"": 0.02, ""G3"": 0}",partner,0.56,"{""atypical"": 0.4, ""ineligible"": 0, ""unclear"": 0.03, ""partner"": 0.56, ""lead"": 0.01}",none,0.65,"{""DSBDHH"": 0, ""DSS"": 0, ""DHSR"": 0.02, ""DCFW"": 0, ""DMHDDSUS"": 0, ""MEDICAID"": 0, ""DCDEE"": 0.01, ""DSOHF"": 0, ""DEIPD"": 0, ""ORH"": 0, ""DPH"": 0.32, ""none"": 0.65, ""OSEC"": 0, ""DAGING"": 0}",0.3767,0.57,0.2957,deep_review,not confidently irrelevant,typesafe-ai/jev,a4b41185524e,True
b5365cea-b07c-4e8d-8313-e23ab0fd3766,FY 2025 EDA Public Works and Economic Adjustment Assistance Programs,open,none,0.8,"{""none"": 0.8, ""weak"": 0.16, ""moderate"": 0.03, ""strong"": 0.01}",none,0.93,"{""G1"": 0, ""G2"": 0, ""G3"": 0, ""G4"": 0.06, ""G5"": 0.01, ""none"": 0.93}",atypical,0.41,"{""lead"": 0.18, ""partner"": 0.39, ""atypical"": 0.41, ""ineligible"": 0.01, ""unclear"": 0.01}",none,0.88,"{""DPH"": 0, ""DMHDDSUS"": 0, ""MEDICAID"": 0, ""DCFW"": 0, ""DSS"": 0, ""DAGING"": 0, ""DCDEE"": 0.09, ""ORH"": 0.01, ""DEIPD"": 0.01, ""DSBDHH"": 0, ""DHSR"": 0, ""DSOHF"": 0, ""OSEC"": 0.01, ""none"": 0.88}",0.0833,0.57,0.0654,deprioritized,P(unrelated or weak)=0.96,typesafe-ai/jev,a4b41185524e,True
b56109e1-0c63-42ea-96cb-13f4ef3a5064,Data Sharing for Demographic Research Infrastructure Program,forecast,weak,0.92,"{""none"": 0.02, ""weak"": 0.92, ""strong"": 0.01, ""moderate"": 0.05}",none,0.67,"{""none"": 0.67, ""G2"": 0.04, ""G4"": 0, ""G3"": 0, ""G1"": 0, ""G5"": 0.29}",atypical,0.64,"{""atypical"": 0.64, ""lead"": 0.01, ""partner"": 0.26, ""unclear"": 0.01, ""ineligible"": 0.08}",none,0.64,"{""DCFW"": 0, ""OSEC"": 0.15, ""DSOHF"": 0, ""DSBDHH"": 0, ""ORH"": 0, ""MEDICAID"": 0, ""none"": 0.64, ""DMHDDSUS"": 0, ""DCDEE"": 0.01, ""DPH"": 0.19, ""DHSR"": 0.01, ""DAGING"": 0, ""DEIPD"": 0, ""DSS"": 0}",0.35,0.27,0.2222,deep_review,not confidently irrelevant,typesafe-ai/jev,a4b41185524e,True
b59b92fd-fc9b-4355-9414-7546726446c7,Research Enhancement Award Program (REAP) for Health Professional Schools and Graduate Schools (R15 Clinical Trial Required),open,weak,1.0,"{""none"": 0, ""weak"": 1, ""moderate"": 0, ""strong"": 0}",none,0.84,"{""G1"": 0, ""none"": 0.84, ""G2"": 0, ""G3"": 0, ""G4"": 0.15, ""G5"": 0.01}",ineligible,0.59,"{""ineligible"": 0.59, ""partner"": 0.12, ""lead"": 0, ""atypical"": 0.29, ""unclear"": 0}",none,0.98,"{""OSEC"": 0, ""DPH"": 0.01, ""DSS"": 0, ""ORH"": 0.01, ""DSBDHH"": 0, ""DCFW"": 0, ""DEIPD"": 0, ""DMHDDSUS"": 0, ""none"": 0.98, ""MEDICAID"": 0, ""DSOHF"": 0, ""DCDEE"": 0, ""DAGING"": 0, ""DHSR"": 0}",0.3333,0.12,0.1867,deprioritized,P(unrelated or weak)=1.00,typesafe-ai/jev,a4b41185524e,True
b5b9d054-554e-47b1-a1ba-1e302c6e6589,"NIDA Core ""Center of Transformative Science"" Grant Program",forecast,weak,0.99,"{""weak"": 0.99, ""none"": 0, ""strong"": 0, ""moderate"": 0.01}",G3,0.52,"{""none"": 0.45, ""G5"": 0.01, ""G4"": 0.01, ""G3"": 0.52, ""G1"": 0.01, ""G2"": 0}",atypical,0.8,"{""atypical"": 0.8, ""unclear"": 0, ""ineligible"": 0.02, ""lead"": 0, ""partner"": 0.18}",none,0.49,"{""ORH"": 0, ""DSOHF"": 0.03, ""DEIPD"": 0, ""MEDICAID"": 0, ""DSBDHH"": 0, ""DAGING"": 0, ""DSS"": 0, ""none"": 0.49, ""DCDEE"": 0, ""OSEC"": 0, ""DPH"": 0.02, ""DCFW"": 0, ""DMHDDSUS"": 0.46, ""DHSR"": 0}",0.3367,0.18,0.1986,deprioritized,P(unrelated or weak)=0.99,typesafe-ai/jev,a4b41185524e,True
b5cded22-b04f-4a83-b907-8121c44a2568,Basic Research in Cancer Health Disparities (R01 Clinical Trial Not Allowed),open,weak,1.0,"{""moderate"": 0, ""strong"": 0, ""weak"": 1, ""none"": 0}",G1,0.59,"{""G1"": 0.59, ""G4"": 0.01, ""G5"": 0, ""G2"": 0, ""none"": 0.4, ""G3"": 0}",atypical,0.84,"{""unclear"": 0, ""atypical"": 0.84, ""ineligible"": 0, ""lead"": 0, ""partner"": 0.16}",none,0.59,"{""DCFW"": 0, ""DPH"": 0.4, ""DEIPD"": 0, ""DMHDDSUS"": 0, ""DHSR"": 0, ""none"": 0.59, ""DCDEE"": 0.01, ""DSOHF"": 0, ""OSEC"": 0, ""DAGING"": 0, ""ORH"": 0, ""DSBDHH"": 0, ""MEDICAID"": 0, ""DSS"": 0}",0.3333,0.16,0.1933,deprioritized,P(unrelated or weak)=1.00,typesafe-ai/jev,a4b41185524e,True
b6747a33-2447-4eba-819d-29a36983a0a0,NIH Research Program Projects (Parent P01 Clinical Trial Optional),forecast,weak,1.0,"{""weak"": 1, ""moderate"": 0, ""none"": 0, ""strong"": 0}",none,0.83,"{""G2"": 0, ""G1"": 0.13, ""G5"": 0.01, ""none"": 0.83, ""G4"": 0.02, ""G3"": 0.01}",atypical,0.73,"{""ineligible"": 0.05, ""lead"": 0.01, ""unclear"": 0, ""partner"": 0.21, ""atypical"": 0.73}",none,0.75,"{""ORH"": 0, ""DCDEE"": 0.01, ""DHSR"": 0, ""none"": 0.75, ""DSOHF"": 0.01, ""DPH"": 0.22, ""DCFW"": 0, ""DAGING"": 0, ""MEDICAID"": 0, ""OSEC"": 0, ""DEIPD"": 0, ""DMHDDSUS"": 0.01, ""DSS"": 0, ""DSBDHH"": 0}",0.3333,0.22,0.2033,deprioritized,P(unrelated or weak)=1.00,typesafe-ai/jev,a4b41185524e,True
b6a413a2-36d3-43b6-a38a-c3dfaebc20c9,Opportunities for Collaborative Research at the NIH Clinical Center (U01 Clinical Trial Optional),open,weak,0.99,"{""moderate"": 0.01, ""none"": 0, ""strong"": 0, ""weak"": 0.99}",none,0.72,"{""G1"": 0.14, ""G2"": 0, ""G3"": 0, ""G4"": 0.04, ""G5"": 0.1, ""none"": 0.72}",atypical,0.78,"{""atypical"": 0.78, ""ineligible"": 0, ""lead"": 0, ""partner"": 0.22, ""unclear"": 0}",DPH,0.51,"{""DAGING"": 0, ""DCDEE"": 0, ""DCFW"": 0, ""DEIPD"": 0, ""DHSR"": 0, ""DMHDDSUS"": 0, ""DPH"": 0.51, ""DSBDHH"": 0, ""DSOHF"": 0.01, ""DSS"": 0, ""MEDICAID"": 0, ""ORH"": 0.02, ""OSEC"": 0.01, ""none"": 0.45}",0.3367,0.22,0.2054,deprioritized,P(unrelated or weak)=0.99,typesafe-ai/jev,a4b41185524e,True
b6b700be-df44-43fe-8827-9c49b7fb5081,Established Clinician Investigator Award to Support Mentoring (KS1),forecast,weak,0.98,"{""strong"": 0.01, ""weak"": 0.98, ""none"": 0, ""moderate"": 0.01}",none,0.57,"{""G4"": 0.42, ""G1"": 0, ""none"": 0.57, ""G5"": 0.01, ""G2"": 0, ""G3"": 0}",atypical,0.9,"{""atypical"": 0.9, ""unclear"": 0, ""lead"": 0.01, ""ineligible"": 0.03, ""partner"": 0.06}",none,0.79,"{""MEDICAID"": 0, ""OSEC"": 0.01, ""DSS"": 0, ""DMHDDSUS"": 0.01, ""none"": 0.79, ""DHSR"": 0.01, ""DEIPD"": 0, ""DSBDHH"": 0, ""DCDEE"": 0.01, ""DSOHF"": 0.02, ""DCFW"": 0, ""DAGING"": 0, ""DPH"": 0.13, ""ORH"": 0.02}",0.3433,0.07,0.1837,deprioritized,P(unrelated or weak)=0.98,typesafe-ai/jev,a4b41185524e,True
b7317f5a-7b2f-4451-85b0-08a91b47c238,Multilateral Partnerships Leveraging Excellence,open,none,0.57,"{""moderate"": 0, ""weak"": 0.43, ""none"": 0.57, ""strong"": 0}",none,0.99,"{""none"": 0.99, ""G5"": 0.01, ""G1"": 0, ""G4"": 0, ""G3"": 0, ""G2"": 0}",atypical,0.86,"{""unclear"": 0.07, ""lead"": 0, ""atypical"": 0.86, ""partner"": 0.06, ""ineligible"": 0.01}",none,0.99,"{""DCDEE"": 0, ""DSOHF"": 0, ""ORH"": 0, ""DSS"": 0, ""DPH"": 0, ""DCFW"": 0, ""none"": 0.99, ""DEIPD"": 0, ""MEDICAID"": 0, ""DSBDHH"": 0, ""DAGING"": 0, ""DHSR"": 0, ""DMHDDSUS"": 0, ""OSEC"": 0.01}",0.1433,0.06,0.076,deprioritized,P(unrelated or weak)=1.00,typesafe-ai/jev,a4b41185524e,True
b7cf3f29-1b9b-46d8-96a2-85c4bbf2ade2,Coordinating Austere Nodes through Virtualization and Analysis of Streams (CANVAS),open,none,1.0,"{""weak"": 0, ""strong"": 0, ""none"": 1, ""moderate"": 0}",none,0.98,"{""G2"": 0, ""G3"": 0, ""none"": 0.98, ""G1"": 0, ""G4"": 0, ""G5"": 0.02}",atypical,0.57,"{""lead"": 0, ""unclear"": 0.38, ""ineligible"": 0.04, ""atypical"": 0.57, ""partner"": 0.01}",none,1.0,"{""MEDICAID"": 0, ""DPH"": 0, ""DEIPD"": 0, ""DMHDDSUS"": 0, ""none"": 1, ""DSS"": 0, ""DHSR"": 0, ""DSOHF"": 0, ""DSBDHH"": 0, ""ORH"": 0, ""DAGING"": 0, ""DCDEE"": 0, ""OSEC"": 0, ""DCFW"": 0}",0.0,0.01,0.0,deprioritized,P(unrelated)=1.00,typesafe-ai/jev,a4b41185524e,True
b7dcc875-4d78-4f8c-83f6-f7b1f3f761fb,Urban Indian Health Program - Education & Research,forecast,weak,0.8,"{""weak"": 0.8, ""moderate"": 0.02, ""strong"": 0.02, ""none"": 0.16}",none,0.87,"{""G2"": 0, ""G4"": 0.01, ""G1"": 0.12, ""G5"": 0, ""G3"": 0, ""none"": 0.87}",ineligible,0.92,"{""ineligible"": 0.92, ""unclear"": 0, ""partner"": 0.06, ""lead"": 0, ""atypical"": 0.02}",none,0.98,"{""OSEC"": 0, ""ORH"": 0.01, ""DSBDHH"": 0, ""DMHDDSUS"": 0, ""DHSR"": 0, ""DPH"": 0.01, ""DAGING"": 0, ""none"": 0.98, ""DCDEE"": 0, ""DCFW"": 0, ""MEDICAID"": 0, ""DSOHF"": 0, ""DEIPD"": 0, ""DSS"": 0}",0.3,0.06,0.159,deprioritized,P(unrelated or weak)=0.96,typesafe-ai/jev,a4b41185524e,True
b8454cff-6165-4d83-a1eb-a88d5e918254,NCI Pathway to Independence Award for Early-Stage Postdoctoral Researchers (K99/R00 - Independent Clinical Trial Not Allowed),open,weak,1.0,"{""strong"": 0, ""moderate"": 0, ""none"": 0, ""weak"": 1}",none,0.8,"{""none"": 0.8, ""G3"": 0, ""G4"": 0.2, ""G2"": 0, ""G1"": 0, ""G5"": 0}",atypical,0.97,"{""ineligible"": 0.02, ""unclear"": 0, ""lead"": 0, ""atypical"": 0.97, ""partner"": 0.01}",none,0.95,"{""DHSR"": 0, ""DSOHF"": 0, ""DSS"": 0, ""DEIPD"": 0, ""DSBDHH"": 0, ""DAGING"": 0, ""OSEC"": 0, ""DCFW"": 0, ""none"": 0.95, ""MEDICAID"": 0, ""DPH"": 0.05, ""DCDEE"": 0, ""ORH"": 0, ""DMHDDSUS"": 0}",0.3333,0.01,0.1683,deprioritized,P(unrelated or weak)=1.00,typesafe-ai/jev,a4b41185524e,True
b8708107-b111-4a75-a6b2-7189a2e15538,Pilot Hybrid Effectiveness-Implementation Trials for Mental Health Interventions (R01  Clinical Trial Required),open,weak,0.55,"{""weak"": 0.55, ""moderate"": 0.33, ""none"": 0, ""strong"": 0.12}",G3,0.98,"{""G2"": 0, ""G1"": 0, ""G5"": 0, ""none"": 0.02, ""G4"": 0, ""G3"": 0.98}",atypical,0.58,"{""ineligible"": 0, ""lead"": 0.02, ""atypical"": 0.58, ""partner"": 0.4, ""unclear"": 0}",DMHDDSUS,0.86,"{""DSBDHH"": 0, ""DCDEE"": 0, ""DHSR"": 0, ""none"": 0.14, ""DSOHF"": 0, ""DPH"": 0, ""DCFW"": 0, ""DAGING"": 0, ""MEDICAID"": 0, ""OSEC"": 0, ""DEIPD"": 0, ""DMHDDSUS"": 0.86, ""DSS"": 0, ""ORH"": 0}",0.5233,0.42,0.3716,deep_review,not confidently irrelevant,typesafe-ai/jev,a4b41185524e,True
b8957faa-5824-4b59-b18f-3b4a69501121,Accelerating Solutions to Improve Access and Quality of Empirically-Supported Practices for Youth Mental Health (R01 Clinical Trial Optional),open,moderate,0.41,"{""none"": 0, ""moderate"": 0.41, ""weak"": 0.32, ""strong"": 0.27}",G3,0.86,"{""G4"": 0, ""none"": 0.04, ""G1"": 0.05, ""G2"": 0.05, ""G3"": 0.86, ""G5"": 0}",partner,0.53,"{""unclear"": 0, ""ineligible"": 0, ""atypical"": 0.42, ""lead"": 0.05, ""partner"": 0.53}",DMHDDSUS,0.7,"{""DHSR"": 0, ""MEDICAID"": 0, ""DCDEE"": 0, ""DSBDHH"": 0, ""DSOHF"": 0, ""DPH"": 0.01, ""DAGING"": 0, ""none"": 0.07, ""OSEC"": 0, ""DEIPD"": 0, ""ORH"": 0, ""DCFW"": 0.22, ""DMHDDSUS"": 0.7, ""DSS"": 0}",0.65,0.58,0.5135,deep_review,not confidently irrelevant,typesafe-ai/jev,a4b41185524e,True
b8b51aae-68fc-448a-bbca-5fbfd229a841,Manufactured Foods Flexible Funding Model (MF-FFM),forecast,strong,0.79,"{""none"": 0, ""weak"": 0.03, ""moderate"": 0.18, ""strong"": 0.79}",G5,0.64,"{""G4"": 0.02, ""none"": 0.31, ""G1"": 0.03, ""G2"": 0, ""G3"": 0, ""G5"": 0.64}",lead,0.84,"{""unclear"": 0, ""lead"": 0.84, ""atypical"": 0.04, ""partner"": 0.1, ""ineligible"": 0.02}",DPH,0.59,"{""DCDEE"": 0.01, ""DSOHF"": 0, ""ORH"": 0, ""DSS"": 0, ""DPH"": 0.59, ""DCFW"": 0.01, ""none"": 0.24, ""DEIPD"": 0, ""MEDICAID"": 0, ""DSBDHH"": 0, ""OSEC"": 0, ""DHSR"": 0.15, ""DAGING"": 0, ""DMHDDSUS"": 0}",0.92,0.94,0.8924,deep_review,not confidently irrelevant,typesafe-ai/jev,a4b41185524e,True
b90a0ff5-43a7-4cc6-91a7-06111b728403,Indian Housing Block Grant Competitive Program (IHBG-COMP) for FY 2026,forecast,none,0.59,"{""moderate"": 0.05, ""none"": 0.59, ""weak"": 0.32, ""strong"": 0.04}",none,0.94,"{""G2"": 0.02, ""none"": 0.94, ""G4"": 0, ""G5"": 0, ""G1"": 0.04, ""G3"": 0}",ineligible,1.0,"{""ineligible"": 1, ""lead"": 0, ""atypical"": 0, ""unclear"": 0, ""partner"": 0}",none,0.99,"{""DCFW"": 0, ""DAGING"": 0, ""DSS"": 0.01, ""MEDICAID"": 0, ""DSOHF"": 0, ""DCDEE"": 0, ""ORH"": 0, ""DHSR"": 0, ""none"": 0.99, ""DEIPD"": 0, ""OSEC"": 0, ""DSBDHH"": 0, ""DMHDDSUS"": 0, ""DPH"": 0}",0.18,0.0,0.09,deprioritized,P(ineligible)=1.00,typesafe-ai/jev,a4b41185524e,True
b92739e9-8690-4e79-acd3-3f246ea9bfac,LAUNCHing Leaders for Future U.S. Investments in Global Health Research (D43 Clinical Trial Optional),forecast,weak,1.0,"{""weak"": 1, ""strong"": 0, ""moderate"": 0, ""none"": 0}",none,0.84,"{""G2"": 0, ""G1"": 0.01, ""G5"": 0, ""none"": 0.84, ""G4"": 0.15, ""G3"": 0}",atypical,0.5,"{""atypical"": 0.5, ""partner"": 0.09, ""lead"": 0, ""ineligible"": 0.41, ""unclear"": 0}",none,0.93,"{""DPH"": 0.05, ""DAGING"": 0, ""MEDICAID"": 0, ""DSBDHH"": 0, ""DSS"": 0, ""OSEC"": 0, ""DHSR"": 0, ""none"": 0.93, ""ORH"": 0.01, ""DEIPD"": 0, ""DMHDDSUS"": 0, ""DCDEE"": 0, ""DSOHF"": 0, ""DCFW"": 0}",0.3333,0.09,0.1817,deprioritized,P(unrelated or weak)=1.00,typesafe-ai/jev,a4b41185524e,True
b92ee363-0a5f-4ee2-868f-84b93ce7050a,Community-Partnered Nursing Research Centers (P20 Clinical Trial Optional),open,weak,0.94,"{""weak"": 0.94, ""moderate"": 0.04, ""none"": 0, ""strong"": 0.02}",none,0.59,"{""G5"": 0.03, ""G4"": 0.25, ""none"": 0.59, ""G3"": 0, ""G1"": 0.13, ""G2"": 0}",partner,0.55,"{""lead"": 0, ""unclear"": 0, ""ineligible"": 0, ""atypical"": 0.45, ""partner"": 0.55}",none,0.73,"{""DHSR"": 0.01, ""DSS"": 0, ""DPH"": 0.22, ""DMHDDSUS"": 0, ""OSEC"": 0, ""DCFW"": 0, ""DCDEE"": 0, ""DEIPD"": 0, ""DAGING"": 0, ""DSBDHH"": 0, ""none"": 0.73, ""DSOHF"": 0, ""MEDICAID"": 0, ""ORH"": 0.04}",0.36,0.55,0.279,deep_review,not confidently irrelevant,typesafe-ai/jev,a4b41185524e,True
b9304bd3-c0a4-4512-b3cb-869117adacbe,Mentored Patient-Oriented Research Career Development Award (Parent K23  Independent Clinical Trial Required),open,weak,1.0,"{""strong"": 0, ""moderate"": 0, ""none"": 0, ""weak"": 1}",none,0.6,"{""none"": 0.6, ""G5"": 0, ""G2"": 0, ""G1"": 0.01, ""G3"": 0, ""G4"": 0.39}",atypical,0.88,"{""lead"": 0, ""partner"": 0.08, ""atypical"": 0.88, ""unclear"": 0, ""ineligible"": 0.04}",none,0.91,"{""DCFW"": 0, ""ORH"": 0.01, ""OSEC"": 0, ""DAGING"": 0, ""DEIPD"": 0, ""none"": 0.91, ""DSBDHH"": 0, ""DSOHF"": 0.01, ""DPH"": 0.06, ""MEDICAID"": 0, ""DMHDDSUS"": 0.01, ""DCDEE"": 0, ""DSS"": 0, ""DHSR"": 0}",0.3333,0.08,0.18,deprioritized,P(unrelated or weak)=1.00,typesafe-ai/jev,a4b41185524e,True
b94ecba1-502d-4c59-86bc-0ce1086a0511,Improved Drug Susceptibility Testing (DST) for Mycobacteria,forecast,weak,0.99,"{""none"": 0, ""moderate"": 0.01, ""weak"": 0.99, ""strong"": 0}",none,0.46,"{""none"": 0.46, ""G2"": 0, ""G3"": 0, ""G4"": 0.01, ""G5"": 0.23, ""G1"": 0.3}",atypical,0.64,"{""ineligible"": 0.05, ""lead"": 0.01, ""atypical"": 0.64, ""partner"": 0.3, ""unclear"": 0}",DPH,0.69,"{""DSOHF"": 0, ""DEIPD"": 0, ""DSBDHH"": 0, ""DAGING"": 0, ""MEDICAID"": 0, ""OSEC"": 0, ""ORH"": 0, ""DCDEE"": 0.01, ""none"": 0.3, ""DSS"": 0, ""DMHDDSUS"": 0, ""DHSR"": 0, ""DPH"": 0.69, ""DCFW"": 0}",0.3367,0.31,0.2205,deprioritized,P(unrelated or weak)=0.99,typesafe-ai/jev,a4b41185524e,True
b9bdeaa2-068f-4aa9-960a-948c0b0a9bfd,"The Home Visiting Research, Improvement, Sustainability and Evaluation Center (HV-RISE)",forecast,strong,0.92,"{""none"": 0, ""moderate"": 0.07, ""strong"": 0.92, ""weak"": 0.01}",G2,0.97,"{""G2"": 0.97, ""none"": 0.01, ""G4"": 0, ""G5"": 0.01, ""G1"": 0.01, ""G3"": 0}",partner,0.6,"{""ineligible"": 0, ""lead"": 0.19, ""unclear"": 0.02, ""atypical"": 0.19, ""partner"": 0.6}",DCFW,0.97,"{""DCFW"": 0.97, ""ORH"": 0, ""DEIPD"": 0, ""MEDICAID"": 0, ""DPH"": 0.02, ""DCDEE"": 0.01, ""DSS"": 0, ""DHSR"": 0, ""none"": 0, ""DAGING"": 0, ""OSEC"": 0, ""DSBDHH"": 0, ""DMHDDSUS"": 0, ""DSOHF"": 0}",0.97,0.79,0.8682,deep_review,not confidently irrelevant,typesafe-ai/jev,a4b41185524e,True
b9befe54-117a-40b1-ba53-91ec6954b1c8,Family-to-Family Health Information Centers (F2F HIC),forecast,strong,0.89,"{""none"": 0, ""weak"": 0.01, ""moderate"": 0.1, ""strong"": 0.89}",G2,1.0,"{""G1"": 0, ""none"": 0, ""G4"": 0, ""G3"": 0, ""G5"": 0, ""G2"": 1}",partner,0.76,"{""atypical"": 0.13, ""lead"": 0.1, ""partner"": 0.76, ""ineligible"": 0, ""unclear"": 0.01}",DPH,0.61,"{""OSEC"": 0, ""DPH"": 0.61, ""DSBDHH"": 0, ""ORH"": 0, ""DSS"": 0, ""DCFW"": 0.22, ""DEIPD"": 0.02, ""none"": 0.02, ""DMHDDSUS"": 0.12, ""MEDICAID"": 0, ""DAGING"": 0, ""DCDEE"": 0.01, ""DSOHF"": 0, ""DHSR"": 0}",0.96,0.86,0.8928,deep_review,not confidently irrelevant,typesafe-ai/jev,a4b41185524e,True
b9c2ac9d-d8f0-45eb-9c6e-3b7446d01802,Women's Initiative for Screening and Health (WISH),forecast,strong,0.57,"{""weak"": 0.13, ""moderate"": 0.3, ""strong"": 0.57, ""none"": 0}",G1,0.97,"{""G1"": 0.97, ""none"": 0.03, ""G4"": 0, ""G3"": 0, ""G2"": 0, ""G5"": 0}",partner,0.74,"{""lead"": 0.03, ""partner"": 0.74, ""unclear"": 0.09, ""ineligible"": 0, ""atypical"": 0.14}",DPH,0.91,"{""ORH"": 0.01, ""OSEC"": 0, ""DSBDHH"": 0, ""DCDEE"": 0, ""DMHDDSUS"": 0, ""DPH"": 0.91, ""DEIPD"": 0, ""none"": 0.07, ""DHSR"": 0, ""MEDICAID"": 0.01, ""DSOHF"": 0, ""DCFW"": 0, ""DAGING"": 0, ""DSS"": 0}",0.8133,0.77,0.7198,deep_review,not confidently irrelevant,typesafe-ai/jev,a4b41185524e,True
b9d7723c-cdcb-484c-b8b5-5f0b3ff1ee41,Grants for Early Medical/Surgical Specialists' Transition to Aging Research (GEMSSTAR),forecast,weak,1.0,"{""none"": 0, ""weak"": 1, ""moderate"": 0, ""strong"": 0}",none,0.8,"{""G2"": 0, ""G4"": 0.16, ""none"": 0.8, ""G5"": 0, ""G1"": 0.04, ""G3"": 0}",atypical,0.96,"{""atypical"": 0.96, ""lead"": 0, ""unclear"": 0, ""partner"": 0.03, ""ineligible"": 0.01}",none,0.95,"{""DSBDHH"": 0, ""DCDEE"": 0, ""DPH"": 0, ""none"": 0.95, ""DAGING"": 0.05, ""DCFW"": 0, ""DSOHF"": 0, ""MEDICAID"": 0, ""DSS"": 0, ""DMHDDSUS"": 0, ""DHSR"": 0, ""OSEC"": 0, ""ORH"": 0, ""DEIPD"": 0}",0.3333,0.03,0.1717,deprioritized,P(unrelated or weak)=1.00,typesafe-ai/jev,a4b41185524e,True
ba4cff17-e757-4899-be3c-e7b2157eb0c0,Applied Mathematics,open,none,0.92,"{""none"": 0.92, ""weak"": 0.08, ""moderate"": 0, ""strong"": 0}",none,0.98,"{""G2"": 0, ""G4"": 0, ""none"": 0.98, ""G5"": 0.02, ""G1"": 0, ""G3"": 0}",atypical,0.96,"{""atypical"": 0.96, ""partner"": 0.01, ""unclear"": 0.03, ""lead"": 0, ""ineligible"": 0}",none,0.99,"{""DSBDHH"": 0, ""DCDEE"": 0, ""DPH"": 0, ""DSOHF"": 0, ""DAGING"": 0, ""DCFW"": 0, ""none"": 0.99, ""MEDICAID"": 0, ""DSS"": 0, ""DEIPD"": 0, ""DHSR"": 0, ""OSEC"": 0.01, ""ORH"": 0, ""DMHDDSUS"": 0}",0.0267,0.01,0.0135,deprioritized,P(unrelated)=0.92,typesafe-ai/jev,a4b41185524e,True
ba699726-91ac-405c-b9b6-d13c91085555,Development of Fiscal Year 2027 Commercial Vehicle Safety Plans to Support National Safety Goals,open,weak,0.54,"{""weak"": 0.54, ""strong"": 0.07, ""none"": 0.3, ""moderate"": 0.09}",none,0.84,"{""G4"": 0.01, ""G1"": 0.03, ""none"": 0.84, ""G5"": 0.12, ""G2"": 0, ""G3"": 0}",lead,0.41,"{""atypical"": 0.27, ""ineligible"": 0.08, ""lead"": 0.41, ""unclear"": 0.04, ""partner"": 0.2}",none,0.91,"{""MEDICAID"": 0, ""OSEC"": 0, ""DAGING"": 0, ""DHSR"": 0.08, ""DMHDDSUS"": 0, ""none"": 0.91, ""DEIPD"": 0, ""DSBDHH"": 0, ""DCDEE"": 0, ""DSOHF"": 0, ""DCFW"": 0, ""DSS"": 0, ""DPH"": 0.01, ""ORH"": 0}",0.31,0.61,0.2495,deep_review,not confidently irrelevant,typesafe-ai/jev,a4b41185524e,True
ba7325bb-1f37-4b10-bfbb-61ecb8528831,Division of Environmental Biology (core programs) (DEB),open,none,0.67,"{""weak"": 0.33, ""strong"": 0, ""none"": 0.67, ""moderate"": 0}",none,1.0,"{""G3"": 0, ""G4"": 0, ""G5"": 0, ""G2"": 0, ""G1"": 0, ""none"": 1}",ineligible,0.89,"{""unclear"": 0, ""atypical"": 0.08, ""ineligible"": 0.89, ""lead"": 0, ""partner"": 0.03}",none,0.99,"{""ORH"": 0, ""DPH"": 0.01, ""DAGING"": 0, ""DHSR"": 0, ""DCFW"": 0, ""DMHDDSUS"": 0, ""OSEC"": 0, ""MEDICAID"": 0, ""DCDEE"": 0, ""DSS"": 0, ""DSOHF"": 0, ""DSBDHH"": 0, ""none"": 0.99, ""DEIPD"": 0}",0.11,0.03,0.0566,deprioritized,P(unrelated or weak)=1.00,typesafe-ai/jev,a4b41185524e,True
bab9ddd0-0fd0-4153-b023-115f0d286991,Cutting-Edge Basic Research Awards (CEBRA) (R21 Clinical Trial Optional),open,weak,1.0,"{""strong"": 0, ""moderate"": 0, ""none"": 0, ""weak"": 1}",G3,0.69,"{""G4"": 0, ""G5"": 0.01, ""G2"": 0, ""none"": 0.3, ""G1"": 0, ""G3"": 0.69}",atypical,0.88,"{""lead"": 0.01, ""partner"": 0.1, ""atypical"": 0.88, ""unclear"": 0, ""ineligible"": 0.01}",DMHDDSUS,0.56,"{""DMHDDSUS"": 0.56, ""ORH"": 0, ""DAGING"": 0, ""OSEC"": 0, ""DEIPD"": 0, ""none"": 0.38, ""DSBDHH"": 0, ""DSOHF"": 0.03, ""DCFW"": 0, ""MEDICAID"": 0, ""DPH"": 0.02, ""DCDEE"": 0, ""DSS"": 0, ""DHSR"": 0}",0.3333,0.11,0.185,deprioritized,P(unrelated or weak)=1.00,typesafe-ai/jev,a4b41185524e,True
bac51cc6-c524-4bfe-8db1-89f45418ac98,"Capacity Building for Global, Regional, and National Immunization Programs",forecast,weak,0.98,"{""none"": 0.01, ""weak"": 0.98, ""moderate"": 0, ""strong"": 0.01}",none,0.82,"{""G4"": 0.01, ""G1"": 0.1, ""G2"": 0.05, ""G3"": 0, ""G5"": 0.02, ""none"": 0.82}",atypical,0.48,"{""partner"": 0.37, ""ineligible"": 0.03, ""unclear"": 0.01, ""lead"": 0.11, ""atypical"": 0.48}",DPH,0.56,"{""DSOHF"": 0, ""DHSR"": 0, ""DEIPD"": 0, ""DCFW"": 0, ""OSEC"": 0, ""ORH"": 0, ""none"": 0.44, ""DCDEE"": 0, ""DSBDHH"": 0, ""DSS"": 0, ""MEDICAID"": 0, ""DAGING"": 0, ""DPH"": 0.56, ""DMHDDSUS"": 0}",0.3367,0.48,0.2491,deprioritized,P(unrelated or weak)=0.99,typesafe-ai/jev,a4b41185524e,True
bb15f387-fad4-4fcd-b9f8-4919a0d119c1,Strengthening Public Health Systems and Services in Indian Country,forecast,weak,0.43,"{""weak"": 0.43, ""none"": 0.13, ""strong"": 0.33, ""moderate"": 0.11}",none,0.84,"{""none"": 0.84, ""G5"": 0.03, ""G2"": 0, ""G1"": 0.12, ""G3"": 0, ""G4"": 0.01}",ineligible,0.97,"{""ineligible"": 0.97, ""partner"": 0.02, ""lead"": 0, ""unclear"": 0, ""atypical"": 0.01}",none,0.91,"{""ORH"": 0, ""OSEC"": 0, ""DSOHF"": 0, ""DAGING"": 0, ""DCFW"": 0, ""none"": 0.91, ""DCDEE"": 0, ""MEDICAID"": 0, ""DMHDDSUS"": 0, ""DHSR"": 0, ""DSS"": 0, ""DEIPD"": 0, ""DSBDHH"": 0, ""DPH"": 0.09}",0.5467,0.02,0.2788,deprioritized,P(ineligible)=0.97,typesafe-ai/jev,a4b41185524e,True
bb3b6580-5f03-45b2-bde5-487493826c63,Accelerating Research and Development of Next Generation Malaria Vaccines Against Malaria – A Model for Mosquito-Borne Diseases,forecast,weak,1.0,"{""weak"": 1, ""moderate"": 0, ""strong"": 0, ""none"": 0}",none,0.75,"{""G3"": 0, ""G4"": 0.01, ""G1"": 0.23, ""none"": 0.75, ""G5"": 0.01, ""G2"": 0}",atypical,0.72,"{""lead"": 0.01, ""ineligible"": 0.1, ""unclear"": 0, ""atypical"": 0.72, ""partner"": 0.17}",none,0.69,"{""DAGING"": 0, ""MEDICAID"": 0, ""DCFW"": 0, ""DSOHF"": 0, ""OSEC"": 0, ""DSS"": 0, ""DMHDDSUS"": 0, ""DHSR"": 0, ""DPH"": 0.3, ""ORH"": 0, ""DSBDHH"": 0, ""DCDEE"": 0.01, ""DEIPD"": 0, ""none"": 0.69}",0.3333,0.18,0.1967,deprioritized,P(unrelated or weak)=1.00,typesafe-ai/jev,a4b41185524e,True
bb697296-f13f-454c-bf67-a7a0077da134,Computational Approaches to Curation at Scale for Biomedical Research Assets (R01 Clinical Trial Not Allowed),open,weak,0.98,"{""none"": 0.01, ""weak"": 0.98, ""moderate"": 0.01, ""strong"": 0}",none,0.53,"{""none"": 0.53, ""G5"": 0.47, ""G4"": 0, ""G1"": 0, ""G3"": 0, ""G2"": 0}",atypical,0.85,"{""atypical"": 0.85, ""ineligible"": 0, ""partner"": 0.15, ""lead"": 0, ""unclear"": 0}",none,0.88,"{""none"": 0.88, ""DSS"": 0, ""ORH"": 0, ""DSOHF"": 0, ""DPH"": 0.04, ""DEIPD"": 0, ""MEDICAID"": 0, ""DHSR"": 0, ""DAGING"": 0, ""DSBDHH"": 0, ""DCDEE"": 0, ""OSEC"": 0.08, ""DCFW"": 0, ""DMHDDSUS"": 0}",0.3333,0.15,0.1917,deprioritized,P(unrelated or weak)=0.99,typesafe-ai/jev,a4b41185524e,True
bb9991ad-d1e7-4376-afd9-06d623254c40,Request for Information (RFI) No.  95332421K0004 - Community Engagement Services for the Solomon Islands Threshold Program,forecast,none,0.91,"{""moderate"": 0, ""weak"": 0.09, ""none"": 0.91, ""strong"": 0}",none,1.0,"{""none"": 1, ""G1"": 0, ""G2"": 0, ""G4"": 0, ""G3"": 0, ""G5"": 0}",atypical,0.59,"{""unclear"": 0.11, ""lead"": 0, ""atypical"": 0.59, ""partner"": 0, ""ineligible"": 0.3}",none,1.0,"{""DCDEE"": 0, ""DSOHF"": 0, ""ORH"": 0, ""DSS"": 0, ""DPH"": 0, ""DCFW"": 0, ""none"": 1, ""DEIPD"": 0, ""MEDICAID"": 0, ""DSBDHH"": 0, ""DAGING"": 0, ""DHSR"": 0, ""DMHDDSUS"": 0, ""OSEC"": 0}",0.03,0.0,0.015,deprioritized,P(unrelated)=0.91,typesafe-ai/jev,a4b41185524e,True
bbf0a18c-1e2f-45ef-acd6-980df3828974,Forecast to Renew the Notice of Funding Opportunity Announcement for the Multiple Chronic Disease Research Centers,forecast,weak,0.93,"{""weak"": 0.93, ""moderate"": 0.05, ""none"": 0, ""strong"": 0.02}",G1,0.86,"{""G2"": 0, ""G1"": 0.86, ""G3"": 0, ""none"": 0.14, ""G4"": 0, ""G5"": 0}",partner,0.57,"{""unclear"": 0.01, ""lead"": 0.01, ""ineligible"": 0, ""partner"": 0.57, ""atypical"": 0.41}",DPH,0.68,"{""DSBDHH"": 0, ""DCDEE"": 0, ""DHSR"": 0, ""none"": 0.32, ""DSOHF"": 0, ""DPH"": 0.68, ""DCFW"": 0, ""DAGING"": 0, ""MEDICAID"": 0, ""OSEC"": 0, ""DEIPD"": 0, ""DMHDDSUS"": 0, ""DSS"": 0, ""ORH"": 0}",0.3633,0.58,0.287,deep_review,not confidently irrelevant,typesafe-ai/jev,a4b41185524e,True
bc019a76-e595-4ff2-90f1-59353aa7bb96,Life and Environments Through Time,open,none,0.9,"{""weak"": 0.1, ""none"": 0.9, ""moderate"": 0, ""strong"": 0}",none,1.0,"{""G4"": 0, ""G3"": 0, ""none"": 1, ""G5"": 0, ""G2"": 0, ""G1"": 0}",ineligible,0.93,"{""lead"": 0, ""ineligible"": 0.93, ""atypical"": 0.05, ""partner"": 0.02, ""unclear"": 0}",none,0.99,"{""DSOHF"": 0, ""DMHDDSUS"": 0, ""DCFW"": 0, ""DCDEE"": 0, ""none"": 0.99, ""DSS"": 0, ""DAGING"": 0, ""MEDICAID"": 0, ""DSBDHH"": 0, ""OSEC"": 0, ""ORH"": 0, ""DPH"": 0.01, ""DEIPD"": 0, ""DHSR"": 0}",0.0333,0.02,0.017,deprioritized,P(unrelated)=0.90,typesafe-ai/jev,a4b41185524e,True
bc31f8d1-feb3-4275-88ed-6e435b5854ae,Automated Processes for Knowledge Discovery and Information Retrieval,open,none,1.0,"{""none"": 1, ""weak"": 0, ""moderate"": 0, ""strong"": 0}",none,0.81,"{""none"": 0.81, ""G5"": 0.19, ""G4"": 0, ""G1"": 0, ""G3"": 0, ""G2"": 0}",atypical,0.58,"{""partner"": 0.01, ""unclear"": 0.4, ""ineligible"": 0.01, ""lead"": 0, ""atypical"": 0.58}",none,0.96,"{""OSEC"": 0.04, ""ORH"": 0, ""DHSR"": 0, ""DSS"": 0, ""DCDEE"": 0, ""DEIPD"": 0, ""DMHDDSUS"": 0, ""DSOHF"": 0, ""DCFW"": 0, ""DPH"": 0, ""DSBDHH"": 0, ""none"": 0.96, ""DAGING"": 0, ""MEDICAID"": 0}",0.0,0.01,0.0,deprioritized,P(unrelated)=1.00,typesafe-ai/jev,a4b41185524e,True
bc336752-e518-4aef-a123-06e593fad00f,GEOSPATIAL INTELLIGENCE PROCESSING AND EXPLOITATION (GeoPEX),open,none,1.0,"{""none"": 1, ""strong"": 0, ""moderate"": 0, ""weak"": 0}",none,0.98,"{""G3"": 0, ""none"": 0.98, ""G2"": 0, ""G1"": 0, ""G4"": 0, ""G5"": 0.02}",atypical,0.81,"{""unclear"": 0.14, ""partner"": 0.01, ""lead"": 0, ""ineligible"": 0.04, ""atypical"": 0.81}",none,0.99,"{""DMHDDSUS"": 0, ""none"": 0.99, ""OSEC"": 0.01, ""DSS"": 0, ""DCDEE"": 0, ""DEIPD"": 0, ""MEDICAID"": 0, ""DAGING"": 0, ""DSOHF"": 0, ""DSBDHH"": 0, ""DCFW"": 0, ""DHSR"": 0, ""DPH"": 0, ""ORH"": 0}",0.0,0.01,0.0,deprioritized,P(unrelated)=1.00,typesafe-ai/jev,a4b41185524e,True
bc768aba-aa46-47dc-990e-48ea87be8e79,Advanced Development and Sustainment of Informatics Technologies for Cancer Research and Management (U24 Clinical Trial Optional),forecast,weak,0.94,"{""moderate"": 0.04, ""none"": 0, ""strong"": 0.02, ""weak"": 0.94}",G5,0.71,"{""G1"": 0.02, ""G2"": 0, ""G3"": 0, ""G4"": 0, ""G5"": 0.71, ""none"": 0.27}",atypical,0.52,"{""atypical"": 0.52, ""ineligible"": 0.07, ""lead"": 0.02, ""partner"": 0.39, ""unclear"": 0}",DPH,0.55,"{""DAGING"": 0, ""DCDEE"": 0, ""DCFW"": 0, ""DEIPD"": 0, ""DHSR"": 0, ""DMHDDSUS"": 0, ""DPH"": 0.55, ""DSBDHH"": 0, ""DSOHF"": 0, ""DSS"": 0, ""MEDICAID"": 0, ""ORH"": 0, ""OSEC"": 0.07, ""none"": 0.38}",0.36,0.41,0.2538,deep_review,not confidently irrelevant,typesafe-ai/jev,a4b41185524e,True
bc779217-71de-48ea-af41-d39ac6437ab2,Conformance with the Egg Regulatory Program Standards,forecast,strong,0.39,"{""moderate"": 0.28, ""none"": 0.02, ""weak"": 0.31, ""strong"": 0.39}",none,0.58,"{""G4"": 0, ""G2"": 0, ""G3"": 0, ""G5"": 0.4, ""G1"": 0.02, ""none"": 0.58}",lead,0.72,"{""unclear"": 0, ""ineligible"": 0.18, ""atypical"": 0.08, ""partner"": 0.02, ""lead"": 0.72}",none,0.54,"{""DCFW"": 0.01, ""DSOHF"": 0, ""DCDEE"": 0.02, ""none"": 0.54, ""DAGING"": 0.01, ""DHSR"": 0.12, ""DSS"": 0, ""MEDICAID"": 0, ""OSEC"": 0, ""DMHDDSUS"": 0, ""DPH"": 0.3, ""ORH"": 0, ""DEIPD"": 0, ""DSBDHH"": 0}",0.68,0.74,0.5916,deep_review,not confidently irrelevant,typesafe-ai/jev,a4b41185524e,True
bc87b9d1-ec92-44e1-bd82-43f375fa3a73,Limited Competition: NCATS Clinical and Translational Science Award (CTSA) Program Research Education Grants Programs (R25 - Clinical Trial Not Allowed),open,weak,0.99,"{""strong"": 0, ""none"": 0, ""moderate"": 0.01, ""weak"": 0.99}",none,0.6,"{""G2"": 0, ""G1"": 0, ""G3"": 0, ""G4"": 0.39, ""none"": 0.6, ""G5"": 0.01}",ineligible,0.4,"{""unclear"": 0, ""atypical"": 0.26, ""partner"": 0.34, ""lead"": 0, ""ineligible"": 0.4}",none,0.96,"{""OSEC"": 0.01, ""DSS"": 0, ""DAGING"": 0, ""none"": 0.96, ""DCDEE"": 0, ""DMHDDSUS"": 0, ""DCFW"": 0, ""DSOHF"": 0, ""DEIPD"": 0, ""DSBDHH"": 0, ""ORH"": 0.01, ""DPH"": 0.02, ""DHSR"": 0, ""MEDICAID"": 0}",0.3367,0.34,0.2256,deprioritized,P(unrelated or weak)=0.99,typesafe-ai/jev,a4b41185524e,True
bd113473-bd20-4739-95e0-51131671558a,Administrative Supplements to Existing NIH Grants and Cooperative Agreements (Parent Admin Supp Clinical Trial Optional),open,weak,0.99,"{""weak"": 0.99, ""strong"": 0, ""moderate"": 0.01, ""none"": 0}",none,0.9,"{""G5"": 0.07, ""G4"": 0.02, ""G1"": 0.01, ""G2"": 0, ""G3"": 0, ""none"": 0.9}",atypical,0.71,"{""ineligible"": 0.06, ""unclear"": 0, ""partner"": 0.22, ""lead"": 0.01, ""atypical"": 0.71}",none,0.88,"{""OSEC"": 0.02, ""ORH"": 0.01, ""DSBDHH"": 0, ""DMHDDSUS"": 0, ""DHSR"": 0, ""DPH"": 0.08, ""DAGING"": 0, ""none"": 0.88, ""DCDEE"": 0, ""DCFW"": 0, ""MEDICAID"": 0, ""DSOHF"": 0.01, ""DEIPD"": 0, ""DSS"": 0}",0.3367,0.23,0.207,deprioritized,P(unrelated or weak)=0.99,typesafe-ai/jev,a4b41185524e,True
bd1b6f4b-400a-451b-9af9-14b572457e6f,Animal and Veterinary Innovation Centers (U18),open,weak,0.95,"{""none"": 0.04, ""strong"": 0, ""moderate"": 0.01, ""weak"": 0.95}",none,0.94,"{""G3"": 0, ""none"": 0.94, ""G4"": 0.01, ""G1"": 0.01, ""G2"": 0, ""G5"": 0.04}",ineligible,0.48,"{""unclear"": 0, ""partner"": 0.17, ""ineligible"": 0.48, ""lead"": 0, ""atypical"": 0.35}",none,0.85,"{""DMHDDSUS"": 0, ""none"": 0.85, ""OSEC"": 0, ""DSS"": 0, ""DCFW"": 0, ""DHSR"": 0, ""MEDICAID"": 0, ""ORH"": 0, ""DAGING"": 0, ""DSBDHH"": 0, ""DSOHF"": 0, ""DPH"": 0.14, ""DEIPD"": 0, ""DCDEE"": 0.01}",0.3233,0.17,0.1891,deprioritized,P(unrelated or weak)=0.99,typesafe-ai/jev,a4b41185524e,True
bd451531-c875-4143-978d-9984b76eba0b,2026 Alaska Marine Education and Training Mini-Grant Program,open,none,0.86,"{""weak"": 0.14, ""moderate"": 0, ""none"": 0.86, ""strong"": 0}",none,0.99,"{""G4"": 0.01, ""G1"": 0, ""G5"": 0, ""none"": 0.99, ""G2"": 0, ""G3"": 0}",atypical,0.94,"{""atypical"": 0.94, ""ineligible"": 0.03, ""lead"": 0.01, ""unclear"": 0, ""partner"": 0.02}",none,1.0,"{""MEDICAID"": 0, ""OSEC"": 0, ""DAGING"": 0, ""DMHDDSUS"": 0, ""none"": 1, ""DHSR"": 0, ""DSOHF"": 0, ""DSBDHH"": 0, ""DCDEE"": 0, ""DEIPD"": 0, ""DCFW"": 0, ""DSS"": 0, ""DPH"": 0, ""ORH"": 0}",0.0467,0.03,0.024,deprioritized,P(unrelated)=0.86,typesafe-ai/jev,a4b41185524e,True
bd5d4bd5-e3f3-48e7-8016-33c79aaafd57,Child Protection Compact Annual Program Statement,open,weak,0.79,"{""weak"": 0.79, ""strong"": 0.04, ""none"": 0.15, ""moderate"": 0.02}",none,0.55,"{""G2"": 0.44, ""G5"": 0, ""G4"": 0, ""none"": 0.55, ""G1"": 0.01, ""G3"": 0}",atypical,0.44,"{""lead"": 0.04, ""atypical"": 0.44, ""partner"": 0.32, ""ineligible"": 0.19, ""unclear"": 0.01}",none,0.68,"{""DCDEE"": 0, ""MEDICAID"": 0, ""DMHDDSUS"": 0, ""DSBDHH"": 0, ""DSOHF"": 0, ""DSS"": 0.3, ""OSEC"": 0.01, ""DPH"": 0, ""DEIPD"": 0, ""DCFW"": 0.01, ""DHSR"": 0, ""none"": 0.68, ""ORH"": 0, ""DAGING"": 0}",0.3167,0.36,0.2153,deep_review,not confidently irrelevant,typesafe-ai/jev,a4b41185524e,True
bdbb2609-2eae-406f-8d65-df1d5f44c3f9,RNomics Technology Enhancement Centers,forecast,weak,1.0,"{""strong"": 0, ""moderate"": 0, ""weak"": 1, ""none"": 0}",none,0.88,"{""G3"": 0, ""G2"": 0, ""G4"": 0.01, ""G5"": 0.11, ""G1"": 0, ""none"": 0.88}",atypical,0.9,"{""ineligible"": 0.01, ""atypical"": 0.9, ""partner"": 0.09, ""unclear"": 0, ""lead"": 0}",none,0.93,"{""DEIPD"": 0, ""DAGING"": 0, ""DSOHF"": 0, ""DCDEE"": 0, ""DSS"": 0, ""DPH"": 0.05, ""DSBDHH"": 0, ""DCFW"": 0, ""DMHDDSUS"": 0, ""MEDICAID"": 0, ""DHSR"": 0, ""none"": 0.93, ""OSEC"": 0.01, ""ORH"": 0}",0.3333,0.09,0.1817,deprioritized,P(unrelated or weak)=1.00,typesafe-ai/jev,a4b41185524e,True
bdd8e776-8fcc-4740-a784-2f8a95921e0a,Commercial Fishing Occupational Safety Training Project Grants (T03),open,weak,0.68,"{""moderate"": 0.16, ""weak"": 0.68, ""none"": 0.07, ""strong"": 0.09}",none,0.68,"{""G4"": 0.2, ""G1"": 0.11, ""G5"": 0.01, ""none"": 0.68, ""G2"": 0, ""G3"": 0}",atypical,0.69,"{""atypical"": 0.69, ""unclear"": 0, ""lead"": 0.01, ""ineligible"": 0.02, ""partner"": 0.28}",none,0.62,"{""MEDICAID"": 0, ""OSEC"": 0, ""DAGING"": 0, ""DHSR"": 0.05, ""DMHDDSUS"": 0, ""none"": 0.62, ""DEIPD"": 0, ""DSBDHH"": 0, ""DCDEE"": 0.01, ""DSOHF"": 0, ""DCFW"": 0, ""DSS"": 0, ""DPH"": 0.26, ""ORH"": 0.06}",0.4233,0.29,0.273,deep_review,not confidently irrelevant,typesafe-ai/jev,a4b41185524e,True
bdea7396-f052-4c3f-89a5-4677d3f2339a,HEAL Initiative: Integrative Management of Chronic Pain and Opioid Use Disorder (OUD) for Whole Recovery: Health Systems,forecast,weak,0.52,"{""weak"": 0.52, ""none"": 0, ""strong"": 0.18, ""moderate"": 0.3}",G3,0.98,"{""G2"": 0, ""G3"": 0.98, ""none"": 0.02, ""G1"": 0, ""G4"": 0, ""G5"": 0}",partner,0.57,"{""lead"": 0.01, ""atypical"": 0.41, ""ineligible"": 0, ""unclear"": 0.01, ""partner"": 0.57}",DMHDDSUS,0.81,"{""DSS"": 0, ""DPH"": 0.03, ""DEIPD"": 0, ""DMHDDSUS"": 0.81, ""DSBDHH"": 0, ""none"": 0.15, ""DCFW"": 0, ""DSOHF"": 0.01, ""DHSR"": 0, ""OSEC"": 0, ""DAGING"": 0, ""DCDEE"": 0, ""MEDICAID"": 0, ""ORH"": 0}",0.5533,0.58,0.4371,deep_review,not confidently irrelevant,typesafe-ai/jev,a4b41185524e,True
be45d1d0-0dd3-4e97-b104-00fe89bd65ce,Limited Competition for the Continuation of the National Consortium on Alcohol and Neurodevelopment in Adolescence (NCANDA) Administrative Resource (U24 Clinical Trials Optional),forecast,weak,0.98,"{""weak"": 0.98, ""strong"": 0, ""moderate"": 0.02, ""none"": 0}",G3,0.78,"{""G5"": 0, ""G3"": 0.78, ""G4"": 0, ""G1"": 0, ""none"": 0.2, ""G2"": 0.02}",atypical,0.51,"{""atypical"": 0.51, ""ineligible"": 0, ""partner"": 0.48, ""lead"": 0, ""unclear"": 0.01}",DMHDDSUS,0.67,"{""DSBDHH"": 0, ""DCDEE"": 0, ""DSS"": 0, ""DEIPD"": 0, ""DAGING"": 0, ""MEDICAID"": 0, ""DCFW"": 0, ""ORH"": 0, ""DSOHF"": 0.01, ""DPH"": 0.07, ""OSEC"": 0, ""DMHDDSUS"": 0.67, ""none"": 0.25, ""DHSR"": 0}",0.34,0.48,0.2516,deprioritized,P(unrelated or weak)=0.98,typesafe-ai/jev,a4b41185524e,True
be465a8b-8694-4eef-9801-5160a92c7cdf,Ryan White HIV/AIDS Program Part B States/Territories Supplemental Grant Program,forecast,strong,1.0,"{""moderate"": 0, ""none"": 0, ""strong"": 1, ""weak"": 0}",G1,1.0,"{""G2"": 0, ""none"": 0, ""G4"": 0, ""G5"": 0, ""G1"": 1, ""G3"": 0}",lead,0.99,"{""partner"": 0, ""ineligible"": 0, ""lead"": 0.99, ""unclear"": 0.01, ""atypical"": 0}",DPH,0.89,"{""DHSR"": 0, ""none"": 0.01, ""DSBDHH"": 0, ""MEDICAID"": 0, ""DPH"": 0.89, ""DSOHF"": 0, ""DAGING"": 0, ""DSS"": 0, ""DCDEE"": 0, ""ORH"": 0, ""DEIPD"": 0, ""DMHDDSUS"": 0.1, ""DCFW"": 0, ""OSEC"": 0}",1.0,0.99,0.995,deep_review,not confidently irrelevant,typesafe-ai/jev,a4b41185524e,True
be7ad44e-fbed-483b-85a7-7a1ab154910e,NIEHS Worker Training Program’s HAZMAT Training at DOE Nuclear Weapons Complex (UH4 Clinical Trial Not Allowed),forecast,weak,0.79,"{""none"": 0.12, ""strong"": 0.04, ""moderate"": 0.05, ""weak"": 0.79}",none,0.78,"{""G3"": 0, ""none"": 0.78, ""G2"": 0, ""G1"": 0.05, ""G4"": 0.16, ""G5"": 0.01}",ineligible,0.78,"{""unclear"": 0.01, ""atypical"": 0.1, ""lead"": 0, ""ineligible"": 0.78, ""partner"": 0.11}",none,0.81,"{""DMHDDSUS"": 0, ""none"": 0.81, ""OSEC"": 0, ""DSS"": 0, ""DCDEE"": 0.01, ""DHSR"": 0, ""DSOHF"": 0, ""ORH"": 0, ""DSBDHH"": 0, ""MEDICAID"": 0, ""DAGING"": 0, ""DEIPD"": 0, ""DCFW"": 0, ""DPH"": 0.18}",0.3367,0.11,0.1869,deep_review,not confidently irrelevant,typesafe-ai/jev,a4b41185524e,True
beca1b75-ff01-4a57-be4c-562584cbec91,RFI - DOE Infrastructure Work Scope Development,open,none,0.99,"{""none"": 0.99, ""weak"": 0.01, ""moderate"": 0, ""strong"": 0}",none,0.99,"{""G1"": 0, ""none"": 0.99, ""G5"": 0.01, ""G3"": 0, ""G2"": 0, ""G4"": 0}",atypical,0.99,"{""ineligible"": 0, ""partner"": 0, ""lead"": 0, ""atypical"": 0.99, ""unclear"": 0.01}",none,1.0,"{""OSEC"": 0, ""DPH"": 0, ""DSS"": 0, ""ORH"": 0, ""DSBDHH"": 0, ""DCFW"": 0, ""DEIPD"": 0, ""none"": 1, ""DMHDDSUS"": 0, ""MEDICAID"": 0, ""DAGING"": 0, ""DCDEE"": 0, ""DSOHF"": 0, ""DHSR"": 0}",0.0033,0.0,0.0017,deprioritized,P(unrelated)=0.99,typesafe-ai/jev,a4b41185524e,True
becd2751-e070-42cc-b3a4-58bf7e681842,Interdisciplinary Research Networks to Advance Biomedical Research on Resilience and Health Optimization,forecast,weak,0.99,"{""none"": 0, ""strong"": 0, ""moderate"": 0.01, ""weak"": 0.99}",G3,0.8,"{""G3"": 0.8, ""none"": 0.19, ""G2"": 0, ""G1"": 0, ""G4"": 0.01, ""G5"": 0}",atypical,0.65,"{""unclear"": 0, ""partner"": 0.33, ""lead"": 0.01, ""ineligible"": 0.01, ""atypical"": 0.65}",none,0.65,"{""DMHDDSUS"": 0.03, ""none"": 0.65, ""OSEC"": 0.02, ""DSS"": 0, ""DSBDHH"": 0, ""DEIPD"": 0, ""DSOHF"": 0, ""ORH"": 0.01, ""DAGING"": 0, ""MEDICAID"": 0, ""DPH"": 0.27, ""DCDEE"": 0.01, ""DCFW"": 0, ""DHSR"": 0.01}",0.3367,0.34,0.2256,deprioritized,P(unrelated or weak)=0.99,typesafe-ai/jev,a4b41185524e,True
bf898dfb-a35c-4bd9-8f8e-3da26d712b74,Minor Use Minor Species Development of Drugs (R01),forecast,weak,0.77,"{""weak"": 0.77, ""moderate"": 0, ""none"": 0.23, ""strong"": 0}",none,1.0,"{""G1"": 0, ""G3"": 0, ""G2"": 0, ""none"": 1, ""G5"": 0, ""G4"": 0}",atypical,0.6,"{""partner"": 0.05, ""lead"": 0, ""ineligible"": 0.35, ""unclear"": 0, ""atypical"": 0.6}",none,1.0,"{""DSOHF"": 0, ""DCFW"": 0, ""DSBDHH"": 0, ""DSS"": 0, ""DEIPD"": 0, ""ORH"": 0, ""DAGING"": 0, ""DHSR"": 0, ""MEDICAID"": 0, ""DMHDDSUS"": 0, ""DPH"": 0, ""OSEC"": 0, ""DCDEE"": 0, ""none"": 1}",0.2567,0.05,0.1348,deprioritized,P(unrelated or weak)=1.00,typesafe-ai/jev,a4b41185524e,True
bf8f6a45-ca5b-4bed-93b2-93efa39040a1,"DoW Spinal Cord Injury, Clinical Trial Award",open,weak,0.88,"{""moderate"": 0, ""none"": 0.12, ""strong"": 0, ""weak"": 0.88}",G1,0.53,"{""G2"": 0, ""G3"": 0, ""none"": 0.47, ""G5"": 0, ""G4"": 0, ""G1"": 0.53}",atypical,0.74,"{""atypical"": 0.74, ""lead"": 0, ""partner"": 0.15, ""ineligible"": 0, ""unclear"": 0.11}",none,0.8,"{""DSBDHH"": 0, ""MEDICAID"": 0, ""DEIPD"": 0.07, ""OSEC"": 0, ""DSOHF"": 0.02, ""DHSR"": 0.01, ""ORH"": 0, ""DSS"": 0, ""DPH"": 0.07, ""none"": 0.8, ""DMHDDSUS"": 0.02, ""DCDEE"": 0, ""DCFW"": 0, ""DAGING"": 0}",0.2933,0.15,0.1687,deprioritized,P(unrelated or weak)=1.00,typesafe-ai/jev,a4b41185524e,True
bfdf98bd-f2ab-4070-bce9-fd7dedb57e31,A Holistic Approach to Study Non-Addictive Natural Products for Pain Management,forecast,weak,1.0,"{""weak"": 1, ""none"": 0, ""moderate"": 0, ""strong"": 0}",none,0.6,"{""G2"": 0, ""G4"": 0.01, ""G3"": 0.13, ""G1"": 0.24, ""G5"": 0.02, ""none"": 0.6}",atypical,0.8,"{""unclear"": 0, ""atypical"": 0.8, ""ineligible"": 0.07, ""lead"": 0.01, ""partner"": 0.12}",none,0.72,"{""OSEC"": 0, ""ORH"": 0, ""none"": 0.72, ""DCFW"": 0, ""DCDEE"": 0, ""DSS"": 0, ""DSOHF"": 0.01, ""DEIPD"": 0, ""DMHDDSUS"": 0.09, ""DHSR"": 0.01, ""DPH"": 0.17, ""DSBDHH"": 0, ""MEDICAID"": 0, ""DAGING"": 0}",0.3333,0.13,0.1883,deprioritized,P(unrelated or weak)=1.00,typesafe-ai/jev,a4b41185524e,True
bfe162c2-81f7-4d58-9fed-3f803e44e632,"NEA Arts and Artifacts Domestic Indemnity Program 2, FY2027 (12/26)",open,none,1.0,"{""moderate"": 0, ""strong"": 0, ""weak"": 0, ""none"": 1}",none,0.99,"{""G3"": 0, ""G4"": 0, ""G5"": 0.01, ""G1"": 0, ""G2"": 0, ""none"": 0.99}",atypical,0.93,"{""atypical"": 0.93, ""partner"": 0.02, ""lead"": 0.01, ""unclear"": 0.02, ""ineligible"": 0.01}",none,0.99,"{""DSOHF"": 0, ""MEDICAID"": 0, ""DEIPD"": 0, ""DSS"": 0, ""OSEC"": 0.01, ""DCFW"": 0, ""ORH"": 0, ""DPH"": 0, ""DAGING"": 0, ""DCDEE"": 0, ""DHSR"": 0, ""DSBDHH"": 0, ""DMHDDSUS"": 0, ""none"": 0.99}",0.0,0.03,0.0,deprioritized,P(unrelated)=1.00,typesafe-ai/jev,a4b41185524e,True
bff7d656-b162-4dd9-9f3c-33087d58a7c1,Mathematical Biology,open,weak,0.92,"{""weak"": 0.92, ""moderate"": 0, ""none"": 0.08, ""strong"": 0}",none,0.99,"{""none"": 0.99, ""G3"": 0, ""G2"": 0, ""G4"": 0, ""G5"": 0.01, ""G1"": 0}",atypical,0.96,"{""ineligible"": 0, ""lead"": 0, ""atypical"": 0.96, ""partner"": 0.02, ""unclear"": 0.02}",none,0.99,"{""DEIPD"": 0, ""DSOHF"": 0, ""OSEC"": 0, ""DAGING"": 0, ""MEDICAID"": 0, ""DSBDHH"": 0, ""ORH"": 0, ""DCDEE"": 0, ""none"": 0.99, ""DSS"": 0, ""DMHDDSUS"": 0, ""DCFW"": 0, ""DPH"": 0.01, ""DHSR"": 0}",0.3067,0.02,0.1564,deprioritized,P(unrelated or weak)=1.00,typesafe-ai/jev,a4b41185524e,True
bfff80db-fe94-4069-b095-ea79fe5fe2c8,Mentored Quantitative Research Development Award (Parent K25 Independent Clinical Trial Not Allowed),open,weak,1.0,"{""strong"": 0, ""moderate"": 0, ""none"": 0, ""weak"": 1}",none,0.77,"{""none"": 0.77, ""G3"": 0, ""G5"": 0.08, ""G2"": 0, ""G1"": 0, ""G4"": 0.15}",atypical,0.89,"{""ineligible"": 0.01, ""unclear"": 0, ""lead"": 0, ""atypical"": 0.89, ""partner"": 0.1}",none,0.84,"{""ORH"": 0, ""OSEC"": 0.05, ""DSS"": 0, ""DEIPD"": 0, ""DSBDHH"": 0, ""DAGING"": 0, ""DHSR"": 0, ""DCFW"": 0, ""none"": 0.84, ""MEDICAID"": 0, ""DSOHF"": 0, ""DCDEE"": 0, ""DPH"": 0.1, ""DMHDDSUS"": 0.01}",0.3333,0.1,0.1833,deprioritized,P(unrelated or weak)=1.00,typesafe-ai/jev,a4b41185524e,True
c01ad57e-de58-4431-a31c-5762fb49578a,Career Transition Award for NINDS Intramural Clinician-Scientists (K22 Clinical Trial Not Allowed),open,weak,0.99,"{""weak"": 0.99, ""none"": 0.01, ""moderate"": 0, ""strong"": 0}",none,0.95,"{""none"": 0.95, ""G5"": 0, ""G4"": 0.05, ""G1"": 0, ""G3"": 0, ""G2"": 0}",atypical,0.97,"{""partner"": 0, ""unclear"": 0, ""ineligible"": 0.03, ""lead"": 0, ""atypical"": 0.97}",none,0.99,"{""none"": 0.99, ""DMHDDSUS"": 0, ""DHSR"": 0, ""DSS"": 0, ""DCDEE"": 0, ""DEIPD"": 0, ""DCFW"": 0, ""DSOHF"": 0, ""ORH"": 0, ""DPH"": 0.01, ""DAGING"": 0, ""OSEC"": 0, ""DSBDHH"": 0, ""MEDICAID"": 0}",0.33,0.0,0.165,deprioritized,P(unrelated or weak)=1.00,typesafe-ai/jev,a4b41185524e,True
c0eb03bb-3e20-459f-850e-a8cf1e1271c1,NIH Exploratory/Developmental Research Project Grant (Parent R21 Clinical Trial Required),open,weak,1.0,"{""moderate"": 0, ""none"": 0, ""weak"": 1, ""strong"": 0}",none,0.84,"{""G4"": 0.01, ""none"": 0.84, ""G3"": 0.05, ""G5"": 0.05, ""G2"": 0, ""G1"": 0.05}",atypical,0.72,"{""unclear"": 0, ""ineligible"": 0, ""atypical"": 0.72, ""partner"": 0.26, ""lead"": 0.02}",none,0.7,"{""DCFW"": 0, ""DPH"": 0.19, ""DCDEE"": 0.01, ""none"": 0.7, ""DAGING"": 0, ""DHSR"": 0.01, ""DSS"": 0, ""MEDICAID"": 0, ""OSEC"": 0, ""DMHDDSUS"": 0.06, ""DSOHF"": 0.02, ""ORH"": 0.01, ""DEIPD"": 0, ""DSBDHH"": 0}",0.3333,0.28,0.2133,deprioritized,P(unrelated or weak)=1.00,typesafe-ai/jev,a4b41185524e,True
c161721b-cd02-466c-b932-7fa8fff7f848,Facilities for Atmospheric Research and Education,open,none,0.98,"{""strong"": 0, ""moderate"": 0, ""weak"": 0.02, ""none"": 0.98}",none,1.0,"{""G5"": 0, ""G3"": 0, ""G4"": 0, ""G1"": 0, ""G2"": 0, ""none"": 1}",atypical,0.95,"{""lead"": 0, ""partner"": 0, ""atypical"": 0.95, ""ineligible"": 0.01, ""unclear"": 0.04}",none,0.99,"{""MEDICAID"": 0, ""OSEC"": 0, ""ORH"": 0, ""DAGING"": 0, ""DMHDDSUS"": 0, ""DCFW"": 0, ""none"": 0.99, ""DPH"": 0.01, ""DHSR"": 0, ""DSOHF"": 0, ""DSBDHH"": 0, ""DEIPD"": 0, ""DSS"": 0, ""DCDEE"": 0}",0.0067,0.0,0.0033,deprioritized,P(unrelated)=0.98,typesafe-ai/jev,a4b41185524e,True
c1eed04a-ba67-4522-8093-b8ed07d3148a,ROSES25: A.13 Accelerating Earth Solutions,open,none,0.88,"{""weak"": 0.11, ""moderate"": 0.01, ""none"": 0.88, ""strong"": 0}",none,0.96,"{""G3"": 0, ""none"": 0.96, ""G2"": 0, ""G4"": 0, ""G1"": 0.01, ""G5"": 0.03}",atypical,0.85,"{""unclear"": 0.02, ""atypical"": 0.85, ""lead"": 0, ""ineligible"": 0.09, ""partner"": 0.04}",none,0.92,"{""DEIPD"": 0, ""DCFW"": 0, ""MEDICAID"": 0, ""DSBDHH"": 0, ""DMHDDSUS"": 0, ""DPH"": 0.07, ""DSOHF"": 0, ""DCDEE"": 0.01, ""DAGING"": 0, ""none"": 0.92, ""DSS"": 0, ""DHSR"": 0, ""ORH"": 0, ""OSEC"": 0}",0.0433,0.04,0.0225,deprioritized,P(unrelated)=0.88,typesafe-ai/jev,a4b41185524e,True
c212a6ad-22b6-4397-a3fc-3c465f85a4f0,Mentored Quantitative Research Development Award (Parent K25 Independent Clinical Trial Required),open,weak,1.0,"{""strong"": 0, ""moderate"": 0, ""none"": 0, ""weak"": 1}",none,0.81,"{""G4"": 0.13, ""G5"": 0.06, ""G2"": 0, ""G3"": 0, ""G1"": 0, ""none"": 0.81}",atypical,0.94,"{""lead"": 0, ""partner"": 0.06, ""unclear"": 0, ""atypical"": 0.94, ""ineligible"": 0}",none,0.81,"{""DCFW"": 0, ""ORH"": 0.01, ""DAGING"": 0, ""OSEC"": 0.04, ""DEIPD"": 0, ""DCDEE"": 0, ""DPH"": 0.09, ""DSOHF"": 0.01, ""DMHDDSUS"": 0.03, ""MEDICAID"": 0, ""DSBDHH"": 0, ""none"": 0.81, ""DSS"": 0, ""DHSR"": 0}",0.3333,0.06,0.1767,deprioritized,P(unrelated or weak)=1.00,typesafe-ai/jev,a4b41185524e,True
c223b7bc-1da4-4533-a09f-d35659e6d29b,"Computational Modeling and Analysis of the Impact of Genomic Variation on Function (UM1, Clinical Trial Not Allowed)",forecast,weak,1.0,"{""none"": 0, ""strong"": 0, ""moderate"": 0, ""weak"": 1}",none,0.86,"{""G3"": 0, ""none"": 0.86, ""G4"": 0.01, ""G1"": 0.02, ""G2"": 0, ""G5"": 0.11}",atypical,0.73,"{""unclear"": 0, ""atypical"": 0.73, ""lead"": 0, ""ineligible"": 0, ""partner"": 0.27}",none,0.83,"{""DMHDDSUS"": 0, ""none"": 0.83, ""DSS"": 0, ""OSEC"": 0.01, ""DSBDHH"": 0, ""DHSR"": 0, ""DSOHF"": 0, ""DAGING"": 0, ""DPH"": 0.15, ""ORH"": 0, ""DCDEE"": 0.01, ""MEDICAID"": 0, ""DCFW"": 0, ""DEIPD"": 0}",0.3333,0.27,0.2117,deprioritized,P(unrelated or weak)=1.00,typesafe-ai/jev,a4b41185524e,True
c2500e29-7d3e-4f5a-a2fd-161fffca1b00,Division of Chemistry: Disciplinary Research Programs: No Deadline Pilot,open,none,0.63,"{""strong"": 0, ""none"": 0.63, ""weak"": 0.37, ""moderate"": 0}",none,0.99,"{""G1"": 0, ""G3"": 0, ""G5"": 0.01, ""G2"": 0, ""none"": 0.99, ""G4"": 0}",ineligible,0.86,"{""unclear"": 0, ""lead"": 0, ""partner"": 0.01, ""atypical"": 0.13, ""ineligible"": 0.86}",none,1.0,"{""OSEC"": 0, ""DSBDHH"": 0, ""DPH"": 0, ""DCFW"": 0, ""DMHDDSUS"": 0, ""DEIPD"": 0, ""MEDICAID"": 0, ""DSS"": 0, ""DCDEE"": 0, ""DSOHF"": 0, ""ORH"": 0, ""none"": 1, ""DAGING"": 0, ""DHSR"": 0}",0.1233,0.01,0.0623,deprioritized,P(unrelated or weak)=1.00,typesafe-ai/jev,a4b41185524e,True
c25cb85c-95f8-414f-8754-79bec3d6d71e,NIGMS National and Regional Resources (R24 - Clinical Trial Not Allowed),open,weak,1.0,"{""weak"": 1, ""strong"": 0, ""none"": 0, ""moderate"": 0}",none,0.79,"{""none"": 0.79, ""G2"": 0, ""G4"": 0.01, ""G5"": 0.2, ""G1"": 0, ""G3"": 0}",atypical,0.8,"{""atypical"": 0.8, ""ineligible"": 0, ""unclear"": 0, ""partner"": 0.2, ""lead"": 0}",none,0.91,"{""DSBDHH"": 0, ""DSS"": 0, ""DHSR"": 0, ""DCDEE"": 0, ""DMHDDSUS"": 0, ""MEDICAID"": 0, ""DCFW"": 0, ""DSOHF"": 0.01, ""DEIPD"": 0, ""ORH"": 0, ""DPH"": 0.07, ""none"": 0.91, ""DAGING"": 0, ""OSEC"": 0.01}",0.3333,0.2,0.2,deprioritized,P(unrelated or weak)=1.00,typesafe-ai/jev,a4b41185524e,True
c28e0695-f517-40da-8653-0cb40f65bc59,HIV/AIDS Clinical Trials Network Leadership and Operations Centers,forecast,weak,0.88,"{""weak"": 0.88, ""none"": 0, ""moderate"": 0.07, ""strong"": 0.05}",G1,0.76,"{""none"": 0.23, ""G5"": 0, ""G4"": 0.01, ""G1"": 0.76, ""G3"": 0, ""G2"": 0}",partner,0.56,"{""partner"": 0.56, ""unclear"": 0, ""ineligible"": 0.03, ""lead"": 0.04, ""atypical"": 0.37}",DPH,0.64,"{""none"": 0.33, ""DSOHF"": 0, ""DHSR"": 0, ""DSS"": 0, ""DCDEE"": 0.01, ""DEIPD"": 0, ""ORH"": 0, ""DMHDDSUS"": 0.02, ""DCFW"": 0, ""DPH"": 0.64, ""OSEC"": 0, ""DSBDHH"": 0, ""DAGING"": 0, ""MEDICAID"": 0}",0.39,0.6,0.312,deep_review,not confidently irrelevant,typesafe-ai/jev,a4b41185524e,True
c2e16709-0524-47c9-a39f-461613ada2bf,DoW Autism Career Development Award,open,weak,0.91,"{""moderate"": 0.01, ""none"": 0.08, ""strong"": 0, ""weak"": 0.91}",none,0.37,"{""G1"": 0.15, ""G2"": 0.36, ""G3"": 0.09, ""G4"": 0.02, ""G5"": 0.01, ""none"": 0.37}",atypical,0.76,"{""atypical"": 0.76, ""ineligible"": 0, ""lead"": 0, ""partner"": 0.15, ""unclear"": 0.09}",none,0.65,"{""DAGING"": 0, ""DCDEE"": 0, ""DCFW"": 0.01, ""DEIPD"": 0, ""DHSR"": 0, ""DMHDDSUS"": 0.32, ""DPH"": 0.02, ""DSBDHH"": 0, ""DSOHF"": 0, ""DSS"": 0, ""MEDICAID"": 0, ""ORH"": 0, ""OSEC"": 0, ""none"": 0.65}",0.31,0.15,0.1782,deprioritized,P(unrelated or weak)=0.99,typesafe-ai/jev,a4b41185524e,True
c30fddfd-2094-4cf0-ba21-04b6736fc755,Fiscal Year (FY) Service Area Competition (SAC),forecast,strong,0.84,"{""none"": 0, ""weak"": 0.04, ""moderate"": 0.12, ""strong"": 0.84}",G1,0.95,"{""G5"": 0, ""G2"": 0, ""none"": 0.05, ""G3"": 0, ""G4"": 0, ""G1"": 0.95}",partner,0.5,"{""atypical"": 0.45, ""partner"": 0.5, ""lead"": 0.02, ""ineligible"": 0, ""unclear"": 0.03}",ORH,0.86,"{""none"": 0.12, ""DAGING"": 0, ""MEDICAID"": 0, ""DSS"": 0, ""DSBDHH"": 0, ""OSEC"": 0, ""DEIPD"": 0, ""DMHDDSUS"": 0, ""DPH"": 0.02, ""ORH"": 0.86, ""DHSR"": 0, ""DCFW"": 0, ""DCDEE"": 0, ""DSOHF"": 0}",0.9333,0.52,0.7093,deep_review,not confidently irrelevant,typesafe-ai/jev,a4b41185524e,True
c32471d8-ae64-4d6a-917c-430417bdd3c1,Research Enhancement Award Program (REAP) for Health Professional Schools and Graduate Schools (R15 Clinical Trial Not Allowed),open,weak,1.0,"{""none"": 0, ""moderate"": 0, ""weak"": 1, ""strong"": 0}",none,0.87,"{""none"": 0.87, ""G4"": 0.12, ""G1"": 0, ""G5"": 0.01, ""G3"": 0, ""G2"": 0}",ineligible,0.63,"{""atypical"": 0.28, ""lead"": 0, ""ineligible"": 0.63, ""unclear"": 0, ""partner"": 0.09}",none,0.98,"{""DSS"": 0, ""DCFW"": 0, ""DCDEE"": 0, ""DEIPD"": 0, ""DSOHF"": 0, ""OSEC"": 0, ""DPH"": 0.01, ""DAGING"": 0, ""MEDICAID"": 0, ""none"": 0.98, ""DSBDHH"": 0, ""DMHDDSUS"": 0, ""DHSR"": 0, ""ORH"": 0.01}",0.3333,0.09,0.1817,deprioritized,P(unrelated or weak)=1.00,typesafe-ai/jev,a4b41185524e,True
c33b8d86-6f73-43bf-adcc-da3cecc0dc70,Research on System Support and Tools for Provider Training and Quality Monitoring for Suicide Preventive Care,forecast,weak,0.64,"{""strong"": 0.12, ""none"": 0, ""moderate"": 0.24, ""weak"": 0.64}",G3,0.98,"{""none"": 0.02, ""G3"": 0.98, ""G5"": 0, ""G2"": 0, ""G1"": 0, ""G4"": 0}",atypical,0.49,"{""ineligible"": 0, ""unclear"": 0.01, ""lead"": 0.01, ""atypical"": 0.49, ""partner"": 0.49}",DMHDDSUS,0.86,"{""OSEC"": 0, ""ORH"": 0, ""DSS"": 0, ""DEIPD"": 0, ""DSBDHH"": 0, ""DAGING"": 0, ""DMHDDSUS"": 0.86, ""DCFW"": 0, ""none"": 0.12, ""MEDICAID"": 0, ""DPH"": 0.02, ""DCDEE"": 0, ""DSOHF"": 0, ""DHSR"": 0}",0.4933,0.5,0.37,deep_review,not confidently irrelevant,typesafe-ai/jev,a4b41185524e,True
c33f1e5e-0354-4976-adca-9aa7240778d3,"HEAL Initiative: Translating Addiction Epidemiology, Prevention, Treatment, and Recovery Research into Practice (R61/R33 - Clinical Trial Optional)",open,moderate,0.44,"{""weak"": 0.28, ""moderate"": 0.44, ""none"": 0, ""strong"": 0.28}",G3,0.99,"{""G1"": 0, ""G2"": 0, ""none"": 0.01, ""G4"": 0, ""G5"": 0, ""G3"": 0.99}",partner,0.51,"{""unclear"": 0, ""lead"": 0.02, ""partner"": 0.51, ""atypical"": 0.47, ""ineligible"": 0}",DMHDDSUS,0.83,"{""DMHDDSUS"": 0.83, ""ORH"": 0, ""DSOHF"": 0, ""DSBDHH"": 0, ""DHSR"": 0, ""DCDEE"": 0, ""DAGING"": 0, ""DCFW"": 0, ""DEIPD"": 0, ""DPH"": 0.09, ""OSEC"": 0, ""MEDICAID"": 0, ""none"": 0.08, ""DSS"": 0}",0.6667,0.53,0.51,deep_review,not confidently irrelevant,typesafe-ai/jev,a4b41185524e,True
c3b72a13-83cd-4e74-83d4-a8f130d8cc1b,Artificial Intelligence and Cybersecurity Education Innovation and Scholarship for Service (CyberAI SFS),open,none,0.62,"{""none"": 0.62, ""weak"": 0.32, ""moderate"": 0.04, ""strong"": 0.02}",none,0.68,"{""G4"": 0.11, ""G5"": 0.21, ""none"": 0.68, ""G1"": 0, ""G3"": 0, ""G2"": 0}",ineligible,0.74,"{""partner"": 0.2, ""unclear"": 0, ""ineligible"": 0.74, ""lead"": 0, ""atypical"": 0.06}",none,0.93,"{""DMHDDSUS"": 0, ""none"": 0.93, ""DHSR"": 0, ""DSS"": 0, ""DCDEE"": 0, ""DEIPD"": 0.01, ""DCFW"": 0, ""DSOHF"": 0, ""ORH"": 0, ""DPH"": 0, ""DSBDHH"": 0, ""OSEC"": 0.05, ""DAGING"": 0, ""MEDICAID"": 0}",0.1533,0.2,0.092,deep_review,not confidently irrelevant,typesafe-ai/jev,a4b41185524e,True
c3e55272-5efb-4f85-995f-780ab5cf9774,Bioengineering Partnerships with Industry (U01 Clinical Trial Optional),open,weak,1.0,"{""weak"": 1, ""moderate"": 0, ""strong"": 0, ""none"": 0}",none,0.76,"{""G5"": 0.21, ""none"": 0.76, ""G4"": 0.01, ""G3"": 0, ""G2"": 0, ""G1"": 0.02}",atypical,0.79,"{""lead"": 0, ""partner"": 0.21, ""unclear"": 0, ""ineligible"": 0, ""atypical"": 0.79}",none,0.92,"{""ORH"": 0, ""DPH"": 0.06, ""DSBDHH"": 0, ""DCDEE"": 0, ""OSEC"": 0, ""DCFW"": 0, ""DSS"": 0, ""DAGING"": 0, ""DHSR"": 0.01, ""MEDICAID"": 0, ""DSOHF"": 0.01, ""DMHDDSUS"": 0, ""DEIPD"": 0, ""none"": 0.92}",0.3333,0.21,0.2017,deprioritized,P(unrelated or weak)=1.00,typesafe-ai/jev,a4b41185524e,True
c45f5203-5263-4624-a12f-6fe8d40b4c6b,"HEAL Initiative: Program to Reveal and Evaluate Cells-to-gene Information that Specify Intricacies, Origins and the Nature of (PRECISION) Human Pain Network",forecast,weak,1.0,"{""strong"": 0, ""none"": 0, ""moderate"": 0, ""weak"": 1}",none,0.82,"{""none"": 0.82, ""G3"": 0.07, ""G5"": 0.03, ""G2"": 0, ""G1"": 0.06, ""G4"": 0.02}",atypical,0.78,"{""ineligible"": 0.01, ""unclear"": 0, ""lead"": 0, ""partner"": 0.21, ""atypical"": 0.78}",none,0.82,"{""DMHDDSUS"": 0.04, ""OSEC"": 0, ""DSS"": 0, ""DEIPD"": 0, ""DSBDHH"": 0, ""DAGING"": 0, ""DPH"": 0.12, ""DCFW"": 0, ""none"": 0.82, ""MEDICAID"": 0, ""DSOHF"": 0.01, ""DCDEE"": 0, ""ORH"": 0, ""DHSR"": 0}",0.3333,0.21,0.2017,deprioritized,P(unrelated or weak)=1.00,typesafe-ai/jev,a4b41185524e,True
c467080e-51a0-4a76-b416-035664fa95df,Collaborative Program Grant for Multidisciplinary Teams,forecast,weak,1.0,"{""moderate"": 0, ""strong"": 0, ""weak"": 1, ""none"": 0}",none,0.92,"{""G3"": 0, ""G4"": 0.03, ""G5"": 0.04, ""G1"": 0.01, ""G2"": 0, ""none"": 0.92}",atypical,0.65,"{""atypical"": 0.65, ""partner"": 0.32, ""ineligible"": 0.02, ""unclear"": 0, ""lead"": 0.01}",none,0.81,"{""DSOHF"": 0.01, ""MEDICAID"": 0, ""DEIPD"": 0, ""DPH"": 0.15, ""OSEC"": 0.01, ""DCFW"": 0, ""ORH"": 0.01, ""DSS"": 0, ""DAGING"": 0, ""DCDEE"": 0, ""DHSR"": 0, ""DSBDHH"": 0, ""DMHDDSUS"": 0.01, ""none"": 0.81}",0.3333,0.33,0.2217,deprioritized,P(unrelated or weak)=1.00,typesafe-ai/jev,a4b41185524e,True
c48ba1b9-988b-42cd-8ea0-c98cad680ea7,Annual Program Statement (APS) for Fiscal Year 2025,forecast,none,1.0,"{""strong"": 0, ""none"": 1, ""moderate"": 0, ""weak"": 0}",none,1.0,"{""G1"": 0, ""G3"": 0, ""G5"": 0, ""none"": 1, ""G2"": 0, ""G4"": 0}",atypical,0.56,"{""unclear"": 0.01, ""lead"": 0.01, ""partner"": 0.03, ""atypical"": 0.56, ""ineligible"": 0.39}",none,0.99,"{""DCFW"": 0, ""OSEC"": 0.01, ""DSS"": 0, ""DSBDHH"": 0, ""DEIPD"": 0, ""DMHDDSUS"": 0, ""MEDICAID"": 0, ""DPH"": 0, ""ORH"": 0, ""DSOHF"": 0, ""DCDEE"": 0, ""none"": 0.99, ""DAGING"": 0, ""DHSR"": 0}",0.0,0.04,0.0,deprioritized,P(unrelated)=1.00,typesafe-ai/jev,a4b41185524e,True
c4c05cde-899f-44e8-897b-78e2ed71ce82,DoW Toxic Exposures Clinical Trial Award,open,none,0.58,"{""none"": 0.58, ""moderate"": 0, ""weak"": 0.42, ""strong"": 0}",none,0.91,"{""none"": 0.91, ""G3"": 0, ""G2"": 0, ""G1"": 0.07, ""G5"": 0.01, ""G4"": 0.01}",atypical,0.85,"{""ineligible"": 0, ""lead"": 0, ""atypical"": 0.85, ""partner"": 0.07, ""unclear"": 0.08}",none,0.9,"{""DEIPD"": 0, ""DCFW"": 0, ""DSBDHH"": 0, ""DAGING"": 0, ""MEDICAID"": 0, ""OSEC"": 0, ""ORH"": 0, ""DCDEE"": 0, ""none"": 0.9, ""DSS"": 0, ""DMHDDSUS"": 0, ""DHSR"": 0, ""DSOHF"": 0.02, ""DPH"": 0.08}",0.14,0.07,0.0749,deprioritized,P(unrelated or weak)=1.00,typesafe-ai/jev,a4b41185524e,True
c4c4d1db-a57c-47fc-aac0-4d78290582fc,Interventions to Reduce Sleep Health Disparities (R01 - Clinical Trials Optional),open,weak,0.76,"{""moderate"": 0.15, ""none"": 0, ""strong"": 0.09, ""weak"": 0.76}",G1,0.98,"{""G1"": 0.98, ""G2"": 0, ""G3"": 0, ""G4"": 0, ""G5"": 0, ""none"": 0.02}",atypical,0.53,"{""atypical"": 0.53, ""ineligible"": 0, ""lead"": 0.02, ""partner"": 0.45, ""unclear"": 0}",DPH,0.77,"{""DAGING"": 0, ""DCDEE"": 0, ""DCFW"": 0, ""DEIPD"": 0, ""DHSR"": 0, ""DMHDDSUS"": 0.07, ""DPH"": 0.77, ""DSBDHH"": 0, ""DSOHF"": 0, ""DSS"": 0, ""MEDICAID"": 0, ""ORH"": 0, ""OSEC"": 0, ""none"": 0.16}",0.4433,0.47,0.3258,deep_review,not confidently irrelevant,typesafe-ai/jev,a4b41185524e,True
c4dcba1f-96ec-4594-9b3a-e5b844ba7236,"Catalyze: Product Definition for Small Molecules, Biologics, and Combination Products - Preliminary Product/Lead Series Identification and Combination Product Prototype (R33 - Clinical Trial Not Allowed)",open,weak,1.0,"{""strong"": 0, ""none"": 0, ""weak"": 1, ""moderate"": 0}",none,0.89,"{""G3"": 0, ""G1"": 0.04, ""G5"": 0.06, ""G2"": 0, ""none"": 0.89, ""G4"": 0.01}",atypical,0.94,"{""unclear"": 0, ""lead"": 0, ""partner"": 0.06, ""atypical"": 0.94, ""ineligible"": 0}",none,0.94,"{""DSBDHH"": 0, ""OSEC"": 0, ""none"": 0.94, ""ORH"": 0, ""DEIPD"": 0, ""DMHDDSUS"": 0, ""MEDICAID"": 0, ""DSS"": 0, ""DCDEE"": 0, ""DSOHF"": 0, ""DPH"": 0.05, ""DCFW"": 0, ""DAGING"": 0, ""DHSR"": 0}",0.3333,0.06,0.1767,deprioritized,P(unrelated or weak)=1.00,typesafe-ai/jev,a4b41185524e,True
c4e39e95-ac54-466c-8d9a-774c50c6247c,Community-Based Participatory Research to Advance Data and Practice Transformation (ADAPT) for Optimizing Oral Health for All (UG3/UH3 Clinical Trial Optional),open,moderate,0.45,"{""weak"": 0.16, ""moderate"": 0.45, ""none"": 0, ""strong"": 0.39}",G1,0.92,"{""G5"": 0.01, ""G2"": 0, ""G1"": 0.92, ""G4"": 0, ""none"": 0.07, ""G3"": 0}",partner,0.85,"{""unclear"": 0, ""lead"": 0.01, ""partner"": 0.85, ""atypical"": 0.14, ""ineligible"": 0}",DPH,0.74,"{""OSEC"": 0, ""ORH"": 0.05, ""DSOHF"": 0.01, ""DSBDHH"": 0, ""DHSR"": 0, ""DCDEE"": 0.01, ""DAGING"": 0, ""DCFW"": 0, ""DEIPD"": 0, ""DPH"": 0.74, ""MEDICAID"": 0, ""DMHDDSUS"": 0.01, ""none"": 0.18, ""DSS"": 0}",0.7433,0.86,0.6913,deep_review,not confidently irrelevant,typesafe-ai/jev,a4b41185524e,True
c4e59dd9-c37c-467e-ad94-b704cb0211f4,Mind and Body Interventions to Restore Whole Person Health via Emotional Well-Being Mechanisms (R61/R33 Clinical Trial Required),open,weak,0.99,"{""strong"": 0, ""weak"": 0.99, ""moderate"": 0.01, ""none"": 0}",G3,0.74,"{""none"": 0.25, ""G5"": 0.01, ""G4"": 0, ""G1"": 0, ""G2"": 0, ""G3"": 0.74}",atypical,0.82,"{""atypical"": 0.82, ""ineligible"": 0, ""partner"": 0.17, ""lead"": 0.01, ""unclear"": 0}",none,0.61,"{""none"": 0.61, ""DSS"": 0, ""ORH"": 0, ""DSOHF"": 0.01, ""DPH"": 0.13, ""DHSR"": 0, ""MEDICAID"": 0, ""DEIPD"": 0, ""DAGING"": 0, ""DSBDHH"": 0, ""DCDEE"": 0, ""OSEC"": 0, ""DCFW"": 0, ""DMHDDSUS"": 0.25}",0.3367,0.18,0.1986,deprioritized,P(unrelated or weak)=0.99,typesafe-ai/jev,a4b41185524e,True
c59e6081-9fb7-46fa-9164-6911d790d242,Division of Materials Research: Topical Materials Research Programs,open,none,0.85,"{""none"": 0.85, ""weak"": 0.15, ""moderate"": 0, ""strong"": 0}",none,1.0,"{""G1"": 0, ""none"": 1, ""G2"": 0, ""G3"": 0, ""G5"": 0, ""G4"": 0}",ineligible,0.87,"{""atypical"": 0.12, ""lead"": 0, ""partner"": 0.01, ""ineligible"": 0.87, ""unclear"": 0}",none,1.0,"{""OSEC"": 0, ""DPH"": 0, ""DSS"": 0, ""ORH"": 0, ""DSBDHH"": 0, ""DCFW"": 0, ""DEIPD"": 0, ""DMHDDSUS"": 0, ""none"": 1, ""MEDICAID"": 0, ""DSOHF"": 0, ""DCDEE"": 0, ""DAGING"": 0, ""DHSR"": 0}",0.05,0.01,0.0252,deprioritized,P(unrelated)=0.85,typesafe-ai/jev,a4b41185524e,True
c5bac9bb-9a66-462c-9d16-c894928192ad,"Strengthening Ghana Health Service laboratory services, diagnostic networks, and systems for a more effective, efficient, and sustainable response to HIV, TB, and other priority health threats",open,weak,0.92,"{""moderate"": 0, ""none"": 0.08, ""strong"": 0, ""weak"": 0.92}",none,0.93,"{""G2"": 0, ""G1"": 0.02, ""G3"": 0, ""G5"": 0.05, ""none"": 0.93, ""G4"": 0}",atypical,0.56,"{""unclear"": 0.02, ""lead"": 0.01, ""partner"": 0.15, ""atypical"": 0.56, ""ineligible"": 0.26}",none,0.87,"{""MEDICAID"": 0, ""DSS"": 0, ""DPH"": 0.13, ""OSEC"": 0, ""DCDEE"": 0, ""DAGING"": 0, ""DSOHF"": 0, ""DCFW"": 0, ""DSBDHH"": 0, ""DEIPD"": 0, ""ORH"": 0, ""none"": 0.87, ""DHSR"": 0, ""DMHDDSUS"": 0}",0.3067,0.16,0.1779,deprioritized,P(unrelated or weak)=1.00,typesafe-ai/jev,a4b41185524e,True
c5ccb26d-ade1-424e-9069-4ff023c78351,Critical Path Public Private Partnerships Clinical Trials Optional,forecast,weak,0.99,"{""weak"": 0.99, ""strong"": 0, ""none"": 0.01, ""moderate"": 0}",none,0.8,"{""G2"": 0, ""G5"": 0.2, ""G3"": 0, ""G4"": 0, ""none"": 0.8, ""G1"": 0}",atypical,0.49,"{""partner"": 0.25, ""ineligible"": 0.25, ""atypical"": 0.49, ""lead"": 0, ""unclear"": 0.01}",none,0.97,"{""DMHDDSUS"": 0, ""DSBDHH"": 0, ""DSS"": 0, ""DAGING"": 0, ""DPH"": 0.02, ""OSEC"": 0, ""DEIPD"": 0, ""DCFW"": 0, ""ORH"": 0, ""DCDEE"": 0, ""DHSR"": 0.01, ""none"": 0.97, ""MEDICAID"": 0, ""DSOHF"": 0}",0.33,0.25,0.2062,deprioritized,P(unrelated or weak)=1.00,typesafe-ai/jev,a4b41185524e,True
c60789ce-21db-4ba1-9cb1-ef7f670c1957,Effectiveness Trials to Test Mental Health System Interventions (R61/R33 Clinical Trial Required),open,strong,0.57,"{""weak"": 0.08, ""strong"": 0.57, ""moderate"": 0.35, ""none"": 0}",G3,0.99,"{""G4"": 0, ""G1"": 0, ""G5"": 0, ""none"": 0.01, ""G2"": 0, ""G3"": 0.99}",partner,0.66,"{""lead"": 0.04, ""partner"": 0.66, ""atypical"": 0.3, ""ineligible"": 0, ""unclear"": 0}",DMHDDSUS,0.96,"{""DPH"": 0, ""DAGING"": 0, ""MEDICAID"": 0, ""DSBDHH"": 0, ""ORH"": 0, ""none"": 0.04, ""DHSR"": 0, ""OSEC"": 0, ""DSS"": 0, ""DEIPD"": 0, ""DCFW"": 0, ""DCDEE"": 0, ""DSOHF"": 0, ""DMHDDSUS"": 0.96}",0.83,0.7,0.7055,deep_review,not confidently irrelevant,typesafe-ai/jev,a4b41185524e,True
c67ebf32-1965-4e00-8600-d154e9371ad6,NCI Pathway to Independence Award (K99/R00  Clinical Trial Not Allowed),open,weak,1.0,"{""weak"": 1, ""moderate"": 0, ""strong"": 0, ""none"": 0}",none,0.79,"{""G2"": 0, ""G4"": 0.21, ""G1"": 0, ""G5"": 0, ""G3"": 0, ""none"": 0.79}",atypical,0.95,"{""ineligible"": 0.03, ""unclear"": 0, ""partner"": 0.02, ""lead"": 0, ""atypical"": 0.95}",none,0.94,"{""DAGING"": 0, ""ORH"": 0.01, ""DSBDHH"": 0, ""DMHDDSUS"": 0, ""OSEC"": 0.01, ""DHSR"": 0, ""DPH"": 0.04, ""none"": 0.94, ""DCDEE"": 0, ""DCFW"": 0, ""DSS"": 0, ""DSOHF"": 0, ""DEIPD"": 0, ""MEDICAID"": 0}",0.3333,0.02,0.17,deprioritized,P(unrelated or weak)=1.00,typesafe-ai/jev,a4b41185524e,True
c690cfde-3f5c-44f1-9738-30e4d505bf09,"DoW Pancreatic Cancer Research Program, Focused Pilot Award",open,weak,0.79,"{""moderate"": 0, ""weak"": 0.79, ""strong"": 0, ""none"": 0.21}",none,0.85,"{""G2"": 0, ""G3"": 0, ""none"": 0.85, ""G5"": 0.01, ""G4"": 0.01, ""G1"": 0.13}",atypical,0.89,"{""atypical"": 0.89, ""lead"": 0, ""partner"": 0.04, ""ineligible"": 0, ""unclear"": 0.07}",none,0.88,"{""MEDICAID"": 0, ""DCDEE"": 0, ""DSBDHH"": 0, ""OSEC"": 0, ""DSOHF"": 0.01, ""DHSR"": 0, ""ORH"": 0, ""DSS"": 0, ""none"": 0.88, ""DPH"": 0.11, ""DMHDDSUS"": 0, ""DEIPD"": 0, ""DCFW"": 0, ""DAGING"": 0}",0.2633,0.04,0.1369,deprioritized,P(unrelated or weak)=1.00,typesafe-ai/jev,a4b41185524e,True
c72602c1-8777-4f1f-b2b7-6138dfd7fe36,The Role of Work in Health Disparities in the U.S. (R01 Clinical Trials Optional),open,weak,0.96,"{""moderate"": 0.04, ""weak"": 0.96, ""none"": 0, ""strong"": 0}",G1,0.66,"{""G1"": 0.66, ""G5"": 0, ""G4"": 0.03, ""none"": 0.31, ""G3"": 0, ""G2"": 0}",atypical,0.67,"{""unclear"": 0, ""lead"": 0.02, ""atypical"": 0.67, ""partner"": 0.31, ""ineligible"": 0}",none,0.48,"{""DCDEE"": 0, ""DSOHF"": 0, ""ORH"": 0.01, ""DSS"": 0, ""DPH"": 0.45, ""DCFW"": 0, ""none"": 0.48, ""DEIPD"": 0.04, ""MEDICAID"": 0, ""DSBDHH"": 0, ""OSEC"": 0, ""DHSR"": 0, ""DMHDDSUS"": 0.02, ""DAGING"": 0}",0.3467,0.33,0.2305,deprioritized,P(unrelated or weak)=0.96,typesafe-ai/jev,a4b41185524e,True
c76f4850-6126-47a3-8dee-8308a8c9c09b,Application Instructions for the Indian Community Development Block Grant (ICDBG) Imminent Threat (IT) Program,open,none,0.84,"{""weak"": 0.14, ""strong"": 0.01, ""none"": 0.84, ""moderate"": 0.01}",none,0.99,"{""G4"": 0, ""G2"": 0, ""G3"": 0, ""none"": 0.99, ""G5"": 0, ""G1"": 0.01}",ineligible,1.0,"{""lead"": 0, ""partner"": 0, ""unclear"": 0, ""atypical"": 0, ""ineligible"": 1}",none,1.0,"{""DHSR"": 0, ""DMHDDSUS"": 0, ""MEDICAID"": 0, ""DCFW"": 0, ""none"": 1, ""OSEC"": 0, ""DSS"": 0, ""ORH"": 0, ""DAGING"": 0, ""DSOHF"": 0, ""DPH"": 0, ""DSBDHH"": 0, ""DEIPD"": 0, ""DCDEE"": 0}",0.0633,0.0,0.0317,deprioritized,P(unrelated or weak)=0.98,typesafe-ai/jev,a4b41185524e,True
c77df76e-8169-4ce2-9616-94003ac5ec34,Infrastructure Cluster,open,none,0.99,"{""moderate"": 0, ""weak"": 0.01, ""none"": 0.99, ""strong"": 0}",none,0.99,"{""G4"": 0, ""G1"": 0, ""none"": 0.99, ""G5"": 0.01, ""G2"": 0, ""G3"": 0}",atypical,0.83,"{""atypical"": 0.83, ""unclear"": 0.16, ""lead"": 0, ""ineligible"": 0, ""partner"": 0.01}",none,0.99,"{""MEDICAID"": 0, ""OSEC"": 0, ""DAGING"": 0, ""none"": 0.99, ""DHSR"": 0, ""DMHDDSUS"": 0, ""DSOHF"": 0, ""DSBDHH"": 0, ""DCDEE"": 0, ""DEIPD"": 0, ""DCFW"": 0, ""DSS"": 0, ""DPH"": 0.01, ""ORH"": 0}",0.0033,0.01,0.0017,deprioritized,P(unrelated)=0.99,typesafe-ai/jev,a4b41185524e,True
c78e4cd3-f897-4a41-a882-c8b4ba06a1ca,Notice of Intent to Publish a Funding Opportunity Announcement for ClinGen Genomic Curation Expert Panels,forecast,weak,0.99,"{""weak"": 0.99, ""strong"": 0, ""moderate"": 0.01, ""none"": 0}",none,0.74,"{""G2"": 0.12, ""G4"": 0.01, ""G1"": 0.04, ""G5"": 0.09, ""G3"": 0, ""none"": 0.74}",atypical,0.81,"{""ineligible"": 0, ""unclear"": 0.01, ""partner"": 0.18, ""lead"": 0, ""atypical"": 0.81}",none,0.77,"{""OSEC"": 0, ""ORH"": 0, ""DSBDHH"": 0, ""DHSR"": 0, ""DMHDDSUS"": 0, ""DPH"": 0.22, ""DAGING"": 0, ""DCDEE"": 0.01, ""none"": 0.77, ""DCFW"": 0, ""DSS"": 0, ""DSOHF"": 0, ""DEIPD"": 0, ""MEDICAID"": 0}",0.3367,0.18,0.1986,deprioritized,P(unrelated or weak)=0.99,typesafe-ai/jev,a4b41185524e,True
c7d4fdfb-bb99-4717-a08f-27b0ef4f1daa,Chronic Care Telehealth Centers of Excellence Program,forecast,weak,0.87,"{""moderate"": 0.06, ""none"": 0.01, ""weak"": 0.87, ""strong"": 0.06}",none,0.6,"{""G2"": 0, ""none"": 0.6, ""G4"": 0, ""G5"": 0.09, ""G1"": 0.31, ""G3"": 0}",ineligible,0.61,"{""ineligible"": 0.61, ""lead"": 0, ""atypical"": 0.08, ""unclear"": 0, ""partner"": 0.31}",none,0.89,"{""DAGING"": 0, ""DEIPD"": 0, ""DSOHF"": 0, ""MEDICAID"": 0, ""ORH"": 0.04, ""DCDEE"": 0, ""DSS"": 0, ""DHSR"": 0, ""none"": 0.89, ""DCFW"": 0, ""OSEC"": 0, ""DSBDHH"": 0, ""DMHDDSUS"": 0, ""DPH"": 0.07}",0.39,0.31,0.2555,deep_review,not confidently irrelevant,typesafe-ai/jev,a4b41185524e,True
c84ecbec-b258-4470-afa0-ff82d26ad823,Department of Defense HIV/AIDS Prevention Program,open,weak,0.66,"{""weak"": 0.66, ""none"": 0.34, ""moderate"": 0, ""strong"": 0}",none,0.75,"{""none"": 0.75, ""G5"": 0, ""G4"": 0, ""G1"": 0.25, ""G3"": 0, ""G2"": 0}",atypical,0.52,"{""partner"": 0.05, ""unclear"": 0.35, ""ineligible"": 0.08, ""lead"": 0, ""atypical"": 0.52}",none,0.7,"{""DSOHF"": 0, ""DMHDDSUS"": 0, ""DHSR"": 0, ""DSS"": 0, ""DCDEE"": 0, ""DEIPD"": 0, ""none"": 0.7, ""ORH"": 0, ""DCFW"": 0, ""DPH"": 0.3, ""OSEC"": 0, ""DSBDHH"": 0, ""DAGING"": 0, ""MEDICAID"": 0}",0.22,0.05,0.1155,deprioritized,P(unrelated or weak)=1.00,typesafe-ai/jev,a4b41185524e,True
c85038d2-7966-43c4-b238-d09482b370b0,HEAL Initiative: Non-addictive Analgesic Therapeutics Development [Small Molecules and Biologics] to Treat Pain (UG3/UH3 Clinical Trial Optional),open,weak,1.0,"{""weak"": 1, ""none"": 0, ""strong"": 0, ""moderate"": 0}",none,0.79,"{""G3"": 0.11, ""none"": 0.79, ""G4"": 0.01, ""G5"": 0.01, ""G1"": 0.08, ""G2"": 0}",atypical,0.92,"{""ineligible"": 0, ""atypical"": 0.92, ""unclear"": 0, ""lead"": 0, ""partner"": 0.08}",none,0.88,"{""DCFW"": 0, ""DAGING"": 0, ""OSEC"": 0, ""DCDEE"": 0, ""DSBDHH"": 0, ""DPH"": 0.02, ""DHSR"": 0, ""MEDICAID"": 0, ""DSS"": 0, ""DMHDDSUS"": 0.09, ""DSOHF"": 0.01, ""none"": 0.88, ""DEIPD"": 0, ""ORH"": 0}",0.3333,0.08,0.18,deprioritized,P(unrelated or weak)=1.00,typesafe-ai/jev,a4b41185524e,True
c85c8500-e8a0-45d4-a887-cc759a4401af,ROSES25: A.15 Biosphere,open,none,1.0,"{""none"": 1, ""weak"": 0, ""moderate"": 0, ""strong"": 0}",none,1.0,"{""G1"": 0, ""none"": 1, ""G2"": 0, ""G3"": 0, ""G4"": 0, ""G5"": 0}",atypical,0.81,"{""ineligible"": 0.17, ""partner"": 0.01, ""lead"": 0, ""atypical"": 0.81, ""unclear"": 0.01}",none,0.99,"{""OSEC"": 0, ""DPH"": 0.01, ""DSBDHH"": 0, ""ORH"": 0, ""DSS"": 0, ""DCFW"": 0, ""DEIPD"": 0, ""DMHDDSUS"": 0, ""none"": 0.99, ""MEDICAID"": 0, ""DAGING"": 0, ""DCDEE"": 0, ""DSOHF"": 0, ""DHSR"": 0}",0.0,0.01,0.0,deprioritized,P(unrelated)=1.00,typesafe-ai/jev,a4b41185524e,True
c8944dab-96c4-4db9-ad50-9802ffc7228c,Early-Stage Development of Informatics Technologies for Cancer Research and Management (U01 Clinical Trial Optional),open,weak,0.96,"{""moderate"": 0.03, ""strong"": 0.01, ""weak"": 0.96, ""none"": 0}",G5,0.53,"{""none"": 0.45, ""G4"": 0, ""G5"": 0.53, ""G1"": 0.02, ""G2"": 0, ""G3"": 0}",atypical,0.65,"{""lead"": 0.01, ""partner"": 0.34, ""ineligible"": 0, ""atypical"": 0.65, ""unclear"": 0}",DPH,0.48,"{""DPH"": 0.48, ""DSBDHH"": 0, ""DHSR"": 0, ""DAGING"": 0, ""none"": 0.46, ""DCDEE"": 0.01, ""DMHDDSUS"": 0, ""DSS"": 0, ""DCFW"": 0, ""OSEC"": 0.05, ""DSOHF"": 0, ""MEDICAID"": 0, ""DEIPD"": 0, ""ORH"": 0}",0.35,0.35,0.2362,deprioritized,P(unrelated or weak)=0.96,typesafe-ai/jev,a4b41185524e,True
c8965b4c-390b-4abc-8961-14bc48ba76a9,Fiscal Year (FY) 2027 Department of the Navy (DoN) Historically Black Colleges and Universities/Minority Institutions (HBCU/MI) Program,open,none,1.0,"{""weak"": 0, ""none"": 1, ""strong"": 0, ""moderate"": 0}",none,0.98,"{""none"": 0.98, ""G5"": 0, ""G4"": 0.02, ""G3"": 0, ""G1"": 0, ""G2"": 0}",ineligible,0.94,"{""atypical"": 0.05, ""unclear"": 0, ""ineligible"": 0.94, ""lead"": 0, ""partner"": 0.01}",none,1.0,"{""ORH"": 0, ""DSOHF"": 0, ""DEIPD"": 0, ""DAGING"": 0, ""DSBDHH"": 0, ""MEDICAID"": 0, ""DSS"": 0, ""OSEC"": 0, ""none"": 1, ""DCDEE"": 0, ""DCFW"": 0, ""DPH"": 0, ""DMHDDSUS"": 0, ""DHSR"": 0}",0.0,0.01,0.0,deprioritized,P(unrelated)=1.00,typesafe-ai/jev,a4b41185524e,True
c9538bbb-6a36-47e1-8b0e-4aee098334c5,"DoW Pancreatic Cancer Research Program, Translational Research Partnership Award",open,weak,0.9,"{""moderate"": 0, ""weak"": 0.9, ""strong"": 0, ""none"": 0.1}",none,0.82,"{""G1"": 0.15, ""G3"": 0, ""G2"": 0, ""G4"": 0.01, ""none"": 0.82, ""G5"": 0.02}",atypical,0.8,"{""atypical"": 0.8, ""partner"": 0.14, ""unclear"": 0.06, ""ineligible"": 0, ""lead"": 0}",none,0.78,"{""OSEC"": 0, ""ORH"": 0, ""DCFW"": 0, ""DSBDHH"": 0, ""DPH"": 0.19, ""DSS"": 0, ""DAGING"": 0, ""MEDICAID"": 0, ""DSOHF"": 0.01, ""none"": 0.78, ""DEIPD"": 0, ""DCDEE"": 0.01, ""DMHDDSUS"": 0, ""DHSR"": 0.01}",0.3,0.14,0.171,deprioritized,P(unrelated or weak)=1.00,typesafe-ai/jev,a4b41185524e,True
c9548bbc-778b-4cc1-bce7-35c4f0eb075a,NIH Exploratory/Developmental Research Project Grant (Parent R21 Clinical Trial Not Allowed),open,weak,1.0,"{""strong"": 0, ""moderate"": 0, ""none"": 0, ""weak"": 1}",none,0.81,"{""G5"": 0.08, ""G1"": 0.05, ""G2"": 0, ""G3"": 0.04, ""none"": 0.81, ""G4"": 0.02}",atypical,0.8,"{""unclear"": 0, ""atypical"": 0.8, ""partner"": 0.19, ""ineligible"": 0, ""lead"": 0.01}",none,0.65,"{""DSBDHH"": 0, ""DSOHF"": 0.01, ""DAGING"": 0, ""ORH"": 0, ""DCDEE"": 0, ""DMHDDSUS"": 0.04, ""DCFW"": 0, ""DSS"": 0, ""DHSR"": 0.01, ""DEIPD"": 0, ""MEDICAID"": 0, ""none"": 0.65, ""OSEC"": 0.01, ""DPH"": 0.28}",0.3333,0.2,0.2,deprioritized,P(unrelated or weak)=1.00,typesafe-ai/jev,a4b41185524e,True
c9fd53ee-51ee-4461-83ac-c751c53a294c,"Coupling, Energetics, and Dynamics of Atmospheric Regions",open,none,1.0,"{""moderate"": 0, ""none"": 1, ""strong"": 0, ""weak"": 0}",none,0.99,"{""G1"": 0, ""G2"": 0, ""G3"": 0, ""G4"": 0, ""G5"": 0.01, ""none"": 0.99}",ineligible,0.68,"{""atypical"": 0.23, ""ineligible"": 0.68, ""lead"": 0, ""partner"": 0.09, ""unclear"": 0}",none,0.98,"{""DAGING"": 0, ""DCDEE"": 0, ""DCFW"": 0, ""DEIPD"": 0, ""DHSR"": 0, ""DMHDDSUS"": 0, ""DPH"": 0.02, ""DSBDHH"": 0, ""DSOHF"": 0, ""DSS"": 0, ""MEDICAID"": 0, ""ORH"": 0, ""OSEC"": 0, ""none"": 0.98}",0.0,0.09,0.0,deprioritized,P(unrelated)=1.00,typesafe-ai/jev,a4b41185524e,True
c9ff9b71-b097-4198-9853-3871ccb9ba19,IGVF Data and Coordinating Center (U24 Clinical trials Not Allowed),forecast,weak,1.0,"{""strong"": 0, ""weak"": 1, ""none"": 0, ""moderate"": 0}",none,0.89,"{""G3"": 0, ""G5"": 0.08, ""G4"": 0.01, ""G2"": 0, ""none"": 0.89, ""G1"": 0.02}",atypical,0.73,"{""partner"": 0.26, ""lead"": 0, ""atypical"": 0.73, ""unclear"": 0.01, ""ineligible"": 0}",none,0.83,"{""DMHDDSUS"": 0, ""OSEC"": 0.02, ""MEDICAID"": 0, ""DSS"": 0, ""DEIPD"": 0, ""DSBDHH"": 0, ""DHSR"": 0, ""DPH"": 0.14, ""DCFW"": 0, ""ORH"": 0, ""none"": 0.83, ""DCDEE"": 0.01, ""DSOHF"": 0, ""DAGING"": 0}",0.3333,0.26,0.21,deprioritized,P(unrelated or weak)=1.00,typesafe-ai/jev,a4b41185524e,True
ca108e77-69f6-4d3a-9723-a1353076a4ad,"Advancing Bioinformatics, Translational Bioinformatics and Computational Biology Research (R01 Clinical Trial Optional)",open,weak,1.0,"{""weak"": 1, ""moderate"": 0, ""strong"": 0, ""none"": 0}",none,0.62,"{""G3"": 0, ""G4"": 0.01, ""G1"": 0, ""none"": 0.62, ""G5"": 0.37, ""G2"": 0}",atypical,0.87,"{""lead"": 0, ""unclear"": 0, ""ineligible"": 0, ""atypical"": 0.87, ""partner"": 0.13}",none,0.8,"{""DAGING"": 0, ""MEDICAID"": 0, ""DCFW"": 0, ""DSOHF"": 0, ""OSEC"": 0.04, ""DMHDDSUS"": 0, ""DHSR"": 0, ""DSS"": 0, ""DPH"": 0.15, ""ORH"": 0, ""DEIPD"": 0, ""DCDEE"": 0.01, ""DSBDHH"": 0, ""none"": 0.8}",0.3333,0.13,0.1883,deprioritized,P(unrelated or weak)=1.00,typesafe-ai/jev,a4b41185524e,True
ca1829af-e8b7-4caa-8ab4-ae6f675492e5,Center of Excellence for Alternative Jet Fuels and Environment ,open,none,0.97,"{""strong"": 0, ""moderate"": 0, ""none"": 0.97, ""weak"": 0.03}",none,1.0,"{""G5"": 0, ""G1"": 0, ""G2"": 0, ""G3"": 0, ""none"": 1, ""G4"": 0}",ineligible,0.99,"{""unclear"": 0, ""atypical"": 0.01, ""ineligible"": 0.99, ""partner"": 0, ""lead"": 0}",none,1.0,"{""DSBDHH"": 0, ""DSOHF"": 0, ""DAGING"": 0, ""ORH"": 0, ""DCDEE"": 0, ""DMHDDSUS"": 0, ""DCFW"": 0, ""DSS"": 0, ""DHSR"": 0, ""DPH"": 0, ""DEIPD"": 0, ""none"": 1, ""OSEC"": 0, ""MEDICAID"": 0}",0.01,0.0,0.005,deprioritized,P(unrelated)=0.97,typesafe-ai/jev,a4b41185524e,True
ca4b0eed-ef31-4a8c-961f-65955cce9cfc,Single source: Childhood Cancer Survivor Study (U24 Clinical Trial Not Allowed),forecast,weak,1.0,"{""weak"": 1, ""strong"": 0, ""moderate"": 0, ""none"": 0}",none,0.72,"{""G5"": 0, ""G3"": 0, ""G2"": 0.23, ""G1"": 0.05, ""none"": 0.72, ""G4"": 0}",ineligible,0.79,"{""atypical"": 0.14, ""ineligible"": 0.79, ""unclear"": 0, ""lead"": 0, ""partner"": 0.07}",none,0.91,"{""ORH"": 0, ""DCDEE"": 0, ""OSEC"": 0, ""DEIPD"": 0, ""DAGING"": 0, ""MEDICAID"": 0, ""DSS"": 0, ""DCFW"": 0, ""DSBDHH"": 0, ""DPH"": 0.09, ""DSOHF"": 0, ""none"": 0.91, ""DMHDDSUS"": 0, ""DHSR"": 0}",0.3333,0.07,0.1783,deprioritized,P(unrelated or weak)=1.00,typesafe-ai/jev,a4b41185524e,True
ca93b895-6ca4-4379-b016-ff97bbb6ce41,Limited Competition: Instrumentation Grant Program for Resource-Limited Institutions (S10 - Clinical Trial Not Allowed),open,weak,1.0,"{""weak"": 1, ""moderate"": 0, ""none"": 0, ""strong"": 0}",none,0.74,"{""G2"": 0, ""G1"": 0, ""G3"": 0, ""none"": 0.74, ""G4"": 0.02, ""G5"": 0.24}",atypical,0.92,"{""unclear"": 0, ""lead"": 0, ""atypical"": 0.92, ""partner"": 0.08, ""ineligible"": 0}",none,0.86,"{""ORH"": 0.03, ""DCDEE"": 0, ""DMHDDSUS"": 0, ""none"": 0.86, ""DSOHF"": 0.02, ""DPH"": 0.07, ""DCFW"": 0, ""DAGING"": 0, ""MEDICAID"": 0, ""OSEC"": 0.02, ""DEIPD"": 0, ""DHSR"": 0, ""DSS"": 0, ""DSBDHH"": 0}",0.3333,0.08,0.18,deprioritized,P(unrelated or weak)=1.00,typesafe-ai/jev,a4b41185524e,True
ca96308f-058b-47fa-9a1a-b1ee06f9c937,Centers for AIDS Research (CFAR),forecast,weak,0.92,"{""moderate"": 0.04, ""none"": 0, ""strong"": 0.04, ""weak"": 0.92}",G1,0.56,"{""G2"": 0, ""G3"": 0, ""none"": 0.41, ""G5"": 0.01, ""G4"": 0.02, ""G1"": 0.56}",partner,0.53,"{""atypical"": 0.42, ""lead"": 0.01, ""partner"": 0.53, ""ineligible"": 0.04, ""unclear"": 0}",DPH,0.58,"{""MEDICAID"": 0, ""DSBDHH"": 0, ""DCDEE"": 0, ""OSEC"": 0, ""DSOHF"": 0, ""DHSR"": 0, ""ORH"": 0, ""DSS"": 0, ""DPH"": 0.58, ""none"": 0.4, ""DMHDDSUS"": 0.02, ""DEIPD"": 0, ""DCFW"": 0, ""DAGING"": 0}",0.3733,0.54,0.2875,deep_review,not confidently irrelevant,typesafe-ai/jev,a4b41185524e,True
ca9db99d-1e3c-4ff9-be27-39c4e81f9122,Sheep Production and Marketing Grant Program FY 2026,open,none,0.98,"{""weak"": 0.02, ""none"": 0.98, ""strong"": 0, ""moderate"": 0}",none,1.0,"{""G2"": 0, ""none"": 1, ""G3"": 0, ""G5"": 0, ""G4"": 0, ""G1"": 0}",atypical,0.95,"{""ineligible"": 0.02, ""atypical"": 0.95, ""lead"": 0, ""unclear"": 0, ""partner"": 0.03}",none,0.98,"{""ORH"": 0.02, ""MEDICAID"": 0, ""DSBDHH"": 0, ""DHSR"": 0, ""none"": 0.98, ""OSEC"": 0, ""DSS"": 0, ""DAGING"": 0, ""DCFW"": 0, ""DPH"": 0, ""DMHDDSUS"": 0, ""DEIPD"": 0, ""DCDEE"": 0, ""DSOHF"": 0}",0.0067,0.03,0.0034,deprioritized,P(unrelated)=0.98,typesafe-ai/jev,a4b41185524e,True
cabf2507-f32e-467b-ba74-ca8b853ad972,NIH Research Educational Program - Mentoring Activities & Networks (Parent R25/UE5 - Clinical Trial Not Allowed),open,weak,0.95,"{""weak"": 0.95, ""moderate"": 0.04, ""none"": 0, ""strong"": 0.01}",G4,0.7,"{""G2"": 0, ""G1"": 0, ""G3"": 0, ""none"": 0.3, ""G4"": 0.7, ""G5"": 0}",atypical,0.77,"{""ineligible"": 0, ""lead"": 0, ""unclear"": 0, ""partner"": 0.23, ""atypical"": 0.77}",none,0.78,"{""DSBDHH"": 0, ""DCDEE"": 0.01, ""DMHDDSUS"": 0.03, ""none"": 0.78, ""DSOHF"": 0.01, ""DPH"": 0.11, ""DCFW"": 0, ""DAGING"": 0, ""MEDICAID"": 0, ""OSEC"": 0.02, ""DEIPD"": 0, ""DHSR"": 0.01, ""DSS"": 0, ""ORH"": 0.03}",0.3533,0.23,0.2173,deprioritized,P(unrelated or weak)=0.95,typesafe-ai/jev,a4b41185524e,True
cacb4ffa-0f3a-4794-8df6-0af933d88f0c,Research Grants to Rigorously Evaluate Innovative and Promising Approaches to Prevent Firearm-Related Violence and Injuries,forecast,moderate,0.55,"{""weak"": 0.22, ""none"": 0, ""strong"": 0.23, ""moderate"": 0.55}",G1,0.41,"{""G3"": 0.08, ""none"": 0.38, ""G4"": 0, ""G5"": 0.03, ""G1"": 0.41, ""G2"": 0.1}",atypical,0.58,"{""ineligible"": 0, ""atypical"": 0.58, ""unclear"": 0.01, ""lead"": 0.09, ""partner"": 0.32}",DPH,0.91,"{""MEDICAID"": 0, ""DAGING"": 0, ""OSEC"": 0, ""DCDEE"": 0, ""DPH"": 0.91, ""DSBDHH"": 0, ""DHSR"": 0, ""DSS"": 0, ""DMHDDSUS"": 0.01, ""DCFW"": 0, ""none"": 0.08, ""DSOHF"": 0, ""DEIPD"": 0, ""ORH"": 0}",0.67,0.41,0.4724,deep_review,not confidently irrelevant,typesafe-ai/jev,a4b41185524e,True
cb00c4af-063a-49b3-82fe-1c6d5b5e47e0,Single Source: Chronic Kidney Diseases of UnceRtain Etiology (CKDu) in Agricultural Communities (CURE) Research Consortium- Renal and Environmental Science Core (U01-Clinical Trial Not Allowed),forecast,weak,1.0,"{""weak"": 1, ""none"": 0, ""strong"": 0, ""moderate"": 0}",none,0.63,"{""G1"": 0.35, ""G5"": 0.01, ""G2"": 0, ""none"": 0.63, ""G3"": 0, ""G4"": 0.01}",atypical,0.6,"{""ineligible"": 0.03, ""partner"": 0.37, ""lead"": 0, ""unclear"": 0, ""atypical"": 0.6}",none,0.52,"{""DSOHF"": 0, ""OSEC"": 0, ""ORH"": 0.02, ""MEDICAID"": 0, ""DCFW"": 0, ""none"": 0.52, ""DCDEE"": 0.01, ""DAGING"": 0, ""DMHDDSUS"": 0, ""DHSR"": 0, ""DPH"": 0.45, ""DEIPD"": 0, ""DSBDHH"": 0, ""DSS"": 0}",0.3333,0.37,0.2283,deprioritized,P(unrelated or weak)=1.00,typesafe-ai/jev,a4b41185524e,True
cb2cbb9f-741d-4e6b-ad32-557d751f9903,Home Study and Post-Release Services for Unaccompanied Alien Children​​,open,strong,0.7,"{""moderate"": 0.2, ""none"": 0.02, ""strong"": 0.7, ""weak"": 0.08}",G2,0.95,"{""G1"": 0, ""G2"": 0.95, ""G3"": 0, ""G4"": 0, ""G5"": 0, ""none"": 0.05}",partner,0.5,"{""atypical"": 0.43, ""ineligible"": 0.01, ""lead"": 0.06, ""partner"": 0.5, ""unclear"": 0}",DSS,0.82,"{""DAGING"": 0, ""DCDEE"": 0, ""DCFW"": 0.06, ""DEIPD"": 0, ""DHSR"": 0, ""DMHDDSUS"": 0, ""DPH"": 0, ""DSBDHH"": 0, ""DSOHF"": 0, ""DSS"": 0.82, ""MEDICAID"": 0, ""ORH"": 0, ""OSEC"": 0, ""none"": 0.12}",0.86,0.56,0.6708,deep_review,not confidently irrelevant,typesafe-ai/jev,a4b41185524e,True
cb2e8072-dfd4-4101-9004-c4f1e1ccbad7,Fiscal Year (FY) 2027 Department of War (DoW) Defense University Research Instrumentation Program (DURIP),open,none,1.0,"{""moderate"": 0, ""strong"": 0, ""none"": 1, ""weak"": 0}",none,1.0,"{""G5"": 0, ""G1"": 0, ""G2"": 0, ""G3"": 0, ""none"": 1, ""G4"": 0}",ineligible,0.91,"{""unclear"": 0, ""atypical"": 0.08, ""partner"": 0.01, ""ineligible"": 0.91, ""lead"": 0}",none,1.0,"{""DSBDHH"": 0, ""DSOHF"": 0, ""DCDEE"": 0, ""ORH"": 0, ""DAGING"": 0, ""DMHDDSUS"": 0, ""DCFW"": 0, ""DSS"": 0, ""DHSR"": 0, ""DPH"": 0, ""DEIPD"": 0, ""none"": 1, ""OSEC"": 0, ""MEDICAID"": 0}",0.0,0.01,0.0,deprioritized,P(unrelated)=1.00,typesafe-ai/jev,a4b41185524e,True
cb36f642-f92b-4b27-9bc8-47440c03eb09,Nutrition Obesity Research Centers (NORCs) (P30 Clinical Trial Optional),open,weak,1.0,"{""moderate"": 0, ""none"": 0, ""strong"": 0, ""weak"": 1}",none,0.76,"{""G2"": 0.01, ""none"": 0.76, ""G4"": 0.03, ""G5"": 0.03, ""G1"": 0.17, ""G3"": 0}",atypical,0.72,"{""ineligible"": 0, ""lead"": 0, ""atypical"": 0.72, ""unclear"": 0, ""partner"": 0.28}",none,0.74,"{""DEIPD"": 0, ""ORH"": 0, ""OSEC"": 0, ""MEDICAID"": 0, ""DCFW"": 0.01, ""DCDEE"": 0, ""DSS"": 0, ""DHSR"": 0, ""none"": 0.74, ""DAGING"": 0, ""DSOHF"": 0, ""DSBDHH"": 0, ""DMHDDSUS"": 0, ""DPH"": 0.25}",0.3333,0.28,0.2133,deprioritized,P(unrelated or weak)=1.00,typesafe-ai/jev,a4b41185524e,True
cb50bf8f-e3ab-444e-8d32-9175b16472c4,Security and Preparedness,open,none,0.68,"{""weak"": 0.31, ""strong"": 0, ""none"": 0.68, ""moderate"": 0.01}",none,0.95,"{""G2"": 0, ""G3"": 0.01, ""G4"": 0, ""none"": 0.95, ""G1"": 0, ""G5"": 0.04}",atypical,0.92,"{""unclear"": 0.06, ""atypical"": 0.92, ""partner"": 0.02, ""lead"": 0, ""ineligible"": 0}",none,0.87,"{""DCDEE"": 0, ""MEDICAID"": 0, ""DSS"": 0, ""OSEC"": 0.01, ""DSOHF"": 0, ""DMHDDSUS"": 0, ""DSBDHH"": 0, ""DPH"": 0.12, ""DEIPD"": 0, ""DCFW"": 0, ""DHSR"": 0, ""ORH"": 0, ""none"": 0.87, ""DAGING"": 0}",0.11,0.02,0.0561,deprioritized,P(unrelated or weak)=0.99,typesafe-ai/jev,a4b41185524e,True
cb7194d0-da5c-40c7-a9d7-8abb9cdaac59,"Precision Approaches in Radiation Synthetic Combinations (PAIRS, RP1 Clinical Trial Optional)",forecast,weak,1.0,"{""weak"": 1, ""strong"": 0, ""none"": 0, ""moderate"": 0}",none,0.83,"{""G1"": 0.14, ""G2"": 0, ""G4"": 0.01, ""none"": 0.83, ""G5"": 0.02, ""G3"": 0}",atypical,0.91,"{""atypical"": 0.91, ""ineligible"": 0.01, ""unclear"": 0, ""partner"": 0.08, ""lead"": 0}",none,0.89,"{""DSBDHH"": 0, ""DSS"": 0, ""DHSR"": 0, ""DCDEE"": 0, ""DMHDDSUS"": 0, ""MEDICAID"": 0, ""DCFW"": 0, ""DSOHF"": 0.02, ""DEIPD"": 0, ""ORH"": 0, ""DPH"": 0.09, ""none"": 0.89, ""OSEC"": 0, ""DAGING"": 0}",0.3333,0.08,0.18,deprioritized,P(unrelated or weak)=1.00,typesafe-ai/jev,a4b41185524e,True
cb89d3bc-9c9e-4890-a37a-863258403a55,Tribal Self-Governance - Planning,forecast,weak,0.73,"{""weak"": 0.73, ""moderate"": 0.01, ""none"": 0.25, ""strong"": 0.01}",none,0.93,"{""G4"": 0, ""G2"": 0, ""G3"": 0, ""none"": 0.93, ""G5"": 0, ""G1"": 0.07}",ineligible,0.99,"{""lead"": 0, ""partner"": 0.01, ""unclear"": 0, ""atypical"": 0, ""ineligible"": 0.99}",none,1.0,"{""DHSR"": 0, ""DMHDDSUS"": 0, ""MEDICAID"": 0, ""OSEC"": 0, ""none"": 1, ""ORH"": 0, ""DSS"": 0, ""DCFW"": 0, ""DAGING"": 0, ""DSOHF"": 0, ""DPH"": 0, ""DSBDHH"": 0, ""DEIPD"": 0, ""DCDEE"": 0}",0.26,0.01,0.1313,deprioritized,P(unrelated or weak)=0.98,typesafe-ai/jev,a4b41185524e,True
cb91feb1-23b4-49b7-b8d3-9a8fe626a5b5,Mentored Research Scientist Development Award (Parent K01 - Independent Clinical Trial Not Allowed),open,weak,1.0,"{""weak"": 1, ""moderate"": 0, ""none"": 0, ""strong"": 0}",none,0.58,"{""G2"": 0, ""G1"": 0, ""G3"": 0, ""none"": 0.58, ""G4"": 0.41, ""G5"": 0.01}",atypical,0.94,"{""ineligible"": 0.02, ""lead"": 0, ""atypical"": 0.94, ""partner"": 0.04, ""unclear"": 0}",none,0.86,"{""ORH"": 0.01, ""DCDEE"": 0, ""DHSR"": 0.01, ""none"": 0.86, ""DSOHF"": 0.01, ""DPH"": 0.09, ""DCFW"": 0, ""DAGING"": 0, ""MEDICAID"": 0, ""OSEC"": 0.01, ""DEIPD"": 0, ""DMHDDSUS"": 0.01, ""DSS"": 0, ""DSBDHH"": 0}",0.3333,0.04,0.1733,deprioritized,P(unrelated or weak)=1.00,typesafe-ai/jev,a4b41185524e,True
cbe89638-50f8-4505-95c7-8b8e565be499,"NIDCR Drug, Biologic, Device and/or Procedure Intervention Clinical Trial Planning and Implementation Cooperative Agreement (UG3/UH3 Clinical Trial Required)",open,weak,0.99,"{""weak"": 0.99, ""moderate"": 0.01, ""none"": 0, ""strong"": 0}",none,0.7,"{""G5"": 0.01, ""G3"": 0, ""none"": 0.7, ""G4"": 0.01, ""G1"": 0.27, ""G2"": 0.01}",atypical,0.64,"{""lead"": 0.01, ""unclear"": 0, ""ineligible"": 0, ""atypical"": 0.64, ""partner"": 0.35}",none,0.79,"{""DHSR"": 0.01, ""DSS"": 0, ""DPH"": 0.15, ""OSEC"": 0, ""DMHDDSUS"": 0.01, ""DCFW"": 0, ""DCDEE"": 0.01, ""DEIPD"": 0, ""DAGING"": 0, ""DSBDHH"": 0, ""none"": 0.79, ""DSOHF"": 0.02, ""MEDICAID"": 0, ""ORH"": 0.01}",0.3367,0.36,0.2289,deprioritized,P(unrelated or weak)=0.99,typesafe-ai/jev,a4b41185524e,True
cc2a99b9-6669-4f45-b233-9189edfaa59e,Native Entities Grant Program,open,none,0.45,"{""moderate"": 0.14, ""none"": 0.45, ""strong"": 0.11, ""weak"": 0.3}",none,0.76,"{""G3"": 0, ""none"": 0.76, ""G4"": 0.01, ""G5"": 0.08, ""G1"": 0.14, ""G2"": 0.01}",ineligible,0.93,"{""partner"": 0.07, ""ineligible"": 0.93, ""lead"": 0, ""unclear"": 0, ""atypical"": 0}",none,0.83,"{""DHSR"": 0, ""none"": 0.83, ""OSEC"": 0.15, ""DMHDDSUS"": 0, ""DCFW"": 0, ""DAGING"": 0, ""DSOHF"": 0, ""DCDEE"": 0.01, ""DPH"": 0, ""DSBDHH"": 0, ""DEIPD"": 0, ""MEDICAID"": 0, ""ORH"": 0.01, ""DSS"": 0}",0.3033,0.07,0.1623,deprioritized,P(ineligible)=0.93,typesafe-ai/jev,a4b41185524e,True
cc2db03a-79c2-4ef5-afab-3f8c2561f135,Single Source for the Continuation of the Epidemiology of Diabetes Interventions and Complications (EDIC) Study Research Center (Collaborative U01 Clinical Trial Not Allowed),forecast,weak,1.0,"{""strong"": 0, ""weak"": 1, ""none"": 0, ""moderate"": 0}",none,0.85,"{""G2"": 0, ""G3"": 0, ""G4"": 0.01, ""none"": 0.85, ""G1"": 0.13, ""G5"": 0.01}",ineligible,0.66,"{""lead"": 0, ""ineligible"": 0.66, ""partner"": 0.15, ""unclear"": 0, ""atypical"": 0.19}",none,0.82,"{""DCDEE"": 0, ""DHSR"": 0, ""DMHDDSUS"": 0, ""DSBDHH"": 0, ""DSOHF"": 0, ""DSS"": 0, ""OSEC"": 0, ""DPH"": 0.18, ""DEIPD"": 0, ""DCFW"": 0, ""MEDICAID"": 0, ""ORH"": 0, ""none"": 0.82, ""DAGING"": 0}",0.3333,0.15,0.1917,deprioritized,P(unrelated or weak)=1.00,typesafe-ai/jev,a4b41185524e,True
cd037a29-c61c-4e15-b08e-ced02b67de37,Centers without Walls for mechanisms of neurodegeneration in Alzheimer’s disease-related dementias (ADRD),forecast,weak,1.0,"{""moderate"": 0, ""weak"": 1, ""strong"": 0, ""none"": 0}",none,0.91,"{""G2"": 0, ""G3"": 0.01, ""none"": 0.91, ""G5"": 0.01, ""G4"": 0.01, ""G1"": 0.06}",atypical,0.7,"{""atypical"": 0.7, ""lead"": 0, ""partner"": 0.27, ""ineligible"": 0.03, ""unclear"": 0}",none,0.87,"{""MEDICAID"": 0, ""DCDEE"": 0, ""DEIPD"": 0, ""OSEC"": 0, ""DSBDHH"": 0, ""DHSR"": 0, ""ORH"": 0, ""DMHDDSUS"": 0.02, ""DPH"": 0.08, ""none"": 0.87, ""DSS"": 0, ""DSOHF"": 0, ""DCFW"": 0, ""DAGING"": 0.03}",0.3333,0.27,0.2117,deprioritized,P(unrelated or weak)=1.00,typesafe-ai/jev,a4b41185524e,True
cd0b0182-3083-4c13-a1e6-0519c0d4dd1b,Strengthening global health security in India to contain public health threats and accelerate outbreak response,open,weak,0.96,"{""moderate"": 0, ""none"": 0.04, ""strong"": 0, ""weak"": 0.96}",none,0.96,"{""G3"": 0, ""none"": 0.96, ""G4"": 0.01, ""G5"": 0.03, ""G1"": 0, ""G2"": 0}",atypical,0.59,"{""partner"": 0.16, ""ineligible"": 0.14, ""lead"": 0.07, ""unclear"": 0.04, ""atypical"": 0.59}",none,0.6,"{""DHSR"": 0, ""none"": 0.6, ""OSEC"": 0, ""DCDEE"": 0, ""MEDICAID"": 0, ""DSOHF"": 0, ""DAGING"": 0, ""DCFW"": 0, ""DPH"": 0.4, ""DSBDHH"": 0, ""DEIPD"": 0, ""DMHDDSUS"": 0, ""ORH"": 0, ""DSS"": 0}",0.32,0.23,0.1968,deprioritized,P(unrelated or weak)=1.00,typesafe-ai/jev,a4b41185524e,True
cd0c6205-ae0e-44fd-adf9-44db71b94674,Identification and Evaluation of Possible Approaches to Addressing Nitrosamine Impurities in Drugs (U01),forecast,weak,0.99,"{""strong"": 0, ""moderate"": 0.01, ""none"": 0, ""weak"": 0.99}",none,0.88,"{""G1"": 0.05, ""G5"": 0.06, ""none"": 0.88, ""G4"": 0.01, ""G3"": 0, ""G2"": 0}",atypical,0.91,"{""atypical"": 0.91, ""ineligible"": 0, ""lead"": 0, ""unclear"": 0, ""partner"": 0.09}",none,0.89,"{""DMHDDSUS"": 0, ""DPH"": 0.07, ""DSOHF"": 0, ""MEDICAID"": 0, ""OSEC"": 0, ""DCDEE"": 0, ""DSS"": 0, ""DCFW"": 0, ""DHSR"": 0.04, ""DSBDHH"": 0, ""ORH"": 0, ""DAGING"": 0, ""none"": 0.89, ""DEIPD"": 0}",0.3367,0.09,0.1835,deprioritized,P(unrelated or weak)=0.99,typesafe-ai/jev,a4b41185524e,True
ce0af039-93ef-4a21-879f-9ac3aca06b0d,REACHing Communities (REACH) Consortium (U01) Clinical Trials Optional,forecast,weak,0.68,"{""weak"": 0.68, ""strong"": 0.15, ""moderate"": 0.17, ""none"": 0}",G1,0.96,"{""G5"": 0, ""G3"": 0, ""G2"": 0, ""G1"": 0.96, ""none"": 0.03, ""G4"": 0.01}",partner,0.64,"{""partner"": 0.64, ""ineligible"": 0, ""unclear"": 0.07, ""lead"": 0.01, ""atypical"": 0.28}",DPH,0.73,"{""DSBDHH"": 0, ""DCDEE"": 0.01, ""DSOHF"": 0, ""DEIPD"": 0, ""DAGING"": 0, ""MEDICAID"": 0, ""OSEC"": 0.02, ""ORH"": 0.01, ""DSS"": 0, ""DPH"": 0.73, ""DCFW"": 0, ""DMHDDSUS"": 0, ""none"": 0.22, ""DHSR"": 0.01}",0.49,0.65,0.4042,deep_review,not confidently irrelevant,typesafe-ai/jev,a4b41185524e,True
ce40dc6d-52a2-434c-8312-8a792306ae3d,Small Grants Program,open,none,0.95,"{""none"": 0.95, ""weak"": 0.05, ""strong"": 0, ""moderate"": 0}",none,1.0,"{""none"": 1, ""G2"": 0, ""G4"": 0, ""G3"": 0, ""G5"": 0, ""G1"": 0}",atypical,0.92,"{""atypical"": 0.92, ""lead"": 0.01, ""partner"": 0.02, ""unclear"": 0, ""ineligible"": 0.05}",none,0.89,"{""DCFW"": 0, ""OSEC"": 0.1, ""DHSR"": 0, ""DPH"": 0.01, ""ORH"": 0, ""MEDICAID"": 0, ""none"": 0.89, ""DMHDDSUS"": 0, ""DCDEE"": 0, ""DSS"": 0, ""DSOHF"": 0, ""DAGING"": 0, ""DEIPD"": 0, ""DSBDHH"": 0}",0.0167,0.03,0.0086,deprioritized,P(unrelated)=0.95,typesafe-ai/jev,a4b41185524e,True
ce4783ff-15da-4007-87b9-200205f2e5b6,DOW Combat Readiness – Medical Research Program Translational Research Award,open,none,0.6,"{""moderate"": 0, ""none"": 0.6, ""strong"": 0, ""weak"": 0.4}",none,0.84,"{""G1"": 0.03, ""G2"": 0, ""G3"": 0, ""G4"": 0.01, ""G5"": 0.12, ""none"": 0.84}",atypical,0.72,"{""atypical"": 0.72, ""ineligible"": 0, ""lead"": 0, ""partner"": 0.05, ""unclear"": 0.23}",none,0.89,"{""DAGING"": 0, ""DCDEE"": 0, ""DCFW"": 0, ""DEIPD"": 0, ""DHSR"": 0.01, ""DMHDDSUS"": 0, ""DPH"": 0.09, ""DSBDHH"": 0, ""DSOHF"": 0.01, ""DSS"": 0, ""MEDICAID"": 0, ""ORH"": 0, ""OSEC"": 0, ""none"": 0.89}",0.1333,0.05,0.07,deprioritized,P(unrelated or weak)=1.00,typesafe-ai/jev,a4b41185524e,True
ce7b2eb1-fb49-4460-81ea-04064394eaf4,Advancement and Innovation in Measurement of Language Development and Predictors (R01 Clinical Trial Not Allowed),open,weak,0.97,"{""strong"": 0, ""none"": 0, ""moderate"": 0.03, ""weak"": 0.97}",G2,0.67,"{""G1"": 0.02, ""G3"": 0, ""G5"": 0.01, ""none"": 0.29, ""G2"": 0.67, ""G4"": 0.01}",atypical,0.65,"{""unclear"": 0, ""lead"": 0.01, ""partner"": 0.34, ""atypical"": 0.65, ""ineligible"": 0}",none,0.47,"{""DCDEE"": 0.04, ""OSEC"": 0, ""none"": 0.47, ""DSS"": 0, ""DMHDDSUS"": 0.02, ""DEIPD"": 0, ""MEDICAID"": 0, ""DPH"": 0.18, ""ORH"": 0, ""DSOHF"": 0, ""DSBDHH"": 0.24, ""DCFW"": 0.05, ""DAGING"": 0, ""DHSR"": 0}",0.3433,0.35,0.2318,deprioritized,P(unrelated or weak)=0.97,typesafe-ai/jev,a4b41185524e,True
ce88b262-95b3-4f53-942d-41dc3ff2fa7f,INCLUDE Project: Clinical Trials Phased Awards for Down syndrome Research (R61/R33 Clinical Trial Required),open,weak,1.0,"{""weak"": 1, ""moderate"": 0, ""strong"": 0, ""none"": 0}",G1,0.74,"{""G3"": 0, ""G4"": 0, ""G1"": 0.74, ""G2"": 0.03, ""G5"": 0, ""none"": 0.23}",atypical,0.66,"{""lead"": 0, ""unclear"": 0, ""ineligible"": 0, ""atypical"": 0.66, ""partner"": 0.34}",none,0.6,"{""DAGING"": 0, ""MEDICAID"": 0, ""DCFW"": 0, ""DSOHF"": 0.02, ""OSEC"": 0, ""DHSR"": 0, ""DSS"": 0, ""DMHDDSUS"": 0.34, ""DPH"": 0.03, ""DEIPD"": 0, ""ORH"": 0, ""DCDEE"": 0.01, ""DSBDHH"": 0, ""none"": 0.6}",0.3333,0.34,0.2233,deprioritized,P(unrelated or weak)=1.00,typesafe-ai/jev,a4b41185524e,True
cf0d0679-8e43-4034-833b-0aa6cca9a1de,The NIDDK Disorders of Gastrointestinal Interoception Consortium Clinical Centers (DGIC),forecast,weak,1.0,"{""weak"": 1, ""moderate"": 0, ""none"": 0, ""strong"": 0}",none,0.75,"{""G1"": 0.13, ""G4"": 0.01, ""G2"": 0.08, ""G3"": 0, ""none"": 0.75, ""G5"": 0.03}",atypical,0.61,"{""partner"": 0.37, ""unclear"": 0, ""atypical"": 0.61, ""ineligible"": 0.01, ""lead"": 0.01}",none,0.83,"{""DMHDDSUS"": 0, ""DCDEE"": 0, ""ORH"": 0, ""none"": 0.83, ""DEIPD"": 0, ""DSOHF"": 0.01, ""DHSR"": 0.01, ""DCFW"": 0, ""MEDICAID"": 0, ""DAGING"": 0, ""DPH"": 0.15, ""OSEC"": 0, ""DSS"": 0, ""DSBDHH"": 0}",0.3333,0.38,0.23,deprioritized,P(unrelated or weak)=1.00,typesafe-ai/jev,a4b41185524e,True
cf16b93e-9744-4efd-80ea-47f2e85dd940,Notice of Funding Opportunity (NOFO) SUSI Civic Engagement and Environmental Issues Selection Process,forecast,none,1.0,"{""strong"": 0, ""weak"": 0, ""none"": 1, ""moderate"": 0}",none,1.0,"{""G2"": 0, ""G3"": 0, ""G4"": 0, ""none"": 1, ""G1"": 0, ""G5"": 0}",ineligible,0.95,"{""lead"": 0, ""ineligible"": 0.95, ""unclear"": 0, ""atypical"": 0.04, ""partner"": 0.01}",none,1.0,"{""DCDEE"": 0, ""DSS"": 0, ""DMHDDSUS"": 0, ""OSEC"": 0, ""DSOHF"": 0, ""DHSR"": 0, ""MEDICAID"": 0, ""DPH"": 0, ""DEIPD"": 0, ""DSBDHH"": 0, ""DCFW"": 0, ""none"": 1, ""ORH"": 0, ""DAGING"": 0}",0.0,0.01,0.0,deprioritized,P(unrelated)=1.00,typesafe-ai/jev,a4b41185524e,True
cf2715a3-010f-4d16-9153-113579cfb0ac,Centers for Genomics Research Capacity Building,forecast,weak,1.0,"{""moderate"": 0, ""weak"": 1, ""strong"": 0, ""none"": 0}",none,0.88,"{""G2"": 0, ""G3"": 0, ""none"": 0.88, ""G1"": 0, ""G4"": 0.08, ""G5"": 0.04}",atypical,0.87,"{""atypical"": 0.87, ""lead"": 0, ""partner"": 0.13, ""ineligible"": 0, ""unclear"": 0}",none,0.89,"{""MEDICAID"": 0, ""DSOHF"": 0, ""DEIPD"": 0, ""OSEC"": 0, ""DSBDHH"": 0, ""ORH"": 0, ""DHSR"": 0, ""DMHDDSUS"": 0, ""none"": 0.89, ""DPH"": 0.11, ""DSS"": 0, ""DCDEE"": 0, ""DCFW"": 0, ""DAGING"": 0}",0.3333,0.13,0.1883,deprioritized,P(unrelated or weak)=1.00,typesafe-ai/jev,a4b41185524e,True
cfa56b8d-4bbb-4087-9deb-008c97153720,RESTORE Act Direct Component - Non-Construction Activities,open,none,0.92,"{""none"": 0.92, ""weak"": 0.07, ""moderate"": 0.01, ""strong"": 0}",none,0.99,"{""G4"": 0.01, ""G1"": 0, ""G2"": 0, ""G3"": 0, ""G5"": 0, ""none"": 0.99}",atypical,0.38,"{""partner"": 0.13, ""ineligible"": 0.19, ""unclear"": 0.04, ""lead"": 0.26, ""atypical"": 0.38}",none,0.98,"{""DSOHF"": 0, ""MEDICAID"": 0, ""DEIPD"": 0, ""DCFW"": 0, ""OSEC"": 0, ""DSS"": 0, ""ORH"": 0, ""DCDEE"": 0.01, ""DSBDHH"": 0, ""none"": 0.98, ""DHSR"": 0, ""DAGING"": 0, ""DPH"": 0.01, ""DMHDDSUS"": 0}",0.03,0.39,0.0209,deprioritized,P(unrelated)=0.92,typesafe-ai/jev,a4b41185524e,True
cfc3f14d-a37a-4cf4-a5f4-420d7c3a78bb,Family Unification Program (FUP) Multi-Year NOFO,forecast,strong,0.9,"{""none"": 0, ""weak"": 0.02, ""moderate"": 0.08, ""strong"": 0.9}",G2,0.96,"{""G1"": 0, ""G2"": 0.96, ""G3"": 0, ""G4"": 0, ""G5"": 0, ""none"": 0.04}",partner,0.85,"{""lead"": 0, ""partner"": 0.85, ""atypical"": 0, ""ineligible"": 0.15, ""unclear"": 0}",DSS,0.9,"{""DPH"": 0, ""DMHDDSUS"": 0, ""MEDICAID"": 0, ""DCFW"": 0.01, ""DSS"": 0.9, ""DAGING"": 0, ""DCDEE"": 0, ""ORH"": 0, ""DEIPD"": 0, ""DSBDHH"": 0, ""DHSR"": 0, ""DSOHF"": 0, ""OSEC"": 0, ""none"": 0.09}",0.96,0.85,0.888,deep_review,not confidently irrelevant,typesafe-ai/jev,a4b41185524e,True
cfd077a0-5a0e-47eb-a8e2-8d5646c15f2a,Center for Inherited Disease Research (CIDR) High Throughput Sequencing and Genotyping Resource Access (X01 Clinical Trial Not Allowed),forecast,weak,1.0,"{""weak"": 1, ""none"": 0, ""moderate"": 0, ""strong"": 0}",none,0.73,"{""G2"": 0.01, ""G4"": 0.01, ""none"": 0.73, ""G5"": 0.17, ""G1"": 0.08, ""G3"": 0}",atypical,0.77,"{""atypical"": 0.77, ""partner"": 0.18, ""unclear"": 0, ""lead"": 0.01, ""ineligible"": 0.04}",none,0.71,"{""DSBDHH"": 0, ""none"": 0.71, ""DPH"": 0.28, ""DSOHF"": 0, ""DAGING"": 0, ""DCFW"": 0, ""DCDEE"": 0.01, ""MEDICAID"": 0, ""DSS"": 0, ""DMHDDSUS"": 0, ""DHSR"": 0, ""OSEC"": 0, ""ORH"": 0, ""DEIPD"": 0}",0.3333,0.19,0.1983,deprioritized,P(unrelated or weak)=1.00,typesafe-ai/jev,a4b41185524e,True
d0033870-c493-41da-a2e3-98e2e341ea90,Developing PBPK Model-Based Mechanistic IVIVCs for Long Acting Injectable Suspensions and Implants (U01) Clinical Trial Optional,forecast,weak,1.0,"{""none"": 0, ""weak"": 1, ""moderate"": 0, ""strong"": 0}",none,0.93,"{""G4"": 0, ""G1"": 0, ""G3"": 0, ""G2"": 0, ""G5"": 0.07, ""none"": 0.93}",atypical,0.87,"{""partner"": 0.03, ""ineligible"": 0.1, ""unclear"": 0, ""lead"": 0, ""atypical"": 0.87}",none,0.98,"{""DSBDHH"": 0, ""DHSR"": 0.01, ""DEIPD"": 0, ""DCFW"": 0, ""OSEC"": 0, ""MEDICAID"": 0, ""DSOHF"": 0, ""DCDEE"": 0, ""DSS"": 0, ""none"": 0.98, ""ORH"": 0, ""DAGING"": 0, ""DPH"": 0.01, ""DMHDDSUS"": 0}",0.3333,0.03,0.1717,deprioritized,P(unrelated or weak)=1.00,typesafe-ai/jev,a4b41185524e,True
d012ee5f-6d1a-4344-ad32-168ea9bcad98,Annual Program Statement for U.S. Presentation at International Architecture Biennales,open,none,1.0,"{""moderate"": 0, ""none"": 1, ""strong"": 0, ""weak"": 0}",none,1.0,"{""G1"": 0, ""G2"": 0, ""G3"": 0, ""G4"": 0, ""G5"": 0, ""none"": 1}",ineligible,0.86,"{""atypical"": 0.07, ""ineligible"": 0.86, ""lead"": 0, ""partner"": 0.02, ""unclear"": 0.05}",none,1.0,"{""DAGING"": 0, ""DCDEE"": 0, ""DCFW"": 0, ""DEIPD"": 0, ""DHSR"": 0, ""DMHDDSUS"": 0, ""DPH"": 0, ""DSBDHH"": 0, ""DSOHF"": 0, ""DSS"": 0, ""MEDICAID"": 0, ""ORH"": 0, ""OSEC"": 0, ""none"": 1}",0.0,0.02,0.0,deprioritized,P(unrelated)=1.00,typesafe-ai/jev,a4b41185524e,True
d056d8ef-89b0-4e67-ab19-1aa5384ee71b,Program to End Modern Slavery Annual Program Statement,open,weak,0.7,"{""moderate"": 0.07, ""none"": 0.16, ""strong"": 0.07, ""weak"": 0.7}",none,0.62,"{""G2"": 0.08, ""none"": 0.62, ""G4"": 0.01, ""G5"": 0.01, ""G1"": 0.27, ""G3"": 0.01}",atypical,0.49,"{""partner"": 0.35, ""ineligible"": 0.09, ""lead"": 0.06, ""unclear"": 0.01, ""atypical"": 0.49}",none,0.7,"{""DHSR"": 0, ""none"": 0.7, ""DMHDDSUS"": 0.02, ""DSS"": 0.22, ""DCFW"": 0.02, ""DAGING"": 0, ""DSOHF"": 0, ""DCDEE"": 0, ""DPH"": 0.01, ""ORH"": 0, ""DEIPD"": 0, ""MEDICAID"": 0, ""DSBDHH"": 0, ""OSEC"": 0.03}",0.35,0.41,0.2467,deep_review,not confidently irrelevant,typesafe-ai/jev,a4b41185524e,True
d05b15ba-864c-4255-a510-42d9fd966215,Fiscal Year (FY) 2027 Service Area Competition (SAC),forecast,strong,0.87,"{""moderate"": 0.09, ""strong"": 0.87, ""none"": 0, ""weak"": 0.04}",G1,0.93,"{""G1"": 0.93, ""G3"": 0, ""G4"": 0, ""none"": 0.07, ""G5"": 0, ""G2"": 0}",partner,0.47,"{""ineligible"": 0.01, ""atypical"": 0.44, ""partner"": 0.47, ""lead"": 0.05, ""unclear"": 0.03}",ORH,0.83,"{""DSOHF"": 0, ""ORH"": 0.83, ""DAGING"": 0, ""DMHDDSUS"": 0, ""none"": 0.15, ""DSBDHH"": 0, ""DCDEE"": 0, ""DSS"": 0, ""DPH"": 0.02, ""MEDICAID"": 0, ""DCFW"": 0, ""DHSR"": 0, ""OSEC"": 0, ""DEIPD"": 0}",0.9433,0.52,0.7169,deep_review,not confidently irrelevant,typesafe-ai/jev,a4b41185524e,True
d07ebcd7-96cf-40cb-8ae3-f401b6274080,PRIMED-AI: Data-to-Model Academic-Industrial Partnerships (D2M-AIP) for Precision Medicine with AI: Integrating Imaging with Multimodal Data (UG3/UH3 Clinical Trial Optional),open,weak,0.94,"{""none"": 0, ""moderate"": 0.05, ""weak"": 0.94, ""strong"": 0.01}",G5,0.7,"{""none"": 0.27, ""G2"": 0, ""G3"": 0, ""G1"": 0.03, ""G5"": 0.7, ""G4"": 0}",partner,0.53,"{""ineligible"": 0, ""lead"": 0, ""atypical"": 0.47, ""partner"": 0.53, ""unclear"": 0}",none,0.74,"{""DHSR"": 0.01, ""DSOHF"": 0.01, ""OSEC"": 0.08, ""DAGING"": 0, ""MEDICAID"": 0.01, ""DSBDHH"": 0, ""ORH"": 0.01, ""DCDEE"": 0.01, ""none"": 0.74, ""DSS"": 0, ""DMHDDSUS"": 0, ""DCFW"": 0, ""DPH"": 0.13, ""DEIPD"": 0}",0.3567,0.53,0.2728,deep_review,not confidently irrelevant,typesafe-ai/jev,a4b41185524e,True
d0a3f1a1-e322-49c9-9cbf-e144a9fc0cf1,DRAFT Community Noise Mitigation Program,forecast,none,0.87,"{""strong"": 0, ""none"": 0.87, ""weak"": 0.12, ""moderate"": 0.01}",none,0.9,"{""G5"": 0.02, ""G4"": 0.01, ""none"": 0.9, ""G2"": 0.01, ""G3"": 0, ""G1"": 0.06}",atypical,0.42,"{""partner"": 0.38, ""lead"": 0.17, ""atypical"": 0.42, ""unclear"": 0.01, ""ineligible"": 0.02}",none,0.9,"{""DAGING"": 0, ""DCFW"": 0, ""none"": 0.9, ""OSEC"": 0.02, ""ORH"": 0, ""DPH"": 0.07, ""DMHDDSUS"": 0, ""DEIPD"": 0, ""DSBDHH"": 0, ""DSOHF"": 0, ""MEDICAID"": 0, ""DHSR"": 0, ""DSS"": 0, ""DCDEE"": 0.01}",0.0467,0.55,0.0362,deprioritized,P(unrelated)=0.87,typesafe-ai/jev,a4b41185524e,True
d0c117d6-6a01-4747-b38e-73e71bfa24b6,Limited Competition: Clinical and Translational Science Award (CTSA) Program: Collaborative and Innovative Acceleration Award (UG3/UH3 Clinical Trial Optional),open,weak,1.0,"{""weak"": 1, ""strong"": 0, ""moderate"": 0, ""none"": 0}",none,0.81,"{""G2"": 0, ""none"": 0.81, ""G5"": 0.16, ""G1"": 0.02, ""G4"": 0.01, ""G3"": 0}",ineligible,0.41,"{""unclear"": 0, ""partner"": 0.36, ""lead"": 0, ""ineligible"": 0.41, ""atypical"": 0.23}",none,0.97,"{""DPH"": 0.02, ""DAGING"": 0, ""MEDICAID"": 0, ""ORH"": 0.01, ""DSBDHH"": 0, ""none"": 0.97, ""DHSR"": 0, ""DCFW"": 0, ""OSEC"": 0, ""DEIPD"": 0, ""DSS"": 0, ""DCDEE"": 0, ""DSOHF"": 0, ""DMHDDSUS"": 0}",0.3333,0.36,0.2267,deprioritized,P(unrelated or weak)=1.00,typesafe-ai/jev,a4b41185524e,True
d0d4d391-fca7-490f-99e4-018a0a05c4fd,NSF National Innovation Corps Teams (NSF National I-Corps (TM) Teams) program,open,none,0.92,"{""moderate"": 0, ""strong"": 0, ""weak"": 0.08, ""none"": 0.92}",none,0.93,"{""none"": 0.93, ""G3"": 0, ""G5"": 0.06, ""G1"": 0, ""G2"": 0, ""G4"": 0.01}",ineligible,0.8,"{""lead"": 0, ""partner"": 0.03, ""ineligible"": 0.8, ""atypical"": 0.17, ""unclear"": 0}",none,1.0,"{""DPH"": 0, ""DEIPD"": 0, ""DHSR"": 0, ""DAGING"": 0, ""DSOHF"": 0, ""DCDEE"": 0, ""DMHDDSUS"": 0, ""DSBDHH"": 0, ""DCFW"": 0, ""OSEC"": 0, ""DSS"": 0, ""MEDICAID"": 0, ""none"": 1, ""ORH"": 0}",0.0267,0.03,0.0137,deprioritized,P(unrelated)=0.92,typesafe-ai/jev,a4b41185524e,True
d0d553a4-1d8b-4cfa-bf2a-6f4d9e935a28,Funding for New Counter-Disinformation Game,forecast,none,0.85,"{""weak"": 0.15, ""none"": 0.85, ""strong"": 0, ""moderate"": 0}",none,0.94,"{""G2"": 0, ""G3"": 0, ""none"": 0.94, ""G1"": 0, ""G4"": 0, ""G5"": 0.06}",atypical,0.86,"{""lead"": 0.01, ""unclear"": 0.01, ""ineligible"": 0.1, ""atypical"": 0.86, ""partner"": 0.02}",none,0.94,"{""MEDICAID"": 0, ""DPH"": 0.04, ""DEIPD"": 0, ""DMHDDSUS"": 0, ""DSBDHH"": 0, ""OSEC"": 0.02, ""DHSR"": 0, ""DSOHF"": 0, ""none"": 0.94, ""DSS"": 0, ""DAGING"": 0, ""DCDEE"": 0, ""ORH"": 0, ""DCFW"": 0}",0.05,0.03,0.0257,deprioritized,P(unrelated)=0.85,typesafe-ai/jev,a4b41185524e,True
d105798f-211e-41bd-9361-46a7f634ea96,BROAD AGENCY ANNOUNCEMENT (BAA) for Extramural Biomedical and Human Performance Research and Development Department of Defense,open,weak,0.63,"{""strong"": 0, ""none"": 0.37, ""weak"": 0.63, ""moderate"": 0}",none,0.94,"{""G1"": 0.01, ""G4"": 0.01, ""none"": 0.94, ""G2"": 0, ""G3"": 0, ""G5"": 0.04}",atypical,0.87,"{""partner"": 0.02, ""lead"": 0, ""atypical"": 0.87, ""unclear"": 0.1, ""ineligible"": 0.01}",none,0.93,"{""DAGING"": 0, ""none"": 0.93, ""DCFW"": 0, ""DPH"": 0.04, ""ORH"": 0, ""OSEC"": 0.01, ""DMHDDSUS"": 0, ""MEDICAID"": 0, ""DSBDHH"": 0, ""DSOHF"": 0.01, ""DEIPD"": 0, ""DHSR"": 0.01, ""DSS"": 0, ""DCDEE"": 0}",0.21,0.02,0.1071,deprioritized,P(unrelated or weak)=1.00,typesafe-ai/jev,a4b41185524e,True
d11d69d2-58da-41ad-a298-1dfc10877bf8,Studies Addressing Rare Neurodegenerative Diseases including ALS,forecast,weak,1.0,"{""strong"": 0, ""none"": 0, ""weak"": 1, ""moderate"": 0}",G1,0.52,"{""G1"": 0.52, ""G4"": 0.01, ""none"": 0.42, ""G2"": 0.04, ""G3"": 0, ""G5"": 0.01}",atypical,0.68,"{""atypical"": 0.68, ""partner"": 0.29, ""lead"": 0.01, ""unclear"": 0.02, ""ineligible"": 0}",none,0.6,"{""DAGING"": 0, ""none"": 0.6, ""DCFW"": 0, ""ORH"": 0, ""DPH"": 0.35, ""OSEC"": 0, ""DMHDDSUS"": 0.02, ""MEDICAID"": 0, ""DSBDHH"": 0, ""DSOHF"": 0.01, ""DEIPD"": 0, ""DHSR"": 0.01, ""DSS"": 0, ""DCDEE"": 0.01}",0.3333,0.3,0.2167,deprioritized,P(unrelated or weak)=1.00,typesafe-ai/jev,a4b41185524e,True
d120e2b0-2891-4761-a4a3-91d426e5e9f6,Native American Research Centers for Health (NARCH),forecast,weak,0.93,"{""moderate"": 0, ""strong"": 0.01, ""none"": 0.06, ""weak"": 0.93}",none,0.83,"{""G3"": 0, ""G1"": 0.16, ""G2"": 0, ""G5"": 0, ""none"": 0.83, ""G4"": 0.01}",ineligible,0.97,"{""partner"": 0.03, ""unclear"": 0, ""lead"": 0, ""atypical"": 0, ""ineligible"": 0.97}",none,0.96,"{""DSOHF"": 0, ""DSBDHH"": 0, ""DSS"": 0, ""DHSR"": 0, ""DCFW"": 0, ""DAGING"": 0, ""ORH"": 0.01, ""DPH"": 0.03, ""DEIPD"": 0, ""none"": 0.96, ""DMHDDSUS"": 0, ""MEDICAID"": 0, ""DCDEE"": 0, ""OSEC"": 0}",0.32,0.03,0.1648,deprioritized,P(unrelated or weak)=0.99,typesafe-ai/jev,a4b41185524e,True
d130e512-7423-41a6-bde5-edba8cf84f61,2nd Annual Program Statement PA Italy,forecast,none,1.0,"{""moderate"": 0, ""weak"": 0, ""strong"": 0, ""none"": 1}",none,1.0,"{""G2"": 0, ""G3"": 0, ""none"": 1, ""G5"": 0, ""G4"": 0, ""G1"": 0}",ineligible,0.52,"{""atypical"": 0.4, ""lead"": 0.04, ""partner"": 0.03, ""ineligible"": 0.52, ""unclear"": 0.01}",none,0.99,"{""DSBDHH"": 0, ""MEDICAID"": 0, ""DSOHF"": 0, ""OSEC"": 0.01, ""DEIPD"": 0, ""DHSR"": 0, ""ORH"": 0, ""DSS"": 0, ""DPH"": 0, ""DMHDDSUS"": 0, ""none"": 0.99, ""DCDEE"": 0, ""DCFW"": 0, ""DAGING"": 0}",0.0,0.07,0.0,deprioritized,P(unrelated)=1.00,typesafe-ai/jev,a4b41185524e,True
d197a1f8-5a9a-4b17-a2e1-2d73b3ba7850,Blueprint Neurotherapeutics Network (BPN): Biologic-based Drug Discovery and Development for Disorders of the Nervous System (UG3/UH3 Clinical Trial Optional),open,weak,1.0,"{""weak"": 1, ""strong"": 0, ""moderate"": 0, ""none"": 0}",none,0.87,"{""G3"": 0.03, ""G1"": 0.04, ""G4"": 0.02, ""G2"": 0, ""G5"": 0.04, ""none"": 0.87}",atypical,0.83,"{""ineligible"": 0, ""partner"": 0.16, ""unclear"": 0, ""lead"": 0.01, ""atypical"": 0.83}",none,0.87,"{""ORH"": 0, ""DPH"": 0.06, ""DHSR"": 0, ""DAGING"": 0, ""DCFW"": 0, ""MEDICAID"": 0, ""OSEC"": 0, ""DMHDDSUS"": 0.05, ""DCDEE"": 0, ""DSS"": 0, ""DSOHF"": 0.02, ""DEIPD"": 0, ""none"": 0.87, ""DSBDHH"": 0}",0.3333,0.17,0.195,deprioritized,P(unrelated or weak)=1.00,typesafe-ai/jev,a4b41185524e,True
d1aa3067-5978-40bd-a18a-a8c219bdcee2,Physical Oceanography,open,none,0.99,"{""none"": 0.99, ""weak"": 0.01, ""moderate"": 0, ""strong"": 0}",none,1.0,"{""G1"": 0, ""none"": 1, ""G5"": 0, ""G3"": 0, ""G4"": 0, ""G2"": 0}",atypical,0.95,"{""ineligible"": 0, ""partner"": 0, ""lead"": 0, ""atypical"": 0.95, ""unclear"": 0.05}",none,1.0,"{""OSEC"": 0, ""DPH"": 0, ""DSS"": 0, ""ORH"": 0, ""DSBDHH"": 0, ""DCFW"": 0, ""DEIPD"": 0, ""none"": 1, ""DMHDDSUS"": 0, ""MEDICAID"": 0, ""DAGING"": 0, ""DSOHF"": 0, ""DCDEE"": 0, ""DHSR"": 0}",0.0033,0.0,0.0017,deprioritized,P(unrelated)=0.99,typesafe-ai/jev,a4b41185524e,True
d1ba49e5-3684-4420-849a-ab2330ec493e,"NIH, CDC and FDA Small Business Innovation Research Grant (Parent SBIR [R43/R44] Clinical Trial Optional)",open,weak,0.99,"{""none"": 0.01, ""moderate"": 0, ""weak"": 0.99, ""strong"": 0}",none,0.9,"{""G3"": 0, ""none"": 0.9, ""G1"": 0, ""G5"": 0.1, ""G4"": 0, ""G2"": 0}",ineligible,0.97,"{""atypical"": 0.02, ""lead"": 0, ""ineligible"": 0.97, ""unclear"": 0, ""partner"": 0.01}",none,0.99,"{""DSS"": 0, ""DCFW"": 0, ""DCDEE"": 0, ""DEIPD"": 0, ""DSOHF"": 0, ""DPH"": 0.01, ""OSEC"": 0, ""DAGING"": 0, ""MEDICAID"": 0, ""none"": 0.99, ""DSBDHH"": 0, ""DMHDDSUS"": 0, ""DHSR"": 0, ""ORH"": 0}",0.33,0.01,0.1666,deprioritized,P(unrelated or weak)=1.00,typesafe-ai/jev,a4b41185524e,True
d1bbe8bf-fd2c-4bdc-8c7d-ebc5e095b3b4,Ruth L. Kirschstein National Research Service Award (NRSA) Individual Fellowship for Students at Institutions with NIH-Funded Institutional Predoctoral Dual-Degree Training Programs (Parent F30),open,weak,1.0,"{""weak"": 1, ""strong"": 0, ""none"": 0, ""moderate"": 0}",none,0.68,"{""G3"": 0, ""G5"": 0, ""G4"": 0.32, ""G2"": 0, ""G1"": 0, ""none"": 0.68}",atypical,0.9,"{""unclear"": 0, ""ineligible"": 0.08, ""partner"": 0.02, ""lead"": 0, ""atypical"": 0.9}",none,0.98,"{""ORH"": 0, ""DHSR"": 0, ""DAGING"": 0, ""DPH"": 0.02, ""DCFW"": 0, ""DSS"": 0, ""OSEC"": 0, ""DMHDDSUS"": 0, ""DCDEE"": 0, ""MEDICAID"": 0, ""DSOHF"": 0, ""DSBDHH"": 0, ""none"": 0.98, ""DEIPD"": 0}",0.3333,0.02,0.17,deprioritized,P(unrelated or weak)=1.00,typesafe-ai/jev,a4b41185524e,True
d20337d3-5bbf-4301-9282-ed38c9582ba0,Analysis,open,none,0.99,"{""weak"": 0.01, ""moderate"": 0, ""strong"": 0, ""none"": 0.99}",none,1.0,"{""none"": 1, ""G1"": 0, ""G4"": 0, ""G3"": 0, ""G2"": 0, ""G5"": 0}",atypical,0.97,"{""lead"": 0, ""partner"": 0, ""unclear"": 0.03, ""ineligible"": 0, ""atypical"": 0.97}",none,1.0,"{""ORH"": 0, ""OSEC"": 0, ""DSBDHH"": 0, ""DCDEE"": 0, ""DPH"": 0, ""DCFW"": 0, ""DAGING"": 0, ""DSS"": 0, ""DHSR"": 0, ""MEDICAID"": 0, ""DSOHF"": 0, ""DMHDDSUS"": 0, ""DEIPD"": 0, ""none"": 1}",0.0033,0.0,0.0017,deprioritized,P(unrelated)=0.99,typesafe-ai/jev,a4b41185524e,True
d23e74e1-5ffd-4ef3-ad72-7fb9697e5949,Interventions to Address Disparities in Liver Diseases and Liver Cancer (R01 - Clinical Trials Optional),open,weak,0.86,"{""weak"": 0.86, ""none"": 0, ""moderate"": 0.11, ""strong"": 0.03}",G1,0.96,"{""G5"": 0, ""G4"": 0, ""none"": 0.03, ""G3"": 0.01, ""G1"": 0.96, ""G2"": 0}",atypical,0.63,"{""lead"": 0.02, ""unclear"": 0, ""ineligible"": 0, ""atypical"": 0.63, ""partner"": 0.35}",DPH,0.76,"{""DHSR"": 0, ""DSS"": 0, ""DPH"": 0.76, ""OSEC"": 0, ""DMHDDSUS"": 0.06, ""DCFW"": 0, ""DCDEE"": 0, ""DEIPD"": 0, ""DAGING"": 0, ""DSBDHH"": 0, ""none"": 0.17, ""DSOHF"": 0.01, ""MEDICAID"": 0, ""ORH"": 0}",0.39,0.37,0.2671,deep_review,not confidently irrelevant,typesafe-ai/jev,a4b41185524e,True
d269d1d5-241b-48d5-b1c0-d7e614f02f09,Boosting Innovative GEOINT - Science & Technology  Broad Agency Announcement (BIG-ST BAA),open,none,1.0,"{""none"": 1, ""weak"": 0, ""moderate"": 0, ""strong"": 0}",none,0.92,"{""G2"": 0, ""G4"": 0, ""none"": 0.92, ""G5"": 0.08, ""G1"": 0, ""G3"": 0}",atypical,0.96,"{""atypical"": 0.96, ""partner"": 0.01, ""lead"": 0, ""unclear"": 0.01, ""ineligible"": 0.02}",none,0.98,"{""DSBDHH"": 0, ""DCDEE"": 0, ""DPH"": 0, ""none"": 0.98, ""DAGING"": 0, ""DCFW"": 0, ""DSOHF"": 0, ""MEDICAID"": 0, ""DSS"": 0, ""DEIPD"": 0, ""DHSR"": 0, ""OSEC"": 0.02, ""ORH"": 0, ""DMHDDSUS"": 0}",0.0,0.01,0.0,deprioritized,P(unrelated)=1.00,typesafe-ai/jev,a4b41185524e,True
d2717fb7-71bc-4742-b421-46ce6d8b0f7c,FY 2024 – 2026 - Broad Agency Announcement (BAA) Announcement Type: Initial,open,none,0.85,"{""strong"": 0.01, ""moderate"": 0.02, ""none"": 0.85, ""weak"": 0.12}",none,0.97,"{""G1"": 0.01, ""G2"": 0, ""G3"": 0, ""none"": 0.97, ""G5"": 0.02, ""G4"": 0}",atypical,0.9,"{""partner"": 0.07, ""ineligible"": 0.01, ""lead"": 0.01, ""unclear"": 0.01, ""atypical"": 0.9}",none,0.89,"{""OSEC"": 0.01, ""MEDICAID"": 0, ""DSBDHH"": 0, ""DSS"": 0, ""DEIPD"": 0, ""ORH"": 0, ""DAGING"": 0, ""DHSR"": 0, ""DCFW"": 0, ""DCDEE"": 0.02, ""DPH"": 0.08, ""none"": 0.89, ""DMHDDSUS"": 0, ""DSOHF"": 0}",0.0633,0.08,0.0342,deprioritized,P(unrelated)=0.85,typesafe-ai/jev,a4b41185524e,True
d2c68406-e847-4502-8fce-0eb66ca5baab,Innovative Pilot Mental Health Services Research Not Involving Clinical Trials (R34 Clinical Trial Not Allowed),open,moderate,0.47,"{""weak"": 0.37, ""strong"": 0.16, ""none"": 0, ""moderate"": 0.47}",G3,0.91,"{""none"": 0.08, ""G5"": 0.01, ""G4"": 0, ""G3"": 0.91, ""G1"": 0, ""G2"": 0}",atypical,0.58,"{""unclear"": 0, ""atypical"": 0.58, ""ineligible"": 0, ""lead"": 0.02, ""partner"": 0.4}",DMHDDSUS,0.86,"{""ORH"": 0, ""DSOHF"": 0, ""DEIPD"": 0, ""DSBDHH"": 0, ""DSS"": 0, ""DAGING"": 0, ""MEDICAID"": 0, ""none"": 0.13, ""OSEC"": 0, ""DCDEE"": 0, ""DPH"": 0.01, ""DCFW"": 0, ""DMHDDSUS"": 0.86, ""DHSR"": 0}",0.5967,0.42,0.4236,deep_review,not confidently irrelevant,typesafe-ai/jev,a4b41185524e,True
d328b689-058f-47a8-b290-fd3f7b36bafd,Tactical Behaviors for Autonomous Maneuver,open,none,1.0,"{""none"": 1, ""moderate"": 0, ""weak"": 0, ""strong"": 0}",none,0.99,"{""none"": 0.99, ""G3"": 0, ""G2"": 0, ""G1"": 0, ""G5"": 0.01, ""G4"": 0}",atypical,0.86,"{""ineligible"": 0.14, ""lead"": 0, ""atypical"": 0.86, ""partner"": 0, ""unclear"": 0}",none,1.0,"{""DHSR"": 0, ""DSS"": 0, ""OSEC"": 0, ""DAGING"": 0, ""MEDICAID"": 0, ""DSBDHH"": 0, ""ORH"": 0, ""DCDEE"": 0, ""none"": 1, ""DEIPD"": 0, ""DMHDDSUS"": 0, ""DCFW"": 0, ""DSOHF"": 0, ""DPH"": 0}",0.0,0.0,0.0,deprioritized,P(unrelated)=1.00,typesafe-ai/jev,a4b41185524e,True
d3522436-c23c-4947-a204-f9039454dc77,National Facilities,open,none,0.85,"{""moderate"": 0, ""strong"": 0, ""none"": 0.85, ""weak"": 0.15}",none,0.99,"{""G1"": 0, ""G2"": 0, ""G4"": 0, ""none"": 0.99, ""G5"": 0.01, ""G3"": 0}",atypical,0.91,"{""atypical"": 0.91, ""ineligible"": 0, ""unclear"": 0.08, ""partner"": 0.01, ""lead"": 0}",none,1.0,"{""DSBDHH"": 0, ""DAGING"": 0, ""DHSR"": 0, ""DCFW"": 0, ""DMHDDSUS"": 0, ""MEDICAID"": 0, ""DCDEE"": 0, ""DSOHF"": 0, ""DEIPD"": 0, ""ORH"": 0, ""DPH"": 0, ""none"": 1, ""OSEC"": 0, ""DSS"": 0}",0.05,0.01,0.0252,deprioritized,P(unrelated)=0.85,typesafe-ai/jev,a4b41185524e,True
d37264ed-efc2-47ca-a9d3-ab2f2b69d0c5,DoW Melanoma Research Program Team Science Award,open,weak,0.78,"{""strong"": 0, ""none"": 0.22, ""moderate"": 0, ""weak"": 0.78}",none,0.87,"{""none"": 0.87, ""G4"": 0.01, ""G1"": 0.11, ""G3"": 0, ""G5"": 0.01, ""G2"": 0}",atypical,0.87,"{""lead"": 0, ""partner"": 0.05, ""ineligible"": 0, ""atypical"": 0.87, ""unclear"": 0.08}",none,0.84,"{""DAGING"": 0, ""none"": 0.84, ""DHSR"": 0, ""DMHDDSUS"": 0, ""OSEC"": 0.01, ""DSBDHH"": 0, ""ORH"": 0, ""DSS"": 0, ""MEDICAID"": 0, ""DCFW"": 0, ""DCDEE"": 0, ""DPH"": 0.15, ""DEIPD"": 0, ""DSOHF"": 0}",0.26,0.05,0.1365,deprioritized,P(unrelated or weak)=1.00,typesafe-ai/jev,a4b41185524e,True
d3dfbffd-183a-4fd1-89b5-141d4ff5d80c,Archaeology Program Senior Research Awards,open,none,0.99,"{""weak"": 0.01, ""none"": 0.99, ""strong"": 0, ""moderate"": 0}",none,1.0,"{""G3"": 0, ""none"": 1, ""G4"": 0, ""G2"": 0, ""G1"": 0, ""G5"": 0}",atypical,0.92,"{""ineligible"": 0.07, ""atypical"": 0.92, ""unclear"": 0, ""lead"": 0, ""partner"": 0.01}",none,1.0,"{""MEDICAID"": 0, ""DAGING"": 0, ""OSEC"": 0, ""DCDEE"": 0, ""DSBDHH"": 0, ""DPH"": 0, ""DHSR"": 0, ""DSS"": 0, ""DCFW"": 0, ""ORH"": 0, ""none"": 1, ""DSOHF"": 0, ""DEIPD"": 0, ""DMHDDSUS"": 0}",0.0033,0.01,0.0017,deprioritized,P(unrelated)=0.99,typesafe-ai/jev,a4b41185524e,True
d3fa5bee-6713-46d4-9f6f-24e839301546,"International Programs & Trade, Invasive Species Program Funding Opportunity",open,none,0.84,"{""moderate"": 0, ""none"": 0.84, ""strong"": 0, ""weak"": 0.16}",none,0.99,"{""G3"": 0, ""none"": 0.99, ""G4"": 0, ""G5"": 0.01, ""G1"": 0, ""G2"": 0}",atypical,0.84,"{""partner"": 0.11, ""ineligible"": 0.04, ""lead"": 0.01, ""unclear"": 0, ""atypical"": 0.84}",none,0.99,"{""DHSR"": 0, ""none"": 0.99, ""DSS"": 0, ""DPH"": 0.01, ""DSBDHH"": 0, ""DAGING"": 0, ""DSOHF"": 0, ""DCFW"": 0, ""DCDEE"": 0, ""ORH"": 0, ""DEIPD"": 0, ""DMHDDSUS"": 0, ""MEDICAID"": 0, ""OSEC"": 0}",0.0533,0.12,0.0299,deprioritized,P(unrelated or weak)=1.00,typesafe-ai/jev,a4b41185524e,True
d40414c8-6ebb-4e3a-a9e0-5bf7e0a40d63,Pregnancy and Postpartum Hypertension Control Initiative,forecast,strong,0.96,"{""strong"": 0.96, ""moderate"": 0.04, ""weak"": 0, ""none"": 0}",G1,0.9,"{""G3"": 0, ""G2"": 0.09, ""G4"": 0, ""G5"": 0, ""G1"": 0.9, ""none"": 0.01}",partner,0.56,"{""ineligible"": 0, ""atypical"": 0.06, ""partner"": 0.56, ""unclear"": 0.13, ""lead"": 0.25}",DPH,0.98,"{""DSBDHH"": 0, ""DSOHF"": 0, ""DPH"": 0.98, ""DCDEE"": 0, ""DEIPD"": 0, ""DAGING"": 0, ""DSS"": 0, ""DCFW"": 0, ""DMHDDSUS"": 0, ""MEDICAID"": 0.01, ""DHSR"": 0, ""none"": 0, ""OSEC"": 0, ""ORH"": 0.01}",0.9867,0.81,0.8929,deep_review,not confidently irrelevant,typesafe-ai/jev,a4b41185524e,True
d4268bdd-718e-40f1-8754-b42a26df3aed,EPSCoR Research Infrastructure Improvement Program: EPSCoR Research Incubators for STEM Excellence (E-RISE),open,none,0.68,"{""weak"": 0.32, ""strong"": 0, ""moderate"": 0, ""none"": 0.68}",none,0.93,"{""G5"": 0.03, ""G3"": 0, ""G2"": 0, ""G1"": 0, ""none"": 0.93, ""G4"": 0.04}",ineligible,0.61,"{""atypical"": 0.13, ""ineligible"": 0.61, ""partner"": 0.26, ""lead"": 0, ""unclear"": 0}",none,0.99,"{""ORH"": 0, ""DCDEE"": 0, ""OSEC"": 0.01, ""DEIPD"": 0, ""DCFW"": 0, ""MEDICAID"": 0, ""DSS"": 0, ""DAGING"": 0, ""DSBDHH"": 0, ""DPH"": 0, ""DSOHF"": 0, ""DMHDDSUS"": 0, ""none"": 0.99, ""DHSR"": 0}",0.1067,0.26,0.0672,deprioritized,P(unrelated or weak)=1.00,typesafe-ai/jev,a4b41185524e,True
d4999547-c9a4-4812-9535-0d8d88fc4803,DOD Defense Health Agency (DHA) Research & Development FY23-FY27 BROAD AGENCY ANNOUNCEMENT for Extramural Medical Research,open,weak,0.79,"{""none"": 0.21, ""weak"": 0.79, ""moderate"": 0, ""strong"": 0}",none,0.92,"{""none"": 0.92, ""G4"": 0.01, ""G2"": 0, ""G1"": 0.02, ""G3"": 0, ""G5"": 0.05}",atypical,0.91,"{""unclear"": 0.06, ""lead"": 0, ""atypical"": 0.91, ""partner"": 0.03, ""ineligible"": 0}",none,0.9,"{""DCDEE"": 0, ""DPH"": 0.08, ""ORH"": 0, ""DSS"": 0, ""DSOHF"": 0.01, ""DCFW"": 0, ""none"": 0.9, ""DEIPD"": 0, ""MEDICAID"": 0, ""DSBDHH"": 0, ""DMHDDSUS"": 0, ""DHSR"": 0.01, ""OSEC"": 0, ""DAGING"": 0}",0.2633,0.03,0.1356,deprioritized,P(unrelated or weak)=1.00,typesafe-ai/jev,a4b41185524e,True
d4d26a55-bb35-40f0-b205-1b261d7807a7,Chicago FY 2021 – FY 2023 EDA Planning and Local Technical Assistance,open,none,0.86,"{""weak"": 0.13, ""strong"": 0, ""none"": 0.86, ""moderate"": 0.01}",none,0.91,"{""G1"": 0, ""G3"": 0, ""G4"": 0.05, ""none"": 0.91, ""G5"": 0.04, ""G2"": 0}",atypical,0.59,"{""partner"": 0.25, ""atypical"": 0.59, ""ineligible"": 0.01, ""lead"": 0.15, ""unclear"": 0}",none,0.96,"{""ORH"": 0, ""DSOHF"": 0, ""DAGING"": 0, ""DMHDDSUS"": 0, ""MEDICAID"": 0, ""DEIPD"": 0.01, ""DCDEE"": 0.03, ""DSS"": 0, ""DPH"": 0, ""DCFW"": 0, ""none"": 0.96, ""DHSR"": 0, ""OSEC"": 0, ""DSBDHH"": 0}",0.05,0.4,0.035,deprioritized,P(unrelated)=0.86,typesafe-ai/jev,a4b41185524e,True
d4e9f37d-0a43-40de-94bb-4d007267df73,MPS Physics Research Programs (MPS Physics),open,none,0.97,"{""moderate"": 0, ""strong"": 0, ""none"": 0.97, ""weak"": 0.03}",none,1.0,"{""G3"": 0, ""G1"": 0, ""G2"": 0, ""G5"": 0, ""none"": 1, ""G4"": 0}",atypical,0.98,"{""lead"": 0, ""unclear"": 0.02, ""partner"": 0, ""atypical"": 0.98, ""ineligible"": 0}",none,1.0,"{""DSOHF"": 0, ""DSBDHH"": 0, ""DSS"": 0, ""DHSR"": 0, ""DCFW"": 0, ""DAGING"": 0, ""DMHDDSUS"": 0, ""DPH"": 0, ""DEIPD"": 0, ""OSEC"": 0, ""ORH"": 0, ""MEDICAID"": 0, ""DCDEE"": 0, ""none"": 1}",0.01,0.0,0.005,deprioritized,P(unrelated)=0.97,typesafe-ai/jev,a4b41185524e,True
d5000ab5-7171-4c60-8d85-ce2117bfc9aa,Annual Recurring University Training and Research,open,none,0.97,"{""none"": 0.97, ""weak"": 0.03, ""moderate"": 0, ""strong"": 0}",none,0.95,"{""G4"": 0.05, ""G1"": 0, ""G3"": 0, ""none"": 0.95, ""G5"": 0, ""G2"": 0}",ineligible,0.64,"{""partner"": 0.08, ""ineligible"": 0.64, ""unclear"": 0.01, ""lead"": 0, ""atypical"": 0.27}",none,1.0,"{""none"": 1, ""MEDICAID"": 0, ""DEIPD"": 0, ""DSS"": 0, ""OSEC"": 0, ""DCFW"": 0, ""ORH"": 0, ""DCDEE"": 0, ""DSBDHH"": 0, ""DHSR"": 0, ""DSOHF"": 0, ""DAGING"": 0, ""DPH"": 0, ""DMHDDSUS"": 0}",0.01,0.08,0.0054,deprioritized,P(unrelated)=0.97,typesafe-ai/jev,a4b41185524e,True
d525c635-fbd4-4490-81d1-dcc147792eff,NHLBI Career Transition Award for Intramural Postdoctoral Fellows and Research Trainees (K22 Clinical Trial Required),open,weak,1.0,"{""strong"": 0, ""moderate"": 0, ""weak"": 1, ""none"": 0}",none,0.92,"{""G5"": 0, ""none"": 0.92, ""G4"": 0.08, ""G1"": 0, ""G2"": 0, ""G3"": 0}",atypical,0.94,"{""lead"": 0, ""partner"": 0.01, ""atypical"": 0.94, ""ineligible"": 0.05, ""unclear"": 0}",none,0.99,"{""MEDICAID"": 0, ""OSEC"": 0, ""ORH"": 0, ""DAGING"": 0, ""DMHDDSUS"": 0, ""DCFW"": 0, ""none"": 0.99, ""DSBDHH"": 0, ""DHSR"": 0, ""DPH"": 0.01, ""DSOHF"": 0, ""DEIPD"": 0, ""DSS"": 0, ""DCDEE"": 0}",0.3333,0.01,0.1683,deprioritized,P(unrelated or weak)=1.00,typesafe-ai/jev,a4b41185524e,True
d58539ca-cfee-40d8-a0cc-b4fbd68bdd79,Austin FY 2021 – FY 2023 EDA Planning and Local Technical Assistance,open,none,0.81,"{""strong"": 0, ""moderate"": 0.01, ""none"": 0.81, ""weak"": 0.17}",none,0.88,"{""none"": 0.88, ""G3"": 0, ""G4"": 0.06, ""G2"": 0, ""G1"": 0, ""G5"": 0.06}",atypical,0.6,"{""ineligible"": 0.01, ""unclear"": 0, ""lead"": 0.12, ""atypical"": 0.6, ""partner"": 0.27}",none,0.94,"{""DMHDDSUS"": 0, ""DHSR"": 0, ""DSS"": 0, ""DEIPD"": 0.01, ""DSBDHH"": 0, ""DAGING"": 0, ""DPH"": 0, ""DCFW"": 0, ""none"": 0.94, ""MEDICAID"": 0, ""DSOHF"": 0, ""DCDEE"": 0.04, ""ORH"": 0, ""OSEC"": 0.01}",0.0633,0.39,0.044,deprioritized,P(unrelated or weak)=0.98,typesafe-ai/jev,a4b41185524e,True
d585c440-7e3a-4f58-b09b-b5cc4f85955f,US Army Combat Capabilities Development Command Broad Agency Announcement,open,none,1.0,"{""strong"": 0, ""moderate"": 0, ""none"": 1, ""weak"": 0}",none,1.0,"{""none"": 1, ""G3"": 0, ""G4"": 0, ""G2"": 0, ""G1"": 0, ""G5"": 0}",ineligible,0.96,"{""ineligible"": 0.96, ""unclear"": 0, ""lead"": 0, ""partner"": 0, ""atypical"": 0.04}",none,1.0,"{""DHSR"": 0, ""OSEC"": 0, ""DSS"": 0, ""DEIPD"": 0, ""DSBDHH"": 0, ""DAGING"": 0, ""DCDEE"": 0, ""DCFW"": 0, ""none"": 1, ""MEDICAID"": 0, ""DSOHF"": 0, ""ORH"": 0, ""DPH"": 0, ""DMHDDSUS"": 0}",0.0,0.0,0.0,deprioritized,P(unrelated)=1.00,typesafe-ai/jev,a4b41185524e,True
d5b530c0-49d4-4132-b779-92740cd67b37,Innovation Grants to Nurture Initial Translational Efforts (IGNITE): Therapeutic Agent Characterization and Preclinical Efficacy Studies,forecast,weak,1.0,"{""weak"": 1, ""moderate"": 0, ""none"": 0, ""strong"": 0}",none,0.8,"{""G4"": 0, ""none"": 0.8, ""G1"": 0.01, ""G5"": 0.01, ""G3"": 0.18, ""G2"": 0}",atypical,0.87,"{""atypical"": 0.87, ""lead"": 0, ""ineligible"": 0.02, ""unclear"": 0, ""partner"": 0.11}",none,0.88,"{""DSS"": 0, ""DCFW"": 0, ""DCDEE"": 0, ""DSOHF"": 0.01, ""DEIPD"": 0, ""OSEC"": 0, ""MEDICAID"": 0, ""DAGING"": 0, ""DPH"": 0.03, ""none"": 0.88, ""DSBDHH"": 0, ""DMHDDSUS"": 0.08, ""DHSR"": 0, ""ORH"": 0}",0.3333,0.11,0.185,deprioritized,P(unrelated or weak)=1.00,typesafe-ai/jev,a4b41185524e,True
d608e124-edb6-4788-85f1-65c924070f62,FY 2024 – 2026 - Broad Agency Announcement (BAA),open,none,0.71,"{""weak"": 0.24, ""moderate"": 0.04, ""strong"": 0.01, ""none"": 0.71}",none,0.94,"{""G3"": 0, ""G4"": 0, ""G1"": 0.02, ""G2"": 0, ""G5"": 0.04, ""none"": 0.94}",atypical,0.88,"{""lead"": 0.02, ""ineligible"": 0.03, ""unclear"": 0, ""atypical"": 0.88, ""partner"": 0.07}",none,0.81,"{""DAGING"": 0, ""MEDICAID"": 0, ""DCFW"": 0, ""DSOHF"": 0, ""OSEC"": 0.01, ""DMHDDSUS"": 0, ""DHSR"": 0.01, ""DSS"": 0, ""DPH"": 0.16, ""DSBDHH"": 0, ""DEIPD"": 0, ""DCDEE"": 0.01, ""ORH"": 0, ""none"": 0.81}",0.1167,0.09,0.0636,deprioritized,P(unrelated or weak)=0.95,typesafe-ai/jev,a4b41185524e,True
d627b1df-47ea-4df5-8d54-0d22bfa6563f,DoW Melanoma Research Program Survivorship Research Award,open,weak,0.85,"{""weak"": 0.85, ""moderate"": 0, ""none"": 0.15, ""strong"": 0}",none,0.74,"{""G3"": 0, ""G2"": 0.01, ""G1"": 0.24, ""G4"": 0.01, ""none"": 0.74, ""G5"": 0}",atypical,0.84,"{""partner"": 0.06, ""unclear"": 0.1, ""atypical"": 0.84, ""ineligible"": 0, ""lead"": 0}",none,0.8,"{""OSEC"": 0, ""DCDEE"": 0, ""ORH"": 0, ""none"": 0.8, ""DEIPD"": 0, ""DSOHF"": 0, ""DHSR"": 0, ""DCFW"": 0, ""MEDICAID"": 0, ""DAGING"": 0, ""DPH"": 0.2, ""DMHDDSUS"": 0, ""DSS"": 0, ""DSBDHH"": 0}",0.2833,0.06,0.1502,deprioritized,P(unrelated or weak)=1.00,typesafe-ai/jev,a4b41185524e,True
d63a14af-6c35-4920-9a31-53d5aef8fd33,BRAIN Initiative: Data Archives for the BRAIN Initiative,forecast,weak,0.99,"{""weak"": 0.99, ""strong"": 0, ""moderate"": 0.01, ""none"": 0}",none,0.68,"{""none"": 0.68, ""G4"": 0.01, ""G5"": 0.17, ""G1"": 0, ""G2"": 0, ""G3"": 0.14}",atypical,0.68,"{""ineligible"": 0.01, ""partner"": 0.3, ""unclear"": 0, ""lead"": 0.01, ""atypical"": 0.68}",none,0.61,"{""DPH"": 0.04, ""DAGING"": 0, ""MEDICAID"": 0, ""DSBDHH"": 0, ""ORH"": 0, ""OSEC"": 0.06, ""DHSR"": 0, ""DCFW"": 0, ""none"": 0.61, ""DEIPD"": 0, ""DSS"": 0, ""DCDEE"": 0, ""DSOHF"": 0.01, ""DMHDDSUS"": 0.28}",0.3367,0.31,0.2205,deprioritized,P(unrelated or weak)=0.99,typesafe-ai/jev,a4b41185524e,True
d6520035-ce74-4cb2-9047-28429757d3dd,Statistics,open,none,0.63,"{""strong"": 0, ""none"": 0.63, ""weak"": 0.36, ""moderate"": 0.01}",none,0.87,"{""G1"": 0, ""G3"": 0, ""G5"": 0.13, ""G2"": 0, ""none"": 0.87, ""G4"": 0}",atypical,0.91,"{""unclear"": 0.06, ""lead"": 0, ""partner"": 0.03, ""atypical"": 0.91, ""ineligible"": 0}",none,0.88,"{""ORH"": 0, ""DSBDHH"": 0, ""DPH"": 0.04, ""DCFW"": 0, ""DMHDDSUS"": 0, ""DEIPD"": 0, ""MEDICAID"": 0, ""OSEC"": 0.08, ""DCDEE"": 0, ""DSOHF"": 0, ""DSS"": 0, ""none"": 0.88, ""DAGING"": 0, ""DHSR"": 0}",0.1267,0.03,0.0652,deprioritized,P(unrelated or weak)=0.99,typesafe-ai/jev,a4b41185524e,True
d6b0c5c6-bc62-4f60-938c-bee3a9a2b511,"Ryan White HIV/AIDS Program Part D - Women, Infants, Children and Youth Grant Supplemental Funding",forecast,strong,0.98,"{""weak"": 0, ""moderate"": 0.02, ""none"": 0, ""strong"": 0.98}",G1,0.76,"{""G4"": 0, ""G2"": 0.22, ""G3"": 0, ""none"": 0.02, ""G5"": 0, ""G1"": 0.76}",partner,0.49,"{""lead"": 0.23, ""ineligible"": 0.04, ""unclear"": 0.01, ""atypical"": 0.23, ""partner"": 0.49}",DPH,0.89,"{""DHSR"": 0, ""ORH"": 0.01, ""MEDICAID"": 0, ""DCFW"": 0, ""none"": 0.07, ""DMHDDSUS"": 0.03, ""DSS"": 0, ""OSEC"": 0, ""DAGING"": 0, ""DSOHF"": 0, ""DPH"": 0.89, ""DSBDHH"": 0, ""DEIPD"": 0, ""DCDEE"": 0}",0.9933,0.72,0.8543,deep_review,not confidently irrelevant,typesafe-ai/jev,a4b41185524e,True
d6b67f8d-4044-4415-9e98-033bd927bd3e,Zero Suicide Initiative,forecast,weak,0.52,"{""moderate"": 0.14, ""strong"": 0.26, ""none"": 0.08, ""weak"": 0.52}",none,0.56,"{""G5"": 0, ""G1"": 0, ""none"": 0.56, ""G3"": 0.44, ""G2"": 0, ""G4"": 0}",ineligible,0.99,"{""partner"": 0.01, ""unclear"": 0, ""lead"": 0, ""atypical"": 0, ""ineligible"": 0.99}",none,0.87,"{""DSOHF"": 0, ""DSBDHH"": 0, ""DHSR"": 0, ""DSS"": 0, ""DCFW"": 0, ""DAGING"": 0, ""DMHDDSUS"": 0.13, ""DPH"": 0, ""DEIPD"": 0, ""none"": 0.87, ""ORH"": 0, ""MEDICAID"": 0, ""DCDEE"": 0, ""OSEC"": 0}",0.5267,0.01,0.266,deprioritized,P(ineligible)=0.99,typesafe-ai/jev,a4b41185524e,True
d73ae356-f2bf-46e2-9838-207e1e01c400,Assay Validation of High Quality Markers for Clinical Studies in Cancer (UH2/UH3 Clinical Trial Not Allowed),forecast,weak,0.99,"{""weak"": 0.99, ""none"": 0, ""moderate"": 0.01, ""strong"": 0}",none,0.7,"{""G5"": 0.11, ""G3"": 0, ""none"": 0.7, ""G4"": 0.01, ""G2"": 0.01, ""G1"": 0.17}",atypical,0.62,"{""lead"": 0, ""unclear"": 0, ""ineligible"": 0.02, ""atypical"": 0.62, ""partner"": 0.36}",none,0.57,"{""DHSR"": 0.01, ""DSS"": 0, ""DPH"": 0.42, ""OSEC"": 0, ""DMHDDSUS"": 0, ""DCFW"": 0, ""DCDEE"": 0, ""DEIPD"": 0, ""DAGING"": 0, ""DSBDHH"": 0, ""none"": 0.57, ""DSOHF"": 0, ""ORH"": 0, ""MEDICAID"": 0}",0.3367,0.36,0.2289,deprioritized,P(unrelated or weak)=0.99,typesafe-ai/jev,a4b41185524e,True
d7411a32-fc22-4455-b33e-9cde49981bc4,Expeditions in Computing,open,none,0.98,"{""none"": 0.98, ""weak"": 0.02, ""moderate"": 0, ""strong"": 0}",none,0.96,"{""G1"": 0, ""none"": 0.96, ""G4"": 0, ""G3"": 0, ""G2"": 0, ""G5"": 0.04}",ineligible,0.87,"{""ineligible"": 0.87, ""partner"": 0.03, ""lead"": 0, ""atypical"": 0.1, ""unclear"": 0}",none,0.99,"{""OSEC"": 0.01, ""DPH"": 0, ""DSS"": 0, ""ORH"": 0, ""DSBDHH"": 0, ""DCFW"": 0, ""DEIPD"": 0, ""DMHDDSUS"": 0, ""none"": 0.99, ""MEDICAID"": 0, ""DCDEE"": 0, ""DAGING"": 0, ""DSOHF"": 0, ""DHSR"": 0}",0.0067,0.03,0.0034,deprioritized,P(unrelated)=0.98,typesafe-ai/jev,a4b41185524e,True
d74df651-ab55-4651-9c55-fc67b40d917c,Transformative Technologies for Experimental and Computational RNome Characterization and Functional Analysis,forecast,weak,1.0,"{""none"": 0, ""weak"": 1, ""moderate"": 0, ""strong"": 0}",none,0.87,"{""none"": 0.87, ""G2"": 0, ""G5"": 0.12, ""G3"": 0, ""G4"": 0.01, ""G1"": 0}",atypical,0.9,"{""atypical"": 0.9, ""partner"": 0.07, ""lead"": 0, ""ineligible"": 0.03, ""unclear"": 0}",none,0.92,"{""none"": 0.92, ""DSS"": 0, ""MEDICAID"": 0, ""DHSR"": 0, ""DSBDHH"": 0, ""DCFW"": 0, ""DEIPD"": 0, ""DMHDDSUS"": 0, ""DPH"": 0.08, ""ORH"": 0, ""DAGING"": 0, ""DSOHF"": 0, ""OSEC"": 0, ""DCDEE"": 0}",0.3333,0.07,0.1783,deprioritized,P(unrelated or weak)=1.00,typesafe-ai/jev,a4b41185524e,True
d75201a7-bce7-44f9-b16a-4aa957fd68d7,Midcareer Investigator Award in Patient-Oriented Research (Parent K24 Independent Clinical Trial Required),open,weak,0.97,"{""strong"": 0.01, ""moderate"": 0.02, ""none"": 0, ""weak"": 0.97}",none,0.61,"{""none"": 0.61, ""G5"": 0.01, ""G2"": 0, ""G4"": 0.36, ""G3"": 0.01, ""G1"": 0.01}",atypical,0.88,"{""lead"": 0, ""partner"": 0.11, ""unclear"": 0, ""atypical"": 0.88, ""ineligible"": 0.01}",none,0.79,"{""DCFW"": 0, ""ORH"": 0.03, ""DAGING"": 0, ""OSEC"": 0.01, ""DEIPD"": 0, ""DMHDDSUS"": 0.05, ""DSBDHH"": 0, ""DSOHF"": 0.05, ""DPH"": 0.06, ""MEDICAID"": 0, ""DCDEE"": 0, ""none"": 0.79, ""DSS"": 0, ""DHSR"": 0.01}",0.3467,0.11,0.1924,deprioritized,P(unrelated or weak)=0.97,typesafe-ai/jev,a4b41185524e,True
d7e29c22-7d81-49cc-9be1-c05e2140490d,Limited Competition: High Impact Specialized Innovation Programs in Clinical and Translational Science (RC2 Clinical Trial Optional),forecast,weak,0.95,"{""moderate"": 0.02, ""none"": 0.01, ""strong"": 0.02, ""weak"": 0.95}",none,0.72,"{""G1"": 0, ""G2"": 0, ""G3"": 0, ""G4"": 0.01, ""G5"": 0.27, ""none"": 0.72}",ineligible,0.4,"{""atypical"": 0.24, ""ineligible"": 0.4, ""lead"": 0, ""partner"": 0.36, ""unclear"": 0}",none,0.92,"{""DAGING"": 0, ""DCDEE"": 0, ""DCFW"": 0, ""DEIPD"": 0, ""DHSR"": 0, ""DMHDDSUS"": 0, ""DPH"": 0.08, ""DSBDHH"": 0, ""DSOHF"": 0, ""DSS"": 0, ""MEDICAID"": 0, ""ORH"": 0, ""OSEC"": 0, ""none"": 0.92}",0.35,0.36,0.238,deprioritized,P(unrelated or weak)=0.96,typesafe-ai/jev,a4b41185524e,True
d8202f1b-4bb1-4230-a4df-5278277b72a4,"DoW Military Burn, Patient-Centered Research Award",open,none,0.63,"{""strong"": 0, ""none"": 0.63, ""moderate"": 0, ""weak"": 0.37}",none,0.87,"{""G4"": 0.01, ""none"": 0.87, ""G1"": 0.1, ""G3"": 0, ""G5"": 0.02, ""G2"": 0}",atypical,0.86,"{""lead"": 0, ""partner"": 0.07, ""ineligible"": 0, ""unclear"": 0.07, ""atypical"": 0.86}",none,0.95,"{""DSBDHH"": 0, ""OSEC"": 0, ""DHSR"": 0.01, ""DMHDDSUS"": 0, ""none"": 0.95, ""DAGING"": 0, ""ORH"": 0, ""DSS"": 0, ""MEDICAID"": 0, ""DCFW"": 0, ""DCDEE"": 0, ""DPH"": 0.03, ""DSOHF"": 0.01, ""DEIPD"": 0}",0.1233,0.07,0.066,deprioritized,P(unrelated or weak)=1.00,typesafe-ai/jev,a4b41185524e,True
d8256c27-2afc-4973-b602-4b8c61a503a7,DoW Rare Cancers Concept Award,open,weak,0.75,"{""weak"": 0.75, ""none"": 0.25, ""moderate"": 0, ""strong"": 0}",none,0.73,"{""G4"": 0.01, ""G3"": 0, ""none"": 0.73, ""G5"": 0.01, ""G2"": 0, ""G1"": 0.25}",atypical,0.89,"{""ineligible"": 0, ""lead"": 0, ""atypical"": 0.89, ""partner"": 0.02, ""unclear"": 0.09}",none,0.83,"{""MEDICAID"": 0, ""DMHDDSUS"": 0, ""DCFW"": 0, ""DPH"": 0.15, ""none"": 0.83, ""DSS"": 0, ""DAGING"": 0, ""DCDEE"": 0.01, ""DSBDHH"": 0, ""OSEC"": 0, ""ORH"": 0, ""DSOHF"": 0.01, ""DEIPD"": 0, ""DHSR"": 0}",0.25,0.02,0.1275,deprioritized,P(unrelated or weak)=1.00,typesafe-ai/jev,a4b41185524e,True
d82a6cfb-6747-4940-82fa-1f2af5ce6a85,US Army Combat Capabilities Development Command (DEVCOM) Indo-Pacific Fundamental Research Collaboration Opportunities,open,none,1.0,"{""moderate"": 0, ""strong"": 0, ""none"": 1, ""weak"": 0}",none,1.0,"{""G3"": 0, ""G1"": 0, ""none"": 1, ""G5"": 0, ""G2"": 0, ""G4"": 0}",ineligible,0.64,"{""lead"": 0, ""unclear"": 0, ""partner"": 0, ""atypical"": 0.36, ""ineligible"": 0.64}",none,1.0,"{""DSOHF"": 0, ""DSBDHH"": 0, ""DSS"": 0, ""DHSR"": 0, ""DCFW"": 0, ""DAGING"": 0, ""DMHDDSUS"": 0, ""DPH"": 0, ""MEDICAID"": 0, ""OSEC"": 0, ""DEIPD"": 0, ""ORH"": 0, ""DCDEE"": 0, ""none"": 1}",0.0,0.0,0.0,deprioritized,P(unrelated)=1.00,typesafe-ai/jev,a4b41185524e,True
d87d3264-4bd8-470d-9b31-29bebd33c707,NINDS Efficacy and Exploratory Clinical Trials (UG3/UH3 - Clinical Trial Required),forecast,weak,1.0,"{""weak"": 1, ""moderate"": 0, ""none"": 0, ""strong"": 0}",none,0.89,"{""none"": 0.89, ""G2"": 0, ""G3"": 0.01, ""G1"": 0.08, ""G5"": 0.01, ""G4"": 0.01}",atypical,0.8,"{""ineligible"": 0.02, ""lead"": 0, ""atypical"": 0.8, ""partner"": 0.18, ""unclear"": 0}",none,0.86,"{""DEIPD"": 0, ""DCFW"": 0, ""OSEC"": 0, ""DAGING"": 0, ""MEDICAID"": 0, ""DSBDHH"": 0, ""ORH"": 0, ""DCDEE"": 0, ""none"": 0.86, ""DSS"": 0, ""DMHDDSUS"": 0.05, ""DHSR"": 0, ""DSOHF"": 0.02, ""DPH"": 0.07}",0.3333,0.18,0.1967,deprioritized,P(unrelated or weak)=1.00,typesafe-ai/jev,a4b41185524e,True
d88aea72-290a-4396-83ba-139886a6ffc8,NIGMS Institutional Biomedical Undergraduate Research Training (BURT) Program (T34),open,weak,1.0,"{""weak"": 1, ""strong"": 0, ""moderate"": 0, ""none"": 0}",none,0.59,"{""G3"": 0, ""G4"": 0.41, ""G1"": 0, ""none"": 0.59, ""G5"": 0, ""G2"": 0}",ineligible,0.57,"{""lead"": 0, ""unclear"": 0, ""ineligible"": 0.57, ""atypical"": 0.3, ""partner"": 0.13}",none,0.98,"{""DAGING"": 0, ""MEDICAID"": 0, ""DCFW"": 0, ""DSOHF"": 0, ""OSEC"": 0, ""DMHDDSUS"": 0, ""DHSR"": 0, ""DSS"": 0, ""DPH"": 0.01, ""DSBDHH"": 0, ""ORH"": 0.01, ""DCDEE"": 0, ""DEIPD"": 0, ""none"": 0.98}",0.3333,0.13,0.1883,deprioritized,P(unrelated or weak)=1.00,typesafe-ai/jev,a4b41185524e,True
d89e0652-3f85-4614-a6f3-0b3bd491928c,World Trade Center Health Program Mentored Research Scientist Career Development Award (K01),forecast,weak,0.96,"{""strong"": 0.01, ""moderate"": 0.03, ""weak"": 0.96, ""none"": 0}",none,0.69,"{""G5"": 0.01, ""none"": 0.69, ""G4"": 0.06, ""G1"": 0.19, ""G2"": 0, ""G3"": 0.05}",atypical,0.91,"{""lead"": 0, ""partner"": 0.07, ""atypical"": 0.91, ""ineligible"": 0.02, ""unclear"": 0}",none,0.66,"{""MEDICAID"": 0, ""OSEC"": 0, ""ORH"": 0, ""DAGING"": 0, ""DMHDDSUS"": 0.01, ""DCFW"": 0, ""none"": 0.66, ""DSBDHH"": 0, ""DSOHF"": 0, ""DSS"": 0, ""DHSR"": 0, ""DEIPD"": 0, ""DPH"": 0.33, ""DCDEE"": 0}",0.35,0.07,0.1872,deprioritized,P(unrelated or weak)=0.96,typesafe-ai/jev,a4b41185524e,True
d8d9d04f-99c9-4feb-b85a-3b4e5f240087,"Substance Abuse Prevention, Treatment, and Aftercare",forecast,weak,0.4,"{""weak"": 0.4, ""none"": 0.06, ""strong"": 0.38, ""moderate"": 0.16}",G3,0.5,"{""G3"": 0.5, ""none"": 0.49, ""G4"": 0, ""G5"": 0, ""G1"": 0.01, ""G2"": 0}",ineligible,0.95,"{""ineligible"": 0.95, ""atypical"": 0.01, ""unclear"": 0, ""partner"": 0.04, ""lead"": 0}",none,0.73,"{""MEDICAID"": 0, ""DAGING"": 0, ""OSEC"": 0, ""DCDEE"": 0, ""DSBDHH"": 0, ""DPH"": 0, ""DSS"": 0, ""DMHDDSUS"": 0.27, ""DCFW"": 0, ""DHSR"": 0, ""DSOHF"": 0, ""none"": 0.73, ""DEIPD"": 0, ""ORH"": 0}",0.62,0.04,0.3224,deprioritized,P(ineligible)=0.95,typesafe-ai/jev,a4b41185524e,True
d8dad5bf-fb45-4108-b461-3d83e0a5c046,Long Term Research in Environmental Biology,open,none,0.72,"{""strong"": 0, ""none"": 0.72, ""moderate"": 0, ""weak"": 0.28}",none,1.0,"{""none"": 1, ""G3"": 0, ""G4"": 0, ""G2"": 0, ""G1"": 0, ""G5"": 0}",ineligible,0.86,"{""ineligible"": 0.86, ""unclear"": 0, ""lead"": 0, ""atypical"": 0.11, ""partner"": 0.03}",none,0.99,"{""DSOHF"": 0, ""DHSR"": 0, ""DSS"": 0, ""DEIPD"": 0, ""DSBDHH"": 0, ""DAGING"": 0, ""OSEC"": 0, ""DCFW"": 0, ""none"": 0.99, ""MEDICAID"": 0, ""DPH"": 0.01, ""DCDEE"": 0, ""ORH"": 0, ""DMHDDSUS"": 0}",0.0933,0.03,0.0481,deprioritized,P(unrelated or weak)=1.00,typesafe-ai/jev,a4b41185524e,True
d8de0550-c5b0-4efc-872a-7777a933452b,Notice of Intent:  Program to End Modern Slavery FY 2025,open,weak,0.58,"{""weak"": 0.58, ""none"": 0.09, ""moderate"": 0.17, ""strong"": 0.16}",none,0.54,"{""G2"": 0.03, ""none"": 0.54, ""G3"": 0.01, ""G5"": 0.01, ""G4"": 0, ""G1"": 0.41}",partner,0.48,"{""atypical"": 0.35, ""lead"": 0, ""ineligible"": 0.13, ""unclear"": 0.04, ""partner"": 0.48}",none,0.58,"{""OSEC"": 0.01, ""none"": 0.58, ""MEDICAID"": 0, ""DHSR"": 0, ""DSBDHH"": 0, ""ORH"": 0, ""DSS"": 0.34, ""DAGING"": 0, ""DCFW"": 0.01, ""DPH"": 0.02, ""DMHDDSUS"": 0.04, ""DEIPD"": 0, ""DCDEE"": 0, ""DSOHF"": 0}",0.4667,0.48,0.3453,deep_review,not confidently irrelevant,typesafe-ai/jev,a4b41185524e,True
d91c6831-95b8-4598-90e1-255b03260d44,Limited Competition: Small Grant Program for NIDDK K01/K08/K23/K25 Recipients (R03 Clinical Trial Optional),open,weak,1.0,"{""strong"": 0, ""none"": 0, ""moderate"": 0, ""weak"": 1}",none,0.92,"{""G3"": 0, ""G1"": 0.01, ""G2"": 0, ""G4"": 0.06, ""none"": 0.92, ""G5"": 0.01}",atypical,0.97,"{""unclear"": 0, ""atypical"": 0.97, ""partner"": 0.01, ""lead"": 0, ""ineligible"": 0.02}",none,0.93,"{""MEDICAID"": 0, ""DSS"": 0, ""DAGING"": 0, ""OSEC"": 0, ""DCDEE"": 0, ""DMHDDSUS"": 0, ""DCFW"": 0, ""DSOHF"": 0, ""DSBDHH"": 0, ""DEIPD"": 0, ""ORH"": 0, ""none"": 0.93, ""DHSR"": 0, ""DPH"": 0.07}",0.3333,0.01,0.1683,deprioritized,P(unrelated or weak)=1.00,typesafe-ai/jev,a4b41185524e,True
d92a6645-61df-4765-8caa-4db9aa678c6e,NIA Expanding Research in AD/ADRD (ERA) Summer Research Education Program (R25 Independent Clinical Trial Not Allowed),open,weak,0.93,"{""strong"": 0.02, ""none"": 0, ""moderate"": 0.05, ""weak"": 0.93}",G4,0.77,"{""G3"": 0, ""none"": 0.22, ""G4"": 0.77, ""G5"": 0, ""G1"": 0.01, ""G2"": 0}",atypical,0.72,"{""unclear"": 0, ""atypical"": 0.72, ""ineligible"": 0, ""lead"": 0.01, ""partner"": 0.27}",none,0.6,"{""OSEC"": 0.01, ""none"": 0.6, ""ORH"": 0, ""DCFW"": 0.01, ""DSBDHH"": 0, ""DSS"": 0, ""DEIPD"": 0, ""DSOHF"": 0, ""DMHDDSUS"": 0.01, ""DHSR"": 0, ""DPH"": 0.08, ""MEDICAID"": 0, ""DCDEE"": 0, ""DAGING"": 0.29}",0.3633,0.28,0.2325,deep_review,not confidently irrelevant,typesafe-ai/jev,a4b41185524e,True
d9551b09-3a45-4dc1-a343-3f09521de9aa,"Fetal, Infant, and Child Death Review Program",forecast,strong,0.97,"{""moderate"": 0.03, ""strong"": 0.97, ""weak"": 0, ""none"": 0}",G2,0.95,"{""G2"": 0.95, ""none"": 0.02, ""G4"": 0, ""G5"": 0.02, ""G3"": 0, ""G1"": 0.01}",partner,0.45,"{""partner"": 0.45, ""atypical"": 0.01, ""unclear"": 0.08, ""ineligible"": 0, ""lead"": 0.46}",DPH,0.98,"{""DHSR"": 0, ""DCDEE"": 0, ""DCFW"": 0.01, ""ORH"": 0, ""none"": 0, ""DSBDHH"": 0, ""DEIPD"": 0, ""DSS"": 0.01, ""MEDICAID"": 0, ""DSOHF"": 0, ""DPH"": 0.98, ""DAGING"": 0, ""DMHDDSUS"": 0, ""OSEC"": 0}",0.99,0.91,0.9455,deep_review,not confidently irrelevant,typesafe-ai/jev,a4b41185524e,True
d9b0c7ce-9dbb-41a1-b994-2d2c636c6590,Avant Garde/Avenir Awards for Investigators Conducting High Risk/High Reward Research on HIV and Substance Use (or Substance Use Disorders) (DP1 Clinical Trial Optional),open,weak,0.99,"{""strong"": 0, ""none"": 0, ""moderate"": 0.01, ""weak"": 0.99}",G3,0.74,"{""G2"": 0, ""G4"": 0, ""G3"": 0.74, ""G1"": 0.06, ""none"": 0.2, ""G5"": 0}",atypical,0.86,"{""atypical"": 0.86, ""unclear"": 0, ""partner"": 0.13, ""lead"": 0.01, ""ineligible"": 0}",DMHDDSUS,0.62,"{""OSEC"": 0, ""ORH"": 0, ""none"": 0.31, ""DCFW"": 0, ""DCDEE"": 0, ""DSS"": 0, ""DSOHF"": 0.01, ""DEIPD"": 0, ""MEDICAID"": 0, ""DHSR"": 0, ""DPH"": 0.06, ""DMHDDSUS"": 0.62, ""DSBDHH"": 0, ""DAGING"": 0}",0.3367,0.14,0.1919,deprioritized,P(unrelated or weak)=0.99,typesafe-ai/jev,a4b41185524e,True
d9f9695f-bc11-49cb-a6ab-bebe8767c637,"Pilot Health Services and Economic Research on the Treatment of Drug, Alcohol, and Tobacco Use Disorders (R34 Clinical Trial Optional)",open,moderate,0.5,"{""weak"": 0.3, ""strong"": 0.2, ""moderate"": 0.5, ""none"": 0}",G3,0.97,"{""G5"": 0, ""G4"": 0, ""G1"": 0, ""G2"": 0, ""none"": 0.03, ""G3"": 0.97}",partner,0.5,"{""unclear"": 0, ""atypical"": 0.4, ""ineligible"": 0.01, ""lead"": 0.09, ""partner"": 0.5}",DMHDDSUS,0.85,"{""ORH"": 0, ""DCFW"": 0, ""DEIPD"": 0, ""DSOHF"": 0.02, ""OSEC"": 0, ""none"": 0.11, ""DCDEE"": 0, ""DMHDDSUS"": 0.85, ""DHSR"": 0, ""DPH"": 0.02, ""DSBDHH"": 0, ""DAGING"": 0, ""DSS"": 0, ""MEDICAID"": 0}",0.6333,0.59,0.5035,deep_review,not confidently irrelevant,typesafe-ai/jev,a4b41185524e,True
da13f6fa-c132-4963-9339-3c75046c75e8,NCMRR Early Career Research Award (R03 Clinical Trial Optional),open,weak,1.0,"{""moderate"": 0, ""strong"": 0, ""weak"": 1, ""none"": 0}",none,0.67,"{""G2"": 0.02, ""none"": 0.67, ""G4"": 0.04, ""G1"": 0.26, ""G3"": 0, ""G5"": 0.01}",atypical,0.93,"{""partner"": 0.05, ""atypical"": 0.93, ""unclear"": 0, ""ineligible"": 0.01, ""lead"": 0}",none,0.74,"{""DHSR"": 0.01, ""DCDEE"": 0, ""DCFW"": 0, ""ORH"": 0, ""none"": 0.74, ""DSBDHH"": 0, ""DEIPD"": 0.11, ""MEDICAID"": 0, ""DSS"": 0, ""DSOHF"": 0.01, ""DPH"": 0.04, ""DAGING"": 0, ""DMHDDSUS"": 0.08, ""OSEC"": 0.01}",0.3333,0.05,0.175,deprioritized,P(unrelated or weak)=1.00,typesafe-ai/jev,a4b41185524e,True
da4219b9-f953-44c0-b3dd-d955533772e0,"Clinical Data, Safety and Statistical Centers (CDSSC)",forecast,weak,0.95,"{""weak"": 0.95, ""moderate"": 0.04, ""none"": 0, ""strong"": 0.01}",none,0.7,"{""G3"": 0, ""none"": 0.7, ""G2"": 0, ""G5"": 0.24, ""G1"": 0.05, ""G4"": 0.01}",atypical,0.56,"{""unclear"": 0, ""atypical"": 0.56, ""lead"": 0.02, ""ineligible"": 0.02, ""partner"": 0.4}",none,0.63,"{""OSEC"": 0.02, ""DCFW"": 0, ""MEDICAID"": 0, ""DSBDHH"": 0, ""DPH"": 0.33, ""DMHDDSUS"": 0, ""DSOHF"": 0, ""DCDEE"": 0.01, ""DAGING"": 0, ""none"": 0.63, ""DSS"": 0, ""DHSR"": 0.01, ""ORH"": 0, ""DEIPD"": 0}",0.3533,0.42,0.2509,deprioritized,P(unrelated or weak)=0.95,typesafe-ai/jev,a4b41185524e,True
da7539a2-83d7-43b5-a2c6-c75c241c83db,"Pilot Studies of Biological, Behavioral and Social Mechanisms Contributing to HIV Pathogenesis Within the Mission of NIDDK (R21 Clinical Trial Not Allowed)",open,weak,1.0,"{""moderate"": 0, ""strong"": 0, ""none"": 0, ""weak"": 1}",none,0.62,"{""G5"": 0.01, ""G1"": 0.36, ""G2"": 0, ""G3"": 0, ""none"": 0.62, ""G4"": 0.01}",atypical,0.64,"{""unclear"": 0, ""atypical"": 0.64, ""ineligible"": 0, ""partner"": 0.35, ""lead"": 0.01}",none,0.61,"{""DSBDHH"": 0, ""DSOHF"": 0, ""DAGING"": 0, ""ORH"": 0, ""DCDEE"": 0.01, ""DMHDDSUS"": 0.01, ""MEDICAID"": 0, ""DEIPD"": 0, ""DHSR"": 0, ""DCFW"": 0, ""DSS"": 0, ""none"": 0.61, ""DPH"": 0.37, ""OSEC"": 0}",0.3333,0.36,0.2267,deprioritized,P(unrelated or weak)=1.00,typesafe-ai/jev,a4b41185524e,True
dab12ed3-a896-4907-ab71-3436214fdc13,The NIDDK Inflammatory Bowel Disease Genetics Consortium (IBDGC) Data Coordinating Center,forecast,weak,1.0,"{""weak"": 1, ""none"": 0, ""strong"": 0, ""moderate"": 0}",none,0.83,"{""G3"": 0, ""none"": 0.83, ""G4"": 0.01, ""G5"": 0.05, ""G1"": 0.11, ""G2"": 0}",atypical,0.58,"{""ineligible"": 0.01, ""atypical"": 0.58, ""unclear"": 0, ""partner"": 0.41, ""lead"": 0}",none,0.8,"{""DCFW"": 0, ""DAGING"": 0, ""OSEC"": 0.01, ""DCDEE"": 0, ""DPH"": 0.19, ""DSBDHH"": 0, ""DSS"": 0, ""DHSR"": 0, ""MEDICAID"": 0, ""ORH"": 0, ""none"": 0.8, ""DSOHF"": 0, ""DEIPD"": 0, ""DMHDDSUS"": 0}",0.3333,0.41,0.235,deprioritized,P(unrelated or weak)=1.00,typesafe-ai/jev,a4b41185524e,True
daffbf0f-45f1-423b-8b6d-e994db43ce08,Limited Competition: Superfund Hazardous Substance Research and Training Program (P42 Clinical Trial Optional),open,weak,1.0,"{""moderate"": 0, ""strong"": 0, ""none"": 0, ""weak"": 1}",none,0.88,"{""G3"": 0, ""G1"": 0.08, ""G2"": 0, ""G5"": 0.01, ""none"": 0.88, ""G4"": 0.03}",ineligible,0.52,"{""partner"": 0.41, ""unclear"": 0, ""lead"": 0, ""atypical"": 0.07, ""ineligible"": 0.52}",none,0.91,"{""DSOHF"": 0, ""DSBDHH"": 0, ""DHSR"": 0, ""DSS"": 0, ""DAGING"": 0, ""DCFW"": 0, ""DMHDDSUS"": 0, ""DPH"": 0.08, ""DEIPD"": 0, ""none"": 0.91, ""OSEC"": 0, ""ORH"": 0, ""DCDEE"": 0.01, ""MEDICAID"": 0}",0.3333,0.41,0.235,deprioritized,P(unrelated or weak)=1.00,typesafe-ai/jev,a4b41185524e,True
db2370bb-df90-4845-890a-7d25963d44ef,BRAIN Initiative: Brain-Behavior Quantification and Synchronization – Transformative Research on Behavior at the Organismal Level,forecast,weak,1.0,"{""moderate"": 0, ""none"": 0, ""strong"": 0, ""weak"": 1}",none,0.9,"{""G2"": 0, ""G1"": 0, ""G3"": 0.06, ""G5"": 0.03, ""none"": 0.9, ""G4"": 0.01}",atypical,0.8,"{""unclear"": 0, ""lead"": 0, ""partner"": 0.18, ""atypical"": 0.8, ""ineligible"": 0.02}",none,0.83,"{""DCFW"": 0, ""DSS"": 0, ""DPH"": 0.03, ""MEDICAID"": 0, ""DCDEE"": 0, ""OSEC"": 0, ""DSOHF"": 0.01, ""none"": 0.83, ""DEIPD"": 0, ""DMHDDSUS"": 0.13, ""ORH"": 0, ""DAGING"": 0, ""DHSR"": 0, ""DSBDHH"": 0}",0.3333,0.18,0.1967,deprioritized,P(unrelated or weak)=1.00,typesafe-ai/jev,a4b41185524e,True
db77b347-3d04-44b2-9ecd-ad04c0d896bd,Limited Competition: NIGMS Mature Synchrotron Resources (MSR) for Structural Biology (P30 - Clinical Trial Not Allowed),forecast,weak,0.99,"{""moderate"": 0, ""weak"": 0.99, ""none"": 0.01, ""strong"": 0}",none,0.97,"{""G2"": 0, ""G4"": 0, ""none"": 0.97, ""G5"": 0.03, ""G1"": 0, ""G3"": 0}",atypical,0.78,"{""atypical"": 0.78, ""lead"": 0, ""partner"": 0.02, ""unclear"": 0, ""ineligible"": 0.2}",none,0.99,"{""DSBDHH"": 0, ""none"": 0.99, ""DPH"": 0.01, ""DCDEE"": 0, ""DAGING"": 0, ""DCFW"": 0, ""DSOHF"": 0, ""MEDICAID"": 0, ""DSS"": 0, ""DMHDDSUS"": 0, ""DHSR"": 0, ""OSEC"": 0, ""ORH"": 0, ""DEIPD"": 0}",0.33,0.02,0.1683,deprioritized,P(unrelated or weak)=1.00,typesafe-ai/jev,a4b41185524e,True
dc4a1879-6e72-4d6f-8303-34f4c71cd5f5,Ocean Technology and Interdisciplinary Coordination,open,none,0.99,"{""none"": 0.99, ""moderate"": 0, ""weak"": 0.01, ""strong"": 0}",none,0.99,"{""G4"": 0, ""none"": 0.99, ""G1"": 0, ""G2"": 0, ""G3"": 0, ""G5"": 0.01}",atypical,0.94,"{""unclear"": 0.06, ""ineligible"": 0, ""atypical"": 0.94, ""lead"": 0, ""partner"": 0}",none,0.99,"{""DCDEE"": 0, ""MEDICAID"": 0, ""DSS"": 0, ""DSBDHH"": 0, ""DSOHF"": 0, ""DPH"": 0.01, ""DAGING"": 0, ""DEIPD"": 0, ""OSEC"": 0, ""none"": 0.99, ""ORH"": 0, ""DCFW"": 0, ""DMHDDSUS"": 0, ""DHSR"": 0}",0.0033,0.0,0.0017,deprioritized,P(unrelated)=0.99,typesafe-ai/jev,a4b41185524e,True
dcf3dae2-56a4-4107-8c0e-582a82132dbc,Community Forest and Open Space Conservation Program,open,none,0.83,"{""moderate"": 0.01, ""weak"": 0.16, ""strong"": 0, ""none"": 0.83}",none,0.98,"{""G2"": 0, ""G1"": 0.02, ""G3"": 0, ""G4"": 0, ""none"": 0.98, ""G5"": 0}",ineligible,0.98,"{""atypical"": 0, ""partner"": 0.02, ""unclear"": 0, ""ineligible"": 0.98, ""lead"": 0}",none,1.0,"{""OSEC"": 0, ""DCFW"": 0, ""ORH"": 0, ""DSBDHH"": 0, ""DMHDDSUS"": 0, ""DSS"": 0, ""DAGING"": 0, ""MEDICAID"": 0, ""DSOHF"": 0, ""DPH"": 0, ""DEIPD"": 0, ""DCDEE"": 0, ""none"": 1, ""DHSR"": 0}",0.06,0.02,0.0306,deprioritized,P(unrelated or weak)=0.99,typesafe-ai/jev,a4b41185524e,True
dd11fec8-7502-4ea4-b1c4-d2cfd69cd517,"Advancing Screening, Diagnosis, and Referral for Late Talking Children",forecast,weak,0.54,"{""weak"": 0.54, ""moderate"": 0.36, ""none"": 0, ""strong"": 0.1}",G2,0.97,"{""G1"": 0, ""G2"": 0.97, ""G3"": 0, ""G4"": 0, ""none"": 0.03, ""G5"": 0}",partner,0.63,"{""partner"": 0.63, ""unclear"": 0, ""atypical"": 0.33, ""ineligible"": 0.02, ""lead"": 0.02}",DCFW,0.46,"{""DSS"": 0, ""DCDEE"": 0.09, ""DAGING"": 0, ""none"": 0.11, ""DEIPD"": 0, ""DSOHF"": 0, ""DHSR"": 0, ""DCFW"": 0.46, ""MEDICAID"": 0, ""ORH"": 0, ""DPH"": 0.23, ""DMHDDSUS"": 0.06, ""DSBDHH"": 0.05, ""OSEC"": 0}",0.52,0.65,0.429,deep_review,not confidently irrelevant,typesafe-ai/jev,a4b41185524e,True
dd4bf75c-5d20-4d9f-b1db-51e395e6949c,Forecast to Publish a Funding Opportunity Announcement for Research Centers in Minority Institutions (RCMI) (U54 - Clinical Trial Optional),forecast,weak,1.0,"{""none"": 0, ""weak"": 1, ""strong"": 0, ""moderate"": 0}",none,0.6,"{""none"": 0.6, ""G4"": 0.05, ""G1"": 0.35, ""G3"": 0, ""G2"": 0, ""G5"": 0}",atypical,0.44,"{""atypical"": 0.44, ""lead"": 0, ""partner"": 0.31, ""unclear"": 0, ""ineligible"": 0.25}",none,0.93,"{""DCFW"": 0, ""OSEC"": 0.01, ""DHSR"": 0, ""DPH"": 0.04, ""ORH"": 0.01, ""MEDICAID"": 0, ""none"": 0.93, ""DSS"": 0, ""DCDEE"": 0, ""DSBDHH"": 0, ""DSOHF"": 0, ""DAGING"": 0, ""DEIPD"": 0, ""DMHDDSUS"": 0}",0.3333,0.31,0.2183,deprioritized,P(unrelated or weak)=1.00,typesafe-ai/jev,a4b41185524e,True
dd4de2c1-38cd-49f7-9020-cf3007305812,Understanding Cerebellar Contributions to Cognitive and Affective Functions in Aging and Alzheimer's Disease/Alzheimer's Disease-Related Dementias,forecast,weak,1.0,"{""strong"": 0, ""none"": 0, ""moderate"": 0, ""weak"": 1}",none,0.74,"{""G2"": 0, ""G1"": 0.22, ""G3"": 0.02, ""G5"": 0.01, ""none"": 0.74, ""G4"": 0.01}",atypical,0.81,"{""unclear"": 0, ""atypical"": 0.81, ""partner"": 0.11, ""lead"": 0, ""ineligible"": 0.07}",none,0.77,"{""DMHDDSUS"": 0.01, ""DSS"": 0, ""DPH"": 0.03, ""MEDICAID"": 0, ""DCDEE"": 0, ""DAGING"": 0.19, ""DCFW"": 0, ""none"": 0.77, ""DEIPD"": 0, ""OSEC"": 0, ""ORH"": 0, ""DSOHF"": 0, ""DHSR"": 0, ""DSBDHH"": 0}",0.3333,0.11,0.185,deprioritized,P(unrelated or weak)=1.00,typesafe-ai/jev,a4b41185524e,True
dd8d7a29-5191-4919-95ce-f7ac57922cff,Discovery of the Genetic Basis of Childhood Cancers and of Congenital Anomalies: Gabriella Miller Kids First Pediatric Research Program (X01 Clinical Trial Not Allowed),open,weak,1.0,"{""none"": 0, ""strong"": 0, ""moderate"": 0, ""weak"": 1}",G2,0.61,"{""G3"": 0, ""none"": 0.36, ""G4"": 0, ""G1"": 0.02, ""G2"": 0.61, ""G5"": 0.01}",atypical,0.52,"{""unclear"": 0, ""atypical"": 0.52, ""ineligible"": 0, ""lead"": 0, ""partner"": 0.48}",none,0.65,"{""DMHDDSUS"": 0, ""none"": 0.65, ""DSS"": 0, ""OSEC"": 0, ""DSBDHH"": 0, ""DHSR"": 0.01, ""MEDICAID"": 0, ""DAGING"": 0, ""DCDEE"": 0.01, ""DEIPD"": 0, ""DPH"": 0.33, ""DSOHF"": 0, ""ORH"": 0, ""DCFW"": 0}",0.3333,0.48,0.2467,deprioritized,P(unrelated or weak)=1.00,typesafe-ai/jev,a4b41185524e,True
dd97ae1d-d356-4337-a255-5aeeb1160258,NSF National Quantum Virtual Laboratory - Quantum Testbeds,open,none,0.99,"{""moderate"": 0, ""none"": 0.99, ""weak"": 0.01, ""strong"": 0}",none,0.97,"{""G4"": 0, ""G2"": 0, ""G3"": 0, ""G5"": 0.03, ""G1"": 0, ""none"": 0.97}",atypical,0.94,"{""unclear"": 0.01, ""ineligible"": 0.01, ""lead"": 0, ""atypical"": 0.94, ""partner"": 0.04}",none,1.0,"{""MEDICAID"": 0, ""DCFW"": 0, ""DCDEE"": 0, ""none"": 1, ""DAGING"": 0, ""DHSR"": 0, ""DSS"": 0, ""DSBDHH"": 0, ""OSEC"": 0, ""DMHDDSUS"": 0, ""DSOHF"": 0, ""DEIPD"": 0, ""DPH"": 0, ""ORH"": 0}",0.0033,0.04,0.0017,deprioritized,P(unrelated)=0.99,typesafe-ai/jev,a4b41185524e,True
dd9e8c2b-29ce-4232-949d-4fdd432fbec1,Functional Target Validation for Alzheimer's Disease-Related Dementias,forecast,weak,1.0,"{""strong"": 0, ""moderate"": 0, ""none"": 0, ""weak"": 1}",none,0.83,"{""G1"": 0.12, ""G5"": 0.01, ""none"": 0.83, ""G4"": 0.01, ""G3"": 0.03, ""G2"": 0}",atypical,0.89,"{""atypical"": 0.89, ""ineligible"": 0.02, ""lead"": 0, ""unclear"": 0, ""partner"": 0.09}",none,0.88,"{""DSOHF"": 0, ""DPH"": 0.06, ""DEIPD"": 0, ""ORH"": 0, ""MEDICAID"": 0, ""DSS"": 0, ""DCFW"": 0, ""DCDEE"": 0, ""DHSR"": 0, ""DSBDHH"": 0, ""DMHDDSUS"": 0.03, ""DAGING"": 0.03, ""none"": 0.88, ""OSEC"": 0}",0.3333,0.09,0.1817,deprioritized,P(unrelated or weak)=1.00,typesafe-ai/jev,a4b41185524e,True
dda0191e-e96c-484e-929b-eff4feb59d12,Integrated Specific Pathogen Free Research Models and Human New Approach Methodologies to Advance HIV/AIDS Research (U42 Clinical Trial Not Allowed),forecast,weak,1.0,"{""weak"": 1, ""strong"": 0, ""moderate"": 0, ""none"": 0}",none,0.75,"{""G5"": 0.18, ""G3"": 0, ""G4"": 0, ""G1"": 0.07, ""none"": 0.75, ""G2"": 0}",atypical,0.7,"{""lead"": 0.05, ""ineligible"": 0.12, ""unclear"": 0, ""atypical"": 0.7, ""partner"": 0.13}",none,0.81,"{""DSBDHH"": 0, ""DCDEE"": 0, ""DSS"": 0, ""DEIPD"": 0, ""DAGING"": 0, ""MEDICAID"": 0, ""OSEC"": 0, ""DCFW"": 0, ""DSOHF"": 0, ""DPH"": 0.18, ""ORH"": 0, ""DMHDDSUS"": 0.01, ""none"": 0.81, ""DHSR"": 0}",0.3333,0.18,0.1967,deprioritized,P(unrelated or weak)=1.00,typesafe-ai/jev,a4b41185524e,True
dda6c03f-68e1-42c7-b272-8fab8168f6c6,Mathematical Sciences Research Institutes,open,none,0.99,"{""weak"": 0.01, ""none"": 0.99, ""moderate"": 0, ""strong"": 0}",none,0.99,"{""G4"": 0, ""G3"": 0, ""none"": 0.99, ""G1"": 0, ""G2"": 0, ""G5"": 0.01}",ineligible,0.9,"{""ineligible"": 0.9, ""lead"": 0, ""atypical"": 0.08, ""partner"": 0.02, ""unclear"": 0}",none,1.0,"{""MEDICAID"": 0, ""DSOHF"": 0, ""DCFW"": 0, ""DHSR"": 0, ""none"": 1, ""DSS"": 0, ""DAGING"": 0, ""DCDEE"": 0, ""DSBDHH"": 0, ""OSEC"": 0, ""ORH"": 0, ""DPH"": 0, ""DEIPD"": 0, ""DMHDDSUS"": 0}",0.0033,0.02,0.0017,deprioritized,P(unrelated)=0.99,typesafe-ai/jev,a4b41185524e,True
ddc111aa-2808-4719-9c09-d7995a9a4860,Computational Mathematics,open,none,0.97,"{""weak"": 0.03, ""strong"": 0, ""moderate"": 0, ""none"": 0.97}",none,0.97,"{""none"": 0.97, ""G2"": 0, ""G5"": 0.03, ""G1"": 0, ""G4"": 0, ""G3"": 0}",atypical,0.97,"{""lead"": 0, ""partner"": 0, ""unclear"": 0.03, ""ineligible"": 0, ""atypical"": 0.97}",none,1.0,"{""DPH"": 0, ""DAGING"": 0, ""MEDICAID"": 0, ""ORH"": 0, ""DMHDDSUS"": 0, ""none"": 1, ""DHSR"": 0, ""OSEC"": 0, ""DSBDHH"": 0, ""DEIPD"": 0, ""DSS"": 0, ""DCDEE"": 0, ""DSOHF"": 0, ""DCFW"": 0}",0.01,0.0,0.005,deprioritized,P(unrelated)=0.97,typesafe-ai/jev,a4b41185524e,True
ddd95860-b88c-4683-bd79-35fef907910a,RESTORE Act Direct Component – Construction and Real Property Acquisition Activities,open,none,0.92,"{""strong"": 0, ""none"": 0.92, ""moderate"": 0, ""weak"": 0.08}",none,1.0,"{""G1"": 0, ""G3"": 0, ""G5"": 0, ""G2"": 0, ""none"": 1, ""G4"": 0}",atypical,0.43,"{""unclear"": 0.05, ""lead"": 0.25, ""partner"": 0.1, ""atypical"": 0.43, ""ineligible"": 0.17}",none,0.98,"{""DSBDHH"": 0, ""none"": 0.98, ""DPH"": 0.01, ""DCDEE"": 0.01, ""DEIPD"": 0, ""DMHDDSUS"": 0, ""MEDICAID"": 0, ""OSEC"": 0, ""ORH"": 0, ""DSOHF"": 0, ""DSS"": 0, ""DCFW"": 0, ""DAGING"": 0, ""DHSR"": 0}",0.0267,0.35,0.018,deprioritized,P(unrelated)=0.92,typesafe-ai/jev,a4b41185524e,True
de341cf8-64e0-4984-ab1c-bbc7f68a9057,Specialized Alcohol Research Centers (P50 Clinical trial Optional),forecast,weak,0.99,"{""none"": 0, ""weak"": 0.99, ""moderate"": 0.01, ""strong"": 0}",G3,0.76,"{""G1"": 0, ""none"": 0.23, ""G4"": 0.01, ""G3"": 0.76, ""G5"": 0, ""G2"": 0}",atypical,0.55,"{""atypical"": 0.55, ""partner"": 0.39, ""lead"": 0.02, ""ineligible"": 0.03, ""unclear"": 0}",DMHDDSUS,0.53,"{""OSEC"": 0, ""DPH"": 0.05, ""DSBDHH"": 0, ""ORH"": 0, ""DSS"": 0, ""DCFW"": 0, ""DEIPD"": 0, ""none"": 0.38, ""DMHDDSUS"": 0.53, ""MEDICAID"": 0, ""DCDEE"": 0, ""DAGING"": 0, ""DSOHF"": 0.04, ""DHSR"": 0}",0.3367,0.41,0.2373,deprioritized,P(unrelated or weak)=0.99,typesafe-ai/jev,a4b41185524e,True
de479d2e-aad1-466a-acc3-d5d11cf7918d,Research Interests of the Air Force Office of Scientific Research,open,none,0.98,"{""moderate"": 0, ""none"": 0.98, ""strong"": 0, ""weak"": 0.02}",none,1.0,"{""G2"": 0, ""G1"": 0, ""G3"": 0, ""G4"": 0, ""none"": 1, ""G5"": 0}",atypical,0.85,"{""unclear"": 0.13, ""lead"": 0, ""partner"": 0.01, ""atypical"": 0.85, ""ineligible"": 0.01}",none,0.99,"{""DSOHF"": 0, ""DSS"": 0, ""DAGING"": 0, ""none"": 0.99, ""DCDEE"": 0, ""MEDICAID"": 0, ""DCFW"": 0, ""OSEC"": 0, ""DEIPD"": 0, ""DSBDHH"": 0, ""ORH"": 0, ""DMHDDSUS"": 0, ""DHSR"": 0, ""DPH"": 0.01}",0.0067,0.01,0.0034,deprioritized,P(unrelated)=0.98,typesafe-ai/jev,a4b41185524e,True
de571551-37bc-4b3a-a20e-87f3e9f15cb4,Academic-Industrial Partnerships for Translation of Technologies for Diagnosis and Treatment (R01 - Clinical Trial Not Allowed),open,weak,1.0,"{""strong"": 0, ""weak"": 1, ""none"": 0, ""moderate"": 0}",none,0.64,"{""G3"": 0, ""G5"": 0.29, ""G1"": 0.06, ""G2"": 0, ""none"": 0.64, ""G4"": 0.01}",atypical,0.72,"{""partner"": 0.28, ""lead"": 0, ""atypical"": 0.72, ""unclear"": 0, ""ineligible"": 0}",none,0.81,"{""MEDICAID"": 0, ""OSEC"": 0.01, ""DMHDDSUS"": 0, ""DSS"": 0, ""DEIPD"": 0, ""DSBDHH"": 0.01, ""DHSR"": 0.01, ""DPH"": 0.13, ""DCFW"": 0, ""ORH"": 0.01, ""none"": 0.81, ""DSOHF"": 0.01, ""DCDEE"": 0.01, ""DAGING"": 0}",0.3333,0.28,0.2133,deprioritized,P(unrelated or weak)=1.00,typesafe-ai/jev,a4b41185524e,True
de59d5bf-ef2c-4e55-a202-69ab35180db3,NEA/AC Regional Annual Program Statement,open,none,0.99,"{""weak"": 0.01, ""moderate"": 0, ""strong"": 0, ""none"": 0.99}",none,1.0,"{""G1"": 0, ""G5"": 0, ""G4"": 0, ""G3"": 0, ""G2"": 0, ""none"": 1}",atypical,0.86,"{""lead"": 0.02, ""partner"": 0.04, ""unclear"": 0, ""ineligible"": 0.08, ""atypical"": 0.86}",none,0.99,"{""DPH"": 0, ""DMHDDSUS"": 0, ""DSBDHH"": 0, ""DCDEE"": 0, ""DSS"": 0, ""DEIPD"": 0, ""ORH"": 0, ""OSEC"": 0.01, ""DHSR"": 0, ""MEDICAID"": 0, ""DSOHF"": 0, ""DCFW"": 0, ""DAGING"": 0, ""none"": 0.99}",0.0033,0.06,0.0018,deprioritized,P(unrelated)=0.99,typesafe-ai/jev,a4b41185524e,True
de7207c4-980f-4dba-a286-e96db65fd55e,TTO Office Wide (OW) BAA 2025,open,none,1.0,"{""none"": 1, ""strong"": 0, ""moderate"": 0, ""weak"": 0}",none,0.99,"{""G3"": 0, ""none"": 0.99, ""G2"": 0, ""G1"": 0, ""G4"": 0, ""G5"": 0.01}",atypical,0.97,"{""unclear"": 0.01, ""atypical"": 0.97, ""ineligible"": 0.02, ""lead"": 0, ""partner"": 0}",none,1.0,"{""DMHDDSUS"": 0, ""none"": 1, ""DSS"": 0, ""OSEC"": 0, ""DCFW"": 0, ""DEIPD"": 0, ""MEDICAID"": 0, ""DAGING"": 0, ""DHSR"": 0, ""DSOHF"": 0, ""DCDEE"": 0, ""DPH"": 0, ""DSBDHH"": 0, ""ORH"": 0}",0.0,0.0,0.0,deprioritized,P(unrelated)=1.00,typesafe-ai/jev,a4b41185524e,True
de739b2d-53dd-455e-bab7-50ba7e9506fb,Population Assessment of Tobacco and Health (PATH) Study Biospecimen Access (X01),open,weak,0.93,"{""moderate"": 0.06, ""weak"": 0.93, ""none"": 0, ""strong"": 0.01}",none,0.52,"{""G1"": 0.01, ""G5"": 0.02, ""G4"": 0, ""none"": 0.52, ""G3"": 0.45, ""G2"": 0}",atypical,0.87,"{""unclear"": 0, ""lead"": 0.01, ""atypical"": 0.87, ""partner"": 0.12, ""ineligible"": 0}",DPH,0.64,"{""DCDEE"": 0, ""DPH"": 0.64, ""ORH"": 0, ""DSS"": 0, ""DSOHF"": 0, ""DCFW"": 0, ""none"": 0.24, ""DEIPD"": 0, ""MEDICAID"": 0, ""DSBDHH"": 0, ""DAGING"": 0, ""DHSR"": 0, ""DMHDDSUS"": 0.12, ""OSEC"": 0}",0.36,0.13,0.2034,deep_review,not confidently irrelevant,typesafe-ai/jev,a4b41185524e,True
de7d61a1-0bcd-4983-a87e-eb5be4860516,CCRP Initiative: Promoting a Basic Understanding of Chemical Threats to Skin (R01 Clinical Trial Not Allowed),open,weak,1.0,"{""moderate"": 0, ""strong"": 0, ""weak"": 1, ""none"": 0}",none,0.82,"{""G1"": 0.14, ""G2"": 0, ""G4"": 0.01, ""none"": 0.82, ""G3"": 0, ""G5"": 0.03}",atypical,0.78,"{""partner"": 0.21, ""atypical"": 0.78, ""unclear"": 0, ""ineligible"": 0, ""lead"": 0.01}",none,0.51,"{""DHSR"": 0, ""DCDEE"": 0.01, ""DCFW"": 0, ""ORH"": 0, ""none"": 0.51, ""DSBDHH"": 0, ""DEIPD"": 0, ""DSS"": 0, ""MEDICAID"": 0, ""DSOHF"": 0, ""DPH"": 0.48, ""DAGING"": 0, ""DMHDDSUS"": 0, ""OSEC"": 0}",0.3333,0.22,0.2033,deprioritized,P(unrelated or weak)=1.00,typesafe-ai/jev,a4b41185524e,True
de7f0a72-0ef8-4c9c-894b-1fc92c9d1097,Glioblastoma Therapeutics Network (GTN; U19 Clinical Trial Required),forecast,weak,1.0,"{""weak"": 1, ""strong"": 0, ""none"": 0, ""moderate"": 0}",none,0.84,"{""G2"": 0, ""G3"": 0, ""none"": 0.84, ""G1"": 0.14, ""G4"": 0.01, ""G5"": 0.01}",atypical,0.72,"{""lead"": 0, ""atypical"": 0.72, ""ineligible"": 0.07, ""unclear"": 0, ""partner"": 0.21}",none,0.93,"{""DSS"": 0, ""DPH"": 0.06, ""DEIPD"": 0, ""DMHDDSUS"": 0, ""ORH"": 0, ""DSBDHH"": 0, ""DHSR"": 0, ""DSOHF"": 0.01, ""DCFW"": 0, ""OSEC"": 0, ""DAGING"": 0, ""DCDEE"": 0, ""none"": 0.93, ""MEDICAID"": 0}",0.3333,0.21,0.2017,deprioritized,P(unrelated or weak)=1.00,typesafe-ai/jev,a4b41185524e,True
de903ee7-38f9-47e4-8a95-301edcf7fe46,NIH Pathway to Independence Award (Parent K99/R00  Independent Clinical Trial Required),open,weak,1.0,"{""weak"": 1, ""strong"": 0, ""none"": 0, ""moderate"": 0}",none,0.72,"{""G4"": 0.28, ""G2"": 0, ""G1"": 0, ""G5"": 0, ""none"": 0.72, ""G3"": 0}",atypical,0.95,"{""atypical"": 0.95, ""ineligible"": 0.03, ""unclear"": 0, ""partner"": 0.02, ""lead"": 0}",none,0.97,"{""DSBDHH"": 0, ""DSS"": 0, ""DHSR"": 0, ""DCDEE"": 0, ""DMHDDSUS"": 0, ""MEDICAID"": 0, ""DCFW"": 0, ""DSOHF"": 0, ""DEIPD"": 0, ""ORH"": 0, ""DPH"": 0.03, ""none"": 0.97, ""OSEC"": 0, ""DAGING"": 0}",0.3333,0.02,0.17,deprioritized,P(unrelated or weak)=1.00,typesafe-ai/jev,a4b41185524e,True
de984d54-e7f4-4da6-a553-8509070c43f9,Exploratory Grants in Cancer Control (R21 Clinical Trial Optional),open,weak,0.88,"{""weak"": 0.88, ""strong"": 0.02, ""moderate"": 0.1, ""none"": 0}",G1,0.53,"{""G3"": 0, ""G5"": 0.01, ""G1"": 0.53, ""G2"": 0, ""G4"": 0.01, ""none"": 0.45}",atypical,0.6,"{""unclear"": 0, ""ineligible"": 0, ""atypical"": 0.6, ""lead"": 0.03, ""partner"": 0.37}",DPH,0.79,"{""ORH"": 0, ""DPH"": 0.79, ""DHSR"": 0, ""DAGING"": 0, ""DCFW"": 0, ""DMHDDSUS"": 0, ""OSEC"": 0, ""DSS"": 0, ""DCDEE"": 0, ""MEDICAID"": 0, ""DSOHF"": 0, ""DSBDHH"": 0, ""none"": 0.21, ""DEIPD"": 0}",0.38,0.4,0.266,deep_review,not confidently irrelevant,typesafe-ai/jev,a4b41185524e,True
df4b024b-1d24-41ad-8e04-be5114c80049,Feasibility Clinical Trials of Mind and Body Interventions for NCCIH High Priority Research Topics (R34 Clinical Trial Required),open,weak,0.98,"{""weak"": 0.98, ""moderate"": 0.02, ""strong"": 0, ""none"": 0}",none,0.64,"{""G5"": 0.02, ""G4"": 0.01, ""G1"": 0.05, ""G2"": 0, ""G3"": 0.28, ""none"": 0.64}",atypical,0.72,"{""ineligible"": 0, ""unclear"": 0, ""partner"": 0.27, ""lead"": 0.01, ""atypical"": 0.72}",none,0.72,"{""DAGING"": 0, ""ORH"": 0.01, ""DPH"": 0.17, ""DHSR"": 0.01, ""DMHDDSUS"": 0.07, ""DSBDHH"": 0, ""OSEC"": 0.01, ""DCDEE"": 0, ""none"": 0.72, ""DCFW"": 0, ""DSS"": 0, ""DSOHF"": 0.01, ""DEIPD"": 0, ""MEDICAID"": 0}",0.34,0.28,0.2176,deprioritized,P(unrelated or weak)=0.98,typesafe-ai/jev,a4b41185524e,True
e0071a8f-bde5-444a-bd22-f6e7bce40345,Genomic Variant Interactions With Other Variants Or The Environment (UM1 Clinical Trials Not Allowed),forecast,weak,1.0,"{""strong"": 0, ""none"": 0, ""weak"": 1, ""moderate"": 0}",none,0.92,"{""G1"": 0.03, ""G4"": 0.01, ""none"": 0.92, ""G2"": 0, ""G3"": 0, ""G5"": 0.04}",atypical,0.72,"{""atypical"": 0.72, ""lead"": 0, ""partner"": 0.27, ""unclear"": 0, ""ineligible"": 0.01}",none,0.78,"{""DAGING"": 0, ""none"": 0.78, ""DCFW"": 0, ""OSEC"": 0, ""DPH"": 0.21, ""ORH"": 0, ""DMHDDSUS"": 0, ""MEDICAID"": 0, ""DSBDHH"": 0, ""DSOHF"": 0, ""DEIPD"": 0, ""DHSR"": 0, ""DSS"": 0, ""DCDEE"": 0.01}",0.3333,0.27,0.2117,deprioritized,P(unrelated or weak)=1.00,typesafe-ai/jev,a4b41185524e,True
e0b00d08-7c83-4488-8b55-94bd733a57fa,Occupational Safety and Health Research (R01),forecast,weak,0.86,"{""moderate"": 0.12, ""weak"": 0.86, ""none"": 0, ""strong"": 0.02}",none,0.53,"{""G4"": 0.34, ""G1"": 0.1, ""none"": 0.53, ""G5"": 0.03, ""G2"": 0, ""G3"": 0}",atypical,0.75,"{""atypical"": 0.75, ""ineligible"": 0, ""lead"": 0.02, ""unclear"": 0, ""partner"": 0.23}",DPH,0.63,"{""MEDICAID"": 0, ""OSEC"": 0.01, ""DSS"": 0, ""none"": 0.32, ""DMHDDSUS"": 0, ""DHSR"": 0.02, ""DEIPD"": 0.01, ""DSBDHH"": 0, ""DCDEE"": 0.01, ""DSOHF"": 0, ""DCFW"": 0, ""DAGING"": 0, ""DPH"": 0.63, ""ORH"": 0}",0.3867,0.25,0.2417,deep_review,not confidently irrelevant,typesafe-ai/jev,a4b41185524e,True
e0cc79e9-8179-4567-9776-7dc57f4e8e3c,Enhancement and Management of Established Biomedical Data Repositories and Knowledgebases (R24 Clinical Trial Not Allowed),forecast,weak,0.88,"{""moderate"": 0.08, ""none"": 0.01, ""strong"": 0.03, ""weak"": 0.88}",none,0.62,"{""G1"": 0, ""G2"": 0, ""G3"": 0, ""G4"": 0, ""G5"": 0.38, ""none"": 0.62}",atypical,0.63,"{""atypical"": 0.63, ""ineligible"": 0.14, ""lead"": 0.01, ""partner"": 0.22, ""unclear"": 0}",none,0.63,"{""DAGING"": 0, ""DCDEE"": 0, ""DCFW"": 0, ""DEIPD"": 0, ""DHSR"": 0, ""DMHDDSUS"": 0, ""DPH"": 0.25, ""DSBDHH"": 0, ""DSOHF"": 0, ""DSS"": 0, ""MEDICAID"": 0, ""ORH"": 0, ""OSEC"": 0.12, ""none"": 0.63}",0.3767,0.23,0.2316,deep_review,not confidently irrelevant,typesafe-ai/jev,a4b41185524e,True
e0e1e368-32db-4786-84d6-910d1ec6e17d,Single Source: Coordinating Center (CC) for the Small Cell Lung Cancer (SCLC) Consortium (U24 Clinical Trial Not Allowed),forecast,weak,1.0,"{""none"": 0, ""moderate"": 0, ""weak"": 1, ""strong"": 0}",none,0.91,"{""G4"": 0, ""none"": 0.91, ""G2"": 0, ""G1"": 0.04, ""G5"": 0.05, ""G3"": 0}",atypical,0.69,"{""partner"": 0.18, ""ineligible"": 0.13, ""unclear"": 0, ""lead"": 0, ""atypical"": 0.69}",none,0.83,"{""none"": 0.83, ""DHSR"": 0, ""DEIPD"": 0, ""ORH"": 0, ""OSEC"": 0, ""MEDICAID"": 0, ""DSOHF"": 0, ""DCDEE"": 0.01, ""DCFW"": 0, ""DSS"": 0, ""DSBDHH"": 0, ""DAGING"": 0, ""DPH"": 0.16, ""DMHDDSUS"": 0}",0.3333,0.18,0.1967,deprioritized,P(unrelated or weak)=1.00,typesafe-ai/jev,a4b41185524e,True
e101a9db-4cd3-4a31-936d-be3ebd1bfd5d,NIH Support for Conferences and Scientific Meetings (Parent R13 Clinical Trial Not Allowed),open,weak,0.92,"{""weak"": 0.92, ""moderate"": 0.07, ""none"": 0, ""strong"": 0.01}",none,0.69,"{""G2"": 0, ""G1"": 0, ""G3"": 0.01, ""none"": 0.69, ""G4"": 0.12, ""G5"": 0.18}",atypical,0.81,"{""unclear"": 0, ""lead"": 0.01, ""atypical"": 0.81, ""partner"": 0.18, ""ineligible"": 0}",none,0.68,"{""ORH"": 0.01, ""DCDEE"": 0, ""DMHDDSUS"": 0.02, ""none"": 0.68, ""DSOHF"": 0.01, ""DPH"": 0.21, ""DCFW"": 0, ""DAGING"": 0, ""MEDICAID"": 0, ""OSEC"": 0.06, ""DEIPD"": 0, ""DHSR"": 0.01, ""DSS"": 0, ""DSBDHH"": 0}",0.3633,0.19,0.2162,deep_review,not confidently irrelevant,typesafe-ai/jev,a4b41185524e,True
e14282e3-bc1a-4136-88f7-e99fe6d165f6,Limited Competition: HEAL Initiative Resource Centers for the Pain Management Effectiveness Network (ERN) (Clinical Trial Not Allowed),forecast,weak,0.98,"{""none"": 0, ""moderate"": 0.01, ""weak"": 0.98, ""strong"": 0.01}",none,0.76,"{""G3"": 0.1, ""none"": 0.76, ""G1"": 0.07, ""G5"": 0.06, ""G4"": 0.01, ""G2"": 0}",ineligible,0.7,"{""atypical"": 0.18, ""lead"": 0, ""ineligible"": 0.7, ""unclear"": 0.01, ""partner"": 0.11}",none,0.82,"{""DSS"": 0, ""DCFW"": 0, ""DCDEE"": 0, ""DSOHF"": 0.01, ""DEIPD"": 0, ""DPH"": 0.04, ""OSEC"": 0, ""DAGING"": 0, ""MEDICAID"": 0, ""none"": 0.82, ""DSBDHH"": 0, ""DMHDDSUS"": 0.12, ""DHSR"": 0, ""ORH"": 0}",0.3433,0.11,0.1906,deprioritized,P(unrelated or weak)=0.98,typesafe-ai/jev,a4b41185524e,True
e18ff1b5-c4e9-4868-8e28-f34a9b023d19,Development of Interventions to Prevent and Treat Substance Use Disorders and Overdose (UG3/UH3 - Clinical Trial Optional),open,weak,1.0,"{""weak"": 1, ""moderate"": 0, ""none"": 0, ""strong"": 0}",G3,0.83,"{""G5"": 0, ""G2"": 0, ""none"": 0.16, ""G4"": 0, ""G1"": 0.01, ""G3"": 0.83}",atypical,0.53,"{""lead"": 0.04, ""unclear"": 0, ""partner"": 0.43, ""atypical"": 0.53, ""ineligible"": 0}",DMHDDSUS,0.71,"{""MEDICAID"": 0, ""ORH"": 0, ""DSBDHH"": 0, ""DSOHF"": 0.02, ""DHSR"": 0, ""DCDEE"": 0, ""DAGING"": 0, ""DEIPD"": 0, ""DCFW"": 0, ""DPH"": 0.02, ""OSEC"": 0, ""DMHDDSUS"": 0.71, ""none"": 0.25, ""DSS"": 0}",0.3333,0.47,0.245,deprioritized,P(unrelated or weak)=1.00,typesafe-ai/jev,a4b41185524e,True
e1961b7b-1652-40d7-ba81-38b41d56d272,CONTAMINATED ALASKA NATIVE CLAIMS SETTLEMENT ACT LANDS ASSISTANCE PROGRAM,open,none,0.59,"{""none"": 0.59, ""weak"": 0.41, ""moderate"": 0, ""strong"": 0}",none,0.98,"{""G1"": 0.02, ""none"": 0.98, ""G2"": 0, ""G3"": 0, ""G4"": 0, ""G5"": 0}",ineligible,0.97,"{""ineligible"": 0.97, ""partner"": 0.01, ""lead"": 0, ""atypical"": 0, ""unclear"": 0.02}",none,0.98,"{""OSEC"": 0, ""DPH"": 0.02, ""DSS"": 0, ""ORH"": 0, ""DSBDHH"": 0, ""DCFW"": 0, ""DEIPD"": 0, ""none"": 0.98, ""DMHDDSUS"": 0, ""MEDICAID"": 0, ""DAGING"": 0, ""DSOHF"": 0, ""DCDEE"": 0, ""DHSR"": 0}",0.1367,0.01,0.069,deprioritized,P(unrelated or weak)=1.00,typesafe-ai/jev,a4b41185524e,True
e1a64f4a-2fa8-49ed-bf04-4b771abf9ee6,Radiation Oncology-Biology Integration Network (ROBIN) Centers (U54 Clinical Trial Required),forecast,weak,1.0,"{""weak"": 1, ""strong"": 0, ""none"": 0, ""moderate"": 0}",none,0.79,"{""G3"": 0, ""G1"": 0.12, ""G5"": 0.02, ""G2"": 0, ""G4"": 0.07, ""none"": 0.79}",atypical,0.78,"{""unclear"": 0, ""partner"": 0.16, ""ineligible"": 0.06, ""lead"": 0, ""atypical"": 0.78}",none,0.89,"{""ORH"": 0.01, ""DPH"": 0.07, ""DHSR"": 0.01, ""DAGING"": 0, ""DCFW"": 0, ""DMHDDSUS"": 0, ""OSEC"": 0, ""MEDICAID"": 0, ""DCDEE"": 0.01, ""DSS"": 0, ""DSOHF"": 0.01, ""DEIPD"": 0, ""none"": 0.89, ""DSBDHH"": 0}",0.3333,0.16,0.1933,deprioritized,P(unrelated or weak)=1.00,typesafe-ai/jev,a4b41185524e,True
e1b0ed10-a6ca-4ac5-9f50-23a426a76ccc,Reissue of RFA-FD-23-001- Clinical Studies of Orphan Products Addressing Unmet Needs of Rare Diseases (R01 Clinical Trials Required),open,weak,1.0,"{""strong"": 0, ""none"": 0, ""moderate"": 0, ""weak"": 1}",none,0.6,"{""G2"": 0, ""G4"": 0, ""G1"": 0.39, ""G3"": 0, ""G5"": 0.01, ""none"": 0.6}",atypical,0.82,"{""lead"": 0, ""partner"": 0.18, ""ineligible"": 0, ""unclear"": 0, ""atypical"": 0.82}",none,0.85,"{""DSBDHH"": 0, ""OSEC"": 0.01, ""DHSR"": 0.01, ""DMHDDSUS"": 0, ""DAGING"": 0, ""none"": 0.85, ""DPH"": 0.1, ""DSS"": 0, ""MEDICAID"": 0.01, ""DCFW"": 0, ""DCDEE"": 0.01, ""ORH"": 0, ""DSOHF"": 0.01, ""DEIPD"": 0}",0.3333,0.18,0.1967,deprioritized,P(unrelated or weak)=1.00,typesafe-ai/jev,a4b41185524e,True
e1c0a0df-a73b-4d36-bcf7-f218c13322ac,Division of Molecular and Cellular Biosciences Core Programs (MCB),open,weak,0.98,"{""none"": 0.02, ""moderate"": 0, ""weak"": 0.98, ""strong"": 0}",none,1.0,"{""G4"": 0, ""none"": 1, ""G1"": 0, ""G2"": 0, ""G3"": 0, ""G5"": 0}",ineligible,0.84,"{""unclear"": 0, ""ineligible"": 0.84, ""atypical"": 0.12, ""lead"": 0, ""partner"": 0.04}",none,1.0,"{""DSS"": 0, ""MEDICAID"": 0, ""DCFW"": 0, ""DSBDHH"": 0, ""DPH"": 0, ""DSOHF"": 0, ""DAGING"": 0, ""DEIPD"": 0, ""OSEC"": 0, ""none"": 1, ""ORH"": 0, ""DCDEE"": 0, ""DMHDDSUS"": 0, ""DHSR"": 0}",0.3267,0.04,0.1699,deprioritized,P(unrelated or weak)=1.00,typesafe-ai/jev,a4b41185524e,True
e1dcb919-4710-49c3-9263-4849a1e8a507,Effectiveness Trials for Post-Acute Interventions and Services to Optimize Longer-term Outcomes (R01 Clinical Trial Required),open,weak,0.9,"{""moderate"": 0.08, ""weak"": 0.9, ""strong"": 0.02, ""none"": 0}",G3,0.93,"{""G1"": 0, ""G5"": 0, ""G3"": 0.93, ""G4"": 0, ""none"": 0.07, ""G2"": 0}",atypical,0.56,"{""ineligible"": 0, ""partner"": 0.42, ""unclear"": 0, ""atypical"": 0.56, ""lead"": 0.02}",DMHDDSUS,0.67,"{""none"": 0.3, ""DCFW"": 0, ""ORH"": 0, ""DSBDHH"": 0, ""DPH"": 0.01, ""DSS"": 0, ""DSOHF"": 0.02, ""MEDICAID"": 0, ""DMHDDSUS"": 0.67, ""DAGING"": 0, ""DEIPD"": 0, ""DCDEE"": 0, ""OSEC"": 0, ""DHSR"": 0}",0.3733,0.44,0.2688,deep_review,not confidently irrelevant,typesafe-ai/jev,a4b41185524e,True
e22bca9c-d584-4185-bdd6-82470fe61715,Global Brain and Nervous System Disorders Research Across the Lifespan - Exploratory Grants,forecast,weak,1.0,"{""none"": 0, ""weak"": 1, ""strong"": 0, ""moderate"": 0}",none,0.79,"{""G4"": 0.01, ""none"": 0.79, ""G1"": 0.16, ""G3"": 0.03, ""G5"": 0.01, ""G2"": 0}",atypical,0.57,"{""atypical"": 0.57, ""unclear"": 0, ""partner"": 0.38, ""lead"": 0.01, ""ineligible"": 0.04}",none,0.77,"{""DCFW"": 0, ""OSEC"": 0, ""DSOHF"": 0, ""DSBDHH"": 0, ""ORH"": 0, ""MEDICAID"": 0, ""none"": 0.77, ""DMHDDSUS"": 0.07, ""DCDEE"": 0, ""DSS"": 0, ""DHSR"": 0, ""DAGING"": 0, ""DEIPD"": 0, ""DPH"": 0.16}",0.3333,0.39,0.2317,deprioritized,P(unrelated or weak)=1.00,typesafe-ai/jev,a4b41185524e,True
e2d26d70-f02b-4467-9b2a-b7371d123ee7,Maternal and Pediatric Precision in Therapeutics (MPRINT) Knowledge and Research Coordination Center,forecast,weak,0.99,"{""none"": 0, ""weak"": 0.99, ""moderate"": 0.01, ""strong"": 0}",G2,0.53,"{""G5"": 0.02, ""G2"": 0.53, ""none"": 0.41, ""G3"": 0, ""G4"": 0.03, ""G1"": 0.01}",partner,0.61,"{""atypical"": 0.34, ""partner"": 0.61, ""lead"": 0.01, ""ineligible"": 0.03, ""unclear"": 0.01}",none,0.65,"{""none"": 0.65, ""DAGING"": 0, ""MEDICAID"": 0, ""DSBDHH"": 0, ""DCFW"": 0, ""DSS"": 0, ""DEIPD"": 0, ""ORH"": 0, ""DPH"": 0.33, ""DMHDDSUS"": 0, ""DHSR"": 0.01, ""DSOHF"": 0, ""DCDEE"": 0.01, ""OSEC"": 0}",0.3367,0.62,0.2727,deprioritized,P(unrelated or weak)=0.99,typesafe-ai/jev,a4b41185524e,True
e2e24c39-0568-4097-bc17-3723ed52356c,NIAMS Clinical Trial Implementation Cooperative Agreement (UG3/UH3 Clinical Trial Required),open,weak,1.0,"{""strong"": 0, ""moderate"": 0, ""none"": 0, ""weak"": 1}",none,0.8,"{""G3"": 0, ""G5"": 0.01, ""G2"": 0, ""none"": 0.8, ""G1"": 0.17, ""G4"": 0.01}",atypical,0.74,"{""partner"": 0.25, ""lead"": 0.01, ""unclear"": 0, ""atypical"": 0.74, ""ineligible"": 0}",none,0.84,"{""DCFW"": 0, ""ORH"": 0.01, ""DAGING"": 0, ""OSEC"": 0, ""DEIPD"": 0, ""DMHDDSUS"": 0, ""DSBDHH"": 0, ""DSOHF"": 0.02, ""DCDEE"": 0, ""MEDICAID"": 0, ""DPH"": 0.12, ""none"": 0.84, ""DSS"": 0, ""DHSR"": 0.01}",0.3333,0.26,0.21,deprioritized,P(unrelated or weak)=1.00,typesafe-ai/jev,a4b41185524e,True
e30d88b1-d2e7-4ea7-a014-a2814177bdf6,Transformative Non-Invasive/Minimally Invasive Technologies for Imaging the Olfactory System Across Scales (R01 CT Optional),open,weak,1.0,"{""none"": 0, ""weak"": 1, ""moderate"": 0, ""strong"": 0}",none,0.9,"{""none"": 0.9, ""G5"": 0.07, ""G4"": 0.01, ""G1"": 0.02, ""G3"": 0, ""G2"": 0}",atypical,0.94,"{""partner"": 0.06, ""unclear"": 0, ""ineligible"": 0, ""lead"": 0, ""atypical"": 0.94}",none,0.91,"{""DCFW"": 0, ""OSEC"": 0, ""DHSR"": 0, ""DSS"": 0, ""DCDEE"": 0, ""DEIPD"": 0, ""DMHDDSUS"": 0, ""ORH"": 0, ""DSOHF"": 0, ""DPH"": 0.04, ""DAGING"": 0, ""DSBDHH"": 0.05, ""none"": 0.91, ""MEDICAID"": 0}",0.3333,0.06,0.1767,deprioritized,P(unrelated or weak)=1.00,typesafe-ai/jev,a4b41185524e,True
e31bc05f-38c3-4f6e-84f2-71aedf5b2743,International Research Scientist Development Award (IRSDA),forecast,weak,1.0,"{""strong"": 0, ""moderate"": 0, ""weak"": 1, ""none"": 0}",none,0.85,"{""G4"": 0.14, ""G2"": 0, ""G3"": 0, ""none"": 0.85, ""G1"": 0.01, ""G5"": 0}",ineligible,0.55,"{""unclear"": 0.01, ""atypical"": 0.37, ""partner"": 0.07, ""ineligible"": 0.55, ""lead"": 0}",none,0.98,"{""DEIPD"": 0, ""DSOHF"": 0, ""DAGING"": 0, ""DCDEE"": 0, ""DSS"": 0, ""OSEC"": 0, ""DSBDHH"": 0, ""DCFW"": 0, ""DMHDDSUS"": 0, ""MEDICAID"": 0, ""DHSR"": 0, ""none"": 0.98, ""ORH"": 0, ""DPH"": 0.02}",0.3333,0.07,0.1783,deprioritized,P(unrelated or weak)=1.00,typesafe-ai/jev,a4b41185524e,True
e3c8718a-6305-4ff1-8de7-fccb30d3102d,Partnership with Common Fund Data Ecosystem Resources,forecast,weak,0.97,"{""none"": 0.01, ""moderate"": 0.02, ""weak"": 0.97, ""strong"": 0}",none,0.62,"{""G4"": 0, ""G1"": 0, ""G3"": 0, ""none"": 0.62, ""G5"": 0.38, ""G2"": 0}",atypical,0.51,"{""partner"": 0.42, ""ineligible"": 0.04, ""unclear"": 0.01, ""lead"": 0.02, ""atypical"": 0.51}",none,0.74,"{""DSOHF"": 0, ""DHSR"": 0, ""DEIPD"": 0, ""ORH"": 0, ""OSEC"": 0.2, ""DSBDHH"": 0, ""MEDICAID"": 0, ""DCDEE"": 0, ""DCFW"": 0, ""DSS"": 0, ""none"": 0.74, ""DAGING"": 0, ""DPH"": 0.06, ""DMHDDSUS"": 0}",0.3367,0.44,0.2424,deprioritized,P(unrelated or weak)=0.98,typesafe-ai/jev,a4b41185524e,True
e451d778-c382-485d-bf3b-b20618a384d5,CCRP Initiative: NIH Countermeasures Against Chemical Threats (CounterACT) Basic Research on Chemical Threats that Affect the Nervous System (R01 Clinical Trial Not Allowed),open,weak,1.0,"{""strong"": 0, ""none"": 0, ""moderate"": 0, ""weak"": 1}",none,0.87,"{""G1"": 0.1, ""G4"": 0.01, ""G2"": 0, ""G3"": 0, ""G5"": 0.02, ""none"": 0.87}",atypical,0.86,"{""lead"": 0.01, ""partner"": 0.13, ""ineligible"": 0, ""unclear"": 0, ""atypical"": 0.86}",DPH,0.5,"{""DAGING"": 0, ""none"": 0.48, ""DHSR"": 0, ""DMHDDSUS"": 0.01, ""OSEC"": 0, ""DSBDHH"": 0, ""ORH"": 0, ""DSS"": 0, ""MEDICAID"": 0, ""DCFW"": 0, ""DCDEE"": 0.01, ""DPH"": 0.5, ""DSOHF"": 0, ""DEIPD"": 0}",0.3333,0.14,0.19,deprioritized,P(unrelated or weak)=1.00,typesafe-ai/jev,a4b41185524e,True
e4a95157-fd31-4a44-96ef-cfa0f95ec39c,Translational Center for Accelerating the Use of Digital Health Technologies Data in AD/ADRD Research,forecast,weak,0.96,"{""weak"": 0.96, ""none"": 0, ""strong"": 0.01, ""moderate"": 0.03}",none,0.49,"{""none"": 0.49, ""G5"": 0.42, ""G4"": 0.01, ""G3"": 0, ""G1"": 0.08, ""G2"": 0}",partner,0.62,"{""unclear"": 0.01, ""atypical"": 0.34, ""ineligible"": 0.02, ""lead"": 0.01, ""partner"": 0.62}",none,0.49,"{""ORH"": 0, ""DSOHF"": 0, ""DSS"": 0, ""DSBDHH"": 0, ""DEIPD"": 0, ""DAGING"": 0.45, ""MEDICAID"": 0, ""DCDEE"": 0, ""none"": 0.49, ""OSEC"": 0.01, ""DCFW"": 0, ""DPH"": 0.04, ""DMHDDSUS"": 0.01, ""DHSR"": 0}",0.35,0.63,0.2852,deprioritized,P(unrelated or weak)=0.96,typesafe-ai/jev,a4b41185524e,True
e4e8aa66-546b-4bf7-994e-395c11b8b7cf,Investigator Initiated Clinical Trials of Complementary and Integrative Interventions Delivered Remotely or via mHealth (R01 Clinical Trial Required),open,weak,0.97,"{""moderate"": 0.03, ""weak"": 0.97, ""strong"": 0, ""none"": 0}",none,0.58,"{""G2"": 0, ""G1"": 0.32, ""G5"": 0.08, ""G4"": 0.01, ""none"": 0.58, ""G3"": 0.01}",atypical,0.84,"{""atypical"": 0.84, ""partner"": 0.15, ""unclear"": 0, ""ineligible"": 0, ""lead"": 0.01}",none,0.73,"{""DMHDDSUS"": 0.03, ""DCFW"": 0, ""none"": 0.73, ""DSBDHH"": 0, ""ORH"": 0.02, ""DSS"": 0, ""DSOHF"": 0.01, ""MEDICAID"": 0, ""DPH"": 0.19, ""DAGING"": 0, ""DEIPD"": 0, ""DCDEE"": 0.01, ""OSEC"": 0, ""DHSR"": 0.01}",0.3433,0.16,0.1991,deprioritized,P(unrelated or weak)=0.97,typesafe-ai/jev,a4b41185524e,True
e511b41d-655a-4869-bfd3-09fbf0c33987,Holistic and Evidence-Informed Wellness for STI Prevention,forecast,strong,0.82,"{""none"": 0, ""moderate"": 0.15, ""weak"": 0.03, ""strong"": 0.82}",G1,0.9,"{""G4"": 0.01, ""G1"": 0.9, ""G2"": 0, ""none"": 0.08, ""G5"": 0, ""G3"": 0.01}",partner,0.68,"{""partner"": 0.68, ""ineligible"": 0, ""unclear"": 0.08, ""lead"": 0.09, ""atypical"": 0.15}",DPH,0.99,"{""DSOHF"": 0, ""MEDICAID"": 0, ""DEIPD"": 0, ""ORH"": 0, ""OSEC"": 0, ""DSS"": 0, ""DHSR"": 0, ""DCDEE"": 0, ""DSBDHH"": 0, ""DCFW"": 0, ""none"": 0.01, ""DAGING"": 0, ""DPH"": 0.99, ""DMHDDSUS"": 0}",0.93,0.77,0.823,deep_review,not confidently irrelevant,typesafe-ai/jev,a4b41185524e,True
e550440d-b923-46f8-83fd-79b13343f31c,Long Range Broad Agency Announcement (BAA) for NSWC Crane,open,none,1.0,"{""strong"": 0, ""moderate"": 0, ""none"": 1, ""weak"": 0}",none,1.0,"{""none"": 1, ""G5"": 0, ""G2"": 0, ""G4"": 0, ""G3"": 0, ""G1"": 0}",atypical,0.92,"{""partner"": 0, ""lead"": 0, ""atypical"": 0.92, ""unclear"": 0.07, ""ineligible"": 0.01}",none,1.0,"{""DCFW"": 0, ""ORH"": 0, ""DAGING"": 0, ""OSEC"": 0, ""DEIPD"": 0, ""DMHDDSUS"": 0, ""DPH"": 0, ""DSOHF"": 0, ""DSBDHH"": 0, ""MEDICAID"": 0, ""DCDEE"": 0, ""none"": 1, ""DSS"": 0, ""DHSR"": 0}",0.0,0.0,0.0,deprioritized,P(unrelated)=1.00,typesafe-ai/jev,a4b41185524e,True
e5632e9d-aec1-4184-abae-9ef950d31b6e,Readiness and Recreation Initiative (RARI) – Recurring 5 Year Notice,open,none,0.78,"{""strong"": 0.01, ""none"": 0.78, ""moderate"": 0.04, ""weak"": 0.17}",none,0.83,"{""G2"": 0.01, ""G4"": 0, ""G1"": 0.15, ""G3"": 0, ""G5"": 0.01, ""none"": 0.83}",partner,0.39,"{""lead"": 0.17, ""partner"": 0.39, ""ineligible"": 0.07, ""unclear"": 0, ""atypical"": 0.37}",none,0.99,"{""DAGING"": 0, ""OSEC"": 0, ""DHSR"": 0, ""DMHDDSUS"": 0, ""none"": 0.99, ""DSBDHH"": 0, ""ORH"": 0, ""DSS"": 0, ""MEDICAID"": 0, ""DCFW"": 0, ""DCDEE"": 0.01, ""DPH"": 0, ""DEIPD"": 0, ""DSOHF"": 0}",0.0933,0.56,0.0728,deprioritized,P(unrelated or weak)=0.95,typesafe-ai/jev,a4b41185524e,True
e56b9ac3-476c-4951-a799-942e6d6b75cd,Population Approaches to Reducing Alcohol-related Cancer Risk (R01 Clinical Trial Optional),open,weak,0.61,"{""weak"": 0.61, ""none"": 0, ""moderate"": 0.31, ""strong"": 0.08}",G3,0.8,"{""G5"": 0, ""G4"": 0, ""none"": 0.17, ""G3"": 0.8, ""G2"": 0, ""G1"": 0.03}",partner,0.5,"{""lead"": 0.03, ""partner"": 0.5, ""ineligible"": 0, ""atypical"": 0.47, ""unclear"": 0}",DPH,0.6,"{""DHSR"": 0, ""DSS"": 0, ""DPH"": 0.6, ""DMHDDSUS"": 0.19, ""OSEC"": 0, ""DCFW"": 0, ""DCDEE"": 0, ""DEIPD"": 0, ""DAGING"": 0, ""DSBDHH"": 0, ""DSOHF"": 0, ""none"": 0.21, ""ORH"": 0, ""MEDICAID"": 0}",0.49,0.53,0.3749,deep_review,not confidently irrelevant,typesafe-ai/jev,a4b41185524e,True
e58ad244-5d2a-44fa-b4e1-3b0ed45e9769,"Pioneering Aerospace Capabilities, Engineering and Research (PACER)",open,none,1.0,"{""moderate"": 0, ""strong"": 0, ""none"": 1, ""weak"": 0}",none,1.0,"{""G3"": 0, ""G1"": 0, ""none"": 1, ""G5"": 0, ""G2"": 0, ""G4"": 0}",atypical,0.91,"{""lead"": 0, ""unclear"": 0.09, ""partner"": 0, ""atypical"": 0.91, ""ineligible"": 0}",none,1.0,"{""DSOHF"": 0, ""DSBDHH"": 0, ""DSS"": 0, ""DHSR"": 0, ""DCFW"": 0, ""DAGING"": 0, ""DMHDDSUS"": 0, ""DPH"": 0, ""DEIPD"": 0, ""none"": 1, ""MEDICAID"": 0, ""OSEC"": 0, ""DCDEE"": 0, ""ORH"": 0}",0.0,0.0,0.0,deprioritized,P(unrelated)=1.00,typesafe-ai/jev,a4b41185524e,True
e5f5f538-4a0a-41b2-a8b7-d91ec12931f9,COE for Technical Training and Human Performance,open,none,0.89,"{""strong"": 0, ""none"": 0.89, ""moderate"": 0, ""weak"": 0.11}",none,0.89,"{""G4"": 0.09, ""none"": 0.89, ""G1"": 0, ""G3"": 0, ""G5"": 0.02, ""G2"": 0}",ineligible,0.63,"{""lead"": 0, ""partner"": 0.16, ""ineligible"": 0.63, ""unclear"": 0.01, ""atypical"": 0.2}",none,0.95,"{""DAGING"": 0, ""none"": 0.95, ""DHSR"": 0.02, ""DMHDDSUS"": 0, ""DSBDHH"": 0, ""OSEC"": 0, ""ORH"": 0, ""DSS"": 0, ""MEDICAID"": 0, ""DCFW"": 0, ""DCDEE"": 0.01, ""DPH"": 0, ""DEIPD"": 0.02, ""DSOHF"": 0}",0.0367,0.16,0.0213,deprioritized,P(unrelated)=0.89,typesafe-ai/jev,a4b41185524e,True
e62cf002-ae6f-43c5-a5d2-780e7877f0c6,Establishing a Research Network to Guide Foundational Research on Human Consciousness,forecast,weak,1.0,"{""weak"": 1, ""strong"": 0, ""none"": 0, ""moderate"": 0}",none,0.8,"{""G2"": 0, ""G5"": 0.04, ""G3"": 0.11, ""G4"": 0.01, ""none"": 0.8, ""G1"": 0.04}",atypical,0.74,"{""partner"": 0.23, ""ineligible"": 0.02, ""atypical"": 0.74, ""lead"": 0.01, ""unclear"": 0}",none,0.82,"{""DAGING"": 0, ""DSBDHH"": 0, ""DSS"": 0, ""DMHDDSUS"": 0.08, ""DEIPD"": 0, ""OSEC"": 0.01, ""ORH"": 0, ""DCFW"": 0, ""DPH"": 0.06, ""none"": 0.82, ""DHSR"": 0.01, ""DCDEE"": 0, ""MEDICAID"": 0, ""DSOHF"": 0.02}",0.3333,0.24,0.2067,deprioritized,P(unrelated or weak)=1.00,typesafe-ai/jev,a4b41185524e,True
e6357a53-0478-4e38-aa89-64c4492221ee,Clinical Data Ecosystem for Genomics (CDEG),forecast,weak,0.79,"{""weak"": 0.79, ""moderate"": 0.15, ""none"": 0, ""strong"": 0.06}",G5,0.69,"{""G1"": 0.04, ""G4"": 0, ""G2"": 0, ""G3"": 0, ""none"": 0.27, ""G5"": 0.69}",partner,0.69,"{""unclear"": 0.01, ""partner"": 0.69, ""atypical"": 0.29, ""ineligible"": 0, ""lead"": 0.01}",none,0.51,"{""DMHDDSUS"": 0, ""DCDEE"": 0.01, ""ORH"": 0.01, ""none"": 0.51, ""DEIPD"": 0, ""DSOHF"": 0, ""DHSR"": 0.01, ""DCFW"": 0, ""MEDICAID"": 0.01, ""DAGING"": 0, ""DPH"": 0.33, ""OSEC"": 0.12, ""DSBDHH"": 0, ""DSS"": 0}",0.4233,0.7,0.3598,deep_review,not confidently irrelevant,typesafe-ai/jev,a4b41185524e,True
e656176c-fec2-4132-8761-875dfa73dbc8,Network of the National Library of Medicine Regional Medical Libraries (UG4 Clinical Trial Not Allowed),forecast,weak,0.84,"{""none"": 0.02, ""weak"": 0.84, ""moderate"": 0.11, ""strong"": 0.03}",none,0.65,"{""G1"": 0.14, ""none"": 0.65, ""G5"": 0.17, ""G3"": 0, ""G2"": 0, ""G4"": 0.04}",atypical,0.59,"{""atypical"": 0.59, ""partner"": 0.37, ""lead"": 0.01, ""ineligible"": 0.03, ""unclear"": 0}",none,0.87,"{""OSEC"": 0.06, ""DPH"": 0.05, ""DSBDHH"": 0, ""ORH"": 0.02, ""DSS"": 0, ""DCFW"": 0, ""DEIPD"": 0, ""DMHDDSUS"": 0, ""none"": 0.87, ""MEDICAID"": 0, ""DSOHF"": 0, ""DAGING"": 0, ""DCDEE"": 0, ""DHSR"": 0}",0.3833,0.38,0.2645,deep_review,not confidently irrelevant,typesafe-ai/jev,a4b41185524e,True
e66f1f91-42dc-4a57-acba-8986d3e08df1,University Nuclear Leadership Program– Scholarship and Fellowship Support,open,none,0.97,"{""strong"": 0, ""none"": 0.97, ""moderate"": 0, ""weak"": 0.03}",none,0.96,"{""G1"": 0, ""none"": 0.96, ""G2"": 0, ""G3"": 0, ""G5"": 0, ""G4"": 0.04}",ineligible,0.6,"{""lead"": 0, ""partner"": 0.01, ""ineligible"": 0.6, ""atypical"": 0.38, ""unclear"": 0.01}",none,1.0,"{""DSBDHH"": 0, ""OSEC"": 0, ""DHSR"": 0, ""DMHDDSUS"": 0, ""none"": 1, ""DAGING"": 0, ""DPH"": 0, ""DSS"": 0, ""MEDICAID"": 0, ""DCFW"": 0, ""DCDEE"": 0, ""ORH"": 0, ""DSOHF"": 0, ""DEIPD"": 0}",0.01,0.01,0.005,deprioritized,P(unrelated)=0.97,typesafe-ai/jev,a4b41185524e,True
e6969b26-53d6-4661-8f5e-a2405a9eb8b5,Investigator Initiated Innovation in Computational Genomics and Data Science (R21 Clinical Trial Not Allowed),open,weak,1.0,"{""moderate"": 0, ""strong"": 0, ""none"": 0, ""weak"": 1}",none,0.71,"{""G4"": 0.01, ""G1"": 0, ""G5"": 0.28, ""none"": 0.71, ""G2"": 0, ""G3"": 0}",atypical,0.91,"{""atypical"": 0.91, ""ineligible"": 0, ""lead"": 0, ""unclear"": 0, ""partner"": 0.09}",none,0.79,"{""MEDICAID"": 0, ""OSEC"": 0.02, ""DSS"": 0, ""none"": 0.79, ""DMHDDSUS"": 0, ""DHSR"": 0, ""DSOHF"": 0, ""DSBDHH"": 0, ""DCDEE"": 0.01, ""DEIPD"": 0, ""DCFW"": 0, ""DAGING"": 0, ""DPH"": 0.18, ""ORH"": 0}",0.3333,0.09,0.1817,deprioritized,P(unrelated or weak)=1.00,typesafe-ai/jev,a4b41185524e,True
e6a93914-3bb7-4b7e-90b8-35bed678fc45,ancient DNA for Modern Genomics (aDMG) Research Projects (U01 Clinical Trials Not Allowed),forecast,weak,1.0,"{""weak"": 1, ""moderate"": 0, ""none"": 0, ""strong"": 0}",none,0.91,"{""G3"": 0, ""G2"": 0, ""G1"": 0.02, ""G4"": 0.01, ""none"": 0.91, ""G5"": 0.06}",atypical,0.84,"{""partner"": 0.13, ""unclear"": 0, ""atypical"": 0.84, ""ineligible"": 0.02, ""lead"": 0.01}",none,0.78,"{""DMHDDSUS"": 0, ""DCDEE"": 0.01, ""DAGING"": 0, ""none"": 0.78, ""DEIPD"": 0, ""ORH"": 0, ""DHSR"": 0, ""DCFW"": 0, ""MEDICAID"": 0, ""DSOHF"": 0, ""DPH"": 0.21, ""OSEC"": 0, ""DSS"": 0, ""DSBDHH"": 0}",0.3333,0.14,0.19,deprioritized,P(unrelated or weak)=1.00,typesafe-ai/jev,a4b41185524e,True
e7274f1f-6c35-4794-b86f-38504861afbc,Developing novel theory and methods for understanding the genetic architecture of complex human traits (R01 Clinical Trial Not Allowed),open,weak,1.0,"{""strong"": 0, ""moderate"": 0, ""weak"": 1, ""none"": 0}",none,0.95,"{""G5"": 0.03, ""G3"": 0, ""G4"": 0.01, ""G2"": 0, ""G1"": 0.01, ""none"": 0.95}",atypical,0.82,"{""lead"": 0, ""partner"": 0.18, ""atypical"": 0.82, ""ineligible"": 0, ""unclear"": 0}",none,0.84,"{""DCDEE"": 0.01, ""OSEC"": 0, ""ORH"": 0, ""DAGING"": 0, ""DMHDDSUS"": 0.01, ""DCFW"": 0, ""none"": 0.84, ""DSBDHH"": 0, ""DHSR"": 0, ""DPH"": 0.14, ""DSOHF"": 0, ""DEIPD"": 0, ""DSS"": 0, ""MEDICAID"": 0}",0.3333,0.18,0.1967,deprioritized,P(unrelated or weak)=1.00,typesafe-ai/jev,a4b41185524e,True
e77962cd-432d-4ef2-8658-04ebc1a1796d,Clinical Characterization of Cancer Therapy-induced Adverse Sequelae and Mechanism-based Interventional Strategies (R01 Clinical Trial Optional),open,weak,1.0,"{""weak"": 1, ""moderate"": 0, ""none"": 0, ""strong"": 0}",none,0.73,"{""G3"": 0, ""none"": 0.73, ""G1"": 0.25, ""G5"": 0.01, ""G4"": 0.01, ""G2"": 0}",atypical,0.8,"{""atypical"": 0.8, ""lead"": 0, ""ineligible"": 0, ""unclear"": 0, ""partner"": 0.2}",none,0.75,"{""DSS"": 0, ""DCFW"": 0, ""DCDEE"": 0.01, ""DEIPD"": 0, ""DSOHF"": 0.01, ""MEDICAID"": 0, ""OSEC"": 0, ""DAGING"": 0, ""DPH"": 0.22, ""none"": 0.75, ""DSBDHH"": 0, ""DMHDDSUS"": 0, ""DHSR"": 0.01, ""ORH"": 0}",0.3333,0.2,0.2,deprioritized,P(unrelated or weak)=1.00,typesafe-ai/jev,a4b41185524e,True
e7df2416-8261-4da1-b5b4-c01298b1295f,Limited Competition: Ruth L. Kirschstein National Research Service Award (NRSA) Institutional Research Training Grant for the Clinical and Translational Science Awards Program,forecast,weak,0.99,"{""moderate"": 0, ""strong"": 0, ""none"": 0.01, ""weak"": 0.99}",none,0.82,"{""G3"": 0, ""G1"": 0, ""G2"": 0, ""G5"": 0.02, ""none"": 0.82, ""G4"": 0.16}",ineligible,0.75,"{""partner"": 0.1, ""unclear"": 0, ""lead"": 0, ""atypical"": 0.15, ""ineligible"": 0.75}",none,0.98,"{""DSOHF"": 0, ""DSBDHH"": 0, ""DSS"": 0, ""DHSR"": 0, ""DAGING"": 0, ""DCFW"": 0, ""DMHDDSUS"": 0, ""DPH"": 0.02, ""DEIPD"": 0, ""none"": 0.98, ""OSEC"": 0, ""MEDICAID"": 0, ""DCDEE"": 0, ""ORH"": 0}",0.33,0.1,0.1815,deprioritized,P(unrelated or weak)=1.00,typesafe-ai/jev,a4b41185524e,True
e7f9443f-5ffd-4aa8-9e61-2e3a8bf3564f,Strategies to Innovate EmeRgENcy Care Clinical Trials Network (SIREN) Infrastructure – Clinical Coordinating Center (CCC) and Data Coordinating Center (DCC),forecast,weak,0.96,"{""strong"": 0.01, ""weak"": 0.96, ""none"": 0, ""moderate"": 0.03}",none,0.66,"{""G4"": 0.01, ""none"": 0.66, ""G3"": 0, ""G2"": 0, ""G5"": 0.1, ""G1"": 0.23}",partner,0.59,"{""ineligible"": 0.01, ""unclear"": 0, ""lead"": 0.01, ""partner"": 0.59, ""atypical"": 0.39}",none,0.64,"{""DSBDHH"": 0, ""DMHDDSUS"": 0, ""DSS"": 0, ""none"": 0.64, ""DCDEE"": 0, ""DEIPD"": 0, ""DSOHF"": 0, ""ORH"": 0.01, ""DPH"": 0.15, ""OSEC"": 0.02, ""DCFW"": 0, ""DHSR"": 0.18, ""DAGING"": 0, ""MEDICAID"": 0}",0.35,0.6,0.28,deprioritized,P(unrelated or weak)=0.96,typesafe-ai/jev,a4b41185524e,True
e80ae5c6-0eed-451c-ba5e-4c848c622791,Higher Education Challenge   Grants Program,open,weak,0.58,"{""none"": 0.42, ""weak"": 0.58, ""moderate"": 0, ""strong"": 0}",none,0.92,"{""none"": 0.92, ""G5"": 0, ""G4"": 0.08, ""G1"": 0, ""G3"": 0, ""G2"": 0}",ineligible,0.64,"{""partner"": 0.17, ""unclear"": 0, ""ineligible"": 0.64, ""lead"": 0, ""atypical"": 0.19}",none,1.0,"{""DSOHF"": 0, ""DCFW"": 0, ""DHSR"": 0, ""DSS"": 0, ""DCDEE"": 0, ""DEIPD"": 0, ""ORH"": 0, ""none"": 1, ""DMHDDSUS"": 0, ""DPH"": 0, ""DSBDHH"": 0, ""DAGING"": 0, ""OSEC"": 0, ""MEDICAID"": 0}",0.1933,0.17,0.1131,deprioritized,P(unrelated or weak)=1.00,typesafe-ai/jev,a4b41185524e,True
e8270680-ae40-4ab8-88b2-67a574a2638b,Plant Biotic Interactions,open,none,0.81,"{""none"": 0.81, ""weak"": 0.19, ""moderate"": 0, ""strong"": 0}",none,1.0,"{""G1"": 0, ""none"": 1, ""G4"": 0, ""G3"": 0, ""G5"": 0, ""G2"": 0}",atypical,0.74,"{""atypical"": 0.74, ""partner"": 0.04, ""lead"": 0.01, ""ineligible"": 0.21, ""unclear"": 0}",none,1.0,"{""OSEC"": 0, ""DPH"": 0, ""DSS"": 0, ""ORH"": 0, ""DSBDHH"": 0, ""DCFW"": 0, ""DEIPD"": 0, ""none"": 1, ""DMHDDSUS"": 0, ""MEDICAID"": 0, ""DSOHF"": 0, ""DAGING"": 0, ""DCDEE"": 0, ""DHSR"": 0}",0.0633,0.05,0.0332,deprioritized,P(unrelated or weak)=1.00,typesafe-ai/jev,a4b41185524e,True
e8b97073-df42-45d9-ae00-00605145af07,FY2026 ABPP - Battlefield Land Acquisition Grant,open,none,0.99,"{""weak"": 0.01, ""moderate"": 0, ""none"": 0.99, ""strong"": 0}",none,1.0,"{""none"": 1, ""G2"": 0, ""G3"": 0, ""G1"": 0, ""G5"": 0, ""G4"": 0}",atypical,0.59,"{""ineligible"": 0.05, ""lead"": 0.1, ""atypical"": 0.59, ""partner"": 0.25, ""unclear"": 0.01}",none,1.0,"{""DEIPD"": 0, ""DPH"": 0, ""OSEC"": 0, ""DAGING"": 0, ""MEDICAID"": 0, ""DSBDHH"": 0, ""ORH"": 0, ""DCDEE"": 0, ""none"": 1, ""DSS"": 0, ""DMHDDSUS"": 0, ""DCFW"": 0, ""DSOHF"": 0, ""DHSR"": 0}",0.0033,0.35,0.0022,deprioritized,P(unrelated)=0.99,typesafe-ai/jev,a4b41185524e,True
e8d1f652-395f-41a1-a833-e9a7376dd6a5,High Priority HIV and Substance Use Research (RM1 Clinical Trial Optional),open,weak,0.99,"{""weak"": 0.99, ""moderate"": 0.01, ""strong"": 0, ""none"": 0}",G3,0.75,"{""none"": 0.15, ""G1"": 0.1, ""G4"": 0, ""G3"": 0.75, ""G2"": 0, ""G5"": 0}",atypical,0.67,"{""lead"": 0.01, ""partner"": 0.32, ""unclear"": 0, ""ineligible"": 0, ""atypical"": 0.67}",DMHDDSUS,0.49,"{""OSEC"": 0, ""DPH"": 0.13, ""DSBDHH"": 0, ""DCDEE"": 0, ""ORH"": 0, ""DCFW"": 0, ""none"": 0.37, ""DEIPD"": 0, ""MEDICAID"": 0, ""DHSR"": 0, ""DSOHF"": 0.01, ""DMHDDSUS"": 0.49, ""DAGING"": 0, ""DSS"": 0}",0.3367,0.33,0.2239,deprioritized,P(unrelated or weak)=0.99,typesafe-ai/jev,a4b41185524e,True
e905063d-e7c8-4dbf-aa9f-a16c879e084f,BRAIN Initiative: Research Opportunities Using Invasive Neural Recording and Stimulating Technologies in the Human Brain (U01 Basic Experimental Studies with Humans Required),forecast,weak,1.0,"{""strong"": 0, ""moderate"": 0, ""none"": 0, ""weak"": 1}",none,0.95,"{""G1"": 0.01, ""G5"": 0.01, ""none"": 0.95, ""G4"": 0.01, ""G3"": 0.02, ""G2"": 0}",atypical,0.84,"{""atypical"": 0.84, ""ineligible"": 0.04, ""lead"": 0, ""unclear"": 0, ""partner"": 0.12}",none,0.93,"{""DPH"": 0.02, ""DEIPD"": 0, ""DSOHF"": 0.01, ""ORH"": 0, ""MEDICAID"": 0, ""DCDEE"": 0, ""DCFW"": 0, ""DSS"": 0, ""DSBDHH"": 0, ""DMHDDSUS"": 0.03, ""DHSR"": 0, ""none"": 0.93, ""DAGING"": 0, ""OSEC"": 0}",0.3333,0.12,0.1867,deprioritized,P(unrelated or weak)=1.00,typesafe-ai/jev,a4b41185524e,True
e9757eee-7beb-4f2d-ab72-fe511b6c513c,"Early-Onset Cancers: Investigating Etiology, Mechanisms, and Early Detection Strategies (RP1 Clinical Trials Optional)",forecast,weak,1.0,"{""weak"": 1, ""strong"": 0, ""moderate"": 0, ""none"": 0}",none,0.62,"{""G3"": 0, ""G4"": 0.01, ""G1"": 0.35, ""none"": 0.62, ""G5"": 0.01, ""G2"": 0.01}",atypical,0.7,"{""lead"": 0.01, ""unclear"": 0, ""ineligible"": 0.06, ""atypical"": 0.7, ""partner"": 0.23}",DPH,0.62,"{""DAGING"": 0, ""MEDICAID"": 0, ""DCFW"": 0, ""DSOHF"": 0, ""OSEC"": 0, ""DHSR"": 0, ""DSS"": 0, ""DMHDDSUS"": 0, ""DPH"": 0.62, ""DEIPD"": 0, ""DSBDHH"": 0, ""DCDEE"": 0.01, ""ORH"": 0, ""none"": 0.37}",0.3333,0.24,0.2067,deprioritized,P(unrelated or weak)=1.00,typesafe-ai/jev,a4b41185524e,True
e9a0e3f2-91dc-4c48-925e-93ecc7f881f3,Transport Phenomena (TP),open,none,0.87,"{""moderate"": 0, ""strong"": 0, ""none"": 0.87, ""weak"": 0.13}",none,0.99,"{""G1"": 0, ""G2"": 0, ""G4"": 0, ""none"": 0.99, ""G5"": 0.01, ""G3"": 0}",atypical,0.96,"{""atypical"": 0.96, ""ineligible"": 0, ""unclear"": 0.03, ""partner"": 0.01, ""lead"": 0}",none,1.0,"{""DSBDHH"": 0, ""OSEC"": 0, ""DHSR"": 0, ""DCDEE"": 0, ""DMHDDSUS"": 0, ""MEDICAID"": 0, ""DCFW"": 0, ""DSOHF"": 0, ""DEIPD"": 0, ""ORH"": 0, ""DPH"": 0, ""none"": 1, ""DAGING"": 0, ""DSS"": 0}",0.0433,0.01,0.0219,deprioritized,P(unrelated)=0.87,typesafe-ai/jev,a4b41185524e,True
e9a7ae57-c282-4c65-b076-9f63f0e7edb4,Career Transition Award for NINDS Intramural Clinician-Scientists (K22 Clinical Trial Required),open,weak,1.0,"{""none"": 0, ""moderate"": 0, ""weak"": 1, ""strong"": 0}",none,0.95,"{""none"": 0.95, ""G4"": 0.05, ""G1"": 0, ""G2"": 0, ""G3"": 0, ""G5"": 0}",atypical,0.97,"{""unclear"": 0, ""ineligible"": 0.03, ""atypical"": 0.97, ""lead"": 0, ""partner"": 0}",none,0.98,"{""DHSR"": 0, ""MEDICAID"": 0, ""DCDEE"": 0, ""DSBDHH"": 0, ""DSOHF"": 0.01, ""DPH"": 0.01, ""DAGING"": 0, ""DEIPD"": 0, ""OSEC"": 0, ""none"": 0.98, ""ORH"": 0, ""DCFW"": 0, ""DMHDDSUS"": 0, ""DSS"": 0}",0.3333,0.0,0.1667,deprioritized,P(unrelated or weak)=1.00,typesafe-ai/jev,a4b41185524e,True
e9b3d943-9e83-48a7-911f-21e77eb9c9fb,Intervention Research to Improve Native American Health (R34 Clinical Trial Optional),open,weak,0.88,"{""moderate"": 0.1, ""weak"": 0.88, ""strong"": 0.02, ""none"": 0}",G1,0.79,"{""G2"": 0, ""G3"": 0, ""none"": 0.21, ""G5"": 0, ""G4"": 0, ""G1"": 0.79}",partner,0.52,"{""atypical"": 0.47, ""lead"": 0.01, ""partner"": 0.52, ""ineligible"": 0, ""unclear"": 0}",none,0.57,"{""DSBDHH"": 0, ""DEIPD"": 0, ""DCDEE"": 0, ""OSEC"": 0, ""MEDICAID"": 0, ""DHSR"": 0.01, ""ORH"": 0.04, ""DMHDDSUS"": 0.03, ""none"": 0.57, ""DPH"": 0.35, ""DSS"": 0, ""DSOHF"": 0, ""DCFW"": 0, ""DAGING"": 0}",0.38,0.53,0.2907,deep_review,not confidently irrelevant,typesafe-ai/jev,a4b41185524e,True
e9c27c69-7360-4e0f-beb5-7ef69876f00c,Natural History of Disorders Screenable in the Newborn Period (R01 Clinical Trial Optional),open,weak,0.74,"{""none"": 0, ""moderate"": 0.22, ""weak"": 0.74, ""strong"": 0.04}",G2,0.86,"{""G4"": 0, ""G3"": 0, ""G1"": 0.01, ""G5"": 0.01, ""none"": 0.12, ""G2"": 0.86}",partner,0.7,"{""atypical"": 0.29, ""lead"": 0.01, ""ineligible"": 0, ""unclear"": 0, ""partner"": 0.7}",DPH,0.75,"{""DSS"": 0, ""DCFW"": 0, ""DCDEE"": 0, ""DSOHF"": 0, ""DEIPD"": 0, ""MEDICAID"": 0, ""OSEC"": 0, ""DAGING"": 0, ""DPH"": 0.75, ""none"": 0.25, ""DSBDHH"": 0, ""DMHDDSUS"": 0, ""DHSR"": 0, ""ORH"": 0}",0.4333,0.71,0.3705,deep_review,not confidently irrelevant,typesafe-ai/jev,a4b41185524e,True
e9f03c13-cda6-4177-958e-33f2d783facc,Centers of Excellence in Genomic Science (CEGS),forecast,weak,1.0,"{""weak"": 1, ""strong"": 0, ""moderate"": 0, ""none"": 0}",none,0.8,"{""G5"": 0.1, ""G3"": 0, ""G4"": 0.07, ""G1"": 0.03, ""none"": 0.8, ""G2"": 0}",atypical,0.77,"{""atypical"": 0.77, ""ineligible"": 0.02, ""partner"": 0.2, ""lead"": 0.01, ""unclear"": 0}",none,0.8,"{""DSBDHH"": 0, ""DCDEE"": 0.01, ""OSEC"": 0.01, ""DEIPD"": 0, ""DAGING"": 0, ""MEDICAID"": 0, ""DSOHF"": 0, ""DSS"": 0, ""DCFW"": 0, ""DPH"": 0.18, ""ORH"": 0, ""none"": 0.8, ""DMHDDSUS"": 0, ""DHSR"": 0}",0.3333,0.21,0.2017,deprioritized,P(unrelated or weak)=1.00,typesafe-ai/jev,a4b41185524e,True
ea08dd4a-1438-4a0b-a57b-8a393187a141,NHLBI Early Phase Clinical Trials for Therapeutics and/or Diagnostics for HLBS Disorders (R61/R33 Clinical Trial Required),open,weak,1.0,"{""strong"": 0, ""moderate"": 0, ""none"": 0, ""weak"": 1}",none,0.77,"{""G3"": 0, ""G5"": 0.02, ""G2"": 0.05, ""G4"": 0.01, ""G1"": 0.15, ""none"": 0.77}",atypical,0.84,"{""lead"": 0, ""partner"": 0.16, ""atypical"": 0.84, ""unclear"": 0, ""ineligible"": 0}",none,0.86,"{""DCFW"": 0, ""ORH"": 0, ""OSEC"": 0, ""DAGING"": 0, ""DEIPD"": 0, ""none"": 0.86, ""DSBDHH"": 0, ""DSOHF"": 0.02, ""DMHDDSUS"": 0, ""MEDICAID"": 0, ""DPH"": 0.11, ""DCDEE"": 0, ""DSS"": 0, ""DHSR"": 0.01}",0.3333,0.16,0.1933,deprioritized,P(unrelated or weak)=1.00,typesafe-ai/jev,a4b41185524e,True
ea6d9f3d-6f68-4eb7-9afd-5000d2e3a3c8,"NIOSH Centers for Agriculture, Forestry, and Fishing Safety and Health (U54)",forecast,weak,0.41,"{""strong"": 0.19, ""moderate"": 0.39, ""none"": 0.01, ""weak"": 0.41}",G4,0.39,"{""none"": 0.3, ""G3"": 0.02, ""G4"": 0.39, ""G2"": 0, ""G1"": 0.27, ""G5"": 0.02}",partner,0.72,"{""ineligible"": 0, ""unclear"": 0, ""lead"": 0.02, ""atypical"": 0.26, ""partner"": 0.72}",DPH,0.53,"{""OSEC"": 0, ""DHSR"": 0.01, ""DSS"": 0, ""DEIPD"": 0, ""DSBDHH"": 0, ""DAGING"": 0, ""DCDEE"": 0.01, ""DCFW"": 0, ""none"": 0.18, ""MEDICAID"": 0, ""DPH"": 0.53, ""ORH"": 0.27, ""DSOHF"": 0, ""DMHDDSUS"": 0}",0.5867,0.74,0.5104,deep_review,not confidently irrelevant,typesafe-ai/jev,a4b41185524e,True
ea7cac0c-01f5-49d7-a2f4-909a606701bc,Single Source Competition: Continuation of the Cardiovascular Repository for Type 1 Diabetes (CaRe-T1D) - Resource Center (U24 Clinical Trial Not Allowed),open,weak,0.99,"{""weak"": 0.99, ""strong"": 0, ""none"": 0.01, ""moderate"": 0}",none,0.97,"{""G2"": 0, ""G3"": 0, ""G4"": 0, ""none"": 0.97, ""G1"": 0.02, ""G5"": 0.01}",ineligible,0.81,"{""lead"": 0, ""partner"": 0.04, ""unclear"": 0, ""ineligible"": 0.81, ""atypical"": 0.15}",none,0.98,"{""DCDEE"": 0, ""DHSR"": 0, ""MEDICAID"": 0, ""DSBDHH"": 0, ""DSOHF"": 0, ""DMHDDSUS"": 0, ""OSEC"": 0, ""DPH"": 0.02, ""DEIPD"": 0, ""DCFW"": 0, ""DSS"": 0, ""none"": 0.98, ""ORH"": 0, ""DAGING"": 0}",0.33,0.04,0.1716,deprioritized,P(unrelated or weak)=1.00,typesafe-ai/jev,a4b41185524e,True
eaa19300-9b67-4371-b499-ddb30c4abd33,Limited Competition: Mentored Research Career Development Program Award in Clinical and Translational Science Awards (CTSA) Program (K12 Clinical Trial Optional),open,weak,1.0,"{""strong"": 0, ""none"": 0, ""weak"": 1, ""moderate"": 0}",none,0.8,"{""G5"": 0.01, ""G2"": 0, ""none"": 0.8, ""G4"": 0.19, ""G3"": 0, ""G1"": 0}",atypical,0.47,"{""lead"": 0, ""partner"": 0.17, ""atypical"": 0.47, ""unclear"": 0, ""ineligible"": 0.36}",none,0.97,"{""DAGING"": 0, ""DCFW"": 0, ""none"": 0.97, ""OSEC"": 0.02, ""DPH"": 0.01, ""ORH"": 0, ""DMHDDSUS"": 0, ""MEDICAID"": 0, ""DSBDHH"": 0, ""DSOHF"": 0, ""DEIPD"": 0, ""DHSR"": 0, ""DSS"": 0, ""DCDEE"": 0}",0.3333,0.17,0.195,deprioritized,P(unrelated or weak)=1.00,typesafe-ai/jev,a4b41185524e,True
eaef2942-a374-4ef2-bd3b-5d672083dfce,Drug-Free Communities (DFC) Support Program – Competing Continuation (Year 6),forecast,strong,0.68,"{""moderate"": 0.23, ""weak"": 0.08, ""strong"": 0.68, ""none"": 0}",G3,0.88,"{""G1"": 0, ""G2"": 0.04, ""G3"": 0.88, ""G4"": 0, ""none"": 0.08, ""G5"": 0}",partner,0.79,"{""ineligible"": 0.03, ""partner"": 0.79, ""unclear"": 0, ""atypical"": 0.17, ""lead"": 0.01}",DMHDDSUS,0.79,"{""OSEC"": 0, ""DCFW"": 0.01, ""ORH"": 0, ""DPH"": 0.06, ""DSBDHH"": 0, ""DSS"": 0, ""DAGING"": 0, ""MEDICAID"": 0, ""DSOHF"": 0, ""DMHDDSUS"": 0.79, ""DEIPD"": 0, ""DCDEE"": 0, ""none"": 0.14, ""DHSR"": 0}",0.86,0.8,0.774,deep_review,not confidently irrelevant,typesafe-ai/jev,a4b41185524e,True
eb435a48-9193-4424-bbe9-6ab11e6683ee,Enhancing Mechanistic Research on Precision Probiotic Therapies (R61/R33 Clinical Trial Optional),open,weak,1.0,"{""none"": 0, ""weak"": 1, ""strong"": 0, ""moderate"": 0}",none,0.87,"{""none"": 0.87, ""G1"": 0.09, ""G4"": 0.01, ""G3"": 0, ""G2"": 0, ""G5"": 0.03}",atypical,0.71,"{""atypical"": 0.71, ""lead"": 0, ""partner"": 0.29, ""unclear"": 0, ""ineligible"": 0}",none,0.82,"{""DCFW"": 0, ""OSEC"": 0, ""DHSR"": 0.01, ""DSBDHH"": 0, ""ORH"": 0, ""MEDICAID"": 0, ""none"": 0.82, ""DMHDDSUS"": 0, ""DCDEE"": 0, ""DSS"": 0, ""DPH"": 0.16, ""DAGING"": 0, ""DEIPD"": 0, ""DSOHF"": 0}",0.3333,0.29,0.215,deprioritized,P(unrelated or weak)=1.00,typesafe-ai/jev,a4b41185524e,True
eb924fc8-e988-4b1e-be61-18d84a72a73d,Maximizing the Scientific Value of Data Generated by the Environmental Influences on Child Health Outcomes (ECHO) Program: Ruth L. Kirschstein National Research Service Award (NRSA) Individual Postdoctoral Fellowship (F32),open,weak,0.99,"{""moderate"": 0.01, ""weak"": 0.99, ""strong"": 0, ""none"": 0}",none,0.51,"{""G2"": 0.38, ""G3"": 0, ""none"": 0.51, ""G5"": 0.01, ""G4"": 0.09, ""G1"": 0.01}",atypical,0.94,"{""atypical"": 0.94, ""lead"": 0, ""partner"": 0.02, ""ineligible"": 0.04, ""unclear"": 0}",none,0.75,"{""DSBDHH"": 0, ""MEDICAID"": 0, ""DSOHF"": 0, ""OSEC"": 0, ""DCDEE"": 0, ""ORH"": 0, ""DHSR"": 0, ""DSS"": 0, ""DPH"": 0.25, ""none"": 0.75, ""DMHDDSUS"": 0, ""DEIPD"": 0, ""DCFW"": 0, ""DAGING"": 0}",0.3367,0.02,0.1717,deprioritized,P(unrelated or weak)=0.99,typesafe-ai/jev,a4b41185524e,True
eba5be60-4531-4ddf-aa56-6b1d419155ce,Laboratory Flexible Funding Model (LFFM),open,strong,0.78,"{""strong"": 0.78, ""none"": 0, ""moderate"": 0.19, ""weak"": 0.03}",G5,0.76,"{""G2"": 0, ""G1"": 0.01, ""G3"": 0, ""G5"": 0.76, ""none"": 0.21, ""G4"": 0.02}",lead,0.57,"{""unclear"": 0, ""lead"": 0.57, ""partner"": 0.32, ""atypical"": 0.08, ""ineligible"": 0.03}",DPH,0.98,"{""OSEC"": 0, ""DSS"": 0, ""DAGING"": 0, ""none"": 0.02, ""DCDEE"": 0, ""MEDICAID"": 0, ""DCFW"": 0, ""DPH"": 0.98, ""DEIPD"": 0, ""DSBDHH"": 0, ""ORH"": 0, ""DSOHF"": 0, ""DHSR"": 0, ""DMHDDSUS"": 0}",0.9167,0.89,0.8662,deep_review,not confidently irrelevant,typesafe-ai/jev,a4b41185524e,True
ecbe2890-046d-4963-bbd0-2125d4f3e7bd,National Centers for Cryo-electron Tomography (cryoET) (R24 -Clinical Trial Not Allowed),open,weak,1.0,"{""moderate"": 0, ""none"": 0, ""strong"": 0, ""weak"": 1}",none,0.71,"{""G1"": 0.01, ""G2"": 0, ""G3"": 0, ""G4"": 0.04, ""G5"": 0.24, ""none"": 0.71}",atypical,0.82,"{""atypical"": 0.82, ""ineligible"": 0, ""lead"": 0, ""partner"": 0.18, ""unclear"": 0}",none,0.79,"{""DAGING"": 0, ""DCDEE"": 0, ""DCFW"": 0, ""DEIPD"": 0, ""DHSR"": 0, ""DMHDDSUS"": 0, ""DPH"": 0.19, ""DSBDHH"": 0, ""DSOHF"": 0.01, ""DSS"": 0, ""MEDICAID"": 0, ""ORH"": 0, ""OSEC"": 0.01, ""none"": 0.79}",0.3333,0.18,0.1967,deprioritized,P(unrelated or weak)=1.00,typesafe-ai/jev,a4b41185524e,True
ecf72cc5-cff3-43fb-922f-1b27d5fb890a,HIV/AIDS Clinical Trials Network Laboratory Centers,forecast,weak,0.87,"{""none"": 0, ""weak"": 0.87, ""strong"": 0.06, ""moderate"": 0.07}",G1,0.64,"{""none"": 0.32, ""G4"": 0.01, ""G2"": 0, ""G3"": 0, ""G1"": 0.64, ""G5"": 0.03}",partner,0.48,"{""atypical"": 0.46, ""lead"": 0.01, ""partner"": 0.48, ""unclear"": 0, ""ineligible"": 0.05}",DPH,0.78,"{""DCFW"": 0, ""OSEC"": 0, ""DSOHF"": 0, ""DPH"": 0.78, ""ORH"": 0, ""MEDICAID"": 0, ""none"": 0.2, ""DSS"": 0, ""DCDEE"": 0.01, ""DHSR"": 0, ""DMHDDSUS"": 0.01, ""DAGING"": 0, ""DEIPD"": 0, ""DSBDHH"": 0}",0.3967,0.49,0.2955,deep_review,not confidently irrelevant,typesafe-ai/jev,a4b41185524e,True
ed3faafa-0d8a-4061-a957-343991a62516,Dementia Care and Caregiver Support Intervention Research - Stages II - V,forecast,weak,0.84,"{""strong"": 0.05, ""moderate"": 0.11, ""none"": 0, ""weak"": 0.84}",G1,0.72,"{""none"": 0.25, ""G3"": 0.02, ""G4"": 0, ""G2"": 0.01, ""G1"": 0.72, ""G5"": 0}",partner,0.56,"{""ineligible"": 0, ""unclear"": 0.01, ""lead"": 0, ""partner"": 0.56, ""atypical"": 0.43}",DAGING,0.7,"{""DHSR"": 0, ""ORH"": 0, ""DSS"": 0, ""DEIPD"": 0, ""DSBDHH"": 0, ""DAGING"": 0.7, ""OSEC"": 0, ""DCFW"": 0, ""none"": 0.28, ""MEDICAID"": 0, ""DPH"": 0.01, ""DCDEE"": 0, ""DSOHF"": 0, ""DMHDDSUS"": 0.01}",0.4033,0.56,0.3146,deep_review,not confidently irrelevant,typesafe-ai/jev,a4b41185524e,True
ed62aa8d-6a01-4e52-931c-7c47f1facda6,Alliance for Innovation on Maternal Health (AIM) Capacity Program,forecast,strong,0.99,"{""none"": 0, ""weak"": 0, ""moderate"": 0.01, ""strong"": 0.99}",G1,0.51,"{""none"": 0.05, ""G2"": 0.39, ""G5"": 0.05, ""G3"": 0, ""G4"": 0, ""G1"": 0.51}",lead,0.68,"{""atypical"": 0.05, ""partner"": 0.16, ""lead"": 0.68, ""ineligible"": 0, ""unclear"": 0.11}",DPH,0.98,"{""none"": 0, ""DCDEE"": 0, ""MEDICAID"": 0.01, ""DHSR"": 0.01, ""OSEC"": 0, ""DAGING"": 0, ""DEIPD"": 0, ""ORH"": 0, ""DPH"": 0.98, ""DMHDDSUS"": 0, ""DSOHF"": 0, ""DCFW"": 0, ""DSS"": 0, ""DSBDHH"": 0}",0.9967,0.84,0.9169,deep_review,not confidently irrelevant,typesafe-ai/jev,a4b41185524e,True
ed6db6b2-d74e-4838-9223-ce72f4895688,SBIR/STTR Commercialization Readiness Pilot (CRP) Program (Parent SB1 Clinical Trial Optional),open,weak,0.98,"{""none"": 0.02, ""weak"": 0.98, ""moderate"": 0, ""strong"": 0}",none,0.95,"{""G1"": 0, ""G2"": 0, ""G3"": 0, ""G4"": 0, ""G5"": 0.05, ""none"": 0.95}",ineligible,0.71,"{""lead"": 0, ""partner"": 0.01, ""atypical"": 0.28, ""ineligible"": 0.71, ""unclear"": 0}",none,1.0,"{""DPH"": 0, ""DMHDDSUS"": 0, ""MEDICAID"": 0, ""DCFW"": 0, ""DSS"": 0, ""DAGING"": 0, ""DCDEE"": 0, ""ORH"": 0, ""DEIPD"": 0, ""DSBDHH"": 0, ""DHSR"": 0, ""DSOHF"": 0, ""OSEC"": 0, ""none"": 1}",0.3267,0.01,0.165,deprioritized,P(unrelated or weak)=1.00,typesafe-ai/jev,a4b41185524e,True
ee00bde7-db1e-43d4-a6de-4a78b572cc31,Updated National Dislocated Worker Grant Program Guidance and Application Information,open,weak,0.47,"{""strong"": 0.17, ""moderate"": 0.13, ""weak"": 0.47, ""none"": 0.23}",G4,0.63,"{""G3"": 0, ""G2"": 0, ""G4"": 0.63, ""G5"": 0, ""G1"": 0.02, ""none"": 0.35}",ineligible,0.52,"{""unclear"": 0, ""atypical"": 0.14, ""partner"": 0.17, ""ineligible"": 0.52, ""lead"": 0.17}",none,0.72,"{""DSBDHH"": 0, ""DAGING"": 0, ""DEIPD"": 0.13, ""DCDEE"": 0.01, ""DSOHF"": 0, ""ORH"": 0, ""DHSR"": 0, ""DCFW"": 0, ""DMHDDSUS"": 0, ""MEDICAID"": 0, ""DPH"": 0, ""none"": 0.72, ""OSEC"": 0, ""DSS"": 0.14}",0.4133,0.34,0.2769,deep_review,not confidently irrelevant,typesafe-ai/jev,a4b41185524e,True
ee02df6a-c51f-4045-8833-8c0dc02b2a39,Cooperative Program for Modeling Clinical Transplantation,forecast,weak,1.0,"{""strong"": 0, ""none"": 0, ""weak"": 1, ""moderate"": 0}",none,0.76,"{""G1"": 0.07, ""G2"": 0, ""none"": 0.76, ""G4"": 0.01, ""G3"": 0, ""G5"": 0.16}",atypical,0.81,"{""atypical"": 0.81, ""partner"": 0.17, ""lead"": 0, ""unclear"": 0, ""ineligible"": 0.02}",none,0.87,"{""DAGING"": 0, ""DCFW"": 0, ""none"": 0.87, ""ORH"": 0, ""DPH"": 0.11, ""OSEC"": 0, ""DMHDDSUS"": 0, ""DEIPD"": 0, ""DSBDHH"": 0, ""DSOHF"": 0.01, ""MEDICAID"": 0, ""DHSR"": 0.01, ""DSS"": 0, ""DCDEE"": 0}",0.3333,0.17,0.195,deprioritized,P(unrelated or weak)=1.00,typesafe-ai/jev,a4b41185524e,True
ee04d23e-7704-453f-a71c-4a7407ef84f4,Genomic Community Resources (U24 Clinical Trials Not Allowed),forecast,weak,0.99,"{""weak"": 0.99, ""strong"": 0, ""none"": 0, ""moderate"": 0.01}",none,0.88,"{""G2"": 0, ""G5"": 0.08, ""G3"": 0, ""G4"": 0.01, ""none"": 0.88, ""G1"": 0.03}",atypical,0.57,"{""partner"": 0.35, ""ineligible"": 0.06, ""lead"": 0.01, ""atypical"": 0.57, ""unclear"": 0.01}",none,0.78,"{""DAGING"": 0, ""DSBDHH"": 0, ""DSS"": 0, ""DMHDDSUS"": 0, ""ORH"": 0, ""OSEC"": 0.01, ""DEIPD"": 0, ""DCFW"": 0, ""DCDEE"": 0.01, ""DPH"": 0.2, ""DHSR"": 0, ""none"": 0.78, ""MEDICAID"": 0, ""DSOHF"": 0}",0.3367,0.36,0.2289,deprioritized,P(unrelated or weak)=0.99,typesafe-ai/jev,a4b41185524e,True
ee186a18-9d8e-44f0-abbf-363a5db4a275,"DoW Breast Cancer, Breakthrough Award Level 4",open,weak,0.81,"{""weak"": 0.81, ""moderate"": 0, ""strong"": 0, ""none"": 0.19}",none,0.82,"{""G5"": 0, ""G1"": 0.17, ""G4"": 0.01, ""G3"": 0, ""G2"": 0, ""none"": 0.82}",atypical,0.9,"{""lead"": 0, ""partner"": 0.04, ""unclear"": 0.06, ""ineligible"": 0, ""atypical"": 0.9}",none,0.85,"{""OSEC"": 0, ""DPH"": 0.15, ""DSBDHH"": 0, ""DCDEE"": 0, ""DSS"": 0, ""DEIPD"": 0, ""ORH"": 0, ""DCFW"": 0, ""MEDICAID"": 0, ""DHSR"": 0, ""DSOHF"": 0, ""DMHDDSUS"": 0, ""DAGING"": 0, ""none"": 0.85}",0.27,0.04,0.1404,deprioritized,P(unrelated or weak)=1.00,typesafe-ai/jev,a4b41185524e,True
ee1dd508-9138-4218-b055-8dbd8d2ee4ba,Integration of Imaging and Fluid-Based Tumor Monitoring in Cancer Therapy (R01 Clinical Trial Optional),open,weak,1.0,"{""weak"": 1, ""none"": 0, ""strong"": 0, ""moderate"": 0}",none,0.81,"{""G1"": 0.15, ""G2"": 0, ""G5"": 0.03, ""none"": 0.81, ""G3"": 0, ""G4"": 0.01}",atypical,0.72,"{""ineligible"": 0, ""partner"": 0.28, ""lead"": 0, ""atypical"": 0.72, ""unclear"": 0}",none,0.79,"{""ORH"": 0, ""OSEC"": 0, ""DSOHF"": 0, ""DCDEE"": 0.01, ""DCFW"": 0, ""none"": 0.79, ""DAGING"": 0, ""MEDICAID"": 0, ""DMHDDSUS"": 0, ""DEIPD"": 0, ""DSS"": 0, ""DHSR"": 0, ""DSBDHH"": 0, ""DPH"": 0.2}",0.3333,0.28,0.2133,deprioritized,P(unrelated or weak)=1.00,typesafe-ai/jev,a4b41185524e,True
ee37f2de-b959-4b45-86a9-43d06c944f24,NIH Small Business Technology Transfer Grant (Parent STTR [R41/R42] Clinical Trial Optional),open,weak,0.99,"{""none"": 0.01, ""moderate"": 0, ""weak"": 0.99, ""strong"": 0}",none,0.92,"{""G2"": 0, ""none"": 0.92, ""G4"": 0, ""G5"": 0.08, ""G1"": 0, ""G3"": 0}",ineligible,0.95,"{""ineligible"": 0.95, ""lead"": 0, ""atypical"": 0.03, ""unclear"": 0, ""partner"": 0.02}",none,1.0,"{""DSOHF"": 0, ""DEIPD"": 0, ""DSS"": 0, ""MEDICAID"": 0, ""DCFW"": 0, ""DCDEE"": 0, ""ORH"": 0, ""DHSR"": 0, ""none"": 1, ""DAGING"": 0, ""OSEC"": 0, ""DSBDHH"": 0, ""DMHDDSUS"": 0, ""DPH"": 0}",0.33,0.02,0.1683,deprioritized,P(unrelated or weak)=1.00,typesafe-ai/jev,a4b41185524e,True
eeb85b6a-0c52-4077-8f69-09af7b8437e6,Neural Ensembles & Used Substances (NExUS) Collaboratory: Building a Multimodal Inventory of Cell Ensembles Encoding the Effects of Addictive Substances,forecast,weak,1.0,"{""strong"": 0, ""weak"": 1, ""moderate"": 0, ""none"": 0}",none,0.62,"{""none"": 0.62, ""G1"": 0, ""G4"": 0, ""G5"": 0.01, ""G2"": 0, ""G3"": 0.37}",atypical,0.88,"{""atypical"": 0.88, ""ineligible"": 0.03, ""partner"": 0.09, ""lead"": 0, ""unclear"": 0}",none,0.69,"{""DSS"": 0, ""none"": 0.69, ""ORH"": 0, ""DSOHF"": 0.01, ""DPH"": 0.01, ""DHSR"": 0, ""MEDICAID"": 0, ""DAGING"": 0, ""OSEC"": 0, ""DSBDHH"": 0, ""DCDEE"": 0, ""DEIPD"": 0, ""DCFW"": 0, ""DMHDDSUS"": 0.28}",0.3333,0.09,0.1817,deprioritized,P(unrelated or weak)=1.00,typesafe-ai/jev,a4b41185524e,True
eeff7722-04ff-41cc-b8a5-c6a5ea6b90d7,"Biomedical Engineering, Imaging, and Technology Acceleration (BEITA) at Historically Black Colleges and Universities",forecast,weak,1.0,"{""none"": 0, ""weak"": 1, ""moderate"": 0, ""strong"": 0}",none,0.89,"{""none"": 0.89, ""G5"": 0.02, ""G4"": 0.06, ""G1"": 0.03, ""G3"": 0, ""G2"": 0}",ineligible,0.49,"{""partner"": 0.1, ""unclear"": 0.01, ""ineligible"": 0.49, ""lead"": 0, ""atypical"": 0.4}",none,1.0,"{""none"": 1, ""DMHDDSUS"": 0, ""DHSR"": 0, ""DSS"": 0, ""DCDEE"": 0, ""DEIPD"": 0, ""DSOHF"": 0, ""ORH"": 0, ""DCFW"": 0, ""DPH"": 0, ""DSBDHH"": 0, ""OSEC"": 0, ""DAGING"": 0, ""MEDICAID"": 0}",0.3333,0.1,0.1833,deprioritized,P(unrelated or weak)=1.00,typesafe-ai/jev,a4b41185524e,True
ef0e3045-f01d-4e95-a562-9991cd2ad38a,"DoW, Ovarian Cancer, Ovarian Cancer Academy – Early-Career Investigator Award",open,weak,0.75,"{""strong"": 0, ""none"": 0.25, ""moderate"": 0, ""weak"": 0.75}",none,0.88,"{""none"": 0.88, ""G3"": 0, ""G4"": 0.1, ""G2"": 0, ""G1"": 0.01, ""G5"": 0.01}",atypical,0.95,"{""ineligible"": 0.01, ""unclear"": 0.03, ""lead"": 0, ""partner"": 0.01, ""atypical"": 0.95}",none,0.91,"{""DHSR"": 0, ""OSEC"": 0, ""DSS"": 0, ""DEIPD"": 0, ""DSBDHH"": 0, ""DAGING"": 0, ""ORH"": 0, ""DCFW"": 0, ""none"": 0.91, ""MEDICAID"": 0, ""DSOHF"": 0, ""DCDEE"": 0, ""DPH"": 0.09, ""DMHDDSUS"": 0}",0.25,0.01,0.1263,deprioritized,P(unrelated or weak)=1.00,typesafe-ai/jev,a4b41185524e,True
ef298045-f662-4326-a5c5-025120ed6447,Notice of Intent to Publish a Forecast for EmbraceHealth Clinical Research Network to Reduce Health Disparities – Research Sites,forecast,weak,0.63,"{""weak"": 0.63, ""strong"": 0.12, ""moderate"": 0.25, ""none"": 0}",G1,0.94,"{""G1"": 0.94, ""G4"": 0, ""G5"": 0, ""G2"": 0, ""none"": 0.06, ""G3"": 0}",partner,0.75,"{""unclear"": 0.01, ""lead"": 0.02, ""ineligible"": 0, ""atypical"": 0.22, ""partner"": 0.75}",DPH,0.5,"{""DSS"": 0, ""DSBDHH"": 0, ""DEIPD"": 0, ""DHSR"": 0.01, ""DSOHF"": 0.01, ""none"": 0.35, ""DCDEE"": 0.01, ""DCFW"": 0, ""OSEC"": 0.02, ""DAGING"": 0, ""ORH"": 0.09, ""DPH"": 0.5, ""MEDICAID"": 0.01, ""DMHDDSUS"": 0}",0.4967,0.77,0.4395,deep_review,not confidently irrelevant,typesafe-ai/jev,a4b41185524e,True
ef6ddcd1-6b62-4f0b-b357-d9431e633390,Limited Competition: Ruth L. Kirschstein National Research Service Award (NRSA) Postdoctoral Research Training Grant for the Clinical and Translational Science Awards (CTSA) Program (T32 Clinical Trial Not Allowed),open,weak,0.99,"{""strong"": 0, ""weak"": 0.99, ""none"": 0, ""moderate"": 0.01}",none,0.69,"{""G4"": 0.3, ""none"": 0.69, ""G5"": 0.01, ""G2"": 0, ""G3"": 0, ""G1"": 0}",ineligible,0.39,"{""ineligible"": 0.39, ""unclear"": 0, ""partner"": 0.24, ""lead"": 0, ""atypical"": 0.37}",none,0.96,"{""DSBDHH"": 0, ""DMHDDSUS"": 0, ""DAGING"": 0, ""none"": 0.96, ""DHSR"": 0, ""DEIPD"": 0, ""DSOHF"": 0.01, ""ORH"": 0, ""DPH"": 0.02, ""OSEC"": 0.01, ""DCFW"": 0, ""DCDEE"": 0, ""DSS"": 0, ""MEDICAID"": 0}",0.3367,0.24,0.2087,deprioritized,P(unrelated or weak)=0.99,typesafe-ai/jev,a4b41185524e,True
efa5065c-2676-4b1a-b17f-d7e42dcfb3e4,NIDCR Behavioral and Social Intervention Clinical Trial Planning and Implementation Cooperative Agreement (UG3/UH3 Clinical Trial Required),open,weak,0.94,"{""none"": 0, ""moderate"": 0.05, ""weak"": 0.94, ""strong"": 0.01}",none,0.58,"{""G1"": 0.35, ""G2"": 0.01, ""G5"": 0.02, ""G4"": 0.01, ""none"": 0.58, ""G3"": 0.03}",atypical,0.59,"{""lead"": 0.01, ""unclear"": 0, ""partner"": 0.4, ""atypical"": 0.59, ""ineligible"": 0}",none,0.62,"{""MEDICAID"": 0, ""ORH"": 0.05, ""DSBDHH"": 0, ""DSOHF"": 0.01, ""DHSR"": 0.01, ""DPH"": 0.28, ""DAGING"": 0, ""DEIPD"": 0, ""DCFW"": 0, ""DCDEE"": 0.01, ""DMHDDSUS"": 0.02, ""OSEC"": 0, ""none"": 0.62, ""DSS"": 0}",0.3567,0.41,0.2515,deep_review,not confidently irrelevant,typesafe-ai/jev,a4b41185524e,True
efd8e340-8496-4ebf-9708-95feedf8d14f,ROSES 2025: C.2 Solar System Science,open,none,1.0,"{""weak"": 0, ""moderate"": 0, ""none"": 1, ""strong"": 0}",none,1.0,"{""G3"": 0, ""none"": 1, ""G2"": 0, ""G5"": 0, ""G1"": 0, ""G4"": 0}",atypical,0.82,"{""unclear"": 0, ""atypical"": 0.82, ""lead"": 0, ""ineligible"": 0.18, ""partner"": 0}",none,1.0,"{""DCFW"": 0, ""DEIPD"": 0, ""MEDICAID"": 0, ""DSBDHH"": 0, ""DPH"": 0, ""DMHDDSUS"": 0, ""DSOHF"": 0, ""DCDEE"": 0, ""DAGING"": 0, ""none"": 1, ""DSS"": 0, ""DHSR"": 0, ""ORH"": 0, ""OSEC"": 0}",0.0,0.0,0.0,deprioritized,P(unrelated)=1.00,typesafe-ai/jev,a4b41185524e,True
f01e48a5-55ac-47b9-b924-ee3a5b619316,"Cooperative Agreement to Support Activities Related to Analgesics, Anesthetics, and Addiction (U01) Clinical Trials Allowed",forecast,weak,0.96,"{""moderate"": 0.03, ""strong"": 0.01, ""none"": 0, ""weak"": 0.96}",G3,0.9,"{""G5"": 0, ""G1"": 0.01, ""G2"": 0, ""G3"": 0.9, ""none"": 0.09, ""G4"": 0}",atypical,0.59,"{""unclear"": 0.02, ""atypical"": 0.59, ""ineligible"": 0, ""partner"": 0.38, ""lead"": 0.01}",DMHDDSUS,0.62,"{""DSBDHH"": 0, ""DSOHF"": 0.02, ""DAGING"": 0, ""ORH"": 0, ""DCDEE"": 0, ""DMHDDSUS"": 0.62, ""MEDICAID"": 0, ""DSS"": 0, ""DHSR"": 0, ""DEIPD"": 0, ""DPH"": 0.07, ""OSEC"": 0, ""none"": 0.29, ""DCFW"": 0}",0.35,0.39,0.2432,deprioritized,P(unrelated or weak)=0.96,typesafe-ai/jev,a4b41185524e,True
f07264b6-4b44-4f7c-9b62-52ed9082c92f,"Cellular Senescence Network (SenNet): SenNet Data Coordination, Integration and Organizational Center (U24 or UM1)",forecast,weak,1.0,"{""moderate"": 0, ""none"": 0, ""weak"": 1, ""strong"": 0}",none,0.96,"{""G4"": 0, ""none"": 0.96, ""G3"": 0, ""G5"": 0.03, ""G2"": 0, ""G1"": 0.01}",atypical,0.77,"{""unclear"": 0.01, ""ineligible"": 0, ""lead"": 0, ""atypical"": 0.77, ""partner"": 0.22}",none,0.93,"{""MEDICAID"": 0, ""DCFW"": 0, ""DCDEE"": 0, ""none"": 0.93, ""DSS"": 0, ""DHSR"": 0, ""DAGING"": 0.02, ""DSBDHH"": 0, ""OSEC"": 0.01, ""DMHDDSUS"": 0, ""DSOHF"": 0, ""ORH"": 0, ""DEIPD"": 0, ""DPH"": 0.04}",0.3333,0.22,0.2033,deprioritized,P(unrelated or weak)=1.00,typesafe-ai/jev,a4b41185524e,True
f0b6f88d-7241-42c5-ae81-ffff4c01f04e,Catalyze: Product Definition  Medical Device Prototype Optimization (R33 - Clinical Trial Not Allowed),open,weak,1.0,"{""none"": 0, ""moderate"": 0, ""weak"": 1, ""strong"": 0}",none,0.8,"{""none"": 0.8, ""G2"": 0, ""G1"": 0.04, ""G4"": 0.01, ""G5"": 0.15, ""G3"": 0}",atypical,0.89,"{""unclear"": 0, ""lead"": 0, ""partner"": 0.11, ""atypical"": 0.89, ""ineligible"": 0}",none,0.91,"{""DMHDDSUS"": 0, ""ORH"": 0, ""DSOHF"": 0.01, ""DSBDHH"": 0, ""DHSR"": 0.01, ""DPH"": 0.07, ""DAGING"": 0, ""DEIPD"": 0, ""DCDEE"": 0, ""DCFW"": 0, ""MEDICAID"": 0, ""OSEC"": 0, ""none"": 0.91, ""DSS"": 0}",0.3333,0.11,0.185,deprioritized,P(unrelated or weak)=1.00,typesafe-ai/jev,a4b41185524e,True
f0cca160-90c7-4d7b-97ff-b1c35d3733ad,Catalyze: Enabling Technologies and Transformative Platforms for HLBS Research (R33 - Clinical Trials Not Allowed),open,weak,1.0,"{""strong"": 0, ""none"": 0, ""weak"": 1, ""moderate"": 0}",none,0.72,"{""G1"": 0.04, ""G2"": 0, ""none"": 0.72, ""G4"": 0.02, ""G3"": 0, ""G5"": 0.22}",atypical,0.84,"{""lead"": 0, ""partner"": 0.16, ""atypical"": 0.84, ""unclear"": 0, ""ineligible"": 0}",none,0.86,"{""DAGING"": 0, ""DCFW"": 0, ""none"": 0.86, ""ORH"": 0, ""OSEC"": 0, ""DPH"": 0.13, ""DMHDDSUS"": 0, ""MEDICAID"": 0, ""DSBDHH"": 0, ""DSOHF"": 0, ""DEIPD"": 0, ""DHSR"": 0.01, ""DSS"": 0, ""DCDEE"": 0}",0.3333,0.16,0.1933,deprioritized,P(unrelated or weak)=1.00,typesafe-ai/jev,a4b41185524e,True
f0f92216-2abf-4b7d-9ba9-9b1f554c5958,The Next Generation of the Clinical and Translational Science Awards Program Trial Innovation Network,forecast,weak,0.93,"{""moderate"": 0.05, ""none"": 0, ""strong"": 0.02, ""weak"": 0.93}",G5,0.88,"{""G1"": 0.01, ""G2"": 0, ""G3"": 0, ""G4"": 0, ""G5"": 0.88, ""none"": 0.11}",atypical,0.52,"{""atypical"": 0.52, ""ineligible"": 0.01, ""lead"": 0.01, ""partner"": 0.46, ""unclear"": 0}",DPH,0.55,"{""DAGING"": 0, ""DCDEE"": 0, ""DCFW"": 0, ""DEIPD"": 0, ""DHSR"": 0, ""DMHDDSUS"": 0, ""DPH"": 0.55, ""DSBDHH"": 0, ""DSOHF"": 0.01, ""DSS"": 0, ""MEDICAID"": 0.01, ""ORH"": 0.01, ""OSEC"": 0.01, ""none"": 0.41}",0.3633,0.47,0.2671,deep_review,not confidently irrelevant,typesafe-ai/jev,a4b41185524e,True
f0f9b58b-5e49-4cec-b9c1-feb66b067b06,Maternal Medications and Human Milk Research Center (M2HMRC),forecast,weak,0.99,"{""moderate"": 0.01, ""none"": 0, ""strong"": 0, ""weak"": 0.99}",G2,0.83,"{""G1"": 0.01, ""G2"": 0.83, ""G3"": 0, ""G4"": 0, ""G5"": 0.01, ""none"": 0.15}",atypical,0.47,"{""atypical"": 0.47, ""ineligible"": 0.06, ""lead"": 0.01, ""partner"": 0.46, ""unclear"": 0}",DPH,0.71,"{""DAGING"": 0, ""DCDEE"": 0, ""DCFW"": 0, ""DEIPD"": 0, ""DHSR"": 0, ""DMHDDSUS"": 0, ""DPH"": 0.71, ""DSBDHH"": 0, ""DSOHF"": 0, ""DSS"": 0, ""MEDICAID"": 0, ""ORH"": 0, ""OSEC"": 0, ""none"": 0.29}",0.3367,0.47,0.2474,deprioritized,P(unrelated or weak)=0.99,typesafe-ai/jev,a4b41185524e,True
f10d0ea2-9e06-47bc-9b1b-1474f0d39d06,Genomic and Biologic Therapies for ADRD (U01 Clinical Trial Optional),forecast,weak,1.0,"{""weak"": 1, ""none"": 0, ""moderate"": 0, ""strong"": 0}",none,0.79,"{""G4"": 0.01, ""G3"": 0.01, ""none"": 0.79, ""G5"": 0.01, ""G2"": 0, ""G1"": 0.18}",atypical,0.75,"{""lead"": 0, ""ineligible"": 0.02, ""atypical"": 0.75, ""partner"": 0.23, ""unclear"": 0}",none,0.87,"{""MEDICAID"": 0, ""DHSR"": 0, ""DCFW"": 0, ""DCDEE"": 0, ""none"": 0.87, ""DSS"": 0, ""DAGING"": 0.03, ""DSOHF"": 0, ""DSBDHH"": 0, ""OSEC"": 0, ""ORH"": 0, ""DMHDDSUS"": 0.03, ""DEIPD"": 0, ""DPH"": 0.07}",0.3333,0.23,0.205,deprioritized,P(unrelated or weak)=1.00,typesafe-ai/jev,a4b41185524e,True
f1191f04-53cb-4aeb-b6c5-c8c3b04800d9,Freedom Shield: Global Forced Labor Import Prohibition Initiative,forecast,none,0.86,"{""moderate"": 0, ""none"": 0.86, ""strong"": 0, ""weak"": 0.14}",none,0.98,"{""G2"": 0, ""G1"": 0, ""G3"": 0, ""G4"": 0.02, ""none"": 0.98, ""G5"": 0}",atypical,0.78,"{""unclear"": 0.01, ""lead"": 0, ""partner"": 0.03, ""atypical"": 0.78, ""ineligible"": 0.18}",none,0.99,"{""DPH"": 0, ""DSS"": 0, ""DAGING"": 0, ""none"": 0.99, ""DCDEE"": 0, ""MEDICAID"": 0, ""DCFW"": 0, ""DMHDDSUS"": 0, ""DEIPD"": 0, ""DSBDHH"": 0, ""ORH"": 0, ""OSEC"": 0.01, ""DHSR"": 0, ""DSOHF"": 0}",0.0467,0.03,0.024,deprioritized,P(unrelated)=0.86,typesafe-ai/jev,a4b41185524e,True
f24f86a5-7d6b-467e-a97f-c5ef8e043c5c,Environmental Health Sciences Core Centers Program (P30 Clinical Trials Optional),open,weak,0.98,"{""none"": 0, ""moderate"": 0.01, ""weak"": 0.98, ""strong"": 0.01}",none,0.79,"{""G4"": 0.02, ""none"": 0.79, ""G1"": 0.05, ""G2"": 0, ""G3"": 0, ""G5"": 0.14}",atypical,0.7,"{""unclear"": 0, ""ineligible"": 0, ""atypical"": 0.7, ""lead"": 0.01, ""partner"": 0.29}",DPH,0.54,"{""DCDEE"": 0.01, ""MEDICAID"": 0, ""DHSR"": 0, ""DSBDHH"": 0, ""DSOHF"": 0, ""DPH"": 0.54, ""DAGING"": 0, ""DEIPD"": 0, ""OSEC"": 0, ""none"": 0.45, ""ORH"": 0, ""DCFW"": 0, ""DMHDDSUS"": 0, ""DSS"": 0}",0.3433,0.3,0.2232,deprioritized,P(unrelated or weak)=0.98,typesafe-ai/jev,a4b41185524e,True
f2962c5c-c50f-441d-b0c3-7a5aedbf597d,Innovative Screening Approaches and Therapies for Screenable Disorders in Newborns (R21 - Clinical Trial Optional),open,weak,0.96,"{""moderate"": 0.03, ""none"": 0, ""strong"": 0.01, ""weak"": 0.96}",G2,0.89,"{""G1"": 0.01, ""G2"": 0.89, ""G3"": 0, ""G4"": 0, ""G5"": 0, ""none"": 0.1}",atypical,0.67,"{""atypical"": 0.67, ""ineligible"": 0, ""lead"": 0.01, ""partner"": 0.32, ""unclear"": 0}",DPH,0.78,"{""DAGING"": 0, ""DCDEE"": 0, ""DCFW"": 0, ""DEIPD"": 0, ""DHSR"": 0, ""DMHDDSUS"": 0, ""DPH"": 0.78, ""DSBDHH"": 0, ""DSOHF"": 0, ""DSS"": 0, ""MEDICAID"": 0, ""ORH"": 0, ""OSEC"": 0, ""none"": 0.22}",0.35,0.33,0.2327,deprioritized,P(unrelated or weak)=0.96,typesafe-ai/jev,a4b41185524e,True
f2a0e432-aac6-4caf-bc3a-a78ca52f4751,Cancer Prevention and Control Clinical Trials Planning Grant Program (R34 Clinical Trials Optional),open,weak,0.81,"{""strong"": 0.06, ""none"": 0, ""moderate"": 0.13, ""weak"": 0.81}",G1,0.56,"{""G1"": 0.56, ""G4"": 0.01, ""G2"": 0, ""G3"": 0, ""G5"": 0.05, ""none"": 0.38}",atypical,0.54,"{""lead"": 0.02, ""partner"": 0.44, ""ineligible"": 0, ""unclear"": 0, ""atypical"": 0.54}",DPH,0.83,"{""DSBDHH"": 0, ""OSEC"": 0, ""DHSR"": 0, ""DMHDDSUS"": 0, ""DAGING"": 0, ""none"": 0.17, ""DPH"": 0.83, ""DSS"": 0, ""MEDICAID"": 0, ""DCFW"": 0, ""DCDEE"": 0, ""ORH"": 0, ""DEIPD"": 0, ""DSOHF"": 0}",0.4167,0.46,0.3042,deep_review,not confidently irrelevant,typesafe-ai/jev,a4b41185524e,True
f2ac8728-c48d-4c02-b796-74f8d0e4917f,"DoW Vision, Investigator-Initiated Research Award",open,weak,0.61,"{""strong"": 0, ""none"": 0.39, ""moderate"": 0, ""weak"": 0.61}",none,0.96,"{""none"": 0.96, ""G3"": 0, ""G4"": 0, ""G2"": 0, ""G1"": 0.04, ""G5"": 0}",atypical,0.92,"{""ineligible"": 0.01, ""unclear"": 0.05, ""lead"": 0, ""atypical"": 0.92, ""partner"": 0.02}",none,0.92,"{""OSEC"": 0, ""DMHDDSUS"": 0, ""DSS"": 0, ""DEIPD"": 0, ""DSBDHH"": 0.07, ""DAGING"": 0, ""DCDEE"": 0, ""DCFW"": 0, ""none"": 0.92, ""MEDICAID"": 0, ""DSOHF"": 0, ""ORH"": 0, ""DPH"": 0.01, ""DHSR"": 0}",0.2033,0.02,0.1037,deprioritized,P(unrelated or weak)=1.00,typesafe-ai/jev,a4b41185524e,True
f2c96501-a60e-407d-b253-2c66e001a54e,Resident Opportunity and Self-Sufficiency Service Coordinator (ROSS-SC) Program – Fiscal Year 2026,forecast,weak,0.43,"{""moderate"": 0.23, ""none"": 0.08, ""strong"": 0.26, ""weak"": 0.43}",none,0.52,"{""G2"": 0.02, ""none"": 0.52, ""G4"": 0.02, ""G5"": 0, ""G1"": 0.44, ""G3"": 0}",ineligible,0.8,"{""partner"": 0.17, ""ineligible"": 0.8, ""lead"": 0, ""unclear"": 0, ""atypical"": 0.03}",none,0.84,"{""DHSR"": 0, ""none"": 0.84, ""DSBDHH"": 0, ""DMHDDSUS"": 0, ""DPH"": 0, ""DSOHF"": 0, ""DAGING"": 0.02, ""OSEC"": 0, ""DCDEE"": 0, ""ORH"": 0, ""DEIPD"": 0.02, ""MEDICAID"": 0, ""DCFW"": 0, ""DSS"": 0.12}",0.5567,0.17,0.3256,deep_review,not confidently irrelevant,typesafe-ai/jev,a4b41185524e,True
f2d50b34-2ffa-41ec-a913-4a9f417097a1,Microplastics Research and Resource Coordination Center (U24 - Clinical Trial Not Allowed),forecast,weak,0.98,"{""weak"": 0.98, ""strong"": 0, ""moderate"": 0.02, ""none"": 0}",none,0.8,"{""G3"": 0, ""G4"": 0.01, ""G1"": 0.05, ""G2"": 0, ""G5"": 0.14, ""none"": 0.8}",atypical,0.53,"{""lead"": 0.01, ""ineligible"": 0.12, ""unclear"": 0, ""atypical"": 0.53, ""partner"": 0.34}",DPH,0.71,"{""DAGING"": 0, ""MEDICAID"": 0, ""DCFW"": 0, ""DSOHF"": 0, ""OSEC"": 0, ""DSS"": 0, ""DHSR"": 0, ""DMHDDSUS"": 0, ""DPH"": 0.71, ""ORH"": 0, ""DSBDHH"": 0, ""DCDEE"": 0.01, ""DEIPD"": 0, ""none"": 0.28}",0.34,0.35,0.2295,deprioritized,P(unrelated or weak)=0.98,typesafe-ai/jev,a4b41185524e,True
f2ea8925-6244-47e8-8de5-ffe0007096e7,Preventing Violence Affecting Young Lives (PREVAYL 2.0),forecast,strong,0.99,"{""weak"": 0, ""strong"": 0.99, ""moderate"": 0.01, ""none"": 0}",G2,0.85,"{""G3"": 0.11, ""G4"": 0, ""G1"": 0.02, ""none"": 0.01, ""G5"": 0.01, ""G2"": 0.85}",lead,0.98,"{""lead"": 0.98, ""unclear"": 0.01, ""ineligible"": 0, ""atypical"": 0, ""partner"": 0.01}",DPH,0.97,"{""DAGING"": 0, ""MEDICAID"": 0, ""DCFW"": 0.02, ""DSOHF"": 0, ""OSEC"": 0, ""DHSR"": 0, ""DSS"": 0, ""DMHDDSUS"": 0.01, ""DPH"": 0.97, ""DEIPD"": 0, ""ORH"": 0, ""DCDEE"": 0, ""DSBDHH"": 0, ""none"": 0}",0.9967,0.99,0.9917,deep_review,not confidently irrelevant,typesafe-ai/jev,a4b41185524e,True
f3084459-8a28-4148-9f5e-7e477fe4fc60,Resource-Related Research Projects Cooperative Agreements in Aging and/or Alzheimer's Disease (AD) and Alzheimer's Disease-Related Dementias (ADRD) Research,forecast,weak,0.99,"{""strong"": 0, ""moderate"": 0.01, ""none"": 0, ""weak"": 0.99}",none,0.71,"{""G1"": 0.24, ""G5"": 0.02, ""none"": 0.71, ""G4"": 0.02, ""G3"": 0.01, ""G2"": 0}",atypical,0.62,"{""atypical"": 0.62, ""ineligible"": 0.01, ""lead"": 0.01, ""unclear"": 0, ""partner"": 0.36}",none,0.55,"{""DPH"": 0.04, ""DEIPD"": 0, ""DSOHF"": 0, ""MEDICAID"": 0, ""ORH"": 0, ""DSS"": 0, ""DCDEE"": 0, ""DCFW"": 0, ""DHSR"": 0, ""DSBDHH"": 0, ""DMHDDSUS"": 0.01, ""DAGING"": 0.4, ""none"": 0.55, ""OSEC"": 0}",0.3367,0.37,0.2306,deprioritized,P(unrelated or weak)=0.99,typesafe-ai/jev,a4b41185524e,True
f318a7c0-5e0d-40d7-8d3b-d6c077adc198,Expeditions in Computing (Expeditions),open,none,0.98,"{""strong"": 0, ""none"": 0.98, ""moderate"": 0, ""weak"": 0.02}",none,0.97,"{""none"": 0.97, ""G4"": 0, ""G2"": 0, ""G3"": 0, ""G5"": 0.03, ""G1"": 0}",ineligible,0.9,"{""lead"": 0, ""partner"": 0.03, ""ineligible"": 0.9, ""unclear"": 0, ""atypical"": 0.07}",none,0.99,"{""DSBDHH"": 0, ""OSEC"": 0.01, ""DHSR"": 0, ""DMHDDSUS"": 0, ""DAGING"": 0, ""none"": 0.99, ""ORH"": 0, ""DSS"": 0, ""MEDICAID"": 0, ""DCFW"": 0, ""DCDEE"": 0, ""DPH"": 0, ""DEIPD"": 0, ""DSOHF"": 0}",0.0067,0.03,0.0034,deprioritized,P(unrelated)=0.98,typesafe-ai/jev,a4b41185524e,True
f31d8a67-9a58-42f3-9c66-c219387c4635,Engineering Research Initiation,open,none,0.97,"{""moderate"": 0, ""weak"": 0.03, ""none"": 0.97, ""strong"": 0}",none,1.0,"{""G4"": 0, ""none"": 1, ""G1"": 0, ""G2"": 0, ""G3"": 0, ""G5"": 0}",ineligible,0.72,"{""unclear"": 0, ""lead"": 0, ""atypical"": 0.27, ""partner"": 0.01, ""ineligible"": 0.72}",none,1.0,"{""DCDEE"": 0, ""DSOHF"": 0, ""ORH"": 0, ""DSS"": 0, ""DPH"": 0, ""DCFW"": 0, ""none"": 1, ""DEIPD"": 0, ""MEDICAID"": 0, ""DSBDHH"": 0, ""OSEC"": 0, ""DHSR"": 0, ""DAGING"": 0, ""DMHDDSUS"": 0}",0.01,0.01,0.005,deprioritized,P(unrelated)=0.97,typesafe-ai/jev,a4b41185524e,True
f32a5872-0333-4d72-bb53-3a5fa18e8548,Animal Food Regulatory Program Alliance,forecast,weak,0.73,"{""none"": 0.22, ""weak"": 0.73, ""strong"": 0.02, ""moderate"": 0.03}",none,0.86,"{""none"": 0.86, ""G2"": 0, ""G4"": 0, ""G3"": 0, ""G1"": 0, ""G5"": 0.14}",ineligible,0.88,"{""atypical"": 0.02, ""unclear"": 0, ""partner"": 0.1, ""lead"": 0, ""ineligible"": 0.88}",none,0.92,"{""DCFW"": 0, ""OSEC"": 0, ""DSOHF"": 0, ""DSBDHH"": 0, ""ORH"": 0, ""MEDICAID"": 0, ""none"": 0.92, ""DSS"": 0, ""DCDEE"": 0.01, ""DHSR"": 0.01, ""DPH"": 0.06, ""DAGING"": 0, ""DEIPD"": 0, ""DMHDDSUS"": 0}",0.2833,0.1,0.1558,deprioritized,P(unrelated or weak)=0.95,typesafe-ai/jev,a4b41185524e,True
f3b7c04e-a364-4193-9c76-96aea974d618,Broad Agency Announcement for Fundamental AI Research,forecast,none,1.0,"{""none"": 1, ""moderate"": 0, ""weak"": 0, ""strong"": 0}",none,0.86,"{""G1"": 0, ""G2"": 0, ""none"": 0.86, ""G4"": 0, ""G5"": 0.14, ""G3"": 0}",atypical,0.99,"{""unclear"": 0, ""lead"": 0, ""partner"": 0.01, ""atypical"": 0.99, ""ineligible"": 0}",none,0.94,"{""OSEC"": 0.06, ""ORH"": 0, ""DSBDHH"": 0, ""DSOHF"": 0, ""DHSR"": 0, ""DCDEE"": 0, ""DAGING"": 0, ""DCFW"": 0, ""DEIPD"": 0, ""DPH"": 0, ""MEDICAID"": 0, ""DMHDDSUS"": 0, ""none"": 0.94, ""DSS"": 0}",0.0,0.01,0.0,deprioritized,P(unrelated)=1.00,typesafe-ai/jev,a4b41185524e,True
f3ba2089-bbc7-4029-8b05-d6d11354d6db,GPD Grant Forecast,forecast,strong,0.46,"{""strong"": 0.46, ""moderate"": 0.28, ""none"": 0.04, ""weak"": 0.22}",G1,0.52,"{""G3"": 0.01, ""G5"": 0, ""G2"": 0, ""G1"": 0.52, ""none"": 0.47, ""G4"": 0}",atypical,0.48,"{""lead"": 0.02, ""partner"": 0.48, ""unclear"": 0.02, ""atypical"": 0.48, ""ineligible"": 0}",none,0.71,"{""DCFW"": 0, ""ORH"": 0, ""OSEC"": 0, ""DAGING"": 0.01, ""DEIPD"": 0, ""DCDEE"": 0, ""DPH"": 0, ""DSOHF"": 0.01, ""DSBDHH"": 0, ""MEDICAID"": 0, ""DMHDDSUS"": 0.11, ""none"": 0.71, ""DSS"": 0.16, ""DHSR"": 0}",0.72,0.5,0.54,deep_review,not confidently irrelevant,typesafe-ai/jev,a4b41185524e,True
f3bc0c62-8279-41f5-b687-e1ed5c276a65,U.S. Mission Australia Annual Program Statement,open,none,1.0,"{""weak"": 0, ""strong"": 0, ""moderate"": 0, ""none"": 1}",none,1.0,"{""G5"": 0, ""G4"": 0, ""G1"": 0, ""G2"": 0, ""G3"": 0, ""none"": 1}",atypical,0.56,"{""ineligible"": 0.41, ""unclear"": 0.01, ""partner"": 0.02, ""lead"": 0, ""atypical"": 0.56}",none,0.99,"{""DAGING"": 0, ""ORH"": 0, ""DPH"": 0, ""DMHDDSUS"": 0, ""OSEC"": 0.01, ""DHSR"": 0, ""DSBDHH"": 0, ""DCDEE"": 0, ""none"": 0.99, ""DCFW"": 0, ""DSS"": 0, ""DSOHF"": 0, ""DEIPD"": 0, ""MEDICAID"": 0}",0.0,0.02,0.0,deprioritized,P(unrelated)=1.00,typesafe-ai/jev,a4b41185524e,True
f3bf0517-43d8-4eea-898d-36bc382a6404,Centers of Biomedical Research Excellence: Development Phase (COBRE-D),forecast,weak,0.96,"{""strong"": 0, ""weak"": 0.96, ""none"": 0.04, ""moderate"": 0}",none,0.95,"{""G3"": 0, ""G5"": 0.02, ""G4"": 0.03, ""G2"": 0, ""G1"": 0, ""none"": 0.95}",ineligible,0.8,"{""partner"": 0.07, ""lead"": 0, ""atypical"": 0.13, ""unclear"": 0, ""ineligible"": 0.8}",none,1.0,"{""DMHDDSUS"": 0, ""OSEC"": 0, ""MEDICAID"": 0, ""DSS"": 0, ""DEIPD"": 0, ""DSBDHH"": 0, ""DHSR"": 0, ""DPH"": 0, ""ORH"": 0, ""DCFW"": 0, ""none"": 1, ""DCDEE"": 0, ""DSOHF"": 0, ""DAGING"": 0}",0.32,0.07,0.1712,deprioritized,P(unrelated or weak)=1.00,typesafe-ai/jev,a4b41185524e,True
f3ec77f8-8455-44c7-aecf-3c7ba6e55c3e,Stroke Preclinical Assessment Network (SPAN) to Support Translational Studies for Acute Cerebroprotection – Network Sites and Coordinating Center (U01- CT Not Allowed),forecast,weak,1.0,"{""strong"": 0, ""none"": 0, ""moderate"": 0, ""weak"": 1}",none,0.88,"{""G3"": 0, ""G1"": 0.09, ""G2"": 0, ""G4"": 0.01, ""none"": 0.88, ""G5"": 0.02}",atypical,0.81,"{""unclear"": 0, ""lead"": 0, ""partner"": 0.18, ""atypical"": 0.81, ""ineligible"": 0.01}",none,0.86,"{""MEDICAID"": 0, ""DSS"": 0, ""DPH"": 0.12, ""none"": 0.86, ""DCDEE"": 0, ""DAGING"": 0, ""DCFW"": 0, ""DSOHF"": 0, ""DEIPD"": 0, ""DSBDHH"": 0, ""ORH"": 0, ""DMHDDSUS"": 0, ""DHSR"": 0.01, ""OSEC"": 0.01}",0.3333,0.18,0.1967,deprioritized,P(unrelated or weak)=1.00,typesafe-ai/jev,a4b41185524e,True
f3fa7334-ffb9-48be-bf0e-958b7e262d4a,Fiscal Year 2024 Flood Mitigation Assistance Swift Current,open,weak,0.39,"{""strong"": 0.16, ""weak"": 0.39, ""moderate"": 0.13, ""none"": 0.32}",none,0.81,"{""none"": 0.81, ""G1"": 0.08, ""G4"": 0, ""G5"": 0.1, ""G2"": 0, ""G3"": 0.01}",partner,0.45,"{""atypical"": 0.15, ""ineligible"": 0.02, ""partner"": 0.45, ""unclear"": 0.01, ""lead"": 0.37}",none,0.78,"{""DSS"": 0, ""none"": 0.78, ""ORH"": 0, ""DSOHF"": 0, ""DPH"": 0.15, ""DEIPD"": 0, ""MEDICAID"": 0, ""DMHDDSUS"": 0, ""OSEC"": 0.03, ""DSBDHH"": 0, ""DCDEE"": 0.03, ""DHSR"": 0.01, ""DCFW"": 0, ""DAGING"": 0}",0.3767,0.82,0.3428,deep_review,not confidently irrelevant,typesafe-ai/jev,a4b41185524e,True
f4032b37-ad39-401e-bd3b-01ad8b477cf0,Single Source: Institutional Development Award (IDeA) Clinical Research Resource Center (I-CRRC),forecast,weak,0.97,"{""none"": 0, ""weak"": 0.97, ""moderate"": 0.02, ""strong"": 0.01}",none,0.7,"{""G4"": 0.09, ""none"": 0.7, ""G2"": 0, ""G3"": 0, ""G5"": 0.2, ""G1"": 0.01}",ineligible,0.41,"{""partner"": 0.2, ""ineligible"": 0.41, ""unclear"": 0, ""lead"": 0, ""atypical"": 0.39}",none,0.96,"{""DSBDHH"": 0, ""DHSR"": 0, ""DEIPD"": 0, ""ORH"": 0.03, ""OSEC"": 0, ""none"": 0.96, ""DSS"": 0, ""DCDEE"": 0, ""MEDICAID"": 0, ""DSOHF"": 0, ""DCFW"": 0, ""DAGING"": 0, ""DPH"": 0.01, ""DMHDDSUS"": 0}",0.3467,0.2,0.208,deprioritized,P(unrelated or weak)=0.97,typesafe-ai/jev,a4b41185524e,True
f412520b-5594-4ff2-ae51-9de1b8d8efef,ROSES 2025: A.4 Rapid Response and Novel Research in Earth Science,open,none,1.0,"{""none"": 1, ""weak"": 0, ""moderate"": 0, ""strong"": 0}",none,1.0,"{""none"": 1, ""G4"": 0, ""G5"": 0, ""G1"": 0, ""G3"": 0, ""G2"": 0}",atypical,0.76,"{""unclear"": 0.02, ""lead"": 0, ""atypical"": 0.76, ""partner"": 0.01, ""ineligible"": 0.21}",none,0.99,"{""DCDEE"": 0, ""DSOHF"": 0, ""ORH"": 0, ""DSS"": 0, ""DPH"": 0.01, ""DCFW"": 0, ""none"": 0.99, ""DEIPD"": 0, ""MEDICAID"": 0, ""DSBDHH"": 0, ""DAGING"": 0, ""DHSR"": 0, ""OSEC"": 0, ""DMHDDSUS"": 0}",0.0,0.01,0.0,deprioritized,P(unrelated)=1.00,typesafe-ai/jev,a4b41185524e,True
f42076d6-528a-48da-8a80-ae9e58e06adf,Notice of Intent to Publish a Funding Opportunity Announcement for Single Source for Continuation of the Environmental Determinants of Diabetes in The Young Study (TEDDY) Data Coordinating Center (U01 Clinical Trial Not Allowed),forecast,weak,1.0,"{""strong"": 0, ""weak"": 1, ""none"": 0, ""moderate"": 0}",none,0.87,"{""G4"": 0, ""none"": 0.87, ""G3"": 0, ""G2"": 0.11, ""G5"": 0.01, ""G1"": 0.01}",atypical,0.75,"{""unclear"": 0.01, ""ineligible"": 0, ""lead"": 0, ""partner"": 0.24, ""atypical"": 0.75}",none,0.77,"{""DSBDHH"": 0, ""DMHDDSUS"": 0, ""DSS"": 0, ""none"": 0.77, ""MEDICAID"": 0, ""DEIPD"": 0, ""DSOHF"": 0, ""ORH"": 0, ""DCFW"": 0, ""OSEC"": 0, ""DPH"": 0.23, ""DHSR"": 0, ""DAGING"": 0, ""DCDEE"": 0}",0.3333,0.24,0.2067,deprioritized,P(unrelated or weak)=1.00,typesafe-ai/jev,a4b41185524e,True
f453c821-a46d-4181-aa1f-6d43c0021090,Education Programs in Atmospheric and Geospace Sciences,open,none,1.0,"{""strong"": 0, ""moderate"": 0, ""none"": 1, ""weak"": 0}",none,0.98,"{""none"": 0.98, ""G3"": 0, ""G4"": 0.02, ""G2"": 0, ""G1"": 0, ""G5"": 0}",atypical,0.93,"{""ineligible"": 0.01, ""unclear"": 0.05, ""lead"": 0, ""atypical"": 0.93, ""partner"": 0.01}",none,1.0,"{""OSEC"": 0, ""DHSR"": 0, ""DSS"": 0, ""DEIPD"": 0, ""DSBDHH"": 0, ""DAGING"": 0, ""DSOHF"": 0, ""DCFW"": 0, ""none"": 1, ""MEDICAID"": 0, ""DPH"": 0, ""DCDEE"": 0, ""ORH"": 0, ""DMHDDSUS"": 0}",0.0,0.01,0.0,deprioritized,P(unrelated)=1.00,typesafe-ai/jev,a4b41185524e,True
f45f11b1-c443-4968-be2d-2a6f7d50253d,Advancing Youth Activism and Engagement FY2023,forecast,none,0.99,"{""none"": 0.99, ""moderate"": 0, ""weak"": 0.01, ""strong"": 0}",none,1.0,"{""none"": 1, ""G2"": 0, ""G1"": 0, ""G4"": 0, ""G5"": 0, ""G3"": 0}",ineligible,1.0,"{""lead"": 0, ""unclear"": 0, ""partner"": 0, ""atypical"": 0, ""ineligible"": 1}",none,1.0,"{""MEDICAID"": 0, ""ORH"": 0, ""DSOHF"": 0, ""DSBDHH"": 0, ""DHSR"": 0, ""DPH"": 0, ""DAGING"": 0, ""DEIPD"": 0, ""DCFW"": 0, ""DCDEE"": 0, ""DMHDDSUS"": 0, ""OSEC"": 0, ""none"": 1, ""DSS"": 0}",0.0033,0.0,0.0017,deprioritized,P(unrelated)=0.99,typesafe-ai/jev,a4b41185524e,True
f4ac056d-f7a3-403b-8e82-95ddbd4a1e4b,NIOSH Exploratory/Developmental Grant Program (R21),forecast,weak,0.87,"{""weak"": 0.87, ""none"": 0, ""moderate"": 0.11, ""strong"": 0.02}",none,0.46,"{""G5"": 0.03, ""G4"": 0.44, ""none"": 0.46, ""G3"": 0, ""G2"": 0, ""G1"": 0.07}",atypical,0.7,"{""lead"": 0.03, ""unclear"": 0, ""ineligible"": 0, ""atypical"": 0.7, ""partner"": 0.27}",DPH,0.65,"{""DHSR"": 0.01, ""DSS"": 0, ""DPH"": 0.65, ""OSEC"": 0.01, ""DMHDDSUS"": 0, ""DCFW"": 0, ""DCDEE"": 0.01, ""DEIPD"": 0.01, ""DAGING"": 0, ""DSBDHH"": 0, ""none"": 0.29, ""DSOHF"": 0.01, ""ORH"": 0.01, ""MEDICAID"": 0}",0.3833,0.3,0.2492,deep_review,not confidently irrelevant,typesafe-ai/jev,a4b41185524e,True
f4d5f64e-0b81-4634-b3c1-9993ef53c00c,Mechanisms that Impact Cancer Risk with Use of Incretin Mimetics (R21 Clinical Trial Not Allowed),open,weak,1.0,"{""strong"": 0, ""none"": 0, ""moderate"": 0, ""weak"": 1}",none,0.84,"{""none"": 0.84, ""G3"": 0, ""G4"": 0.02, ""G2"": 0, ""G1"": 0.13, ""G5"": 0.01}",atypical,0.86,"{""ineligible"": 0, ""unclear"": 0, ""lead"": 0.01, ""partner"": 0.13, ""atypical"": 0.86}",none,0.74,"{""DHSR"": 0, ""DMHDDSUS"": 0, ""DSS"": 0, ""DEIPD"": 0, ""DSBDHH"": 0, ""DAGING"": 0, ""ORH"": 0, ""DCFW"": 0, ""none"": 0.74, ""MEDICAID"": 0, ""DPH"": 0.26, ""DCDEE"": 0, ""DSOHF"": 0, ""OSEC"": 0}",0.3333,0.14,0.19,deprioritized,P(unrelated or weak)=1.00,typesafe-ai/jev,a4b41185524e,True
f5586c5b-9add-44c1-9566-73ab7c7dd8b4,National Cooperative Drug/Device Discovery/Development Groups (NCDDG) for the Treatment of Mental Disorders (U01 Clinical Trial Optional),open,weak,1.0,"{""moderate"": 0, ""none"": 0, ""strong"": 0, ""weak"": 1}",G3,0.85,"{""G1"": 0, ""G2"": 0, ""G3"": 0.85, ""G4"": 0, ""G5"": 0, ""none"": 0.15}",atypical,0.81,"{""atypical"": 0.81, ""ineligible"": 0, ""lead"": 0, ""partner"": 0.19, ""unclear"": 0}",DMHDDSUS,0.65,"{""DAGING"": 0, ""DCDEE"": 0, ""DCFW"": 0, ""DEIPD"": 0, ""DHSR"": 0, ""DMHDDSUS"": 0.65, ""DPH"": 0.01, ""DSBDHH"": 0, ""DSOHF"": 0.02, ""DSS"": 0, ""MEDICAID"": 0, ""ORH"": 0, ""OSEC"": 0, ""none"": 0.32}",0.3333,0.19,0.1983,deprioritized,P(unrelated or weak)=1.00,typesafe-ai/jev,a4b41185524e,True
f570f767-ac1d-4ce4-975a-c32403e028e1,Confirmatory Efficacy Clinical Trials of Non-Pharmacological and Pharmacological Interventions for Mental Disorders (R01 Clinical Trial Required),open,weak,0.96,"{""weak"": 0.96, ""strong"": 0.01, ""none"": 0, ""moderate"": 0.03}",G3,0.87,"{""none"": 0.13, ""G5"": 0, ""G4"": 0, ""G3"": 0.87, ""G1"": 0, ""G2"": 0}",atypical,0.64,"{""unclear"": 0, ""atypical"": 0.64, ""ineligible"": 0, ""lead"": 0.01, ""partner"": 0.35}",DMHDDSUS,0.65,"{""ORH"": 0, ""DSOHF"": 0.05, ""DEIPD"": 0, ""DAGING"": 0, ""DSBDHH"": 0, ""MEDICAID"": 0, ""DSS"": 0, ""OSEC"": 0, ""none"": 0.3, ""DCDEE"": 0, ""DCFW"": 0, ""DPH"": 0, ""DMHDDSUS"": 0.65, ""DHSR"": 0}",0.35,0.36,0.238,deprioritized,P(unrelated or weak)=0.96,typesafe-ai/jev,a4b41185524e,True
f590a49c-60a8-44e7-930e-4fc3bcae9ae2,DoW Tick-Borne Disease Therapeutic/Diagnostic Research Award,open,weak,0.93,"{""weak"": 0.93, ""strong"": 0, ""none"": 0.07, ""moderate"": 0}",none,0.77,"{""G1"": 0.17, ""none"": 0.77, ""G3"": 0, ""G2"": 0.01, ""G5"": 0.04, ""G4"": 0.01}",atypical,0.82,"{""unclear"": 0.08, ""atypical"": 0.82, ""ineligible"": 0, ""partner"": 0.1, ""lead"": 0}",none,0.7,"{""MEDICAID"": 0, ""ORH"": 0, ""DSS"": 0, ""none"": 0.7, ""DMHDDSUS"": 0, ""DPH"": 0.29, ""DSBDHH"": 0, ""DAGING"": 0, ""OSEC"": 0, ""DCDEE"": 0.01, ""DEIPD"": 0, ""DSOHF"": 0, ""DHSR"": 0, ""DCFW"": 0}",0.31,0.1,0.1705,deprioritized,P(unrelated or weak)=1.00,typesafe-ai/jev,a4b41185524e,True
f5a53385-ab1a-4996-b573-541150843d0b,Military and Civilian Partnership for Trauma Readiness Grant Program/Mission Zero,forecast,strong,0.38,"{""weak"": 0.39, ""strong"": 0.38, ""moderate"": 0.21, ""none"": 0.02}",none,0.65,"{""G3"": 0, ""G4"": 0.02, ""G1"": 0.17, ""none"": 0.65, ""G5"": 0.16, ""G2"": 0}",ineligible,0.79,"{""lead"": 0, ""ineligible"": 0.79, ""unclear"": 0, ""atypical"": 0.01, ""partner"": 0.2}",none,0.41,"{""DAGING"": 0, ""MEDICAID"": 0, ""DCFW"": 0, ""DSOHF"": 0.02, ""OSEC"": 0, ""DSS"": 0, ""DMHDDSUS"": 0, ""DHSR"": 0.19, ""DPH"": 0.36, ""ORH"": 0.01, ""DEIPD"": 0, ""DCDEE"": 0.01, ""DSBDHH"": 0, ""none"": 0.41}",0.65,0.2,0.39,deep_review,not confidently irrelevant,typesafe-ai/jev,a4b41185524e,True
f68cf378-43e2-49b9-a252-a7009c6b81cf,"Maternal, Infant, and Early Childhood Home Visiting Program (MIECHV)",forecast,strong,1.0,"{""strong"": 1, ""none"": 0, ""weak"": 0, ""moderate"": 0}",G2,0.99,"{""G1"": 0.01, ""G3"": 0, ""G5"": 0, ""none"": 0, ""G2"": 0.99, ""G4"": 0}",lead,0.97,"{""unclear"": 0, ""lead"": 0.97, ""partner"": 0.02, ""atypical"": 0.01, ""ineligible"": 0}",DCFW,0.91,"{""DSBDHH"": 0, ""DCFW"": 0.91, ""ORH"": 0, ""DSS"": 0, ""DMHDDSUS"": 0, ""DEIPD"": 0, ""MEDICAID"": 0, ""DPH"": 0.09, ""DCDEE"": 0, ""DSOHF"": 0, ""OSEC"": 0, ""none"": 0, ""DAGING"": 0, ""DHSR"": 0}",1.0,0.99,0.995,deep_review,not confidently irrelevant,typesafe-ai/jev,a4b41185524e,True
f6e04e5d-0a58-493f-b26a-df1447f46987,"U.S. Embassy The Hague, PAS, REMVE Mayoral Exchanges and Summit",forecast,none,0.99,"{""weak"": 0.01, ""moderate"": 0, ""none"": 0.99, ""strong"": 0}",none,1.0,"{""G5"": 0, ""G4"": 0, ""none"": 1, ""G3"": 0, ""G2"": 0, ""G1"": 0}",ineligible,0.99,"{""lead"": 0, ""partner"": 0, ""ineligible"": 0.99, ""atypical"": 0.01, ""unclear"": 0}",none,1.0,"{""DHSR"": 0, ""DSS"": 0, ""DPH"": 0, ""DMHDDSUS"": 0, ""OSEC"": 0, ""DCFW"": 0, ""DCDEE"": 0, ""DEIPD"": 0, ""DAGING"": 0, ""DSBDHH"": 0, ""none"": 1, ""DSOHF"": 0, ""MEDICAID"": 0, ""ORH"": 0}",0.0033,0.0,0.0017,deprioritized,P(unrelated)=0.99,typesafe-ai/jev,a4b41185524e,True
f796ec42-c0e1-4648-a5ff-1f87a76c26e2,Silvio O. Conte Digestive Diseases Research Core Centers (P30-Clinical Trial Optional),open,weak,1.0,"{""weak"": 1, ""none"": 0, ""moderate"": 0, ""strong"": 0}",none,0.94,"{""G4"": 0.02, ""G3"": 0, ""none"": 0.94, ""G1"": 0.02, ""G2"": 0, ""G5"": 0.02}",atypical,0.88,"{""lead"": 0, ""ineligible"": 0.02, ""atypical"": 0.88, ""partner"": 0.1, ""unclear"": 0}",none,0.94,"{""MEDICAID"": 0, ""DHSR"": 0, ""DCFW"": 0, ""DPH"": 0.05, ""none"": 0.94, ""DSS"": 0, ""DAGING"": 0, ""DSOHF"": 0, ""DSBDHH"": 0, ""OSEC"": 0, ""ORH"": 0, ""DCDEE"": 0, ""DEIPD"": 0, ""DMHDDSUS"": 0}",0.3333,0.1,0.1833,deprioritized,P(unrelated or weak)=1.00,typesafe-ai/jev,a4b41185524e,True
f7dde5e3-95ff-464f-88ba-8d303197a36c,Ruth L. Kirschstein National Research Service Award (NRSA) Individual Predoctoral Fellowship (Parent F31),open,weak,1.0,"{""none"": 0, ""weak"": 1, ""strong"": 0, ""moderate"": 0}",none,0.77,"{""none"": 0.77, ""G4"": 0.23, ""G5"": 0, ""G3"": 0, ""G1"": 0, ""G2"": 0}",atypical,0.85,"{""atypical"": 0.85, ""unclear"": 0, ""partner"": 0.03, ""lead"": 0, ""ineligible"": 0.12}",none,0.96,"{""DCFW"": 0, ""OSEC"": 0.01, ""DSOHF"": 0, ""DSBDHH"": 0, ""ORH"": 0, ""MEDICAID"": 0, ""none"": 0.96, ""DMHDDSUS"": 0.01, ""DCDEE"": 0, ""DSS"": 0, ""DHSR"": 0, ""DAGING"": 0, ""DEIPD"": 0, ""DPH"": 0.02}",0.3333,0.03,0.1717,deprioritized,P(unrelated or weak)=1.00,typesafe-ai/jev,a4b41185524e,True
f7f3d30f-cedb-41b3-a18a-8fb7fee0cb10,Assessing the Feasibility of Incorporating Mechanisms in Multisite Clinical Trials of Mind and Body Interventions on Whole Person Health Restoration,forecast,weak,0.98,"{""moderate"": 0.02, ""none"": 0, ""weak"": 0.98, ""strong"": 0}",G3,0.5,"{""G4"": 0.01, ""none"": 0.45, ""G3"": 0.5, ""G5"": 0.02, ""G2"": 0, ""G1"": 0.02}",atypical,0.6,"{""unclear"": 0.01, ""ineligible"": 0, ""lead"": 0.01, ""partner"": 0.38, ""atypical"": 0.6}",none,0.65,"{""MEDICAID"": 0, ""DPH"": 0.18, ""DCDEE"": 0, ""none"": 0.65, ""DAGING"": 0, ""DHSR"": 0, ""DSS"": 0, ""DCFW"": 0, ""OSEC"": 0, ""DMHDDSUS"": 0.15, ""DSBDHH"": 0, ""DEIPD"": 0, ""ORH"": 0.01, ""DSOHF"": 0.01}",0.34,0.39,0.2363,deprioritized,P(unrelated or weak)=0.98,typesafe-ai/jev,a4b41185524e,True
f7f5692f-7760-439d-9a04-a69de49cb81c,Chemical Process Systems (CPS),open,none,0.87,"{""strong"": 0, ""none"": 0.87, ""moderate"": 0, ""weak"": 0.13}",none,0.95,"{""G3"": 0, ""G1"": 0, ""G2"": 0, ""G4"": 0, ""none"": 0.95, ""G5"": 0.05}",atypical,0.97,"{""unclear"": 0.02, ""lead"": 0, ""partner"": 0.01, ""atypical"": 0.97, ""ineligible"": 0}",none,1.0,"{""DEIPD"": 0, ""DSS"": 0, ""DPH"": 0, ""MEDICAID"": 0, ""DCDEE"": 0, ""OSEC"": 0, ""DCFW"": 0, ""DAGING"": 0, ""DSBDHH"": 0, ""DMHDDSUS"": 0, ""ORH"": 0, ""none"": 1, ""DHSR"": 0, ""DSOHF"": 0}",0.0433,0.01,0.0219,deprioritized,P(unrelated)=0.87,typesafe-ai/jev,a4b41185524e,True
f805f95b-6c2f-4ee5-b521-512314d55250,Paul Calabresi Career Development Award for Clinical Oncology (K12 Clinical Trial Not Allowed),open,weak,1.0,"{""strong"": 0, ""moderate"": 0, ""none"": 0, ""weak"": 1}",none,0.6,"{""G4"": 0.39, ""G5"": 0, ""none"": 0.6, ""G1"": 0.01, ""G3"": 0, ""G2"": 0}",atypical,0.93,"{""atypical"": 0.93, ""ineligible"": 0.02, ""lead"": 0, ""unclear"": 0, ""partner"": 0.04}",none,0.88,"{""DPH"": 0.1, ""DSOHF"": 0.01, ""DMHDDSUS"": 0, ""MEDICAID"": 0, ""ORH"": 0.01, ""DSS"": 0, ""DCDEE"": 0, ""DEIPD"": 0, ""DSBDHH"": 0, ""DHSR"": 0, ""DCFW"": 0, ""DAGING"": 0, ""none"": 0.88, ""OSEC"": 0}",0.3333,0.04,0.1733,deprioritized,P(unrelated or weak)=1.00,typesafe-ai/jev,a4b41185524e,True
f8607a68-6dab-40e0-8286-14267369f6b9,Mission Spain Public Diplomacy 2022 Annual Program Statement,open,none,1.0,"{""none"": 1, ""moderate"": 0, ""weak"": 0, ""strong"": 0}",none,1.0,"{""none"": 1, ""G4"": 0, ""G1"": 0, ""G2"": 0, ""G3"": 0, ""G5"": 0}",atypical,0.72,"{""unclear"": 0, ""ineligible"": 0.22, ""atypical"": 0.72, ""lead"": 0.01, ""partner"": 0.05}",none,0.99,"{""DCFW"": 0, ""MEDICAID"": 0, ""DHSR"": 0, ""DSBDHH"": 0, ""DPH"": 0, ""DSOHF"": 0, ""DAGING"": 0, ""none"": 0.99, ""OSEC"": 0.01, ""DEIPD"": 0, ""ORH"": 0, ""DCDEE"": 0, ""DMHDDSUS"": 0, ""DSS"": 0}",0.0,0.06,0.0,deprioritized,P(unrelated)=1.00,typesafe-ai/jev,a4b41185524e,True
f86a4e9d-1aad-4331-9d27-cfd38649bc82,Priority HIV/AIDS Research within the Mission of NIDDK (R01 Clinical Trial Optional),open,weak,0.99,"{""moderate"": 0.01, ""none"": 0, ""strong"": 0, ""weak"": 0.99}",G1,0.64,"{""G1"": 0.64, ""G2"": 0, ""G3"": 0, ""G4"": 0.01, ""G5"": 0, ""none"": 0.35}",atypical,0.7,"{""atypical"": 0.7, ""ineligible"": 0, ""lead"": 0, ""partner"": 0.3, ""unclear"": 0}",DPH,0.52,"{""DAGING"": 0, ""DCDEE"": 0, ""DCFW"": 0, ""DEIPD"": 0, ""DHSR"": 0, ""DMHDDSUS"": 0.01, ""DPH"": 0.52, ""DSBDHH"": 0, ""DSOHF"": 0, ""DSS"": 0, ""MEDICAID"": 0, ""ORH"": 0, ""OSEC"": 0, ""none"": 0.47}",0.3367,0.3,0.2188,deprioritized,P(unrelated or weak)=0.99,typesafe-ai/jev,a4b41185524e,True
f892bfb3-ae6b-4b13-8241-93aecc115428,National Science Foundation Fostering Interdisciplinary Networks to Develop Emergent and Responsive Solutions Foundry,open,none,0.69,"{""moderate"": 0.02, ""weak"": 0.29, ""none"": 0.69, ""strong"": 0}",none,0.65,"{""none"": 0.65, ""G4"": 0.29, ""G1"": 0, ""G5"": 0.04, ""G3"": 0, ""G2"": 0.02}",atypical,0.59,"{""unclear"": 0, ""lead"": 0.04, ""atypical"": 0.59, ""partner"": 0.37, ""ineligible"": 0}",none,0.71,"{""DCDEE"": 0.18, ""DSOHF"": 0, ""ORH"": 0, ""DSS"": 0, ""DPH"": 0.01, ""DCFW"": 0.06, ""none"": 0.71, ""DEIPD"": 0, ""MEDICAID"": 0, ""DSBDHH"": 0, ""DMHDDSUS"": 0, ""DHSR"": 0, ""DAGING"": 0, ""OSEC"": 0.04}",0.11,0.41,0.0775,deprioritized,P(unrelated or weak)=0.98,typesafe-ai/jev,a4b41185524e,True
f9088e85-73ca-4149-af60-29817ddcb3ce,Democracy Commission Program R2 FY2022,forecast,none,1.0,"{""weak"": 0, ""none"": 1, ""strong"": 0, ""moderate"": 0}",none,1.0,"{""none"": 1, ""G5"": 0, ""G2"": 0, ""G1"": 0, ""G3"": 0, ""G4"": 0}",ineligible,1.0,"{""ineligible"": 1, ""partner"": 0, ""lead"": 0, ""atypical"": 0, ""unclear"": 0}",none,1.0,"{""DSOHF"": 0, ""OSEC"": 0, ""ORH"": 0, ""MEDICAID"": 0, ""DCFW"": 0, ""none"": 1, ""DCDEE"": 0, ""DAGING"": 0, ""DMHDDSUS"": 0, ""DEIPD"": 0, ""DPH"": 0, ""DHSR"": 0, ""DSBDHH"": 0, ""DSS"": 0}",0.0,0.0,0.0,deprioritized,P(unrelated)=1.00,typesafe-ai/jev,a4b41185524e,True
f919eaae-787c-4900-91b1-92e5e088a893,"Bioengineering Research, Innovation and Technology Education (BRITE) Program (R25 Clinical Trial Not Allowed)",forecast,weak,0.99,"{""moderate"": 0, ""none"": 0.01, ""strong"": 0, ""weak"": 0.99}",none,0.71,"{""G3"": 0, ""G1"": 0, ""G2"": 0, ""G5"": 0, ""none"": 0.71, ""G4"": 0.29}",ineligible,0.6,"{""unclear"": 0, ""lead"": 0, ""partner"": 0.13, ""atypical"": 0.27, ""ineligible"": 0.6}",none,1.0,"{""none"": 1, ""DSS"": 0, ""DPH"": 0, ""MEDICAID"": 0, ""DCDEE"": 0, ""OSEC"": 0, ""DCFW"": 0, ""DSOHF"": 0, ""DSBDHH"": 0, ""DAGING"": 0, ""ORH"": 0, ""DEIPD"": 0, ""DHSR"": 0, ""DMHDDSUS"": 0}",0.33,0.13,0.1864,deprioritized,P(unrelated or weak)=1.00,typesafe-ai/jev,a4b41185524e,True
f931e3f2-28c6-4bcb-83ff-894bc6b2266c,"National Viral Hepatitis Education, Awareness, and Capacity Building for Communities and Providers",forecast,strong,0.98,"{""none"": 0, ""weak"": 0, ""moderate"": 0.02, ""strong"": 0.98}",G1,0.99,"{""G4"": 0, ""G1"": 0.99, ""G3"": 0, ""G2"": 0, ""G5"": 0, ""none"": 0.01}",partner,0.57,"{""partner"": 0.57, ""ineligible"": 0, ""lead"": 0.29, ""unclear"": 0.05, ""atypical"": 0.09}",DPH,1.0,"{""DSBDHH"": 0, ""DHSR"": 0, ""DEIPD"": 0, ""ORH"": 0, ""OSEC"": 0, ""DCFW"": 0, ""none"": 0, ""DCDEE"": 0, ""DSS"": 0, ""DSOHF"": 0, ""MEDICAID"": 0, ""DAGING"": 0, ""DPH"": 1, ""DMHDDSUS"": 0}",0.9933,0.86,0.9238,deep_review,not confidently irrelevant,typesafe-ai/jev,a4b41185524e,True
f93766d2-cd27-41d0-8e05-9bd482daf8d7,"Collaborative Opportunities for Multiple-disciplinary, Bold, and Integrated Endeavors (COMBINE) (RM1 Clinical Trial Optional)",forecast,weak,1.0,"{""moderate"": 0, ""none"": 0, ""strong"": 0, ""weak"": 1}",none,0.68,"{""G1"": 0.06, ""G2"": 0, ""G3"": 0.15, ""G4"": 0.02, ""G5"": 0.09, ""none"": 0.68}",atypical,0.62,"{""atypical"": 0.62, ""ineligible"": 0.02, ""lead"": 0.02, ""partner"": 0.34, ""unclear"": 0}",none,0.71,"{""DAGING"": 0, ""DCDEE"": 0, ""DCFW"": 0, ""DEIPD"": 0, ""DHSR"": 0, ""DMHDDSUS"": 0.05, ""DPH"": 0.21, ""DSBDHH"": 0, ""DSOHF"": 0.01, ""DSS"": 0, ""MEDICAID"": 0, ""ORH"": 0, ""OSEC"": 0.02, ""none"": 0.71}",0.3333,0.36,0.2267,deprioritized,P(unrelated or weak)=1.00,typesafe-ai/jev,a4b41185524e,True
f9773551-0c3a-42c7-b88e-fde3811fdb19,"Clinical Observational (CO) Studies in Musculoskeletal, Rheumatic, and Skin Diseases (R01 Clinical Trial Not Allowed)",open,weak,1.0,"{""moderate"": 0, ""none"": 0, ""strong"": 0, ""weak"": 1}",none,0.8,"{""G2"": 0, ""G1"": 0.18, ""G3"": 0, ""G4"": 0.01, ""none"": 0.8, ""G5"": 0.01}",atypical,0.73,"{""unclear"": 0, ""atypical"": 0.73, ""partner"": 0.26, ""lead"": 0.01, ""ineligible"": 0}",none,0.71,"{""DSOHF"": 0.01, ""DSS"": 0, ""DAGING"": 0, ""MEDICAID"": 0.01, ""DCDEE"": 0.01, ""DPH"": 0.23, ""DCFW"": 0, ""OSEC"": 0.01, ""DSBDHH"": 0, ""DMHDDSUS"": 0, ""ORH"": 0.01, ""DEIPD"": 0, ""DHSR"": 0.01, ""none"": 0.71}",0.3333,0.27,0.2117,deprioritized,P(unrelated or weak)=1.00,typesafe-ai/jev,a4b41185524e,True
f98316c9-06ac-40e5-be43-db01a0a0dccf,Notice of Intent:  Program to End Modern Slavery FY 2022,open,weak,0.83,"{""none"": 0.14, ""moderate"": 0.02, ""weak"": 0.83, ""strong"": 0.01}",none,0.72,"{""none"": 0.72, ""G2"": 0.01, ""G1"": 0.27, ""G4"": 0, ""G5"": 0, ""G3"": 0}",atypical,0.42,"{""lead"": 0, ""unclear"": 0.03, ""partner"": 0.39, ""atypical"": 0.42, ""ineligible"": 0.16}",none,0.72,"{""DMHDDSUS"": 0.02, ""ORH"": 0, ""DSOHF"": 0, ""DSBDHH"": 0, ""DHSR"": 0, ""DCDEE"": 0, ""DAGING"": 0, ""DCFW"": 0.01, ""DPH"": 0.07, ""DEIPD"": 0, ""MEDICAID"": 0, ""OSEC"": 0.01, ""none"": 0.72, ""DSS"": 0.17}",0.3,0.39,0.2085,deprioritized,P(unrelated or weak)=0.97,typesafe-ai/jev,a4b41185524e,True
f9b61bab-f16b-4a39-94b2-71c9c1c834c8,Coordinating Center for National Resource Network for the Study of Human Auditory and Vestibular Disorders,forecast,weak,1.0,"{""weak"": 1, ""none"": 0, ""moderate"": 0, ""strong"": 0}",none,0.89,"{""G5"": 0.01, ""G4"": 0.01, ""none"": 0.89, ""G3"": 0, ""G1"": 0.09, ""G2"": 0}",atypical,0.83,"{""lead"": 0, ""unclear"": 0, ""ineligible"": 0.02, ""atypical"": 0.83, ""partner"": 0.15}",none,0.58,"{""DHSR"": 0, ""DSS"": 0, ""DPH"": 0.01, ""OSEC"": 0, ""DMHDDSUS"": 0, ""DCFW"": 0, ""DCDEE"": 0, ""DEIPD"": 0, ""DAGING"": 0, ""DSBDHH"": 0.41, ""none"": 0.58, ""DSOHF"": 0, ""ORH"": 0, ""MEDICAID"": 0}",0.3333,0.15,0.1917,deprioritized,P(unrelated or weak)=1.00,typesafe-ai/jev,a4b41185524e,True
f9eb8a1d-a0f9-4b35-9552-0ef678ba2587,Mentored Clinical Scientist Research Career Development Award (Parent K08  Independent Clinical Trial Required),open,weak,1.0,"{""none"": 0, ""moderate"": 0, ""weak"": 1, ""strong"": 0}",none,0.7,"{""G2"": 0, ""none"": 0.7, ""G4"": 0.28, ""G5"": 0.01, ""G1"": 0, ""G3"": 0.01}",atypical,0.93,"{""partner"": 0.04, ""lead"": 0, ""unclear"": 0, ""atypical"": 0.93, ""ineligible"": 0.03}",none,0.9,"{""DSS"": 0, ""OSEC"": 0.01, ""DPH"": 0.05, ""MEDICAID"": 0, ""DAGING"": 0, ""DCDEE"": 0, ""ORH"": 0.01, ""DHSR"": 0, ""none"": 0.9, ""DEIPD"": 0, ""DSOHF"": 0.02, ""DSBDHH"": 0, ""DMHDDSUS"": 0.01, ""DCFW"": 0}",0.3333,0.04,0.1733,deprioritized,P(unrelated or weak)=1.00,typesafe-ai/jev,a4b41185524e,True
fa0cd12a-2f59-4f4d-a074-f9c8167cadcc,Solomon Islands Threshold Program Industry Day,forecast,none,0.92,"{""weak"": 0.08, ""moderate"": 0, ""none"": 0.92, ""strong"": 0}",none,1.0,"{""G1"": 0, ""G2"": 0, ""G5"": 0, ""G4"": 0, ""none"": 1, ""G3"": 0}",atypical,0.64,"{""lead"": 0, ""unclear"": 0.14, ""partner"": 0.01, ""atypical"": 0.64, ""ineligible"": 0.21}",none,1.0,"{""MEDICAID"": 0, ""ORH"": 0, ""DSOHF"": 0, ""DSBDHH"": 0, ""DHSR"": 0, ""DPH"": 0, ""DAGING"": 0, ""DEIPD"": 0, ""DCDEE"": 0, ""DCFW"": 0, ""OSEC"": 0, ""DMHDDSUS"": 0, ""none"": 1, ""DSS"": 0}",0.0267,0.01,0.0135,deprioritized,P(unrelated)=0.92,typesafe-ai/jev,a4b41185524e,True
fa3162ba-0796-4e7b-9bb5-0ea426cea550,Partnership Intermediary Agreement (PIA),forecast,none,1.0,"{""weak"": 0, ""strong"": 0, ""none"": 1, ""moderate"": 0}",none,0.93,"{""G1"": 0, ""G4"": 0.01, ""G3"": 0, ""none"": 0.93, ""G5"": 0.06, ""G2"": 0}",atypical,0.79,"{""lead"": 0.16, ""atypical"": 0.79, ""partner"": 0.04, ""ineligible"": 0.01, ""unclear"": 0}",none,0.98,"{""DSOHF"": 0, ""ORH"": 0, ""DMHDDSUS"": 0, ""DAGING"": 0, ""none"": 0.98, ""DEIPD"": 0, ""DCDEE"": 0, ""DSS"": 0, ""DPH"": 0, ""DCFW"": 0, ""DSBDHH"": 0, ""MEDICAID"": 0, ""OSEC"": 0.02, ""DHSR"": 0}",0.0,0.2,0.0,deprioritized,P(unrelated)=1.00,typesafe-ai/jev,a4b41185524e,True
faafd0c3-eeda-4f0a-8e81-58cff40c38f4,Staff Research Program,open,none,0.96,"{""weak"": 0.04, ""strong"": 0, ""none"": 0.96, ""moderate"": 0}",none,0.99,"{""none"": 0.99, ""G5"": 0.01, ""G3"": 0, ""G4"": 0, ""G1"": 0, ""G2"": 0}",atypical,0.53,"{""unclear"": 0, ""atypical"": 0.53, ""ineligible"": 0.43, ""lead"": 0, ""partner"": 0.04}",none,0.99,"{""ORH"": 0, ""DSOHF"": 0, ""DEIPD"": 0, ""DSBDHH"": 0, ""DSS"": 0, ""DAGING"": 0, ""MEDICAID"": 0, ""DCDEE"": 0, ""OSEC"": 0, ""none"": 0.99, ""DPH"": 0.01, ""DCFW"": 0, ""DMHDDSUS"": 0, ""DHSR"": 0}",0.0133,0.04,0.0069,deprioritized,P(unrelated)=0.96,typesafe-ai/jev,a4b41185524e,True
fae6d84f-fa66-4844-90df-8032067c76f5,DoW Tick-Borne Disease Idea Development Award,open,weak,0.81,"{""strong"": 0, ""weak"": 0.81, ""none"": 0.19, ""moderate"": 0}",none,0.86,"{""G4"": 0.02, ""none"": 0.86, ""G5"": 0.02, ""G2"": 0, ""G3"": 0, ""G1"": 0.1}",atypical,0.93,"{""unclear"": 0.04, ""ineligible"": 0, ""partner"": 0.02, ""lead"": 0, ""atypical"": 0.93}",none,0.77,"{""DSBDHH"": 0, ""DMHDDSUS"": 0, ""DHSR"": 0, ""none"": 0.77, ""DAGING"": 0, ""DEIPD"": 0, ""DSOHF"": 0, ""ORH"": 0, ""DPH"": 0.22, ""OSEC"": 0, ""DCFW"": 0, ""DCDEE"": 0.01, ""DSS"": 0, ""MEDICAID"": 0}",0.27,0.02,0.1377,deprioritized,P(unrelated or weak)=1.00,typesafe-ai/jev,a4b41185524e,True
fb2c5352-295a-466a-9b53-e6a1428efcda,Continued Development of the Gabriella Miller Kids First Pediatric Data Resource Center (U2C Clinical Trials Not Allowed),forecast,weak,0.99,"{""none"": 0, ""weak"": 0.99, ""moderate"": 0.01, ""strong"": 0}",none,0.5,"{""none"": 0.5, ""G5"": 0.04, ""G4"": 0.01, ""G1"": 0.02, ""G3"": 0, ""G2"": 0.43}",atypical,0.67,"{""partner"": 0.32, ""unclear"": 0.01, ""ineligible"": 0, ""lead"": 0, ""atypical"": 0.67}",none,0.81,"{""DSOHF"": 0, ""DSBDHH"": 0, ""DHSR"": 0, ""DSS"": 0, ""DCDEE"": 0.01, ""DEIPD"": 0, ""none"": 0.81, ""DMHDDSUS"": 0, ""ORH"": 0, ""DPH"": 0.15, ""DAGING"": 0, ""DCFW"": 0, ""OSEC"": 0.02, ""MEDICAID"": 0}",0.3367,0.32,0.2222,deprioritized,P(unrelated or weak)=0.99,typesafe-ai/jev,a4b41185524e,True
fb47cb63-0f59-4d4f-8b60-2f6be3fb0f17,Focused Technology Research and Development (R01 Clinical Trial Not Allowed),open,weak,1.0,"{""strong"": 0, ""weak"": 1, ""none"": 0, ""moderate"": 0}",none,0.79,"{""G3"": 0, ""G5"": 0.21, ""G4"": 0, ""G2"": 0, ""none"": 0.79, ""G1"": 0}",atypical,0.91,"{""partner"": 0.08, ""lead"": 0.01, ""atypical"": 0.91, ""unclear"": 0, ""ineligible"": 0}",none,0.93,"{""MEDICAID"": 0, ""OSEC"": 0.02, ""DMHDDSUS"": 0, ""DSS"": 0, ""DEIPD"": 0, ""DSBDHH"": 0, ""DHSR"": 0, ""DPH"": 0.04, ""DCFW"": 0, ""ORH"": 0, ""none"": 0.93, ""DSOHF"": 0.01, ""DCDEE"": 0, ""DAGING"": 0}",0.3333,0.09,0.1817,deprioritized,P(unrelated or weak)=1.00,typesafe-ai/jev,a4b41185524e,True
fbb68151-e70f-462b-9d22-3432f62473e2,CHEERS Open Period 1 - All Technical Areas,open,none,0.93,"{""weak"": 0.07, ""moderate"": 0, ""none"": 0.93, ""strong"": 0}",none,0.99,"{""none"": 0.99, ""G3"": 0, ""G2"": 0, ""G1"": 0, ""G5"": 0.01, ""G4"": 0}",atypical,0.83,"{""ineligible"": 0, ""lead"": 0, ""atypical"": 0.83, ""partner"": 0.01, ""unclear"": 0.16}",none,0.98,"{""DEIPD"": 0, ""DCFW"": 0, ""OSEC"": 0, ""DAGING"": 0, ""MEDICAID"": 0, ""DSBDHH"": 0, ""ORH"": 0, ""DCDEE"": 0, ""none"": 0.98, ""DSS"": 0, ""DMHDDSUS"": 0, ""DHSR"": 0, ""DPH"": 0.02, ""DSOHF"": 0}",0.0233,0.01,0.0118,deprioritized,P(unrelated)=0.93,typesafe-ai/jev,a4b41185524e,True
fbe0a427-cc2d-4b18-951c-4ca5b7d0bea5,DoW Arthritis Translational Research Award,open,weak,0.68,"{""strong"": 0, ""none"": 0.32, ""moderate"": 0, ""weak"": 0.68}",none,0.89,"{""G1"": 0.09, ""G4"": 0.01, ""G2"": 0, ""G3"": 0, ""G5"": 0.01, ""none"": 0.89}",atypical,0.89,"{""lead"": 0, ""partner"": 0.03, ""ineligible"": 0, ""unclear"": 0.08, ""atypical"": 0.89}",none,0.95,"{""DSBDHH"": 0, ""none"": 0.95, ""DHSR"": 0, ""DMHDDSUS"": 0, ""OSEC"": 0, ""DAGING"": 0, ""DPH"": 0.05, ""DSS"": 0, ""MEDICAID"": 0, ""DCFW"": 0, ""DCDEE"": 0, ""ORH"": 0, ""DEIPD"": 0, ""DSOHF"": 0}",0.2267,0.03,0.1167,deprioritized,P(unrelated or weak)=1.00,typesafe-ai/jev,a4b41185524e,True
fbe9738b-8440-4690-a838-9d0f99d9e777,Research Initiatives at the Naval Postgraduate School,open,none,0.91,"{""weak"": 0.09, ""moderate"": 0, ""none"": 0.91, ""strong"": 0}",none,0.99,"{""G2"": 0, ""G4"": 0, ""none"": 0.99, ""G5"": 0.01, ""G1"": 0, ""G3"": 0}",atypical,0.47,"{""unclear"": 0.01, ""lead"": 0, ""atypical"": 0.47, ""partner"": 0.05, ""ineligible"": 0.47}",none,1.0,"{""DSBDHH"": 0, ""DSOHF"": 0, ""DPH"": 0, ""DCDEE"": 0, ""DAGING"": 0, ""DCFW"": 0, ""none"": 1, ""MEDICAID"": 0, ""DSS"": 0, ""DEIPD"": 0, ""DHSR"": 0, ""OSEC"": 0, ""ORH"": 0, ""DMHDDSUS"": 0}",0.03,0.05,0.0158,deprioritized,P(unrelated)=0.91,typesafe-ai/jev,a4b41185524e,True
fc3aee16-137d-4fb2-87db-2664499e7c5b,Teaching Health Center Graduate Medical Education (THCGME) Program,forecast,strong,0.6,"{""moderate"": 0.21, ""weak"": 0.19, ""none"": 0, ""strong"": 0.6}",G1,0.45,"{""G4"": 0.41, ""none"": 0.14, ""G1"": 0.45, ""G2"": 0, ""G3"": 0, ""G5"": 0}",ineligible,0.7,"{""unclear"": 0, ""lead"": 0, ""atypical"": 0.07, ""partner"": 0.23, ""ineligible"": 0.7}",ORH,0.71,"{""DCDEE"": 0, ""DPH"": 0, ""ORH"": 0.71, ""DSS"": 0, ""DSOHF"": 0, ""DCFW"": 0, ""none"": 0.26, ""DEIPD"": 0, ""MEDICAID"": 0, ""DSBDHH"": 0, ""OSEC"": 0, ""DHSR"": 0.03, ""DMHDDSUS"": 0, ""DAGING"": 0}",0.8033,0.23,0.494,deep_review,not confidently irrelevant,typesafe-ai/jev,a4b41185524e,True
fc665e54-0a33-4b8d-910d-a8c912926219,Health Equity Data Access Program (HEDAP),forecast,weak,0.58,"{""none"": 0.01, ""moderate"": 0.31, ""weak"": 0.58, ""strong"": 0.1}",G1,0.65,"{""none"": 0.31, ""G3"": 0, ""G2"": 0, ""G4"": 0, ""G5"": 0.04, ""G1"": 0.65}",ineligible,0.61,"{""ineligible"": 0.61, ""lead"": 0, ""atypical"": 0.09, ""partner"": 0.3, ""unclear"": 0}",none,0.67,"{""DHSR"": 0, ""DPH"": 0.1, ""DSBDHH"": 0, ""DAGING"": 0, ""MEDICAID"": 0.19, ""OSEC"": 0.03, ""ORH"": 0, ""DCDEE"": 0.01, ""none"": 0.67, ""DEIPD"": 0, ""DMHDDSUS"": 0, ""DCFW"": 0, ""DSOHF"": 0, ""DSS"": 0}",0.5,0.3,0.325,deep_review,not confidently irrelevant,typesafe-ai/jev,a4b41185524e,True
fc68f56a-b886-4021-bc6a-504a277f2ffb,NIH Brain Development Cohorts (NBDC) and Population Assessment of Tobacco and Health (PATH) Study Biospecimen Access,forecast,weak,0.98,"{""moderate"": 0.02, ""strong"": 0, ""weak"": 0.98, ""none"": 0}",G3,0.53,"{""G2"": 0.04, ""G5"": 0.01, ""G4"": 0.01, ""none"": 0.41, ""G3"": 0.53, ""G1"": 0}",atypical,0.64,"{""partner"": 0.31, ""atypical"": 0.64, ""unclear"": 0, ""ineligible"": 0.03, ""lead"": 0.02}",DMHDDSUS,0.41,"{""DCDEE"": 0, ""DHSR"": 0, ""DCFW"": 0, ""ORH"": 0, ""OSEC"": 0, ""DSBDHH"": 0, ""DEIPD"": 0, ""MEDICAID"": 0, ""DSS"": 0, ""DSOHF"": 0, ""DPH"": 0.27, ""DAGING"": 0, ""DMHDDSUS"": 0.41, ""none"": 0.32}",0.34,0.33,0.2261,deprioritized,P(unrelated or weak)=0.98,typesafe-ai/jev,a4b41185524e,True
fcc5b681-2c2f-42d8-816d-430875a86bc3,"Elucidation and Validation of the role of Transporters in the Placenta, Lactating Mammary Gland, Developing Gut, and Blood Brain Barrier",forecast,weak,1.0,"{""moderate"": 0, ""weak"": 1, ""strong"": 0, ""none"": 0}",none,0.5,"{""G2"": 0.48, ""G3"": 0, ""none"": 0.5, ""G5"": 0.01, ""G4"": 0.01, ""G1"": 0}",atypical,0.86,"{""atypical"": 0.86, ""lead"": 0, ""partner"": 0.12, ""ineligible"": 0.02, ""unclear"": 0}",none,0.76,"{""MEDICAID"": 0, ""DSBDHH"": 0, ""DEIPD"": 0, ""OSEC"": 0, ""DSOHF"": 0, ""DHSR"": 0, ""ORH"": 0, ""DSS"": 0, ""DPH"": 0.24, ""DMHDDSUS"": 0, ""none"": 0.76, ""DCDEE"": 0, ""DCFW"": 0, ""DAGING"": 0}",0.3333,0.12,0.1867,deprioritized,P(unrelated or weak)=1.00,typesafe-ai/jev,a4b41185524e,True
fd0c942d-4760-41c1-b7c2-57c63b3c0a62,Seed Instrumentation Support (SIS) Program (S10 Clinical Trial Not Allowed),open,weak,0.99,"{""strong"": 0, ""weak"": 0.99, ""none"": 0, ""moderate"": 0.01}",none,0.53,"{""G3"": 0, ""G5"": 0.45, ""G4"": 0.02, ""G2"": 0, ""G1"": 0, ""none"": 0.53}",atypical,0.88,"{""partner"": 0.11, ""lead"": 0.01, ""atypical"": 0.88, ""unclear"": 0, ""ineligible"": 0}",none,0.67,"{""DMHDDSUS"": 0, ""OSEC"": 0.06, ""MEDICAID"": 0, ""DSS"": 0, ""DEIPD"": 0, ""DSBDHH"": 0, ""DHSR"": 0.01, ""DPH"": 0.18, ""DCFW"": 0, ""ORH"": 0.02, ""none"": 0.67, ""DSOHF"": 0.05, ""DCDEE"": 0.01, ""DAGING"": 0}",0.3367,0.12,0.1885,deprioritized,P(unrelated or weak)=0.99,typesafe-ai/jev,a4b41185524e,True
fd135574-7ecb-4710-8f7e-83a32df52d78,"Ethical, Legal and Social Implications (ELSI) Exploratory/Developmental Research Grant (R21 Clinical Trial Optional)",open,weak,0.97,"{""weak"": 0.97, ""strong"": 0, ""none"": 0, ""moderate"": 0.03}",none,0.93,"{""G3"": 0, ""G1"": 0.03, ""G4"": 0.01, ""G2"": 0, ""G5"": 0.02, ""none"": 0.93}",atypical,0.86,"{""ineligible"": 0, ""partner"": 0.13, ""unclear"": 0, ""lead"": 0.01, ""atypical"": 0.86}",none,0.83,"{""DAGING"": 0, ""DHSR"": 0.01, ""DPH"": 0.13, ""ORH"": 0, ""DCFW"": 0, ""DSS"": 0, ""OSEC"": 0.02, ""DMHDDSUS"": 0.01, ""DCDEE"": 0, ""MEDICAID"": 0, ""DSOHF"": 0, ""DSBDHH"": 0, ""none"": 0.83, ""DEIPD"": 0}",0.3433,0.14,0.1957,deprioritized,P(unrelated or weak)=0.97,typesafe-ai/jev,a4b41185524e,True
fd17e8c8-0a81-4ebf-9978-7c1c65f60d37,Special Program Announcement for Office of Naval Research Research Opportunity: FY27 Communications and Networking Applied Research,open,none,1.0,"{""strong"": 0, ""weak"": 0, ""none"": 1, ""moderate"": 0}",none,0.99,"{""G4"": 0, ""none"": 0.99, ""G3"": 0, ""G2"": 0, ""G5"": 0.01, ""G1"": 0}",atypical,0.84,"{""unclear"": 0, ""ineligible"": 0.16, ""lead"": 0, ""partner"": 0, ""atypical"": 0.84}",none,1.0,"{""DSBDHH"": 0, ""DMHDDSUS"": 0, ""DCDEE"": 0, ""none"": 1, ""DSS"": 0, ""DEIPD"": 0, ""DSOHF"": 0, ""ORH"": 0, ""DPH"": 0, ""OSEC"": 0, ""DCFW"": 0, ""DHSR"": 0, ""DAGING"": 0, ""MEDICAID"": 0}",0.0,0.0,0.0,deprioritized,P(unrelated)=1.00,typesafe-ai/jev,a4b41185524e,True
fd281670-a13c-4cd9-a526-7bb67a98d227,SEEDING CRITICAL ADVANCES FOR LEADING ENERGY TECHNOLOGIES WITH UNTAPPED POTENTIAL (SCALEUP) READY,open,none,1.0,"{""moderate"": 0, ""strong"": 0, ""none"": 1, ""weak"": 0}",none,0.99,"{""G1"": 0, ""G3"": 0, ""G4"": 0, ""none"": 0.99, ""G5"": 0.01, ""G2"": 0}",atypical,0.95,"{""lead"": 0, ""atypical"": 0.95, ""ineligible"": 0.01, ""partner"": 0, ""unclear"": 0.04}",none,1.0,"{""ORH"": 0, ""DSOHF"": 0, ""DMHDDSUS"": 0, ""DAGING"": 0, ""DCFW"": 0, ""DEIPD"": 0, ""DCDEE"": 0, ""DSS"": 0, ""DPH"": 0, ""none"": 1, ""DHSR"": 0, ""DSBDHH"": 0, ""OSEC"": 0, ""MEDICAID"": 0}",0.0,0.0,0.0,deprioritized,P(unrelated)=1.00,typesafe-ai/jev,a4b41185524e,True
fd5aaf10-314e-4a09-9978-14e7b1b283e1,Limited Competition: NIMHD Initiative for Improving American Indian and Alaska Native Cancer Outcomes (U19 - Clinical Trial Optional),forecast,weak,0.99,"{""moderate"": 0.01, ""weak"": 0.99, ""strong"": 0, ""none"": 0}",G1,0.66,"{""G3"": 0, ""G5"": 0, ""G2"": 0, ""G4"": 0, ""none"": 0.34, ""G1"": 0.66}",partner,0.47,"{""ineligible"": 0.38, ""partner"": 0.47, ""unclear"": 0.02, ""atypical"": 0.13, ""lead"": 0}",none,0.7,"{""OSEC"": 0, ""ORH"": 0.03, ""DCFW"": 0, ""DPH"": 0.26, ""none"": 0.7, ""DSS"": 0, ""DAGING"": 0, ""MEDICAID"": 0, ""DSOHF"": 0, ""DSBDHH"": 0, ""DEIPD"": 0, ""DCDEE"": 0, ""DMHDDSUS"": 0, ""DHSR"": 0.01}",0.3367,0.47,0.2474,deprioritized,P(unrelated or weak)=0.99,typesafe-ai/jev,a4b41185524e,True
fd5dfec0-8772-494f-a990-506b5e996d27,Urgent Competitive Revision to Existing NIH Grants and Cooperative Agreements (Urgent Supplement Clinical Trial Optional),forecast,weak,0.92,"{""moderate"": 0.05, ""strong"": 0.02, ""weak"": 0.92, ""none"": 0.01}",none,0.93,"{""G2"": 0, ""G3"": 0, ""G5"": 0.02, ""G1"": 0.05, ""none"": 0.93, ""G4"": 0}",atypical,0.75,"{""lead"": 0.03, ""partner"": 0.14, ""ineligible"": 0.08, ""unclear"": 0, ""atypical"": 0.75}",none,0.84,"{""DPH"": 0.13, ""DSS"": 0, ""DHSR"": 0, ""DAGING"": 0, ""DSBDHH"": 0, ""DCDEE"": 0, ""DMHDDSUS"": 0, ""DEIPD"": 0, ""DCFW"": 0, ""OSEC"": 0.01, ""DSOHF"": 0.01, ""MEDICAID"": 0, ""none"": 0.84, ""ORH"": 0.01}",0.36,0.17,0.2106,deep_review,not confidently irrelevant,typesafe-ai/jev,a4b41185524e,True
fdbbc33d-4c2a-4e18-9914-2be7debcc880,Dental Primary Care Practice-Based Research Network: Administrative and Resource Center,forecast,weak,0.7,"{""weak"": 0.7, ""strong"": 0.1, ""moderate"": 0.2, ""none"": 0}",none,0.53,"{""G5"": 0.1, ""G3"": 0, ""G4"": 0.04, ""G1"": 0.32, ""none"": 0.53, ""G2"": 0.01}",partner,0.57,"{""atypical"": 0.37, ""ineligible"": 0.03, ""unclear"": 0.01, ""lead"": 0.02, ""partner"": 0.57}",none,0.37,"{""DSBDHH"": 0, ""DCDEE"": 0.01, ""DSOHF"": 0, ""DEIPD"": 0, ""DAGING"": 0, ""MEDICAID"": 0, ""DSS"": 0, ""OSEC"": 0, ""ORH"": 0.28, ""DPH"": 0.32, ""DCFW"": 0, ""none"": 0.37, ""DMHDDSUS"": 0.01, ""DHSR"": 0.01}",0.4667,0.59,0.371,deep_review,not confidently irrelevant,typesafe-ai/jev,a4b41185524e,True
fdca0af8-d051-432f-b28d-7747ec0e5496,"NIH Research Education Program - Courses, Curriculum & Methods (Parent R25 - Clinical Trial Not Allowed)",open,weak,0.96,"{""strong"": 0.01, ""moderate"": 0.03, ""none"": 0, ""weak"": 0.96}",G4,0.72,"{""G1"": 0, ""G5"": 0, ""G2"": 0, ""G3"": 0, ""none"": 0.28, ""G4"": 0.72}",atypical,0.79,"{""partner"": 0.2, ""lead"": 0.01, ""unclear"": 0, ""atypical"": 0.79, ""ineligible"": 0}",none,0.79,"{""DMHDDSUS"": 0.03, ""ORH"": 0.02, ""OSEC"": 0.02, ""DCFW"": 0, ""DEIPD"": 0, ""DAGING"": 0, ""DSBDHH"": 0, ""DSOHF"": 0.01, ""DPH"": 0.12, ""MEDICAID"": 0, ""none"": 0.79, ""DCDEE"": 0, ""DSS"": 0, ""DHSR"": 0.01}",0.35,0.21,0.2117,deprioritized,P(unrelated or weak)=0.96,typesafe-ai/jev,a4b41185524e,True
fdefec19-3fab-463e-b6ec-91285c15671a,ARMY APPLICATIONS LAB BROAD AGENCY ANNOUNCEMENT FOR DISRUPTIVE APPLICATIONS,open,none,0.97,"{""weak"": 0.03, ""strong"": 0, ""none"": 0.97, ""moderate"": 0}",none,0.92,"{""G2"": 0, ""G3"": 0, ""none"": 0.92, ""G1"": 0, ""G4"": 0, ""G5"": 0.08}",atypical,0.97,"{""lead"": 0, ""atypical"": 0.97, ""ineligible"": 0, ""unclear"": 0, ""partner"": 0.03}",none,0.91,"{""MEDICAID"": 0, ""DPH"": 0.07, ""DEIPD"": 0, ""DMHDDSUS"": 0, ""DSBDHH"": 0, ""none"": 0.91, ""DHSR"": 0, ""DSOHF"": 0, ""DCFW"": 0, ""DSS"": 0, ""DAGING"": 0, ""DCDEE"": 0, ""OSEC"": 0.02, ""ORH"": 0}",0.01,0.03,0.0051,deprioritized,P(unrelated)=0.97,typesafe-ai/jev,a4b41185524e,True
fedda8fc-2bb6-4237-b981-8cf04bfeedc5,Preventing Suicide and Interpersonal Violence Among Youth and Young Adults,forecast,strong,0.38,"{""weak"": 0.26, ""strong"": 0.38, ""none"": 0, ""moderate"": 0.36}",G3,0.93,"{""none"": 0.03, ""G5"": 0, ""G3"": 0.93, ""G4"": 0, ""G1"": 0.01, ""G2"": 0.03}",atypical,0.59,"{""atypical"": 0.59, ""unclear"": 0.03, ""ineligible"": 0, ""lead"": 0.02, ""partner"": 0.36}",DPH,0.75,"{""ORH"": 0, ""DSOHF"": 0, ""DEIPD"": 0, ""MEDICAID"": 0, ""DSS"": 0, ""DAGING"": 0, ""DSBDHH"": 0, ""OSEC"": 0, ""none"": 0.04, ""DCDEE"": 0, ""DPH"": 0.75, ""DCFW"": 0.02, ""DMHDDSUS"": 0.19, ""DHSR"": 0}",0.7067,0.38,0.4876,deep_review,not confidently irrelevant,typesafe-ai/jev,a4b41185524e,True
feedf382-f21b-428e-8923-bb50673bef23,DoW Rare Cancers Idea Development Award,open,weak,0.73,"{""weak"": 0.73, ""strong"": 0, ""moderate"": 0, ""none"": 0.27}",none,0.81,"{""G2"": 0, ""G3"": 0, ""G5"": 0.01, ""G1"": 0.18, ""none"": 0.81, ""G4"": 0}",atypical,0.91,"{""partner"": 0.03, ""lead"": 0, ""ineligible"": 0, ""unclear"": 0.06, ""atypical"": 0.91}",none,0.91,"{""none"": 0.91, ""DEIPD"": 0, ""DHSR"": 0, ""DAGING"": 0, ""DSOHF"": 0, ""DCDEE"": 0, ""DMHDDSUS"": 0, ""DSBDHH"": 0, ""DCFW"": 0, ""OSEC"": 0, ""DSS"": 0, ""MEDICAID"": 0, ""DPH"": 0.09, ""ORH"": 0}",0.2433,0.03,0.1253,deprioritized,P(unrelated or weak)=1.00,typesafe-ai/jev,a4b41185524e,True
fef48e8c-9db6-4bf2-9f84-6efb9924ef99,Notice of Intent to Publish a Funding Opportunity Announcement for NIEHS Worker Training Program’s Hazardous Materials Worker Health and Safety Training (U45 – Clinical Trials Not Allowed),forecast,weak,0.5,"{""weak"": 0.5, ""strong"": 0.24, ""none"": 0.01, ""moderate"": 0.25}",none,0.52,"{""G5"": 0.01, ""G2"": 0, ""G1"": 0.14, ""none"": 0.52, ""G4"": 0.33, ""G3"": 0}",ineligible,0.58,"{""atypical"": 0.17, ""ineligible"": 0.58, ""unclear"": 0.01, ""partner"": 0.24, ""lead"": 0}",none,0.6,"{""DSBDHH"": 0, ""OSEC"": 0, ""DHSR"": 0.01, ""DCDEE"": 0.02, ""DMHDDSUS"": 0, ""MEDICAID"": 0, ""DCFW"": 0, ""DSOHF"": 0, ""DEIPD"": 0.01, ""ORH"": 0, ""DPH"": 0.36, ""none"": 0.6, ""DAGING"": 0, ""DSS"": 0}",0.5733,0.24,0.3555,deep_review,not confidently irrelevant,typesafe-ai/jev,a4b41185524e,True
ff15cb33-0303-4a33-8579-082db181f538,F24AS00298 Cooperative Agriculture,open,none,0.98,"{""moderate"": 0, ""weak"": 0.02, ""none"": 0.98, ""strong"": 0}",none,1.0,"{""G4"": 0, ""G1"": 0, ""none"": 1, ""G5"": 0, ""G2"": 0, ""G3"": 0}",ineligible,0.99,"{""atypical"": 0.01, ""ineligible"": 0.99, ""lead"": 0, ""unclear"": 0, ""partner"": 0}",none,1.0,"{""MEDICAID"": 0, ""OSEC"": 0, ""DAGING"": 0, ""DHSR"": 0, ""DMHDDSUS"": 0, ""none"": 1, ""DEIPD"": 0, ""DSBDHH"": 0, ""DCDEE"": 0, ""DSOHF"": 0, ""DCFW"": 0, ""DSS"": 0, ""DPH"": 0, ""ORH"": 0}",0.0067,0.0,0.0033,deprioritized,P(unrelated)=0.98,typesafe-ai/jev,a4b41185524e,True
ff1ad4fc-0c0d-417e-a1be-b3afdd1a15dd,"Research on the Ethical, Legal and Social Implications (ELSI) of Genomics",forecast,weak,0.95,"{""moderate"": 0.05, ""strong"": 0, ""weak"": 0.95, ""none"": 0}",none,0.83,"{""G3"": 0, ""none"": 0.83, ""G4"": 0.02, ""G5"": 0.02, ""G2"": 0, ""G1"": 0.13}",atypical,0.77,"{""partner"": 0.22, ""atypical"": 0.77, ""lead"": 0, ""ineligible"": 0.01, ""unclear"": 0}",none,0.66,"{""DCDEE"": 0.01, ""DHSR"": 0.01, ""DCFW"": 0, ""ORH"": 0, ""OSEC"": 0.02, ""DSBDHH"": 0, ""DEIPD"": 0, ""MEDICAID"": 0, ""none"": 0.66, ""DSOHF"": 0, ""DPH"": 0.3, ""DAGING"": 0, ""DMHDDSUS"": 0, ""DSS"": 0}",0.35,0.22,0.2135,deprioritized,P(unrelated or weak)=0.95,typesafe-ai/jev,a4b41185524e,True
ff23ddd9-0a2e-470b-8881-7d7dc74aed03,Advancing Global Health,open,weak,0.83,"{""strong"": 0.01, ""weak"": 0.83, ""none"": 0.15, ""moderate"": 0.01}",none,0.85,"{""G3"": 0, ""G5"": 0, ""G4"": 0, ""G2"": 0, ""none"": 0.85, ""G1"": 0.15}",unclear,0.56,"{""partner"": 0.21, ""lead"": 0.01, ""atypical"": 0.2, ""unclear"": 0.56, ""ineligible"": 0.02}",none,0.69,"{""MEDICAID"": 0, ""OSEC"": 0.01, ""DMHDDSUS"": 0, ""DSS"": 0, ""DEIPD"": 0, ""DSBDHH"": 0, ""DHSR"": 0, ""DPH"": 0.3, ""ORH"": 0, ""DCFW"": 0, ""none"": 0.69, ""DSOHF"": 0, ""DCDEE"": 0, ""DAGING"": 0}",0.2933,0.22,0.1789,deprioritized,P(unrelated or weak)=0.98,typesafe-ai/jev,a4b41185524e,True
ff51d466-1c4b-48d9-a9d1-a860e5415de1,Innovation Grants to Nurture Initial Translational Efforts (IGNITE): Assay Development and Therapeutic Agent Identification,forecast,weak,1.0,"{""strong"": 0, ""none"": 0, ""moderate"": 0, ""weak"": 1}",none,0.68,"{""G2"": 0, ""none"": 0.68, ""G1"": 0.02, ""G3"": 0.26, ""G5"": 0.03, ""G4"": 0.01}",atypical,0.85,"{""lead"": 0.01, ""partner"": 0.1, ""ineligible"": 0.04, ""unclear"": 0, ""atypical"": 0.85}",none,0.83,"{""DAGING"": 0, ""none"": 0.83, ""DHSR"": 0, ""DMHDDSUS"": 0.08, ""OSEC"": 0, ""DSBDHH"": 0, ""ORH"": 0, ""DSS"": 0, ""MEDICAID"": 0, ""DCFW"": 0, ""DCDEE"": 0, ""DPH"": 0.08, ""DEIPD"": 0, ""DSOHF"": 0.01}",0.3333,0.11,0.185,deprioritized,P(unrelated or weak)=1.00,typesafe-ai/jev,a4b41185524e,True
ff53e2e3-28af-4065-8519-b45c5d4b347a,Risk and Protective Factors of Family Health and Family Level Interventions (R01 Clinical Trial Optional),open,weak,0.93,"{""none"": 0, ""weak"": 0.93, ""moderate"": 0.06, ""strong"": 0.01}",G2,0.45,"{""G4"": 0, ""none"": 0.3, ""G3"": 0.02, ""G1"": 0.23, ""G5"": 0, ""G2"": 0.45}",atypical,0.66,"{""partner"": 0.33, ""ineligible"": 0, ""unclear"": 0, ""lead"": 0.01, ""atypical"": 0.66}",none,0.58,"{""DSOHF"": 0, ""MEDICAID"": 0, ""DEIPD"": 0, ""DCFW"": 0.04, ""OSEC"": 0.01, ""DSBDHH"": 0, ""none"": 0.58, ""DCDEE"": 0, ""ORH"": 0, ""DHSR"": 0.01, ""DSS"": 0, ""DAGING"": 0, ""DPH"": 0.34, ""DMHDDSUS"": 0.02}",0.36,0.34,0.2412,deep_review,not confidently irrelevant,typesafe-ai/jev,a4b41185524e,True
ff69bb8e-dc6f-4e46-931f-deb681aaa38a,Small Business Translator: MedTech and Digital Health Technologies,forecast,weak,1.0,"{""strong"": 0, ""moderate"": 0, ""none"": 0, ""weak"": 1}",none,0.73,"{""G1"": 0.01, ""G5"": 0.25, ""none"": 0.73, ""G4"": 0, ""G3"": 0.01, ""G2"": 0}",atypical,0.97,"{""atypical"": 0.97, ""ineligible"": 0, ""lead"": 0, ""unclear"": 0, ""partner"": 0.03}",none,0.91,"{""DSOHF"": 0, ""OSEC"": 0.01, ""DMHDDSUS"": 0.02, ""MEDICAID"": 0.01, ""ORH"": 0, ""DCDEE"": 0, ""DSS"": 0, ""DPH"": 0.04, ""DSBDHH"": 0, ""DHSR"": 0.01, ""DCFW"": 0, ""none"": 0.91, ""DAGING"": 0, ""DEIPD"": 0}",0.3333,0.03,0.1717,deprioritized,P(unrelated or weak)=1.00,typesafe-ai/jev,a4b41185524e,True
ff7edf5f-3dc8-4e2b-94a9-c4e9b1e06d3c,Occupational Safety and Health Education and Research Centers (T42),open,weak,0.84,"{""strong"": 0.04, ""moderate"": 0.11, ""none"": 0.01, ""weak"": 0.84}",none,0.58,"{""G3"": 0, ""G5"": 0.03, ""G2"": 0, ""G4"": 0.38, ""G1"": 0.01, ""none"": 0.58}",atypical,0.61,"{""partner"": 0.39, ""lead"": 0, ""unclear"": 0, ""atypical"": 0.61, ""ineligible"": 0}",none,0.69,"{""DMHDDSUS"": 0, ""ORH"": 0, ""DAGING"": 0, ""DCFW"": 0, ""DEIPD"": 0.01, ""DCDEE"": 0.01, ""DPH"": 0.24, ""DSOHF"": 0, ""DSBDHH"": 0, ""MEDICAID"": 0, ""OSEC"": 0.03, ""none"": 0.69, ""DSS"": 0, ""DHSR"": 0.02}",0.3933,0.39,0.2734,deep_review,not confidently irrelevant,typesafe-ai/jev,a4b41185524e,True
ff8d9417-a9b1-4145-8c6b-ba6cd1f3d613,U.S. EMBASSY TO LIBYA PAS ANNUAL PROGRAM STATEMENT,open,none,1.0,"{""moderate"": 0, ""none"": 1, ""weak"": 0, ""strong"": 0}",none,1.0,"{""G4"": 0, ""G1"": 0, ""G3"": 0, ""G5"": 0, ""none"": 1, ""G2"": 0}",ineligible,0.9,"{""unclear"": 0, ""ineligible"": 0.9, ""atypical"": 0.09, ""lead"": 0, ""partner"": 0.01}",none,1.0,"{""DCFW"": 0, ""DSBDHH"": 0, ""DCDEE"": 0, ""none"": 1, ""DAGING"": 0, ""DHSR"": 0, ""MEDICAID"": 0, ""DSS"": 0, ""OSEC"": 0, ""DMHDDSUS"": 0, ""DSOHF"": 0, ""DEIPD"": 0, ""DPH"": 0, ""ORH"": 0}",0.0,0.01,0.0,deprioritized,P(unrelated)=1.00,typesafe-ai/jev,a4b41185524e,True
ff8fb939-4ae0-47fd-829d-211f89aa703d,Research Experiences for Teachers (RET) in Engineering and Computer Science,open,none,0.83,"{""weak"": 0.17, ""none"": 0.83, ""moderate"": 0, ""strong"": 0}",none,0.88,"{""G5"": 0, ""G4"": 0.11, ""none"": 0.88, ""G3"": 0, ""G2"": 0.01, ""G1"": 0}",ineligible,0.83,"{""lead"": 0, ""unclear"": 0, ""ineligible"": 0.83, ""atypical"": 0.1, ""partner"": 0.07}",none,0.97,"{""DHSR"": 0, ""DSS"": 0, ""DPH"": 0, ""OSEC"": 0, ""DMHDDSUS"": 0, ""DCFW"": 0.01, ""DCDEE"": 0.02, ""DEIPD"": 0, ""DAGING"": 0, ""DSBDHH"": 0, ""none"": 0.97, ""DSOHF"": 0, ""MEDICAID"": 0, ""ORH"": 0}",0.0567,0.07,0.0303,deprioritized,P(unrelated or weak)=1.00,typesafe-ai/jev,a4b41185524e,True
ff8fbbe7-3760-439d-bfbc-4b5de37295d6,FOUNDATIONS OF TRUSTED SYSTEMS,open,none,1.0,"{""moderate"": 0, ""none"": 1, ""strong"": 0, ""weak"": 0}",none,0.94,"{""G1"": 0, ""G2"": 0, ""G3"": 0, ""G4"": 0, ""G5"": 0.06, ""none"": 0.94}",atypical,0.82,"{""atypical"": 0.82, ""ineligible"": 0.03, ""lead"": 0, ""partner"": 0.02, ""unclear"": 0.13}",none,0.98,"{""DAGING"": 0, ""DCDEE"": 0, ""DCFW"": 0, ""DEIPD"": 0, ""DHSR"": 0, ""DMHDDSUS"": 0, ""DPH"": 0.01, ""DSBDHH"": 0, ""DSOHF"": 0, ""DSS"": 0, ""MEDICAID"": 0, ""ORH"": 0, ""OSEC"": 0.01, ""none"": 0.98}",0.0,0.02,0.0,deprioritized,P(unrelated)=1.00,typesafe-ai/jev,a4b41185524e,True
ffe98704-96a8-4f41-a32b-49edd0409006,BRAIN Initiative: Integrative Team-Research BRAIN Circuits Program - iTeamBCP (RM1 Clinical Trial Optional),forecast,weak,1.0,"{""weak"": 1, ""strong"": 0, ""none"": 0, ""moderate"": 0}",none,0.93,"{""none"": 0.93, ""G5"": 0.01, ""G4"": 0.01, ""G3"": 0.05, ""G1"": 0, ""G2"": 0}",atypical,0.91,"{""atypical"": 0.91, ""unclear"": 0, ""ineligible"": 0.04, ""lead"": 0, ""partner"": 0.05}",none,0.88,"{""ORH"": 0, ""DSOHF"": 0.01, ""DEIPD"": 0, ""DAGING"": 0, ""DSS"": 0, ""DSBDHH"": 0, ""MEDICAID"": 0, ""DCDEE"": 0, ""none"": 0.88, ""OSEC"": 0, ""DCFW"": 0, ""DPH"": 0.03, ""DMHDDSUS"": 0.08, ""DHSR"": 0}",0.3333,0.05,0.175,deprioritized,P(unrelated or weak)=1.00,typesafe-ai/jev,a4b41185524e,True
