rank,grant_id,opportunity_title,track,is_forecast,hard_filtered,hard_filter_reason,opportunity_id,opportunity_number,opportunity_status,agency_code,category,category_explanation,post_date,close_date,close_date_description,archive_date,is_cost_sharing,expected_number_of_awards,estimated_total_program_funding,award_floor,award_ceiling,additional_info_url,additional_info_url_description,opportunity_assistance_listings,funding_instruments,funding_categories,funding_category_description,applicant_types,applicant_eligibility_description,agency_name,top_level_agency_name,agency_contact_description,agency_email_address,agency_email_address_description,forecasted_post_date,forecasted_close_date,forecasted_close_date_description,forecasted_award_date,forecasted_project_start_date,fiscal_year,created_at,updated_at,url,summary_description,summary_text,grant_text,close_date_placeholder,close_date_real,days_until_close,missing_deadline,expired,deadline_under_7_days,deadline_under_14_days,deadline_under_30_days,deadline_comfortable,deadline_score,forecast_missing_post_date,days_until_forecast_post,forecast_post_passed,forecast_close_passed,forecast_check_now,archive_date_passed,rolling_deadline,rolling_funds_limited,funding_zero_placeholder,funding_sentinel_placeholder,average_possible_award,financial_basis,award_value_usd,funding_known,missing_award_amount,large_award,few_awards,award_floor_gt_ceiling,financial_value_imputed,financial_value_score,cost_share_text_mention,cost_share_percent,requires_cost_share,cost_share_conflict,state_government_listed,local_government_listed,universities_listed,nonprofits_listed,tribal_listed,for_profit_listed,individuals_listed,unrestricted_listed,other_listed,n_applicant_types,applicant_types_blank,broad_eligibility,unknown_applicant_slugs,text_mentions_state_agency,text_individuals_only,text_higher_ed_only,text_tribal_only,n_assistance_listings,aln_is_hhs,administrative_notice,research_mechanism,research_mechanism_reason,federal_agency_is_hhs,missing_description,description_too_short,missing_eligibility_description,possible_duplicate_of,as_of_date,data_pulled_date,opportunity_title_layer3,track_layer3,status,strategic_alignment,matched_goal,matched_objective,strategic_reason,strategic_evidence_quote,applicant_role,eligibility_evidence_quote,owning_division,operational_fit,operational_reason,major_risk,recommended_for_review,one_line_rationale,restrictions,strategic_quote_verified,eligibility_quote_verified,applicant_role_verified,model,prompt_version,from_cache,eligibility_confidence_score,deadline_weight_used,weight_used,missing_deadline_penalty,strategic_evidence_penalty,final_score,score_status
1,770eae58-b245-4431-a4b8-7b1aca9e917f,Title X Family Planning Services Grants,open,False,False,,770eae58-b245-4431-a4b8-7b1aca9e917f,PA-FPH-27-001,posted,HHS-OPHS,discretionary,,2026-04-03,2027-01-11,Applications must be submitted electronically no later than 6:00 pm Eastern Time.,2027-07-31,False,90.0,257000000.0,200000.0,22000000.0,,,93.217|Family Planning Services,grant,health,,special_district_governments;independent_school_districts;nonprofits_non_higher_education_without_501c3;city_or_township_governments;county_governments;federally_recognized_native_american_tribal_governments;state_governments;other_native_american_tribal_organizations;other;public_and_indian_housing_authorities;nonprofits_non_higher_education_with_501c3;public_and_state_institutions_of_higher_education;private_institutions_of_higher_education,Any public or private nonprofit entity is eligible to apply.,Office of the Assistant Secretary for Health,Department of Health and Human Services,"Eric West
Eric.West@hhs.gov",Eric.West@hhs.gov,Eric.West@hhs.gov,,,,,,,,,https://simpler.grants.gov/opportunity/770eae58-b245-4431-a4b8-7b1aca9e917f,"The Office of Population Affairs (OPA) announces the anticipated availability of funds for Fiscal Year (FY) 2027 grants under the authority of Title X of the Public Health Service Act, Section 1001 (42 U.S.C. §300).This notice solicits applications for projects to provide Title X services throughout the 50 United States, District of Columbia, Guam, the Commonwealth of Puerto Rico, the Northern Mariana Islands, the U.S. Virgin Islands, American Samoa, the U.S. Outlaying Islands (Midway, Wake, et al.), the Republic of the Marshall Islands, the Federated State of Micronesia, and the Republic of Palau (hereafter, States). OPA intends to make available approximately up to $257 million for up to 90 grant awards for a period of up to five (5) years. The actual amount available will not be determined until enactment of the FY 2027 federal budget.OPA""s Title X Family Planning Program funds ""voluntary family planning projects [that] offer a broad range of acceptable and effective family planning methods and services (including natural family planning methods, infertility services, and services for adolescents)."" (Title X of the Public Health Service Act, 42 U.S.C. 300 et seq., available at https://opa.hhs.gov/sites/default/files/2020-07/title-x-statute-attachment-a_0.pdf). The Title X Program is implemented through competitively awarded grants to a diverse network of public and private nonprofit entities. The program helps millions of low-income and uninsured Americans develop health literacy and access family planning and related health services, empowering individuals and families to make informed decisions and navigate chronic health conditions and pregnancy with confidence. By offering counseling and education to improve individuals"" optimal health outcomes, Title X promotes the level of health literacy necessary to support informed consent across the reproductive lifespan. For example, endometriosis often goes undiagnosed for years because symptoms such as severe menstrual pain or irregular bleeding are frequently normalized or minimized. Body literacy counseling helps patients recognize that these experiences are not ""normal"" features of womanhood, but potential indicators of an underlying condition, prompting earlier discussion with providers, timely diagnosis, appropriate treatment, and improved long-term reproductive and overall health outcomes.Likewise, foundational knowledge of reproductive physiology enables patients and couples to recognize early signs of dysfunction, seek timely evaluation, and participate meaningfully in care decisions. Persistent gaps in reproductive knowledge highlight the need for such education. For example, a survey conducted for OPA in 2020 found that only 50% of women and 38% of men know that a woman""s ovaries do not keep producing new eggs until menopause (https://opa.hhs.gov/sites/default/files/2021-01/fertility-knowledge-survey-findings-exec-summary-2020.pdf). By supporting body literacy education alongside evidence-based evaluation and treatment of chronic disease, Title X services can help patients move beyond symptom-focused care toward informed, preventive, and restorative approaches to reproductive health.These efforts align with HHS""s focus on addressing the root causes of chronic illnesses by targeting conditions that affect reproductive health and fertility. By promoting strategies that support education and counseling on reproductive health goals, reduce chronic disease, and assist individuals seeking to achieve healthy pregnancies, the Title X Program strengthens American families, individuals, and communities.This notice solicits applications from public and private nonprofit entities to establish and operate voluntary Title X projects. These projects include a broad range of effective and acceptable services, including pregnancy testing and counseling, basic infertility services, sexually transmitted infection (STI) services (such as HIV prevention education, counseling, testing, and referral), health literacy, reproductive goals counseling to increase optimal health outcomes, and other preconception health services. Title X services also help address and provide referrals for health conditions that affect fertility, including endometriosis, polycystic ovary syndrome (PCOS), and uterine fibroids in women, as well as low sperm count, low sperm motility, low testosterone, and erectile dysfunction in men. OPA seeks a broad competition for Title X grant awards and are interested in innovative strategies to address chronic disease; reduce overmedicalization by strengthening approaches focused on underlying behavioral and lifestyle factors of health and evidence-based practices such as fertility-awareness based methods; promote health and body literacy; advance reproductive goals counseling for all clients; and support family formation.All activities funded under this announcement must be in compliance with the requirements of the Title X statute, legislative mandates, and regulations. Copies of the Title X statute, regulations, and legislative mandates may be downloaded from the OPA website at https://opa.hhs.gov/grant-programs/title- x-service-grants/title-x-statutes-regulations-and-legislative-mandates.","The Office of Population Affairs (OPA) announces the anticipated availability of funds for Fiscal Year (FY) 2027 grants under the authority of Title X of the Public Health Service Act, Section 1001 (42 U.S.C. §300).This notice solicits applications for projects to provide Title X services throughout the 50 United States, District of Columbia, Guam, the Commonwealth of Puerto Rico, the Northern Mariana Islands, the U.S. Virgin Islands, American Samoa, the U.S. Outlaying Islands (Midway, Wake, et al.), the Republic of the Marshall Islands, the Federated State of Micronesia, and the Republic of Palau (hereafter, States). OPA intends to make available approximately up to $257 million for up to 90 grant awards for a period of up to five (5) years. The actual amount available will not be determined until enactment of the FY 2027 federal budget.OPA""s Title X Family Planning Program funds ""voluntary family planning projects [that] offer a broad range of acceptable and effective family planning methods and services (including natural family planning methods, infertility services, and services for adolescents)."" (Title X of the Public Health Service Act, 42 U.S.C. 300 et seq., available at https://opa.hhs.gov/sites/default/files/2020-07/title-x-statute-attachment-a_0.pdf). The Title X Program is implemented through competitively awarded grants to a diverse network of public and private nonprofit entities. The program helps millions of low-income and uninsured Americans develop health literacy and access family planning and related health services, empowering individuals and families to make informed decisions and navigate chronic health conditions and pregnancy with confidence. By offering counseling and education to improve individuals"" optimal health outcomes, Title X promotes the level of health literacy necessary to support informed consent across the reproductive lifespan. For example, endometriosis often goes undiagnosed for years because symptoms such as severe menstrual pain or irregular bleeding are frequently normalized or minimized. Body literacy counseling helps patients recognize that these experiences are not ""normal"" features of womanhood, but potential indicators of an underlying condition, prompting earlier discussion with providers, timely diagnosis, appropriate treatment, and improved long-term reproductive and overall health outcomes.Likewise, foundational knowledge of reproductive physiology enables patients and couples to recognize early signs of dysfunction, seek timely evaluation, and participate meaningfully in care decisions. Persistent gaps in reproductive knowledge highlight the need for such education. For example, a survey conducted for OPA in 2020 found that only 50% of women and 38% of men know that a woman""s ovaries do not keep producing new eggs until menopause (https://opa.hhs.gov/sites/default/files/2021-01/fertility-knowledge-survey-findings-exec-summary-2020.pdf). By supporting body literacy education alongside evidence-based evaluation and treatment of chronic disease, Title X services can help patients move beyond symptom-focused care toward informed, preventive, and restorative approaches to reproductive health.These efforts align with HHS""s focus on addressing the root causes of chronic illnesses by targeting conditions that affect reproductive health and fertility. By promoting strategies that support education and counseling on reproductive health goals, reduce chronic disease, and assist individuals seeking to achieve healthy pregnancies, the Title X Program strengthens American families, individuals, and communities.This notice solicits applications from public and private nonprofit entities to establish and operate voluntary Title X projects. These projects include a broad range of effective and acceptable services, including pregnancy testing and counseling, basic infertility services, sexually transmitted infection (STI) services (such as HIV prevention education, counseling, testing, and referral), health literacy, reproductive goals counseling to increase optimal health outcomes, and other preconception health services. Title X services also help address and provide referrals for health conditions that affect fertility, including endometriosis, polycystic ovary syndrome (PCOS), and uterine fibroids in women, as well as low sperm count, low sperm motility, low testosterone, and erectile dysfunction in men. OPA seeks a broad competition for Title X grant awards and are interested in innovative strategies to address chronic disease; reduce overmedicalization by strengthening approaches focused on underlying behavioral and lifestyle factors of health and evidence-based practices such as fertility-awareness based methods; promote health and body literacy; advance reproductive goals counseling for all clients; and support family formation.All activities funded under this announcement must be in compliance with the requirements of the Title X statute, legislative mandates, and regulations. Copies of the Title X statute, regulations, and legislative mandates may be downloaded from the OPA website at https://opa.hhs.gov/grant-programs/title- x-service-grants/title-x-statutes-regulations-and-legislative-mandates.","Title X Family Planning Services Grants
The Office of Population Affairs (OPA) announces the anticipated availability of funds for Fiscal Year (FY) 2027 grants under the authority of Title X of the Public Health Service Act, Section 1001 (42 U.S.C. §300).This notice solicits applications for projects to provide Title X services throughout the 50 United States, District of Columbia, Guam, the Commonwealth of Puerto Rico, the Northern Mariana Islands, the U.S. Virgin Islands, American Samoa, the U.S. Outlaying Islands (Midway, Wake, et al.), the Republic of the Marshall Islands, the Federated State of Micronesia, and the Republic of Palau (hereafter, States). OPA intends to make available approximately up to $257 million for up to 90 grant awards for a period of up to five (5) years. The actual amount available will not be determined until enactment of the FY 2027 federal budget.OPA""s Title X Family Planning Program funds ""voluntary family planning projects [that] offer a broad range of acceptable and effective family planning methods and services (including natural family planning methods, infertility services, and services for adolescents)."" (Title X of the Public Health Service Act, 42 U.S.C. 300 et seq., available at https://opa.hhs.gov/sites/default/files/2020-07/title-x-statute-attachment-a_0.pdf). The Title X Program is implemented through competitively awarded grants to a diverse network of public and private nonprofit entities. The program helps millions of low-income and uninsured Americans develop health literacy and access family planning and related health services, empowering individuals and families to make informed decisions and navigate chronic health conditions and pregnancy with confidence. By offering counseling and education to improve individuals"" optimal health outcomes, Title X promotes the level of health literacy necessary to support informed consent across the reproductive lifespan. For example, endometriosis often goes undiagnosed for years because symptoms such as severe menstrual pain or irregular bleeding are frequently normalized or minimized. Body literacy counseling helps patients recognize that these experiences are not ""normal"" features of womanhood, but potential indicators of an underlying condition, prompting earlier discussion with providers, timely diagnosis, appropriate treatment, and improved long-term reproductive and overall health outcomes.Likewise, foundational knowledge of reproductive physiology enables patients and couples to recognize early signs of dysfunction, seek timely evaluation, and participate meaningfully in care decisions. Persistent gaps in reproductive knowledge highlight the need for such education. For example, a survey conducted for OPA in 2020 found that only 50% of women and 38% of men know that a woman""s ovaries do not keep producing new eggs until menopause (https://opa.hhs.gov/sites/default/files/2021-01/fertility-knowledge-survey-findings-exec-summary-2020.pdf). By supporting body literacy education alongside evidence-based evaluation and treatment of chronic disease, Title X services can help patients move beyond symptom-focused care toward informed, preventive, and restorative approaches to reproductive health.These efforts align with HHS""s focus on addressing the root causes of chronic illnesses by targeting conditions that affect reproductive health and fertility. By promoting strategies that support education and counseling on reproductive health goals, reduce chronic disease, and assist individuals seeking to achieve healthy pregnancies, the Title X Program strengthens American families, individuals, and communities.This notice solicits applications from public and private nonprofit entities to establish and operate voluntary Title X projects. These projects include a broad range of effective and acceptable services, including pregnancy testing and counseling, basic infertility services, sexually transmitted infection (STI) services (such as HIV prevention education, counseling, testing, and referral), health literacy, reproductive goals counseling to increase optimal health outcomes, and other preconception health services. Title X services also help address and provide referrals for health conditions that affect fertility, including endometriosis, polycystic ovary syndrome (PCOS), and uterine fibroids in women, as well as low sperm count, low sperm motility, low testosterone, and erectile dysfunction in men. OPA seeks a broad competition for Title X grant awards and are interested in innovative strategies to address chronic disease; reduce overmedicalization by strengthening approaches focused on underlying behavioral and lifestyle factors of health and evidence-based practices such as fertility-awareness based methods; promote health and body literacy; advance reproductive goals counseling for all clients; and support family formation.All activities funded under this announcement must be in compliance with the requirements of the Title X statute, legislative mandates, and regulations. Copies of the Title X statute, regulations, and legislative mandates may be downloaded from the OPA website at https://opa.hhs.gov/grant-programs/title- x-service-grants/title-x-statutes-regulations-and-legislative-mandates.
Any public or private nonprofit entity is eligible to apply.",False,2027-01-11,103.0,False,False,False,False,False,True,10.0,False,,False,False,False,False,False,False,False,False,2855555.5555555555,award_ceiling,22000000.0,True,False,True,False,False,False,10.0,False,,False,False,True,True,True,True,True,False,False,False,True,13,False,True,,False,False,False,False,1,True,False,False,,True,False,False,False,,2026-09-30,2026-08-18,Title X Family Planning Services Grants,open,ok,10.0,G2,G2.O4,"Title X funds voluntary family planning, reproductive goals counseling, and preconception health services, directly advancing G2.O4's focus on reproductive life planning and improved women's health and birth outcomes.","These projects include a broad range of effective and acceptable services, including pregnancy testing and counseling, basic infertility services, sexually transmitted infection (STI) services (such as HIV prevention education, counseling, testing, and referral), health literacy, reproductive goals counseling to increase optimal health outcomes, and other preconception health services.",lead,Any public or private nonprofit entity is eligible to apply.,DPH,9.0,"DPH already oversees family planning, maternal and child health, and local health department services, so Title X is a natural extension of its existing public health authority.",The actual amount available will not be determined until enactment of the FY 2027 federal budget.,True,"Strong fit: Title X directly funds family planning and preconception services under DPH, advancing G2.O4 reproductive and maternal health work.","[""All activities funded under this announcement must be in compliance with the requirements of the Title X statute, legislative mandates, and regulations.""]",True,True,lead,deepseek/deepseek-v4-pro,92b0344f579a,True,10.0,0.15,1.0,0.0,0.0,97.5,open
2,42a1b238-2c19-47b4-ae58-f4a775231b78,Public Health Crisis Response Cooperative Agreement,open,False,False,,42a1b238-2c19-47b4-ae58-f4a775231b78,CDC-RFA-TP22-2201,posted,HHS-CDC-OPHPR,discretionary,,2022-01-13,2027-02-11,Electronically submitted applications must be submitted no later than 11:59 pm ET on the listed application due date.,2027-03-01,False,113.0,500000000.0,50000.0,5000000.0,,,93.354|Public Health Emergency Response:  Cooperative Agreement for Emergency Response: Public Health Crisis Response,cooperative_agreement,health,,city_or_township_governments;county_governments;special_district_governments;state_governments;other;federally_recognized_native_american_tribal_governments,"This NOFO is intended for states, political subdivisions of states, and other public entities as specified in section 317(a) of the Public Health Service Act (42 USC § 247(b)). It targets public health organizations that serve state, tribal, local, and territorial populations and are constitutionally empowered to protect the health and welfare of their respective communities, focused on executing emergency preparedness and response services. To demonstrate existing capacity for public health emergency management, applicants must submit their response organizational charts and work plans. If these documents are not submitted, the application will be considered non-responsive and will receive no further review.    Local government organizations or their bona fide agents must:Serve a county population of 2 million or more or serve a city population of 400,000 or more. Populations for county and city jurisdictions are based on the following 2021 U.S. Census resources:City and Town Population Totals: 2020-2021 (census.gov) U.S. Census – Annual Estimates of the Resident Population for Incorporated Places, Ranked by July 1, 2021, Population: April 1, 2020, to July 1, 2021County Population Totals: 2020-2021 (census.gov) U.S. Census – Annual Estimates for 2021Sources may be updated as census data change over timeLocal jurisdictions that meet population requirements are listed in Attachment A.Tribal governments or their bona fide agents must be federally recognized and:Serve a population of 50,000 or more.CDC will reopen this announcement periodically over the five-year NOFO period to accommodate population changes and ensure we maintain a current roster of eligible jurisdictions for emergency response. Sources for future postings of this NOFO will be based on the latest census data and may change over time.The anticipated dates for reposting are noted below. Applicants will have 60 days to submit an application.July 2024July 2025July 2026",Centers for Disease Control - OPHPR,Department of Health and Human Services,"Noelle Anderson
DSLRCrisisCoag@cdc.gov",DSLRCrisisCoag@cdc.gov,DSLRCrisisCoag@cdc.gov,,,,,,,,,https://simpler.grants.gov/opportunity/42a1b238-2c19-47b4-ae58-f4a775231b78,"CDC seeks to enhance the nation’s ability to rapidly mobilize, surge, and respond to public health emergencies (PHEs) as identified by CDC by establishing a roster of approved but unfunded (ABU) applicants that may receive rapid funding to respond to PHEs of such magnitude, complexity, or significance that they would have an overwhelming impact upon, and exceed resources available to, the jurisdictions. Applicants will undergo an objective merit review process, and entities that successfully meet the requirements for approval will be placed on the ABU list. CDC will use this ABU list for emergencies that require federal support to effectively respond to, manage, and address identified public health threats. CDC will make funding related to this NOFO available once it has determined a public health emergency exists or is considered imminent and will be contingent upon the availability and stipulations of appropriations. CDC will provide additional guidance and information to those on the ABU list when this NOFO is funded.

Since this NOFO is designed to collect applications prior to a PHE, applicants are encouraged to submit work plans and budgets that demonstrate their ability to respond to a PHE. COVID-19 public health response plans, such as plans funded under CDC-RFA-TP18-1802 in 2020 are acceptable for this purpose. If this NOFO is funded for a specific PHE, CDC will develop supplemental guidance that outlines additional work plan and budget requirements tailored to the emergency.   
This NOFO is not a capacity-building funding mechanism, and it is not intended to create or establish new public health (PH) emergency management programs. It may be used to re- establish capacity lost or diminished because of the public health crisis. It is designed to support the surge needs of existing programs responding to a significant PHE. CDC will provide supplemental guidance to entities on the ABU list when this NOFO is activated regarding specific activities intended to address the emergency.

CDC has strong relationships with governmental PH departments, community-based organizations, and other domestic partners and supports them for planning, capacity-building, preparedness, and response to PHEs. This NOFO complements these ongoing capacity-building preparedness and response programs by providing a mechanism for CDC to rapidly mobilize and fund PH organizations for specific response needs. Applicants must describe how this funding will not duplicate or supplant other federal funding.

Upon occurrence of a PHE, CDC can rapidly fund specific applicants to accelerate public health crisis response activities such as coordinating emergency operations, hiring surge staff, and conducting needs assessments to determine the resources necessary to address the public health crisis. The NOFO also provides funding for specialized public health emergency response activities tailored to the specific public health crisis.","CDC seeks to enhance the nation’s ability to rapidly mobilize, surge, and respond to public health emergencies (PHEs) as identified by CDC by establishing a roster of approved but unfunded (ABU) applicants that may receive rapid funding to respond to PHEs of such magnitude, complexity, or significance that they would have an overwhelming impact upon, and exceed resources available to, the jurisdictions. Applicants will undergo an objective merit review process, and entities that successfully meet the requirements for approval will be placed on the ABU list. CDC will use this ABU list for emergencies that require federal support to effectively respond to, manage, and address identified public health threats. CDC will make funding related to this NOFO available once it has determined a public health emergency exists or is considered imminent and will be contingent upon the availability and stipulations of appropriations. CDC will provide additional guidance and information to those on the ABU list when this NOFO is funded.

Since this NOFO is designed to collect applications prior to a PHE, applicants are encouraged to submit work plans and budgets that demonstrate their ability to respond to a PHE. COVID-19 public health response plans, such as plans funded under CDC-RFA-TP18-1802 in 2020 are acceptable for this purpose. If this NOFO is funded for a specific PHE, CDC will develop supplemental guidance that outlines additional work plan and budget requirements tailored to the emergency.   
This NOFO is not a capacity-building funding mechanism, and it is not intended to create or establish new public health (PH) emergency management programs. It may be used to re- establish capacity lost or diminished because of the public health crisis. It is designed to support the surge needs of existing programs responding to a significant PHE. CDC will provide supplemental guidance to entities on the ABU list when this NOFO is activated regarding specific activities intended to address the emergency.

CDC has strong relationships with governmental PH departments, community-based organizations, and other domestic partners and supports them for planning, capacity-building, preparedness, and response to PHEs. This NOFO complements these ongoing capacity-building preparedness and response programs by providing a mechanism for CDC to rapidly mobilize and fund PH organizations for specific response needs. Applicants must describe how this funding will not duplicate or supplant other federal funding.

Upon occurrence of a PHE, CDC can rapidly fund specific applicants to accelerate public health crisis response activities such as coordinating emergency operations, hiring surge staff, and conducting needs assessments to determine the resources necessary to address the public health crisis. The NOFO also provides funding for specialized public health emergency response activities tailored to the specific public health crisis.","Public Health Crisis Response Cooperative Agreement
CDC seeks to enhance the nation’s ability to rapidly mobilize, surge, and respond to public health emergencies (PHEs) as identified by CDC by establishing a roster of approved but unfunded (ABU) applicants that may receive rapid funding to respond to PHEs of such magnitude, complexity, or significance that they would have an overwhelming impact upon, and exceed resources available to, the jurisdictions. Applicants will undergo an objective merit review process, and entities that successfully meet the requirements for approval will be placed on the ABU list. CDC will use this ABU list for emergencies that require federal support to effectively respond to, manage, and address identified public health threats. CDC will make funding related to this NOFO available once it has determined a public health emergency exists or is considered imminent and will be contingent upon the availability and stipulations of appropriations. CDC will provide additional guidance and information to those on the ABU list when this NOFO is funded.

Since this NOFO is designed to collect applications prior to a PHE, applicants are encouraged to submit work plans and budgets that demonstrate their ability to respond to a PHE. COVID-19 public health response plans, such as plans funded under CDC-RFA-TP18-1802 in 2020 are acceptable for this purpose. If this NOFO is funded for a specific PHE, CDC will develop supplemental guidance that outlines additional work plan and budget requirements tailored to the emergency.   
This NOFO is not a capacity-building funding mechanism, and it is not intended to create or establish new public health (PH) emergency management programs. It may be used to re- establish capacity lost or diminished because of the public health crisis. It is designed to support the surge needs of existing programs responding to a significant PHE. CDC will provide supplemental guidance to entities on the ABU list when this NOFO is activated regarding specific activities intended to address the emergency.

CDC has strong relationships with governmental PH departments, community-based organizations, and other domestic partners and supports them for planning, capacity-building, preparedness, and response to PHEs. This NOFO complements these ongoing capacity-building preparedness and response programs by providing a mechanism for CDC to rapidly mobilize and fund PH organizations for specific response needs. Applicants must describe how this funding will not duplicate or supplant other federal funding.

Upon occurrence of a PHE, CDC can rapidly fund specific applicants to accelerate public health crisis response activities such as coordinating emergency operations, hiring surge staff, and conducting needs assessments to determine the resources necessary to address the public health crisis. The NOFO also provides funding for specialized public health emergency response activities tailored to the specific public health crisis.
This NOFO is intended for states, political subdivisions of states, and other public entities as specified in section 317(a) of the Public Health Service Act (42 USC § 247(b)). It targets public health organizations that serve state, tribal, local, and territorial populations and are constitutionally empowered to protect the health and welfare of their respective communities, focused on executing emergency preparedness and response services. To demonstrate existing capacity for public health emergency management, applicants must submit their response organizational charts and work plans. If these documents are not submitted, the application will be considered non-responsive and will receive no further review.    Local government organizations or their bona fide agents must:Serve a county population of 2 million or more or serve a city population of 400,000 or more. Populations for county and city jurisdictions are based on the following 2021 U.S. Census resources:City and Town Population Totals: 2020-2021 (census.gov) U.S. Census – Annual Estimates of the Resident Population for Incorporated Places, Ranked by July 1, 2021, Population: April 1, 2020, to July 1, 2021County Population Totals: 2020-2021 (census.gov) U.S. Census – Annual Estimates for 2021Sources may be updated as census data change over timeLocal jurisdictions that meet population requirements are listed in Attachment A.Tribal governments or their bona fide agents must be federally recognized and:Serve a population of 50,000 or more.CDC will reopen this announcement periodically over the five-year NOFO period to accommodate population changes and ensure we maintain a current roster of eligible jurisdictions for emergency response. Sources for future postings of this NOFO will be based on the latest census data and may change over time.The anticipated dates for reposting are noted below. Applicants will have 60 days to submit an application.July 2024July 2025July 2026",False,2027-02-11,134.0,False,False,False,False,False,True,10.0,False,,False,False,False,False,False,False,False,False,4424778.761061947,award_ceiling,5000000.0,True,False,True,False,False,False,8.49,False,,False,False,True,True,False,False,True,False,False,False,True,6,False,False,,False,False,False,False,1,True,False,False,,True,False,False,False,,2026-09-30,2026-08-18,Public Health Crisis Response Cooperative Agreement,open,ok,6.0,G4,G4.O4,"The agreement can fund hiring surge staff for public health emergency response, which supports the state and local public health workforce under emergency conditions.","Upon occurrence of a PHE, CDC can rapidly fund specific applicants to accelerate public health crisis response activities such as coordinating emergency operations, hiring surge staff, and conducting needs assessments to determine the resources necessary to address the public health crisis.",lead,"This NOFO is intended for states, political subdivisions of states, and other public entities as specified in section 317(a) of the Public Health Service Act (42 USC § 247(b)).",DPH,9.0,"DPH already coordinates public health preparedness, epidemiology, local health department support, and laboratory response, so this cooperative agreement is an extension of its existing emergency response role.","This NOFO only creates an approved but unfunded roster; actual funding is contingent on CDC determining a public health emergency exists and on future appropriations, so it may never result in award money.",True,Aligns with public health workforce surge staffing and DPH preparedness role; only creates an unfunded roster until CDC activates an emergency.,"[""Applicants must submit response organizational charts and work plans; if missing, the application is non-responsive and receives no further review."", ""Applicants must describe how this funding will not duplicate or supplant other federal funding.""]",True,True,lead,deepseek/deepseek-v4-pro,92b0344f579a,True,10.0,0.15,1.0,0.0,0.0,83.23,open
3,cb2cbb9f-741d-4e6b-ad32-557d751f9903,Home Study and Post-Release Services for Unaccompanied Alien Children​​,open,False,False,,cb2cbb9f-741d-4e6b-ad32-557d751f9903,HHS-2026-ACF-ORR-ZU-0019,posted,HHS-ACF-ORR,discretionary,,2026-06-05,2027-10-01,Electronically submitted applications must be submitted no later than 11:59 pm Eastern Standard Time on the listed application due date.,,False,20.0,555000000.0,1000000.0,100000000.0,https://www.acf.hhs.gov/orr/grants/ucb,https://www.acf.hhs.gov/orr/grants/ucb,93.676|Unaccompanied Children Program,cooperative_agreement,income_security_and_social_services,,public_and_indian_housing_authorities;for_profit_organizations_other_than_small_businesses;other;special_district_governments;independent_school_districts;state_governments;other_native_american_tribal_organizations;nonprofits_non_higher_education_with_501c3;private_institutions_of_higher_education;federally_recognized_native_american_tribal_governments;county_governments;city_or_township_governments;nonprofits_non_higher_education_without_501c3;small_businesses;public_and_state_institutions_of_higher_education,"Current RecipientsCurrent recipients in the final year of their project period must check when their project period ends. If the project period end date aligns with this funding opportunity""s projected award date, and the current recipient wants to apply to continue providing services, they must apply for this funding opportunity.Current recipients who are not in the final year of their project period and want to apply for this funding opportunity must propose services in a new facility and new location from where they are currently funded. ACF does not fund multiple projects that offer the same type of service in the same location.   Applications from individuals (including sole proprietorships), federal entities, and foreign entities are not eligible and will be disqualified from the merit review and funding under this funding opportunity. Faith-based and community organizations that meet the eligibility requirements are eligible for awards under this funding opportunity.",Administration for Children and Families - ORR,Department of Health and Human Services,"Rebecca Packer
hsprs_projectofficers@acf.hhs.gov",hsprs_projectofficers@acf.hhs.gov,hsprs_projectofficers@acf.hhs.gov,,,,,,,,,https://simpler.grants.gov/opportunity/cb2cbb9f-741d-4e6b-ad32-557d751f9903,"This NOFO is modified. Changes are made to Step 1: Review the Opportunity. The Office of Refugee Resettlement (ORR) provides temporary housing and care for children who arrive in the United States alone. These are children who are under 18 years old, don't have legal permission to be in the U.S., and don't have a parent or legal guardian in the U.S. who can take care of them. ORR runs the Home Study and Post-Release Services Program to help these children. Before placing a child with a sponsor, ORR carefully checks potential homes to make sure they're safe and appropriate. After placement, ORR provides ongoing support to help children and their sponsors succeed. This support helps children adjust to living with their sponsor, connect with their community, stay safe and healthy, and navigate the immigration court process. The goal is to make sure children are placed in safe homes and have the support they need to thrive while their immigration cases move forward.","This NOFO is modified. Changes are made to Step 1: Review the Opportunity. The Office of Refugee Resettlement (ORR) provides temporary housing and care for children who arrive in the United States alone. These are children who are under 18 years old, don't have legal permission to be in the U.S., and don't have a parent or legal guardian in the U.S. who can take care of them. ORR runs the Home Study and Post-Release Services Program to help these children. Before placing a child with a sponsor, ORR carefully checks potential homes to make sure they're safe and appropriate. After placement, ORR provides ongoing support to help children and their sponsors succeed. This support helps children adjust to living with their sponsor, connect with their community, stay safe and healthy, and navigate the immigration court process. The goal is to make sure children are placed in safe homes and have the support they need to thrive while their immigration cases move forward.","Home Study and Post-Release Services for Unaccompanied Alien Children​​
This NOFO is modified. Changes are made to Step 1: Review the Opportunity. The Office of Refugee Resettlement (ORR) provides temporary housing and care for children who arrive in the United States alone. These are children who are under 18 years old, don't have legal permission to be in the U.S., and don't have a parent or legal guardian in the U.S. who can take care of them. ORR runs the Home Study and Post-Release Services Program to help these children. Before placing a child with a sponsor, ORR carefully checks potential homes to make sure they're safe and appropriate. After placement, ORR provides ongoing support to help children and their sponsors succeed. This support helps children adjust to living with their sponsor, connect with their community, stay safe and healthy, and navigate the immigration court process. The goal is to make sure children are placed in safe homes and have the support they need to thrive while their immigration cases move forward.
Current RecipientsCurrent recipients in the final year of their project period must check when their project period ends. If the project period end date aligns with this funding opportunity""s projected award date, and the current recipient wants to apply to continue providing services, they must apply for this funding opportunity.Current recipients who are not in the final year of their project period and want to apply for this funding opportunity must propose services in a new facility and new location from where they are currently funded. ACF does not fund multiple projects that offer the same type of service in the same location.   Applications from individuals (including sole proprietorships), federal entities, and foreign entities are not eligible and will be disqualified from the merit review and funding under this funding opportunity. Faith-based and community organizations that meet the eligibility requirements are eligible for awards under this funding opportunity.",False,2027-10-01,366.0,False,False,False,False,False,True,10.0,False,,False,False,False,False,False,False,False,False,27750000.0,award_ceiling,100000000.0,True,False,True,False,False,False,10.0,False,,False,False,True,True,True,True,True,True,False,False,True,15,False,True,,False,False,False,False,1,True,False,False,,True,False,False,False,,2026-09-30,2026-08-18,Home Study and Post-Release Services for Unaccompanied Alien Children​​,open,ok,7.0,G2,G2.O2,"The grant funds home studies and post-release services to place children in safe homes and support their well-being, which directly parallels the child welfare safety, permanency, and well-being focus of G2.O2.",The goal is to make sure children are placed in safe homes and have the support they need to thrive while their immigration cases move forward.,lead,state_governments,DSS,6.0,"DSS already performs child welfare, home safety, and permanency work, but this program serves a federal immigration-specific population rather than its usual state child welfare caseload.","NCDHHS does not have routine jurisdiction over unaccompanied alien children, and this ORR program is typically operated by nonprofits with immigration case management experience, making it an unfamiliar compliance-heavy program rather than a core state child welfare function.",True,"Fits G2.O2 child safety and permanency and state child welfare expertise in DSS, but serves a federal immigration-specific population with high ORR compliance demands.",[],True,True,lead,deepseek/deepseek-v4-pro,92b0344f579a,True,10.0,0.15,1.0,0.0,0.0,81.0,open
4,10f4a697-e6a1-454a-bb73-74bc933f364a,"Emerging Infections Network - Research for Preventing, Detecting, and Managing Travel-associated Infectious Diseases",open,False,False,,10f4a697-e6a1-454a-bb73-74bc933f364a,RFA-CK-26-035,posted,HHS-CDC-HHSCDCERA,discretionary,,2026-08-03,2026-11-05,Electronically submitted applications must be submitted no later than 11:59 pm ET on the listed application due date.,2026-12-07,False,2.0,30000000.0,1750000.0,6000000.0,,,"93.084|Prevention of Disease, Disability, and Death by Infectious Diseases",cooperative_agreement,health,,state_governments;county_governments;city_or_township_governments;special_district_governments;independent_school_districts;public_and_state_institutions_of_higher_education;federally_recognized_native_american_tribal_governments;public_and_indian_housing_authorities;other_native_american_tribal_organizations;nonprofits_non_higher_education_with_501c3;nonprofits_non_higher_education_without_501c3;private_institutions_of_higher_education;for_profit_organizations_other_than_small_businesses,,Centers for Disease Control and Prevention - ERA,Department of Health and Human Services,"Robert Brian York
RYork@cdc.gov",RYork@cdc.gov,RYork@cdc.gov,,,,,,,,,https://simpler.grants.gov/opportunity/10f4a697-e6a1-454a-bb73-74bc933f364a,"The focus of this notice of funding opportunity (NOFO) is to produce insights into disease detection and prevention strategies, burden, severity, diagnostics, treatment, and outcomes of infectious diseases in international travelers. Timely surveillance and sentinel detection are essential for collecting actionable data. The research should:Address public health questions that improve the speed of outbreak detection.Help develop guidelines and recommendations to improve patient care.Enhance understanding of the natural history of disease.Optimize genomic surveillance as well as diagnostic and treatment strategies.Advance the global health security of the United States.This NOFO will have two components:Component A – Clinic-based sentinel network.Component B – Sentinel detection in international transportation hubs.You may apply for Component A, B, or both. If your application for both Component A and B is ranked top, Component B will be awarded.","The focus of this notice of funding opportunity (NOFO) is to produce insights into disease detection and prevention strategies, burden, severity, diagnostics, treatment, and outcomes of infectious diseases in international travelers. Timely surveillance and sentinel detection are essential for collecting actionable data. The research should:Address public health questions that improve the speed of outbreak detection.Help develop guidelines and recommendations to improve patient care.Enhance understanding of the natural history of disease.Optimize genomic surveillance as well as diagnostic and treatment strategies.Advance the global health security of the United States.This NOFO will have two components:Component A – Clinic-based sentinel network.Component B – Sentinel detection in international transportation hubs.You may apply for Component A, B, or both. If your application for both Component A and B is ranked top, Component B will be awarded.","Emerging Infections Network - Research for Preventing, Detecting, and Managing Travel-associated Infectious Diseases
The focus of this notice of funding opportunity (NOFO) is to produce insights into disease detection and prevention strategies, burden, severity, diagnostics, treatment, and outcomes of infectious diseases in international travelers. Timely surveillance and sentinel detection are essential for collecting actionable data. The research should:Address public health questions that improve the speed of outbreak detection.Help develop guidelines and recommendations to improve patient care.Enhance understanding of the natural history of disease.Optimize genomic surveillance as well as diagnostic and treatment strategies.Advance the global health security of the United States.This NOFO will have two components:Component A – Clinic-based sentinel network.Component B – Sentinel detection in international transportation hubs.You may apply for Component A, B, or both. If your application for both Component A and B is ranked top, Component B will be awarded.
",False,2026-11-05,36.0,False,False,False,False,False,True,7.6,False,,False,False,False,False,False,False,False,False,15000000.0,award_ceiling,6000000.0,True,False,True,True,False,False,8.89,False,,False,False,True,True,True,True,True,True,False,False,False,13,False,True,,False,False,False,False,1,True,False,False,,True,False,False,True,,2026-09-30,2026-08-18,"Emerging Infections Network - Research for Preventing, Detecting, and Managing Travel-associated Infectious Diseases",open,ok,5.0,G5,G5.O1,"The grant funds sentinel surveillance and actionable data for outbreak detection, supporting data-driven public health decision-making.",Timely surveillance and sentinel detection are essential for collecting actionable data.,lead,state_governments,DPH,9.0,"DPH already operates disease surveillance, epidemiology, public health preparedness, and laboratory services that could support a travel-associated infectious disease sentinel network.","The international travel focus may exceed DPH's routine state-level disease surveillance authority and require coordination with federal quarantine stations, airports, or academic partners.",True,"Strong fit for DPH disease surveillance and preparedness; CDC travel-focused sentinel network advances data-driven decision-making, though it is not squarely in NCDHHS strategic goals.","[""If your application for both Component A and B is ranked top, Component B will be awarded.""]",True,True,lead,deepseek/deepseek-v4-pro,92b0344f579a,True,10.0,0.15,1.0,0.0,0.0,77.23,open
5,0b08c799-a202-45f2-92ad-318044afbc2d,NARMS Cooperative Agreement Program to Strengthen Antibiotic Resistance Surveillance in Retail Food Specimens,open,False,False,,0b08c799-a202-45f2-92ad-318044afbc2d,PAR-25-014,posted,HHS-FDA,discretionary,,2025-07-11,2027-04-01,,2027-05-01,False,35.0,5000000.0,0.0,200000.0,https://grants.nih.gov/grants/guide/pa-files/PAR-25-014.html,PAR-25-014 NARMS Cooperative Agreement Program to Strengthen Antibiotic Resistance Surveillance in Retail Food Specimens,93.103|Food and Drug Administration Research,cooperative_agreement,agriculture;consumer_protection;food_and_nutrition,,other,"Eligible Organizations

Higher Education Institutions

Public/State Controlled Institutions of Higher Education
Private Institutions of Higher Education
Nonprofits Other Than Institutions of Higher Education

Nonprofits with 501(c)(3) IRS Status (Other than Institutions of Higher Education)
Nonprofits without 501(c)(3) IRS Status (Other than Institutions of Higher Education)
For-Profit Organizations

Small Businesses
For-Profit Organizations (Other than Small Businesses)
Local Governments

State Governments
County Governments
City or Township Governments
Special District Governments
Indian/Native American Tribal Governments (Federally Recognized)
Indian/Native American Tribal Governments (Other than Federally Recognized)
Federal Governments

Eligible Agencies of the Federal Government
U.S. Territory or Possession
Other

Independent School Districts
Public Housing Authorities/Indian Housing Authorities
Native American Tribal Organizations (other than Federally recognized tribal governments)
Faith-based or Community-based Organizations
Regional Organizations
Foreign Organizations
Non-domestic (non-U.S.) Entities (Foreign Organizations) are not eligible to apply.

Non-domestic (non-U.S.) components of U.S. Organizations are not eligible to apply.

Foreign components, as defined in the NIH Grants Policy Statement, are not allowed.",Food and Drug Administration,Department of Health and Human Services,"Jenise McNair
Grants Management Specialist",jenise.mcnair@fda.hhs.gov,Email: jenise.mcnair@fda.hhs.gov,,,,,,,,,https://simpler.grants.gov/opportunity/0b08c799-a202-45f2-92ad-318044afbc2d,"<p><span style=""color: rgb(51, 51, 51);"">This Funding Opportunity Announcement (FOA) issued by the Food and Drug Administration (FDA), Center for Veterinary Medicine (CVM), builds upon the National Antimicrobial Resistance Monitoring System (NARMS) which was initiated in 1996 as one of the key activities in a national action plan to combat antibiotic resistance threats. The purpose of this FOA is to protect and promote public health by enhancing, strengthening, and sustaining antibiotic resistance surveillance in retail food specimens within the NARMS program. The NARMS cooperative agreement is intended to improve the detection of antibiotic resistance among bacteria in food commodities, as well as expand to new sites to expand the scope of sampling. Measurable outcomes of the program will be in alignment with the NARMS Objectives.</span></p>","This Funding Opportunity Announcement (FOA) issued by the Food and Drug Administration (FDA), Center for Veterinary Medicine (CVM), builds upon the National Antimicrobial Resistance Monitoring System (NARMS) which was initiated in 1996 as one of the key activities in a national action plan to combat antibiotic resistance threats. The purpose of this FOA is to protect and promote public health by enhancing, strengthening, and sustaining antibiotic resistance surveillance in retail food specimens within the NARMS program. The NARMS cooperative agreement is intended to improve the detection of antibiotic resistance among bacteria in food commodities, as well as expand to new sites to expand the scope of sampling. Measurable outcomes of the program will be in alignment with the NARMS Objectives.","NARMS Cooperative Agreement Program to Strengthen Antibiotic Resistance Surveillance in Retail Food Specimens
This Funding Opportunity Announcement (FOA) issued by the Food and Drug Administration (FDA), Center for Veterinary Medicine (CVM), builds upon the National Antimicrobial Resistance Monitoring System (NARMS) which was initiated in 1996 as one of the key activities in a national action plan to combat antibiotic resistance threats. The purpose of this FOA is to protect and promote public health by enhancing, strengthening, and sustaining antibiotic resistance surveillance in retail food specimens within the NARMS program. The NARMS cooperative agreement is intended to improve the detection of antibiotic resistance among bacteria in food commodities, as well as expand to new sites to expand the scope of sampling. Measurable outcomes of the program will be in alignment with the NARMS Objectives.
Eligible Organizations

Higher Education Institutions

Public/State Controlled Institutions of Higher Education
Private Institutions of Higher Education
Nonprofits Other Than Institutions of Higher Education

Nonprofits with 501(c)(3) IRS Status (Other than Institutions of Higher Education)
Nonprofits without 501(c)(3) IRS Status (Other than Institutions of Higher Education)
For-Profit Organizations

Small Businesses
For-Profit Organizations (Other than Small Businesses)
Local Governments

State Governments
County Governments
City or Township Governments
Special District Governments
Indian/Native American Tribal Governments (Federally Recognized)
Indian/Native American Tribal Governments (Other than Federally Recognized)
Federal Governments

Eligible Agencies of the Federal Government
U.S. Territory or Possession
Other

Independent School Districts
Public Housing Authorities/Indian Housing Authorities
Native American Tribal Organizations (other than Federally recognized tribal governments)
Faith-based or Community-based Organizations
Regional Organizations
Foreign Organizations
Non-domestic (non-U.S.) Entities (Foreign Organizations) are not eligible to apply.

Non-domestic (non-U.S.) components of U.S. Organizations are not eligible to apply.

Foreign components, as defined in the NIH Grants Policy Statement, are not allowed.",False,2027-04-01,183.0,False,False,False,False,False,True,10.0,False,,False,False,False,False,False,False,False,False,142857.14285714287,award_ceiling,200000.0,True,False,False,False,False,False,1.51,False,,False,False,False,False,False,False,False,False,False,False,True,1,False,False,,True,False,False,False,1,True,False,False,,True,False,False,False,14c2b96f-e210-4856-8901-f8278996198a,2026-09-30,2026-08-18,NARMS Cooperative Agreement Program to Strengthen Antibiotic Resistance Surveillance in Retail Food Specimens,open,ok,6.0,G5,G5.O1,The grant funds public health surveillance data collection and reporting that supports data-driven decision-making and strengthens public health data infrastructure.,"The purpose of this FOA is to protect and promote public health by enhancing, strengthening, and sustaining antibiotic resistance surveillance in retail food specimens within the NARMS program.",lead,State Governments,DPH,8.0,"DPH houses disease surveillance, epidemiology, and the state public health laboratory, making retail food antibiotic resistance monitoring an extension of its existing work.","Specialized FDA/NARMS retail food surveillance may require existing laboratory capacity and federal collaboration, so if NC is not already a NARMS retail food site the start-up effort could be high relative to the grant's narrow scope.",True,Funds antibiotic resistance surveillance in retail food; fits DPH lab and epidemiology role but is narrow and not a named NCDHHS objective.,[],True,True,lead,deepseek/deepseek-v4-pro,92b0344f579a,True,10.0,0.15,1.0,0.0,0.0,70.27,open
6,eba5be60-4531-4ddf-aa56-6b1d419155ce,Laboratory Flexible Funding Model (LFFM),open,False,False,,eba5be60-4531-4ddf-aa56-6b1d419155ce,RFA-FD-25-007,posted,HHS-FDA,discretionary,,2025-02-06,2028-01-11,,2028-02-10,False,75.0,,0.0,1500000.0,https://grants.nih.gov/grants/guide/rfa-files/RFA-FD-25-007.html,RFA-FD-25-007 Funding Opportunity Announcement,93.103|Food and Drug Administration Research,cooperative_agreement,agriculture;consumer_protection;food_and_nutrition,,private_institutions_of_higher_education;public_and_state_institutions_of_higher_education;other_native_american_tribal_organizations;federally_recognized_native_american_tribal_governments;city_or_township_governments;special_district_governments;state_governments;county_governments,"Applicant organizations applying for product testing tracks must be accredited to ISO 17025 in at least one human or animal food testing method applicable to the discipline for which they are applying.Applicant organizations applying for tracks other than product testing must be accredited to ISO 17025 or have a quality system that ensures quality assurance and quality control of laboratory testing including but not limited to: validated methods, document control, training programs, and analyst competency requirements.Applicant organizations applying to any track other than Whole Genome Sequencing must have a valid 20.88 agreement with FDA prior to the time of application.",Food and Drug Administration,Department of Health and Human Services,"Lisa Pendleton 
Grants Management Specialist",lisa.pendleton@fda.hhs.gov,Work,,,,,,,,,https://simpler.grants.gov/opportunity/eba5be60-4531-4ddf-aa56-6b1d419155ce,"<p><span style=""color: rgb(51, 51, 51);"">This cooperative agreement is intended to enhance the capacity and capabilities of state human and animal food testing laboratories in support of an integrated food safety system (IFSS). This is achieved through prioritized sample testing and food defense preparedness in the areas of microbiology, chemistry, and radiochemistry, as well as method development and capacity/capability development projects that support and expand food safety and food defense testing.</span></p>","This cooperative agreement is intended to enhance the capacity and capabilities of state human and animal food testing laboratories in support of an integrated food safety system (IFSS). This is achieved through prioritized sample testing and food defense preparedness in the areas of microbiology, chemistry, and radiochemistry, as well as method development and capacity/capability development projects that support and expand food safety and food defense testing.","Laboratory Flexible Funding Model (LFFM)
This cooperative agreement is intended to enhance the capacity and capabilities of state human and animal food testing laboratories in support of an integrated food safety system (IFSS). This is achieved through prioritized sample testing and food defense preparedness in the areas of microbiology, chemistry, and radiochemistry, as well as method development and capacity/capability development projects that support and expand food safety and food defense testing.
Applicant organizations applying for product testing tracks must be accredited to ISO 17025 in at least one human or animal food testing method applicable to the discipline for which they are applying.Applicant organizations applying for tracks other than product testing must be accredited to ISO 17025 or have a quality system that ensures quality assurance and quality control of laboratory testing including but not limited to: validated methods, document control, training programs, and analyst competency requirements.Applicant organizations applying to any track other than Whole Genome Sequencing must have a valid 20.88 agreement with FDA prior to the time of application.",False,2028-01-11,468.0,False,False,False,False,False,True,10.0,False,,False,False,False,False,False,False,False,False,,award_ceiling,1500000.0,True,False,True,False,False,False,5.88,False,,False,False,True,True,True,False,True,False,False,False,False,8,False,False,,False,False,False,False,1,True,False,False,,True,False,False,False,,2026-09-30,2026-08-18,Laboratory Flexible Funding Model (LFFM),open,ok,3.0,none,none,"The grant funds state food testing laboratory capacity and food defense preparedness, which supports public health laboratory infrastructure but does not directly advance a named NCDHHS strategic objective.",enhance the capacity and capabilities of state human and animal food testing laboratories in support of an integrated food safety system (IFSS),lead,state_governments,DPH,8.0,"DPH operates the state public health laboratory and environmental health programs, making this laboratory capacity cooperative agreement a natural extension of its existing work.",The opportunity may be limited to existing FDA-aligned food testing laboratories because it requires ISO 17025 accreditation and a valid 20.88 agreement with FDA prior to application.,True,This FDA cooperative agreement funds state food testing laboratory capacity which fits DPH's public health laboratory and environmental health role though it is not tied to named NCDHHS strategic objective.,"[""Applicant organizations applying for product testing tracks must be accredited to ISO 17025 in at least one human or animal food testing method applicable to the discipline for which they are applying."", ""Applicant organizations applying to any track other than Whole Genome Sequencing must have a valid 20.88 agreement with FDA prior to the time of application.""]",True,True,lead,deepseek/deepseek-v4-pro,92b0344f579a,True,10.0,0.15,1.0,0.0,0.0,67.82,open
7,1a3231f6-36eb-40d1-afe8-232010fa2fe3,"US Travelers Health Research, Surveillance, Communication, and Outreach Network",open,False,False,,1a3231f6-36eb-40d1-afe8-232010fa2fe3,RFA-CK-26-036,posted,HHS-CDC-HHSCDCERA,discretionary,,2026-08-05,2026-11-05,Electronically submitted applications must be submitted no later than 11:59 pm ET on the listed application due date.,2026-12-07,False,1.0,5000000.0,750000.0,1000000.0,,,"93.084|Prevention of Disease, Disability, and Death by Infectious Diseases",cooperative_agreement,health,,state_governments;independent_school_districts;public_and_indian_housing_authorities;other_native_american_tribal_organizations;city_or_township_governments;special_district_governments;federally_recognized_native_american_tribal_governments;county_governments;nonprofits_non_higher_education_without_501c3;nonprofits_non_higher_education_with_501c3;for_profit_organizations_other_than_small_businesses;private_institutions_of_higher_education;public_and_state_institutions_of_higher_education,,Centers for Disease Control and Prevention - ERA,Department of Health and Human Services,"Robert Brian York
RYork@cdc.gov",RYork@cdc.gov,RYork@cdc.gov,,,,,,,,,https://simpler.grants.gov/opportunity/1a3231f6-36eb-40d1-afe8-232010fa2fe3,"The NOFO supports CDC""s efforts to protect U.S. residents traveling internationally. The goal is to help U.S. travelers with pre-travel preparation, access to timely health information while traveling, and timely research on health conditions.The project will:Improve access to high quality travel preparation information for both healthcare providers and travelers.Collect health information before, during, and after travel through innovative electronic medical record (EMR), web, and mobile phone applications.Build on this platform to conduct timely research on emerging health threats.This NOFO will also increase the awareness of travel medicine among primary care providers and provide them with appropriate tools in advising international travelers with up-to-date recommendations.","The NOFO supports CDC""s efforts to protect U.S. residents traveling internationally. The goal is to help U.S. travelers with pre-travel preparation, access to timely health information while traveling, and timely research on health conditions.The project will:Improve access to high quality travel preparation information for both healthcare providers and travelers.Collect health information before, during, and after travel through innovative electronic medical record (EMR), web, and mobile phone applications.Build on this platform to conduct timely research on emerging health threats.This NOFO will also increase the awareness of travel medicine among primary care providers and provide them with appropriate tools in advising international travelers with up-to-date recommendations.","US Travelers Health Research, Surveillance, Communication, and Outreach Network
The NOFO supports CDC""s efforts to protect U.S. residents traveling internationally. The goal is to help U.S. travelers with pre-travel preparation, access to timely health information while traveling, and timely research on health conditions.The project will:Improve access to high quality travel preparation information for both healthcare providers and travelers.Collect health information before, during, and after travel through innovative electronic medical record (EMR), web, and mobile phone applications.Build on this platform to conduct timely research on emerging health threats.This NOFO will also increase the awareness of travel medicine among primary care providers and provide them with appropriate tools in advising international travelers with up-to-date recommendations.
",False,2026-11-05,36.0,False,False,False,False,False,True,7.6,False,,False,False,False,False,False,False,False,False,5000000.0,award_ceiling,1000000.0,True,False,True,True,False,False,5.0,False,,False,False,True,True,True,True,True,True,False,False,False,13,False,True,,False,False,False,False,1,True,False,False,,True,False,False,True,,2026-09-30,2026-08-18,"US Travelers Health Research, Surveillance, Communication, and Outreach Network",open,ok,5.0,G5,G5.O1,"The funded project would collect traveler health information through EMR, web, and mobile applications and conduct research on emerging threats, supporting data-driven decision-making and disease surveillance infrastructure.","Collect health information before, during, and after travel through innovative electronic medical record (EMR), web, and mobile phone applications.",lead,state_governments,DPH,7.0,"DPH already runs infectious disease surveillance, epidemiology, and public health preparedness, so it could plausibly coordinate a traveler health research and communication network.","The announcement provides no eligibility, funding, or cost-sharing details, and NCDHHS does not currently operate a dedicated travel medicine program, so participating could require building new clinical and informatics capacity.",True,The CDC travel health surveillance network is a moderate fit for DPH infectious disease work but only indirectly supports NCDHHS data infrastructure and health access goals.,[],True,True,lead,deepseek/deepseek-v4-pro,92b0344f579a,True,10.0,0.15,1.0,0.0,0.0,66.4,open
8,72bd1f82-d3f8-4226-872e-fc254dd21a6a,"Institute of Education Sciences (IES): National Center for Special Education Research (NCSER): Using Longitudinal Data to Support State Education Policymaking in Special Education, Assistance Listing Number (ALN) 84.324S",open,False,False,,72bd1f82-d3f8-4226-872e-fc254dd21a6a,ED-GRANTS-080626-005,posted,ED,discretionary,,2026-08-06,2026-10-01,,2026-10-31,False,,,,1200000.0,https://ies.ed.gov/funding/grants/2027/using-longitudinal-data-support-state-education-policymaking-special-education-84-324s,Using Longitudinal Data to Support State Education Policymaking in Special Education Request for Applications (RFA),84.324|Research in Special Education,grant,education,,other,"For the Using Longitudinal Data to Support State Education Policymaking in Special Education (ALN 84.324S) grants program, institutions that have the demonstrated ability and capacity to conduct rigorous research are eligible to apply. Eligible applicants include, but are not limited to, state agencies responsible for education programs and policies, non-profit and for-profit organizations, and public and private agencies and institutions, such as colleges and universities. Applications must include the State agency or State postsecondary system responsible for the education issue, program, or policy to be examined. Eligible State agencies include the State educational agency (SEA) responsible for the State’s K-12 sector as well as other State agencies responsible for other specific education sectors such as early intervention, prekindergarten, career and technical education, and postsecondary education. In addition, a State postsecondary system may serve as the eligible State agency. Eligible State agencies may apply alone, or in conjunction with research organizations such as universities and research firms, and/or with other appropriate organizations (such as other State agencies or local educational agencies).",Department of Education,Department of Education,Katherine Taylor,Katherine.Taylor@ed.gov,Program Manager,,,,,,,,,https://simpler.grants.gov/opportunity/72bd1f82-d3f8-4226-872e-fc254dd21a6a,"<p>Through this grant program, NCSER supports state agencies’ use of their statewide longitudinal data systems (SLDSs) to provide evidence for their own program and policy decisions, and those of their local education agencies pertaining to learners with or at risk for disabilities</p><p><br></p><p>Assistance Listing Number: 84.324S.</p>","Through this grant program, NCSER supports state agencies’ use of their statewide longitudinal data systems (SLDSs) to provide evidence for their own program and policy decisions, and those of their local education agencies pertaining to learners with or at risk for disabilities
 

 Assistance Listing Number: 84.324S.","Institute of Education Sciences (IES): National Center for Special Education Research (NCSER): Using Longitudinal Data to Support State Education Policymaking in Special Education, Assistance Listing Number (ALN) 84.324S
Through this grant program, NCSER supports state agencies’ use of their statewide longitudinal data systems (SLDSs) to provide evidence for their own program and policy decisions, and those of their local education agencies pertaining to learners with or at risk for disabilities
 

 Assistance Listing Number: 84.324S.
For the Using Longitudinal Data to Support State Education Policymaking in Special Education (ALN 84.324S) grants program, institutions that have the demonstrated ability and capacity to conduct rigorous research are eligible to apply. Eligible applicants include, but are not limited to, state agencies responsible for education programs and policies, non-profit and for-profit organizations, and public and private agencies and institutions, such as colleges and universities. Applications must include the State agency or State postsecondary system responsible for the education issue, program, or policy to be examined. Eligible State agencies include the State educational agency (SEA) responsible for the State’s K-12 sector as well as other State agencies responsible for other specific education sectors such as early intervention, prekindergarten, career and technical education, and postsecondary education. In addition, a State postsecondary system may serve as the eligible State agency. Eligible State agencies may apply alone, or in conjunction with research organizations such as universities and research firms, and/or with other appropriate organizations (such as other State agencies or local educational agencies).",False,2026-10-01,1.0,False,False,True,True,True,False,0.29,False,,False,False,False,False,False,False,False,False,,award_ceiling,1200000.0,True,False,True,False,False,False,5.4,False,,False,False,False,False,False,False,False,False,False,False,True,1,False,False,,True,False,False,False,1,False,False,False,,False,False,False,False,,2026-09-30,2026-08-18,"Institute of Education Sciences (IES): National Center for Special Education Research (NCSER): Using Longitudinal Data to Support State Education Policymaking in Special Education, Assistance Listing Number (ALN) 84.324S",open,ok,7.0,G5,G5.O1,"The grant funds using longitudinal data systems to provide evidence for state program and policy decisions, aligning with NCDHHS's goal to foster data-driven decision-making.",state agencies’ use of their statewide longitudinal data systems (SLDSs) to provide evidence for their own program and policy decisions,lead,"Eligible State agencies may apply alone, or in conjunction with research organizations such as universities and research firms, and/or with other appropriate organizations (such as other State agencies or local educational agencies).",DCFW,5.0,"DCFW has the early intervention role for young children with disabilities but does not control the K-12 SLDS or special education policy authority, so it would need DPI and research partners.","The core data and policy authority sits with the State educational agency, so NCDHHS would likely be limited to early intervention and would need significant research capacity to compete.",False,"Special education SLDS work is primarily DPI/SEA; NCDHHS fits only through early intervention and lacks the research/data-system role, so it is not a priority.","[""Applications must include the State agency or State postsecondary system responsible for the education issue, program, or policy to be examined.""]",True,True,lead,deepseek/deepseek-v4-pro,92b0344f579a,True,10.0,0.15,1.0,0.0,0.0,57.03,open
9,644030f6-37f5-40f8-bb89-acf868c1b28f,BJA FY 2026 The Kevin and Avonte Program: Reducing Injury and Death of Missing Individuals with Dementia and Developmental Disabilities,open,False,False,,644030f6-37f5-40f8-bb89-acf868c1b28f,O-BJA-2026-172697,posted,USDOJ-OJP-BJA,discretionary,,2026-08-17,2026-10-06,,,False,,,0.0,150000.0,https://bja.ojp.gov/funding/opportunities/o-bja-2026-172697,https://bja.ojp.gov/funding/opportunities/o-bja-2026-172697,16.015|Missing Alzheimer's Disease Patient Assistance Program,grant,law_justice_and_legal_services,,special_district_governments;state_governments;federally_recognized_native_american_tribal_governments;nonprofits_non_higher_education_with_501c3;city_or_township_governments;independent_school_districts;public_and_state_institutions_of_higher_education;other;county_governments;nonprofits_non_higher_education_without_501c3;private_institutions_of_higher_education,"Other Units of Local Government: For the purposes of this notice of funding opportunity, other units of local government include towns, boroughs, parishes, villages, or other general purpose political subdivisions of a state.; Health care agencies: For the purposes of this notice of funding opportunity, this includes state, local, or tribal government-operated health departments, hospitals, and medical centers as well as non-profit health clinics, behavioral health providers, and Federally Qualified Health Centers (FQHCs) working with individuals with forms of dementia, such as Alzheimer’s disease, or developmental disabilities, such as autism.",Bureau of Justice Assistance,Department of Justice,"OJP.ResponseCenter@usdoj.gov
OJP.ResponseCenter@usdoj.gov",OJP.ResponseCenter@usdoj.gov,OJP.ResponseCenter@usdoj.gov,,,,,,,,,https://simpler.grants.gov/opportunity/644030f6-37f5-40f8-bb89-acf868c1b28f,"This is a notice of funding opportunity (NOFO) for the BJA FY 2026 Kevin and Avonte Program: Reducing Injury and Death of Missing Individuals with Dementia and Developmental Disabilities. This opportunity supports public safety efforts to reduce deaths and injuries of individuals with forms of dementia, such as Alzheimer’s disease, or developmental disabilities, such as autism, who, due to their condition, wander from safe environments. This program provides funding to law enforcement, other public safety agencies, and health care agencies to implement locative technologies that track missing individuals. It also provides funding to such agencies and partnering nonprofit organizations to develop or operate programs to prevent wandering, increase safety for vulnerable individuals, and facilitate rescues.","This is a notice of funding opportunity (NOFO) for the BJA FY 2026 Kevin and Avonte Program: Reducing Injury and Death of Missing Individuals with Dementia and Developmental Disabilities. This opportunity supports public safety efforts to reduce deaths and injuries of individuals with forms of dementia, such as Alzheimer’s disease, or developmental disabilities, such as autism, who, due to their condition, wander from safe environments. This program provides funding to law enforcement, other public safety agencies, and health care agencies to implement locative technologies that track missing individuals. It also provides funding to such agencies and partnering nonprofit organizations to develop or operate programs to prevent wandering, increase safety for vulnerable individuals, and facilitate rescues.","BJA FY 2026 The Kevin and Avonte Program: Reducing Injury and Death of Missing Individuals with Dementia and Developmental Disabilities
This is a notice of funding opportunity (NOFO) for the BJA FY 2026 Kevin and Avonte Program: Reducing Injury and Death of Missing Individuals with Dementia and Developmental Disabilities. This opportunity supports public safety efforts to reduce deaths and injuries of individuals with forms of dementia, such as Alzheimer’s disease, or developmental disabilities, such as autism, who, due to their condition, wander from safe environments. This program provides funding to law enforcement, other public safety agencies, and health care agencies to implement locative technologies that track missing individuals. It also provides funding to such agencies and partnering nonprofit organizations to develop or operate programs to prevent wandering, increase safety for vulnerable individuals, and facilitate rescues.
Other Units of Local Government: For the purposes of this notice of funding opportunity, other units of local government include towns, boroughs, parishes, villages, or other general purpose political subdivisions of a state.; Health care agencies: For the purposes of this notice of funding opportunity, this includes state, local, or tribal government-operated health departments, hospitals, and medical centers as well as non-profit health clinics, behavioral health providers, and Federally Qualified Health Centers (FQHCs) working with individuals with forms of dementia, such as Alzheimer’s disease, or developmental disabilities, such as autism.",False,2026-10-06,6.0,False,False,True,True,True,False,1.71,False,,False,False,False,False,False,False,False,False,,award_ceiling,150000.0,True,False,False,False,False,False,0.88,False,,False,False,True,True,True,True,True,False,False,False,True,11,False,False,,False,False,False,False,1,False,False,False,,False,False,False,False,,2026-09-30,2026-08-18,BJA FY 2026 The Kevin and Avonte Program: Reducing Injury and Death of Missing Individuals with Dementia and Developmental Disabilities,open,ok,5.0,G1,G1.O1,"The grant funds programs that prevent wandering and increase safety for people with dementia and developmental disabilities, populations that face greater health and situational challenges.","prevent wandering, increase safety for vulnerable individuals, and facilitate rescues.",lead,"state, local, or tribal government-operated health departments, hospitals, and medical centers",DAGING,5.0,"The Division of Aging serves older adults and family caregivers and could lead dementia wandering prevention, but the public safety and developmental disability components would require partners outside its usual role.","The program is primarily a public safety and law enforcement initiative, so NCDHHS would need substantial partnerships and may not be the most competitive lead applicant.",True,This grant aligns with NCDHHS safety goals for vulnerable North Carolinians but is public-safety oriented and would require cross-division and law enforcement partners.,[],True,True,lead,deepseek/deepseek-v4-pro,92b0344f579a,True,10.0,0.15,1.0,0.0,0.0,46.38,open
10,aa2857de-cd78-432b-9266-9b2919a6eb6c,Announcement of Stand Down Grants,open,False,False,,aa2857de-cd78-432b-9266-9b2919a6eb6c,VPL-01-23,posted,DOL-ETA-VETS,discretionary,,2023-01-10,2026-09-30,,2026-10-30,False,,,0.0,10000.0,https://www.dol.gov/vets/aboutvets/regionaloffices/map.htm,DVET State Contact Information,17.805|Homeless Veterans’ Reintegration Program,grant,employment_labor_and_training,,other,"See VPL 01-23 Section IV for the list of eligible applicants. Faith-based organizations are encouraged to apply, as are all organizations. Those that meet the eligibility requirements may receive awards under this announcement. DOL will not, in the selection of recipients and administration of the grant, discriminate on the basis of an organization’s religious character, affiliation, exercise, or lack thereof, or on the basis of conduct that would not be considered grounds to favor or disfavor a similarly situated secular organization.  State, Territory, and Possession, county, city, local, special district, and Native American tribal governments and agencies, non-profit and for-profit entities, state and local workforce boards, institutions of higher education, public and tribal housing authorities are eligible to apply.

Note: Organizations registered with the Internal Revenue Service as 501(c)(4) entities are ineligible to apply for this funding opportunity.",Veterans Employment and Training Service,Department of Labor,"Questions regarding a SD grant application should be sent to the DVET in the state in which the event will take place. 

Contact information for the DVET is available at: https://www.dol.gov/vets/aboutvets/regionaloffices/map.htm.",,,,,,,,,,,https://simpler.grants.gov/opportunity/aa2857de-cd78-432b-9266-9b2919a6eb6c,"<p>The U.S. Department of Labor’s (DOL) Veterans’ Employment and Training Service (VETS) supports local Stand Down events that assist veterans experiencing homelessness by providing a wide range of employment, social, and health services.</p><p><br></p><p>Stand Down is a military term referring to an opportunity to achieve a brief respite from combat. Troops assemble in a base camp to receive new clothing, hot food, support services, and a relative degree of safety before returning to combat action. A DOL VETS-funded Stand Down event serves a similar purpose; however, it is intended for veterans experiencing or at-risk of homelessness. The critical services provided at these events are often the catalyst that enables those individuals to reenter the workforce.</p><p>&nbsp;</p><p>VETS awards these noncompetitive grants on a first-come, first-served basis to support one-day or multi-day events at up to $7,000 or $10,000, respectively. They are collaborative events coordinated between VA, DOL, other federal, state, and local government agencies and community-based organizations providing services and supplies to veterans experiencing and at risk of homelessness. In the event of a federal disaster declaration, VETS will accept applications up to $50,000 to conduct Stand Down events in the impacted areas.</p><p><br></p><p>VETS awards Stand Down grants subject to the availability of federal funding. All costs incurred by the award recipient prior to the period of performance start date identified in the Notice of Award issued by the Department are incurred at the recipient’s own expense.</p><p>&nbsp;</p><p><br></p>","The U.S. Department of Labor’s (DOL) Veterans’ Employment and Training Service (VETS) supports local Stand Down events that assist veterans experiencing homelessness by providing a wide range of employment, social, and health services.
 

 Stand Down is a military term referring to an opportunity to achieve a brief respite from combat. Troops assemble in a base camp to receive new clothing, hot food, support services, and a relative degree of safety before returning to combat action. A DOL VETS-funded Stand Down event serves a similar purpose; however, it is intended for veterans experiencing or at-risk of homelessness. The critical services provided at these events are often the catalyst that enables those individuals to reenter the workforce.
  
 VETS awards these noncompetitive grants on a first-come, first-served basis to support one-day or multi-day events at up to $7,000 or $10,000, respectively. They are collaborative events coordinated between VA, DOL, other federal, state, and local government agencies and community-based organizations providing services and supplies to veterans experiencing and at risk of homelessness. In the event of a federal disaster declaration, VETS will accept applications up to $50,000 to conduct Stand Down events in the impacted areas.
 

 VETS awards Stand Down grants subject to the availability of federal funding. All costs incurred by the award recipient prior to the period of performance start date identified in the Notice of Award issued by the Department are incurred at the recipient’s own expense.","Announcement of Stand Down Grants
The U.S. Department of Labor’s (DOL) Veterans’ Employment and Training Service (VETS) supports local Stand Down events that assist veterans experiencing homelessness by providing a wide range of employment, social, and health services.
 

 Stand Down is a military term referring to an opportunity to achieve a brief respite from combat. Troops assemble in a base camp to receive new clothing, hot food, support services, and a relative degree of safety before returning to combat action. A DOL VETS-funded Stand Down event serves a similar purpose; however, it is intended for veterans experiencing or at-risk of homelessness. The critical services provided at these events are often the catalyst that enables those individuals to reenter the workforce.
  
 VETS awards these noncompetitive grants on a first-come, first-served basis to support one-day or multi-day events at up to $7,000 or $10,000, respectively. They are collaborative events coordinated between VA, DOL, other federal, state, and local government agencies and community-based organizations providing services and supplies to veterans experiencing and at risk of homelessness. In the event of a federal disaster declaration, VETS will accept applications up to $50,000 to conduct Stand Down events in the impacted areas.
 

 VETS awards Stand Down grants subject to the availability of federal funding. All costs incurred by the award recipient prior to the period of performance start date identified in the Notice of Award issued by the Department are incurred at the recipient’s own expense.
See VPL 01-23 Section IV for the list of eligible applicants. Faith-based organizations are encouraged to apply, as are all organizations. Those that meet the eligibility requirements may receive awards under this announcement. DOL will not, in the selection of recipients and administration of the grant, discriminate on the basis of an organization’s religious character, affiliation, exercise, or lack thereof, or on the basis of conduct that would not be considered grounds to favor or disfavor a similarly situated secular organization.  State, Territory, and Possession, county, city, local, special district, and Native American tribal governments and agencies, non-profit and for-profit entities, state and local workforce boards, institutions of higher education, public and tribal housing authorities are eligible to apply.

Note: Organizations registered with the Internal Revenue Service as 501(c)(4) entities are ineligible to apply for this funding opportunity.",False,2026-09-30,0.0,False,False,True,True,True,False,0.0,False,,False,False,False,False,False,False,False,False,,award_ceiling,10000.0,True,False,False,False,False,False,0.0,False,,False,False,False,False,False,False,False,False,False,False,True,1,False,False,,False,False,False,False,1,False,False,False,,False,False,False,False,,2026-09-30,2026-08-18,Announcement of Stand Down Grants,open,ok,6.0,G1,G1.O1,"The funded Stand Down events provide health and social services to veterans experiencing homelessness, supporting G1.O1 by increasing health access for a population facing greater health and situational challenges.","The U.S. Department of Labor’s (DOL) Veterans’ Employment and Training Service (VETS) supports local Stand Down events that assist veterans experiencing homelessness by providing a wide range of employment, social, and health services.",atypical,"State, Territory, and Possession, county, city, local, special district, and Native American tribal governments and agencies, non-profit and for-profit entities, state and local workforce boards, institutions of higher education, public and tribal housing authorities are eligible to apply.",none,3.0,"NCDHHS divisions do not manage veterans' employment or homeless events, though some public health or behavioral health units could support health services at the events.","The usual award ceiling is only $7,000-$10,000 and the grants are noncompetitive, so the state's application and reporting burden could outweigh the small, one-time event value.",False,"State agencies are eligible, but this small, veteran-specific DOL event falls outside NCDHHS core health and human services divisions; likely not worth the administrative effort.","[""Award amounts are capped at $7,000 for one-day and $10,000 for multi-day events; $50,000 is available only under a federal disaster declaration."", ""All costs incurred by the award recipient prior to the period of performance start date identified in the Notice of Award issued by the Department are incurred at the recipient's own expense.""]",True,True,atypical,deepseek/deepseek-v4-pro,92b0344f579a,True,10.0,0.15,1.0,0.0,0.0,40.5,open
11,4802584e-01a8-4435-9ce9-710fbc85cba0,Fiscal Year 2026 Flood Mitigation Assistance Swift Current,open,False,False,,4802584e-01a8-4435-9ce9-710fbc85cba0,DHS-26-MT-144-000-99,posted,DHS-DHS,discretionary,,2026-07-14,2028-01-31,,2028-03-01,True,,600000000.0,,,,,97.144|Flood Mitigation Assistance (FMA) Swift Current,grant,disaster_prevention_and_relief;other,Mitigation: Natural Hazards,federally_recognized_native_american_tribal_governments;other;state_governments,US Territories; District of ColumbiaLocal governments must apply through their State or Territory,Department of Homeland Security - FEMA,Department of Homeland Security,"FEMA GO Help Desk
Phone: 1-877-585-3242
E-mail: femago@fema.dhs.gov",femago@fema.dhs.gov,femago@fema.dhs.gov,,,,,,,,,https://simpler.grants.gov/opportunity/4802584e-01a8-4435-9ce9-710fbc85cba0,"<p>FMA Swift Current aims to better align the delivery of FMA flood mitigation funding to the disaster survivor experience. The FMA grant program makes federal funds available to states, U.S. territories, federally recognized Indian/Native American Tribal Governments,&nbsp;and local governments to reduce or eliminate the risk of repetitive flood damage to buildings and structures insured under the National Flood Insurance Program (NFIP), and within NFIP-participating communities. FMA funds a variety of flood mitigation activities that are designed to reduce flood risk to NFIP policyholders in an effort to reduce the NFIP’s financial exposure.&nbsp;</p>","FMA Swift Current aims to better align the delivery of FMA flood mitigation funding to the disaster survivor experience. The FMA grant program makes federal funds available to states, U.S. territories, federally recognized Indian/Native American Tribal Governments, and local governments to reduce or eliminate the risk of repetitive flood damage to buildings and structures insured under the National Flood Insurance Program (NFIP), and within NFIP-participating communities. FMA funds a variety of flood mitigation activities that are designed to reduce flood risk to NFIP policyholders in an effort to reduce the NFIP’s financial exposure.","Fiscal Year 2026 Flood Mitigation Assistance Swift Current
FMA Swift Current aims to better align the delivery of FMA flood mitigation funding to the disaster survivor experience. The FMA grant program makes federal funds available to states, U.S. territories, federally recognized Indian/Native American Tribal Governments, and local governments to reduce or eliminate the risk of repetitive flood damage to buildings and structures insured under the National Flood Insurance Program (NFIP), and within NFIP-participating communities. FMA funds a variety of flood mitigation activities that are designed to reduce flood risk to NFIP policyholders in an effort to reduce the NFIP’s financial exposure.
US Territories; District of ColumbiaLocal governments must apply through their State or Territory",False,2028-01-31,488.0,False,False,False,False,False,True,10.0,False,,False,False,False,False,False,False,False,False,,program_total,600000000.0,True,False,True,False,False,False,7.0,False,,True,False,True,False,False,False,True,False,False,False,True,3,False,False,,False,False,False,False,1,False,False,False,,False,False,False,False,,2026-09-30,2026-08-18,Fiscal Year 2026 Flood Mitigation Assistance Swift Current,open,ok,0.0,none,none,"The grant funds flood mitigation for NFIP-insured properties, which is outside NCDHHS's health and human services strategic goals and objectives.",FMA funds a variety of flood mitigation activities that are designed to reduce flood risk to NFIP policyholders in an effort to reduce the NFIP’s financial exposure.,atypical,"makes federal funds available to states, U.S. territories, federally recognized Indian/Native American Tribal Governments, and local governments",none,0.0,"No NCDHHS division administers FEMA flood mitigation or NFIP-related hazard mitigation; this role sits with state emergency management and hazard mitigation, not health and human services.","NCDHHS is not the state's floodplain or hazard mitigation agency, so pursuing this FEMA grant would be outside its authority and require capabilities it does not have.",False,Flood mitigation for NFIP-insured properties is outside NCDHHS's health and human services mission; no division has authority to administer FEMA hazard mitigation; route to emergency management.,"[""Funding is limited to buildings and structures insured under the National Flood Insurance Program (NFIP) and within NFIP-participating communities."", ""Local governments must apply through their State or Territory, so a state applicant would need to administer subawards.""]",True,True,atypical,deepseek/deepseek-v4-pro,92b0344f579a,True,10.0,0.15,1.0,0.0,0.0,40.5,open
12,f3fa7334-ffb9-48be-bf0e-958b7e262d4a,Fiscal Year 2024 Flood Mitigation Assistance Swift Current,open,False,False,,f3fa7334-ffb9-48be-bf0e-958b7e262d4a,DHS-24-MT-144-000-99,posted,DHS-DHS,discretionary,,2024-05-30,2026-12-30,,2027-01-29,True,,500000000.0,,,,,97.144|Flood Mitigation Assistance (FMA) Swift Current,grant,other,Mitigation: Natural Hazards,other;other_native_american_tribal_organizations;city_or_township_governments;federally_recognized_native_american_tribal_governments;county_governments;state_governments,U.S. Territories; District of ColumbiaLocal governments must apply through their state or territory.,Department of Homeland Security - FEMA,Department of Homeland Security,"Grantor Contact: FEMA GO Help Desk
   Phone: 1-877-585-3242
   E-mail: femago@fema.dhs.gov",femago@fema.dhs.gov,femago@fema.dhs.gov,,,,,,,,,https://simpler.grants.gov/opportunity/f3fa7334-ffb9-48be-bf0e-958b7e262d4a,"<p>FY 2024 FMA Swift Current aims to better align the delivery of FMA flood mitigation funding to the disaster survivor experience. The FMA grant program makes federal funds available to states, U.S. territories, federally recognized Indian/Native American Tribal Governments,&nbsp;and local governments to reduce or eliminate the risk of repetitive flood damage to buildings and structures insured under the National Flood Insurance Program (NFIP), and within NFIP-participating communities. FMA funds a variety of flood mitigation activities that are designed to reduce flood risk to NFIP policyholders in an effort to reduce the NFIP’s financial exposure.&nbsp;</p><p><br></p><p>Applicants can submit applications for this funding opportunity through FEMA Grants Outcomes (GO). Access the system at https://go.fema.gov/.</p><p><br></p>","FY 2024 FMA Swift Current aims to better align the delivery of FMA flood mitigation funding to the disaster survivor experience. The FMA grant program makes federal funds available to states, U.S. territories, federally recognized Indian/Native American Tribal Governments, and local governments to reduce or eliminate the risk of repetitive flood damage to buildings and structures insured under the National Flood Insurance Program (NFIP), and within NFIP-participating communities. FMA funds a variety of flood mitigation activities that are designed to reduce flood risk to NFIP policyholders in an effort to reduce the NFIP’s financial exposure. 
 

 Applicants can submit applications for this funding opportunity through FEMA Grants Outcomes (GO). Access the system at https://go.fema.gov/.","Fiscal Year 2024 Flood Mitigation Assistance Swift Current
FY 2024 FMA Swift Current aims to better align the delivery of FMA flood mitigation funding to the disaster survivor experience. The FMA grant program makes federal funds available to states, U.S. territories, federally recognized Indian/Native American Tribal Governments, and local governments to reduce or eliminate the risk of repetitive flood damage to buildings and structures insured under the National Flood Insurance Program (NFIP), and within NFIP-participating communities. FMA funds a variety of flood mitigation activities that are designed to reduce flood risk to NFIP policyholders in an effort to reduce the NFIP’s financial exposure. 
 

 Applicants can submit applications for this funding opportunity through FEMA Grants Outcomes (GO). Access the system at https://go.fema.gov/.
U.S. Territories; District of ColumbiaLocal governments must apply through their state or territory.",False,2026-12-30,91.0,False,False,False,False,False,True,10.0,False,,False,False,False,False,False,False,False,False,,program_total,500000000.0,True,False,True,False,False,False,7.0,False,,True,False,True,True,False,False,True,False,False,False,True,6,False,False,,False,False,False,False,1,False,False,False,,False,False,False,False,,2026-09-30,2026-08-18,Fiscal Year 2024 Flood Mitigation Assistance Swift Current,open,ok,0.0,none,none,"The grant funds flood mitigation to protect NFIP-insured properties and reduce the NFIP's financial exposure, which does not advance any NCDHHS health or human services objective.",FMA funds a variety of flood mitigation activities that are designed to reduce flood risk to NFIP policyholders in an effort to reduce the NFIP’s financial exposure.,atypical,"makes federal funds available to states, U.S. territories, federally recognized Indian/Native American Tribal Governments, and local governments",none,0.0,"No NCDHHS division has authority over floodplain management or NFIP hazard mitigation; this work belongs to emergency management, not health and human services.","This is a FEMA flood-insurance and hazard-mitigation grant outside NCDHHS's mission and authority, so it would likely distract from core health and human services work with no natural division owner.",False,Not a fit: flood mitigation for NFIP-insured structures is outside NCDHHS's health and human services authority and no division would own it.,"[""Projects must target repetitive flood damage to buildings and structures insured under the National Flood Insurance Program and located within NFIP-participating communities.""]",True,True,atypical,deepseek/deepseek-v4-pro,92b0344f579a,True,10.0,0.15,1.0,0.0,0.0,40.5,open
13,224cb740-46ae-4eab-bdb5-d858638ee591,Fair Housing Initiatives Program - Education and Outreach Initiative,open,False,False,,224cb740-46ae-4eab-bdb5-d858638ee591,OFH-2600-DC-021A,posted,HUD,discretionary,,2026-07-02,2026-11-02,"Electronically submitted applications must be submitted no later than 11:59 p.m., ET, on the listed application due date.",,False,34.0,10750000.0,175000.0,2500000.0,https://www.hud.gov/stat/fheo/initiatives-program,https://www.hud.gov/stat/fheo/initiatives-program,14.416|Education and Outreach Initiatives,grant,education,,other,"Individuals are ineligible applicants. If you are applying with other organizations (co-applicants or members of a consortium), the lead organization needs to meet all eligibility requirements. If not, your application is not eligible for funding. Eligible Entities for National Media Campaign Component (EOI-NMC): Qualified Fair Housing Enforcement Organizations, Fair Housing Enforcement Organization, and Other nonprofit organizations representing groups of persons protected under the Fair Housing Act (which might include public interest litigation firms, religious liberty groups, trade associations, etc.) Experience Requirement: in order to be selected for an award under the National Media Campaign component, your organization must have at least 5 years of experience as an advertising, media or public relations organization with strong understanding of adult learning theory, instructional design, and design thinking; or must have a partnership with an advertising and media services organization with at least 5 years of experience as an advertising, media or public relations organization with strong understanding of adult learning theory, instructional design, and design thinking. You will indicate your experience requirement in the Applicant Certification (Appendix B). Eligible Entities for General Component (EOI-G): Qualified Fair Housing Enforcement Organizations, Fair Housing Enforcement Organizations, Other nonprofit organizations representing groups of persons protected under the Fair Housing Act, Agencies that participate in the Fair Housing Assistance Program (FHAP), Other agencies of State or local governments, and Other public or private entities that are formulating or carrying out programs to prevent or eliminate discriminatory housing practices (which might include public interest litigation firms, religious liberty groups, trade associations, etc.).  Individuals, foreign entities, and sole proprietorship organizations are not eligible to compete for, or receive, awards made under this announcement.",Department of Housing and Urban Development,Department of Housing and Urban Development,"Katherine Vasilopoulos
katherine.vasilopoulos@hud.gov",katherine.vasilopoulos@hud.gov,you may also contact AllAboutFHIP@hud.gov,,,,,,,,,https://simpler.grants.gov/opportunity/224cb740-46ae-4eab-bdb5-d858638ee591,"Congress in 1988 established the Fair Housing Initiatives Program (FHIP) with a purpose of providing funding to entities to work alongside HUD to ""prevent or eliminate discriminatory housing practices"" 42 USC § 3616a(a). FHIP provides funds to eligible organizations through competitive grants. under several initiatives.The overarching purpose of the FHIP Education and Outreach Initiative (EOI) is to educate the public, housing providers and other stakeholders about their rights and obligations under provisions of fair housing laws, through the development, implementation, carrying out and coordinating or education and outreach programs. 42 USC § 3616a(d)(1); 24 CFR 125.301(a).The National Media Campaign component (EOI-NMC) is ""designed to provide a centralized, coordinated effort for the development and dissemination of fair housing media products."" 42 USC § 3616a(d)(1). A portion of NMC funds are specifically meant to increase participation in the annual national fair housing month. Under a cooperative agreement, HUD will exercise the right to approve, and have substantial involvement in, all proposed deliverables, as well as the Work Plan or Statement of Work (SOW).The General Component (EOI-GC) is designed to carry out projects programs that prevent or eliminate discriminatory housing practices by establishing or supporting regional, local, and community- based education and outreach activities, events, and programs. For grants and cooperative agreements, HUD will conduct monitoring reviews, request quarterly reports, and approve all proposed deliverables as documented in the applicant's Work Plan or SOW. Most EOI funds are awarded under grant agreements. However, national funds are awarded under cooperative agreements managed by Headquarters since the awards have a nationwide impact and therefore require more complex and frequent oversight as well as Departmental approval of deliverables.","Congress in 1988 established the Fair Housing Initiatives Program (FHIP) with a purpose of providing funding to entities to work alongside HUD to ""prevent or eliminate discriminatory housing practices"" 42 USC § 3616a(a). FHIP provides funds to eligible organizations through competitive grants. under several initiatives.The overarching purpose of the FHIP Education and Outreach Initiative (EOI) is to educate the public, housing providers and other stakeholders about their rights and obligations under provisions of fair housing laws, through the development, implementation, carrying out and coordinating or education and outreach programs. 42 USC § 3616a(d)(1); 24 CFR 125.301(a).The National Media Campaign component (EOI-NMC) is ""designed to provide a centralized, coordinated effort for the development and dissemination of fair housing media products."" 42 USC § 3616a(d)(1). A portion of NMC funds are specifically meant to increase participation in the annual national fair housing month. Under a cooperative agreement, HUD will exercise the right to approve, and have substantial involvement in, all proposed deliverables, as well as the Work Plan or Statement of Work (SOW).The General Component (EOI-GC) is designed to carry out projects programs that prevent or eliminate discriminatory housing practices by establishing or supporting regional, local, and community- based education and outreach activities, events, and programs. For grants and cooperative agreements, HUD will conduct monitoring reviews, request quarterly reports, and approve all proposed deliverables as documented in the applicant's Work Plan or SOW. Most EOI funds are awarded under grant agreements. However, national funds are awarded under cooperative agreements managed by Headquarters since the awards have a nationwide impact and therefore require more complex and frequent oversight as well as Departmental approval of deliverables.","Fair Housing Initiatives Program - Education and Outreach Initiative
Congress in 1988 established the Fair Housing Initiatives Program (FHIP) with a purpose of providing funding to entities to work alongside HUD to ""prevent or eliminate discriminatory housing practices"" 42 USC § 3616a(a). FHIP provides funds to eligible organizations through competitive grants. under several initiatives.The overarching purpose of the FHIP Education and Outreach Initiative (EOI) is to educate the public, housing providers and other stakeholders about their rights and obligations under provisions of fair housing laws, through the development, implementation, carrying out and coordinating or education and outreach programs. 42 USC § 3616a(d)(1); 24 CFR 125.301(a).The National Media Campaign component (EOI-NMC) is ""designed to provide a centralized, coordinated effort for the development and dissemination of fair housing media products."" 42 USC § 3616a(d)(1). A portion of NMC funds are specifically meant to increase participation in the annual national fair housing month. Under a cooperative agreement, HUD will exercise the right to approve, and have substantial involvement in, all proposed deliverables, as well as the Work Plan or Statement of Work (SOW).The General Component (EOI-GC) is designed to carry out projects programs that prevent or eliminate discriminatory housing practices by establishing or supporting regional, local, and community- based education and outreach activities, events, and programs. For grants and cooperative agreements, HUD will conduct monitoring reviews, request quarterly reports, and approve all proposed deliverables as documented in the applicant's Work Plan or SOW. Most EOI funds are awarded under grant agreements. However, national funds are awarded under cooperative agreements managed by Headquarters since the awards have a nationwide impact and therefore require more complex and frequent oversight as well as Departmental approval of deliverables.
Individuals are ineligible applicants. If you are applying with other organizations (co-applicants or members of a consortium), the lead organization needs to meet all eligibility requirements. If not, your application is not eligible for funding. Eligible Entities for National Media Campaign Component (EOI-NMC): Qualified Fair Housing Enforcement Organizations, Fair Housing Enforcement Organization, and Other nonprofit organizations representing groups of persons protected under the Fair Housing Act (which might include public interest litigation firms, religious liberty groups, trade associations, etc.) Experience Requirement: in order to be selected for an award under the National Media Campaign component, your organization must have at least 5 years of experience as an advertising, media or public relations organization with strong understanding of adult learning theory, instructional design, and design thinking; or must have a partnership with an advertising and media services organization with at least 5 years of experience as an advertising, media or public relations organization with strong understanding of adult learning theory, instructional design, and design thinking. You will indicate your experience requirement in the Applicant Certification (Appendix B). Eligible Entities for General Component (EOI-G): Qualified Fair Housing Enforcement Organizations, Fair Housing Enforcement Organizations, Other nonprofit organizations representing groups of persons protected under the Fair Housing Act, Agencies that participate in the Fair Housing Assistance Program (FHAP), Other agencies of State or local governments, and Other public or private entities that are formulating or carrying out programs to prevent or eliminate discriminatory housing practices (which might include public interest litigation firms, religious liberty groups, trade associations, etc.).  Individuals, foreign entities, and sole proprietorship organizations are not eligible to compete for, or receive, awards made under this announcement.",False,2026-11-02,33.0,False,False,False,False,False,True,7.3,False,,False,False,False,False,False,False,False,False,316176.4705882353,award_ceiling,2500000.0,True,False,True,False,False,False,6.99,False,,False,False,False,False,False,False,False,False,False,False,True,1,False,False,,False,False,False,False,1,False,False,False,,False,False,False,False,,2026-09-30,2026-08-18,Fair Housing Initiatives Program - Education and Outreach Initiative,open,ok,1.0,none,none,"The grant funds fair housing education and outreach, which does not directly advance any named NCDHHS health or human services objective.","educate the public, housing providers and other stakeholders about their rights and obligations under provisions of fair housing laws",lead,Other agencies of State or local governments,none,0.0,"No NCDHHS division has authority or expertise over fair housing education, enforcement, or housing discrimination programs.","NCDHHS lacks fair housing authority and expertise, so the grant would require building new capacity for a program outside its mission while under substantial HUD oversight.",False,"HUD fair housing education/outreach is outside NCDHHS's health and human services authority and no division has fair housing expertise, despite state-agency eligibility; not a good fit.","[""Under a cooperative agreement, HUD will exercise the right to approve, and have substantial involvement in, all proposed deliverables, as well as the Work Plan or Statement of Work (SOW)."", ""For grants and cooperative agreements, HUD will conduct monitoring reviews, request quarterly reports, and approve all proposed deliverables as documented in the applicant's Work Plan or SOW."", ""your organization must have at least 5 years of experience as an advertising, media or public relations organization with strong understanding of adult learning theory, instructional design, and design thinking"", ""national funds are awarded under cooperative agreements managed by Headquarters since the awards have a nationwide impact and therefore require more complex and frequent oversight as well as Departmental approval of deliverables.""]",True,True,lead,deepseek/deepseek-v4-pro,92b0344f579a,True,10.0,0.15,1.0,0.0,0.0,39.44,open
14,0924a13a-4892-488c-a3cd-c0f9a67a163b,"Institute of Education Sciences (IES): National Center for Special Education Research (NCSER): Research Training Programs in Special Education, Assistance Listing Number (ALN) 84.324B",open,False,False,,0924a13a-4892-488c-a3cd-c0f9a67a163b,ED-GRANTS-080626-002,posted,ED,discretionary,,2026-08-06,2026-10-01,,2026-10-31,False,,,,,https://ies.ed.gov/funding/grants/2027/research-training-programs-special-education-84-324b,Research Training Programs in Special Education Request for Applications (RFA),84.324|Research in Special Education,grant,education,,other,"For the Early Career program, IES provides funds to the institution of the PI who submitted the application for their research and career development. Applicants to the Early Career program must be a research institution (academic or non-academic). Institutions located in the territorial United States that have the ability and capacity to conduct rigorous research are eligible to apply. Eligible applicants include, but are not limited to, non-profit and for-profit organizations and public and private agencies and institutions, such as colleges and universities.   For the Methods Training Program, applicants located in the territorial United States that have the ability and capacity to conduct training in scientific research methods are eligible to apply. An applying institution may hold more than one Methods Training award and submit multiple applications to the Methods Training Program if they are substantively different from one another and have no overlaps in key personnel.",Department of Education,Department of Education,Katherine Taylor,Katherine.Taylor@ed.gov,Program Mananger,,,,,,,,,https://simpler.grants.gov/opportunity/0924a13a-4892-488c-a3cd-c0f9a67a163b,"<p>NCSER training programs prepare individuals to conduct special education and early intervention research that advances knowledge within the field and addresses issues important to education policymakers and practitioners.</p>
<p><br></p>
<p>Under this competition, NCSER will consider only applications that address one of the following topics: (1) Early Career Development and Mentoring&nbsp;or (2) Methods Training for Special Education Research. The <strong>Early Career</strong> program provides support for an integrated research and career development plan for early career investigators at institutions of higher education or non-academic research organizations who have established an interest in special education research and are developing research careers focused on learners with or at risk for disabilities. The <strong>Methods Training</strong> program funds training to help current education researchers, including state and local education agency research staff, maintain and enhance their research and analysis skills in order to conduct rigorous and relevant research focused on learners with or at risk for disabilities. For FY 2027, NCSER is only accepting applications for Methods Training focused on analyzing large administrative datasets to address research questions related to learners with or at risk for disabilities.&nbsp;</p>
<p><br></p>
<p><span style=""color: rgb(51, 51, 51);"">Assistance Listing Number (ALN) 84.324B.</span></p>","NCSER training programs prepare individuals to conduct special education and early intervention research that advances knowledge within the field and addresses issues important to education policymakers and practitioners.

 


 Under this competition, NCSER will consider only applications that address one of the following topics: (1) Early Career Development and Mentoring or (2) Methods Training for Special Education Research. The  Early Career  program provides support for an integrated research and career development plan for early career investigators at institutions of higher education or non-academic research organizations who have established an interest in special education research and are developing research careers focused on learners with or at risk for disabilities. The  Methods Training  program funds training to help current education researchers, including state and local education agency research staff, maintain and enhance their research and analysis skills in order to conduct rigorous and relevant research focused on learners with or at risk for disabilities. For FY 2027, NCSER is only accepting applications for Methods Training focused on analyzing large administrative datasets to address research questions related to learners with or at risk for disabilities. 

 


  Assistance Listing Number (ALN) 84.324B.","Institute of Education Sciences (IES): National Center for Special Education Research (NCSER): Research Training Programs in Special Education, Assistance Listing Number (ALN) 84.324B
NCSER training programs prepare individuals to conduct special education and early intervention research that advances knowledge within the field and addresses issues important to education policymakers and practitioners.

 


 Under this competition, NCSER will consider only applications that address one of the following topics: (1) Early Career Development and Mentoring or (2) Methods Training for Special Education Research. The  Early Career  program provides support for an integrated research and career development plan for early career investigators at institutions of higher education or non-academic research organizations who have established an interest in special education research and are developing research careers focused on learners with or at risk for disabilities. The  Methods Training  program funds training to help current education researchers, including state and local education agency research staff, maintain and enhance their research and analysis skills in order to conduct rigorous and relevant research focused on learners with or at risk for disabilities. For FY 2027, NCSER is only accepting applications for Methods Training focused on analyzing large administrative datasets to address research questions related to learners with or at risk for disabilities. 

 


  Assistance Listing Number (ALN) 84.324B.
For the Early Career program, IES provides funds to the institution of the PI who submitted the application for their research and career development. Applicants to the Early Career program must be a research institution (academic or non-academic). Institutions located in the territorial United States that have the ability and capacity to conduct rigorous research are eligible to apply. Eligible applicants include, but are not limited to, non-profit and for-profit organizations and public and private agencies and institutions, such as colleges and universities.   For the Methods Training Program, applicants located in the territorial United States that have the ability and capacity to conduct training in scientific research methods are eligible to apply. An applying institution may hold more than one Methods Training award and submit multiple applications to the Methods Training Program if they are substantively different from one another and have no overlaps in key personnel.",False,2026-10-01,1.0,False,False,True,True,True,False,0.29,False,,False,False,False,False,False,False,False,False,,unknown,,False,True,False,False,False,True,5.0,False,,False,False,False,False,False,False,False,False,False,False,True,1,False,False,,False,False,False,False,1,False,False,False,,False,False,False,False,,2026-09-30,2026-08-18,"Institute of Education Sciences (IES): National Center for Special Education Research (NCSER): Research Training Programs in Special Education, Assistance Listing Number (ALN) 84.324B",open,ok,3.0,G5,G5.O1,"The FY 2027 Methods Training focus on analyzing large administrative datasets supports NCDHHS's objective to foster data-driven decision-making and staff data skills, though in a special education research context.","For FY 2027, NCSER is only accepting applications for Methods Training focused on analyzing large administrative datasets to address research questions related to learners with or at risk for disabilities.",atypical,"Eligible applicants include, but are not limited to, non-profit and for-profit organizations and public and private agencies and institutions, such as colleges and universities.",none,2.0,"No NCDHHS division has a mission or existing role in training special education researchers, so the program would be outside its usual authority and expertise.","The grant is from the Department of Education and targets special education research training, which is outside NCDHHS's health and human services mission and likely a weak fit for its divisions.",False,"It funds special education research methods training rather than NCDHHS health or human services programs, so it is a poor match despite some data-skills relevance.","[""For FY 2027, NCSER is only accepting applications for Methods Training focused on analyzing large administrative datasets to address research questions related to learners with or at risk for disabilities."", ""Applicants must be located in the territorial United States."", ""An applying institution may hold more than one Methods Training award and submit multiple applications to the Methods Training Program if they are substantively different from one another and have no overlaps in key personnel.""]",True,True,atypical,deepseek/deepseek-v4-pro,92b0344f579a,True,10.0,0.15,1.0,0.0,0.0,36.93,open
15,8e4a156c-436f-47fe-9f8b-b82ca0ca901e,Vet-LIRN Capacity-Building Project and Equipment Grants (U18),open,False,False,,8e4a156c-436f-47fe-9f8b-b82ca0ca901e,PAR-23-202,posted,HHS-FDA,discretionary,,2023-05-18,2028-09-04,,2028-09-05,False,25.0,,225000.0,2500000.0,https://grants.nih.gov/grants/guide/pa-files/PAR-23-202.html,FULL ANNOUNCEMENT,93.103|Food and Drug Administration Research,cooperative_agreement,agriculture;consumer_protection;food_and_nutrition,,private_institutions_of_higher_education;for_profit_organizations_other_than_small_businesses;city_or_township_governments;other_native_american_tribal_organizations;independent_school_districts;nonprofits_non_higher_education_with_501c3;county_governments;small_businesses;federally_recognized_native_american_tribal_governments;state_governments;nonprofits_non_higher_education_without_501c3;public_and_state_institutions_of_higher_education;public_and_indian_housing_authorities;special_district_governments,,Food and Drug Administration,Department of Health and Human Services,"Kimberly Pendleton
Grants Management Specialist
E-mail: kimberly.pendleton@fda.hhs.gov
Phone: 240-402-7610",kimberly.pendleton@fda.hhs.gov,WORK EMAIL,,,,,,,,,https://simpler.grants.gov/opportunity/8e4a156c-436f-47fe-9f8b-b82ca0ca901e,"<p>The goal of this NOFO is to fund veterinary diagnostic laboratories in the Vet-LIRN network for grants associated with projects and equipment. Specific objectives include:</p><p>1. Supporting the development, adaptation, or verification/validation of new methods associated with animal food issues or antimicrobial resistance.</p><p>2. Short-term surveillance or monitoring efforts aligned with the CVM mission.</p><p>3. Supporting equipment for testing or developing tests associated with animal food-related issues or antimicrobial resistance, including those for emerging technologies.</p><p>4. Developing projects related to antimicrobial stewardship, in alignment with CVM's key initiatives in this area.</p><p>5. Contributing as part of Vet-LIRN's AMR monitoring program, including sequencing isolates.</p><p>6. Supporting work associated with One Health, including emerging diseases such as COVID-19, when funding is available.</p>","The goal of this NOFO is to fund veterinary diagnostic laboratories in the Vet-LIRN network for grants associated with projects and equipment. Specific objectives include:
 1. Supporting the development, adaptation, or verification/validation of new methods associated with animal food issues or antimicrobial resistance.
 2. Short-term surveillance or monitoring efforts aligned with the CVM mission.
 3. Supporting equipment for testing or developing tests associated with animal food-related issues or antimicrobial resistance, including those for emerging technologies.
 4. Developing projects related to antimicrobial stewardship, in alignment with CVM's key initiatives in this area.
 5. Contributing as part of Vet-LIRN's AMR monitoring program, including sequencing isolates.
 6. Supporting work associated with One Health, including emerging diseases such as COVID-19, when funding is available.","Vet-LIRN Capacity-Building Project and Equipment Grants (U18)
The goal of this NOFO is to fund veterinary diagnostic laboratories in the Vet-LIRN network for grants associated with projects and equipment. Specific objectives include:
 1. Supporting the development, adaptation, or verification/validation of new methods associated with animal food issues or antimicrobial resistance.
 2. Short-term surveillance or monitoring efforts aligned with the CVM mission.
 3. Supporting equipment for testing or developing tests associated with animal food-related issues or antimicrobial resistance, including those for emerging technologies.
 4. Developing projects related to antimicrobial stewardship, in alignment with CVM's key initiatives in this area.
 5. Contributing as part of Vet-LIRN's AMR monitoring program, including sequencing isolates.
 6. Supporting work associated with One Health, including emerging diseases such as COVID-19, when funding is available.
",False,2028-09-04,705.0,False,False,False,False,False,True,10.0,False,,False,False,False,False,False,False,False,False,,award_ceiling,2500000.0,True,False,True,False,False,False,6.99,False,,False,False,True,True,True,True,True,True,False,False,False,14,False,True,,False,False,False,False,1,True,False,False,,True,False,False,True,,2026-09-30,2026-08-18,Vet-LIRN Capacity-Building Project and Equipment Grants (U18),open,ok,0.0,none,none,"The grant funds veterinary diagnostic laboratory capacity, animal food issues, and antimicrobial resistance, which does not advance any NCDHHS human-services strategic objective.",fund veterinary diagnostic laboratories in the Vet-LIRN network for grants associated with projects and equipment,unclear,state_governments,none,1.0,"No NCDHHS division operates a veterinary diagnostic laboratory or has an animal-food testing mission, so the program sits outside the Department's existing roles.","Even though state governments are listed as eligible, NCDHHS likely lacks a veterinary diagnostic laboratory in the Vet-LIRN network, so an application would be misaligned and unlikely to be competitive.",False,"Funds veterinary diagnostic lab equipment and animal-food/antimicrobial-resistance work; no NCDHHS division operates a veterinary diagnostic lab, so it does not fit agency objectives.","[""Limited to veterinary diagnostic laboratories in the Vet-LIRN network.""]",True,True,unclear,deepseek/deepseek-v4-pro,92b0344f579a,True,5.0,0.15,1.0,0.0,0.0,35.48,open
16,59462b36-6d05-4832-a628-427f72260f3d,State Veterans Home Construction Grant Program,open,False,False,,59462b36-6d05-4832-a628-427f72260f3d,VA-GRANTS-112508-002,posted,VA-CSHF,discretionary,,2010-11-01,,"APPLICATIONS ARE ACCEPTED ON A ROLLING BASIS. IF THE STATE WOULD LIKE THE APPLICATION TO BE INCLUDED ON THE FY 2027 PRIORITY LIST, IT MUST BE SUBMITTED TO VA BY APRIL 15, 2026.",2040-01-01,True,,275000000.0,260000.0,275000000.0,,Section B and C application materials submitted via email,64.005|Grants to States for Construction of State Home Facilities,grant,health,"ONLY AVAILABLE TO STATE AND TRIBAL GOVERNMENTS FOR STATE/TRIBAL OWNED AND OPERATED SKILLED NURSING, DOMICILLIARY, AND ADULT DAY HEALTH CARE FACILITIES.",state_governments;federally_recognized_native_american_tribal_governments,"ONLY STATE AND TRIBAL GOVERNMENTS MAY APPLY.  ""NO PRIVATE ORGANIZATION, RELIGIOUS, NON-PROFIT, OR INDIVIDUAL IS QUALIFIED TO APPLY.""",Construction of State Home Facilities,Department of Veterans Affairs,State Home Construction Grant Program,VHA12GECSVHConstructionInquiries@va.gov,VHA12GECSVHConstructionInquiries@va.gov,,,,,,,,,https://simpler.grants.gov/opportunity/59462b36-6d05-4832-a628-427f72260f3d,"<p><strong>Improving Oversight of Federal Grantmaking</strong>VA is required to ensure compliance with all applicable statutes, regulations, and Executive Orders when evaluating and awarding grants. In accordance with Executive Order 14332, Improving Oversight of Federal Grantmaking, aside from the evaluation criteria published in this announcement, VA has discretion to remove from consideration any applicant VA deems does not clearly advance the President's or VA's priorities.</p>
<ul>
 <li>VA will not fund activities that use racial preference for eligibility criteria or promote gender ideology.</li>
 <li>VA will not fund activities that promote or facilitate violations of immigration laws or are sources of waste, fraud, or abuse.</li>
 <li>VA will not tolerate activity or conduct by grant recipients that constitute acts of moral turpitude, are scandalous, or bring the recipient, the project funded by this grant, or VA into public disrepute, contempt, or ridicule.</li>
 <li>These grants support the President's priority to increase the excellence of and options for care, benefits, and services for veterans, as demonstrated in&nbsp;<a href=""https://www.whitehouse.gov/presidential-actions/2025/08/improving-oversight-of-federal-grantmaking/"" target=""_blank"" style=""color: rgb(11, 108, 178);"">Executive Order 14332</a>.</li>
</ul>
<p><br></p>
<p><strong>Program is subject to Public Law 117-58 Build America, Buy America Act. </strong>Recipients of an award of Federal financial assistance from a program for infrastructure are hereby notified that none of the funds provided under this award may be used for a project for infrastructure unless:(1) all iron and steel used in the project are produced in the United States--this means all manufacturing processes, from the initial melting stage through the application of coatings, occurred in the United States; (2) all manufactured products used in the project are produced in the United States—this means the manufactured product was manufactured in the United States; and the cost of the components of the manufactured product that are mined, produced, or manufactured in the United States is greater than 55 percent of the total cost of all components of the manufactured product, unless another standard for determining the minimum amount of domestic content of the manufactured product has been established under applicable law or regulation; and (3) all construction materials44 are manufactured in the United States—this means that all manufacturing processes for the construction material occurred in the United States. The Buy America preference only applies to articles, materials, and supplies that are consumed in, incorporated into, or affixed to an infrastructure project. As such, it does not apply to tools, equipment, and supplies, such as temporary scaffolding, brought to the construction site and removed at or before the completion of the infrastructure project. Nor does a Buy America preference apply to equipment and furnishings, such as movable chairs, desks, and portable computer equipment, that are used at or within the finished infrastructure project, but are not an integral part of the structure or permanently affixed to the infrastructure project.</p>
<p><br></p>
<p><br></p>
<p>Grants are available to State and Tribal Governments for construction or renovations of State/Tribal owned and operated Veterans Extended Care Facilities. The Department of Veterans Affairs participation may not exceed 65% of the total project costs. Review governing regulation before submitting an application (38 CFR Part 59). If the state is submitting a&nbsp;<u>new</u>&nbsp;grant application, it must submit a&nbsp;<u>complete</u>&nbsp;initial application (Section A of the project checklist) on Grants.gov by April 15th in order to be eligible for listing on the Priority List for the next fiscal year. Once the&nbsp;<u>complete</u>&nbsp;initial application is retrieved from Grants.gov by Program Staff, the grant applicant will receive 1) an automated notification from Grants.gov confirming receipt by the Program and 2) an email from Program Staff indicating the application's FAI number and corresponding project page in MAX.gov for submission of subsequent items. Note that Grants.gov is used only once to submit a&nbsp;<u>new</u>&nbsp;grant application. Applicants must submit&nbsp;<u>complete </u>initial applications on&nbsp;Grants.gov&nbsp;in order to be considered. Please contact Program Staff prior to submission if you need assistance understanding the requirements pertaining to an initial grant application, or if you need general assistance. Renovation or Life Safety initial grant applications require items&nbsp;A.1.-A.7. in Section A of the project checklist. Grant applicants,&nbsp;<u>do not</u>&nbsp;submit items A.8.-.A.13 for Renovation of Life Safety grants.&nbsp;Adult Day Health Care, New Home Construction or Bed Replacement initial grant applications require all items in Section A (A.1.-A.13)&nbsp;of the project checklist.</p>
<p><br></p>
<p><strong><u>Required for ALL applications</u></strong></p>
<ul>
 <li>&nbsp;A.1.A Project Scope&nbsp;</li>
 <li>A.1.B Form SF424</li>
 <li>A.1.C Form SF424D</li>
 <li>A.1.D Form SF424C</li>
 <li>A.1.E Budget Justification Worksheet&nbsp;(must align with SF424C budget form)</li>
 <li>A.2. Governor's designation of authorized state official and contact person</li>
 <li>A.3. Needs assessment&nbsp;(as outlined in VA Form 10-0388-1)</li>
 <li>A.4. State Clearinghouse Comments (E.O. 12372) single point of contact and compliance statement</li>
 <li>A.5. Schematics</li>
 <li>A.6.&nbsp;Signed Initial Application Certification VA&nbsp;Form 10-0388-1</li>
 <li>&nbsp;A.7. Safety citation/letter (Only Life Safety projects need to submit this).</li>
</ul>
<p><br></p>
<p><strong><u>Required for Adult Day Health Care, Bed Replacement or New Construction - Items A1-A6 and the below items</u></strong></p>
<ul>
 <li>A.8.&nbsp;Space program analysis&nbsp;(NHC use Form&nbsp;10-0388-3,&nbsp;ADHC use&nbsp;Form&nbsp;10-0388-4)&nbsp;</li>
 <li>A.9. Five-year capital plan for state's entire state home program</li>
 <li>A.10. Financial plan for state facility's first three years of operation</li>
 <li>A.11. Documentation that there is a&nbsp;reasonable&nbsp;basis to conclude that the facility when complete will be fully occupied</li>
 <li>A.12. Authorized state official's certification of the total number of state-operated nursing home and domiciliary beds and occupancy rate</li>
 <li>A.13. Authorized state official's certification that the number of state home beds does not exceed the requirement in 38 CFR 59.40 or justification for number of state home beds exceeding 38 CFR 59.40 based on travel distance</li>
</ul>
<p><br></p>","Improving Oversight of Federal Grantmaking VA is required to ensure compliance with all applicable statutes, regulations, and Executive Orders when evaluating and awarding grants. In accordance with Executive Order 14332, Improving Oversight of Federal Grantmaking, aside from the evaluation criteria published in this announcement, VA has discretion to remove from consideration any applicant VA deems does not clearly advance the President's or VA's priorities.

 
  VA will not fund activities that use racial preference for eligibility criteria or promote gender ideology.

  VA will not fund activities that promote or facilitate violations of immigration laws or are sources of waste, fraud, or abuse.

  VA will not tolerate activity or conduct by grant recipients that constitute acts of moral turpitude, are scandalous, or bring the recipient, the project funded by this grant, or VA into public disrepute, contempt, or ridicule.

  These grants support the President's priority to increase the excellence of and options for care, benefits, and services for veterans, as demonstrated in  Executive Order 14332 .

 
 


  Program is subject to Public Law 117-58 Build America, Buy America Act.  Recipients of an award of Federal financial assistance from a program for infrastructure are hereby notified that none of the funds provided under this award may be used for a project for infrastructure unless:(1) all iron and steel used in the project are produced in the United States--this means all manufacturing processes, from the initial melting stage through the application of coatings, occurred in the United States; (2) all manufactured products used in the project are produced in the United States—this means the manufactured product was manufactured in the United States; and the cost of the components of the manufactured product that are mined, produced, or manufactured in the United States is greater than 55 percent of the total cost of all components of the manufactured product, unless another standard for determining the minimum amount of domestic content of the manufactured product has been established under applicable law or regulation; and (3) all construction materials44 are manufactured in the United States—this means that all manufacturing processes for the construction material occurred in the United States. The Buy America preference only applies to articles, materials, and supplies that are consumed in, incorporated into, or affixed to an infrastructure project. As such, it does not apply to tools, equipment, and supplies, such as temporary scaffolding, brought to the construction site and removed at or before the completion of the infrastructure project. Nor does a Buy America preference apply to equipment and furnishings, such as movable chairs, desks, and portable computer equipment, that are used at or within the finished infrastructure project, but are not an integral part of the structure or permanently affixed to the infrastructure project.

 


 


 Grants are available to State and Tribal Governments for construction or renovations of State/Tribal owned and operated Veterans Extended Care Facilities. The Department of Veterans Affairs participation may not exceed 65% of the total project costs. Review governing regulation before submitting an application (38 CFR Part 59). If the state is submitting a  new  grant application, it must submit a  complete  initial application (Section A of the project checklist) on Grants.gov by April 15th in order to be eligible for listing on the Priority List for the next fiscal year. Once the  complete  initial application is retrieved from Grants.gov by Program Staff, the grant applicant will receive 1) an automated notification from Grants.gov confirming receipt by the Program and 2) an email from Program Staff indicating the application's FAI number and corresponding project page in MAX.gov for submission of subsequent items. Note that Grants.gov is used only once to submit a  new  grant application. Applicants must submit  complete  initial applications on Grants.gov in order to be considered. Please contact Program Staff prior to submission if you need assistance understanding the requirements pertaining to an initial grant application, or if you need general assistance. Renovation or Life Safety initial grant applications require items A.1.-A.7. in Section A of the project checklist. Grant applicants,  do not  submit items A.8.-.A.13 for Renovation of Life Safety grants. Adult Day Health Care, New Home Construction or Bed Replacement initial grant applications require all items in Section A (A.1.-A.13) of the project checklist.

 


   Required for ALL applications  

 
   A.1.A Project Scope 

  A.1.B Form SF424

  A.1.C Form SF424D

  A.1.D Form SF424C

  A.1.E Budget Justification Worksheet (must align with SF424C budget form)

  A.2. Governor's designation of authorized state official and contact person

  A.3. Needs assessment (as outlined in VA Form 10-0388-1)

  A.4. State Clearinghouse Comments (E.O. 12372) single point of contact and compliance statement

  A.5. Schematics

  A.6. Signed Initial Application Certification VA Form 10-0388-1

   A.7. Safety citation/letter (Only Life Safety projects need to submit this).

 
 


   Required for Adult Day Health Care, Bed Replacement or New Construction - Items A1-A6 and the below items  

 
  A.8. Space program analysis (NHC use Form 10-0388-3, ADHC use Form 10-0388-4) 

  A.9. Five-year capital plan for state's entire state home program

  A.10. Financial plan for state facility's first three years of operation

  A.11. Documentation that there is a reasonable basis to conclude that the facility when complete will be fully occupied

  A.12. Authorized state official's certification of the total number of state-operated nursing home and domiciliary beds and occupancy rate

  A.13. Authorized state official's certification that the number of state home beds does not exceed the requirement in 38 CFR 59.40 or justification for number of state home beds exceeding 38 CFR 59.40 based on travel distance","State Veterans Home Construction Grant Program
Improving Oversight of Federal Grantmaking VA is required to ensure compliance with all applicable statutes, regulations, and Executive Orders when evaluating and awarding grants. In accordance with Executive Order 14332, Improving Oversight of Federal Grantmaking, aside from the evaluation criteria published in this announcement, VA has discretion to remove from consideration any applicant VA deems does not clearly advance the President's or VA's priorities.

 
  VA will not fund activities that use racial preference for eligibility criteria or promote gender ideology.

  VA will not fund activities that promote or facilitate violations of immigration laws or are sources of waste, fraud, or abuse.

  VA will not tolerate activity or conduct by grant recipients that constitute acts of moral turpitude, are scandalous, or bring the recipient, the project funded by this grant, or VA into public disrepute, contempt, or ridicule.

  These grants support the President's priority to increase the excellence of and options for care, benefits, and services for veterans, as demonstrated in  Executive Order 14332 .

 
 


  Program is subject to Public Law 117-58 Build America, Buy America Act.  Recipients of an award of Federal financial assistance from a program for infrastructure are hereby notified that none of the funds provided under this award may be used for a project for infrastructure unless:(1) all iron and steel used in the project are produced in the United States--this means all manufacturing processes, from the initial melting stage through the application of coatings, occurred in the United States; (2) all manufactured products used in the project are produced in the United States—this means the manufactured product was manufactured in the United States; and the cost of the components of the manufactured product that are mined, produced, or manufactured in the United States is greater than 55 percent of the total cost of all components of the manufactured product, unless another standard for determining the minimum amount of domestic content of the manufactured product has been established under applicable law or regulation; and (3) all construction materials44 are manufactured in the United States—this means that all manufacturing processes for the construction material occurred in the United States. The Buy America preference only applies to articles, materials, and supplies that are consumed in, incorporated into, or affixed to an infrastructure project. As such, it does not apply to tools, equipment, and supplies, such as temporary scaffolding, brought to the construction site and removed at or before the completion of the infrastructure project. Nor does a Buy America preference apply to equipment and furnishings, such as movable chairs, desks, and portable computer equipment, that are used at or within the finished infrastructure project, but are not an integral part of the structure or permanently affixed to the infrastructure project.

 


 


 Grants are available to State and Tribal Governments for construction or renovations of State/Tribal owned and operated Veterans Extended Care Facilities. The Department of Veterans Affairs participation may not exceed 65% of the total project costs. Review governing regulation before submitting an application (38 CFR Part 59). If the state is submitting a  new  grant application, it must submit a  complete  initial application (Section A of the project checklist) on Grants.gov by April 15th in order to be eligible for listing on the Priority List for the next fiscal year. Once the  complete  initial application is retrieved from Grants.gov by Program Staff, the grant applicant will receive 1) an automated notification from Grants.gov confirming receipt by the Program and 2) an email from Program Staff indicating the application's FAI number and corresponding project page in MAX.gov for submission of subsequent items. Note that Grants.gov is used only once to submit a  new  grant application. Applicants must submit  complete  initial applications on Grants.gov in order to be considered. Please contact Program Staff prior to submission if you need assistance understanding the requirements pertaining to an initial grant application, or if you need general assistance. Renovation or Life Safety initial grant applications require items A.1.-A.7. in Section A of the project checklist. Grant applicants,  do not  submit items A.8.-.A.13 for Renovation of Life Safety grants. Adult Day Health Care, New Home Construction or Bed Replacement initial grant applications require all items in Section A (A.1.-A.13) of the project checklist.

 


   Required for ALL applications  

 
   A.1.A Project Scope 

  A.1.B Form SF424

  A.1.C Form SF424D

  A.1.D Form SF424C

  A.1.E Budget Justification Worksheet (must align with SF424C budget form)

  A.2. Governor's designation of authorized state official and contact person

  A.3. Needs assessment (as outlined in VA Form 10-0388-1)

  A.4. State Clearinghouse Comments (E.O. 12372) single point of contact and compliance statement

  A.5. Schematics

  A.6. Signed Initial Application Certification VA Form 10-0388-1

   A.7. Safety citation/letter (Only Life Safety projects need to submit this).

 
 


   Required for Adult Day Health Care, Bed Replacement or New Construction - Items A1-A6 and the below items  

 
  A.8. Space program analysis (NHC use Form 10-0388-3, ADHC use Form 10-0388-4) 

  A.9. Five-year capital plan for state's entire state home program

  A.10. Financial plan for state facility's first three years of operation

  A.11. Documentation that there is a reasonable basis to conclude that the facility when complete will be fully occupied

  A.12. Authorized state official's certification of the total number of state-operated nursing home and domiciliary beds and occupancy rate

  A.13. Authorized state official's certification that the number of state home beds does not exceed the requirement in 38 CFR 59.40 or justification for number of state home beds exceeding 38 CFR 59.40 based on travel distance
ONLY STATE AND TRIBAL GOVERNMENTS MAY APPLY.  ""NO PRIVATE ORGANIZATION, RELIGIOUS, NON-PROFIT, OR INDIVIDUAL IS QUALIFIED TO APPLY.""",False,,,True,False,False,False,False,False,,False,,False,False,False,False,True,False,False,False,,award_ceiling,275000000.0,True,False,True,False,False,False,10.0,False,,True,False,True,False,False,False,True,False,False,False,False,2,False,False,,False,False,False,True,1,False,False,False,,False,False,False,False,,2026-09-30,2026-08-18,State Veterans Home Construction Grant Program,open,ok,0.0,none,none,"The grant funds construction or renovation of state/tribal veterans extended care facilities, which does not advance any NCDHHS strategic objective.",Grants are available to State and Tribal Governments for construction or renovations of State/Tribal owned and operated Veterans Extended Care Facilities.,atypical,ONLY STATE AND TRIBAL GOVERNMENTS MAY APPLY.,none,0.0,"No NCDHHS division owns, operates, or funds state veterans homes; this function is typically outside the department's authority.","NCDHHS likely does not own or operate state veterans homes, so the department could be an atypical or unauthorized applicant for a capital project it would not run.",False,"Funds construction or renovation of state veterans homes, which NCDHHS does not operate; better fit for NC Department of Military and Veterans Affairs, with 35% state match required.","[""State cost share: VA participation may not exceed 65% of total project costs, leaving at least 35% to the state."", ""Build America, Buy America Act domestic sourcing requirements apply to iron, steel, manufactured products, and construction materials."", ""A complete initial application with detailed project checklist items is due via Grants.gov by April 15 for priority list consideration.""]",True,True,atypical,deepseek/deepseek-v4-pro,92b0344f579a,True,10.0,0.0,0.85,2.0,0.0,33.29,open_rolling
17,ba699726-91ac-405c-b9b6-d13c91085555,Development of Fiscal Year 2027 Commercial Vehicle Safety Plans to Support National Safety Goals,open,False,False,,ba699726-91ac-405c-b9b6-d13c91085555,FM-MCG-27-001,posted,DOT-FMCSA,mandatory,,2026-08-06,2026-09-30,No Explanation,2026-10-30,True,56.0,494962500.0,470000.0,55000000.0,https://www.grantsolutions.gov/gs/preaward/previewPublicAnnouncement.do?id=127486,Development of Fiscal Year 2027 Commercial Vehicle Safety Plans to Support National Safety Goals,20.218|Motor Carrier Safety Assistance,grant,transportation,,state_governments,,DOT-Federal Motor Carrier Safety Administration,Department of Transportation,"Grants.gov Contact Center
Phone Number: 1-800-518-4726

Hours of operation are 24 hours a day, 7 days a week. The contact center is closed on federal holidays.
support@grants.gov",support@grants.gov,Grants.gov Customer Support,,,,,,,,,https://simpler.grants.gov/opportunity/ba699726-91ac-405c-b9b6-d13c91085555,"The Motor Carrier Safety Assistance Program (MCSAP) is a Federal formula grant program that provides financial assistance to States, and U.S. Territories to reduce the number and severity of crashes, injuries, and fatalities and hazardous material incidents involving commercial motor vehicles.","The Motor Carrier Safety Assistance Program (MCSAP) is a Federal formula grant program that provides financial assistance to States, and U.S. Territories to reduce the number and severity of crashes, injuries, and fatalities and hazardous material incidents involving commercial motor vehicles.","Development of Fiscal Year 2027 Commercial Vehicle Safety Plans to Support National Safety Goals
The Motor Carrier Safety Assistance Program (MCSAP) is a Federal formula grant program that provides financial assistance to States, and U.S. Territories to reduce the number and severity of crashes, injuries, and fatalities and hazardous material incidents involving commercial motor vehicles.
",False,2026-09-30,0.0,False,False,True,True,True,False,0.0,False,,False,False,False,False,False,False,False,False,8838616.07142857,award_ceiling,55000000.0,True,False,True,False,False,False,10.0,False,,True,False,True,False,False,False,False,False,False,False,False,1,False,False,,False,False,False,False,1,False,False,False,,False,False,False,True,,2026-09-30,2026-08-18,Development of Fiscal Year 2027 Commercial Vehicle Safety Plans to Support National Safety Goals,open,ok,1.0,none,none,"The grant funds commercial motor vehicle safety planning to reduce crashes and injuries, but no NCDHHS strategic objective addresses highway or commercial vehicle safety.","reduce the number and severity of crashes, injuries, and fatalities and hazardous material incidents involving commercial motor vehicles",atypical,state_governments,none,0.0,"NCDHHS divisions do not regulate commercial motor vehicles or administer highway safety programs, so the Department lacks the authority and infrastructure to lead this grant.","The grant is outside NCDHHS's mission and would likely belong with the state's transportation or highway safety agency, so it offers little value to the Department.",False,"Funds commercial vehicle safety planning, a transportation and highway safety function outside NCDHHS's health and human services mission; no division fits.",[],True,True,atypical,deepseek/deepseek-v4-pro,92b0344f579a,True,10.0,0.15,1.0,0.0,0.0,33.0,open
18,01106fd9-4d85-4669-ae46-0b48b0c9e5f4,Cold Chain Grants for Emergency Food Assistance,open,False,False,,01106fd9-4d85-4669-ae46-0b48b0c9e5f4,USDA-AMS-TM-CCG-G-26-0001,posted,USDA-AMS,discretionary,,2026-08-17,2026-10-01,Applications must be submitted electronically no later than 11:59 pm Eastern Time.,2026-10-31,False,3.0,7500000.0,2000000.0,7500000.0,,,10.197|Cold Chain Grants for Emergency Food Assistance,grant,agriculture,,nonprofits_non_higher_education_with_501c3,,Agricultural Marketing Service,Department of Agriculture,"USDA, Agricultural Marketing Service
AMS.CCG@usda.gov",AMS.CCG@usda.gov,AMS.CCG@usda.gov,,,,,,,,,https://simpler.grants.gov/opportunity/01106fd9-4d85-4669-ae46-0b48b0c9e5f4,"AMS will award these funds competitively to at least one eligible organization that meets program requirements and whose expertise is consistent with the purpose of the grant program. The selected grant recipient(s) will provide management, oversight, consultation and expertise necessary to advance the purpose and activities of the program, primarily through a subaward program to support cold storage within the middle of the supply chain. These equipment investments will be made through subawards to food banks, faith-based organizations, and other public or private nonprofit organizations that provide nutrition assistance, such as prepared meals or food for use at home, to people with low-income or challenging financial circumstances.","AMS will award these funds competitively to at least one eligible organization that meets program requirements and whose expertise is consistent with the purpose of the grant program. The selected grant recipient(s) will provide management, oversight, consultation and expertise necessary to advance the purpose and activities of the program, primarily through a subaward program to support cold storage within the middle of the supply chain. These equipment investments will be made through subawards to food banks, faith-based organizations, and other public or private nonprofit organizations that provide nutrition assistance, such as prepared meals or food for use at home, to people with low-income or challenging financial circumstances.","Cold Chain Grants for Emergency Food Assistance
AMS will award these funds competitively to at least one eligible organization that meets program requirements and whose expertise is consistent with the purpose of the grant program. The selected grant recipient(s) will provide management, oversight, consultation and expertise necessary to advance the purpose and activities of the program, primarily through a subaward program to support cold storage within the middle of the supply chain. These equipment investments will be made through subawards to food banks, faith-based organizations, and other public or private nonprofit organizations that provide nutrition assistance, such as prepared meals or food for use at home, to people with low-income or challenging financial circumstances.
",False,2026-10-01,1.0,False,False,True,True,True,False,0.29,False,,False,False,False,False,False,False,False,False,2500000.0,award_ceiling,7500000.0,True,False,True,True,False,False,9.38,False,,False,False,False,False,False,True,False,False,False,False,False,1,False,False,,False,False,False,False,1,False,False,False,,False,False,False,True,,2026-09-30,2026-08-18,Cold Chain Grants for Emergency Food Assistance,open,ok,7.0,G2,G2.O3,"The grant funds cold storage infrastructure for organizations that provide emergency nutrition assistance to low-income people, which advances food security for children and families.","These equipment investments will be made through subawards to food banks, faith-based organizations, and other public or private nonprofit organizations that provide nutrition assistance, such as prepared meals or food for use at home, to people with low-income or challenging financial circumstances.",ineligible,nonprofits_non_higher_education_with_501c3,none,0.0,"The eligible applicant type is limited to 501(c)(3) nonprofit organizations, so no NCDHHS division can serve as the lead applicant or recipient under this grant.","NCDHHS is not an eligible applicant, so the agency would only benefit indirectly if a North Carolina nonprofit applied and chose to partner with the Department.",False,"Aligned with G2.O3 food security, but NCDHHS cannot apply because eligible applicants are limited to 501(c)(3) nonprofits.",[],True,True,ineligible,deepseek/deepseek-v4-pro,92b0344f579a,True,0.0,0.15,1.0,0.0,0.0,0.0,confirmed_ineligible
19,43049089-8c2c-4794-a747-3c2b2ca6ca79,ROSS Rapid Response Program,open,False,False,,43049089-8c2c-4794-a747-3c2b2ca6ca79,PIH-ROSS-26-001,posted,HUD,discretionary,,2026-01-26,2027-01-25,No Explanation,2027-02-24,True,20.0,,112500.0,250000.0,https://www.grantsolutions.gov/gs/preaward/previewPublicAnnouncement.do?id=117431,ROSS Rapid Response Program,14.870|Resident Opportunity and Supportive Services - Service Coordinators,grant,community_development;disaster_prevention_and_relief;environment;health,,nonprofits_non_higher_education_with_501c3;federally_recognized_native_american_tribal_governments;other;nonprofits_non_higher_education_without_501c3;public_and_indian_housing_authorities,"Eligible Applicants Include: 
a.	Public housing authority (PHA) or Indian housing authority
b.	Nonprofit, including a PHA affiliate or instrumentality, with or without a 501(c)(3) status from the Internal Revenue Service (IRS), other than an institution of higher education
c.	Resident associations (RA) with either locally incorporated nonprofit status, (usually designated by the State) or an IRS 501(c)(3) nonprofit status
d.	Multifamily owner
e.	Native American tribal government (Federally recognized)
f.	Indian tribe as defined in Section 4(13) of the Native American Housing Assistance and Self-Determination Act (NAHASDA) (25 U.S.C. 4103)  
g.	Tribally Designated Housing Entity (TDHE) as defined in section 4(22) of NAHASDA
h.	Faith-based organization",Department of Housing and Urban Development,Department of Housing and Urban Development,"For questions about GrantSolutions, you may contact help@grantsolutions.gov

For questions about your ROSS RRP Application, you may contact ROSS-PIH@hud.gov.",,ROSS Program Office Mailbox,,,,,,,,,https://simpler.grants.gov/opportunity/43049089-8c2c-4794-a747-3c2b2ca6ca79,"The ROSS Rapid Response Program (RRP) awards one-time assistance via a cost-reimbursable grant for service coordination and limited direct services for residents of HUD-assisted housing. The RRP utilizes a simplified application process to promote local leadership and flexibility in addressing urgent social needs caused by unanticipated emergencies. Examples of these emergencies can include but are not limited to:
•	Natural disasters (e.g., wildfires or hurricanes)
•	Public health crises (e.g., gun violence, community-level contamination or environmental hazards)
•	Economic disruptions (e.g., closure of a major employment center that employs residents at the target site)","The ROSS Rapid Response Program (RRP) awards one-time assistance via a cost-reimbursable grant for service coordination and limited direct services for residents of HUD-assisted housing. The RRP utilizes a simplified application process to promote local leadership and flexibility in addressing urgent social needs caused by unanticipated emergencies. Examples of these emergencies can include but are not limited to:
•	Natural disasters (e.g., wildfires or hurricanes)
•	Public health crises (e.g., gun violence, community-level contamination or environmental hazards)
•	Economic disruptions (e.g., closure of a major employment center that employs residents at the target site)","ROSS Rapid Response Program
The ROSS Rapid Response Program (RRP) awards one-time assistance via a cost-reimbursable grant for service coordination and limited direct services for residents of HUD-assisted housing. The RRP utilizes a simplified application process to promote local leadership and flexibility in addressing urgent social needs caused by unanticipated emergencies. Examples of these emergencies can include but are not limited to:
•	Natural disasters (e.g., wildfires or hurricanes)
•	Public health crises (e.g., gun violence, community-level contamination or environmental hazards)
•	Economic disruptions (e.g., closure of a major employment center that employs residents at the target site)
Eligible Applicants Include: 
a.	Public housing authority (PHA) or Indian housing authority
b.	Nonprofit, including a PHA affiliate or instrumentality, with or without a 501(c)(3) status from the Internal Revenue Service (IRS), other than an institution of higher education
c.	Resident associations (RA) with either locally incorporated nonprofit status, (usually designated by the State) or an IRS 501(c)(3) nonprofit status
d.	Multifamily owner
e.	Native American tribal government (Federally recognized)
f.	Indian tribe as defined in Section 4(13) of the Native American Housing Assistance and Self-Determination Act (NAHASDA) (25 U.S.C. 4103)  
g.	Tribally Designated Housing Entity (TDHE) as defined in section 4(22) of NAHASDA
h.	Faith-based organization",False,2027-01-25,117.0,False,False,False,False,False,True,10.0,False,,False,False,False,False,False,False,False,False,,award_ceiling,250000.0,True,False,False,False,False,False,1.99,False,,True,False,False,False,False,True,True,False,False,False,True,5,False,False,,False,False,False,False,1,False,False,False,,False,False,False,False,,2026-09-30,2026-08-18,ROSS Rapid Response Program,open,ok,3.0,G1,none,"The grant's service coordination could help low-income HUD-assisted residents connect to health and social supports, but it does not directly fund a named NCDHHS health objective.",service coordination and limited direct services for residents of HUD-assisted housing,ineligible,Public housing authority (PHA) or Indian housing authority,none,0.0,"No NCDHHS division is an eligible applicant or operates HUD-assisted housing service coordination, so the program is outside the Department's authority.","NCDHHS is not an eligible applicant, so the Department cannot directly pursue or control the funds even if the goals overlap.",False,"HUD ROSS Rapid Response funding goes to housing authorities, nonprofits, tribes, and multifamily owners; NCDHHS as a state agency is not an eligible applicant.","[""Cost-reimbursable grant requires documented reimbursable expenditures"", ""Funding is one-time assistance for urgent needs caused by unanticipated emergencies"", ""Targets only residents of HUD-assisted housing""]",True,True,ineligible,deepseek/deepseek-v4-pro,92b0344f579a,True,0.0,0.15,1.0,0.0,0.0,0.0,confirmed_ineligible
20,d056d8ef-89b0-4e67-ab19-1aa5384ee71b,Program to End Modern Slavery Annual Program Statement,open,False,False,,d056d8ef-89b0-4e67-ab19-1aa5384ee71b,DFOP0018770,posted,DOS-GTIP,discretionary,,2026-07-29,2099-01-01,undefined,,False,,25000000.0,500000.0,8000000.0,https://mygrants.servicenowservices.com/mygrants?id=mygrants_form&table=x_g_usd4_d_grant_funding_opportunity&sys_id=cb92443d872d4f5020b862060cbb3527&view=Default,Link to Opportunity in MyGrants,19.019|International Programs to Combat Human Trafficking,grant,other,Anti-Trafficking,other,"The following organizations are eligible to apply:

· Not-for-profit organizations, including think tanks and civil society/non-governmental organizations
· Public and private educational institutions
· For-profit organizations
· Public International Organizations
· U.S. government agencies

Applications submitted by for-profit entities may be subject to additional review following the panel selection process. Additionally, the Department of State prohibits profit to for-profit or commercial organizations under its assistance awards. Profit is defined as any amount in excess of allowable direct and indirect costs. The allowability of costs incurred by commercial organizations is determined in accordance with the provisions of the Federal Acquisition Regulation (FAR) at 48 CFR 30, Cost Accounting Standards Administration, and 48 CFR 31 Contract Cost Principles and Procedures.

While foreign governments are not eligible to apply, governments may be beneficiaries of programs pro",Office to Monitor-Combat Trafficking in Persons,Department of State,TIPGrants@state.gov,,,,,,,,,,,https://simpler.grants.gov/opportunity/d056d8ef-89b0-4e67-ab19-1aa5384ee71b,"The TIP Office invites applications for the Program to End Modern Slavery (PEMS). PEMS programming establishes a strategic funding framework to develop, test, evaluate, and scale evidence-based anti-trafficking interventions that directly advance U.S. national security, economic competitiveness, and efforts to combat transnational crime.","The TIP Office invites applications for the Program to End Modern Slavery (PEMS). PEMS programming establishes a strategic funding framework to develop, test, evaluate, and scale evidence-based anti-trafficking interventions that directly advance U.S. national security, economic competitiveness, and efforts to combat transnational crime.","Program to End Modern Slavery Annual Program Statement
The TIP Office invites applications for the Program to End Modern Slavery (PEMS). PEMS programming establishes a strategic funding framework to develop, test, evaluate, and scale evidence-based anti-trafficking interventions that directly advance U.S. national security, economic competitiveness, and efforts to combat transnational crime.
The following organizations are eligible to apply:

· Not-for-profit organizations, including think tanks and civil society/non-governmental organizations
· Public and private educational institutions
· For-profit organizations
· Public International Organizations
· U.S. government agencies

Applications submitted by for-profit entities may be subject to additional review following the panel selection process. Additionally, the Department of State prohibits profit to for-profit or commercial organizations under its assistance awards. Profit is defined as any amount in excess of allowable direct and indirect costs. The allowability of costs incurred by commercial organizations is determined in accordance with the provisions of the Federal Acquisition Regulation (FAR) at 48 CFR 30, Cost Accounting Standards Administration, and 48 CFR 31 Contract Cost Principles and Procedures.

While foreign governments are not eligible to apply, governments may be beneficiaries of programs pro",True,,,True,False,False,False,False,False,,False,,False,False,False,False,False,False,True,False,,award_ceiling,8000000.0,True,False,True,False,False,False,9.52,False,,False,False,False,False,False,False,False,False,False,False,True,1,False,False,,False,False,False,False,1,False,False,False,,False,False,False,False,,2026-09-30,2026-08-18,Program to End Modern Slavery Annual Program Statement,open,ok,1.0,none,none,"The grant funds international anti-trafficking programming, which is not among NCDHHS's strategic goals or objectives and does not directly advance a named health, child welfare, behavioral health, workforce, or operational strategy.","PEMS programming establishes a strategic funding framework to develop, test, evaluate, and scale evidence-based anti-trafficking interventions that directly advance U.S. national security, economic competitiveness, and efforts to combat transnational crime.",ineligible,U.S. government agencies,none,1.0,"NCDHHS divisions do not run international anti-trafficking programming, and this grant is outside the Department's domestic health and human services authority and operations.","The grant is aimed at international programming and U.S. federal agency applicants rather than state health and human services operations, so NCDHHS likely lacks eligibility and implementation authority.",False,International anti-trafficking grant falls outside NCDHHS domestic health and human services objectives and likely excludes state agencies; no clear owning division.,[],True,True,ineligible,deepseek/deepseek-v4-pro,92b0344f579a,True,0.0,0.15,1.0,0.0,0.0,0.0,confirmed_ineligible
21,1998807c-2c4c-45ce-924c-748dbcdeb2ad,TIP Office International Programs to Combat Human Trafficking Annual Program Statement,open,False,False,,1998807c-2c4c-45ce-924c-748dbcdeb2ad,DFOP0018774,posted,DOS-GTIP,discretionary,,2026-07-29,2099-01-01,undefined,,False,,38500000.0,1000000.0,10000000.0,https://mygrants.servicenowservices.com/mygrants?id=mygrants_form&table=x_g_usd4_d_grant_funding_opportunity&sys_id=8df840b187ad4f5020b862060cbb3500&view=Default,Link to Opportunity in MyGrants,19.019|International Programs to Combat Human Trafficking,grant,other,Anti-trafficking,other,"The following organizations are eligible to apply:

· Not-for-profit organizations, including think tanks and civil society/non-governmental organizations
· Public and private educational institutions
· For-profit organizations
· Public International Organizations
· U.S. government agencies

Applications submitted by for-profit entities may be subject to additional review following the panel selection process. Additionally, the Department of State prohibits profit to for-profit or commercial organizations under its assistance awards. Profit is defined as any amount in excess of allowable direct and indirect costs. The allowability of costs incurred by commercial organizations is determined in accordance with the provisions of the Federal Acquisition Regulation (FAR) at 48 CFR 30, Cost Accounting Standards Administration, and 48 CFR 31 Contract Cost Principles and Procedures.

While foreign governments are not eligible to apply, governments may be beneficiaries of programs pro",Office to Monitor-Combat Trafficking in Persons,Department of State,TIPGrants@state.gov,,,,,,,,,,,https://simpler.grants.gov/opportunity/1998807c-2c4c-45ce-924c-748dbcdeb2ad,"The TIP Office invites applications for projects that aim to combat human trafficking following the legislative framework laid out in the Trafficking Victims Protection Act, and subsequent reauthorizations, to prosecute traffickers, protect victims, and prevent trafficking. Projects should address human trafficking challenges, respond to the priorities articulated in the National Security Strategy, executive orders, the FY 2026-2030 State Department Agency Strategy, and country-specific recommendations in the annual Trafficking in Persons Report, and advance America First Foreign Policy priorities.","The TIP Office invites applications for projects that aim to combat human trafficking following the legislative framework laid out in the Trafficking Victims Protection Act, and subsequent reauthorizations, to prosecute traffickers, protect victims, and prevent trafficking. Projects should address human trafficking challenges, respond to the priorities articulated in the National Security Strategy, executive orders, the FY 2026-2030 State Department Agency Strategy, and country-specific recommendations in the annual Trafficking in Persons Report, and advance America First Foreign Policy priorities.","TIP Office International Programs to Combat Human Trafficking Annual Program Statement
The TIP Office invites applications for projects that aim to combat human trafficking following the legislative framework laid out in the Trafficking Victims Protection Act, and subsequent reauthorizations, to prosecute traffickers, protect victims, and prevent trafficking. Projects should address human trafficking challenges, respond to the priorities articulated in the National Security Strategy, executive orders, the FY 2026-2030 State Department Agency Strategy, and country-specific recommendations in the annual Trafficking in Persons Report, and advance America First Foreign Policy priorities.
The following organizations are eligible to apply:

· Not-for-profit organizations, including think tanks and civil society/non-governmental organizations
· Public and private educational institutions
· For-profit organizations
· Public International Organizations
· U.S. government agencies

Applications submitted by for-profit entities may be subject to additional review following the panel selection process. Additionally, the Department of State prohibits profit to for-profit or commercial organizations under its assistance awards. Profit is defined as any amount in excess of allowable direct and indirect costs. The allowability of costs incurred by commercial organizations is determined in accordance with the provisions of the Federal Acquisition Regulation (FAR) at 48 CFR 30, Cost Accounting Standards Administration, and 48 CFR 31 Contract Cost Principles and Procedures.

While foreign governments are not eligible to apply, governments may be beneficiaries of programs pro",True,,,True,False,False,False,False,False,,False,,False,False,False,False,False,False,True,False,,award_ceiling,10000000.0,True,False,True,False,False,False,10.0,False,,False,False,False,False,False,False,False,False,False,False,True,1,False,False,,False,False,False,False,1,False,False,False,,False,False,False,False,,2026-09-30,2026-08-18,TIP Office International Programs to Combat Human Trafficking Annual Program Statement,open,ok,1.0,none,none,"No NCDHHS strategic objective directly addresses international human trafficking prosecution, protection, or prevention; at most it intersects indirectly with victim services.","The TIP Office invites applications for projects that aim to combat human trafficking following the legislative framework laid out in the Trafficking Victims Protection Act, and subsequent reauthorizations, to prosecute traffickers, protect victims, and prevent trafficking.",ineligible,U.S. government agencies,none,0.0,No NCDHHS division has authority or infrastructure to implement U.S. Department of State international anti-trafficking programs; the Department's divisions operate domestic health and human services programs.,"As a state agency, NCDHHS is not among the eligible applicant types for this U.S. Department of State international assistance program, so the opportunity is likely not available to the Department.",False,State agency is ineligible and the international anti-trafficking focus falls outside NCDHHS domestic health and human services mission; no division would own it.,[],True,True,ineligible,deepseek/deepseek-v4-pro,92b0344f579a,True,0.0,0.15,1.0,0.0,0.0,0.0,confirmed_ineligible
22,369deb5e-871b-449b-b7bf-f9fb8440c325,Rural Decentralized Water System Grant Program,open,False,False,,369deb5e-871b-449b-b7bf-f9fb8440c325,RDRUS-26-DWS2,posted,USDA-RUS,discretionary,,2026-07-28,2026-09-30,,2026-10-31,True,10.0,11000000.0,0.0,,https://www.rd.usda.gov/programs-services/rural-decentralized-water-systems-grant,Program Website,10.862|Rural Decentralized Water Systems Grant Program,grant,community_development,,other,Information on eligibility is available at this website: https://www.rd.usda.gov/programs-services/water-environmental-programs/rural-decentralized-water-systems-grant-program,Rural Utilities Service,Department of Agriculture,DWS Grant Manager,Water-RD@usda.gov,Email address,,,,,,,,,https://simpler.grants.gov/opportunity/369deb5e-871b-449b-b7bf-f9fb8440c325,"<p>The DWS Grant Program has been established to help individuals with low to moderate incomes finance certain costs of household water wells and individually owned decentralized wastewater systems that they own or will own. Grants are made to eligible nonprofit organizations to establish and maintain a revolving fund to provide loans and sub-grants to eligible individuals for individually owned water well systems and/or individually owned wastewater systems. Loan and/or sub-grant funds may be used by the individual to construct, refurbish, rehabilitate, or replace decentralized water well or wastewater systems. For water well systems, funds may be used up to the point of entry to a home, which is the junction where water enters into a home water delivery system after being pumped from a well. For wastewater systems, in lieu of the point of entry, the point of exit is substituted. The point of exit is the junction where wastewater exits out of the home wastewater collection system into the septic tank and drain field. DWS grant funds may be used by the nonprofit recipient to pay administrative expenses associated with providing DWS loans and/or sub-grants.</p><p><br></p>","The DWS Grant Program has been established to help individuals with low to moderate incomes finance certain costs of household water wells and individually owned decentralized wastewater systems that they own or will own. Grants are made to eligible nonprofit organizations to establish and maintain a revolving fund to provide loans and sub-grants to eligible individuals for individually owned water well systems and/or individually owned wastewater systems. Loan and/or sub-grant funds may be used by the individual to construct, refurbish, rehabilitate, or replace decentralized water well or wastewater systems. For water well systems, funds may be used up to the point of entry to a home, which is the junction where water enters into a home water delivery system after being pumped from a well. For wastewater systems, in lieu of the point of entry, the point of exit is substituted. The point of exit is the junction where wastewater exits out of the home wastewater collection system into the septic tank and drain field. DWS grant funds may be used by the nonprofit recipient to pay administrative expenses associated with providing DWS loans and/or sub-grants.","Rural Decentralized Water System Grant Program
The DWS Grant Program has been established to help individuals with low to moderate incomes finance certain costs of household water wells and individually owned decentralized wastewater systems that they own or will own. Grants are made to eligible nonprofit organizations to establish and maintain a revolving fund to provide loans and sub-grants to eligible individuals for individually owned water well systems and/or individually owned wastewater systems. Loan and/or sub-grant funds may be used by the individual to construct, refurbish, rehabilitate, or replace decentralized water well or wastewater systems. For water well systems, funds may be used up to the point of entry to a home, which is the junction where water enters into a home water delivery system after being pumped from a well. For wastewater systems, in lieu of the point of entry, the point of exit is substituted. The point of exit is the junction where wastewater exits out of the home wastewater collection system into the septic tank and drain field. DWS grant funds may be used by the nonprofit recipient to pay administrative expenses associated with providing DWS loans and/or sub-grants.
Information on eligibility is available at this website: https://www.rd.usda.gov/programs-services/water-environmental-programs/rural-decentralized-water-systems-grant-program",False,2026-09-30,0.0,False,False,True,True,True,False,0.0,False,,False,False,False,False,False,False,True,False,1100000.0,average_award,1100000.0,True,False,True,False,False,False,5.21,False,,True,False,False,False,False,False,False,False,False,False,True,1,False,False,,False,False,False,False,1,False,False,False,,False,False,False,False,,2026-09-30,2026-08-18,Rural Decentralized Water System Grant Program,open,ok,1.0,none,none,"The grant funds household water wells and decentralized wastewater systems for low- to moderate-income individuals, which relates to environmental public health but does not directly advance a named NCDHHS objective.",help individuals with low to moderate incomes finance certain costs of household water wells and individually owned decentralized wastewater systems,ineligible,Grants are made to eligible nonprofit organizations,none,0.0,"NCDHHS is a state agency, not an eligible nonprofit, and no division would own an application for this nonprofit revolving fund program.","The state agency is not eligible to receive the grant because it is limited to nonprofit organizations, so the opportunity may have no direct value.",False,NCDHHS cannot apply because the program is limited to nonprofit revolving fund lenders; the activity does not map to a named strategic objective.,"[""Grantee must be an eligible nonprofit organization and must establish and maintain a revolving fund."", ""Funds may only be used for individually owned water well and/or wastewater systems, up to the point of entry or point of exit."", ""Beneficiaries must be low- to moderate-income individuals.""]",True,True,ineligible,deepseek/deepseek-v4-pro,92b0344f579a,True,0.0,0.15,1.0,0.0,0.0,0.0,confirmed_ineligible
23,ac8b189e-988c-4dc5-a0cb-1dd7633bd640,"Animal Food Regulatory Program Standards Implementation Development and Maintenance, with Mutual Reliance Initiatives Clinical Trials Not Allowed",open,False,False,,ac8b189e-988c-4dc5-a0cb-1dd7633bd640,PAR-25-003,posted,HHS-FDA,discretionary,,2025-06-25,2027-04-01,,2027-05-01,False,7.0,,0.0,300000.0,https://grants.nih.gov/grants/guide/pa-files/PAR-25-003.html,PAR-25-003 Notice of Funding Opportunity,93.103|Food and Drug Administration Research,cooperative_agreement,agriculture;consumer_protection;food_and_nutrition,,state_governments,"The eligibility for this opportunity is limited to State animal food safety programs meeting the following criteria:Applicants must maintain an FDA inspectional contract in good standing by completing all agreed upon inspectional work, audits, and associated compliance and regulatory activities. The contract must include performing comprehensive animal food inspections under 21 CFR Part 507 that is representative of the state's firm inventory and supports the FDA and state regulatory program in meeting a risk-based inspection frequency. The contract should result in a minimum of 10% of the firm inventory regulated by the FDA being inspected for all applicable regulations.Applicant organizations must have a valid 20.88 agreement with FDA prior to the time of application.Applicants will be categorized under one of two funding tracks: AFRPS Development or AFRPS Maintenance (see eligibility criteria above. Within the AFRPS Maintenance funding track only, an applicant may apply to the Mutual Reliance funding option, provided they meet the funding option eligibility criteria (below).Applicants are encouraged to apply for cooperative agreement assistance that reflects their jurisdiction's needs in terms of amounts of funding and number of project years.To ascertain an applicant's tier funding level, please consult Section II. Award Information.Funding Track 1: AFRPS Development PhaseApplicants must have received less than five (5) years of funding under a past AFRPS cooperative agreement, or have never received an AFRPS cooperative agreement. Applicants may request up to $300,000 per year for this funding track. State programs will move to AFRPS Maintenance funding levels in the sixth year of funding under AFRPS cooperative agreements. Applicants with less than five (5) years of funding under a past AFRPS cooperative agreement may elect to count years of AFRPS enrollment under the FDA Animal Food Safety Inspection Contract toward the five (5) years AFRPS funding eligibility requirement when determining the entry date for Funding Track 2 (AFRPS Maintenance Phase), and may elect to move to Funding Track 2 (AFRPS Maintenance Phase) for the award year after full implementation of the AFRPS has been achieved (as determined by an assessment by FDA Audit Staff).Funding Track 2: AFRPS Maintenance PhaseApplicants must have received five (5) years of funding under a past AFRPS cooperative agreement. Applicants with less than five (5) years funding under a past AFRPS cooperative agreement may elect to count years of AFRPS enrollment toward the five (5 years AFRPS funding eligibility requirement when determining the entry date for Funding Track 2 (AFRPS Maintenance Phase), and may elect to move to Funding Track 2 (AFRPS Maintenance Phase for the award year after full implementation of the AFRPS has been achieved (as determined by an assessment by FDA Audit Staff). If the state program is not currently deemed to be in full implementation and their corrective actions are still pending (in response to the most recent assessment by FDA Audit Staff), then the program must address the corrective actions in their strategic improvement plan submitted as part of the application.Applicants have been classified into three (3) levels of funding levels based on a variety of factors unique to that jurisdiction (See data sources below). This approach establishes funding levels proportional to the applicant's jurisdictional work volume and costs for this program area. To determine which funding level is applicable to your program, please consult the table below. Applicants are encouraged to apply for cooperative agreement assistance that reflects their jurisdiction's needs both in terms of amounts of funding and number of project years.Funding Track 3 (Optional): Mutual RelianceApplicants must be recognized as being in full implementation by the FDA audit staff prior to the time of application.",Food and Drug Administration,Department of Health and Human Services,"Danielle Head
Grants Management Specialist Office of Acquisitions and Grants Services",danielle.head@fda.hhs.gov,Work,,,,,,,,,https://simpler.grants.gov/opportunity/ac8b189e-988c-4dc5-a0cb-1dd7633bd640,"<p>The purpose of this Notice of Funding Opportunity (NOFO) is to advance efforts for a nationally integrated animal food safety system providing state animal food regulatory programs the ability to achieve full implementation of the Animal Food Regulatory Program Standards (AFRPS) within 5 years and to maintain full implementation. This NOFO will also fund optional projects for state animal food regulatory programs to:</p><p><br></p><p>Advance food safety and protect public health by strengthening partnerships with the FDA and other state animal food regulatory partners through sharing, collaboration, coordination, and leveraging each other’s expertise, work, data, and enforcement actions.</p><p><br></p><p>Develop and standardize processes, procedures, systems, and other methods to integrate federal and state animal food regulatory work resulting in mutual reliance.</p><p>Specific outcomes may include, but are not limited to:</p><p><br></p><p>State animal food regulatory programs will achieve and maintain implementation of the AFRPS, which is recognized as a critical element to creating a national, fully integrated food safety system.</p><p><br></p><p>Operational use of standardized animal food regulatory systems developed by state programs to compel federal reliance on state regulatory work and resources and reciprocal state reliance on federal work and resources, resulting in mutual reliance.</p><p>This project will strengthen and improve FDA efforts to build an integrated food safety system by building high quality state animal food regulatory programs that can promote regulatory compliance and prevent foodborne illnesses.</p>","The purpose of this Notice of Funding Opportunity (NOFO) is to advance efforts for a nationally integrated animal food safety system providing state animal food regulatory programs the ability to achieve full implementation of the Animal Food Regulatory Program Standards (AFRPS) within 5 years and to maintain full implementation. This NOFO will also fund optional projects for state animal food regulatory programs to:
 

 Advance food safety and protect public health by strengthening partnerships with the FDA and other state animal food regulatory partners through sharing, collaboration, coordination, and leveraging each other’s expertise, work, data, and enforcement actions.
 

 Develop and standardize processes, procedures, systems, and other methods to integrate federal and state animal food regulatory work resulting in mutual reliance.
 Specific outcomes may include, but are not limited to:
 

 State animal food regulatory programs will achieve and maintain implementation of the AFRPS, which is recognized as a critical element to creating a national, fully integrated food safety system.
 

 Operational use of standardized animal food regulatory systems developed by state programs to compel federal reliance on state regulatory work and resources and reciprocal state reliance on federal work and resources, resulting in mutual reliance.
 This project will strengthen and improve FDA efforts to build an integrated food safety system by building high quality state animal food regulatory programs that can promote regulatory compliance and prevent foodborne illnesses.","Animal Food Regulatory Program Standards Implementation Development and Maintenance, with Mutual Reliance Initiatives Clinical Trials Not Allowed
The purpose of this Notice of Funding Opportunity (NOFO) is to advance efforts for a nationally integrated animal food safety system providing state animal food regulatory programs the ability to achieve full implementation of the Animal Food Regulatory Program Standards (AFRPS) within 5 years and to maintain full implementation. This NOFO will also fund optional projects for state animal food regulatory programs to:
 

 Advance food safety and protect public health by strengthening partnerships with the FDA and other state animal food regulatory partners through sharing, collaboration, coordination, and leveraging each other’s expertise, work, data, and enforcement actions.
 

 Develop and standardize processes, procedures, systems, and other methods to integrate federal and state animal food regulatory work resulting in mutual reliance.
 Specific outcomes may include, but are not limited to:
 

 State animal food regulatory programs will achieve and maintain implementation of the AFRPS, which is recognized as a critical element to creating a national, fully integrated food safety system.
 

 Operational use of standardized animal food regulatory systems developed by state programs to compel federal reliance on state regulatory work and resources and reciprocal state reliance on federal work and resources, resulting in mutual reliance.
 This project will strengthen and improve FDA efforts to build an integrated food safety system by building high quality state animal food regulatory programs that can promote regulatory compliance and prevent foodborne illnesses.
The eligibility for this opportunity is limited to State animal food safety programs meeting the following criteria:Applicants must maintain an FDA inspectional contract in good standing by completing all agreed upon inspectional work, audits, and associated compliance and regulatory activities. The contract must include performing comprehensive animal food inspections under 21 CFR Part 507 that is representative of the state's firm inventory and supports the FDA and state regulatory program in meeting a risk-based inspection frequency. The contract should result in a minimum of 10% of the firm inventory regulated by the FDA being inspected for all applicable regulations.Applicant organizations must have a valid 20.88 agreement with FDA prior to the time of application.Applicants will be categorized under one of two funding tracks: AFRPS Development or AFRPS Maintenance (see eligibility criteria above. Within the AFRPS Maintenance funding track only, an applicant may apply to the Mutual Reliance funding option, provided they meet the funding option eligibility criteria (below).Applicants are encouraged to apply for cooperative agreement assistance that reflects their jurisdiction's needs in terms of amounts of funding and number of project years.To ascertain an applicant's tier funding level, please consult Section II. Award Information.Funding Track 1: AFRPS Development PhaseApplicants must have received less than five (5) years of funding under a past AFRPS cooperative agreement, or have never received an AFRPS cooperative agreement. Applicants may request up to $300,000 per year for this funding track. State programs will move to AFRPS Maintenance funding levels in the sixth year of funding under AFRPS cooperative agreements. Applicants with less than five (5) years of funding under a past AFRPS cooperative agreement may elect to count years of AFRPS enrollment under the FDA Animal Food Safety Inspection Contract toward the five (5) years AFRPS funding eligibility requirement when determining the entry date for Funding Track 2 (AFRPS Maintenance Phase), and may elect to move to Funding Track 2 (AFRPS Maintenance Phase) for the award year after full implementation of the AFRPS has been achieved (as determined by an assessment by FDA Audit Staff).Funding Track 2: AFRPS Maintenance PhaseApplicants must have received five (5) years of funding under a past AFRPS cooperative agreement. Applicants with less than five (5) years funding under a past AFRPS cooperative agreement may elect to count years of AFRPS enrollment toward the five (5 years AFRPS funding eligibility requirement when determining the entry date for Funding Track 2 (AFRPS Maintenance Phase), and may elect to move to Funding Track 2 (AFRPS Maintenance Phase for the award year after full implementation of the AFRPS has been achieved (as determined by an assessment by FDA Audit Staff). If the state program is not currently deemed to be in full implementation and their corrective actions are still pending (in response to the most recent assessment by FDA Audit Staff), then the program must address the corrective actions in their strategic improvement plan submitted as part of the application.Applicants have been classified into three (3) levels of funding levels based on a variety of factors unique to that jurisdiction (See data sources below). This approach establishes funding levels proportional to the applicant's jurisdictional work volume and costs for this program area. To determine which funding level is applicable to your program, please consult the table below. Applicants are encouraged to apply for cooperative agreement assistance that reflects their jurisdiction's needs both in terms of amounts of funding and number of project years.Funding Track 3 (Optional): Mutual RelianceApplicants must be recognized as being in full implementation by the FDA audit staff prior to the time of application.",False,2027-04-01,183.0,False,False,False,False,False,True,10.0,False,,False,False,False,False,False,False,False,False,,award_ceiling,300000.0,True,False,False,False,False,False,2.39,False,,False,False,True,False,False,False,False,False,False,False,False,1,False,False,,False,False,False,False,1,True,False,False,,True,False,False,False,,2026-09-30,2026-08-18,"Animal Food Regulatory Program Standards Implementation Development and Maintenance, with Mutual Reliance Initiatives Clinical Trials Not Allowed",open,ok,1.0,none,none,"The grant funds state animal food safety program standards and foodborne illness prevention, which is public health protection but is not named in NCDHHS's strategic objectives.",This project will strengthen and improve FDA efforts to build an integrated food safety system by building high quality state animal food regulatory programs that can promote regulatory compliance and prevent foodborne illnesses.,ineligible,The eligibility for this opportunity is limited to State animal food safety programs meeting the following criteria:,none,0.0,"Animal food and feed regulatory authority in North Carolina sits with the Department of Agriculture and Consumer Services, not with any NCDHHS division.","NCDHHS likely cannot compete because the opportunity is limited to state animal food safety programs with existing FDA inspectional contracts and 20.88 agreements, which North Carolina operates through the Department of Agriculture and Consumer Services, not DHHS.",False,"Funds state animal food and feed regulatory programs, which North Carolina houses in the Department of Agriculture, not NCDHHS; no division has authority, so not a fit.","[""Applicants must maintain an FDA inspectional contract in good standing by completing all agreed upon inspectional work, audits, and associated compliance and regulatory activities."", ""Applicant organizations must have a valid 20.88 agreement with FDA prior to the time of application."", ""The contract must include performing comprehensive animal food inspections under 21 CFR Part 507 that is representative of the state's firm inventory and supports the FDA and state regulatory program in meeting a risk-based inspection frequency."", ""The contract should result in a minimum of 10% of the firm inventory regulated by the FDA being inspected for all applicable regulations.""]",True,True,ineligible,deepseek/deepseek-v4-pro,92b0344f579a,True,0.0,0.15,1.0,0.0,0.0,0.0,confirmed_ineligible
24,bd5d4bd5-e3f3-48e7-8016-33c79aaafd57,Child Protection Compact Annual Program Statement,open,False,False,,bd5d4bd5-e3f3-48e7-8016-33c79aaafd57,DFOP0018775,posted,DOS-GTIP,discretionary,,2026-07-29,2099-01-01,undefined,,False,,12500000.0,5000000.0,10000000.0,https://mygrants.servicenowservices.com/mygrants?id=mygrants_form&table=x_g_usd4_d_grant_funding_opportunity&sys_id=4989843587ad4f5020b862060cbb35d8&view=Default,Link to Opportunity in MyGrants,19.019|International Programs to Combat Human Trafficking,grant,other,Anti-trafficking,other,"The following organizations are eligible to apply:

· Not-for-profit organizations, including think tanks and civil society/non-governmental organizations
· Public and private educational institutions
· For-profit organizations
· Public International Organizations
· U.S. government agencies

Applications submitted by for-profit entities may be subject to additional review following the panel selection process. Additionally, the Department of State prohibits profit to for-profit or commercial organizations under its assistance awards. Profit is defined as any amount in excess of allowable direct and indirect costs. The allowability of costs incurred by commercial organizations is determined in accordance with the provisions of the Federal Acquisition Regulation (FAR) at 48 CFR 30, Cost Accounting Standards Administration, and 48 CFR 31 Contract Cost Principles and Procedures.

While foreign governments are not eligible to apply, governments may be beneficiaries of programs pro",Office to Monitor-Combat Trafficking in Persons,Department of State,TIPGrants@state.gov,,,,,,,,,,,https://simpler.grants.gov/opportunity/bd5d4bd5-e3f3-48e7-8016-33c79aaafd57,"The TIP Office invites applications for projects to combat all forms of child trafficking as part of a potential Child Protection Compact (CPC) between the United States and a recipient country proposed by the applicant.  A CPC is a multi-year plan developed jointly by the United States and another government to strengthen capacity to effectively prosecute and convict child traffickers, provide comprehensive care and support for child victims, and prevent child trafficking in all its forms.","The TIP Office invites applications for projects to combat all forms of child trafficking as part of a potential Child Protection Compact (CPC) between the United States and a recipient country proposed by the applicant.  A CPC is a multi-year plan developed jointly by the United States and another government to strengthen capacity to effectively prosecute and convict child traffickers, provide comprehensive care and support for child victims, and prevent child trafficking in all its forms.","Child Protection Compact Annual Program Statement
The TIP Office invites applications for projects to combat all forms of child trafficking as part of a potential Child Protection Compact (CPC) between the United States and a recipient country proposed by the applicant.  A CPC is a multi-year plan developed jointly by the United States and another government to strengthen capacity to effectively prosecute and convict child traffickers, provide comprehensive care and support for child victims, and prevent child trafficking in all its forms.
The following organizations are eligible to apply:

· Not-for-profit organizations, including think tanks and civil society/non-governmental organizations
· Public and private educational institutions
· For-profit organizations
· Public International Organizations
· U.S. government agencies

Applications submitted by for-profit entities may be subject to additional review following the panel selection process. Additionally, the Department of State prohibits profit to for-profit or commercial organizations under its assistance awards. Profit is defined as any amount in excess of allowable direct and indirect costs. The allowability of costs incurred by commercial organizations is determined in accordance with the provisions of the Federal Acquisition Regulation (FAR) at 48 CFR 30, Cost Accounting Standards Administration, and 48 CFR 31 Contract Cost Principles and Procedures.

While foreign governments are not eligible to apply, governments may be beneficiaries of programs pro",True,,,True,False,False,False,False,False,,False,,False,False,False,False,False,False,True,False,,award_ceiling,10000000.0,True,False,True,False,False,False,10.0,False,,False,False,False,False,False,False,False,False,False,False,True,1,False,False,,False,False,False,False,1,False,False,False,,False,False,False,False,,2026-09-30,2026-08-18,Child Protection Compact Annual Program Statement,open,ok,1.0,none,none,"The grant funds international child-trafficking projects under a U.S.-foreign government compact, not a named NCDHHS objective serving North Carolinians.",projects to combat all forms of child trafficking as part of a potential Child Protection Compact (CPC) between the United States and a recipient country proposed by the applicant.,ineligible,U.S. government agencies,none,0.0,"This grant requires implementing foreign child-trafficking programs in a recipient country, which is outside NCDHHS's state-level health and human services authority.","This is a U.S. Department of State international assistance program for foreign-country projects, so NCDHHS is neither an eligible applicant nor a natural implementing agency.",False,"Foreign child-trafficking assistance does not fit NCDHHS's state-level health and human services role; state agencies are not listed as eligible, so no division should pursue it.","[""Work must take place in a recipient country proposed by the applicant"", ""Requires a multi-year plan developed jointly between the United States and another government""]",True,True,ineligible,deepseek/deepseek-v4-pro,92b0344f579a,True,0.0,0.15,1.0,0.0,0.0,0.0,confirmed_ineligible
25,a89aee06-1920-406b-89e3-0ec7d640af04,Notice of Intent on Upcoming 2020 TIP Office Funding Opportunity,open,False,False,,a89aee06-1920-406b-89e3-0ec7d640af04,SFOP0007154,posted,DOS-GTIP,other,This is a notice of intent and the TIP Office is not accepting applications at this time.,2020-07-08,2099-01-01,This is a notice of intent and no applications are being accepted at this time.,,False,,,0.0,,https://mygrants.servicenowservices.com/grants?id=grants_funding_opportunity&table=u_domestic_funding_opportunity&sys_id=5b96a10c1b7dd0100f7aeb5ce54bcb6c&view=Default,Link to Opportunity in SAMS Domestic,19.019|International Programs to Combat Human Trafficking,other,other,Anti-Trafficking,other,This is a notice of intent and no applications are being accepted at this time.,Office to Monitor-Combat Trafficking in Persons,Department of State,JTIPGrants@state.gov,,,,,,,,,,,https://simpler.grants.gov/opportunity/a89aee06-1920-406b-89e3-0ec7d640af04,"The TIP Office intends to announce its 2020 Funding Opportunity for the annual awards competition process in the upcoming weeks. The TIP Office is finalizing language for the annual awards competition process that includes a number of regional and thematic priorities for funding globally. Recognizing the hard work and effort that is involved in developing applications for funding, the TIP Office is notifying organizations that may be interested in submitting applications that a funding opportunity will be posted in the upcoming weeks. Organizations eligible to apply for this funding opportunity include U.S.-based and foreign non-profits, public international organizations, institutions of higher learning, and for-profit organizations. The 2020 TIP Office Funding Opportunity will be posted on SAMS Domestic, grants.gov, and the TIP Office website. Organizations interested in applying for funding may consider reviewing the information on the TIP Office’s Annual Awards Competition Process in preparation for the funding opportunity. Please note, this is a notice of intent only; an announcement will be made in the upcoming weeks when the 2020 Funding Opportunity is posted. We are not accepting applications at this time.","The TIP Office intends to announce its 2020 Funding Opportunity for the annual awards competition process in the upcoming weeks. The TIP Office is finalizing language for the annual awards competition process that includes a number of regional and thematic priorities for funding globally. Recognizing the hard work and effort that is involved in developing applications for funding, the TIP Office is notifying organizations that may be interested in submitting applications that a funding opportunity will be posted in the upcoming weeks. Organizations eligible to apply for this funding opportunity include U.S.-based and foreign non-profits, public international organizations, institutions of higher learning, and for-profit organizations. The 2020 TIP Office Funding Opportunity will be posted on SAMS Domestic, grants.gov, and the TIP Office website. Organizations interested in applying for funding may consider reviewing the information on the TIP Office’s Annual Awards Competition Process in preparation for the funding opportunity. Please note, this is a notice of intent only; an announcement will be made in the upcoming weeks when the 2020 Funding Opportunity is posted. We are not accepting applications at this time.","Notice of Intent on Upcoming 2020 TIP Office Funding Opportunity
The TIP Office intends to announce its 2020 Funding Opportunity for the annual awards competition process in the upcoming weeks. The TIP Office is finalizing language for the annual awards competition process that includes a number of regional and thematic priorities for funding globally. Recognizing the hard work and effort that is involved in developing applications for funding, the TIP Office is notifying organizations that may be interested in submitting applications that a funding opportunity will be posted in the upcoming weeks. Organizations eligible to apply for this funding opportunity include U.S.-based and foreign non-profits, public international organizations, institutions of higher learning, and for-profit organizations. The 2020 TIP Office Funding Opportunity will be posted on SAMS Domestic, grants.gov, and the TIP Office website. Organizations interested in applying for funding may consider reviewing the information on the TIP Office’s Annual Awards Competition Process in preparation for the funding opportunity. Please note, this is a notice of intent only; an announcement will be made in the upcoming weeks when the 2020 Funding Opportunity is posted. We are not accepting applications at this time.
This is a notice of intent and no applications are being accepted at this time.",True,,,True,False,False,False,False,False,,False,,False,False,False,False,False,False,True,False,,unknown,,False,True,False,False,False,True,5.0,False,,False,False,False,False,False,False,False,False,False,False,True,1,False,False,,False,False,False,False,1,False,False,False,,False,False,False,False,,2026-09-30,2026-08-18,Notice of Intent on Upcoming 2020 TIP Office Funding Opportunity,open,ok,0.0,none,none,"The grant funds international programs to combat human trafficking, which is outside NCDHHS's domestic health and human services objectives.",The TIP Office is finalizing language for the annual awards competition process that includes a number of regional and thematic priorities for funding globally.,ineligible,"Organizations eligible to apply for this funding opportunity include U.S.-based and foreign non-profits, public international organizations, institutions of higher learning, and for-profit organizations.",none,0.0,"No NCDHHS division administers international anti-trafficking programs, and the state agency is not among the listed eligible applicant types.","NCDHHS appears ineligible as a state agency and no application is being accepted, so the posting has no current path to value for the Department.",False,International anti-trafficking grant excludes state agencies and is unrelated to NCDHHS's domestic health and human services mission; no application is currently accepted.,"[""This is a notice of intent only; no applications are being accepted at this time."", ""Eligible applicants are limited to U.S.-based and foreign non-profits, public international organizations, institutions of higher learning, and for-profit organizations, which excludes state agencies."", ""Awards support international/global programs rather than North Carolina-based services.""]",True,True,ineligible,deepseek/deepseek-v4-pro,92b0344f579a,True,0.0,0.15,1.0,0.0,0.0,0.0,confirmed_ineligible
26,ac5709b0-e4ba-4653-a2b9-2087cb1c9b42,Notice of Intent:  Program to End Modern Slavery FY 2023,open,False,False,,ac5709b0-e4ba-4653-a2b9-2087cb1c9b42,SFOP0009339,posted,DOS-GTIP,other,This is a notice of intent and the TIP Office is not accepting applications at this time.,2023-01-20,2099-01-01,undefined,,False,,,0.0,,https://mygrants.servicenowservices.com/mygrants?id=mygrants_form&table=x_g_usd4_d_grant_funding_opportunity&sys_id=38cfa11887544ed01b4742270cbb350d&view=Default,Link to Opportunity in MyGrants,19.019|International Programs to Combat Human Trafficking,other,other,Anti-Trafficking,other,"Any commercial, international, educational, or non-profit organization(s), including any faith-based, community-based, or public international organization(s) are eligible to apply if and when a Statement of Intent and/or a Notice of Funding Opportunity is published.  Lack of past experience with U.S. Department of State cooperative agreements, grants, or contracts does not bar eligibility.  All applicants for TIP Office funding opportunities must have a valid Unique Entity Identifier (formerly the Data Universal Numbering System or DUNS).  Although not required for submission of an application via SAMS Domestic on https://mygrants.service-now.com/grants, a valid UEI number is required for organizations selected for an award.  Organizations should verify their UEI number or take the steps needed to obtain one as soon as possible.  Instructions for obtaining a UEI number can be found at https://sam.gov/content/entity-registration.",Office to Monitor-Combat Trafficking in Persons,Department of State,JTIPGrants@state.gov,,,,,,,,,,,https://simpler.grants.gov/opportunity/ac5709b0-e4ba-4653-a2b9-2087cb1c9b42,"Note: This is a Notice of Intent. An announcement is not related to this notice. The U.S. State Department’ s Office to Monitor and Combat Trafficking in Persons (TIP Office) is not accepting applications at this time.  Please review the attached notice for full details. 

Background:

The goal of PEMS is to measurably and substantially reduce the prevalence of human trafficking in targeted populations in partner countries and jurisdictions through innovative interventions driven by research, monitoring, evaluation, and learning, and the expansion of partnerships. PEMS-funded efforts conduct scientifically rigorous research to establish evidence on the effects of anti-trafficking programs on the reduction of the prevalence of human trafficking through the advancement of rigorous research methods.  This includes sound prevalence measurement; strong monitoring and evaluation practices; evidence-based programming; and the application of survivor-centered and trauma-informed approaches.  The U.S. Congress has appropriated $25 million annually since Fiscal Year (FY) 2016 for PEMS, totaling $200 million to date.

The TIP Office is interested in funding projects that utilize Intervention Development Research (IDR) to conduct research and pilot targeted programming to effectively prevent and respond to human trafficking.  IDR employs various qualitative and quantitative methodologies to identify the complex systems in which human trafficking occurs, determine modifiable elements of the crime, including risk and protective factors; develop a theory of change; and design and pilot interventions to develop an intervention model that can be scaled-up and/or adapted for other settings.  Local partnerships and utilization of methods of co-creation and participatory research are core elements of IDR.  Local actors must play an active role in all phases of the project, from planning and development through implementation of the intervention.  Please read the full notice attached.","Note: This is a Notice of Intent. An announcement is not related to this notice. The U.S. State Department’ s Office to Monitor and Combat Trafficking in Persons (TIP Office) is not accepting applications at this time.  Please review the attached notice for full details. 

Background:

The goal of PEMS is to measurably and substantially reduce the prevalence of human trafficking in targeted populations in partner countries and jurisdictions through innovative interventions driven by research, monitoring, evaluation, and learning, and the expansion of partnerships. PEMS-funded efforts conduct scientifically rigorous research to establish evidence on the effects of anti-trafficking programs on the reduction of the prevalence of human trafficking through the advancement of rigorous research methods.  This includes sound prevalence measurement; strong monitoring and evaluation practices; evidence-based programming; and the application of survivor-centered and trauma-informed approaches.  The U.S. Congress has appropriated $25 million annually since Fiscal Year (FY) 2016 for PEMS, totaling $200 million to date.

The TIP Office is interested in funding projects that utilize Intervention Development Research (IDR) to conduct research and pilot targeted programming to effectively prevent and respond to human trafficking.  IDR employs various qualitative and quantitative methodologies to identify the complex systems in which human trafficking occurs, determine modifiable elements of the crime, including risk and protective factors; develop a theory of change; and design and pilot interventions to develop an intervention model that can be scaled-up and/or adapted for other settings.  Local partnerships and utilization of methods of co-creation and participatory research are core elements of IDR.  Local actors must play an active role in all phases of the project, from planning and development through implementation of the intervention.  Please read the full notice attached.","Notice of Intent:  Program to End Modern Slavery FY 2023
Note: This is a Notice of Intent. An announcement is not related to this notice. The U.S. State Department’ s Office to Monitor and Combat Trafficking in Persons (TIP Office) is not accepting applications at this time.  Please review the attached notice for full details. 

Background:

The goal of PEMS is to measurably and substantially reduce the prevalence of human trafficking in targeted populations in partner countries and jurisdictions through innovative interventions driven by research, monitoring, evaluation, and learning, and the expansion of partnerships. PEMS-funded efforts conduct scientifically rigorous research to establish evidence on the effects of anti-trafficking programs on the reduction of the prevalence of human trafficking through the advancement of rigorous research methods.  This includes sound prevalence measurement; strong monitoring and evaluation practices; evidence-based programming; and the application of survivor-centered and trauma-informed approaches.  The U.S. Congress has appropriated $25 million annually since Fiscal Year (FY) 2016 for PEMS, totaling $200 million to date.

The TIP Office is interested in funding projects that utilize Intervention Development Research (IDR) to conduct research and pilot targeted programming to effectively prevent and respond to human trafficking.  IDR employs various qualitative and quantitative methodologies to identify the complex systems in which human trafficking occurs, determine modifiable elements of the crime, including risk and protective factors; develop a theory of change; and design and pilot interventions to develop an intervention model that can be scaled-up and/or adapted for other settings.  Local partnerships and utilization of methods of co-creation and participatory research are core elements of IDR.  Local actors must play an active role in all phases of the project, from planning and development through implementation of the intervention.  Please read the full notice attached.
Any commercial, international, educational, or non-profit organization(s), including any faith-based, community-based, or public international organization(s) are eligible to apply if and when a Statement of Intent and/or a Notice of Funding Opportunity is published.  Lack of past experience with U.S. Department of State cooperative agreements, grants, or contracts does not bar eligibility.  All applicants for TIP Office funding opportunities must have a valid Unique Entity Identifier (formerly the Data Universal Numbering System or DUNS).  Although not required for submission of an application via SAMS Domestic on https://mygrants.service-now.com/grants, a valid UEI number is required for organizations selected for an award.  Organizations should verify their UEI number or take the steps needed to obtain one as soon as possible.  Instructions for obtaining a UEI number can be found at https://sam.gov/content/entity-registration.",True,,,True,False,False,False,False,False,,False,,False,False,False,False,False,False,True,False,,unknown,,False,True,False,False,False,True,5.0,False,,False,False,False,False,False,False,False,False,False,False,True,1,False,False,,False,False,False,False,1,False,False,False,,False,False,False,False,,2026-09-30,2026-08-18,Notice of Intent:  Program to End Modern Slavery FY 2023,open,ok,0.0,none,none,"The funded activity is international anti-trafficking prevalence research and pilot programming in partner countries, which does not advance a named NCDHHS domestic health or human services objective.",The goal of PEMS is to measurably and substantially reduce the prevalence of human trafficking in targeted populations in partner countries and jurisdictions,ineligible,"Any commercial, international, educational, or non-profit organization(s), including any faith-based, community-based, or public international organization(s) are eligible to apply",none,0.0,No NCDHHS division has the authority or international role to run State Department anti-trafficking research and pilot programs in partner countries.,"This is a Notice of Intent, not an open funding opportunity, and state agencies are not listed as eligible applicants.",False,"International State Department anti-trafficking research grant, not currently accepting applications and state agencies are not listed as eligible; no NCDHHS division fit.","[""Notice of Intent only; applications are not being accepted at this time."", ""Selected organizations must obtain a valid Unique Entity Identifier.""]",True,True,ineligible,deepseek/deepseek-v4-pro,92b0344f579a,True,0.0,0.15,1.0,0.0,0.0,0.0,confirmed_ineligible
27,d8de0550-c5b0-4efc-872a-7777a933452b,Notice of Intent:  Program to End Modern Slavery FY 2025,open,False,False,,d8de0550-c5b0-4efc-872a-7777a933452b,DFOP0017042,posted,DOS-GTIP,other,"This is a notice of intent, and the TIP Office is not accepting applications at this time.",2025-01-16,2099-01-01,undefined,,False,,,0.0,,https://mygrants.servicenowservices.com/mygrants?id=mygrants_form&table=x_g_usd4_d_grant_funding_opportunity&sys_id=866456e4479aded067358810326d438a&view=Default,Link to Opportunity in MyGrants,19.019|International Programs to Combat Human Trafficking,other,other,Anti-Trafficking,other,"Any commercial, international, educational, or non-profit organization(s), including any faith-based, community-based, or public international organization(s) are eligible to apply if and when a Statement of Intent and/or a Notice of Funding Opportunity is published.  Lack of past experience with U.S. Department of State cooperative agreements, grants, or contracts does not bar eligibility.  All applicants for TIP Office funding opportunities must have a valid Unique Entity Identifier.  Although not required for submission of an application via SAMS Domestic on https://mygrants.service-now.com/grants, a valid UEI number is required for organizations selected for an award.  Organizations should verify their UEI number or take the steps needed to obtain one as soon as possible.  Instructions for obtaining a UEI number can be found at https://sam.gov/content/entity-registration.",Office to Monitor-Combat Trafficking in Persons,Department of State,JTIPGrants@state.gov,,,,,,,,,,,https://simpler.grants.gov/opportunity/d8de0550-c5b0-4efc-872a-7777a933452b,"Note: This is a Notice of Intent.  An announcement is not related to this notice.  The TIP Office is not accepting applications at this time.  Please review the attached notice for full details.
 
Background:  
The goal of PEMS is to measurably and substantially reduce the prevalence of human trafficking and the harms associated with the crime in targeted populations through innovative interventions driven by research, monitoring, evaluation, and learning, and the expansion of partnerships with government, academia, civil society organizations, international organizations and the private sector. The U.S. Congress has appropriated $25 million annually since 2016 for PEMS, with $200 million in funding obligated to date.
 
The TIP Office intends to further build the evidence base around what interventions work effectively to address trafficking in persons through funding the implementation and rigorous evaluation of high-potential and high-impact promising interventions. The TIP Office intends to consider interventions that have some evidence pointing to their effectiveness which could benefit from an evaluation to validate the intervention approach and answer important research questions about what is effective in anti-trafficking in persons programming. The TIP Office will consider interventions that have shown promise but have not had the funding to be rigorously evaluated; interventions that have shown success in other fields but have not been adapted and tested as a human trafficking intervention; and interventions for which there is a design for programming supported by significant research, which have not yet had the funding to implement and evaluate. Local expertise will be considered critical for implementing projects under this future opportunity. Please review the full notice attached.","Note: This is a Notice of Intent.  An announcement is not related to this notice.  The TIP Office is not accepting applications at this time.  Please review the attached notice for full details.
 
Background:  
The goal of PEMS is to measurably and substantially reduce the prevalence of human trafficking and the harms associated with the crime in targeted populations through innovative interventions driven by research, monitoring, evaluation, and learning, and the expansion of partnerships with government, academia, civil society organizations, international organizations and the private sector. The U.S. Congress has appropriated $25 million annually since 2016 for PEMS, with $200 million in funding obligated to date.
 
The TIP Office intends to further build the evidence base around what interventions work effectively to address trafficking in persons through funding the implementation and rigorous evaluation of high-potential and high-impact promising interventions. The TIP Office intends to consider interventions that have some evidence pointing to their effectiveness which could benefit from an evaluation to validate the intervention approach and answer important research questions about what is effective in anti-trafficking in persons programming. The TIP Office will consider interventions that have shown promise but have not had the funding to be rigorously evaluated; interventions that have shown success in other fields but have not been adapted and tested as a human trafficking intervention; and interventions for which there is a design for programming supported by significant research, which have not yet had the funding to implement and evaluate. Local expertise will be considered critical for implementing projects under this future opportunity. Please review the full notice attached.","Notice of Intent:  Program to End Modern Slavery FY 2025
Note: This is a Notice of Intent.  An announcement is not related to this notice.  The TIP Office is not accepting applications at this time.  Please review the attached notice for full details.
 
Background:  
The goal of PEMS is to measurably and substantially reduce the prevalence of human trafficking and the harms associated with the crime in targeted populations through innovative interventions driven by research, monitoring, evaluation, and learning, and the expansion of partnerships with government, academia, civil society organizations, international organizations and the private sector. The U.S. Congress has appropriated $25 million annually since 2016 for PEMS, with $200 million in funding obligated to date.
 
The TIP Office intends to further build the evidence base around what interventions work effectively to address trafficking in persons through funding the implementation and rigorous evaluation of high-potential and high-impact promising interventions. The TIP Office intends to consider interventions that have some evidence pointing to their effectiveness which could benefit from an evaluation to validate the intervention approach and answer important research questions about what is effective in anti-trafficking in persons programming. The TIP Office will consider interventions that have shown promise but have not had the funding to be rigorously evaluated; interventions that have shown success in other fields but have not been adapted and tested as a human trafficking intervention; and interventions for which there is a design for programming supported by significant research, which have not yet had the funding to implement and evaluate. Local expertise will be considered critical for implementing projects under this future opportunity. Please review the full notice attached.
Any commercial, international, educational, or non-profit organization(s), including any faith-based, community-based, or public international organization(s) are eligible to apply if and when a Statement of Intent and/or a Notice of Funding Opportunity is published.  Lack of past experience with U.S. Department of State cooperative agreements, grants, or contracts does not bar eligibility.  All applicants for TIP Office funding opportunities must have a valid Unique Entity Identifier.  Although not required for submission of an application via SAMS Domestic on https://mygrants.service-now.com/grants, a valid UEI number is required for organizations selected for an award.  Organizations should verify their UEI number or take the steps needed to obtain one as soon as possible.  Instructions for obtaining a UEI number can be found at https://sam.gov/content/entity-registration.",True,,,True,False,False,False,False,False,,False,,False,False,False,False,False,False,True,False,,unknown,,False,True,False,False,False,True,5.0,False,,False,False,False,False,False,False,False,False,False,False,True,1,False,False,,False,False,False,False,1,False,False,False,,False,False,False,False,,2026-09-30,2026-08-18,Notice of Intent:  Program to End Modern Slavery FY 2025,open,ok,0.0,none,none,"The funded activity is international anti-trafficking intervention and evaluation, not one of NCDHHS's named health, child and family, behavioral health, workforce, or operational objectives.","The goal of PEMS is to measurably and substantially reduce the prevalence of human trafficking and the harms associated with the crime in targeted populations through innovative interventions driven by research, monitoring, evaluation, and learning, and the expansion of partnerships with government, academia, civil society organizations, international organizations and the private sector.",ineligible,"Any commercial, international, educational, or non-profit organization(s), including any faith-based, community-based, or public international organization(s) are eligible to apply if and when a Statement of Intent and/or a Notice of Funding Opportunity is published.",none,0.0,"The program is a U.S. Department of State international anti-trafficking grant, outside the authority and existing role of North Carolina health and human services divisions.","This is an international State Department opportunity for which NCDHHS is not an eligible applicant, and the work does not align with a named NCDHHS objective.",False,International anti-trafficking grant from U.S. State Department; NCDHHS is not an eligible applicant and the work does not advance a named NCDHHS objective.,"[""This is a Notice of Intent; the TIP Office is not accepting applications at this time."", ""International programs to combat human trafficking; projects are not North Carolina-specific."", ""A valid Unique Entity Identifier is required for organizations selected for an award.""]",True,True,ineligible,deepseek/deepseek-v4-pro,92b0344f579a,True,0.0,0.15,1.0,0.0,0.0,0.0,confirmed_ineligible
28,ee00bde7-db1e-43d4-a6de-4a78b572cc31,Updated National Dislocated Worker Grant Program Guidance and Application Information,open,False,False,,ee00bde7-db1e-43d4-a6de-4a78b572cc31,ETA-TEGL-09-24-CH1,posted,DOL-ETA,discretionary,,2026-05-08,2028-12-31,Applications must be submitted electronically no later than 11:59 pm Eastern Time.,2029-01-31,False,150.0,300000000.0,150000.0,10000000.0,,,17.277|WIOA National Dislocated Worker Grants / WIA National Emergency Grants,grant,employment_labor_and_training,,other,"Eligibility varies depending upon the type of National Dislocated Worker Grant requested, as noted below.  Please reference the text of Change 1 to TEGL No. 09-24, for additional requirements.Disaster Recovery DWGs: 1. State workforce agencies administering WIOA formula funds; 2. Outlying areas; or 3. Indian tribal governments as defined by the Stafford Act, 42 U.S.C. 5122(6).Employment Recovery DWGs: 1. State workforce agencies or outlying areas, or a consortium of state workforce agencies; 2. Local WDBs or a consortium of WDBs; 3. Entities eligible for funding through the Indian and Native American Program in WIOA Section 166(c); 4. Appropriate entities determined by the governor of the state or outlying area involved; or 5. Entities that demonstrate to the Secretary of Labor their capability to effectively respond to circumstances related to particular dislocations.",Employment and Training Administration,Department of Labor,"Jenifer McEnery
DOL-ETA-DWG@dol.gov",DOL-ETA-DWG@dol.gov,DOL-ETA-DWG@dol.gov,,,,,,,,,https://simpler.grants.gov/opportunity/ee00bde7-db1e-43d4-a6de-4a78b572cc31,"If you have difficulty accessing the full announcement electronically, please contact Jenifer McEnery (DOL-ETA-DWG@dol.gov).","If you have difficulty accessing the full announcement electronically, please contact Jenifer McEnery (DOL-ETA-DWG@dol.gov).","Updated National Dislocated Worker Grant Program Guidance and Application Information
If you have difficulty accessing the full announcement electronically, please contact Jenifer McEnery (DOL-ETA-DWG@dol.gov).
Eligibility varies depending upon the type of National Dislocated Worker Grant requested, as noted below.  Please reference the text of Change 1 to TEGL No. 09-24, for additional requirements.Disaster Recovery DWGs: 1. State workforce agencies administering WIOA formula funds; 2. Outlying areas; or 3. Indian tribal governments as defined by the Stafford Act, 42 U.S.C. 5122(6).Employment Recovery DWGs: 1. State workforce agencies or outlying areas, or a consortium of state workforce agencies; 2. Local WDBs or a consortium of WDBs; 3. Entities eligible for funding through the Indian and Native American Program in WIOA Section 166(c); 4. Appropriate entities determined by the governor of the state or outlying area involved; or 5. Entities that demonstrate to the Secretary of Labor their capability to effectively respond to circumstances related to particular dislocations.",False,2028-12-31,823.0,False,False,False,False,False,True,10.0,False,,False,False,False,False,False,False,False,False,2000000.0,award_ceiling,10000000.0,True,False,True,False,False,False,10.0,False,,False,False,False,False,False,False,False,False,False,False,True,1,False,False,,False,False,False,False,1,False,False,False,,False,False,False,False,,2026-09-30,2026-08-18,Updated National Dislocated Worker Grant Program Guidance and Application Information,open,ok,0.0,none,none,"The grant funds U.S. Department of Labor dislocated worker reemployment and disaster recovery employment, which is not among NCDHHS health, child, family, behavioral health, or workforce objectives.",Updated National Dislocated Worker Grant Program Guidance and Application Information,ineligible,State workforce agencies administering WIOA formula funds,none,0.0,NCDHHS is not North Carolina's WIOA state workforce agency and no division administers dislocated worker employment or training grants.,"NCDHHS is not an eligible applicant, so any involvement would be indirect through the state workforce agency rather than a direct NCDHHS grant.",False,This is a U.S. Department of Labor dislocated worker grant outside NCDHHS eligibility and mission; the state workforce agency is the correct applicant.,[],True,True,ineligible,deepseek/deepseek-v4-pro,92b0344f579a,True,0.0,0.15,1.0,0.0,0.0,0.0,confirmed_ineligible
