rank,grant_id,opportunity_title,track,is_forecast,hard_filtered,hard_filter_reason,opportunity_id,opportunity_number,opportunity_status,agency_code,category,category_explanation,post_date,close_date,close_date_description,archive_date,is_cost_sharing,expected_number_of_awards,estimated_total_program_funding,award_floor,award_ceiling,additional_info_url,additional_info_url_description,opportunity_assistance_listings,funding_instruments,funding_categories,funding_category_description,applicant_types,applicant_eligibility_description,agency_name,top_level_agency_name,agency_contact_description,agency_email_address,agency_email_address_description,forecasted_post_date,forecasted_close_date,forecasted_close_date_description,forecasted_award_date,forecasted_project_start_date,fiscal_year,created_at,updated_at,url,summary_description,summary_text,grant_text,close_date_placeholder,close_date_real,days_until_close,missing_deadline,expired,deadline_under_7_days,deadline_under_14_days,deadline_under_30_days,deadline_comfortable,deadline_score,forecast_missing_post_date,days_until_forecast_post,forecast_post_passed,forecast_close_passed,forecast_check_now,archive_date_passed,rolling_deadline,rolling_funds_limited,funding_zero_placeholder,funding_sentinel_placeholder,average_possible_award,financial_basis,award_value_usd,funding_known,missing_award_amount,large_award,few_awards,award_floor_gt_ceiling,financial_value_imputed,financial_value_score,cost_share_text_mention,cost_share_percent,requires_cost_share,cost_share_conflict,state_government_listed,local_government_listed,universities_listed,nonprofits_listed,tribal_listed,for_profit_listed,individuals_listed,unrestricted_listed,other_listed,n_applicant_types,applicant_types_blank,broad_eligibility,unknown_applicant_slugs,text_mentions_state_agency,text_individuals_only,text_higher_ed_only,text_tribal_only,n_assistance_listings,aln_is_hhs,administrative_notice,research_mechanism,research_mechanism_reason,federal_agency_is_hhs,missing_description,description_too_short,missing_eligibility_description,possible_duplicate_of,as_of_date,data_pulled_date,opportunity_title_layer3,track_layer3,status,strategic_alignment,matched_goal,matched_objective,strategic_reason,strategic_evidence_quote,applicant_role,eligibility_evidence_quote,owning_division,operational_fit,operational_reason,major_risk,recommended_for_review,one_line_rationale,restrictions,strategic_quote_verified,eligibility_quote_verified,applicant_role_verified,model,prompt_version,from_cache,eligibility_confidence_score,deadline_weight_used,weight_used,missing_deadline_penalty,strategic_evidence_penalty,final_score,score_status
1,646e27d6-2e72-4093-8fdc-700e57d0cbc6,Environmental influences on Child Health Outcomes (ECHO) Cohort Data and Biospecimen Access (X01 Clinical Trial Not Allowed),open,False,False,,646e27d6-2e72-4093-8fdc-700e57d0cbc6,PAR-25-437,posted,HHS-NIH11,discretionary,,2025-06-18,2028-03-01,,2028-04-06,False,,,,,http://grants.nih.gov/grants/guide/pa-files/PAR-25-437.html,https://grants.nih.gov/grants/guide/pa-files/PAR-25-437.html,93.310|Trans-NIH Research Support,grant,health,,small_businesses;for_profit_organizations_other_than_small_businesses;independent_school_districts;public_and_state_institutions_of_higher_education;county_governments;federally_recognized_native_american_tribal_governments;nonprofits_non_higher_education_with_501c3;city_or_township_governments;other;nonprofits_non_higher_education_without_501c3;state_governments;special_district_governments;private_institutions_of_higher_education;public_and_indian_housing_authorities;other_native_american_tribal_organizations,"Other Eligible Applicants include the following:
 Eligible Agencies of the Federal Government; Faith-based or Community-based Organizations; Indian/Native American Tribal Governments (Other than Federally Recognized); Regional Organizations; U.S. Territory or Possession; Non-domestic (non-U.S.) Entities (Foreign Organizations) are not eligible to apply.

Non-domestic (non-U.S.) components of U.S. Organizations are not eligible to apply.

Foreign components, as defined in the NIH Grants Policy Statement, are not allowed.",National Institutes of Health,Department of Health and Human Services,"NIH Grants Information
grantsinfo@nih.gov",grantsinfo@nih.gov,See Section VII. Agency Contacts within the full opportunity announcement for all other inquires.,,,,,,,,,https://simpler.grants.gov/opportunity/646e27d6-2e72-4093-8fdc-700e57d0cbc6,"The purpose of this Program Announcement with Special Receipt, Referral, and/or Review Considerations (PAR) is to solicit applications to access limited identifiable data or biospecimens from the ECHO Cohort to study high-priority areas of maternal and child health.","The purpose of this Program Announcement with Special Receipt, Referral, and/or Review Considerations (PAR) is to solicit applications to access limited identifiable data or biospecimens from the ECHO Cohort to study high-priority areas of maternal and child health.","Environmental influences on Child Health Outcomes (ECHO) Cohort Data and Biospecimen Access (X01 Clinical Trial Not Allowed)
The purpose of this Program Announcement with Special Receipt, Referral, and/or Review Considerations (PAR) is to solicit applications to access limited identifiable data or biospecimens from the ECHO Cohort to study high-priority areas of maternal and child health.
Other Eligible Applicants include the following:
 Eligible Agencies of the Federal Government; Faith-based or Community-based Organizations; Indian/Native American Tribal Governments (Other than Federally Recognized); Regional Organizations; U.S. Territory or Possession; Non-domestic (non-U.S.) Entities (Foreign Organizations) are not eligible to apply.

Non-domestic (non-U.S.) components of U.S. Organizations are not eligible to apply.

Foreign components, as defined in the NIH Grants Policy Statement, are not allowed.",False,2028-03-01,518.0,False,False,False,False,False,True,10.0,False,,False,False,False,False,False,False,False,False,,unknown,,False,True,False,False,False,True,5.0,False,,False,False,True,True,True,True,True,True,False,False,True,15,False,True,,False,False,False,False,1,True,False,True,activity code X01,True,False,False,False,,2026-09-30,2026-08-18,Environmental influences on Child Health Outcomes (ECHO) Cohort Data and Biospecimen Access (X01 Clinical Trial Not Allowed),open,ok,9.0,G2,G2.O4,This directly supports G2.O4 by funding access to ECHO cohort data and biospecimens to study high-priority areas of maternal and child health.,"The purpose of this Program Announcement with Special Receipt, Referral, and/or Review Considerations (PAR) is to solicit applications to access limited identifiable data or biospecimens from the ECHO Cohort to study high-priority areas of maternal and child health.",lead,state_governments,DPH,8.0,"DPH already leads maternal and child health epidemiology and surveillance, so analyzing ECHO cohort data and biospecimens fits its existing research role.","The award is for access to existing ECHO cohort data and biospecimens rather than direct service or implementation funding, so its value depends on DPH having the analysis capacity to use the resource.",True,"Aligns with G2.O4 maternal and child health; DPH could analyze ECHO cohort data on birth outcomes, but it is data access rather than new service funding.",[],True,True,lead,deepseek/deepseek-v4-pro,92b0344f579a,True,10.0,0.15,1.0,0.0,0.0,84.5,open
2,c33f1e5e-0354-4976-adca-9aa7240778d3,"HEAL Initiative: Translating Addiction Epidemiology, Prevention, Treatment, and Recovery Research into Practice (R61/R33 - Clinical Trial Optional)",open,False,False,,c33f1e5e-0354-4976-adca-9aa7240778d3,RFA-DA-27-016,posted,HHS-NIH11,discretionary,,2026-06-04,2029-02-09,,2029-04-10,False,,,,,,,93.213|Research and Training in Complementary and Integrative Health;93.273|Alcohol Research Programs;93.279|Drug Use and Addiction Research Programs;93.866|Aging Research,grant,health,,independent_school_districts;county_governments;for_profit_organizations_other_than_small_businesses;city_or_township_governments;federally_recognized_native_american_tribal_governments;nonprofits_non_higher_education_without_501c3;small_businesses;other;state_governments;public_and_indian_housing_authorities;special_district_governments;other_native_american_tribal_organizations;nonprofits_non_higher_education_with_501c3;public_and_state_institutions_of_higher_education;private_institutions_of_higher_education,"Refer to Section III. Eligibility Information in the NOFO for additional information on eligibility.Foreign Organizations/International Collaborations:Non-domestic (non-U.S.) Entities (Foreign Organizations) are not eligible to apply.Non-domestic (non-U.S.) components of U.S. Organizations are not eligible to apply.Foreign components, as defined in the NIH Grants Policy Statement, are allowed.",National Institutes of Health,Department of Health and Human Services,"NIDA-26-063@nih.gov
NIDA-26-063@nih.gov",NIDA-26-063@nih.gov,NIDA-26-063@nih.gov,,,,,,,,,https://simpler.grants.gov/opportunity/c33f1e5e-0354-4976-adca-9aa7240778d3,"The goal of this notice of funding opportunity (NOFO) is to address the opioid crisis and/or overdose events by supporting action-oriented research, accelerating the translation of addiction epidemiology, prevention, treatment services, and recovery research to practice. Proposed studies may target the individual, provider, organizational, community, or system level. This initiative prioritizes replicable and scalable approaches for accelerating the routine use of effective, evidence-based prevention, treatment and recovery interventions and services. The translation of research to practice and research relevant to chronic pain comorbid with substance use is also a priority. Research may deploy a variety of methods and approaches, including but not limited to identifying and characterizing malleable factors, developing and testing interventions and implementation strategies, deploying and testing collaborative data science approaches, and/or developing and testing approaches that integrate the collaboration of researchers and decision-makers at any levels (e.g., clinical-, health system-, public health- or policy-level).","The goal of this notice of funding opportunity (NOFO) is to address the opioid crisis and/or overdose events by supporting action-oriented research, accelerating the translation of addiction epidemiology, prevention, treatment services, and recovery research to practice. Proposed studies may target the individual, provider, organizational, community, or system level. This initiative prioritizes replicable and scalable approaches for accelerating the routine use of effective, evidence-based prevention, treatment and recovery interventions and services. The translation of research to practice and research relevant to chronic pain comorbid with substance use is also a priority. Research may deploy a variety of methods and approaches, including but not limited to identifying and characterizing malleable factors, developing and testing interventions and implementation strategies, deploying and testing collaborative data science approaches, and/or developing and testing approaches that integrate the collaboration of researchers and decision-makers at any levels (e.g., clinical-, health system-, public health- or policy-level).","HEAL Initiative: Translating Addiction Epidemiology, Prevention, Treatment, and Recovery Research into Practice (R61/R33 - Clinical Trial Optional)
The goal of this notice of funding opportunity (NOFO) is to address the opioid crisis and/or overdose events by supporting action-oriented research, accelerating the translation of addiction epidemiology, prevention, treatment services, and recovery research to practice. Proposed studies may target the individual, provider, organizational, community, or system level. This initiative prioritizes replicable and scalable approaches for accelerating the routine use of effective, evidence-based prevention, treatment and recovery interventions and services. The translation of research to practice and research relevant to chronic pain comorbid with substance use is also a priority. Research may deploy a variety of methods and approaches, including but not limited to identifying and characterizing malleable factors, developing and testing interventions and implementation strategies, deploying and testing collaborative data science approaches, and/or developing and testing approaches that integrate the collaboration of researchers and decision-makers at any levels (e.g., clinical-, health system-, public health- or policy-level).
Refer to Section III. Eligibility Information in the NOFO for additional information on eligibility.Foreign Organizations/International Collaborations:Non-domestic (non-U.S.) Entities (Foreign Organizations) are not eligible to apply.Non-domestic (non-U.S.) components of U.S. Organizations are not eligible to apply.Foreign components, as defined in the NIH Grants Policy Statement, are allowed.",False,2029-02-09,863.0,False,False,False,False,False,True,10.0,False,,False,False,False,False,False,False,False,False,,unknown,,False,True,False,False,False,True,5.0,False,,False,False,True,True,True,True,True,True,False,False,True,15,False,True,,False,False,False,False,4,True,False,True,activity code R61,True,False,False,False,,2026-09-30,2026-08-18,"HEAL Initiative: Translating Addiction Epidemiology, Prevention, Treatment, and Recovery Research into Practice (R61/R33 - Clinical Trial Optional)",open,ok,9.0,G3,G3.O4,"This grant directly advances G3.O4 by funding action-oriented research to accelerate the translation of effective, evidence-based addiction prevention, treatment, and recovery interventions into routine practice.","The goal of this notice of funding opportunity (NOFO) is to address the opioid crisis and/or overdose events by supporting action-oriented research, accelerating the translation of addiction epidemiology, prevention, treatment services, and recovery research to practice.",lead,state_governments,DMHDDSUS,8.0,DMHDDSUS already coordinates North Carolina's opioid and substance use response and could administer a translational research grant with university or community research partners.,"This is a competitive NIH research mechanism, so NCDHHS would need strong research/evaluation capacity or an academic partner to be viable.",True,"Directly aligns with G3.O4 opioid/substance use efforts; DMHDDSUS could lead with research partners to translate evidence-based prevention, treatment, and recovery into practice.",[],True,True,lead,deepseek/deepseek-v4-pro,92b0344f579a,True,10.0,0.15,1.0,0.0,0.0,84.5,open
3,d23e74e1-5ffd-4ef3-ad72-7fb9697e5949,Interventions to Address Disparities in Liver Diseases and Liver Cancer (R01 - Clinical Trials Optional),open,False,False,,d23e74e1-5ffd-4ef3-ad72-7fb9697e5949,PAR-25-299,posted,HHS-NIH11,discretionary,,2024-12-05,2028-01-07,,2028-02-12,False,,,,,http://grants.nih.gov/grants/guide/pa-files/PAR-25-299.html,https://grants.nih.gov/grants/guide/pa-files/PAR-25-299.html,93.399|Cancer Control;93.307|Minority Health and Health Disparities Research;93.273|Alcohol Research Programs,grant,health;education,,for_profit_organizations_other_than_small_businesses;small_businesses;nonprofits_non_higher_education_without_501c3;private_institutions_of_higher_education;other;federally_recognized_native_american_tribal_governments;state_governments;independent_school_districts;public_and_indian_housing_authorities;other_native_american_tribal_organizations;public_and_state_institutions_of_higher_education;nonprofits_non_higher_education_with_501c3;county_governments;city_or_township_governments;special_district_governments,"Other Eligible Applicants include the following:
 Alaska Native and Native Hawaiian Serving Institutions; Asian American Native American Pacific Islander Serving Institutions (AANAPISISs); Eligible Agencies of the Federal Government; Faith-based or Community-based Organizations; Hispanic-serving Institutions; Historically Black Colleges and Universities (HBCUs); Indian/Native American Tribal Governments (Other than Federally Recognized); Non-domestic (non-U.S.) Entities (Foreign Organizations); Regional Organizations; Tribally Controlled Colleges and Universities (TCCUs) ; U.S. Territory or Possession; Non-domestic (non-U.S.) Entities (Foreign Organizations) are not eligible to apply.

Non-domestic (non-U.S.) components of U.S. Organizations are not eligible to apply.

Foreign components, as defined in the NIH Grants Policy Statement, are allowed.",National Institutes of Health,Department of Health and Human Services,"NIH Grants Information
grantsinfo@nih.gov",grantsinfo@nih.gov,See Section VII. Agency Contacts within the full opportunity announcement for all other inquires.,,,,,,,,,https://simpler.grants.gov/opportunity/d23e74e1-5ffd-4ef3-ad72-7fb9697e5949,"This initiative will support multi-level and/or multi-domain intervention research to reduce disparities in liver diseases and liver cancer among populations who experience health disparities in the United States (U.S.). This NOFO is being reissued in accordance with the simplified review criteria in effect for application due dates after January 25, 2025.","This initiative will support multi-level and/or multi-domain intervention research to reduce disparities in liver diseases and liver cancer among populations who experience health disparities in the United States (U.S.). This NOFO is being reissued in accordance with the simplified review criteria in effect for application due dates after January 25, 2025.","Interventions to Address Disparities in Liver Diseases and Liver Cancer (R01 - Clinical Trials Optional)
This initiative will support multi-level and/or multi-domain intervention research to reduce disparities in liver diseases and liver cancer among populations who experience health disparities in the United States (U.S.). This NOFO is being reissued in accordance with the simplified review criteria in effect for application due dates after January 25, 2025.
Other Eligible Applicants include the following:
 Alaska Native and Native Hawaiian Serving Institutions; Asian American Native American Pacific Islander Serving Institutions (AANAPISISs); Eligible Agencies of the Federal Government; Faith-based or Community-based Organizations; Hispanic-serving Institutions; Historically Black Colleges and Universities (HBCUs); Indian/Native American Tribal Governments (Other than Federally Recognized); Non-domestic (non-U.S.) Entities (Foreign Organizations); Regional Organizations; Tribally Controlled Colleges and Universities (TCCUs) ; U.S. Territory or Possession; Non-domestic (non-U.S.) Entities (Foreign Organizations) are not eligible to apply.

Non-domestic (non-U.S.) components of U.S. Organizations are not eligible to apply.

Foreign components, as defined in the NIH Grants Policy Statement, are allowed.",False,2028-01-07,464.0,False,False,False,False,False,True,10.0,False,,False,False,False,False,False,False,False,False,,unknown,,False,True,False,False,False,True,5.0,False,,False,False,True,True,True,True,True,True,False,False,True,15,False,True,,False,False,False,False,3,True,False,True,activity code R01,True,False,False,False,,2026-09-30,2026-08-18,Interventions to Address Disparities in Liver Diseases and Liver Cancer (R01 - Clinical Trials Optional),open,ok,9.0,G1,G1.O1,"The funded intervention research directly advances G1.O1, which commits NCDHHS to reducing health disparities across the Department, by targeting disparities in liver diseases and liver cancer.",This initiative will support multi-level and/or multi-domain intervention research to reduce disparities in liver diseases and liver cancer among populations who experience health disparities in the United States (U.S.).,lead,state_governments,DPH,8.0,"DPH runs chronic disease, cancer, epidemiology, and health disparity surveillance programs, so leading or partnering on this research is an extension of existing work.","R01 research grants typically require substantial research infrastructure and do not fund direct service delivery, so NCDHHS would likely need an academic partner to be competitive.",True,NIH R01 research on reducing liver disease and cancer disparities aligns with DPH chronic disease and health equity work; review as lead or partner.,[],True,True,lead,deepseek/deepseek-v4-pro,92b0344f579a,True,10.0,0.15,1.0,0.0,0.0,84.5,open
4,ce0af039-93ef-4a21-879f-9ac3aca06b0d,REACHing Communities (REACH) Consortium (U01) Clinical Trials Optional,forecast,True,False,,ce0af039-93ef-4a21-879f-9ac3aca06b0d,FOR-FD-25-012,forecasted,HHS-FDA,discretionary,,2024-08-14,,,,False,6.0,,3000000.0,3000000.0,,,93.103|Food and Drug Administration Research,cooperative_agreement,consumer_protection;agriculture;food_and_nutrition,,state_governments;city_or_township_governments;other_native_american_tribal_organizations;for_profit_organizations_other_than_small_businesses;small_businesses;nonprofits_non_higher_education_with_501c3;public_and_indian_housing_authorities;nonprofits_non_higher_education_without_501c3;county_governments;special_district_governments;public_and_state_institutions_of_higher_education;federally_recognized_native_american_tribal_governments;independent_school_districts;private_institutions_of_higher_education;unrestricted,,Food and Drug Administration,Department of Health and Human Services,"Terrin Brown
Grantor
2404027610",terrin.brown@fda.hhs.gov,terrin.brown@fda.hhs.gov,,,,,,2025.0,,,https://simpler.grants.gov/opportunity/ce0af039-93ef-4a21-879f-9ac3aca06b0d,"<p>This purpose of this notice of funding opportunity (NOFO) is for FDA Office of Minority Health and Health Equity's (OMHHE) Health Equity Innovation Award: Racial &amp; Ethnic Minority Acceleration Consortium for Health Equity (REACH). The consortium will consist of multiple cooperative agreement (U01) recipients that will strengthen and advance minority health and health equity focused research, outreach, and communications as well as support training and mentoring of diverse students, fellows, and/or researchers.</p>","This purpose of this notice of funding opportunity (NOFO) is for FDA Office of Minority Health and Health Equity's (OMHHE) Health Equity Innovation Award: Racial & Ethnic Minority Acceleration Consortium for Health Equity (REACH). The consortium will consist of multiple cooperative agreement (U01) recipients that will strengthen and advance minority health and health equity focused research, outreach, and communications as well as support training and mentoring of diverse students, fellows, and/or researchers.","REACHing Communities (REACH) Consortium (U01) Clinical Trials Optional
This purpose of this notice of funding opportunity (NOFO) is for FDA Office of Minority Health and Health Equity's (OMHHE) Health Equity Innovation Award: Racial & Ethnic Minority Acceleration Consortium for Health Equity (REACH). The consortium will consist of multiple cooperative agreement (U01) recipients that will strengthen and advance minority health and health equity focused research, outreach, and communications as well as support training and mentoring of diverse students, fellows, and/or researchers.
",False,,,False,False,False,False,False,False,,True,,False,False,False,False,False,False,False,False,,award_ceiling,3000000.0,True,False,True,False,False,False,7.39,False,,False,False,True,True,True,True,True,True,False,True,False,15,False,True,,False,False,False,False,1,True,False,True,activity code U01,True,False,False,True,,2026-09-30,2026-08-18,REACHing Communities (REACH) Consortium (U01) Clinical Trials Optional,forecast,ok,9.0,G1,G1.O1,"The grant directly funds minority health and health equity research, outreach, communications, and training, which advances NCDHHS's goal of reducing health disparities and building capacity for health access.","strengthen and advance minority health and health equity focused research, outreach, and communications as well as support training and mentoring of diverse students, fellows, and/or researchers.",lead,state_governments,DPH,7.0,"DPH's public health, epidemiology, health equity, and community outreach portfolio is the closest fit for leading a minority health equity research and training consortium.","FDA research consortium may demand clinical or regulatory research expertise and consortium coordination that NCDHHS divisions do not routinely have, with benefits mostly in research capacity rather than direct services.",True,FDA health equity research and training consortium fits Goal 1 reducing health disparities; DPH could lead with research and community partners.,"[""Cooperative agreement (U01) structure requires coordination across a multi-recipient consortium.""]",True,True,lead,deepseek/deepseek-v4-pro,92b0344f579a,True,10.0,0.0,0.85,0.0,0.0,83.04,forecast_watchlist
5,04e6fd79-8789-47c8-be6f-646c0e686087,Improving Linkage to Care for People with Opioid Use Disorder (U01),forecast,True,False,,04e6fd79-8789-47c8-be6f-646c0e686087,RFA-CE-27-017,forecasted,HHS-CDC-HHSCDCERA,discretionary,,2026-07-02,,,2026-12-31,False,5.0,11250000.0,0.0,550000.0,,,93.136|Injury Prevention and Control Research and State and Community Based Programs,cooperative_agreement,health,,other_native_american_tribal_organizations;independent_school_districts;special_district_governments;city_or_township_governments;for_profit_organizations_other_than_small_businesses;public_and_state_institutions_of_higher_education;federally_recognized_native_american_tribal_governments;nonprofits_non_higher_education_with_501c3;private_institutions_of_higher_education;other;state_governments;nonprofits_non_higher_education_without_501c3;county_governments;small_businesses;public_and_indian_housing_authorities,Additional Eligibility Information to be included in the NOFO,Centers for Disease Control and Prevention - ERA,Department of Health and Human Services,"Tamara N. Crawford, DBH, MPH
N/A",ncipc_erpo@cdc.gov,ncipc_erpo@cdc.gov,2026-10-01,2026-12-01,Electronically submitted applications must be submitted no later than 11:59 pm ET on the listed application due date.,2027-08-29,2027-09-30,2027.0,,,https://simpler.grants.gov/opportunity/04e6fd79-8789-47c8-be6f-646c0e686087,"<p>The Centers for Disease Control and Prevention’s (CDC) National Center for Injury Prevention and Control (NCIPC, Injury Center) is soliciting investigator-initiated research to develop, implement, and rigorously evaluate strategies to address and overcome barriers to implementing evidence-based linkage to care services in health care settings. Strategies should focus on individuals with opioid use disorder (OUD) or who meet criteria consistent with an OUD and are at risk of an opioid overdose with or without involvement of other substances.&nbsp;</p><p>Applicants are expected to have at least one partnership with a public health entity or bona fide agent to identify solutions to challenges in linkages to care. The proposed research should articulate how partnerships with public health entities were established or fostered. All applicants must also propose to collaborate with a local champion in a health care setting to improve linkage to care services and outcomes.</p><p>Outcomes can be captured by at least two required measures as defined in the NOFO. &nbsp;</p><p>Solutions are expected to be actionable approaches that can be adopted by clinicians and health systems in real-world settings and ensure availability of comprehensive overdose prevention services.&nbsp;<br>&nbsp;</p>","The Centers for Disease Control and Prevention’s (CDC) National Center for Injury Prevention and Control (NCIPC, Injury Center) is soliciting investigator-initiated research to develop, implement, and rigorously evaluate strategies to address and overcome barriers to implementing evidence-based linkage to care services in health care settings. Strategies should focus on individuals with opioid use disorder (OUD) or who meet criteria consistent with an OUD and are at risk of an opioid overdose with or without involvement of other substances. 
 Applicants are expected to have at least one partnership with a public health entity or bona fide agent to identify solutions to challenges in linkages to care. The proposed research should articulate how partnerships with public health entities were established or fostered. All applicants must also propose to collaborate with a local champion in a health care setting to improve linkage to care services and outcomes.
 Outcomes can be captured by at least two required measures as defined in the NOFO.  
 Solutions are expected to be actionable approaches that can be adopted by clinicians and health systems in real-world settings and ensure availability of comprehensive overdose prevention services.","Improving Linkage to Care for People with Opioid Use Disorder (U01)
The Centers for Disease Control and Prevention’s (CDC) National Center for Injury Prevention and Control (NCIPC, Injury Center) is soliciting investigator-initiated research to develop, implement, and rigorously evaluate strategies to address and overcome barriers to implementing evidence-based linkage to care services in health care settings. Strategies should focus on individuals with opioid use disorder (OUD) or who meet criteria consistent with an OUD and are at risk of an opioid overdose with or without involvement of other substances. 
 Applicants are expected to have at least one partnership with a public health entity or bona fide agent to identify solutions to challenges in linkages to care. The proposed research should articulate how partnerships with public health entities were established or fostered. All applicants must also propose to collaborate with a local champion in a health care setting to improve linkage to care services and outcomes.
 Outcomes can be captured by at least two required measures as defined in the NOFO.  
 Solutions are expected to be actionable approaches that can be adopted by clinicians and health systems in real-world settings and ensure availability of comprehensive overdose prevention services.
Additional Eligibility Information to be included in the NOFO",False,,,False,False,False,False,False,False,,False,1.0,False,False,False,False,False,False,False,False,2250000.0,award_ceiling,550000.0,True,False,False,False,False,False,3.7,False,,False,False,True,True,True,True,True,True,False,False,True,15,False,True,,False,False,False,False,1,True,False,True,activity code U01,True,False,False,False,,2026-09-30,2026-08-18,Improving Linkage to Care for People with Opioid Use Disorder (U01),forecast,ok,9.0,G3,G3.O4,"This grant directly funds research to implement and evaluate evidence-based linkage to care for people with opioid use disorder, matching NCDHHS's goal to turn the tide on the opioid and substance use crisis.","develop, implement, and rigorously evaluate strategies to address and overcome barriers to implementing evidence-based linkage to care services in health care settings.",lead,state_governments,DMHDDSUS,9.0,DMHDDSUS already oversees substance use and opioid services and could manage a research partnership focused on improving OUD linkage to care.,"This CDC U01 is investigator-initiated research, so it likely rewards strong research and evaluation capacity and may not fund direct service expansion without an academic or research partner.",True,"Directly matches NCDHHS opioid crisis goal; could route to DMHDDSUS with research partners, though requires rigorous evaluation and public-health partnerships.","[""Requires at least one partnership with a public health entity or bona fide agent."", ""Requires collaboration with a local champion in a health care setting."", ""Requires at least two defined outcome measures."", ""Cooperative agreement with CDC, involving federal programmatic involvement.""]",True,True,lead,deepseek/deepseek-v4-pro,92b0344f579a,True,10.0,0.0,0.85,0.0,0.0,82.41,forecast_watchlist
6,b8957faa-5824-4b59-b18f-3b4a69501121,Accelerating Solutions to Improve Access and Quality of Empirically-Supported Practices for Youth Mental Health (R01 Clinical Trial Optional),open,False,False,,b8957faa-5824-4b59-b18f-3b4a69501121,PAR-25-310,posted,HHS-NIH11,discretionary,,2024-12-03,2027-01-07,,2027-02-12,False,,,,,http://grants.nih.gov/grants/guide/pa-files/PAR-25-310.html,https://grants.nih.gov/grants/guide/pa-files/PAR-25-310.html,93.242|Mental Health Research Grants,grant,health,,state_governments;for_profit_organizations_other_than_small_businesses;other_native_american_tribal_organizations;small_businesses;independent_school_districts;public_and_state_institutions_of_higher_education;federally_recognized_native_american_tribal_governments;private_institutions_of_higher_education;nonprofits_non_higher_education_with_501c3;other;city_or_township_governments;public_and_indian_housing_authorities;special_district_governments;nonprofits_non_higher_education_without_501c3;county_governments,"Other Eligible Applicants include the following:
 Alaska Native and Native Hawaiian Serving Institutions; Asian American Native American Pacific Islander Serving Institutions (AANAPISISs); Eligible Agencies of the Federal Government; Faith-based or Community-based Organizations; Hispanic-serving Institutions; Historically Black Colleges and Universities (HBCUs); Indian/Native American Tribal Governments (Other than Federally Recognized); Non-domestic (non-U.S.) Entities (Foreign Organizations); Regional Organizations; Tribally Controlled Colleges and Universities (TCCUs) ; U.S. Territory or Possession; Non-domestic (non-U.S.) Entities (Foreign Organizations) are not eligible to apply.

Non-domestic (non-U.S.) components of U.S. Organizations are not eligible to apply.

Foreign components, as defined in the NIH Grants Policy Statement, are not allowed.",National Institutes of Health,Department of Health and Human Services,"NIH Grants Information
grantsinfo@nih.gov",grantsinfo@nih.gov,See Section VII. Agency Contacts within the full opportunity announcement for all other inquires.,,,,,,,,,https://simpler.grants.gov/opportunity/b8957faa-5824-4b59-b18f-3b4a69501121,"This NOFO is a call to action in response to the mental health crisis in the United States. We seek applications that will study methods to increase access to evidence-based interventions and services for youth mental health, including those living in rural areas, inner cities, and other under-resourced areas, and youth experiencing housing and food insecurities and out-right homelessness. Applications should address research related to optimizing assessment, intervention and service strategies, overcoming challenges related to the workforce shortage, wait lists for treatment, integration of treatment and preventive interventions into settings where people are most likely to be best identified as needing care (eg: schools, social service, pediatric medicine and justice), and service interventions that address systemic barriers to access and quality of mental health care (structural, policy, organizational, value (cost/financing), management).","This NOFO is a call to action in response to the mental health crisis in the United States. We seek applications that will study methods to increase access to evidence-based interventions and services for youth mental health, including those living in rural areas, inner cities, and other under-resourced areas, and youth experiencing housing and food insecurities and out-right homelessness. Applications should address research related to optimizing assessment, intervention and service strategies, overcoming challenges related to the workforce shortage, wait lists for treatment, integration of treatment and preventive interventions into settings where people are most likely to be best identified as needing care (eg: schools, social service, pediatric medicine and justice), and service interventions that address systemic barriers to access and quality of mental health care (structural, policy, organizational, value (cost/financing), management).","Accelerating Solutions to Improve Access and Quality of Empirically-Supported Practices for Youth Mental Health (R01 Clinical Trial Optional)
This NOFO is a call to action in response to the mental health crisis in the United States. We seek applications that will study methods to increase access to evidence-based interventions and services for youth mental health, including those living in rural areas, inner cities, and other under-resourced areas, and youth experiencing housing and food insecurities and out-right homelessness. Applications should address research related to optimizing assessment, intervention and service strategies, overcoming challenges related to the workforce shortage, wait lists for treatment, integration of treatment and preventive interventions into settings where people are most likely to be best identified as needing care (eg: schools, social service, pediatric medicine and justice), and service interventions that address systemic barriers to access and quality of mental health care (structural, policy, organizational, value (cost/financing), management).
Other Eligible Applicants include the following:
 Alaska Native and Native Hawaiian Serving Institutions; Asian American Native American Pacific Islander Serving Institutions (AANAPISISs); Eligible Agencies of the Federal Government; Faith-based or Community-based Organizations; Hispanic-serving Institutions; Historically Black Colleges and Universities (HBCUs); Indian/Native American Tribal Governments (Other than Federally Recognized); Non-domestic (non-U.S.) Entities (Foreign Organizations); Regional Organizations; Tribally Controlled Colleges and Universities (TCCUs) ; U.S. Territory or Possession; Non-domestic (non-U.S.) Entities (Foreign Organizations) are not eligible to apply.

Non-domestic (non-U.S.) components of U.S. Organizations are not eligible to apply.

Foreign components, as defined in the NIH Grants Policy Statement, are not allowed.",False,2027-01-07,99.0,False,False,False,False,False,True,10.0,False,,False,False,False,False,False,False,False,False,,unknown,,False,True,False,False,False,True,5.0,False,,False,False,True,True,True,True,True,True,False,False,True,15,False,True,,False,False,False,False,1,True,False,True,activity code R01,True,False,False,False,,2026-09-30,2026-08-18,Accelerating Solutions to Improve Access and Quality of Empirically-Supported Practices for Youth Mental Health (R01 Clinical Trial Optional),open,ok,9.0,G2,G2.O1,"The grant directly funds research to improve access to evidence-based youth mental health services, which advances NCDHHS's objective of meeting the behavioral and mental health needs of children and families.","We seek applications that will study methods to increase access to evidence-based interventions and services for youth mental health, including those living in rural areas, inner cities, and other under-resourced areas, and youth experiencing housing and food insecurities and out-right homelessness.",lead,state_governments,DCFW,7.0,DCFW already oversees child behavioral health and school health programs and could manage this research grant with academic or community research partners.,"As an NIH R01 research mechanism, it does not fund direct service expansion and would require NCDHHS to have or build research administration capacity and an academic research partner.",True,"Strong strategic fit with child behavioral health; eligible state applicant, but would require research partner. Recommend review for DCFW.",[],True,True,lead,deepseek/deepseek-v4-pro,92b0344f579a,True,10.0,0.15,1.0,0.0,0.0,82.0,open
7,d9f9695f-bc11-49cb-a6ab-bebe8767c637,"Pilot Health Services and Economic Research on the Treatment of Drug, Alcohol, and Tobacco Use Disorders (R34 Clinical Trial Optional)",open,False,False,,d9f9695f-bc11-49cb-a6ab-bebe8767c637,PAR-25-100,posted,HHS-NIH11,discretionary,,2024-12-06,2027-05-07,,2027-06-12,False,,,,,http://grants.nih.gov/grants/guide/pa-files/PAR-25-100.html,https://grants.nih.gov/grants/guide/pa-files/PAR-25-100.html,93.279|Drug Use and Addiction Research Programs,grant,health;education,,public_and_indian_housing_authorities;state_governments;other;special_district_governments;city_or_township_governments;nonprofits_non_higher_education_with_501c3;nonprofits_non_higher_education_without_501c3;private_institutions_of_higher_education;county_governments;independent_school_districts;public_and_state_institutions_of_higher_education;small_businesses;other_native_american_tribal_organizations;for_profit_organizations_other_than_small_businesses;federally_recognized_native_american_tribal_governments,"Other Eligible Applicants include the following:
 Alaska Native and Native Hawaiian Serving Institutions; Asian American Native American Pacific Islander Serving Institutions (AANAPISISs); Eligible Agencies of the Federal Government; Faith-based or Community-based Organizations; Hispanic-serving Institutions; Historically Black Colleges and Universities (HBCUs); Indian/Native American Tribal Governments (Other than Federally Recognized); Non-domestic (non-U.S.) Entities (Foreign Organizations); Regional Organizations; Tribally Controlled Colleges and Universities (TCCUs) ; U.S. Territory or Possession.",National Institutes of Health,Department of Health and Human Services,"NIH Grants Information
grantsinfo@nih.gov",grantsinfo@nih.gov,See Section VII. Agency Contacts within the full opportunity announcement for all other inquires.,,,,,,,,,https://simpler.grants.gov/opportunity/d9f9695f-bc11-49cb-a6ab-bebe8767c637,"This Notice of Funding Opportunity (NOFO) encourages pilot and preliminary research in preparation for larger-scale services research effectiveness trials. Relevant trials may test a wide range of approaches, including interventions, practices, and policies designed to optimize access to, and the quality, effectiveness, affordability and utilization of drug, tobacco, or alcohol use disorder treatments and related services, as well as services for comorbid medical and mental disorder conditions. Relevant approaches may include both those that are novel, and those that are commonly used in practice but lack an evidence base. This NOFO provides resources for assessing the feasibility, acceptability, and utility of these approaches, in addition to usual trial preparation activities.","This Notice of Funding Opportunity (NOFO) encourages pilot and preliminary research in preparation for larger-scale services research effectiveness trials. Relevant trials may test a wide range of approaches, including interventions, practices, and policies designed to optimize access to, and the quality, effectiveness, affordability and utilization of drug, tobacco, or alcohol use disorder treatments and related services, as well as services for comorbid medical and mental disorder conditions. Relevant approaches may include both those that are novel, and those that are commonly used in practice but lack an evidence base. This NOFO provides resources for assessing the feasibility, acceptability, and utility of these approaches, in addition to usual trial preparation activities.","Pilot Health Services and Economic Research on the Treatment of Drug, Alcohol, and Tobacco Use Disorders (R34 Clinical Trial Optional)
This Notice of Funding Opportunity (NOFO) encourages pilot and preliminary research in preparation for larger-scale services research effectiveness trials. Relevant trials may test a wide range of approaches, including interventions, practices, and policies designed to optimize access to, and the quality, effectiveness, affordability and utilization of drug, tobacco, or alcohol use disorder treatments and related services, as well as services for comorbid medical and mental disorder conditions. Relevant approaches may include both those that are novel, and those that are commonly used in practice but lack an evidence base. This NOFO provides resources for assessing the feasibility, acceptability, and utility of these approaches, in addition to usual trial preparation activities.
Other Eligible Applicants include the following:
 Alaska Native and Native Hawaiian Serving Institutions; Asian American Native American Pacific Islander Serving Institutions (AANAPISISs); Eligible Agencies of the Federal Government; Faith-based or Community-based Organizations; Hispanic-serving Institutions; Historically Black Colleges and Universities (HBCUs); Indian/Native American Tribal Governments (Other than Federally Recognized); Non-domestic (non-U.S.) Entities (Foreign Organizations); Regional Organizations; Tribally Controlled Colleges and Universities (TCCUs) ; U.S. Territory or Possession.",False,2027-05-07,219.0,False,False,False,False,False,True,10.0,False,,False,False,False,False,False,False,False,False,,unknown,,False,True,False,False,False,True,5.0,False,,False,False,True,True,True,True,True,True,False,False,True,15,False,True,,False,False,False,False,1,True,False,True,activity code R34,True,False,False,False,,2026-09-30,2026-08-18,"Pilot Health Services and Economic Research on the Treatment of Drug, Alcohol, and Tobacco Use Disorders (R34 Clinical Trial Optional)",open,ok,9.0,G3,G3.O4,"This grant funds pilot research on treatments and services for drug, alcohol, and tobacco use disorders, which supports the evidence-based treatment strategies under G3.O4.",pilot and preliminary research in preparation for larger-scale services research effectiveness trials,lead,state_governments,DMHDDSUS,7.0,"DMHDDSUS oversees substance-use and opioid services and could lead or partner on a pilot services research study, though it may need research collaborators.","As an NIH R34 research grant, it funds feasibility and pilot studies rather than direct treatment expansion, and success depends on having research infrastructure and investigator capacity.",True,"Pilot research on substance-use disorder treatment services aligns with G3.O4 and DMHDDSUS priorities; state agencies are eligible, though it funds research rather than direct services.",[],True,True,lead,deepseek/deepseek-v4-pro,92b0344f579a,True,10.0,0.15,1.0,0.0,0.0,82.0,open
8,299bb7ba-7783-4da0-9c7c-12f00919cf0b,Implementation Science to End the HIV Epidemic,forecast,True,False,,299bb7ba-7783-4da0-9c7c-12f00919cf0b,RFA-AI-27-018,forecasted,HHS-NIH11,discretionary,,2025-11-18,,,,False,10.0,7000000.0,,,,,93.855|Allergy and Infectious Diseases Research,grant,health,,federally_recognized_native_american_tribal_governments;other;independent_school_districts;public_and_state_institutions_of_higher_education;public_and_indian_housing_authorities;small_businesses;private_institutions_of_higher_education;city_or_township_governments;special_district_governments;nonprofits_non_higher_education_with_501c3;county_governments;state_governments;for_profit_organizations_other_than_small_businesses;other_native_american_tribal_organizations;nonprofits_non_higher_education_without_501c3,Other Eligible ApplicantsIndian/Native American Tribal Governments (Other than Federally Recognized);Eligible Agencies of the Federal Government;U.S. Territory or Possession;Faith-based or Community-based Organizations;Regional Organizations;Non-domestic (non-U.S.) Entities (Foreign Institutions).,National Institutes of Health,Department of Health and Human Services,"Rebecca Mandt, Ph.D.
301-435-7695",rebecca.mandt@nih.gov,rebecca.mandt@nih.gov,2026-02-13,2026-04-17,,2026-12-01,2026-12-01,2027.0,,,https://simpler.grants.gov/opportunity/299bb7ba-7783-4da0-9c7c-12f00919cf0b,"<p>The National Institute of Allergy and Infectious Diseases (NIAID) seeks to advance its mission by continuing support for&nbsp;<span style=""background-color:white;"">implementation science to end the HIV epidemic. Projects will leverage research-community collaborations to bring evidence-based advances in HIV prevention, diagnosis, treatment, and cluster outbreak response to communities disproportionately impacted by HIV. The goals of these projects will be to: (1) Develop strategies to end HIV by integrating innovations across disciplines such as epidemiology, data science, public health, medicine, social services, implementation science, and community engagement, and&nbsp;(2) Deploy, test, and evaluate new or existing strategies at multiple geographic locations or settings.</span>&nbsp;<span style=""background-color:white;"">While deployment of these strategies will occur at the local scale, through partnerships with, local, state, and federal public health partners, the overall program will&nbsp;</span>advance generalized knowledge that informs larger scale efforts to end HIV.&nbsp;Grant authorities that allow NIAID to forecast this opportunity are as follows: Sections 301 and 405 of the Public Health Service Act as amended (42 USC 241 and 284) and under Federal Regulations 42 CFR Part 52 and 2 CFR Part 200.</p>","The National Institute of Allergy and Infectious Diseases (NIAID) seeks to advance its mission by continuing support for  implementation science to end the HIV epidemic. Projects will leverage research-community collaborations to bring evidence-based advances in HIV prevention, diagnosis, treatment, and cluster outbreak response to communities disproportionately impacted by HIV. The goals of these projects will be to: (1) Develop strategies to end HIV by integrating innovations across disciplines such as epidemiology, data science, public health, medicine, social services, implementation science, and community engagement, and (2) Deploy, test, and evaluate new or existing strategies at multiple geographic locations or settings.   While deployment of these strategies will occur at the local scale, through partnerships with, local, state, and federal public health partners, the overall program will  advance generalized knowledge that informs larger scale efforts to end HIV. Grant authorities that allow NIAID to forecast this opportunity are as follows: Sections 301 and 405 of the Public Health Service Act as amended (42 USC 241 and 284) and under Federal Regulations 42 CFR Part 52 and 2 CFR Part 200.","Implementation Science to End the HIV Epidemic
The National Institute of Allergy and Infectious Diseases (NIAID) seeks to advance its mission by continuing support for  implementation science to end the HIV epidemic. Projects will leverage research-community collaborations to bring evidence-based advances in HIV prevention, diagnosis, treatment, and cluster outbreak response to communities disproportionately impacted by HIV. The goals of these projects will be to: (1) Develop strategies to end HIV by integrating innovations across disciplines such as epidemiology, data science, public health, medicine, social services, implementation science, and community engagement, and (2) Deploy, test, and evaluate new or existing strategies at multiple geographic locations or settings.   While deployment of these strategies will occur at the local scale, through partnerships with, local, state, and federal public health partners, the overall program will  advance generalized knowledge that informs larger scale efforts to end HIV. Grant authorities that allow NIAID to forecast this opportunity are as follows: Sections 301 and 405 of the Public Health Service Act as amended (42 USC 241 and 284) and under Federal Regulations 42 CFR Part 52 and 2 CFR Part 200.
Other Eligible ApplicantsIndian/Native American Tribal Governments (Other than Federally Recognized);Eligible Agencies of the Federal Government;U.S. Territory or Possession;Faith-based or Community-based Organizations;Regional Organizations;Non-domestic (non-U.S.) Entities (Foreign Institutions).",False,,,False,False,False,False,False,False,,False,-229.0,True,True,False,False,False,False,False,False,700000.0,average_award,700000.0,True,False,False,False,False,False,4.23,False,,False,False,True,True,True,True,True,True,False,False,True,15,False,True,,False,False,False,False,1,True,False,True,NIH opportunity,True,False,False,False,,2026-09-30,2026-08-18,Implementation Science to End the HIV Epidemic,forecast,ok,9.0,G1,G1.O1,"The grant funds implementation science to bring HIV prevention, diagnosis, treatment, and outbreak response to communities disproportionately impacted by HIV, directly supporting work to reduce health disparities and increase health access.","Projects will leverage research-community collaborations to bring evidence-based advances in HIV prevention, diagnosis, treatment, and cluster outbreak response to communities disproportionately impacted by HIV.",lead,state_governments,DPH,8.0,"DPH already runs HIV/STD prevention, surveillance, and care programs and regularly partners with community and academic organizations, so this research grant is an extension of existing public health authority and work.","As an NIH implementation science grant, it funds research and evaluation rather than direct services, and NCDHHS may need a strong academic research partner to compete successfully.",True,"DPH could extend its HIV prevention and surveillance work with implementation research, though it may need academic partners.","[""Requires research-community collaborations"", ""Requires deployment and evaluation at multiple geographic locations or settings"", ""Requires partnerships with local, state, and federal public health partners""]",True,True,lead,deepseek/deepseek-v4-pro,92b0344f579a,True,10.0,0.0,0.85,0.0,0.0,80.41,forecast_watchlist
9,5e3d9abd-5a49-4f06-a82a-d7c050647ffe,Pilot Effectiveness Trials of Peer Support Services for Suicide Prevention,forecast,True,False,,5e3d9abd-5a49-4f06-a82a-d7c050647ffe,FOR-MH-26-160,forecasted,HHS-NIH11,discretionary,,2025-06-17,,,,False,,3000000.0,,,,,93.242|Mental Health Research Grants,grant,health,,federally_recognized_native_american_tribal_governments;private_institutions_of_higher_education;nonprofits_non_higher_education_with_501c3;other_native_american_tribal_organizations;public_and_state_institutions_of_higher_education;independent_school_districts;small_businesses;for_profit_organizations_other_than_small_businesses;state_governments;county_governments;public_and_indian_housing_authorities,,National Institutes of Health,Department of Health and Human Services,"Stephen O'Connor, Ph.D.
National Institute of Mental Health, NIMH
301-480-8366",stephen.oconnor@nih.gov,stephen.oconnor@nih.gov,2025-08-28,2025-10-28,,2026-07-01,2026-07-01,2026.0,,,https://simpler.grants.gov/opportunity/5e3d9abd-5a49-4f06-a82a-d7c050647ffe,"<p><span style=""color: rgb(51, 51, 51);"">The National Institute of Mental Health (NIMH) intends to publish a Notice of Funding Opportunity (NOFO) to solicit applications for research on the preliminary effectiveness of peer support intervention strategies for reducing suicide risk in clinical and community practice settings. In this pilot phase of effectiveness research, the trial should be designed to (1) evaluate the feasibility, tolerability, acceptability, safety, and potential effectiveness of the approach; (2) to address whether the intervention engages the factors presumed to underlie the intervention effects; and (3) to obtain preliminary data needed as a pre-requisite to a larger-scale effectiveness trial designed to definitively test the effectiveness of the intervention.&nbsp;Applications are not being solicited at this time. Notice is being provided to allow potential applicants sufficient time to develop meaningful collaborations and responsive projects.&nbsp;This NOFO will utilize the R01 activity code. Investigators with expertise and insights into developing and testing scalable and sustainable peer support interventions in clinical and community practice settings focused on suicide risk reduction are encouraged to consider applying for this new NOFO. In addition, collaborative investigations combining expertise in peer support models for suicide prevention, intervention development and clinical trials research methodology, and implementation science related to developing and testing suicide prevention strategies will be encouraged, and investigators with expertise in these areas should consider applying for this NOFO.</span></p>","The National Institute of Mental Health (NIMH) intends to publish a Notice of Funding Opportunity (NOFO) to solicit applications for research on the preliminary effectiveness of peer support intervention strategies for reducing suicide risk in clinical and community practice settings. In this pilot phase of effectiveness research, the trial should be designed to (1) evaluate the feasibility, tolerability, acceptability, safety, and potential effectiveness of the approach; (2) to address whether the intervention engages the factors presumed to underlie the intervention effects; and (3) to obtain preliminary data needed as a pre-requisite to a larger-scale effectiveness trial designed to definitively test the effectiveness of the intervention. Applications are not being solicited at this time. Notice is being provided to allow potential applicants sufficient time to develop meaningful collaborations and responsive projects. This NOFO will utilize the R01 activity code. Investigators with expertise and insights into developing and testing scalable and sustainable peer support interventions in clinical and community practice settings focused on suicide risk reduction are encouraged to consider applying for this new NOFO. In addition, collaborative investigations combining expertise in peer support models for suicide prevention, intervention development and clinical trials research methodology, and implementation science related to developing and testing suicide prevention strategies will be encouraged, and investigators with expertise in these areas should consider applying for this NOFO.","Pilot Effectiveness Trials of Peer Support Services for Suicide Prevention
The National Institute of Mental Health (NIMH) intends to publish a Notice of Funding Opportunity (NOFO) to solicit applications for research on the preliminary effectiveness of peer support intervention strategies for reducing suicide risk in clinical and community practice settings. In this pilot phase of effectiveness research, the trial should be designed to (1) evaluate the feasibility, tolerability, acceptability, safety, and potential effectiveness of the approach; (2) to address whether the intervention engages the factors presumed to underlie the intervention effects; and (3) to obtain preliminary data needed as a pre-requisite to a larger-scale effectiveness trial designed to definitively test the effectiveness of the intervention. Applications are not being solicited at this time. Notice is being provided to allow potential applicants sufficient time to develop meaningful collaborations and responsive projects. This NOFO will utilize the R01 activity code. Investigators with expertise and insights into developing and testing scalable and sustainable peer support interventions in clinical and community practice settings focused on suicide risk reduction are encouraged to consider applying for this new NOFO. In addition, collaborative investigations combining expertise in peer support models for suicide prevention, intervention development and clinical trials research methodology, and implementation science related to developing and testing suicide prevention strategies will be encouraged, and investigators with expertise in these areas should consider applying for this NOFO.
",False,,,False,False,False,False,False,False,,False,-398.0,True,True,False,False,False,False,False,False,,program_total,3000000.0,True,False,True,False,False,False,7.0,False,,False,False,True,True,True,True,True,True,False,False,False,11,False,False,,False,False,False,False,1,True,False,True,NIH opportunity,True,False,False,True,,2026-09-30,2026-08-18,Pilot Effectiveness Trials of Peer Support Services for Suicide Prevention,forecast,ok,9.0,G3,G3.O3,"The grant funds research on peer support interventions to reduce suicide risk, which directly builds the evidence base for suicide prevention and crisis services NCDHHS supports.",research on the preliminary effectiveness of peer support intervention strategies for reducing suicide risk in clinical and community practice settings,lead,state_governments,DMHDDSUS,6.0,"DMHDDSUS oversees suicide prevention, crisis services, and peer support policy, but would likely need an academic or clinical research partner to run an NIH R01 trial.","This is a research grant rather than service funding, and NCDHHS would need strong clinical trial research partners to be competitive as a lead applicant.",True,"Strong strategic fit with suicide prevention and 988/crisis work; DMHDDSUS could lead or partner with researchers, but it would not fund direct services.",[],True,True,lead,deepseek/deepseek-v4-pro,92b0344f579a,True,10.0,0.0,0.85,0.0,0.0,79.41,forecast_watchlist
10,3373f830-2c05-4b96-b486-14282c4787f1,"Interventions to expand cancer screening and preventive services to ADVANCE health in populations that experience health disparities (R01, Clinical Trial Required)",open,False,False,,3373f830-2c05-4b96-b486-14282c4787f1,PAR-25-098,posted,HHS-NIH11,discretionary,,2024-10-10,2027-01-07,,2027-02-06,False,,,,,http://grants.nih.gov/grants/guide/pa-files/PAR-25-098.html,https://grants.nih.gov/grants/guide/pa-files/PAR-25-098.html,93.307|Minority Health and Health Disparities Research;93.121|Oral Diseases and Disorders Research;93.313|NIH Office of Research on Women's Health;93.399|Cancer Control,grant,education;health,,public_and_state_institutions_of_higher_education;county_governments;independent_school_districts;other_native_american_tribal_organizations;other;state_governments;city_or_township_governments;nonprofits_non_higher_education_without_501c3;small_businesses;special_district_governments;federally_recognized_native_american_tribal_governments;nonprofits_non_higher_education_with_501c3;for_profit_organizations_other_than_small_businesses;public_and_indian_housing_authorities;private_institutions_of_higher_education,"Other Eligible Applicants include the following: Alaska Native and Native Hawaiian Serving Institutions; Asian American Native American Pacific Islander Serving Institutions (AANAPISISs); Eligible Agencies of the Federal Government; Faith-based or Community-based Organizations; Hispanic-serving Institutions; Historically Black Colleges and Universities (HBCUs); Indian/Native American Tribal Governments (Other than Federally Recognized); Non-domestic (non-U.S.) Entities (Foreign Organizations); Regional Organizations; Tribally Controlled Colleges and Universities (TCCUs) ; U.S. Territory or Possession; Non-domestic (non-U.S.) Entities (Foreign Organizations) are not eligible to apply.Non-domestic (non-U.S.) components of U.S. Organizations are not eligible to apply.Foreign components, as defined in the NIH Grants Policy Statement, are allowed.",National Institutes of Health,Department of Health and Human Services,"NIH Grants Information
grantsinfo@nih.gov",grantsinfo@nih.gov,See Section VII. Agency Contacts within the full opportunity announcement for all other inquires.,,,,,,,,,https://simpler.grants.gov/opportunity/3373f830-2c05-4b96-b486-14282c4787f1,"<p>The Office of Disease Prevention (ODP) and participating National Institutes of Health (NIH) Institutes, Centers, and Offices (ICs) are issuing this R01 to solicit applications to address barriers and facilitators that impede use or uptake of cancer screening and preventive services in populations that experience health disparities.&nbsp;</p><p>Interventions should include screening, preventive services, or other healthcare processes, including timely follow-up of abnormal findings, and referral to accessible care. Projects are encouraged to leverage collaborations with community partners and service providers. Interventions should address barriers and facilitators at two or more of the following levels: patient, clinician, healthcare setting, and neighborhood/community. Specific research interests of participating NIH ICs are detailed within.</p>","The Office of Disease Prevention (ODP) and participating National Institutes of Health (NIH) Institutes, Centers, and Offices (ICs) are issuing this R01 to solicit applications to address barriers and facilitators that impede use or uptake of cancer screening and preventive services in populations that experience health disparities. 
 Interventions should include screening, preventive services, or other healthcare processes, including timely follow-up of abnormal findings, and referral to accessible care. Projects are encouraged to leverage collaborations with community partners and service providers. Interventions should address barriers and facilitators at two or more of the following levels: patient, clinician, healthcare setting, and neighborhood/community. Specific research interests of participating NIH ICs are detailed within.","Interventions to expand cancer screening and preventive services to ADVANCE health in populations that experience health disparities (R01, Clinical Trial Required)
The Office of Disease Prevention (ODP) and participating National Institutes of Health (NIH) Institutes, Centers, and Offices (ICs) are issuing this R01 to solicit applications to address barriers and facilitators that impede use or uptake of cancer screening and preventive services in populations that experience health disparities. 
 Interventions should include screening, preventive services, or other healthcare processes, including timely follow-up of abnormal findings, and referral to accessible care. Projects are encouraged to leverage collaborations with community partners and service providers. Interventions should address barriers and facilitators at two or more of the following levels: patient, clinician, healthcare setting, and neighborhood/community. Specific research interests of participating NIH ICs are detailed within.
Other Eligible Applicants include the following: Alaska Native and Native Hawaiian Serving Institutions; Asian American Native American Pacific Islander Serving Institutions (AANAPISISs); Eligible Agencies of the Federal Government; Faith-based or Community-based Organizations; Hispanic-serving Institutions; Historically Black Colleges and Universities (HBCUs); Indian/Native American Tribal Governments (Other than Federally Recognized); Non-domestic (non-U.S.) Entities (Foreign Organizations); Regional Organizations; Tribally Controlled Colleges and Universities (TCCUs) ; U.S. Territory or Possession; Non-domestic (non-U.S.) Entities (Foreign Organizations) are not eligible to apply.Non-domestic (non-U.S.) components of U.S. Organizations are not eligible to apply.Foreign components, as defined in the NIH Grants Policy Statement, are allowed.",False,2027-01-07,99.0,False,False,False,False,False,True,10.0,False,,False,False,False,False,False,False,False,False,,unknown,,False,True,False,False,False,True,5.0,False,,False,False,True,True,True,True,True,True,False,False,True,15,False,True,,False,False,False,False,4,True,False,True,activity code R01,True,False,False,False,,2026-09-30,2026-08-18,"Interventions to expand cancer screening and preventive services to ADVANCE health in populations that experience health disparities (R01, Clinical Trial Required)",open,ok,8.0,G1,G1.O3,"The grant funds interventions that address barriers to cancer screening and preventive services in populations experiencing health disparities, directly aligning with efforts to mitigate barriers to health services.",Interventions to expand cancer screening and preventive services to ADVANCE health in populations that experience health disparities,lead,state_governments,DPH,7.0,"DPH already oversees chronic disease prevention, epidemiology, and local health partnerships, making it the most natural owner for cancer screening and health disparity interventions.","This is an NIH R01 research mechanism requiring a clinical trial, which demands substantial research and trial infrastructure that NCDHHS may not currently have and favors academic applicants.",True,"Aligns with G1.O3 by funding interventions to reduce cancer screening barriers in disparity populations; DPH could lead or partner, but the clinical-trial R01 requires research capacity.","[""Clinical Trial Required"", ""Interventions should address barriers and facilitators at two or more of the following levels: patient, clinician, healthcare setting, and neighborhood/community"", ""Interventions should include screening, preventive services, or other healthcare processes, including timely follow-up of abnormal findings, and referral to accessible care""]",True,True,lead,deepseek/deepseek-v4-pro,92b0344f579a,True,10.0,0.15,1.0,0.0,0.0,79.0,open
11,c60789ce-21db-4ba1-9cb1-ef7f670c1957,Effectiveness Trials to Test Mental Health System Interventions (R61/R33 Clinical Trial Required),open,False,False,,c60789ce-21db-4ba1-9cb1-ef7f670c1957,PAR-25-285,posted,HHS-NIH11,discretionary,,2024-11-26,2027-10-15,,2027-11-20,False,,,,,http://grants.nih.gov/grants/guide/pa-files/PAR-25-285.html,https://grants.nih.gov/grants/guide/pa-files/PAR-25-285.html,93.242|Mental Health Research Grants,grant,health,,nonprofits_non_higher_education_without_501c3;independent_school_districts;special_district_governments;other;county_governments;federally_recognized_native_american_tribal_governments;for_profit_organizations_other_than_small_businesses;state_governments;city_or_township_governments;nonprofits_non_higher_education_with_501c3;small_businesses;public_and_state_institutions_of_higher_education;public_and_indian_housing_authorities;other_native_american_tribal_organizations;private_institutions_of_higher_education,"Other Eligible Applicants include the following:
 Alaska Native and Native Hawaiian Serving Institutions; Asian American Native American Pacific Islander Serving Institutions (AANAPISISs); Eligible Agencies of the Federal Government; Faith-based or Community-based Organizations; Hispanic-serving Institutions; Historically Black Colleges and Universities (HBCUs); Indian/Native American Tribal Governments (Other than Federally Recognized); Non-domestic (non-U.S.) Entities (Foreign Organizations); Regional Organizations; Tribally Controlled Colleges and Universities (TCCUs) ; U.S. Territory or Possession.",National Institutes of Health,Department of Health and Human Services,"NIH Grants Information
grantsinfo@nih.gov",grantsinfo@nih.gov,See Section VII. Agency Contacts within the full opportunity announcement for all other inquires.,,,,,,,,,https://simpler.grants.gov/opportunity/c60789ce-21db-4ba1-9cb1-ef7f670c1957,"This R61/R33 concept complements NIMHs suite of clinical trial NOFOs by supporting feasibility and infrastructure development (R61) followed by well-powered clinical trials (R33) to test the effectiveness of system interventions and strategies for improving the organization, delivery, coordination, and clinical and functional outcomes of mental health services. System interventions - which may span, for example, structural, policy, organizational, and interpersonal domains - attend to issues about the access, equity, engagement/utilization, value (cost/financing), management, or quality and safety of mental health services, with the goal of improved care processes and clinical and functional outcomes. Accordingly, the focus of system interventions may include a variety of care settings, such as health systems and organizations, mental health and community clinics, schools, and child welfare or juvenile justice systems","This R61/R33 concept complements NIMHs suite of clinical trial NOFOs by supporting feasibility and infrastructure development (R61) followed by well-powered clinical trials (R33) to test the effectiveness of system interventions and strategies for improving the organization, delivery, coordination, and clinical and functional outcomes of mental health services. System interventions - which may span, for example, structural, policy, organizational, and interpersonal domains - attend to issues about the access, equity, engagement/utilization, value (cost/financing), management, or quality and safety of mental health services, with the goal of improved care processes and clinical and functional outcomes. Accordingly, the focus of system interventions may include a variety of care settings, such as health systems and organizations, mental health and community clinics, schools, and child welfare or juvenile justice systems","Effectiveness Trials to Test Mental Health System Interventions (R61/R33 Clinical Trial Required)
This R61/R33 concept complements NIMHs suite of clinical trial NOFOs by supporting feasibility and infrastructure development (R61) followed by well-powered clinical trials (R33) to test the effectiveness of system interventions and strategies for improving the organization, delivery, coordination, and clinical and functional outcomes of mental health services. System interventions - which may span, for example, structural, policy, organizational, and interpersonal domains - attend to issues about the access, equity, engagement/utilization, value (cost/financing), management, or quality and safety of mental health services, with the goal of improved care processes and clinical and functional outcomes. Accordingly, the focus of system interventions may include a variety of care settings, such as health systems and organizations, mental health and community clinics, schools, and child welfare or juvenile justice systems
Other Eligible Applicants include the following:
 Alaska Native and Native Hawaiian Serving Institutions; Asian American Native American Pacific Islander Serving Institutions (AANAPISISs); Eligible Agencies of the Federal Government; Faith-based or Community-based Organizations; Hispanic-serving Institutions; Historically Black Colleges and Universities (HBCUs); Indian/Native American Tribal Governments (Other than Federally Recognized); Non-domestic (non-U.S.) Entities (Foreign Organizations); Regional Organizations; Tribally Controlled Colleges and Universities (TCCUs) ; U.S. Territory or Possession.",False,2027-10-15,380.0,False,False,False,False,False,True,10.0,False,,False,False,False,False,False,False,False,False,,unknown,,False,True,False,False,False,True,5.0,False,,False,False,True,True,True,True,True,True,False,False,True,15,False,True,,False,False,False,False,1,True,False,True,activity code R61,True,False,False,False,,2026-09-30,2026-08-18,Effectiveness Trials to Test Mental Health System Interventions (R61/R33 Clinical Trial Required),open,ok,8.0,G3,G3.O1,"The grant funds effectiveness trials of system interventions to improve organization, delivery, coordination, and outcomes of mental health services, aligning with integration of behavioral and physical health care.","test the effectiveness of system interventions and strategies for improving the organization, delivery, coordination, and clinical and functional outcomes of mental health services.",lead,state_governments,DMHDDSUS,7.0,"DMHDDSUS oversees mental health and substance use services and system-level care coordination, so it could direct or partner on a mental health system intervention trial, though it would likely need research partners for the clinical trial requirements.","It is a competitive NIH research award requiring clinical trial infrastructure, and the R61 phase may not transition to R33, so the state could invest effort without guaranteed service funding.",True,"Funds mental health system intervention trials; state can apply and DMHDDSUS could lead, but research-heavy clinical trial may need a university partner.","[""Clinical Trial Required"", ""Two-phase R61/R33 structure: feasibility/infrastructure development must precede the full trial""]",True,True,lead,deepseek/deepseek-v4-pro,92b0344f579a,True,10.0,0.15,1.0,0.0,0.0,79.0,open
12,ff53e2e3-28af-4065-8519-b45c5d4b347a,Risk and Protective Factors of Family Health and Family Level Interventions (R01 Clinical Trial Optional),open,False,False,,ff53e2e3-28af-4065-8519-b45c5d4b347a,PAR-25-317,posted,HHS-NIH11,discretionary,,2024-12-13,2027-05-08,,2027-06-07,False,,,,,http://grants.nih.gov/grants/guide/pa-files/PAR-25-317.html,https://grants.nih.gov/grants/guide/pa-files/PAR-25-317.html,93.361|Nursing Research;93.310|Trans-NIH Research Support;93.307|Minority Health and Health Disparities Research;93.313|NIH Office of Research on Women's Health;93.273|Alcohol Research Programs;93.399|Cancer Control,grant,education;health,,city_or_township_governments;state_governments;special_district_governments;for_profit_organizations_other_than_small_businesses;county_governments;nonprofits_non_higher_education_with_501c3;federally_recognized_native_american_tribal_governments;public_and_state_institutions_of_higher_education;nonprofits_non_higher_education_without_501c3;other_native_american_tribal_organizations;public_and_indian_housing_authorities;other;small_businesses;independent_school_districts;private_institutions_of_higher_education,"Other Eligible Applicants include the following: Alaska Native and Native Hawaiian Serving Institutions; Asian American Native American Pacific Islander Serving Institutions (AANAPISISs); Eligible Agencies of the Federal Government; Faith-based or Community-based Organizations; Hispanic-serving Institutions; Historically Black Colleges and Universities (HBCUs); Indian/Native American Tribal Governments (Other than Federally Recognized); Non-domestic (non-U.S.) Entities (Foreign Organizations); Regional Organizations; Tribally Controlled Colleges and Universities (TCCUs) ; U.S. Territory or Possession; Non-domestic (non-U.S.) Entities (Foreign Organizations) are not eligible to apply.Non-domestic (non-U.S.) components of U.S. Organizations are not eligible to apply.Foreign components, as defined in the NIH Grants Policy Statement, are allowed.",National Institutes of Health,Department of Health and Human Services,"NIH Grants Information
grantsinfo@nih.gov",grantsinfo@nih.gov,See Section VII. Agency Contacts within the full opportunity announcement for all other inquires.,,,,,,,,,https://simpler.grants.gov/opportunity/ff53e2e3-28af-4065-8519-b45c5d4b347a,"<p>The purpose of this initiative is to advance the science of minority health and health disparities by supporting research on family health and well-being and resilience. The NIMHD Research Framework recognizes family health, family well-being, and family resilience as critically important areas of research to decrease disparities and promote equity.</p>","The purpose of this initiative is to advance the science of minority health and health disparities by supporting research on family health and well-being and resilience. The NIMHD Research Framework recognizes family health, family well-being, and family resilience as critically important areas of research to decrease disparities and promote equity.","Risk and Protective Factors of Family Health and Family Level Interventions (R01 Clinical Trial Optional)
The purpose of this initiative is to advance the science of minority health and health disparities by supporting research on family health and well-being and resilience. The NIMHD Research Framework recognizes family health, family well-being, and family resilience as critically important areas of research to decrease disparities and promote equity.
Other Eligible Applicants include the following: Alaska Native and Native Hawaiian Serving Institutions; Asian American Native American Pacific Islander Serving Institutions (AANAPISISs); Eligible Agencies of the Federal Government; Faith-based or Community-based Organizations; Hispanic-serving Institutions; Historically Black Colleges and Universities (HBCUs); Indian/Native American Tribal Governments (Other than Federally Recognized); Non-domestic (non-U.S.) Entities (Foreign Organizations); Regional Organizations; Tribally Controlled Colleges and Universities (TCCUs) ; U.S. Territory or Possession; Non-domestic (non-U.S.) Entities (Foreign Organizations) are not eligible to apply.Non-domestic (non-U.S.) components of U.S. Organizations are not eligible to apply.Foreign components, as defined in the NIH Grants Policy Statement, are allowed.",False,2027-05-08,220.0,False,False,False,False,False,True,10.0,False,,False,False,False,False,False,False,False,False,,unknown,,False,True,False,False,False,True,5.0,False,,False,False,True,True,True,True,True,True,False,False,True,15,False,True,,False,False,False,False,6,True,False,True,activity code R01,True,False,False,False,,2026-09-30,2026-08-18,Risk and Protective Factors of Family Health and Family Level Interventions (R01 Clinical Trial Optional),open,ok,8.0,G1,G1.O1,"The grant funds research to advance minority health and health disparities, directly supporting the Department's goal of reducing health disparities.",The purpose of this initiative is to advance the science of minority health and health disparities by supporting research on family health and well-being and resilience.,lead,state_governments,DPH,7.0,"DPH already conducts population health and health-disparities research and surveillance, so it could manage this family-health disparities research, though it may need academic research partners.","This is an NIH R01 research project grant, so it funds research rather than direct services and would require NCDHHS to compete with established academic research institutions.",True,"Directly supports G1.O1 health disparity research; DPH could apply, but it is an NIH research grant rather than service funding.",[],True,True,lead,deepseek/deepseek-v4-pro,92b0344f579a,True,10.0,0.15,1.0,0.0,0.0,79.0,open
13,ef298045-f662-4326-a5c5-025120ed6447,Notice of Intent to Publish a Forecast for EmbraceHealth Clinical Research Network to Reduce Health Disparities – Research Sites,forecast,True,False,,ef298045-f662-4326-a5c5-025120ed6447,FOR-MD-25-008,forecasted,HHS-NIH11,discretionary,,2025-06-27,,,,False,,,,,,,93.307|Minority Health and Health Disparities Research,cooperative_agreement,health,,federally_recognized_native_american_tribal_governments;for_profit_organizations_other_than_small_businesses;public_and_indian_housing_authorities;independent_school_districts;private_institutions_of_higher_education;public_and_state_institutions_of_higher_education;small_businesses;other_native_american_tribal_organizations;nonprofits_non_higher_education_with_501c3;state_governments;county_governments,,National Institutes of Health,Department of Health and Human Services,"Larissa Avilés-Santa, MD, MPH
National Institute on Minority Health and Health Disparities (NIMHD)
301-827-6924",avilessantal@nih.gov,avilessantal@nih.gov,2025-11-28,2026-02-02,,2026-07-01,2026-09-01,2026.0,,,https://simpler.grants.gov/opportunity/ef298045-f662-4326-a5c5-025120ed6447,"<p>The National Institute on Minority Health and Health Disparities (NIMHD) intends to publish a Notice of Funding Opportunity (NOFO) to solicit applications&nbsp;for the EmbraceHealth Clinical Research Network. The overarching goals of the EmbraceHealth Clinical Research Network are to establish and maintain an efficient and nimble infrastructure to conduct research to address emerging, urgent, or chronic health needs among populations that experience health disparities. Each site or consortium within the Network will conduct research to develop, test, and implement clinical and behavioral interventions and services that address key public health needs and diseases with evidence of health disparities. Interventions will be designed and evaluated using robust scientific methods and must demonstrate feasibility, scalability, and reproducibility. The EmbraceHealth Network will serve the purpose of improving routine healthcare services as well as linking clinical practice and science within lower resourced healthcare settings.</p><p><br></p><p>Each research site in the EmbraceHealth Clinical Research Network must establish a robust infrastructure to support research by:</p><ol><li>Recruiting and enrolling clinicians efficiently for health services and clinical research.</li><li>Harmonizing electronic health record (EHR) data across systems using approved common data elements for analyses within and across Network sites.</li><li>Developing, testing, and deploying interventions, workflows, and decision support systems.</li><li>Creating and testing strategies to address health care disparities in primary and/or subspecialty care</li><li>Facilitating research on emergent health conditions and factors relevant to health disparities, encompassing their timely prevention, screening, diagnosis, and effective treatment and management.</li><li>Collaborating with other Network sites and the Coordinating Center to transfer deidentified data to a central repository for further research.</li></ol><p><br></p><p>Applications are not being solicited at this time. Notice is being provided to allow potential applicants sufficient time to develop meaningful collaborations and responsive projects. In addition, collaborative investigations combining expertise in multiple scientific and clinical disciplines will be encouraged.</p><p><br></p><p><strong>Activity Code</strong>:</p><p>This NOFO will utilize the U01 (Research Program Grant Cooperative Agreements) or the UG3/UH3 activity codes.&nbsp;</p>","The National Institute on Minority Health and Health Disparities (NIMHD) intends to publish a Notice of Funding Opportunity (NOFO) to solicit applications for the EmbraceHealth Clinical Research Network. The overarching goals of the EmbraceHealth Clinical Research Network are to establish and maintain an efficient and nimble infrastructure to conduct research to address emerging, urgent, or chronic health needs among populations that experience health disparities. Each site or consortium within the Network will conduct research to develop, test, and implement clinical and behavioral interventions and services that address key public health needs and diseases with evidence of health disparities. Interventions will be designed and evaluated using robust scientific methods and must demonstrate feasibility, scalability, and reproducibility. The EmbraceHealth Network will serve the purpose of improving routine healthcare services as well as linking clinical practice and science within lower resourced healthcare settings.
 

 Each research site in the EmbraceHealth Clinical Research Network must establish a robust infrastructure to support research by:
  Recruiting and enrolling clinicians efficiently for health services and clinical research.
 Harmonizing electronic health record (EHR) data across systems using approved common data elements for analyses within and across Network sites.
 Developing, testing, and deploying interventions, workflows, and decision support systems.
 Creating and testing strategies to address health care disparities in primary and/or subspecialty care
 Facilitating research on emergent health conditions and factors relevant to health disparities, encompassing their timely prevention, screening, diagnosis, and effective treatment and management.
 Collaborating with other Network sites and the Coordinating Center to transfer deidentified data to a central repository for further research.
  

 Applications are not being solicited at this time. Notice is being provided to allow potential applicants sufficient time to develop meaningful collaborations and responsive projects. In addition, collaborative investigations combining expertise in multiple scientific and clinical disciplines will be encouraged.
 

  Activity Code :
 This NOFO will utilize the U01 (Research Program Grant Cooperative Agreements) or the UG3/UH3 activity codes.","Notice of Intent to Publish a Forecast for EmbraceHealth Clinical Research Network to Reduce Health Disparities – Research Sites
The National Institute on Minority Health and Health Disparities (NIMHD) intends to publish a Notice of Funding Opportunity (NOFO) to solicit applications for the EmbraceHealth Clinical Research Network. The overarching goals of the EmbraceHealth Clinical Research Network are to establish and maintain an efficient and nimble infrastructure to conduct research to address emerging, urgent, or chronic health needs among populations that experience health disparities. Each site or consortium within the Network will conduct research to develop, test, and implement clinical and behavioral interventions and services that address key public health needs and diseases with evidence of health disparities. Interventions will be designed and evaluated using robust scientific methods and must demonstrate feasibility, scalability, and reproducibility. The EmbraceHealth Network will serve the purpose of improving routine healthcare services as well as linking clinical practice and science within lower resourced healthcare settings.
 

 Each research site in the EmbraceHealth Clinical Research Network must establish a robust infrastructure to support research by:
  Recruiting and enrolling clinicians efficiently for health services and clinical research.
 Harmonizing electronic health record (EHR) data across systems using approved common data elements for analyses within and across Network sites.
 Developing, testing, and deploying interventions, workflows, and decision support systems.
 Creating and testing strategies to address health care disparities in primary and/or subspecialty care
 Facilitating research on emergent health conditions and factors relevant to health disparities, encompassing their timely prevention, screening, diagnosis, and effective treatment and management.
 Collaborating with other Network sites and the Coordinating Center to transfer deidentified data to a central repository for further research.
  

 Applications are not being solicited at this time. Notice is being provided to allow potential applicants sufficient time to develop meaningful collaborations and responsive projects. In addition, collaborative investigations combining expertise in multiple scientific and clinical disciplines will be encouraged.
 

  Activity Code :
 This NOFO will utilize the U01 (Research Program Grant Cooperative Agreements) or the UG3/UH3 activity codes.
",False,,,False,False,False,False,False,False,,False,-306.0,True,True,False,False,False,False,False,False,,unknown,,False,True,False,False,False,True,5.0,False,,False,False,True,True,True,True,True,True,False,False,False,11,False,False,,False,False,False,False,1,True,False,True,NIH opportunity,True,False,False,True,,2026-09-30,2026-08-18,Notice of Intent to Publish a Forecast for EmbraceHealth Clinical Research Network to Reduce Health Disparities – Research Sites,forecast,ok,9.0,G1,G1.O3,"The grant directly funds research to develop and test strategies that address health care disparities in primary and subspecialty care, supporting NCDHHS's objective to mitigate barriers to health services for underserved populations.",Creating and testing strategies to address health care disparities in primary and/or subspecialty care,lead,state_governments,DPH,7.0,"DPH already manages chronic disease, epidemiology, and health disparities efforts and partners with local health departments, but this NIH cooperative agreement would require building clinical research and EHR data-sharing capacity with health system or academic partners.",This is a forecast notice for a cooperative agreement that demands clinical research infrastructure and EHR data harmonization; NCDHHS likely cannot compete without committed academic or health system partners.,True,"Strong fit with G1.O3; state governments are eligible and the forecast allows time to build partnerships, but it requires clinical research capacity beyond DPH's core operations.","[""Must recruit and enroll clinicians for health services and clinical research"", ""Must harmonize electronic health record data across systems"", ""Must collaborate with other Network sites and the Coordinating Center and transfer deidentified data to a central repository""]",True,True,lead,deepseek/deepseek-v4-pro,92b0344f579a,True,10.0,0.0,0.85,0.0,0.0,78.82,forecast_watchlist
14,ab6fa3f9-5b5d-4fdf-9f6f-1e4b8752dfcb,Health and Extreme Weather Solutions-Focused Research Hubs (U54 - Clinical Trial Optional),forecast,True,False,,ab6fa3f9-5b5d-4fdf-9f6f-1e4b8752dfcb,RFA-ES-28-002,forecasted,HHS-NIH11,discretionary,,2026-06-26,,,,False,6.0,18000000.0,,2000000.0,,,93.113|Environmental Health,cooperative_agreement,health,,city_or_township_governments;for_profit_organizations_other_than_small_businesses;independent_school_districts;nonprofits_non_higher_education_without_501c3;private_institutions_of_higher_education;other_native_american_tribal_organizations;other;state_governments;federally_recognized_native_american_tribal_governments;nonprofits_non_higher_education_with_501c3;public_and_state_institutions_of_higher_education;small_businesses;special_district_governments;public_and_indian_housing_authorities;county_governments,Other Eligible ApplicantsIndian/Native American Tribal Governments (Other than Federally Recognized);Eligible Agencies of the Federal Government;U.S. Territory or Possession;Faith-based or Community-based Organizations;Regional Organizations,National Institutes of Health,Department of Health and Human Services,"NIEHS Division of Extramural Research and Training
Please contact via e-mail",NOFO.Information@niehs.nih.gov,NOFO.Information@niehs.nih.gov,2026-11-27,2027-01-29,,2027-12-01,2027-12-02,2028.0,,,https://simpler.grants.gov/opportunity/ab6fa3f9-5b5d-4fdf-9f6f-1e4b8752dfcb,"<p>The National Institute of Environmental Health Sciences (NIEHS) intends to publish a Notice of Funding Opportunity (NOFO) to solicit applications that propose translational research hubs with multiple highly integrated components focused on research, capacity building, and community/public health translation for regionally relevant topics related to the health impacts of extreme weather and cumulative exposures,&nbsp;including but not limited to wildfire smoke, extreme heat, flooding, hurricanes, drought, and other climate-related hazards affecting populations at heightened risk across the lifespan. Responsive applications will be led by a multidisciplinary team of investigators with non-academic partners,&nbsp;such as state and local public health departments, community-based organizations, Tribal entities, health care systems, and emergency preparedness agencies. &nbsp;Consortia of multiple institutions are encouraged,&nbsp;particularly those that demonstrate meaningful community engagement and balanced, mutually beneficial partnership structures. Research can be situated at different nodes on the translational research continuum,<strong>&nbsp;</strong>spanning from fundamental to implementation research with a focus on being problem-based and solutions oriented,&nbsp;and should clearly inform pathways to support implementation, scalability, and measurable public health impact.&nbsp;Award recipients will be expected to collaborate with the HEW Research Coordination and Data Center(s) and other members of the HEW Community of Practice,&nbsp;including participation in data harmonization efforts, shared metrics development, and cross-site dissemination activities.&nbsp;<span style=""background-color:white;"">This NOFO will&nbsp;utilize&nbsp;the U54 activity code, that&nbsp;supports specialized centers that function as regional resources for targeted research initiatives, including support for infrastructure development, pilot projects, and partnerships with affected communities throughout the research lifecycle. The U54 is a cooperative agreement&nbsp;that anticipates&nbsp;substantial federal programmatic staff involvement to&nbsp;assist&nbsp;investigators in the achievement of project objectives</span>,&nbsp;including coordination across funded hubs, strategic alignment with NIH priorities, and facilitation of cross-institute collaboration<span style=""background-color:white;"">.&nbsp;</span>Grant authorities that allow NIEHS to forecast this opportunity are as follows: 42 USC 285l (NIEHS specific); 42 USC sections 241 (NIH grant authorities).</p>","The National Institute of Environmental Health Sciences (NIEHS) intends to publish a Notice of Funding Opportunity (NOFO) to solicit applications that propose translational research hubs with multiple highly integrated components focused on research, capacity building, and community/public health translation for regionally relevant topics related to the health impacts of extreme weather and cumulative exposures, including but not limited to wildfire smoke, extreme heat, flooding, hurricanes, drought, and other climate-related hazards affecting populations at heightened risk across the lifespan. Responsive applications will be led by a multidisciplinary team of investigators with non-academic partners, such as state and local public health departments, community-based organizations, Tribal entities, health care systems, and emergency preparedness agencies.  Consortia of multiple institutions are encouraged, particularly those that demonstrate meaningful community engagement and balanced, mutually beneficial partnership structures. Research can be situated at different nodes on the translational research continuum,   spanning from fundamental to implementation research with a focus on being problem-based and solutions oriented, and should clearly inform pathways to support implementation, scalability, and measurable public health impact. Award recipients will be expected to collaborate with the HEW Research Coordination and Data Center(s) and other members of the HEW Community of Practice, including participation in data harmonization efforts, shared metrics development, and cross-site dissemination activities.  This NOFO will utilize the U54 activity code, that supports specialized centers that function as regional resources for targeted research initiatives, including support for infrastructure development, pilot projects, and partnerships with affected communities throughout the research lifecycle. The U54 is a cooperative agreement that anticipates substantial federal programmatic staff involvement to assist investigators in the achievement of project objectives , including coordination across funded hubs, strategic alignment with NIH priorities, and facilitation of cross-institute collaboration .  Grant authorities that allow NIEHS to forecast this opportunity are as follows: 42 USC 285l (NIEHS specific); 42 USC sections 241 (NIH grant authorities).","Health and Extreme Weather Solutions-Focused Research Hubs (U54 - Clinical Trial Optional)
The National Institute of Environmental Health Sciences (NIEHS) intends to publish a Notice of Funding Opportunity (NOFO) to solicit applications that propose translational research hubs with multiple highly integrated components focused on research, capacity building, and community/public health translation for regionally relevant topics related to the health impacts of extreme weather and cumulative exposures, including but not limited to wildfire smoke, extreme heat, flooding, hurricanes, drought, and other climate-related hazards affecting populations at heightened risk across the lifespan. Responsive applications will be led by a multidisciplinary team of investigators with non-academic partners, such as state and local public health departments, community-based organizations, Tribal entities, health care systems, and emergency preparedness agencies.  Consortia of multiple institutions are encouraged, particularly those that demonstrate meaningful community engagement and balanced, mutually beneficial partnership structures. Research can be situated at different nodes on the translational research continuum,   spanning from fundamental to implementation research with a focus on being problem-based and solutions oriented, and should clearly inform pathways to support implementation, scalability, and measurable public health impact. Award recipients will be expected to collaborate with the HEW Research Coordination and Data Center(s) and other members of the HEW Community of Practice, including participation in data harmonization efforts, shared metrics development, and cross-site dissemination activities.  This NOFO will utilize the U54 activity code, that supports specialized centers that function as regional resources for targeted research initiatives, including support for infrastructure development, pilot projects, and partnerships with affected communities throughout the research lifecycle. The U54 is a cooperative agreement that anticipates substantial federal programmatic staff involvement to assist investigators in the achievement of project objectives , including coordination across funded hubs, strategic alignment with NIH priorities, and facilitation of cross-institute collaboration .  Grant authorities that allow NIEHS to forecast this opportunity are as follows: 42 USC 285l (NIEHS specific); 42 USC sections 241 (NIH grant authorities).
Other Eligible ApplicantsIndian/Native American Tribal Governments (Other than Federally Recognized);Eligible Agencies of the Federal Government;U.S. Territory or Possession;Faith-based or Community-based Organizations;Regional Organizations",False,,,False,False,False,False,False,False,,False,58.0,False,False,False,False,False,False,False,False,3000000.0,award_ceiling,2000000.0,True,False,True,False,False,False,6.51,False,,False,False,True,True,True,True,True,True,False,False,True,15,False,True,,False,False,False,False,1,True,False,True,activity code U54,True,False,False,False,,2026-09-30,2026-08-18,Health and Extreme Weather Solutions-Focused Research Hubs (U54 - Clinical Trial Optional),forecast,ok,8.0,G1,G1.O1,"The hubs focus on health impacts of extreme weather for populations at heightened risk, directly advancing work to reduce health disparities for people facing greater health and situational challenges.",health impacts of extreme weather and cumulative exposures,lead,state_governments,DPH,7.0,"DPH oversees environmental health, epidemiology, and public health preparedness and already works with local health departments, which are named partners for these hubs.","This is a research-intensive U54 cooperative agreement, so NCDHHS would likely serve as a non-academic partner rather than the lead, limiting direct control and service-delivery funding.",True,"Research hubs on extreme weather health impacts fit DPH environmental health and equity goals, but NCDHHS would likely be a non-academic partner in a research-heavy cooperative agreement.","[""Requires a multidisciplinary team with non-academic partners such as state and local public health departments, community-based organizations, Tribal entities, health care systems, and emergency preparedness agencies."", ""Award recipients must collaborate with the HEW Research Coordination and Data Center(s) and participate in data harmonization, shared metrics development, and cross-site dissemination."", ""U54 cooperative agreement anticipates substantial federal programmatic staff involvement.""]",True,True,lead,deepseek/deepseek-v4-pro,92b0344f579a,True,10.0,0.0,0.85,0.0,0.0,77.96,forecast_watchlist
15,818e5c60-39e1-4009-9d8e-698d365b5ad1,Intervention Research to Improve Native American Health (R01 Clinical Trial Optional),open,False,False,,818e5c60-39e1-4009-9d8e-698d365b5ad1,PAR-25-379,posted,HHS-NIH11,discretionary,,2025-01-22,2027-01-07,,2027-02-06,False,,,,,http://grants.nih.gov/grants/guide/pa-files/PAR-25-379.html,https://grants.nih.gov/grants/guide/pa-files/PAR-25-379.html,"93.846|Arthritis, Musculoskeletal and Skin Diseases Research;93.173|Research Related to Deafness and Communication Disorders;93.121|Oral Diseases and Disorders Research;93.310|Trans-NIH Research Support;93.879|Medical Library Assistance;93.313|NIH Office of Research on Women's Health;93.840|Translation and Implementation Science Research for Heart, Lung, Blood Diseases, and Sleep Disorders;93.838|Lung Diseases Research;93.839|Blood Diseases and Resources Research;93.273|Alcohol Research Programs;93.361|Nursing Research;93.865|Child Health and Human Development Extramural Research;93.847|Diabetes, Digestive, and Kidney Diseases Extramural Research;93.233|National Center on Sleep Disorders Research;93.399|Cancer Control;93.242|Mental Health Research Grants;93.113|Environmental Health;93.837|Cardiovascular Diseases Research;93.855|Allergy and Infectious Diseases Research;93.279|Drug Use and Addiction Research Programs;93.307|Minority Health and Health Disparities Research;93.286|Discovery and Applied Research for Technological Innovations to Improve Human Health;93.866|Aging Research",grant,education;food_and_nutrition;income_security_and_social_services;health;environment,,small_businesses;county_governments;for_profit_organizations_other_than_small_businesses;nonprofits_non_higher_education_without_501c3;private_institutions_of_higher_education;independent_school_districts;public_and_indian_housing_authorities;other;other_native_american_tribal_organizations;state_governments;public_and_state_institutions_of_higher_education;special_district_governments;federally_recognized_native_american_tribal_governments;city_or_township_governments;nonprofits_non_higher_education_with_501c3,"Other Eligible Applicants include the following: Alaska Native and Native Hawaiian Serving Institutions; Asian American Native American Pacific Islander Serving Institutions (AANAPISISs); Eligible Agencies of the Federal Government; Faith-based or Community-based Organizations; Hispanic-serving Institutions; Historically Black Colleges and Universities (HBCUs); Indian/Native American Tribal Governments (Other than Federally Recognized); Non-domestic (non-U.S.) Entities (Foreign Organizations); Regional Organizations; Tribally Controlled Colleges and Universities (TCCUs) ; U.S. Territory or Possession; Non-domestic (non-U.S.) Entities (Foreign Organizations) are not eligible to apply.Non-domestic (non-U.S.) components of U.S. Organizations are not eligible to apply.Foreign components, as defined in the NIH Grants Policy Statement, are allowed.",National Institutes of Health,Department of Health and Human Services,"NIH Grants Information
grantsinfo@nih.gov",grantsinfo@nih.gov,See Section VII. Agency Contacts within the full opportunity announcement for all other inquires.,,,,,,,,,https://simpler.grants.gov/opportunity/818e5c60-39e1-4009-9d8e-698d365b5ad1,<p>Not available</p>,Not available,"Intervention Research to Improve Native American Health (R01 Clinical Trial Optional)
Not available
Other Eligible Applicants include the following: Alaska Native and Native Hawaiian Serving Institutions; Asian American Native American Pacific Islander Serving Institutions (AANAPISISs); Eligible Agencies of the Federal Government; Faith-based or Community-based Organizations; Hispanic-serving Institutions; Historically Black Colleges and Universities (HBCUs); Indian/Native American Tribal Governments (Other than Federally Recognized); Non-domestic (non-U.S.) Entities (Foreign Organizations); Regional Organizations; Tribally Controlled Colleges and Universities (TCCUs) ; U.S. Territory or Possession; Non-domestic (non-U.S.) Entities (Foreign Organizations) are not eligible to apply.Non-domestic (non-U.S.) components of U.S. Organizations are not eligible to apply.Foreign components, as defined in the NIH Grants Policy Statement, are allowed.",False,2027-01-07,99.0,False,False,False,False,False,True,10.0,False,,False,False,False,False,False,False,False,False,,unknown,,False,True,False,False,False,True,5.0,False,,False,False,True,True,True,True,True,True,False,False,True,15,False,True,,False,False,False,False,23,True,False,True,activity code R01,True,False,True,False,,2026-09-30,2026-08-18,Intervention Research to Improve Native American Health (R01 Clinical Trial Optional),open,ok,8.0,G1,G1.O1,"The grant funds intervention research to improve Native American health, which directly supports reducing health disparities for populations that face greater health challenges.",Intervention Research to Improve Native American Health (R01 Clinical Trial Optional),lead,state_governments,DPH,6.0,"DPH already addresses minority health disparities and has epidemiology and public health research capacity, though leading an NIH R01 would be an expansion of its typical work.",The highly competitive NIH R01 mechanism may require deeper research infrastructure and established Native American community partnerships than NCDHHS currently has as a lead applicant.,True,"NIH research grant aligned with health-disparities work; DPH could pursue with tribal and academic partners, though R01 competitiveness is high.",[],True,True,lead,deepseek/deepseek-v4-pro,92b0344f579a,True,10.0,0.15,1.0,0.0,0.0,76.5,open
16,a7d210c3-a31d-4c04-a39e-6b5206dc858f,Prevention and Intervention Approaches for Fetal Alcohol Spectrum Disorders (R34 Clinical Trial Optional),open,False,False,,a7d210c3-a31d-4c04-a39e-6b5206dc858f,PAR-25-159,posted,HHS-NIH11,discretionary,,2024-11-25,2027-01-07,,2027-02-12,False,,,,,http://grants.nih.gov/grants/guide/pa-files/PAR-25-159.html,https://grants.nih.gov/grants/guide/pa-files/PAR-25-159.html,93.273|Alcohol Research Programs,grant,health,,other;nonprofits_non_higher_education_with_501c3;other_native_american_tribal_organizations;state_governments;public_and_state_institutions_of_higher_education;county_governments;small_businesses;public_and_indian_housing_authorities;nonprofits_non_higher_education_without_501c3;federally_recognized_native_american_tribal_governments;for_profit_organizations_other_than_small_businesses;special_district_governments;independent_school_districts;private_institutions_of_higher_education;city_or_township_governments,"Other Eligible Applicants include the following:
 Alaska Native and Native Hawaiian Serving Institutions; Asian American Native American Pacific Islander Serving Institutions (AANAPISISs); Eligible Agencies of the Federal Government; Faith-based or Community-based Organizations; Hispanic-serving Institutions; Historically Black Colleges and Universities (HBCUs); Indian/Native American Tribal Governments (Other than Federally Recognized); Non-domestic (non-U.S.) Entities (Foreign Organizations); Regional Organizations; Tribally Controlled Colleges and Universities (TCCUs) ; U.S. Territory or Possession.",National Institutes of Health,Department of Health and Human Services,"NIH Grants Information
grantsinfo@nih.gov",grantsinfo@nih.gov,See Section VII. Agency Contacts within the full opportunity announcement for all other inquires.,,,,,,,,,https://simpler.grants.gov/opportunity/a7d210c3-a31d-4c04-a39e-6b5206dc858f,"This Notice of Funding Opportunity (NOFO) for R34 planning grant applications focuses on prevention and intervention strategies for fetal alcohol spectrum disorders (FASD) throughout the lifespan. The intent of this NOFO is to support research that advances (1) prevention approaches to reduce prenatal alcohol exposure and incidence of FASD and (2) interventions for FASD. 
It is expected that research conducted via this mechanism will consist of studies that are a pre-requisite for preparing and submitting subsequent applications for larger scale FASD prevention or intervention studies. 
Applicants interested in exploratory phased projects may consider NOFO (TEMP-23833, the R61/R33 option).","This Notice of Funding Opportunity (NOFO) for R34 planning grant applications focuses on prevention and intervention strategies for fetal alcohol spectrum disorders (FASD) throughout the lifespan. The intent of this NOFO is to support research that advances (1) prevention approaches to reduce prenatal alcohol exposure and incidence of FASD and (2) interventions for FASD. 
It is expected that research conducted via this mechanism will consist of studies that are a pre-requisite for preparing and submitting subsequent applications for larger scale FASD prevention or intervention studies. 
Applicants interested in exploratory phased projects may consider NOFO (TEMP-23833, the R61/R33 option).","Prevention and Intervention Approaches for Fetal Alcohol Spectrum Disorders (R34 Clinical Trial Optional)
This Notice of Funding Opportunity (NOFO) for R34 planning grant applications focuses on prevention and intervention strategies for fetal alcohol spectrum disorders (FASD) throughout the lifespan. The intent of this NOFO is to support research that advances (1) prevention approaches to reduce prenatal alcohol exposure and incidence of FASD and (2) interventions for FASD. 
It is expected that research conducted via this mechanism will consist of studies that are a pre-requisite for preparing and submitting subsequent applications for larger scale FASD prevention or intervention studies. 
Applicants interested in exploratory phased projects may consider NOFO (TEMP-23833, the R61/R33 option).
Other Eligible Applicants include the following:
 Alaska Native and Native Hawaiian Serving Institutions; Asian American Native American Pacific Islander Serving Institutions (AANAPISISs); Eligible Agencies of the Federal Government; Faith-based or Community-based Organizations; Hispanic-serving Institutions; Historically Black Colleges and Universities (HBCUs); Indian/Native American Tribal Governments (Other than Federally Recognized); Non-domestic (non-U.S.) Entities (Foreign Organizations); Regional Organizations; Tribally Controlled Colleges and Universities (TCCUs) ; U.S. Territory or Possession.",False,2027-01-07,99.0,False,False,False,False,False,True,10.0,False,,False,False,False,False,False,False,False,False,,unknown,,False,True,False,False,False,True,5.0,False,,False,False,True,True,True,True,True,True,False,False,True,15,False,True,,False,False,False,False,1,True,False,True,activity code R34,True,False,False,False,,2026-09-30,2026-08-18,Prevention and Intervention Approaches for Fetal Alcohol Spectrum Disorders (R34 Clinical Trial Optional),open,ok,8.0,G2,G2.O4,"This grant funds research on reducing prenatal alcohol exposure and FASD, which directly supports improving women's health and birth outcomes under G2.O4.",prevention approaches to reduce prenatal alcohol exposure and incidence of FASD,lead,state_governments,DPH,6.0,"DPH's maternal and child health and epidemiology programs address prenatal health and birth outcomes, so this research planning grant would extend existing prevention work, though it would likely require academic research partners.","It is an NIH research planning grant rather than a service program, so success requires research infrastructure and competition with academic institutions.",True,"NIH planning grant for FASD prevention and intervention aligns with G2.O4 birth outcomes; DPH could lead with research partners, but it is research, not direct service funding.",[],True,True,lead,deepseek/deepseek-v4-pro,92b0344f579a,True,10.0,0.15,1.0,0.0,0.0,76.5,open
17,b18997d8-b1fd-4f6c-95cb-7e7b60dde1fe,"Screening, Brief Intervention and Referral to Treatment or Prevention (SBIRT/P) for alcohol, tobacco, and other drugs (ATOD) use and misuse in adult populations that experience health disparities (R01, Clinical Trial Required)",open,False,False,,b18997d8-b1fd-4f6c-95cb-7e7b60dde1fe,PAR-26-001,posted,HHS-NIH11,discretionary,,2024-11-21,2027-05-07,,2027-06-06,False,,,,,http://grants.nih.gov/grants/guide/pa-files/PAR-26-001.html,https://grants.nih.gov/grants/guide/pa-files/PAR-26-001.html,93.313|NIH Office of Research on Women's Health;93.121|Oral Diseases and Disorders Research;93.279|Drug Use and Addiction Research Programs;93.273|Alcohol Research Programs;93.307|Minority Health and Health Disparities Research;93.399|Cancer Control,grant,health;education,,nonprofits_non_higher_education_without_501c3;small_businesses;city_or_township_governments;private_institutions_of_higher_education;public_and_indian_housing_authorities;special_district_governments;state_governments;other_native_american_tribal_organizations;public_and_state_institutions_of_higher_education;county_governments;federally_recognized_native_american_tribal_governments;nonprofits_non_higher_education_with_501c3;other;for_profit_organizations_other_than_small_businesses;independent_school_districts,"Other Eligible Applicants include the following: Alaska Native and Native Hawaiian Serving Institutions; Asian American Native American Pacific Islander Serving Institutions (AANAPISISs); Eligible Agencies of the Federal Government; Faith-based or Community-based Organizations; Hispanic-serving Institutions; Historically Black Colleges and Universities (HBCUs); Indian/Native American Tribal Governments (Other than Federally Recognized); Non-domestic (non-U.S.) Entities (Foreign Organizations); Regional Organizations; Tribally Controlled Colleges and Universities (TCCUs) ; U.S. Territory or Possession; Non-domestic (non-U.S.) Entities (Foreign Organizations) are not eligible to apply.Non-domestic (non-U.S.) components of U.S. Organizations are not eligible to apply.Foreign components, as defined in the NIH Grants Policy Statement, are allowed.",National Institutes of Health,Department of Health and Human Services,"NIH Grants Information
grantsinfo@nih.gov",grantsinfo@nih.gov,See Section VII. Agency Contacts within the full opportunity announcement for all other inquires.,,,,,,,,,https://simpler.grants.gov/opportunity/b18997d8-b1fd-4f6c-95cb-7e7b60dde1fe,"<p>The Office of Disease Prevention (ODP) and participating National Institutes of Health (NIH) Institutes, Centers, and Offices (ICOs) are issuing this notice of funding opportunity (NOFO) seeking applications to test innovative approaches to implementing SBIRT/P for alcohol, tobacco, and other drugs (ATOD) use and misuse in adult populations that experience health disparities. SBIRT/P, (a term used for purposes of this funding announcement), involves screening individuals for risk of ATOD use and misuse, briefly intervening with a conversation about harmful substance use, and referring individuals for treatment or preventive services, as needed.&nbsp;</p><p>Proposed research should include prospective tests of SBIRT/P and should leverage collaborations with healthcare and community partners. Specific research interests of participating NIH ICOs are detailed within.&nbsp;&nbsp;</p>","The Office of Disease Prevention (ODP) and participating National Institutes of Health (NIH) Institutes, Centers, and Offices (ICOs) are issuing this notice of funding opportunity (NOFO) seeking applications to test innovative approaches to implementing SBIRT/P for alcohol, tobacco, and other drugs (ATOD) use and misuse in adult populations that experience health disparities. SBIRT/P, (a term used for purposes of this funding announcement), involves screening individuals for risk of ATOD use and misuse, briefly intervening with a conversation about harmful substance use, and referring individuals for treatment or preventive services, as needed. 
 Proposed research should include prospective tests of SBIRT/P and should leverage collaborations with healthcare and community partners. Specific research interests of participating NIH ICOs are detailed within.","Screening, Brief Intervention and Referral to Treatment or Prevention (SBIRT/P) for alcohol, tobacco, and other drugs (ATOD) use and misuse in adult populations that experience health disparities (R01, Clinical Trial Required)
The Office of Disease Prevention (ODP) and participating National Institutes of Health (NIH) Institutes, Centers, and Offices (ICOs) are issuing this notice of funding opportunity (NOFO) seeking applications to test innovative approaches to implementing SBIRT/P for alcohol, tobacco, and other drugs (ATOD) use and misuse in adult populations that experience health disparities. SBIRT/P, (a term used for purposes of this funding announcement), involves screening individuals for risk of ATOD use and misuse, briefly intervening with a conversation about harmful substance use, and referring individuals for treatment or preventive services, as needed. 
 Proposed research should include prospective tests of SBIRT/P and should leverage collaborations with healthcare and community partners. Specific research interests of participating NIH ICOs are detailed within.
Other Eligible Applicants include the following: Alaska Native and Native Hawaiian Serving Institutions; Asian American Native American Pacific Islander Serving Institutions (AANAPISISs); Eligible Agencies of the Federal Government; Faith-based or Community-based Organizations; Hispanic-serving Institutions; Historically Black Colleges and Universities (HBCUs); Indian/Native American Tribal Governments (Other than Federally Recognized); Non-domestic (non-U.S.) Entities (Foreign Organizations); Regional Organizations; Tribally Controlled Colleges and Universities (TCCUs) ; U.S. Territory or Possession; Non-domestic (non-U.S.) Entities (Foreign Organizations) are not eligible to apply.Non-domestic (non-U.S.) components of U.S. Organizations are not eligible to apply.Foreign components, as defined in the NIH Grants Policy Statement, are allowed.",False,2027-05-07,219.0,False,False,False,False,False,True,10.0,False,,False,False,False,False,False,False,False,False,,unknown,,False,True,False,False,False,True,5.0,False,,False,False,True,True,True,True,True,True,False,False,True,15,False,True,,False,False,False,False,6,True,False,True,activity code R01,True,False,False,False,,2026-09-30,2026-08-18,"Screening, Brief Intervention and Referral to Treatment or Prevention (SBIRT/P) for alcohol, tobacco, and other drugs (ATOD) use and misuse in adult populations that experience health disparities (R01, Clinical Trial Required)",open,ok,8.0,G3,G3.O4,"Funds testing of SBIRT/P for ATOD use and misuse in populations experiencing health disparities, an evidence-based substance use intervention aligned with NCDHHS's substance use crisis objective.","test innovative approaches to implementing SBIRT/P for alcohol, tobacco, and other drugs (ATOD) use and misuse in adult populations that experience health disparities",lead,state_governments,DMHDDSUS,6.0,"DMHDDSUS manages state substance use prevention and treatment services and could administer an SBIRT/P implementation research grant, though clinical trial work would require research partners.","NIH R01 clinical trial funds research rather than direct services and requires clinical research infrastructure that NCDHHS may not have, making it less valuable as a programmatic award.",True,"Directly aligns with DMHDDSUS substance use objectives, but as an NIH clinical trial it may be better pursued with research partners than as direct service funding.","[""Clinical Trial Required"", ""Should leverage collaborations with healthcare and community partners""]",True,True,lead,deepseek/deepseek-v4-pro,92b0344f579a,True,10.0,0.15,1.0,0.0,0.0,76.5,open
18,e9c27c69-7360-4e0f-beb5-7ef69876f00c,Natural History of Disorders Screenable in the Newborn Period (R01 Clinical Trial Optional),open,False,False,,e9c27c69-7360-4e0f-beb5-7ef69876f00c,PAR-25-227,posted,HHS-NIH11,discretionary,,2024-11-06,2028-01-07,,2028-02-12,False,,,,,http://grants.nih.gov/grants/guide/pa-files/PAR-25-227.html,https://grants.nih.gov/grants/guide/pa-files/PAR-25-227.html,93.865|Child Health and Human Development Extramural Research,grant,income_security_and_social_services;health,,public_and_state_institutions_of_higher_education;nonprofits_non_higher_education_with_501c3;special_district_governments;for_profit_organizations_other_than_small_businesses;other_native_american_tribal_organizations;state_governments;small_businesses;other;city_or_township_governments;nonprofits_non_higher_education_without_501c3;private_institutions_of_higher_education;public_and_indian_housing_authorities;county_governments;federally_recognized_native_american_tribal_governments;independent_school_districts,"Other Eligible Applicants include the following:
 Alaska Native and Native Hawaiian Serving Institutions; Asian American Native American Pacific Islander Serving Institutions (AANAPISISs); Eligible Agencies of the Federal Government; Faith-based or Community-based Organizations; Hispanic-serving Institutions; Historically Black Colleges and Universities (HBCUs); Indian/Native American Tribal Governments (Other than Federally Recognized); Non-domestic (non-U.S.) Entities (Foreign Organizations); Regional Organizations; Tribally Controlled Colleges and Universities (TCCUs) ; U.S. Territory or Possession.",National Institutes of Health,Department of Health and Human Services,"NIH Grants Information
grantsinfo@nih.gov",grantsinfo@nih.gov,See Section VII. Agency Contacts within the full opportunity announcement for all other inquires.,,,,,,,,,https://simpler.grants.gov/opportunity/e9c27c69-7360-4e0f-beb5-7ef69876f00c,"The purpose of this Notice of Funding Opportunity (NOFO) encourages applications that will expand knowledge of the natural history of disorders that currently are, or may become, part of statewide newborn screening programs. A comprehensive understanding of the natural history of a condition is necessary to facilitate appropriate interventions for infants identified by newborn screening. Characterization of the sequence and timing of symptom development provides information crucial for developing targeted, age-appropriate treatments and for establishing a baseline against which to assess novel interventions. In addition, for some conditions, establishment of genotype-phenotype correlations may facilitate prediction of the clinical course; for others, identification of modifying genetic, epigenetic, or environmental factors may enhance understanding of clinical outcomes. Comprehensive data on the natural history of a condition will facilitate the fields ability to: 1) identify the underlying biological mechanisms; 2) understand the genetic and clinical heterogeneity and phenotypic expression of the condition; 3) improve diagnostic accuracy; 4) facilitate clinical trials by providing comprehensive natural history data; 5) prevent, manage, and treat symptoms and complications of the condition; 6) furnish physicians and families with needed support and predictive information about the condition; and 7) establish data collection systems or patient registries to collect longitudinal data (e.g., child/family outcomes following newborn screening).","The purpose of this Notice of Funding Opportunity (NOFO) encourages applications that will expand knowledge of the natural history of disorders that currently are, or may become, part of statewide newborn screening programs. A comprehensive understanding of the natural history of a condition is necessary to facilitate appropriate interventions for infants identified by newborn screening. Characterization of the sequence and timing of symptom development provides information crucial for developing targeted, age-appropriate treatments and for establishing a baseline against which to assess novel interventions. In addition, for some conditions, establishment of genotype-phenotype correlations may facilitate prediction of the clinical course; for others, identification of modifying genetic, epigenetic, or environmental factors may enhance understanding of clinical outcomes. Comprehensive data on the natural history of a condition will facilitate the fields ability to: 1) identify the underlying biological mechanisms; 2) understand the genetic and clinical heterogeneity and phenotypic expression of the condition; 3) improve diagnostic accuracy; 4) facilitate clinical trials by providing comprehensive natural history data; 5) prevent, manage, and treat symptoms and complications of the condition; 6) furnish physicians and families with needed support and predictive information about the condition; and 7) establish data collection systems or patient registries to collect longitudinal data (e.g., child/family outcomes following newborn screening).","Natural History of Disorders Screenable in the Newborn Period (R01 Clinical Trial Optional)
The purpose of this Notice of Funding Opportunity (NOFO) encourages applications that will expand knowledge of the natural history of disorders that currently are, or may become, part of statewide newborn screening programs. A comprehensive understanding of the natural history of a condition is necessary to facilitate appropriate interventions for infants identified by newborn screening. Characterization of the sequence and timing of symptom development provides information crucial for developing targeted, age-appropriate treatments and for establishing a baseline against which to assess novel interventions. In addition, for some conditions, establishment of genotype-phenotype correlations may facilitate prediction of the clinical course; for others, identification of modifying genetic, epigenetic, or environmental factors may enhance understanding of clinical outcomes. Comprehensive data on the natural history of a condition will facilitate the fields ability to: 1) identify the underlying biological mechanisms; 2) understand the genetic and clinical heterogeneity and phenotypic expression of the condition; 3) improve diagnostic accuracy; 4) facilitate clinical trials by providing comprehensive natural history data; 5) prevent, manage, and treat symptoms and complications of the condition; 6) furnish physicians and families with needed support and predictive information about the condition; and 7) establish data collection systems or patient registries to collect longitudinal data (e.g., child/family outcomes following newborn screening).
Other Eligible Applicants include the following:
 Alaska Native and Native Hawaiian Serving Institutions; Asian American Native American Pacific Islander Serving Institutions (AANAPISISs); Eligible Agencies of the Federal Government; Faith-based or Community-based Organizations; Hispanic-serving Institutions; Historically Black Colleges and Universities (HBCUs); Indian/Native American Tribal Governments (Other than Federally Recognized); Non-domestic (non-U.S.) Entities (Foreign Organizations); Regional Organizations; Tribally Controlled Colleges and Universities (TCCUs) ; U.S. Territory or Possession.",False,2028-01-07,464.0,False,False,False,False,False,True,10.0,False,,False,False,False,False,False,False,False,False,,unknown,,False,True,False,False,False,True,5.0,False,,False,False,True,True,True,True,True,True,False,False,True,15,False,True,,False,False,False,False,1,True,False,True,activity code R01,True,False,False,False,,2026-09-30,2026-08-18,Natural History of Disorders Screenable in the Newborn Period (R01 Clinical Trial Optional),open,ok,8.0,G2,G2.O4,"The grant funds research on the natural history of newborn screening disorders to improve early identification and interventions, supporting improved newborn and infant outcomes.",A comprehensive understanding of the natural history of a condition is necessary to facilitate appropriate interventions for infants identified by newborn screening.,atypical,state_governments,DPH,6.0,"DPH operates newborn screening and maternal/child health surveillance, but an NIH R01 natural history study likely exceeds its routine clinical research capacity without academic partners.",This is an investigator-initiated R01 requiring long-term natural history research infrastructure and likely academic medical center collaboration; NCDHHS may be better suited as a partner than the lead applicant.,True,Newborn screening natural-history research aligns with DPH infant-health goals; NCDHHS is eligible but likely better as a partner than lead.,[],True,True,atypical,deepseek/deepseek-v4-pro,92b0344f579a,True,10.0,0.15,1.0,0.0,0.0,76.5,open
19,9ea57cf9-811c-4b26-9d18-fc27169861e7,"Development and Testing of Novel Interventions to Improve HIV Prevention, Treatment, and Program Implementation for People Who Use Substances (R34 Clinical Trial Required)",open,False,False,,9ea57cf9-811c-4b26-9d18-fc27169861e7,PAR-24-329,posted,HHS-NIH11,discretionary,,2025-01-08,2027-03-16,,2027-04-15,False,,,,,http://grants.nih.gov/grants/guide/pa-files/PAR-24-329.html,https://grants.nih.gov/grants/guide/pa-files/PAR-24-329.html,93.279|Drug Use and Addiction Research Programs,grant,education;health,,nonprofits_non_higher_education_without_501c3;special_district_governments;nonprofits_non_higher_education_with_501c3;other_native_american_tribal_organizations;private_institutions_of_higher_education;public_and_indian_housing_authorities;other;city_or_township_governments;county_governments;small_businesses;state_governments;independent_school_districts;federally_recognized_native_american_tribal_governments;for_profit_organizations_other_than_small_businesses;public_and_state_institutions_of_higher_education,Other Eligible Applicants include the following: Alaska Native and Native Hawaiian Serving Institutions; Asian American Native American Pacific Islander Serving Institutions (AANAPISISs); Eligible Agencies of the Federal Government; Faith-based or Community-based Organizations; Hispanic-serving Institutions; Historically Black Colleges and Universities (HBCUs); Indian/Native American Tribal Governments (Other than Federally Recognized); Non-domestic (non-U.S.) Entities (Foreign Organizations); Regional Organizations; Tribally Controlled Colleges and Universities (TCCUs) ; U.S. Territory or Possession.,National Institutes of Health,Department of Health and Human Services,"NIH Grants Information
grantsinfo@nih.gov",grantsinfo@nih.gov,See Section VII. Agency Contacts within the full opportunity announcement for all other inquires.,,,,,,,,,https://simpler.grants.gov/opportunity/9ea57cf9-811c-4b26-9d18-fc27169861e7,"<p>This notice of funding opportunity (NOFO) encourages formative research, intervention development, and pilot-testing of interventions. Primary scientific areas of focus include the feasibility, tolerability, acceptability and safety of novel or adapted interventions that target HIV prevention, treatment or services research for people who use drugs. For the purposes of this NOFO, ""intervention"" may include behavioral, social, or structural approaches, as well as combination biomedical and behavioral approaches that prevent the acquisition and transmission of HIV infection, or improve clinical outcomes for persons living with HIV.</p>","This notice of funding opportunity (NOFO) encourages formative research, intervention development, and pilot-testing of interventions. Primary scientific areas of focus include the feasibility, tolerability, acceptability and safety of novel or adapted interventions that target HIV prevention, treatment or services research for people who use drugs. For the purposes of this NOFO, ""intervention"" may include behavioral, social, or structural approaches, as well as combination biomedical and behavioral approaches that prevent the acquisition and transmission of HIV infection, or improve clinical outcomes for persons living with HIV.","Development and Testing of Novel Interventions to Improve HIV Prevention, Treatment, and Program Implementation for People Who Use Substances (R34 Clinical Trial Required)
This notice of funding opportunity (NOFO) encourages formative research, intervention development, and pilot-testing of interventions. Primary scientific areas of focus include the feasibility, tolerability, acceptability and safety of novel or adapted interventions that target HIV prevention, treatment or services research for people who use drugs. For the purposes of this NOFO, ""intervention"" may include behavioral, social, or structural approaches, as well as combination biomedical and behavioral approaches that prevent the acquisition and transmission of HIV infection, or improve clinical outcomes for persons living with HIV.
Other Eligible Applicants include the following: Alaska Native and Native Hawaiian Serving Institutions; Asian American Native American Pacific Islander Serving Institutions (AANAPISISs); Eligible Agencies of the Federal Government; Faith-based or Community-based Organizations; Hispanic-serving Institutions; Historically Black Colleges and Universities (HBCUs); Indian/Native American Tribal Governments (Other than Federally Recognized); Non-domestic (non-U.S.) Entities (Foreign Organizations); Regional Organizations; Tribally Controlled Colleges and Universities (TCCUs) ; U.S. Territory or Possession.",False,2027-03-16,167.0,False,False,False,False,False,True,10.0,False,,False,False,False,False,False,False,False,False,,unknown,,False,True,False,False,False,True,5.0,False,,False,False,True,True,True,True,True,True,False,False,True,15,False,True,,False,False,False,False,1,True,False,True,activity code R34,True,False,False,False,,2026-09-30,2026-08-18,"Development and Testing of Novel Interventions to Improve HIV Prevention, Treatment, and Program Implementation for People Who Use Substances (R34 Clinical Trial Required)",open,ok,7.0,G1,G1.O3,"The grant funds development and pilot-testing of interventions to improve HIV prevention and treatment services for people who use drugs, a population that faces significant barriers to health services.","novel or adapted interventions that target HIV prevention, treatment or services research for people who use drugs",lead,state_governments,DPH,7.0,"DPH has the disease prevention, HIV, and epidemiology role to lead or support intervention research aimed at improving HIV prevention and treatment, likely in partnership with academic or community researchers.","As an NIH R34 clinical trial required, this grant supports intervention development and pilot research, not direct program funding, and would require research infrastructure and human subjects protections that may be outside DPH's routine program operations.",True,"This aligns with NCDHHS HIV prevention and health access goals for people who use substances, but it is a research grant requiring DPH research capacity and likely academic partners.",[],True,True,lead,deepseek/deepseek-v4-pro,92b0344f579a,True,10.0,0.15,1.0,0.0,0.0,76.0,open
20,244cf955-4008-424f-9704-2fe634e8eeb9,Health Equity Innovation Award: Enhance Equity Funding Opportunity (U01) Clinical Trials Not Allowed,forecast,True,False,,244cf955-4008-424f-9704-2fe634e8eeb9,FOR-FD-25-011,forecasted,HHS-FDA,discretionary,,2024-08-14,,,,False,4.0,,1000000.0,1000000.0,,,93.103|Food and Drug Administration Research,cooperative_agreement,consumer_protection;agriculture;food_and_nutrition,,special_district_governments;federally_recognized_native_american_tribal_governments;city_or_township_governments;nonprofits_non_higher_education_with_501c3;small_businesses;unrestricted;independent_school_districts;nonprofits_non_higher_education_without_501c3;public_and_state_institutions_of_higher_education;private_institutions_of_higher_education;state_governments;public_and_indian_housing_authorities;other_native_american_tribal_organizations;for_profit_organizations_other_than_small_businesses;county_governments,,Food and Drug Administration,Department of Health and Human Services,"Terrin Brown
Grantor
2404027610",terrin.brown@fda.hhs.gov,terrin.brown@fda.hhs.gov,,,,,,2025.0,,,https://simpler.grants.gov/opportunity/244cf955-4008-424f-9704-2fe634e8eeb9,"<p>The purpose of this notice of funding opportunity (NOFO) is to fund innovative research that will strengthen and advance minority health and health equity objectives.</p><p><br></p><p>Areas of interest include:</p><p><br></p><p>Proposals that focus on advancing equity in clinical trials by supporting efforts to advance diversity in clinical trials, equitable data efforts by increasing data available on diverse groups including, but not limited to, ethnicity, race, age, disability and geography, and equity of voices by increasing understanding of diverse patient perspectives, preferences, and unmet needs.</p>","The purpose of this notice of funding opportunity (NOFO) is to fund innovative research that will strengthen and advance minority health and health equity objectives.
 

 Areas of interest include:
 

 Proposals that focus on advancing equity in clinical trials by supporting efforts to advance diversity in clinical trials, equitable data efforts by increasing data available on diverse groups including, but not limited to, ethnicity, race, age, disability and geography, and equity of voices by increasing understanding of diverse patient perspectives, preferences, and unmet needs.","Health Equity Innovation Award: Enhance Equity Funding Opportunity (U01) Clinical Trials Not Allowed
The purpose of this notice of funding opportunity (NOFO) is to fund innovative research that will strengthen and advance minority health and health equity objectives.
 

 Areas of interest include:
 

 Proposals that focus on advancing equity in clinical trials by supporting efforts to advance diversity in clinical trials, equitable data efforts by increasing data available on diverse groups including, but not limited to, ethnicity, race, age, disability and geography, and equity of voices by increasing understanding of diverse patient perspectives, preferences, and unmet needs.
",False,,,False,False,False,False,False,False,,True,,False,False,False,False,False,False,False,False,,award_ceiling,1000000.0,True,False,True,False,False,False,5.0,False,,False,False,True,True,True,True,True,True,False,True,False,15,False,True,,False,False,False,False,1,True,False,True,activity code U01,True,False,False,True,,2026-09-30,2026-08-18,Health Equity Innovation Award: Enhance Equity Funding Opportunity (U01) Clinical Trials Not Allowed,forecast,ok,9.0,G1,G1.O1,"The grant funds research explicitly aimed at advancing minority health and health equity, which aligns with G1.O1's goal of reducing health disparities across the Department.",The purpose of this notice of funding opportunity (NOFO) is to fund innovative research that will strengthen and advance minority health and health equity objectives.,lead,state_governments,DPH,6.0,"DPH is the best fit because it already leads population health, epidemiology, and health-equity data work, though the FDA clinical-trial diversity focus is outside its typical service authority.","The grant is an FDA research cooperative agreement, not an implementation or services award; NCDHHS may lack the clinical-trial/regulatory research infrastructure needed to compete and execute if the scope centers on FDA clinical trial diversity.",True,"This FDA research grant would advance NCDHHS health-equity goals, and states are eligible, but it is research rather than services and may not fit DPH's core capacity.",[],True,True,lead,deepseek/deepseek-v4-pro,92b0344f579a,True,10.0,0.0,0.85,0.0,0.0,75.88,forecast_watchlist
21,bbf0a18c-1e2f-45ef-acd6-980df3828974,Forecast to Renew the Notice of Funding Opportunity Announcement for the Multiple Chronic Disease Research Centers,forecast,True,False,,bbf0a18c-1e2f-45ef-acd6-980df3828974,FOR-MD-25-002,forecasted,HHS-NIH11,discretionary,,2025-05-12,,,,False,11.0,55000000.0,,,,,93.307|Minority Health and Health Disparities Research,grant,health,,public_and_indian_housing_authorities;nonprofits_non_higher_education_with_501c3;state_governments;other_native_american_tribal_organizations;private_institutions_of_higher_education;county_governments;small_businesses;federally_recognized_native_american_tribal_governments;public_and_state_institutions_of_higher_education;for_profit_organizations_other_than_small_businesses;independent_school_districts,,National Institutes of Health,Department of Health and Human Services,"Dolly Penn, MD, MSCR
National Institute on Minority Health and Health Disparities (NIMHD)
301-496-8676",Dolly.penn@nih.gov,Dolly.penn@nih.gov,2025-05-16,2025-07-25,,2025-09-30,2025-09-30,2025.0,,,https://simpler.grants.gov/opportunity/bbf0a18c-1e2f-45ef-acd6-980df3828974,"<p>This forecast is to renew the Notice of Funding Opportunity (NOFO) for the Multiple Chronic Disease Research Centers&nbsp;(RFA-MD-21-007). This initiative will support existing and new regional comprehensive research centers to optimize prevention, diagnosis, treatment and management of multiple chronic diseases&nbsp;(MCDs) and to improve health outcomes among pediatric and adult populations experiencing health disparities. The centers will focus on innovative research that: (1)&nbsp;develops, tests, and evaluates novel models or strategies, and/or (2) implements effective interventions in various settings such as community or healthcare settings/systems.</p>
<p><br></p>
<p>Chronic diseases, such as cardiovascular diseases, cancer, diabetes, and chronic lower respiratory diseases, are among the leading causes of morbidity and mortality in the U.S. The prevalence of chronic health conditions among U.S. children and adolescents (especially cardiometabolic diseases) is also increasing. The effective integration and implementation of evidence-based interventions for both adults and children with comorbid chronic conditions remains understudied and is a priority. Each Center must address two or more chronic conditions that commonly co-occur and/or share common social context, etiological pathways, or risk factors and management strategies.</p>
<p><br></p>
<p>Research projects that advance the&nbsp;<a href=""https://www.whitehouse.gov/presidential-actions/2025/02/establishing-the-presidents-make-america-healthy-again-commission/"" target=""_blank"" style=""color: rgb(31, 107, 178);"">Make America Healthy Again Commission goals</a>, with a focus on addressing disparities in the prevention or effective diagnosis, treatment and management of chronic conditions will be prioritized. In addition, research design and methodologies that are replicable, reproducible and generalizable are priorities.</p>
<p><br></p>
<p>Applications are not being solicited at this time. Notice is being provided to allow potential applicants sufficient time to develop meaningful collaborations and responsive projects. This NOFO will utilize the P50 (Critical Trial Required) activity code. Investigators with expertise and insights into the proposed scientific areas are encouraged to begin to consider applying for this new NOFO. In addition, collaborative investigations combining expertise in clinical, health services, behavioral interventions, implementation science, community engaged research, and clinical care will be encouraged, and these investigators should also consider applying for this NOFO.&nbsp;</p>","This forecast is to renew the Notice of Funding Opportunity (NOFO) for the Multiple Chronic Disease Research Centers (RFA-MD-21-007). This initiative will support existing and new regional comprehensive research centers to optimize prevention, diagnosis, treatment and management of multiple chronic diseases (MCDs) and to improve health outcomes among pediatric and adult populations experiencing health disparities. The centers will focus on innovative research that: (1) develops, tests, and evaluates novel models or strategies, and/or (2) implements effective interventions in various settings such as community or healthcare settings/systems.

 


 Chronic diseases, such as cardiovascular diseases, cancer, diabetes, and chronic lower respiratory diseases, are among the leading causes of morbidity and mortality in the U.S. The prevalence of chronic health conditions among U.S. children and adolescents (especially cardiometabolic diseases) is also increasing. The effective integration and implementation of evidence-based interventions for both adults and children with comorbid chronic conditions remains understudied and is a priority. Each Center must address two or more chronic conditions that commonly co-occur and/or share common social context, etiological pathways, or risk factors and management strategies.

 


 Research projects that advance the  Make America Healthy Again Commission goals , with a focus on addressing disparities in the prevention or effective diagnosis, treatment and management of chronic conditions will be prioritized. In addition, research design and methodologies that are replicable, reproducible and generalizable are priorities.

 


 Applications are not being solicited at this time. Notice is being provided to allow potential applicants sufficient time to develop meaningful collaborations and responsive projects. This NOFO will utilize the P50 (Critical Trial Required) activity code. Investigators with expertise and insights into the proposed scientific areas are encouraged to begin to consider applying for this new NOFO. In addition, collaborative investigations combining expertise in clinical, health services, behavioral interventions, implementation science, community engaged research, and clinical care will be encouraged, and these investigators should also consider applying for this NOFO.","Forecast to Renew the Notice of Funding Opportunity Announcement for the Multiple Chronic Disease Research Centers
This forecast is to renew the Notice of Funding Opportunity (NOFO) for the Multiple Chronic Disease Research Centers (RFA-MD-21-007). This initiative will support existing and new regional comprehensive research centers to optimize prevention, diagnosis, treatment and management of multiple chronic diseases (MCDs) and to improve health outcomes among pediatric and adult populations experiencing health disparities. The centers will focus on innovative research that: (1) develops, tests, and evaluates novel models or strategies, and/or (2) implements effective interventions in various settings such as community or healthcare settings/systems.

 


 Chronic diseases, such as cardiovascular diseases, cancer, diabetes, and chronic lower respiratory diseases, are among the leading causes of morbidity and mortality in the U.S. The prevalence of chronic health conditions among U.S. children and adolescents (especially cardiometabolic diseases) is also increasing. The effective integration and implementation of evidence-based interventions for both adults and children with comorbid chronic conditions remains understudied and is a priority. Each Center must address two or more chronic conditions that commonly co-occur and/or share common social context, etiological pathways, or risk factors and management strategies.

 


 Research projects that advance the  Make America Healthy Again Commission goals , with a focus on addressing disparities in the prevention or effective diagnosis, treatment and management of chronic conditions will be prioritized. In addition, research design and methodologies that are replicable, reproducible and generalizable are priorities.

 


 Applications are not being solicited at this time. Notice is being provided to allow potential applicants sufficient time to develop meaningful collaborations and responsive projects. This NOFO will utilize the P50 (Critical Trial Required) activity code. Investigators with expertise and insights into the proposed scientific areas are encouraged to begin to consider applying for this new NOFO. In addition, collaborative investigations combining expertise in clinical, health services, behavioral interventions, implementation science, community engaged research, and clinical care will be encouraged, and these investigators should also consider applying for this NOFO.
",False,,,False,False,False,False,False,False,,False,-502.0,True,True,False,False,False,False,False,False,5000000.0,average_award,5000000.0,True,False,True,False,False,False,8.49,False,,False,False,True,True,True,True,True,True,False,False,False,11,False,False,,False,False,False,False,1,True,False,True,NIH opportunity,True,False,False,True,,2026-09-30,2026-08-18,Forecast to Renew the Notice of Funding Opportunity Announcement for the Multiple Chronic Disease Research Centers,forecast,ok,8.0,G1,G1.O1,"The initiative funds research to optimize prevention, diagnosis, treatment, and management of multiple chronic diseases and improve health outcomes among populations experiencing health disparities, directly matching the health-disparities reduction focus of G1.O1.",improve health outcomes among pediatric and adult populations experiencing health disparities,atypical,state_governments,DPH,5.0,"DPH already leads chronic disease prevention, surveillance, and health-disparities work, but a P50 multi-center clinical-trial research center would require academic and clinical research partners beyond its usual service role.","The main risk is that this is a forecast, not a current solicitation, and NIH P50 specialized research centers are typically led by academic medical centers, so NCDHHS may be more viable as a partner than as a lead.",True,"Strong health-disparities alignment, but as an NIH P50 research center it is an atypical lead for NCDHHS; DPH could explore an academic partnership.","[""P50 (Critical Trial Required) activity code""]",True,True,atypical,deepseek/deepseek-v4-pro,92b0344f579a,True,10.0,0.0,0.85,0.0,0.0,75.57,forecast_watchlist
22,3820f2c5-4b44-47ad-8a29-9f6084d60bb2,Pilot and Feasibility Studies in Preparation for Substance Use and HIV Prevention Intervention and Services Research Trials,forecast,True,False,,3820f2c5-4b44-47ad-8a29-9f6084d60bb2,PAR-26-092,forecasted,HHS-NIH11,discretionary,,2026-01-26,,,,False,,,,,,,93.279|Drug Use and Addiction Research Programs,grant,health,,state_governments;city_or_township_governments;other;county_governments;public_and_state_institutions_of_higher_education;private_institutions_of_higher_education;nonprofits_non_higher_education_without_501c3;nonprofits_non_higher_education_with_501c3;for_profit_organizations_other_than_small_businesses;independent_school_districts;small_businesses;other_native_american_tribal_organizations;federally_recognized_native_american_tribal_governments;special_district_governments;public_and_indian_housing_authorities,Other Eligible ApplicantsIndian/Native American Tribal Governments (Other than Federally Recognized);Eligible Agencies of the Federal Government;U.S. Territory or Possession;Faith-based or Community-based Organizations;Regional Organizations;Non-domestic (non-U.S.) Entities (Foreign Institutions).,National Institutes of Health,Department of Health and Human Services,"NIDA DESPR Program Staff
Please contact via e-mail",nida-par-26-092@mail.nih.gov,Division of Epidemiology Services and Prevention Research,2026-07-02,2026-10-02,,2027-07-01,2027-07-01,2027.0,,,https://simpler.grants.gov/opportunity/3820f2c5-4b44-47ad-8a29-9f6084d60bb2,"<p>The National Institute on Drug Abuse seeks to support pilot and feasibility studies in preparation for efficacy, effectiveness and/or services research trials. Topics may include:1) developing interventions to prevent substance use, misuse or progression to disorder, 2) substance use prevention, treatment or recovery services research, including comorbid pain, medical and mental health disorders, 3) HIV eradication research, including implementation science, prevention, treatment and recovery in substance use settings/populations.</p><p>Projects may address information gaps, strengthen stakeholder partnerships, or pilot test interventions. Activities might include intervention development/adaptation; assessing intervention or service model acceptability and feasibility; and development of measures, materials, or methods for the future trial. Preliminary data is not required. A well-defined theory of change or logic model is expected. Applicants must engage relevant end users in study design, execution, and interpretation (e.g., policymakers, state and local decision makers, practitioners, individuals with lived/living experience, families, youth, and community members).</p><p>Applications are not being solicited at this time. This notice is to allow applicants time to develop collaborations and responsive projects. Grant authorities that allow this forecast are 42 U.S.C. §§ 241 and 284.</p><p>&nbsp;</p>","The National Institute on Drug Abuse seeks to support pilot and feasibility studies in preparation for efficacy, effectiveness and/or services research trials. Topics may include:1) developing interventions to prevent substance use, misuse or progression to disorder, 2) substance use prevention, treatment or recovery services research, including comorbid pain, medical and mental health disorders, 3) HIV eradication research, including implementation science, prevention, treatment and recovery in substance use settings/populations.
 Projects may address information gaps, strengthen stakeholder partnerships, or pilot test interventions. Activities might include intervention development/adaptation; assessing intervention or service model acceptability and feasibility; and development of measures, materials, or methods for the future trial. Preliminary data is not required. A well-defined theory of change or logic model is expected. Applicants must engage relevant end users in study design, execution, and interpretation (e.g., policymakers, state and local decision makers, practitioners, individuals with lived/living experience, families, youth, and community members).
 Applications are not being solicited at this time. This notice is to allow applicants time to develop collaborations and responsive projects. Grant authorities that allow this forecast are 42 U.S.C. §§ 241 and 284.","Pilot and Feasibility Studies in Preparation for Substance Use and HIV Prevention Intervention and Services Research Trials
The National Institute on Drug Abuse seeks to support pilot and feasibility studies in preparation for efficacy, effectiveness and/or services research trials. Topics may include:1) developing interventions to prevent substance use, misuse or progression to disorder, 2) substance use prevention, treatment or recovery services research, including comorbid pain, medical and mental health disorders, 3) HIV eradication research, including implementation science, prevention, treatment and recovery in substance use settings/populations.
 Projects may address information gaps, strengthen stakeholder partnerships, or pilot test interventions. Activities might include intervention development/adaptation; assessing intervention or service model acceptability and feasibility; and development of measures, materials, or methods for the future trial. Preliminary data is not required. A well-defined theory of change or logic model is expected. Applicants must engage relevant end users in study design, execution, and interpretation (e.g., policymakers, state and local decision makers, practitioners, individuals with lived/living experience, families, youth, and community members).
 Applications are not being solicited at this time. This notice is to allow applicants time to develop collaborations and responsive projects. Grant authorities that allow this forecast are 42 U.S.C. §§ 241 and 284.
Other Eligible ApplicantsIndian/Native American Tribal Governments (Other than Federally Recognized);Eligible Agencies of the Federal Government;U.S. Territory or Possession;Faith-based or Community-based Organizations;Regional Organizations;Non-domestic (non-U.S.) Entities (Foreign Institutions).",False,,,False,False,False,False,False,False,,False,-90.0,True,False,True,False,False,False,False,False,,unknown,,False,True,False,False,False,True,5.0,False,,False,False,True,True,True,True,True,True,False,False,True,15,False,True,,False,False,False,False,1,True,False,True,NIH opportunity,True,False,False,False,,2026-09-30,2026-08-18,Pilot and Feasibility Studies in Preparation for Substance Use and HIV Prevention Intervention and Services Research Trials,forecast,ok,8.0,G3,G3.O4,"The grant funds pilot and feasibility studies for substance use prevention and treatment/recovery services research, directly supporting NCDHHS's objective to turn the tide on the opioid and substance use crisis.","pilot and feasibility studies in preparation for efficacy, effectiveness and/or services research trials",lead,state_governments,DMHDDSUS,7.0,"DMHDDSUS already leads substance use and opioid crisis initiatives and could house a research preparation grant, though it would likely need academic or community research partners.","Applications are not being solicited at this time, so this forecast may never become an active competition or may require research infrastructure NCDHHS does not routinely operate.",True,"Forecast NIH research grant on substance use and HIV prevention aligns with G3.O4 and DMHDDSUS, but is not yet solicited; monitor and explore research partners.","[""Applicants must engage relevant end users in study design, execution, and interpretation""]",True,True,lead,deepseek/deepseek-v4-pro,92b0344f579a,True,10.0,0.0,0.85,0.0,0.0,75.29,forecast_watchlist
23,c33b8d86-6f73-43bf-adcc-da3cecc0dc70,Research on System Support and Tools for Provider Training and Quality Monitoring for Suicide Preventive Care,forecast,True,False,,c33b8d86-6f73-43bf-adcc-da3cecc0dc70,FOR-MH-26-145,forecasted,HHS-NIH11,discretionary,,2025-06-17,,,,False,5.0,5000000.0,,,,,93.242|Mental Health Research Grants,grant,health,,federally_recognized_native_american_tribal_governments;private_institutions_of_higher_education;nonprofits_non_higher_education_with_501c3;other_native_american_tribal_organizations;public_and_state_institutions_of_higher_education;independent_school_districts;small_businesses;for_profit_organizations_other_than_small_businesses;state_governments;county_governments;public_and_indian_housing_authorities,,National Institutes of Health,Department of Health and Human Services,"Stephen O'Connor, Ph.D.
National Institute of Mental Health
301-480-8366",stephen.oconnor@nih.gov,stephen.oconnor@nih.gov,2025-08-17,2025-10-17,,2026-07-01,2026-07-01,2026.0,,,https://simpler.grants.gov/opportunity/c33b8d86-6f73-43bf-adcc-da3cecc0dc70,"<p><span style=""color: rgb(51, 51, 51);"">The National Institute of Mental Health (NIMH) intends to publish a Notice of Funding Opportunity (NOFO) to solicit applications for research focused on developing, optimizing, and testing the effectiveness of provider-level interventions and tools to promote competence and sustained implementation fidelity in delivering evidence-based suicide prevention interventions.&nbsp;NIMH seeks research to inform, service-ready implementation strategies and valid, scalable measures and tools for monitoring the delivery and outcome of suicide prevention services, including risk assessment, referral and engagement and preventative/therapeutic interventions. Applications are not being solicited at this time. Notice is being provided to allow potential applicants sufficient time to develop meaningful collaborations and responsive projects.&nbsp;This NOFO will utilize the R01 activity code. Investigators with expertise in clinical trials methodology, psychometric validation of measures for monitoring outcomes and care delivery, and implementation science related to developing and testing suicide prevention strategies for use in a variety of settings where therapeutic services are offered are encouraged to consider applying for this new NOFO. In addition, collaborative investigations combining expertise in health services research, comparative effectiveness, practice-based research, and data science are encouraged, and these investigators should consider applying for this NOFO.</span></p>","The National Institute of Mental Health (NIMH) intends to publish a Notice of Funding Opportunity (NOFO) to solicit applications for research focused on developing, optimizing, and testing the effectiveness of provider-level interventions and tools to promote competence and sustained implementation fidelity in delivering evidence-based suicide prevention interventions. NIMH seeks research to inform, service-ready implementation strategies and valid, scalable measures and tools for monitoring the delivery and outcome of suicide prevention services, including risk assessment, referral and engagement and preventative/therapeutic interventions. Applications are not being solicited at this time. Notice is being provided to allow potential applicants sufficient time to develop meaningful collaborations and responsive projects. This NOFO will utilize the R01 activity code. Investigators with expertise in clinical trials methodology, psychometric validation of measures for monitoring outcomes and care delivery, and implementation science related to developing and testing suicide prevention strategies for use in a variety of settings where therapeutic services are offered are encouraged to consider applying for this new NOFO. In addition, collaborative investigations combining expertise in health services research, comparative effectiveness, practice-based research, and data science are encouraged, and these investigators should consider applying for this NOFO.","Research on System Support and Tools for Provider Training and Quality Monitoring for Suicide Preventive Care
The National Institute of Mental Health (NIMH) intends to publish a Notice of Funding Opportunity (NOFO) to solicit applications for research focused on developing, optimizing, and testing the effectiveness of provider-level interventions and tools to promote competence and sustained implementation fidelity in delivering evidence-based suicide prevention interventions. NIMH seeks research to inform, service-ready implementation strategies and valid, scalable measures and tools for monitoring the delivery and outcome of suicide prevention services, including risk assessment, referral and engagement and preventative/therapeutic interventions. Applications are not being solicited at this time. Notice is being provided to allow potential applicants sufficient time to develop meaningful collaborations and responsive projects. This NOFO will utilize the R01 activity code. Investigators with expertise in clinical trials methodology, psychometric validation of measures for monitoring outcomes and care delivery, and implementation science related to developing and testing suicide prevention strategies for use in a variety of settings where therapeutic services are offered are encouraged to consider applying for this new NOFO. In addition, collaborative investigations combining expertise in health services research, comparative effectiveness, practice-based research, and data science are encouraged, and these investigators should consider applying for this NOFO.
",False,,,False,False,False,False,False,False,,False,-409.0,True,True,False,False,False,False,False,False,1000000.0,average_award,1000000.0,True,False,True,False,False,False,5.0,False,,False,False,True,True,True,True,True,True,False,False,False,11,False,False,,False,False,False,False,1,True,False,True,NIH opportunity,True,False,False,True,,2026-09-30,2026-08-18,Research on System Support and Tools for Provider Training and Quality Monitoring for Suicide Preventive Care,forecast,ok,8.0,G3,G3.O3,"The grant funds research to build provider training and quality-monitoring tools for suicide preventive care, which directly advances NCDHHS's objective to increase access to suicide prevention and crisis services.","developing, optimizing, and testing the effectiveness of provider-level interventions and tools to promote competence and sustained implementation fidelity in delivering evidence-based suicide prevention interventions",lead,state_governments,DMHDDSUS,7.0,"DMHDDSUS already leads suicide prevention and crisis services, so it has the programmatic authority and partner network to support an R01 studying suicide preventive care, though it would need academic research collaborators.","It is currently a forecast only with applications not yet solicited, and an R01 demands substantial clinical research and implementation science capacity that NCDHHS would likely need to secure through academic partners.",True,"Research to improve provider training and quality monitoring for suicide prevention aligns with NCDHHS suicide prevention goals, but applications are not yet solicited.",[],True,True,lead,deepseek/deepseek-v4-pro,92b0344f579a,True,10.0,0.0,0.85,0.0,0.0,75.29,forecast_watchlist
24,99c292e3-156e-4e6c-9eab-09f1cec4ebe1,Navigator Emergency Department Diversion Models for Non-Urgent Mental Health Concerns (R01 Clinical Trial Required),open,False,False,,99c292e3-156e-4e6c-9eab-09f1cec4ebe1,PAR-25-289,posted,HHS-NIH11,discretionary,,2024-11-25,2028-01-07,,2028-02-12,False,,,,,http://grants.nih.gov/grants/guide/pa-files/PAR-25-289.html,https://grants.nih.gov/grants/guide/pa-files/PAR-25-289.html,93.242|Mental Health Research Grants,grant,health,,public_and_state_institutions_of_higher_education;federally_recognized_native_american_tribal_governments;other;state_governments;county_governments;private_institutions_of_higher_education;small_businesses;independent_school_districts;nonprofits_non_higher_education_without_501c3;public_and_indian_housing_authorities;other_native_american_tribal_organizations;nonprofits_non_higher_education_with_501c3;for_profit_organizations_other_than_small_businesses;city_or_township_governments;special_district_governments,"Other Eligible Applicants include the following:
 Alaska Native and Native Hawaiian Serving Institutions; Asian American Native American Pacific Islander Serving Institutions (AANAPISISs); Eligible Agencies of the Federal Government; Faith-based or Community-based Organizations; Hispanic-serving Institutions; Historically Black Colleges and Universities (HBCUs); Indian/Native American Tribal Governments (Other than Federally Recognized); Non-domestic (non-U.S.) Entities (Foreign Organizations); Regional Organizations; Tribally Controlled Colleges and Universities (TCCUs) ; U.S. Territory or Possession; Non-domestic (non-U.S.) Entities (Foreign Organizations) are not eligible to apply.

Non-domestic (non-U.S.) components of U.S. Organizations are not eligible to apply.

Foreign components, as defined in the NIH Grants Policy Statement, are not allowed.",National Institutes of Health,Department of Health and Human Services,"NIH Grants Information
grantsinfo@nih.gov",grantsinfo@nih.gov,See Section VII. Agency Contacts within the full opportunity announcement for all other inquires.,,,,,,,,,https://simpler.grants.gov/opportunity/99c292e3-156e-4e6c-9eab-09f1cec4ebe1,"The purpose of this NOFO is to build research about the effectiveness, implementation, and optimization of family navigation ED diversion models for non-urgent mental health problems. Models of interest are designed to (a) utilize triage tools to identify mental health acuity, (b) facilitate engagement in mental health services and needed resources, and (c) provide support, knowledge about the mental health condition, and facilitate linkages/address barriers to help-seeking among families.","The purpose of this NOFO is to build research about the effectiveness, implementation, and optimization of family navigation ED diversion models for non-urgent mental health problems. Models of interest are designed to (a) utilize triage tools to identify mental health acuity, (b) facilitate engagement in mental health services and needed resources, and (c) provide support, knowledge about the mental health condition, and facilitate linkages/address barriers to help-seeking among families.","Navigator Emergency Department Diversion Models for Non-Urgent Mental Health Concerns (R01 Clinical Trial Required)
The purpose of this NOFO is to build research about the effectiveness, implementation, and optimization of family navigation ED diversion models for non-urgent mental health problems. Models of interest are designed to (a) utilize triage tools to identify mental health acuity, (b) facilitate engagement in mental health services and needed resources, and (c) provide support, knowledge about the mental health condition, and facilitate linkages/address barriers to help-seeking among families.
Other Eligible Applicants include the following:
 Alaska Native and Native Hawaiian Serving Institutions; Asian American Native American Pacific Islander Serving Institutions (AANAPISISs); Eligible Agencies of the Federal Government; Faith-based or Community-based Organizations; Hispanic-serving Institutions; Historically Black Colleges and Universities (HBCUs); Indian/Native American Tribal Governments (Other than Federally Recognized); Non-domestic (non-U.S.) Entities (Foreign Organizations); Regional Organizations; Tribally Controlled Colleges and Universities (TCCUs) ; U.S. Territory or Possession; Non-domestic (non-U.S.) Entities (Foreign Organizations) are not eligible to apply.

Non-domestic (non-U.S.) components of U.S. Organizations are not eligible to apply.

Foreign components, as defined in the NIH Grants Policy Statement, are not allowed.",False,2028-01-07,464.0,False,False,False,False,False,True,10.0,False,,False,False,False,False,False,False,False,False,,unknown,,False,True,False,False,False,True,5.0,False,,False,False,True,True,True,True,True,True,False,False,True,15,False,True,,False,False,False,False,1,True,False,True,activity code R01,True,False,False,False,,2026-09-30,2026-08-18,Navigator Emergency Department Diversion Models for Non-Urgent Mental Health Concerns (R01 Clinical Trial Required),open,ok,8.0,G3,G3.O3,"This funds research on navigation models that triage mental health acuity and link families to mental health services, directly building the evidence base for NCDHHS's behavioral health referral and access work under G3.O3.","The purpose of this NOFO is to build research about the effectiveness, implementation, and optimization of family navigation ED diversion models for non-urgent mental health problems.",lead,state_governments,DMHDDSUS,5.0,"DMHDDSUS oversees mental health and crisis/referral services, so the topic fits, but an R01 clinical trial is research-focused and would require academic and data infrastructure beyond its usual service operations.","The grant only funds research and development of evidence, not service delivery; NCDHHS may not have the research infrastructure to lead an NIH R01 clinical trial without university partners.",True,"Aligns with G3.O3 mental health referral and diversion, but NIH R01 research would likely require academic partners.","[""Clinical Trial Required""]",True,True,lead,deepseek/deepseek-v4-pro,92b0344f579a,True,10.0,0.15,1.0,0.0,0.0,74.0,open
25,1380cf9c-4561-45a6-a85d-7866dd308ef0,Dissemination and Implementation Research in Health (R21 Clinical Trial Optional),open,False,False,,1380cf9c-4561-45a6-a85d-7866dd308ef0,PAR-25-143,posted,HHS-NIH11,discretionary,,2024-10-31,2028-01-07,,2028-02-12,False,,,,,http://grants.nih.gov/grants/guide/pa-files/PAR-25-143.html,https://grants.nih.gov/grants/guide/pa-files/PAR-25-143.html,"93.113|Environmental Health;93.399|Cancer Control;93.846|Arthritis, Musculoskeletal and Skin Diseases Research;93.310|Trans-NIH Research Support;93.853|Extramural Research Programs in the Neurosciences and Neurological Disorders;93.361|Nursing Research;93.121|Oral Diseases and Disorders Research;93.213|Research and Training in Complementary and Integrative Health;93.273|Alcohol Research Programs;93.866|Aging Research;93.242|Mental Health Research Grants;93.279|Drug Abuse and Addiction Research Programs;93.989|International Research and Research Training;93.855|Allergy and Infectious Diseases Research;93.173|Research Related to Deafness and Communication Disorders;93.865|Child Health and Human Development Extramural Research;93.307|Minority Health and Health Disparities Research;93.172|Human Genome Research",grant,income_security_and_social_services;environment;health;education,,independent_school_districts;private_institutions_of_higher_education;public_and_indian_housing_authorities;other;small_businesses;nonprofits_non_higher_education_with_501c3;nonprofits_non_higher_education_without_501c3;federally_recognized_native_american_tribal_governments;other_native_american_tribal_organizations;county_governments;state_governments;public_and_state_institutions_of_higher_education;city_or_township_governments;special_district_governments;for_profit_organizations_other_than_small_businesses,Other Eligible Applicants include the following: Alaska Native and Native Hawaiian Serving Institutions; Asian American Native American Pacific Islander Serving Institutions (AANAPISISs); Eligible Agencies of the Federal Government; Faith-based or Community-based Organizations; Hispanic-serving Institutions; Historically Black Colleges and Universities (HBCUs); Indian/Native American Tribal Governments (Other than Federally Recognized); Non-domestic (non-U.S.) Entities (Foreign Organizations); Regional Organizations; Tribally Controlled Colleges and Universities (TCCUs) ; U.S. Territory or Possession.,National Institutes of Health,Department of Health and Human Services,"NIH Grants Information
grantsinfo@nih.gov",grantsinfo@nih.gov,See Section VII. Agency Contacts within the full opportunity announcement for all other inquires.,,,,,,,,,https://simpler.grants.gov/opportunity/1380cf9c-4561-45a6-a85d-7866dd308ef0,"<p>The purpose of this Funding Opportunity Announcement (FOA) is to support studies that will identify, develop, and/or test strategies for overcoming barriers to the adoption, adaptation, integration, scale-up, and sustainability of evidence-based interventions, practices, programs, tools, treatments, guidelines, and policies. Conversely, there is a benefit in understanding circumstances that create a need to stop or reduce (de-implement) the use of practices that are ineffective, unproven, low-value, or harmful. In addition, studies to advance dissemination and implementation research methods and measures are encouraged.All applications must be within the scope of the mission of one of the Institutes/Centers listed above.</p>","The purpose of this Funding Opportunity Announcement (FOA) is to support studies that will identify, develop, and/or test strategies for overcoming barriers to the adoption, adaptation, integration, scale-up, and sustainability of evidence-based interventions, practices, programs, tools, treatments, guidelines, and policies. Conversely, there is a benefit in understanding circumstances that create a need to stop or reduce (de-implement) the use of practices that are ineffective, unproven, low-value, or harmful. In addition, studies to advance dissemination and implementation research methods and measures are encouraged.All applications must be within the scope of the mission of one of the Institutes/Centers listed above.","Dissemination and Implementation Research in Health (R21 Clinical Trial Optional)
The purpose of this Funding Opportunity Announcement (FOA) is to support studies that will identify, develop, and/or test strategies for overcoming barriers to the adoption, adaptation, integration, scale-up, and sustainability of evidence-based interventions, practices, programs, tools, treatments, guidelines, and policies. Conversely, there is a benefit in understanding circumstances that create a need to stop or reduce (de-implement) the use of practices that are ineffective, unproven, low-value, or harmful. In addition, studies to advance dissemination and implementation research methods and measures are encouraged.All applications must be within the scope of the mission of one of the Institutes/Centers listed above.
Other Eligible Applicants include the following: Alaska Native and Native Hawaiian Serving Institutions; Asian American Native American Pacific Islander Serving Institutions (AANAPISISs); Eligible Agencies of the Federal Government; Faith-based or Community-based Organizations; Hispanic-serving Institutions; Historically Black Colleges and Universities (HBCUs); Indian/Native American Tribal Governments (Other than Federally Recognized); Non-domestic (non-U.S.) Entities (Foreign Organizations); Regional Organizations; Tribally Controlled Colleges and Universities (TCCUs) ; U.S. Territory or Possession.",False,2028-01-07,464.0,False,False,False,False,False,True,10.0,False,,False,False,False,False,False,False,False,False,,unknown,,False,True,False,False,False,True,5.0,False,,False,False,True,True,True,True,True,True,False,False,True,15,False,True,,False,False,False,False,18,True,False,True,activity code R21,True,False,False,False,,2026-09-30,2026-08-18,Dissemination and Implementation Research in Health (R21 Clinical Trial Optional),open,ok,7.0,G1,G1.O3,"The grant funds research on strategies to overcome barriers to the adoption and sustained use of evidence-based health interventions, which supports NCDHHS's objective of mitigating barriers to health services for populations with greater health challenges.","support studies that will identify, develop, and/or test strategies for overcoming barriers to the adoption, adaptation, integration, scale-up, and sustainability of evidence-based interventions, practices, programs, tools, treatments, guidelines, and policies.",lead,state_governments,DPH,6.0,"DPH already supports disease prevention, epidemiology, and evidence-based public health programs and collaborates with local health departments and academic partners, but it would need to add dedicated implementation-research capacity.","This is an investigator-initiated NIH research grant, not program funding; NCDHHS would need strong research capacity and would face heavy competition from academic institutions.",True,"NIH implementation-research grant could study ways to reduce health access barriers, fitting Goal 1; DPH could pursue with academic partners, though it is not direct service funding.",[],True,True,lead,deepseek/deepseek-v4-pro,92b0344f579a,True,10.0,0.15,1.0,0.0,0.0,73.5,open
26,1fd3d671-8469-40ac-bbd6-adac625cf082,Dissemination and Implementation Research in Health (R01 Clinical Trial Optional),open,False,False,,1fd3d671-8469-40ac-bbd6-adac625cf082,PAR-25-144,posted,HHS-NIH11,discretionary,,2024-10-29,2028-01-07,,2028-02-12,False,,,,,http://grants.nih.gov/grants/guide/pa-files/PAR-25-144.html,https://grants.nih.gov/grants/guide/pa-files/PAR-25-144.html,"93.838|Lung Diseases Research;93.866|Aging Research;93.213|Research and Training in Complementary and Integrative Health;93.113|Environmental Health;93.840|Translation and Implementation Science Research for Heart, Lung, Blood Diseases, and Sleep Disorders;93.307|Minority Health and Health Disparities Research;93.310|Trans-NIH Research Support;93.853|Extramural Research Programs in the Neurosciences and Neurological Disorders;93.233|National Center on Sleep Disorders Research;93.399|Cancer Control;93.847|Diabetes, Digestive, and Kidney Diseases Extramural Research;93.846|Arthritis, Musculoskeletal and Skin Diseases Research;93.121|Oral Diseases and Disorders Research;93.865|Child Health and Human Development Extramural Research;93.837|Cardiovascular Diseases Research;93.273|Alcohol Research Programs;93.279|Drug Abuse and Addiction Research Programs;93.242|Mental Health Research Grants;93.361|Nursing Research;93.855|Allergy and Infectious Diseases Research;93.839|Blood Diseases and Resources Research;93.867|Vision Research;93.172|Human Genome Research",grant,income_security_and_social_services;environment;health;education;food_and_nutrition,,other_native_american_tribal_organizations;public_and_state_institutions_of_higher_education;city_or_township_governments;special_district_governments;public_and_indian_housing_authorities;state_governments;nonprofits_non_higher_education_with_501c3;nonprofits_non_higher_education_without_501c3;for_profit_organizations_other_than_small_businesses;independent_school_districts;county_governments;other;private_institutions_of_higher_education;federally_recognized_native_american_tribal_governments;small_businesses,Other Eligible Applicants include the following: Alaska Native and Native Hawaiian Serving Institutions; Asian American Native American Pacific Islander Serving Institutions (AANAPISISs); Eligible Agencies of the Federal Government; Faith-based or Community-based Organizations; Hispanic-serving Institutions; Historically Black Colleges and Universities (HBCUs); Indian/Native American Tribal Governments (Other than Federally Recognized); Non-domestic (non-U.S.) Entities (Foreign Organizations); Regional Organizations; Tribally Controlled Colleges and Universities (TCCUs) ; U.S. Territory or Possession.,National Institutes of Health,Department of Health and Human Services,"NIH Grants Information
grantsinfo@nih.gov",grantsinfo@nih.gov,See Section VII. Agency Contacts within the full opportunity announcement for all other inquires.,,,,,,,,,https://simpler.grants.gov/opportunity/1fd3d671-8469-40ac-bbd6-adac625cf082,"<p>The purpose of this Notice of Funding Opportunity (NOFO) is to support studies that will identify, develop, and/or test strategies for overcoming barriers to the adoption, adaptation, integration, sustainability, scale-up, and spread of evidence-based interventions, practices, programs, tools, treatments, guidelines, and policies (hereafter referred to as evidence-based interventions). Conversely, there is a benefit in understanding circumstances that create a need to stop or reduce (de-implement) the use of practices that are ineffective, unproven, low-value, or harmful. In addition, studies to advance dissemination and implementation research methods and measures are encouraged. Applications that focus on re-implementation of evidence-based health services that may be disrupted amidst disasters (e.g., pandemics) remain relevant. All applications must be within the scope of the mission of one of the Institutes/Centers listed above.</p>","The purpose of this Notice of Funding Opportunity (NOFO) is to support studies that will identify, develop, and/or test strategies for overcoming barriers to the adoption, adaptation, integration, sustainability, scale-up, and spread of evidence-based interventions, practices, programs, tools, treatments, guidelines, and policies (hereafter referred to as evidence-based interventions). Conversely, there is a benefit in understanding circumstances that create a need to stop or reduce (de-implement) the use of practices that are ineffective, unproven, low-value, or harmful. In addition, studies to advance dissemination and implementation research methods and measures are encouraged. Applications that focus on re-implementation of evidence-based health services that may be disrupted amidst disasters (e.g., pandemics) remain relevant. All applications must be within the scope of the mission of one of the Institutes/Centers listed above.","Dissemination and Implementation Research in Health (R01 Clinical Trial Optional)
The purpose of this Notice of Funding Opportunity (NOFO) is to support studies that will identify, develop, and/or test strategies for overcoming barriers to the adoption, adaptation, integration, sustainability, scale-up, and spread of evidence-based interventions, practices, programs, tools, treatments, guidelines, and policies (hereafter referred to as evidence-based interventions). Conversely, there is a benefit in understanding circumstances that create a need to stop or reduce (de-implement) the use of practices that are ineffective, unproven, low-value, or harmful. In addition, studies to advance dissemination and implementation research methods and measures are encouraged. Applications that focus on re-implementation of evidence-based health services that may be disrupted amidst disasters (e.g., pandemics) remain relevant. All applications must be within the scope of the mission of one of the Institutes/Centers listed above.
Other Eligible Applicants include the following: Alaska Native and Native Hawaiian Serving Institutions; Asian American Native American Pacific Islander Serving Institutions (AANAPISISs); Eligible Agencies of the Federal Government; Faith-based or Community-based Organizations; Hispanic-serving Institutions; Historically Black Colleges and Universities (HBCUs); Indian/Native American Tribal Governments (Other than Federally Recognized); Non-domestic (non-U.S.) Entities (Foreign Organizations); Regional Organizations; Tribally Controlled Colleges and Universities (TCCUs) ; U.S. Territory or Possession.",False,2028-01-07,464.0,False,False,False,False,False,True,10.0,False,,False,False,False,False,False,False,False,False,,unknown,,False,True,False,False,False,True,5.0,False,,False,False,True,True,True,True,True,True,False,False,True,15,False,True,,False,False,False,False,23,True,False,True,activity code R01,True,False,False,False,,2026-09-30,2026-08-18,Dissemination and Implementation Research in Health (R01 Clinical Trial Optional),open,ok,7.0,G1,G1.O1,"The grant funds research on how to spread and sustain evidence-based health interventions, which would help NCDHHS build a culture and structure for increasing health access and reducing disparities.","The purpose of this Notice of Funding Opportunity (NOFO) is to support studies that will identify, develop, and/or test strategies for overcoming barriers to the adoption, adaptation, integration, sustainability, scale-up, and spread of evidence-based interventions, practices, programs, tools, treatments, guidelines, and policies",atypical,state_governments,DPH,6.0,"DPH has epidemiology and public-health program capacity and could lead or partner on implementation research, but an NIH R01 is an atypical research role for a state division.","This is a highly competitive NIH research award, and NCDHHS may lack the academic research infrastructure and principal-investigator capacity needed to compete without a university partner.",True,"This NIH research grant aligns with health access goal G1 and NCDHHS is eligible, but it is an atypical research opportunity likely requiring academic partners.",[],True,True,atypical,deepseek/deepseek-v4-pro,92b0344f579a,True,10.0,0.15,1.0,0.0,0.0,73.5,open
27,92d5dca4-b6e9-4c88-9e9d-9b6a6b32d029,Innovative Mental Health Services Research Not Involving Clinical Trials (R01 Clinical Trials Not Allowed),open,False,False,,92d5dca4-b6e9-4c88-9e9d-9b6a6b32d029,PAR-25-283,posted,HHS-NIH11,discretionary,,2024-12-30,2028-01-07,,2028-02-12,False,,,,,http://grants.nih.gov/grants/guide/pa-files/PAR-25-283.html,https://grants.nih.gov/grants/guide/pa-files/PAR-25-283.html,93.242|Mental Health Research Grants,grant,health,,state_governments;nonprofits_non_higher_education_with_501c3;private_institutions_of_higher_education;federally_recognized_native_american_tribal_governments;public_and_indian_housing_authorities;other_native_american_tribal_organizations;for_profit_organizations_other_than_small_businesses;small_businesses;independent_school_districts;nonprofits_non_higher_education_without_501c3;other;county_governments;city_or_township_governments;public_and_state_institutions_of_higher_education;special_district_governments,"Other Eligible Applicants include the following:
 Alaska Native and Native Hawaiian Serving Institutions; Asian American Native American Pacific Islander Serving Institutions (AANAPISISs); Eligible Agencies of the Federal Government; Faith-based or Community-based Organizations; Hispanic-serving Institutions; Historically Black Colleges and Universities (HBCUs); Indian/Native American Tribal Governments (Other than Federally Recognized); Non-domestic (non-U.S.) Entities (Foreign Organizations); Regional Organizations; Tribally Controlled Colleges and Universities (TCCUs) ; U.S. Territory or Possession.",National Institutes of Health,Department of Health and Human Services,"NIH Grants Information
grantsinfo@nih.gov",grantsinfo@nih.gov,See Section VII. Agency Contacts within the full opportunity announcement for all other inquires.,,,,,,,,,https://simpler.grants.gov/opportunity/92d5dca4-b6e9-4c88-9e9d-9b6a6b32d029,"The purpose of this Notice of Funding Announcement (NOFO) is to encourage innovative research that will inform and support the delivery of high-quality, continuously improving mental health services to benefit the greatest number of individuals with, or at risk for developing, a mental illness. This announcement invites applications for non-clinical trial R01-level projects that address NIMH strategic priorities for mental health services research.","The purpose of this Notice of Funding Announcement (NOFO) is to encourage innovative research that will inform and support the delivery of high-quality, continuously improving mental health services to benefit the greatest number of individuals with, or at risk for developing, a mental illness. This announcement invites applications for non-clinical trial R01-level projects that address NIMH strategic priorities for mental health services research.","Innovative Mental Health Services Research Not Involving Clinical Trials (R01 Clinical Trials Not Allowed)
The purpose of this Notice of Funding Announcement (NOFO) is to encourage innovative research that will inform and support the delivery of high-quality, continuously improving mental health services to benefit the greatest number of individuals with, or at risk for developing, a mental illness. This announcement invites applications for non-clinical trial R01-level projects that address NIMH strategic priorities for mental health services research.
Other Eligible Applicants include the following:
 Alaska Native and Native Hawaiian Serving Institutions; Asian American Native American Pacific Islander Serving Institutions (AANAPISISs); Eligible Agencies of the Federal Government; Faith-based or Community-based Organizations; Hispanic-serving Institutions; Historically Black Colleges and Universities (HBCUs); Indian/Native American Tribal Governments (Other than Federally Recognized); Non-domestic (non-U.S.) Entities (Foreign Organizations); Regional Organizations; Tribally Controlled Colleges and Universities (TCCUs) ; U.S. Territory or Possession.",False,2028-01-07,464.0,False,False,False,False,False,True,10.0,False,,False,False,False,False,False,False,False,False,,unknown,,False,True,False,False,False,True,5.0,False,,False,False,True,True,True,True,True,True,False,False,True,15,False,True,,False,False,False,False,1,True,False,True,activity code R01,True,False,False,False,,2026-09-30,2026-08-18,Innovative Mental Health Services Research Not Involving Clinical Trials (R01 Clinical Trials Not Allowed),open,ok,7.0,G3,G3.O1,The grant funds mental health services research that would generate evidence to improve service delivery and support integrated behavioral health care models under G3.O1.,"encourage innovative research that will inform and support the delivery of high-quality, continuously improving mental health services",lead,state_governments,DMHDDSUS,6.0,"DMHDDSUS holds the mental health services mission and data, but would likely need an academic research partner to manage an NIH R01.","As an NIH R01, it is highly competitive research and NCDHHS may lack the investigator and grants-management capacity to lead without a university partner.",True,"Strong behavioral-health alignment: NIH R01 mental health services research can build evidence for DMHDDSUS service models, though it requires research partnership.",[],True,True,lead,deepseek/deepseek-v4-pro,92b0344f579a,True,10.0,0.15,1.0,0.0,0.0,73.5,open
28,342ab033-520e-4cf7-9f23-f823535044de,Forecast to Publish a Notice of Funding Opportunity Announcement for Addressing Determinants of Health Disparities Among Rural Populations (R01 - Clinical Trial Optional),forecast,True,False,,342ab033-520e-4cf7-9f23-f823535044de,FOR-MD-25-003,forecasted,HHS-NIH11,discretionary,,2025-05-27,,,,False,10.0,5000000.0,,,,,93.307|Minority Health and Health Disparities Research,grant,health,,state_governments;nonprofits_non_higher_education_with_501c3;county_governments;small_businesses;private_institutions_of_higher_education;other_native_american_tribal_organizations;public_and_state_institutions_of_higher_education;for_profit_organizations_other_than_small_businesses;federally_recognized_native_american_tribal_governments;independent_school_districts,,National Institutes of Health,Department of Health and Human Services,"Priscah Mujuru, PhD
National Institute on Minority Health and Health Disparities (NIMHD)
301-402-1366",priscah.mujuru@nih.gov,priscah.mujuru@nih.gov,2025-09-25,2025-11-26,,2026-04-01,2026-04-01,2026.0,,,https://simpler.grants.gov/opportunity/342ab033-520e-4cf7-9f23-f823535044de,"<p>The National Institute on Minority Health and Health Disparities (NIMHD) intends to publish a Notice of Funding Opportunity (NOFO) to support intervention and etiologic studies in rural communities to address factors that increase, reduce, or prevent disparities in health outcomes among rural populations. Areas of research interest that may be addressed include but are not limited to:</p>
<ul>
 <li>Studies that utilize the life course continuum to address health disparities in rural populations considering risk factors&nbsp;that differentially impact health.</li>
 <li>Development, adaptation, and/or implementation of community-engaged interventions that improve quality of life, well-being, and health outcomes in rural populations.</li>
 <li>Adaptation of technologies (e.g., virtual care, remote monitoring) to address access to healthcare resources in rural areas.</li>
 <li>Health service and care models that focus on ways to improve rural health and meet related needs through local community collaborations such as with churches, schools, libraries, and grocery stores.</li>
 <li>Studies that investigate health-related resilience or protective factors as well as strategies to promote health.</li>
 <li>Studies that examine the integration of health care systems and community services (e.g., public health departments, mining facilities, agricultural farms, health systems, school systems, community-based organizations, businesses, etc.) to address rural health disparities.</li>
 <li>Implementation studies to advance the reach, effectiveness, and sustainability of evidence-based interventions in rural communities.</li>
</ul>
<p><span style=""color: rgb(51, 51, 51);"">This NOFO will utilize the R01 activity code.&nbsp;</span></p>","The National Institute on Minority Health and Health Disparities (NIMHD) intends to publish a Notice of Funding Opportunity (NOFO) to support intervention and etiologic studies in rural communities to address factors that increase, reduce, or prevent disparities in health outcomes among rural populations. Areas of research interest that may be addressed include but are not limited to:

 
  Studies that utilize the life course continuum to address health disparities in rural populations considering risk factors that differentially impact health.

  Development, adaptation, and/or implementation of community-engaged interventions that improve quality of life, well-being, and health outcomes in rural populations.

  Adaptation of technologies (e.g., virtual care, remote monitoring) to address access to healthcare resources in rural areas.

  Health service and care models that focus on ways to improve rural health and meet related needs through local community collaborations such as with churches, schools, libraries, and grocery stores.

  Studies that investigate health-related resilience or protective factors as well as strategies to promote health.

  Studies that examine the integration of health care systems and community services (e.g., public health departments, mining facilities, agricultural farms, health systems, school systems, community-based organizations, businesses, etc.) to address rural health disparities.

  Implementation studies to advance the reach, effectiveness, and sustainability of evidence-based interventions in rural communities.

 
  This NOFO will utilize the R01 activity code.","Forecast to Publish a Notice of Funding Opportunity Announcement for Addressing Determinants of Health Disparities Among Rural Populations (R01 - Clinical Trial Optional)
The National Institute on Minority Health and Health Disparities (NIMHD) intends to publish a Notice of Funding Opportunity (NOFO) to support intervention and etiologic studies in rural communities to address factors that increase, reduce, or prevent disparities in health outcomes among rural populations. Areas of research interest that may be addressed include but are not limited to:

 
  Studies that utilize the life course continuum to address health disparities in rural populations considering risk factors that differentially impact health.

  Development, adaptation, and/or implementation of community-engaged interventions that improve quality of life, well-being, and health outcomes in rural populations.

  Adaptation of technologies (e.g., virtual care, remote monitoring) to address access to healthcare resources in rural areas.

  Health service and care models that focus on ways to improve rural health and meet related needs through local community collaborations such as with churches, schools, libraries, and grocery stores.

  Studies that investigate health-related resilience or protective factors as well as strategies to promote health.

  Studies that examine the integration of health care systems and community services (e.g., public health departments, mining facilities, agricultural farms, health systems, school systems, community-based organizations, businesses, etc.) to address rural health disparities.

  Implementation studies to advance the reach, effectiveness, and sustainability of evidence-based interventions in rural communities.

 
  This NOFO will utilize the R01 activity code.
",False,,,False,False,False,False,False,False,,False,-370.0,True,True,False,False,False,False,False,False,500000.0,average_award,500000.0,True,False,False,False,False,False,3.49,False,,False,False,True,True,True,True,True,True,False,False,False,10,False,False,,False,False,False,False,1,True,False,True,activity code R01,True,False,False,True,,2026-09-30,2026-08-18,Forecast to Publish a Notice of Funding Opportunity Announcement for Addressing Determinants of Health Disparities Among Rural Populations (R01 - Clinical Trial Optional),forecast,ok,8.0,G1,G1.O3,"The forecast supports research on rural health disparities, including technology adaptation and community-integrated care models, which directly advances the Department's objective to mitigate barriers to rural and underserved health access.","Adaptation of technologies (e.g., virtual care, remote monitoring) to address access to healthcare resources in rural areas.",lead,state_governments,ORH,7.0,"ORH already focuses on rural and underserved primary care, rural hospitals, and farmworker health, so this rural health-disparities research is an extension of its existing mission, though it would likely need research partners.","This is a forecast for an R01 research grant, which is highly competitive and investigator-driven; NCDHHS would likely need a university research partner and may struggle to be competitive as the lead applicant.",True,"Rural health-disparities research fits G1.O3 and ORH's mission; NCDHHS is eligible but likely needs an academic partner, so review for partnership.",[],True,True,lead,deepseek/deepseek-v4-pro,92b0344f579a,True,10.0,0.0,0.85,0.0,0.0,72.63,forecast_watchlist
29,18b1486a-7e60-44fd-90b1-8e1dd1610a09,FDA OMHHE Health Equity Innovation Award: Enhance Equity Funding Opportunity (U01) Clinical Trials Not Allowed,forecast,True,False,,18b1486a-7e60-44fd-90b1-8e1dd1610a09,FOR-FD-24-016,forecasted,HHS-FDA,discretionary,,2023-12-08,,,,False,4.0,,250000.0,1000000.0,,,93.103|Food and Drug Administration Research,cooperative_agreement;grant,food_and_nutrition;consumer_protection;agriculture,,unrestricted;county_governments;independent_school_districts;public_and_state_institutions_of_higher_education;for_profit_organizations_other_than_small_businesses;federally_recognized_native_american_tribal_governments;city_or_township_governments;special_district_governments;private_institutions_of_higher_education;state_governments;nonprofits_non_higher_education_without_501c3;other_native_american_tribal_organizations;public_and_indian_housing_authorities;small_businesses;nonprofits_non_higher_education_with_501c3,,Food and Drug Administration,Department of Health and Human Services,"Terrin Brown
Grantor
2404027610",terrin.brown@fda.hhs.gov,terrin.brown@fda.hhs.gov,,,,,,2024.0,,,https://simpler.grants.gov/opportunity/18b1486a-7e60-44fd-90b1-8e1dd1610a09,"<p>The purpose of this funding opportunity announcement (FOA) is to fund innovative research that will strengthen and advance minority health and health equity objectives.</p><p>Areas of interest include:</p><p>Proposals that focus on advancing equity in clinical trials by supporting efforts to advance diversity in clinical trials, equitable data efforts by increasing data available on diverse groups including, but not limited to, ethnicity, race, age, disability and geography, and equity of voices by increasing understanding of diverse patient perspectives, preferences, and unmet needs.&nbsp;</p>","The purpose of this funding opportunity announcement (FOA) is to fund innovative research that will strengthen and advance minority health and health equity objectives.
 Areas of interest include:
 Proposals that focus on advancing equity in clinical trials by supporting efforts to advance diversity in clinical trials, equitable data efforts by increasing data available on diverse groups including, but not limited to, ethnicity, race, age, disability and geography, and equity of voices by increasing understanding of diverse patient perspectives, preferences, and unmet needs.","FDA OMHHE Health Equity Innovation Award: Enhance Equity Funding Opportunity (U01) Clinical Trials Not Allowed
The purpose of this funding opportunity announcement (FOA) is to fund innovative research that will strengthen and advance minority health and health equity objectives.
 Areas of interest include:
 Proposals that focus on advancing equity in clinical trials by supporting efforts to advance diversity in clinical trials, equitable data efforts by increasing data available on diverse groups including, but not limited to, ethnicity, race, age, disability and geography, and equity of voices by increasing understanding of diverse patient perspectives, preferences, and unmet needs.
",False,,,False,False,False,False,False,False,,True,,False,False,False,False,False,False,False,False,,award_ceiling,1000000.0,True,False,True,False,False,False,5.0,False,,False,False,True,True,True,True,True,True,False,True,False,15,False,True,,False,False,False,False,1,True,False,True,activity code U01,True,False,False,True,,2026-09-30,2026-08-18,FDA OMHHE Health Equity Innovation Award: Enhance Equity Funding Opportunity (U01) Clinical Trials Not Allowed,forecast,ok,8.0,G1,G1.O1,"The grant funds innovative research to advance minority health and health equity, directly supporting NCDHHS's objective to build structures that reduce health disparities.",fund innovative research that will strengthen and advance minority health and health equity objectives,lead,state_governments,DPH,6.0,"DPH already leads health equity, minority health, and epidemiological data work, but this FDA clinical-trial diversity research focus would likely require academic or industry partnerships beyond its core service programs.","The focus is FDA-regulated product and clinical trial data rather than state health services, so NCDHHS may lack the regulatory or industry data access needed to be competitive under this U01 research mechanism.",True,"Directly aligns with NCDHHS's health disparity reduction goal; state governments are eligible, and DPH could assess the fit, though the FDA research focus may require partners.",[],True,True,lead,deepseek/deepseek-v4-pro,92b0344f579a,True,10.0,0.0,0.85,0.0,0.0,72.35,forecast_watchlist
30,bdea7396-f052-4c3f-89a5-4677d3f2339a,HEAL Initiative: Integrative Management of Chronic Pain and Opioid Use Disorder (OUD) for Whole Recovery: Health Systems,forecast,True,False,,bdea7396-f052-4c3f-89a5-4677d3f2339a,RFA-DA-27-001,forecasted,HHS-NIH11,discretionary,,2025-07-17,,,,False,,,,,,,93.279|Drug Use and Addiction Research Programs,grant,health,,federally_recognized_native_american_tribal_governments;other_native_american_tribal_organizations;private_institutions_of_higher_education;nonprofits_non_higher_education_with_501c3;county_governments;for_profit_organizations_other_than_small_businesses;state_governments;public_and_state_institutions_of_higher_education;public_and_indian_housing_authorities;small_businesses;independent_school_districts,,National Institutes of Health,Department of Health and Human Services,"Shelley Su, Ph.D.
National Institute on Drug Abuse (NIDA)
301-402-3869",IMPOWR@nih.gov,IMPOWR@nih.gov,2026-04-20,2026-11-02,,2027-04-01,2027-04-01,2027.0,,,https://simpler.grants.gov/opportunity/bdea7396-f052-4c3f-89a5-4677d3f2339a,"<p>Forty to sixty percent of individuals with opioid use disorder (OUD) have co-occurring chronic pain (CP), which impacts their ability to fully engage in treatment. Effective management of both conditions is hindered by siloed medical disciplines and health systems. HEAL Integrative Management of Chronic Pain and OUD for Whole Recovery (IMPOWR) was funded in FY21 to support 11 unique clinical trials to test novel interventions for the management of co-occurring chronic pain and OUD at the patient-level. The current NOFO will develop strategies to address barriers to the sustainable and effective delivery of integrated OUD/pain care at the health systems level. IMPOWR identified patient interventions that were effective and ready to implement. The current NOFO will address how health systems could be improved to facilitate the use of effective integrative interventions, including the involvement and roles of peer specialists, clinicians, health system leaders and other key decision makers.&nbsp;Also, this NOFO will characterize where such care can be optimally and efficiently delivered. Studies will identify collaborative care models, implementation strategies, and other innovative health system approaches to meaningfully integrate CP and OUD service provision in health settings. These studies will address complex factors that influence the ability to scale and sustain effective collaborative and integrated care for pain and OUD.&nbsp;</p><p><br></p><p>The National Institute on Drug Abuse (NIDA) in partnership with National Institute on Alcohol and Alcoholism (NIAAA), National Institute of Arthritis and Musculoskeletal and Skin Diseases (NIAMS), National Institute of Mental Health (NIMH), and National Center for Complementary and Integrative Health (NCCIH), and National Institute of Neurological Disorders and Stroke (NINDS) intends to publish a Notice of Funding Opportunity (NOFO) to solicit applications for research on the effective management of OUD and CP. Applications are not being solicited at this time. Notice is being provided to allow potential applicants sufficient time to develop meaningful collaborations and responsive projects. This NOFO will utilize the RM1 activity code. Investigators with expertise and insights into this area of chronic pain management and OUD/opioid misuse are encouraged to begin to consider applying for this new NOFO. In addition, collaborative investigations combining expertise in community-based participatory research approaches, implementation science, and other strategies to amplify scalability and sustainability will be encouraged and, these investigators should also begin considering applying for this NOFO.</p>","Forty to sixty percent of individuals with opioid use disorder (OUD) have co-occurring chronic pain (CP), which impacts their ability to fully engage in treatment. Effective management of both conditions is hindered by siloed medical disciplines and health systems. HEAL Integrative Management of Chronic Pain and OUD for Whole Recovery (IMPOWR) was funded in FY21 to support 11 unique clinical trials to test novel interventions for the management of co-occurring chronic pain and OUD at the patient-level. The current NOFO will develop strategies to address barriers to the sustainable and effective delivery of integrated OUD/pain care at the health systems level. IMPOWR identified patient interventions that were effective and ready to implement. The current NOFO will address how health systems could be improved to facilitate the use of effective integrative interventions, including the involvement and roles of peer specialists, clinicians, health system leaders and other key decision makers. Also, this NOFO will characterize where such care can be optimally and efficiently delivered. Studies will identify collaborative care models, implementation strategies, and other innovative health system approaches to meaningfully integrate CP and OUD service provision in health settings. These studies will address complex factors that influence the ability to scale and sustain effective collaborative and integrated care for pain and OUD. 
 

 The National Institute on Drug Abuse (NIDA) in partnership with National Institute on Alcohol and Alcoholism (NIAAA), National Institute of Arthritis and Musculoskeletal and Skin Diseases (NIAMS), National Institute of Mental Health (NIMH), and National Center for Complementary and Integrative Health (NCCIH), and National Institute of Neurological Disorders and Stroke (NINDS) intends to publish a Notice of Funding Opportunity (NOFO) to solicit applications for research on the effective management of OUD and CP. Applications are not being solicited at this time. Notice is being provided to allow potential applicants sufficient time to develop meaningful collaborations and responsive projects. This NOFO will utilize the RM1 activity code. Investigators with expertise and insights into this area of chronic pain management and OUD/opioid misuse are encouraged to begin to consider applying for this new NOFO. In addition, collaborative investigations combining expertise in community-based participatory research approaches, implementation science, and other strategies to amplify scalability and sustainability will be encouraged and, these investigators should also begin considering applying for this NOFO.","HEAL Initiative: Integrative Management of Chronic Pain and Opioid Use Disorder (OUD) for Whole Recovery: Health Systems
Forty to sixty percent of individuals with opioid use disorder (OUD) have co-occurring chronic pain (CP), which impacts their ability to fully engage in treatment. Effective management of both conditions is hindered by siloed medical disciplines and health systems. HEAL Integrative Management of Chronic Pain and OUD for Whole Recovery (IMPOWR) was funded in FY21 to support 11 unique clinical trials to test novel interventions for the management of co-occurring chronic pain and OUD at the patient-level. The current NOFO will develop strategies to address barriers to the sustainable and effective delivery of integrated OUD/pain care at the health systems level. IMPOWR identified patient interventions that were effective and ready to implement. The current NOFO will address how health systems could be improved to facilitate the use of effective integrative interventions, including the involvement and roles of peer specialists, clinicians, health system leaders and other key decision makers. Also, this NOFO will characterize where such care can be optimally and efficiently delivered. Studies will identify collaborative care models, implementation strategies, and other innovative health system approaches to meaningfully integrate CP and OUD service provision in health settings. These studies will address complex factors that influence the ability to scale and sustain effective collaborative and integrated care for pain and OUD. 
 

 The National Institute on Drug Abuse (NIDA) in partnership with National Institute on Alcohol and Alcoholism (NIAAA), National Institute of Arthritis and Musculoskeletal and Skin Diseases (NIAMS), National Institute of Mental Health (NIMH), and National Center for Complementary and Integrative Health (NCCIH), and National Institute of Neurological Disorders and Stroke (NINDS) intends to publish a Notice of Funding Opportunity (NOFO) to solicit applications for research on the effective management of OUD and CP. Applications are not being solicited at this time. Notice is being provided to allow potential applicants sufficient time to develop meaningful collaborations and responsive projects. This NOFO will utilize the RM1 activity code. Investigators with expertise and insights into this area of chronic pain management and OUD/opioid misuse are encouraged to begin to consider applying for this new NOFO. In addition, collaborative investigations combining expertise in community-based participatory research approaches, implementation science, and other strategies to amplify scalability and sustainability will be encouraged and, these investigators should also begin considering applying for this NOFO.
",False,,,False,False,False,False,False,False,,False,-163.0,True,False,True,False,False,False,False,False,,unknown,,False,True,False,False,False,True,5.0,False,,False,False,True,True,True,True,True,True,False,False,False,11,False,False,,False,False,False,False,1,True,False,True,NIH opportunity,True,False,False,True,,2026-09-30,2026-08-18,HEAL Initiative: Integrative Management of Chronic Pain and Opioid Use Disorder (OUD) for Whole Recovery: Health Systems,forecast,ok,8.0,G3,G3.O1,"The NOFO funds health systems research to integrate opioid use disorder treatment with chronic pain care, directly supporting NCDHHS's objective of integrating behavioral and physical health care.",The current NOFO will develop strategies to address barriers to the sustainable and effective delivery of integrated OUD/pain care at the health systems level.,lead,state_governments,DMHDDSUS,6.0,"DMHDDSUS oversees substance use/OUD services and integrated care policy, so it is the logical owner, but an RM1 research project would likely require academic or health system research partners to execute well.","This posting is a notice of intent to publish, not an active solicitation; applications are not being solicited at this time, so there is no near-term proposal to develop unless and until the NOFO is issued.",False,"NIH notice only; applications not yet solicited. If published, aligns with DMHDDSUS opioid and integrated care work but needs research partners.",[],True,True,lead,deepseek/deepseek-v4-pro,92b0344f579a,True,10.0,0.0,0.85,0.0,0.0,72.35,forecast_watchlist
31,637a8204-317d-41ff-9424-7790e8f205e5,Prevention and Intervention Approaches for Fetal Alcohol Spectrum Disorders (R61/R33 Clinical Trial Optional),open,False,False,,637a8204-317d-41ff-9424-7790e8f205e5,PAR-25-158,posted,HHS-NIH11,discretionary,,2024-11-25,2026-11-17,,2026-12-23,False,,,,,http://grants.nih.gov/grants/guide/pa-files/PAR-25-158.html,https://grants.nih.gov/grants/guide/pa-files/PAR-25-158.html,93.273|Alcohol Research Programs,grant,health,,county_governments;nonprofits_non_higher_education_without_501c3;other;city_or_township_governments;independent_school_districts;for_profit_organizations_other_than_small_businesses;state_governments;nonprofits_non_higher_education_with_501c3;other_native_american_tribal_organizations;special_district_governments;small_businesses;public_and_indian_housing_authorities;public_and_state_institutions_of_higher_education;federally_recognized_native_american_tribal_governments;private_institutions_of_higher_education,"Other Eligible Applicants include the following:
 Alaska Native and Native Hawaiian Serving Institutions; Asian American Native American Pacific Islander Serving Institutions (AANAPISISs); Eligible Agencies of the Federal Government; Faith-based or Community-based Organizations; Hispanic-serving Institutions; Historically Black Colleges and Universities (HBCUs); Indian/Native American Tribal Governments (Other than Federally Recognized); Non-domestic (non-U.S.) Entities (Foreign Organizations); Regional Organizations; Tribally Controlled Colleges and Universities (TCCUs) ; U.S. Territory or Possession.",National Institutes of Health,Department of Health and Human Services,"NIH Grants Information
grantsinfo@nih.gov",grantsinfo@nih.gov,See Section VII. Agency Contacts within the full opportunity announcement for all other inquires.,,,,,,,,,https://simpler.grants.gov/opportunity/637a8204-317d-41ff-9424-7790e8f205e5,"This Notice of Funding Opportunity (NOFO) focuses on prevention and intervention strategies for fetal alcohol spectrum disorders (FASD) throughout the lifespan. The intent of this NOFO is to support research that advances (1) prevention approaches to reduce prenatal alcohol exposure and the incidence of FASD and that (2) interventions for FASD. These objectives will be accomplished with the Exploratory/Developmental Phased Award (R61/R33) mechanism, clinical trial optional. The R61 phase will support pilot studies or secondary data analysis for hypothesis development and feasibility, and research testing the hypotheses can be expanded in the R33 phase. The transition to the R33 phase will be determined by NIAAA program staff after evaluation of the achievement of specific milestones set for the R61 phase. Highest priority will be given to applications with clinical trials. Applicants interested in planning clinical trials or adding to current projects may also consider NOFO (TEMP-23832, the R34 option).","This Notice of Funding Opportunity (NOFO) focuses on prevention and intervention strategies for fetal alcohol spectrum disorders (FASD) throughout the lifespan. The intent of this NOFO is to support research that advances (1) prevention approaches to reduce prenatal alcohol exposure and the incidence of FASD and that (2) interventions for FASD. These objectives will be accomplished with the Exploratory/Developmental Phased Award (R61/R33) mechanism, clinical trial optional. The R61 phase will support pilot studies or secondary data analysis for hypothesis development and feasibility, and research testing the hypotheses can be expanded in the R33 phase. The transition to the R33 phase will be determined by NIAAA program staff after evaluation of the achievement of specific milestones set for the R61 phase. Highest priority will be given to applications with clinical trials. Applicants interested in planning clinical trials or adding to current projects may also consider NOFO (TEMP-23832, the R34 option).","Prevention and Intervention Approaches for Fetal Alcohol Spectrum Disorders (R61/R33 Clinical Trial Optional)
This Notice of Funding Opportunity (NOFO) focuses on prevention and intervention strategies for fetal alcohol spectrum disorders (FASD) throughout the lifespan. The intent of this NOFO is to support research that advances (1) prevention approaches to reduce prenatal alcohol exposure and the incidence of FASD and that (2) interventions for FASD. These objectives will be accomplished with the Exploratory/Developmental Phased Award (R61/R33) mechanism, clinical trial optional. The R61 phase will support pilot studies or secondary data analysis for hypothesis development and feasibility, and research testing the hypotheses can be expanded in the R33 phase. The transition to the R33 phase will be determined by NIAAA program staff after evaluation of the achievement of specific milestones set for the R61 phase. Highest priority will be given to applications with clinical trials. Applicants interested in planning clinical trials or adding to current projects may also consider NOFO (TEMP-23832, the R34 option).
Other Eligible Applicants include the following:
 Alaska Native and Native Hawaiian Serving Institutions; Asian American Native American Pacific Islander Serving Institutions (AANAPISISs); Eligible Agencies of the Federal Government; Faith-based or Community-based Organizations; Hispanic-serving Institutions; Historically Black Colleges and Universities (HBCUs); Indian/Native American Tribal Governments (Other than Federally Recognized); Non-domestic (non-U.S.) Entities (Foreign Organizations); Regional Organizations; Tribally Controlled Colleges and Universities (TCCUs) ; U.S. Territory or Possession.",False,2026-11-17,48.0,False,False,False,False,False,True,8.8,False,,False,False,False,False,False,False,False,False,,unknown,,False,True,False,False,False,True,5.0,False,,False,False,True,True,True,True,True,True,False,False,True,15,False,True,,False,False,False,False,1,True,False,True,activity code R61,True,False,False,False,,2026-09-30,2026-08-18,Prevention and Intervention Approaches for Fetal Alcohol Spectrum Disorders (R61/R33 Clinical Trial Optional),open,ok,8.0,G2,G2.O4,"The grant funds research on prenatal alcohol exposure prevention and FASD interventions, which directly supports improving women's health and birth outcomes.",This Notice of Funding Opportunity (NOFO) focuses on prevention and intervention strategies for fetal alcohol spectrum disorders (FASD) throughout the lifespan.,lead,state_governments,DPH,5.0,"DPH houses maternal and child health, WIC, and public health surveillance programs, but a phased NIH clinical/translational research award is not its usual service delivery or funding mechanism.","The grant is an NIH exploratory/developmental research mechanism requiring research or clinical trial infrastructure and milestone-gated continuation, which may exceed NCDHHS's typical program capacity.",True,"Strong G2.O4 maternal and child health alignment, but NIH research structure and milestone risk mean DPH should assess feasibility, likely with an academic partner.","[""Transition to the R33 phase is contingent on NIAAA evaluation of R61 milestones""]",True,True,lead,deepseek/deepseek-v4-pro,92b0344f579a,True,10.0,0.15,1.0,0.0,0.0,72.2,open
32,c4e39e95-ac54-466c-8d9a-774c50c6247c,Community-Based Participatory Research to Advance Data and Practice Transformation (ADAPT) for Optimizing Oral Health for All (UG3/UH3 Clinical Trial Optional),open,False,False,,c4e39e95-ac54-466c-8d9a-774c50c6247c,PAR-27-015,posted,HHS-NIH11,discretionary,,2026-04-27,2028-11-16,,2029-01-15,False,,,,300000.0,,,93.121|Oral Diseases and Disorders Research;93.310|Trans-NIH Research Support;93.313|NIH Office of Research on Women's Health;93.307|Minority Health and Health Disparities Research,cooperative_agreement,health,,city_or_township_governments;small_businesses;private_institutions_of_higher_education;county_governments;public_and_indian_housing_authorities;federally_recognized_native_american_tribal_governments;for_profit_organizations_other_than_small_businesses;public_and_state_institutions_of_higher_education;independent_school_districts;state_governments;nonprofits_non_higher_education_without_501c3;nonprofits_non_higher_education_with_501c3;other;special_district_governments;other_native_american_tribal_organizations,"Refer to Section III. Eligibility Information in the NOFO for additional information on eligibility.Foreign Organizations/International CollaborationsNon-domestic (non-U.S.) Entities (Foreign Organizations) are not eligible to apply.Non-domestic (non-U.S.) components of U.S. Organizations are not eligible to apply.Foreign components, as defined in the NIH Grants Policy Statement, are not allowed.",National Institutes of Health,Department of Health and Human Services,"National Institute of Dental and Craniofacial Research (NIDCR)
NIDCR-ADAPT@nih.gov",NIDCR-ADAPT@nih.gov,NIDCR-ADAPT@nih.gov,,,,,,,,,https://simpler.grants.gov/opportunity/c4e39e95-ac54-466c-8d9a-774c50c6247c,"The purpose of this Notice of Funding Opportunity (NOFO) is to solicit UG3/UH3 phased, cooperative agreement research applications to evaluate, implement, and/or test population-based interventions to policies, programs, and/or practices for promoting integration of services, systems, and/or values by leveraging cross-sector partnerships in communities. Such interventions must address social and chronic disease common risk factors and/or barriers driving oral disease burden in communities. Projects funded through this funding opportunity and a separately funded Community Engagement Evaluation and Data Coordination hub (CEED) will form a Community-Based Participatory Research (CBPR) consortium: Advancing Data and Practice Transformation (ADAPT), which will receive consultative services from the NIH Community Engagement Alliance Consultative Resource (CEACR) and join in the Science Collaborative for Health and Artificial Intelligence Reduction of Errors (SCHARE) platform for the overarching goal of promoting data use and transformational community engagement to optimize oral health for all people across the lifespan.","The purpose of this Notice of Funding Opportunity (NOFO) is to solicit UG3/UH3 phased, cooperative agreement research applications to evaluate, implement, and/or test population-based interventions to policies, programs, and/or practices for promoting integration of services, systems, and/or values by leveraging cross-sector partnerships in communities. Such interventions must address social and chronic disease common risk factors and/or barriers driving oral disease burden in communities. Projects funded through this funding opportunity and a separately funded Community Engagement Evaluation and Data Coordination hub (CEED) will form a Community-Based Participatory Research (CBPR) consortium: Advancing Data and Practice Transformation (ADAPT), which will receive consultative services from the NIH Community Engagement Alliance Consultative Resource (CEACR) and join in the Science Collaborative for Health and Artificial Intelligence Reduction of Errors (SCHARE) platform for the overarching goal of promoting data use and transformational community engagement to optimize oral health for all people across the lifespan.","Community-Based Participatory Research to Advance Data and Practice Transformation (ADAPT) for Optimizing Oral Health for All (UG3/UH3 Clinical Trial Optional)
The purpose of this Notice of Funding Opportunity (NOFO) is to solicit UG3/UH3 phased, cooperative agreement research applications to evaluate, implement, and/or test population-based interventions to policies, programs, and/or practices for promoting integration of services, systems, and/or values by leveraging cross-sector partnerships in communities. Such interventions must address social and chronic disease common risk factors and/or barriers driving oral disease burden in communities. Projects funded through this funding opportunity and a separately funded Community Engagement Evaluation and Data Coordination hub (CEED) will form a Community-Based Participatory Research (CBPR) consortium: Advancing Data and Practice Transformation (ADAPT), which will receive consultative services from the NIH Community Engagement Alliance Consultative Resource (CEACR) and join in the Science Collaborative for Health and Artificial Intelligence Reduction of Errors (SCHARE) platform for the overarching goal of promoting data use and transformational community engagement to optimize oral health for all people across the lifespan.
Refer to Section III. Eligibility Information in the NOFO for additional information on eligibility.Foreign Organizations/International CollaborationsNon-domestic (non-U.S.) Entities (Foreign Organizations) are not eligible to apply.Non-domestic (non-U.S.) components of U.S. Organizations are not eligible to apply.Foreign components, as defined in the NIH Grants Policy Statement, are not allowed.",False,2028-11-16,778.0,False,False,False,False,False,True,10.0,False,,False,False,False,False,False,False,False,False,,award_ceiling,300000.0,True,False,False,False,False,False,2.39,False,,False,False,True,True,True,True,True,True,False,False,True,15,False,True,,False,False,False,False,4,True,False,True,activity code UG3,True,False,False,False,,2026-09-30,2026-08-18,Community-Based Participatory Research to Advance Data and Practice Transformation (ADAPT) for Optimizing Oral Health for All (UG3/UH3 Clinical Trial Optional),open,ok,7.0,G1,G1.O2,"The grant funds community-based, data-driven research to address oral health disparities, aligning with the Department's objective to use data to track and reduce health disparities.",promoting data use and transformational community engagement to optimize oral health for all people across the lifespan.,lead,state_governments,DPH,7.0,"DPH already addresses oral health, chronic disease, and health disparities and can manage community-based public health research, though a UG3/UH3 cooperative agreement may require additional research infrastructure.","It is a phased NIH research cooperative agreement rather than direct service funding; success depends on strong community research partnerships and consortium participation, which may be resource-intensive.",True,"Funds community-based oral health equity research and data transformation, aligning with DPH's health access goals; worth review if research partnerships are available.","[""Requires cross-sector community partnerships"", ""Requires participation in the ADAPT consortium and SCHARE platform""]",True,True,lead,deepseek/deepseek-v4-pro,92b0344f579a,True,10.0,0.15,1.0,0.0,0.0,72.08,open
33,3950a8ea-a5c8-4b0a-b5ea-670c8db6dc77,Forecast to Renew the Funding Opportunity Announcement for Multiple Chronic Disease Research Centers Coordinating Center (U24 Clinical Trial Not Required),forecast,True,False,,3950a8ea-a5c8-4b0a-b5ea-670c8db6dc77,FOR-MD-25-005,forecasted,HHS-NIH11,discretionary,,2025-05-27,,,,False,1.0,20000000.0,,,,,93.307|Minority Health and Health Disparities Research,cooperative_agreement,health,,private_institutions_of_higher_education;public_and_indian_housing_authorities;county_governments;federally_recognized_native_american_tribal_governments;other_native_american_tribal_organizations;independent_school_districts;public_and_state_institutions_of_higher_education;small_businesses;state_governments;nonprofits_non_higher_education_with_501c3;for_profit_organizations_other_than_small_businesses,,National Institutes of Health,Department of Health and Human Services,"Anuradha Patel, MD
National Institute on Minority Health and Health Disparities (NIMHD)
301-594-1197",Anuradha.patel@nih.gov,Anuradha.patel@nih.gov,2025-09-25,2025-11-26,,2025-12-29,2026-01-26,2026.0,,,https://simpler.grants.gov/opportunity/3950a8ea-a5c8-4b0a-b5ea-670c8db6dc77,"<p>This forecast is to renew the Notice of Funding Opportunity (NOFO) for the Multiple Chronic Diseases Research Coordinating Center (MCD-RCC; RFA-MD-21-008). This research coordinating center supports regional P50 comprehensive research centers studying the timely prevention, diagnosis, treatment, and management of co-existing chronic diseases to reduce health disparities as authorized by Public Law 116-260, the Consolidated Appropriations Act of 2021. The MDC-RCC will coordinate activities, including data collection and management, promoting collaboration and communication, promoting skills development among early-stage investigators, building a community of practice, and facilitating community and healthcare setting/system engagement.</p><p><br></p><p>The MCD-RCC will serve as a national resource to help the centers achieve their primary goals to&nbsp;develop, test, and evaluate novel models or strategies, and/or implement effective interventions in various settings such as community or healthcare settings/systems.&nbsp;The MCD-RCC will lead a community of practice and activities to facilitate in four core domains: (1) consortium organization, management, and communication, (2) research coordination and data standardization, sharing, harmonization, analysis, (3) research skills development, and (4) community and healthcare setting/system engagement. The overarching goal is to support the objectives of the multiple chronic disease research initiative.</p><p><br></p><p>Applications are not being solicited at this time. Notice is being provided to allow potential applicants sufficient time to develop meaningful collaborations and responsive projects. This NOFO will utilize the P50 activity code. Investigators with expertise and insights into the proposed scientific areas are encouraged to begin to consider applying for this new NOFO. In addition, collaborative investigations combining expertise in clinical care, health services, data science, and community engaged research, will be encouraged and such interdisciplinary research teams should also consider applying for this NOFO.&nbsp;</p>","This forecast is to renew the Notice of Funding Opportunity (NOFO) for the Multiple Chronic Diseases Research Coordinating Center (MCD-RCC; RFA-MD-21-008). This research coordinating center supports regional P50 comprehensive research centers studying the timely prevention, diagnosis, treatment, and management of co-existing chronic diseases to reduce health disparities as authorized by Public Law 116-260, the Consolidated Appropriations Act of 2021. The MDC-RCC will coordinate activities, including data collection and management, promoting collaboration and communication, promoting skills development among early-stage investigators, building a community of practice, and facilitating community and healthcare setting/system engagement.
 

 The MCD-RCC will serve as a national resource to help the centers achieve their primary goals to develop, test, and evaluate novel models or strategies, and/or implement effective interventions in various settings such as community or healthcare settings/systems. The MCD-RCC will lead a community of practice and activities to facilitate in four core domains: (1) consortium organization, management, and communication, (2) research coordination and data standardization, sharing, harmonization, analysis, (3) research skills development, and (4) community and healthcare setting/system engagement. The overarching goal is to support the objectives of the multiple chronic disease research initiative.
 

 Applications are not being solicited at this time. Notice is being provided to allow potential applicants sufficient time to develop meaningful collaborations and responsive projects. This NOFO will utilize the P50 activity code. Investigators with expertise and insights into the proposed scientific areas are encouraged to begin to consider applying for this new NOFO. In addition, collaborative investigations combining expertise in clinical care, health services, data science, and community engaged research, will be encouraged and such interdisciplinary research teams should also consider applying for this NOFO.","Forecast to Renew the Funding Opportunity Announcement for Multiple Chronic Disease Research Centers Coordinating Center (U24 Clinical Trial Not Required)
This forecast is to renew the Notice of Funding Opportunity (NOFO) for the Multiple Chronic Diseases Research Coordinating Center (MCD-RCC; RFA-MD-21-008). This research coordinating center supports regional P50 comprehensive research centers studying the timely prevention, diagnosis, treatment, and management of co-existing chronic diseases to reduce health disparities as authorized by Public Law 116-260, the Consolidated Appropriations Act of 2021. The MDC-RCC will coordinate activities, including data collection and management, promoting collaboration and communication, promoting skills development among early-stage investigators, building a community of practice, and facilitating community and healthcare setting/system engagement.
 

 The MCD-RCC will serve as a national resource to help the centers achieve their primary goals to develop, test, and evaluate novel models or strategies, and/or implement effective interventions in various settings such as community or healthcare settings/systems. The MCD-RCC will lead a community of practice and activities to facilitate in four core domains: (1) consortium organization, management, and communication, (2) research coordination and data standardization, sharing, harmonization, analysis, (3) research skills development, and (4) community and healthcare setting/system engagement. The overarching goal is to support the objectives of the multiple chronic disease research initiative.
 

 Applications are not being solicited at this time. Notice is being provided to allow potential applicants sufficient time to develop meaningful collaborations and responsive projects. This NOFO will utilize the P50 activity code. Investigators with expertise and insights into the proposed scientific areas are encouraged to begin to consider applying for this new NOFO. In addition, collaborative investigations combining expertise in clinical care, health services, data science, and community engaged research, will be encouraged and such interdisciplinary research teams should also consider applying for this NOFO.
",False,,,False,False,False,False,False,False,,False,-370.0,True,True,False,False,False,False,False,False,20000000.0,average_award,20000000.0,True,False,True,True,False,False,10.0,False,,False,False,True,True,True,True,True,True,False,False,False,11,False,False,,False,False,False,False,1,True,False,True,activity code U24,True,False,False,True,,2026-09-30,2026-08-18,Forecast to Renew the Funding Opportunity Announcement for Multiple Chronic Disease Research Centers Coordinating Center (U24 Clinical Trial Not Required),forecast,ok,7.0,G1,G1.O1,"The grant funds a coordinating center for research centers working to reduce chronic disease health disparities, directly supporting NCDHHS's goal to reduce health disparities and build structures for health access.","This research coordinating center supports regional P50 comprehensive research centers studying the timely prevention, diagnosis, treatment, and management of co-existing chronic diseases to reduce health disparities as authorized by Public Law 116-260, the Consolidated Appropriations Act of 2021.",atypical,state_governments,DPH,4.0,"DPH houses chronic disease and health equity expertise, but it is not structured to serve as a national NIH research coordinating center.","This is only a forecast with applications not yet solicited, and a national U24 coordinating center is far more likely to be led by an academic research institution than a state health department.",False,Research coordinating center for NIH-funded chronic disease centers aligns with health equity goals but is an atypical lead for a state health department and is only a forecast.,[],True,True,atypical,deepseek/deepseek-v4-pro,92b0344f579a,True,10.0,0.0,0.85,0.0,0.0,71.76,forecast_watchlist
34,0c04af5a-83ce-4fe5-a8fb-a7399f78e6d6,Full-Scale Hybrid Effectiveness-Implementation Trials for Mental Health Interventions (R01 - Clinical Trial Required),open,False,False,,0c04af5a-83ce-4fe5-a8fb-a7399f78e6d6,PAR-25-177,posted,HHS-NIH11,discretionary,,2024-11-26,2027-10-15,,2027-11-20,False,,,,,http://grants.nih.gov/grants/guide/pa-files/PAR-25-177.html,https://grants.nih.gov/grants/guide/pa-files/PAR-25-177.html,93.242|Mental Health Research Grants,grant,health,,public_and_state_institutions_of_higher_education;nonprofits_non_higher_education_without_501c3;small_businesses;county_governments;public_and_indian_housing_authorities;special_district_governments;federally_recognized_native_american_tribal_governments;independent_school_districts;other;for_profit_organizations_other_than_small_businesses;other_native_american_tribal_organizations;private_institutions_of_higher_education;city_or_township_governments;nonprofits_non_higher_education_with_501c3;state_governments,"Other Eligible Applicants include the following:
 Alaska Native and Native Hawaiian Serving Institutions; Asian American Native American Pacific Islander Serving Institutions (AANAPISISs); Eligible Agencies of the Federal Government; Faith-based or Community-based Organizations; Hispanic-serving Institutions; Historically Black Colleges and Universities (HBCUs); Indian/Native American Tribal Governments (Other than Federally Recognized); Non-domestic (non-U.S.) Entities (Foreign Organizations); Regional Organizations; Tribally Controlled Colleges and Universities (TCCUs) ; U.S. Territory or Possession.",National Institutes of Health,Department of Health and Human Services,"NIH Grants Information
grantsinfo@nih.gov",grantsinfo@nih.gov,See Section VII. Agency Contacts within the full opportunity announcement for all other inquires.,,,,,,,,,https://simpler.grants.gov/opportunity/0c04af5a-83ce-4fe5-a8fb-a7399f78e6d6,"Clinical Trials to Test the Effectiveness of Treatment, Preventive, and Services Interventions (R01 Clinical Trial Required). This NOFO is a key element of NIMHs set of NOFOs to support clinical trials research across the intervention development and testing pipeline. The NOFO supports (1) clinical trials to test the effectiveness of optimized therapeutic and preventive interventions for use in community and practice settings; and (2) clinical trials to evaluate the effectiveness of patient-, provider-, organizational-, or systems-level services interventions to improve access, continuity, quality, equity, and/or value of mental health services.  This NOFO is intended to support trials that: address a significant problem, such that the findings have potential to inform practice; are adequately powered to definitively answer the primary research question(s), with well-justified hypotheses supported by pilot data; and are designed to examine questions regarding mediators and moderators of effects. Consistent with the NIMH experimental therapeutics approach, this NOFO is intended to support effectiveness trials that explicitly address whether the intervention engages the target(s)/mechanism(s) presumed to underlie the intervention effects (i.e., the mechanism(s) that accounts for changes in clinical/functional outcomes, changes in provider behavior, improved access or continuity of services, etc.). The collaborative R01 mechanism provides support for multisite trials when two or more sites are necessary for completion of the trial (e.g., to increase sample size, accelerate recruitment, or increase sample diversity and representation).","Clinical Trials to Test the Effectiveness of Treatment, Preventive, and Services Interventions (R01 Clinical Trial Required). This NOFO is a key element of NIMHs set of NOFOs to support clinical trials research across the intervention development and testing pipeline. The NOFO supports (1) clinical trials to test the effectiveness of optimized therapeutic and preventive interventions for use in community and practice settings; and (2) clinical trials to evaluate the effectiveness of patient-, provider-, organizational-, or systems-level services interventions to improve access, continuity, quality, equity, and/or value of mental health services.  This NOFO is intended to support trials that: address a significant problem, such that the findings have potential to inform practice; are adequately powered to definitively answer the primary research question(s), with well-justified hypotheses supported by pilot data; and are designed to examine questions regarding mediators and moderators of effects. Consistent with the NIMH experimental therapeutics approach, this NOFO is intended to support effectiveness trials that explicitly address whether the intervention engages the target(s)/mechanism(s) presumed to underlie the intervention effects (i.e., the mechanism(s) that accounts for changes in clinical/functional outcomes, changes in provider behavior, improved access or continuity of services, etc.). The collaborative R01 mechanism provides support for multisite trials when two or more sites are necessary for completion of the trial (e.g., to increase sample size, accelerate recruitment, or increase sample diversity and representation).","Full-Scale Hybrid Effectiveness-Implementation Trials for Mental Health Interventions (R01 - Clinical Trial Required)
Clinical Trials to Test the Effectiveness of Treatment, Preventive, and Services Interventions (R01 Clinical Trial Required). This NOFO is a key element of NIMHs set of NOFOs to support clinical trials research across the intervention development and testing pipeline. The NOFO supports (1) clinical trials to test the effectiveness of optimized therapeutic and preventive interventions for use in community and practice settings; and (2) clinical trials to evaluate the effectiveness of patient-, provider-, organizational-, or systems-level services interventions to improve access, continuity, quality, equity, and/or value of mental health services.  This NOFO is intended to support trials that: address a significant problem, such that the findings have potential to inform practice; are adequately powered to definitively answer the primary research question(s), with well-justified hypotheses supported by pilot data; and are designed to examine questions regarding mediators and moderators of effects. Consistent with the NIMH experimental therapeutics approach, this NOFO is intended to support effectiveness trials that explicitly address whether the intervention engages the target(s)/mechanism(s) presumed to underlie the intervention effects (i.e., the mechanism(s) that accounts for changes in clinical/functional outcomes, changes in provider behavior, improved access or continuity of services, etc.). The collaborative R01 mechanism provides support for multisite trials when two or more sites are necessary for completion of the trial (e.g., to increase sample size, accelerate recruitment, or increase sample diversity and representation).
Other Eligible Applicants include the following:
 Alaska Native and Native Hawaiian Serving Institutions; Asian American Native American Pacific Islander Serving Institutions (AANAPISISs); Eligible Agencies of the Federal Government; Faith-based or Community-based Organizations; Hispanic-serving Institutions; Historically Black Colleges and Universities (HBCUs); Indian/Native American Tribal Governments (Other than Federally Recognized); Non-domestic (non-U.S.) Entities (Foreign Organizations); Regional Organizations; Tribally Controlled Colleges and Universities (TCCUs) ; U.S. Territory or Possession.",False,2027-10-15,380.0,False,False,False,False,False,True,10.0,False,,False,False,False,False,False,False,False,False,,unknown,,False,True,False,False,False,True,5.0,False,,False,False,True,True,True,True,True,True,False,False,True,15,False,True,,False,False,False,False,1,True,False,True,activity code R01,True,False,False,False,,2026-09-30,2026-08-18,Full-Scale Hybrid Effectiveness-Implementation Trials for Mental Health Interventions (R01 - Clinical Trial Required),open,ok,8.0,G3,G3.O1,"The NOFO funds effectiveness trials of mental health treatment and services interventions in community settings, including services interventions to improve access and equity, which aligns with integrating and coordinating behavioral health care.","clinical trials to evaluate the effectiveness of patient-, provider-, organizational-, or systems-level services interventions to improve access, continuity, quality, equity, and/or value of mental health services.",lead,state_governments,DMHDDSUS,4.0,"DMHDDSUS manages mental health services and policy, but will not typically have the investigator-led clinical trial infrastructure required for an NIH R01.",The biggest risk is that this is an NIH research grant requiring clinical trial capacity and federal research grants management that NCDHHS may not have as a service agency.,False,"Strong mental health goal alignment, but an NIH R01 effectiveness trial is research-heavy and likely better suited to university partners than NCDHHS service divisions.","[""Clinical Trial Required"", ""Requires adequately powered trial with pilot data"", ""Collaborative R01 is used for multisite trials when two or more sites are necessary""]",True,True,lead,deepseek/deepseek-v4-pro,92b0344f579a,True,10.0,0.15,1.0,0.0,0.0,71.5,open
35,860b4fea-1a14-41e2-9192-20914548302b,Advancing Healthcare for Older Adults from Populations that Experience Health Disparities (R01 - Clinical Trial Optional),open,False,False,,860b4fea-1a14-41e2-9192-20914548302b,PAR-24-273,posted,HHS-NIH11,discretionary,,2024-08-27,2028-01-07,,2028-02-12,False,,,,,http://grants.nih.gov/grants/guide/pa-files/PAR-24-273.html,https://grants.nih.gov/grants/guide/pa-files/PAR-24-273.html,93.393|Cancer Cause and Prevention Research;93.361|Nursing Research;93.866|Aging Research;93.307|Minority Health and Health Disparities Research,grant,health;education,,county_governments;independent_school_districts;city_or_township_governments;public_and_state_institutions_of_higher_education;state_governments;special_district_governments;federally_recognized_native_american_tribal_governments;other_native_american_tribal_organizations;private_institutions_of_higher_education;nonprofits_non_higher_education_without_501c3;small_businesses;nonprofits_non_higher_education_with_501c3;for_profit_organizations_other_than_small_businesses;other;public_and_indian_housing_authorities,"Other Eligible Applicants include the following:
 Alaska Native and Native Hawaiian Serving Institutions; Asian American Native American Pacific Islander Serving Institutions (AANAPISISs); Eligible Agencies of the Federal Government; Faith-based or Community-based Organizations; Hispanic-serving Institutions; Historically Black Colleges and Universities (HBCUs); Indian/Native American Tribal Governments (Other than Federally Recognized); Non-domestic (non-U.S.) Entities (Foreign Organizations); Regional Organizations; Tribally Controlled Colleges and Universities (TCCUs) ; U.S. Territory or Possession; Non-domestic (non-U.S.) Entities (Foreign Organizations) are not eligible to apply.

Non-domestic (non-U.S.) components of U.S. Organizations are not eligible to apply.

Foreign components, as defined in the NIH Grants Policy Statement, are not allowed.",National Institutes of Health,Department of Health and Human Services,"NIH Grants Information
grantsinfo@nih.gov",grantsinfo@nih.gov,See Section VII. Agency Contacts within the full opportunity announcement for all other inquires.,,,,,,,,,https://simpler.grants.gov/opportunity/860b4fea-1a14-41e2-9192-20914548302b,"The purpose of this initiative is to advance the science and implementation of innovative multi-level health care research for older adults from populations that experience health disparities. The initiative will support research designed to (1) gain a better understanding of appropriate screening, diagnostic, and clinical care guidelines in a primary care setting, (2) explore shared decision-making that is needed to enhance care planning and patient agency between clinicians and care teams with the older adult and their caregiver(s), and (3) identify effective strategies for care coordination.","The purpose of this initiative is to advance the science and implementation of innovative multi-level health care research for older adults from populations that experience health disparities. The initiative will support research designed to (1) gain a better understanding of appropriate screening, diagnostic, and clinical care guidelines in a primary care setting, (2) explore shared decision-making that is needed to enhance care planning and patient agency between clinicians and care teams with the older adult and their caregiver(s), and (3) identify effective strategies for care coordination.","Advancing Healthcare for Older Adults from Populations that Experience Health Disparities (R01 - Clinical Trial Optional)
The purpose of this initiative is to advance the science and implementation of innovative multi-level health care research for older adults from populations that experience health disparities. The initiative will support research designed to (1) gain a better understanding of appropriate screening, diagnostic, and clinical care guidelines in a primary care setting, (2) explore shared decision-making that is needed to enhance care planning and patient agency between clinicians and care teams with the older adult and their caregiver(s), and (3) identify effective strategies for care coordination.
Other Eligible Applicants include the following:
 Alaska Native and Native Hawaiian Serving Institutions; Asian American Native American Pacific Islander Serving Institutions (AANAPISISs); Eligible Agencies of the Federal Government; Faith-based or Community-based Organizations; Hispanic-serving Institutions; Historically Black Colleges and Universities (HBCUs); Indian/Native American Tribal Governments (Other than Federally Recognized); Non-domestic (non-U.S.) Entities (Foreign Organizations); Regional Organizations; Tribally Controlled Colleges and Universities (TCCUs) ; U.S. Territory or Possession; Non-domestic (non-U.S.) Entities (Foreign Organizations) are not eligible to apply.

Non-domestic (non-U.S.) components of U.S. Organizations are not eligible to apply.

Foreign components, as defined in the NIH Grants Policy Statement, are not allowed.",False,2028-01-07,464.0,False,False,False,False,False,True,10.0,False,,False,False,False,False,False,False,False,False,,unknown,,False,True,False,False,False,True,5.0,False,,False,False,True,True,True,True,True,True,False,False,True,15,False,True,,False,False,False,False,4,True,False,True,activity code R01,True,False,False,False,,2026-09-30,2026-08-18,Advancing Healthcare for Older Adults from Populations that Experience Health Disparities (R01 - Clinical Trial Optional),open,ok,8.0,G1,G1.O1,"The grant funds research to advance healthcare and reduce health disparities for older adults, directly supporting NCDHHS's goal of increasing health access and reducing disparities.",The purpose of this initiative is to advance the science and implementation of innovative multi-level health care research for older adults from populations that experience health disparities.,atypical,state_governments,DAGING,4.0,"The Division of Aging serves older adults and could provide subject-matter expertise and populations, but this NIH R01 requires research infrastructure it does not currently have.",NCDHHS is unlikely to be competitive as an NIH R01 lead because it lacks an academic research track record; pursuing would require a strong university partner and significant staff time.,False,"Aligns with health equity and older adults, but it is an NIH research R01 requiring academic research capacity NCDHHS lacks; better as a partner than a lead.",[],True,True,atypical,deepseek/deepseek-v4-pro,92b0344f579a,True,10.0,0.15,1.0,0.0,0.0,71.5,open
36,09e581fe-7695-4b3b-ab60-b5456bd788fd,Accelerating the Pace of Substance Use Research Using Existing Data (R21 Clinical Trial Not Allowed),open,False,False,,09e581fe-7695-4b3b-ab60-b5456bd788fd,RFA-DA-26-056,posted,HHS-NIH11,discretionary,,2024-12-05,2027-12-03,,2028-01-08,False,,,,,http://grants.nih.gov/grants/guide/rfa-files/RFA-DA-26-056.html,https://grants.nih.gov/grants/guide/rfa-files/RFA-DA-26-056.html,93.279|Drug Use and Addiction Research Programs;93.273|Alcohol Research Programs,grant,education;health,,private_institutions_of_higher_education;other;county_governments;independent_school_districts;state_governments;public_and_indian_housing_authorities;special_district_governments;public_and_state_institutions_of_higher_education;federally_recognized_native_american_tribal_governments;nonprofits_non_higher_education_without_501c3;nonprofits_non_higher_education_with_501c3;for_profit_organizations_other_than_small_businesses;city_or_township_governments;other_native_american_tribal_organizations;small_businesses,"Other Eligible Applicants include the following:
 Alaska Native and Native Hawaiian Serving Institutions; Asian American Native American Pacific Islander Serving Institutions (AANAPISISs); Eligible Agencies of the Federal Government; Faith-based or Community-based Organizations; Hispanic-serving Institutions; Historically Black Colleges and Universities (HBCUs); Indian/Native American Tribal Governments (Other than Federally Recognized); Non-domestic (non-U.S.) Entities (Foreign Organizations); Regional Organizations; Tribally Controlled Colleges and Universities (TCCUs) ; U.S. Territory or Possession.",National Institutes of Health,Department of Health and Human Services,"NIH Grants Information
grantsinfo@nih.gov",grantsinfo@nih.gov,See Section VII. Agency Contacts within the full opportunity announcement for all other inquires.,,,,,,,,,https://simpler.grants.gov/opportunity/09e581fe-7695-4b3b-ab60-b5456bd788fd,"The purpose of this notice of funding opportunity (NOFO) is to invite applications proposing the innovative analysis of existing social science, behavioral, administrative, and neuroimaging data to study the etiology and epidemiology of drug using behaviors (defined as alcohol, tobacco, prescription and other drug) and related disorders, prevention of drug use and HIV, and health service utilization. This FOA encourages the analyses of public use and other extant community-based or clinical datasets to their full potential in order to increase our knowledge of etiology, trajectories of drug using behaviors and their consequences including morbidity and mortality, risk and resilience in the development of psychopathology, strategies to guide the development, testing, implementation, and delivery of high quality, effective and efficient services for the prevention and treatment of drug abuse and HIV.","The purpose of this notice of funding opportunity (NOFO) is to invite applications proposing the innovative analysis of existing social science, behavioral, administrative, and neuroimaging data to study the etiology and epidemiology of drug using behaviors (defined as alcohol, tobacco, prescription and other drug) and related disorders, prevention of drug use and HIV, and health service utilization. This FOA encourages the analyses of public use and other extant community-based or clinical datasets to their full potential in order to increase our knowledge of etiology, trajectories of drug using behaviors and their consequences including morbidity and mortality, risk and resilience in the development of psychopathology, strategies to guide the development, testing, implementation, and delivery of high quality, effective and efficient services for the prevention and treatment of drug abuse and HIV.","Accelerating the Pace of Substance Use Research Using Existing Data (R21 Clinical Trial Not Allowed)
The purpose of this notice of funding opportunity (NOFO) is to invite applications proposing the innovative analysis of existing social science, behavioral, administrative, and neuroimaging data to study the etiology and epidemiology of drug using behaviors (defined as alcohol, tobacco, prescription and other drug) and related disorders, prevention of drug use and HIV, and health service utilization. This FOA encourages the analyses of public use and other extant community-based or clinical datasets to their full potential in order to increase our knowledge of etiology, trajectories of drug using behaviors and their consequences including morbidity and mortality, risk and resilience in the development of psychopathology, strategies to guide the development, testing, implementation, and delivery of high quality, effective and efficient services for the prevention and treatment of drug abuse and HIV.
Other Eligible Applicants include the following:
 Alaska Native and Native Hawaiian Serving Institutions; Asian American Native American Pacific Islander Serving Institutions (AANAPISISs); Eligible Agencies of the Federal Government; Faith-based or Community-based Organizations; Hispanic-serving Institutions; Historically Black Colleges and Universities (HBCUs); Indian/Native American Tribal Governments (Other than Federally Recognized); Non-domestic (non-U.S.) Entities (Foreign Organizations); Regional Organizations; Tribally Controlled Colleges and Universities (TCCUs) ; U.S. Territory or Possession.",False,2027-12-03,429.0,False,False,False,False,False,True,10.0,False,,False,False,False,False,False,False,False,False,,unknown,,False,True,False,False,False,True,5.0,False,,False,False,True,True,True,True,True,True,False,False,True,15,False,True,,False,False,False,False,2,True,False,True,activity code R21,True,False,False,False,,2026-09-30,2026-08-18,Accelerating the Pace of Substance Use Research Using Existing Data (R21 Clinical Trial Not Allowed),open,ok,7.0,G3,G3.O4,"The grant funds secondary analysis of drug use and prevention/treatment services data, which can build the evidence base for addressing substance use and the opioid crisis.","invite applications proposing the innovative analysis of existing social science, behavioral, administrative, and neuroimaging data to study the etiology and epidemiology of drug using behaviors (defined as alcohol, tobacco, prescription and other drug) and related disorders, prevention of drug use and HIV, and health service utilization",lead,state_governments,DMHDDSUS,5.0,"DMHDDSUS has substance use authority and access to state administrative data, but NIH secondary-research awards are outside its usual service-delivery role and would likely require a research partner.","This is an NIH research grant funding secondary data analysis rather than services or infrastructure, and the division may lack the research capacity needed to compete successfully.",True,"Aligns with substance use crisis goals and uses existing data, but is an NIH research grant requiring analytic capacity rather than service dollars; DMHDDSUS should review with research partners.",[],True,True,lead,deepseek/deepseek-v4-pro,92b0344f579a,True,10.0,0.15,1.0,0.0,0.0,71.0,open
37,1352d10d-0bd9-4288-8c31-d540b962174b,Navigator Emergency Department Diversion Models for Non-Urgent Mental Health Concerns (R34 Clinical Trial Required),open,False,False,,1352d10d-0bd9-4288-8c31-d540b962174b,PAR-25-288,posted,HHS-NIH11,discretionary,,2024-11-25,2028-01-07,,2028-02-12,False,,,,,http://grants.nih.gov/grants/guide/pa-files/PAR-25-288.html,https://grants.nih.gov/grants/guide/pa-files/PAR-25-288.html,93.242|Mental Health Research Grants,grant,health,,independent_school_districts;for_profit_organizations_other_than_small_businesses;nonprofits_non_higher_education_with_501c3;other;county_governments;public_and_indian_housing_authorities;federally_recognized_native_american_tribal_governments;nonprofits_non_higher_education_without_501c3;special_district_governments;other_native_american_tribal_organizations;private_institutions_of_higher_education;small_businesses;public_and_state_institutions_of_higher_education;state_governments;city_or_township_governments,"Other Eligible Applicants include the following:
 Alaska Native and Native Hawaiian Serving Institutions; Asian American Native American Pacific Islander Serving Institutions (AANAPISISs); Eligible Agencies of the Federal Government; Faith-based or Community-based Organizations; Hispanic-serving Institutions; Historically Black Colleges and Universities (HBCUs); Indian/Native American Tribal Governments (Other than Federally Recognized); Non-domestic (non-U.S.) Entities (Foreign Organizations); Regional Organizations; Tribally Controlled Colleges and Universities (TCCUs) ; U.S. Territory or Possession; Non-domestic (non-U.S.) Entities (Foreign Organizations) are not eligible to apply.

Non-domestic (non-U.S.) components of U.S. Organizations are not eligible to apply.

Foreign components, as defined in the NIH Grants Policy Statement, are not allowed.",National Institutes of Health,Department of Health and Human Services,"NIH Grants Information
grantsinfo@nih.gov",grantsinfo@nih.gov,See Section VII. Agency Contacts within the full opportunity announcement for all other inquires.,,,,,,,,,https://simpler.grants.gov/opportunity/1352d10d-0bd9-4288-8c31-d540b962174b,"The purpose of this NOFO is to build research about the effectiveness, implementation, and optimization of family navigation ED diversion models for non-urgent mental health problems. Models of interest are designed to (a) utilize triage tools to identify mental health acuity, (b) facilitate engagement in mental health services and needed resources, and (c) provide support, knowledge about the mental health condition, and facilitate linkages/address barriers to help-seeking among families.","The purpose of this NOFO is to build research about the effectiveness, implementation, and optimization of family navigation ED diversion models for non-urgent mental health problems. Models of interest are designed to (a) utilize triage tools to identify mental health acuity, (b) facilitate engagement in mental health services and needed resources, and (c) provide support, knowledge about the mental health condition, and facilitate linkages/address barriers to help-seeking among families.","Navigator Emergency Department Diversion Models for Non-Urgent Mental Health Concerns (R34 Clinical Trial Required)
The purpose of this NOFO is to build research about the effectiveness, implementation, and optimization of family navigation ED diversion models for non-urgent mental health problems. Models of interest are designed to (a) utilize triage tools to identify mental health acuity, (b) facilitate engagement in mental health services and needed resources, and (c) provide support, knowledge about the mental health condition, and facilitate linkages/address barriers to help-seeking among families.
Other Eligible Applicants include the following:
 Alaska Native and Native Hawaiian Serving Institutions; Asian American Native American Pacific Islander Serving Institutions (AANAPISISs); Eligible Agencies of the Federal Government; Faith-based or Community-based Organizations; Hispanic-serving Institutions; Historically Black Colleges and Universities (HBCUs); Indian/Native American Tribal Governments (Other than Federally Recognized); Non-domestic (non-U.S.) Entities (Foreign Organizations); Regional Organizations; Tribally Controlled Colleges and Universities (TCCUs) ; U.S. Territory or Possession; Non-domestic (non-U.S.) Entities (Foreign Organizations) are not eligible to apply.

Non-domestic (non-U.S.) components of U.S. Organizations are not eligible to apply.

Foreign components, as defined in the NIH Grants Policy Statement, are not allowed.",False,2028-01-07,464.0,False,False,False,False,False,True,10.0,False,,False,False,False,False,False,False,False,False,,unknown,,False,True,False,False,False,True,5.0,False,,False,False,True,True,True,True,True,True,False,False,True,15,False,True,,False,False,False,False,1,True,False,True,activity code R34,True,False,False,False,,2026-09-30,2026-08-18,Navigator Emergency Department Diversion Models for Non-Urgent Mental Health Concerns (R34 Clinical Trial Required),open,ok,7.0,G3,G3.O1,"The grant would build evidence on family navigation models that divert non-urgent mental health concerns from emergency departments into mental health services, supporting integrated behavioral health access under G3.O1.","build research about the effectiveness, implementation, and optimization of family navigation ED diversion models for non-urgent mental health problems",atypical,state_governments,DMHDDSUS,5.0,"DMHDDSUS has authority over public mental health and crisis systems, but it does not routinely lead NIH clinical trials and would need a strong research partner to execute this grant.","This is an NIH R34 research planning grant rather than a service implementation award, so NCDHHS would need substantial research infrastructure and an academic partner to compete, and it may not directly fund current mental health services.",False,"Directly relevant to mental health access, but it is an NIH clinical-trial research grant; NCDHHS would likely be a research partner, not a service funder, so low priority.","[""Clinical Trial Required""]",True,True,atypical,deepseek/deepseek-v4-pro,92b0344f579a,True,10.0,0.15,1.0,0.0,0.0,71.0,open
38,39082d33-81a4-4136-8e86-aa33bbfc438b,Laboratories to Optimize Digital Health (R01 Clinical Trial Required),open,False,False,,39082d33-81a4-4136-8e86-aa33bbfc438b,PAR-25-136,posted,HHS-NIH11,discretionary,,2024-11-07,2028-01-07,,2028-02-12,False,,,,,http://grants.nih.gov/grants/guide/pa-files/PAR-25-136.html,https://grants.nih.gov/grants/guide/pa-files/PAR-25-136.html,93.242|Mental Health Research Grants,grant,health,,for_profit_organizations_other_than_small_businesses;nonprofits_non_higher_education_with_501c3;other;public_and_indian_housing_authorities;city_or_township_governments;small_businesses;state_governments;federally_recognized_native_american_tribal_governments;special_district_governments;public_and_state_institutions_of_higher_education;county_governments;private_institutions_of_higher_education;other_native_american_tribal_organizations;independent_school_districts;nonprofits_non_higher_education_without_501c3,"Other Eligible Applicants include the following:
 Alaska Native and Native Hawaiian Serving Institutions; Asian American Native American Pacific Islander Serving Institutions (AANAPISISs); Eligible Agencies of the Federal Government; Faith-based or Community-based Organizations; Hispanic-serving Institutions; Historically Black Colleges and Universities (HBCUs); Indian/Native American Tribal Governments (Other than Federally Recognized); Non-domestic (non-U.S.) Entities (Foreign Organizations); Regional Organizations; Tribally Controlled Colleges and Universities (TCCUs) ; U.S. Territory or Possession.",National Institutes of Health,Department of Health and Human Services,"NIH Grants Information
grantsinfo@nih.gov",grantsinfo@nih.gov,See Section VII. Agency Contacts within the full opportunity announcement for all other inquires.,,,,,,,,,https://simpler.grants.gov/opportunity/39082d33-81a4-4136-8e86-aa33bbfc438b,"NIMH seeks applications for innovative research projects to test strategies to increase the reach, efficiency, effectiveness, and quality of digital mental health interventions. This NOFO is intended to support the development of digital health test beds that leverage well-established digital mental health platforms,to rapidly refine and optimize existing evidence-based digital health interventions and conduct clinical trials testing digital mental health interventions that are statistically powered to provide a definitive answer regarding the intervention's effectiveness.","NIMH seeks applications for innovative research projects to test strategies to increase the reach, efficiency, effectiveness, and quality of digital mental health interventions. This NOFO is intended to support the development of digital health test beds that leverage well-established digital mental health platforms,to rapidly refine and optimize existing evidence-based digital health interventions and conduct clinical trials testing digital mental health interventions that are statistically powered to provide a definitive answer regarding the intervention's effectiveness.","Laboratories to Optimize Digital Health (R01 Clinical Trial Required)
NIMH seeks applications for innovative research projects to test strategies to increase the reach, efficiency, effectiveness, and quality of digital mental health interventions. This NOFO is intended to support the development of digital health test beds that leverage well-established digital mental health platforms,to rapidly refine and optimize existing evidence-based digital health interventions and conduct clinical trials testing digital mental health interventions that are statistically powered to provide a definitive answer regarding the intervention's effectiveness.
Other Eligible Applicants include the following:
 Alaska Native and Native Hawaiian Serving Institutions; Asian American Native American Pacific Islander Serving Institutions (AANAPISISs); Eligible Agencies of the Federal Government; Faith-based or Community-based Organizations; Hispanic-serving Institutions; Historically Black Colleges and Universities (HBCUs); Indian/Native American Tribal Governments (Other than Federally Recognized); Non-domestic (non-U.S.) Entities (Foreign Organizations); Regional Organizations; Tribally Controlled Colleges and Universities (TCCUs) ; U.S. Territory or Possession.",False,2028-01-07,464.0,False,False,False,False,False,True,10.0,False,,False,False,False,False,False,False,False,False,,unknown,,False,True,False,False,False,True,5.0,False,,False,False,True,True,True,True,True,True,False,False,True,15,False,True,,False,False,False,False,1,True,False,True,activity code R01,True,False,False,False,,2026-09-30,2026-08-18,Laboratories to Optimize Digital Health (R01 Clinical Trial Required),open,ok,7.0,G3,G3.O1,"The project funds clinical trials of digital mental health interventions, which can extend and optimize behavioral health care delivery and integration.","test strategies to increase the reach, efficiency, effectiveness, and quality of digital mental health interventions",atypical,state_governments,DMHDDSUS,5.0,"DMHDDSUS oversees mental health services and could support digital mental health intervention trials, but it is not primarily an NIH clinical research organization.","The R01 research and clinical trial requirements may exceed NCDHHS's internal research capacity, making success dependent on an academic research partner.",True,"Aligns with DMHDDSUS mental health priorities and digital health, but would likely require a research partner to conduct the required clinical trial.","[""Clinical Trial Required""]",True,True,atypical,deepseek/deepseek-v4-pro,92b0344f579a,True,10.0,0.15,1.0,0.0,0.0,71.0,open
39,c4c4d1db-a57c-47fc-aac0-4d78290582fc,Interventions to Reduce Sleep Health Disparities (R01 - Clinical Trials Optional),open,False,False,,c4c4d1db-a57c-47fc-aac0-4d78290582fc,PAR-24-330,posted,HHS-NIH11,discretionary,,2024-12-06,2027-09-07,,2027-10-13,False,,,,,http://grants.nih.gov/grants/guide/pa-files/PAR-24-330.html,https://grants.nih.gov/grants/guide/pa-files/PAR-24-330.html,"93.838|Lung Diseases Research;93.839|Blood Diseases and Resources Research;93.853|Extramural Research Programs in the Neurosciences and Neurological Disorders;93.866|Aging Research;93.307|Minority Health and Health Disparities Research;93.273|Alcohol Research Programs;93.837|Cardiovascular Diseases Research;93.399|Cancer Control;93.840|Translation and Implementation Science Research for Heart, Lung, Blood Diseases, and Sleep Disorders;93.361|Nursing Research;93.233|National Center on Sleep Disorders Research",grant,education;health,,independent_school_districts;state_governments;public_and_state_institutions_of_higher_education;private_institutions_of_higher_education;other_native_american_tribal_organizations;federally_recognized_native_american_tribal_governments;public_and_indian_housing_authorities;other;county_governments;for_profit_organizations_other_than_small_businesses;city_or_township_governments;special_district_governments;nonprofits_non_higher_education_without_501c3;small_businesses;nonprofits_non_higher_education_with_501c3,"Other Eligible Applicants include the following:
 Alaska Native and Native Hawaiian Serving Institutions; Asian American Native American Pacific Islander Serving Institutions (AANAPISISs); Eligible Agencies of the Federal Government; Faith-based or Community-based Organizations; Hispanic-serving Institutions; Historically Black Colleges and Universities (HBCUs); Indian/Native American Tribal Governments (Other than Federally Recognized); Non-domestic (non-U.S.) Entities (Foreign Organizations); Regional Organizations; Tribally Controlled Colleges and Universities (TCCUs) ; U.S. Territory or Possession; Non-domestic (non-U.S.) Entities (Foreign Organizations) are not eligible to apply.

Non-domestic (non-U.S.) components of U.S. Organizations are not eligible to apply.",National Institutes of Health,Department of Health and Human Services,"NIH Grants Information
grantsinfo@nih.gov",grantsinfo@nih.gov,See Section VII. Agency Contacts within the full opportunity announcement for all other inquires.,,,,,,,,,https://simpler.grants.gov/opportunity/c4c4d1db-a57c-47fc-aac0-4d78290582fc,"This PAR is being reissued in accordance with the simplified review criteria in effect for application due dates after January 25, 2025. The objective of this funding opportunity is to support non-pharmacological interventions to promote sleep health, reduce sleep health disparities, and examine sleep as a modifiable factor to reduce health disparities for other health outcomes among populations that experience health disparities.","This PAR is being reissued in accordance with the simplified review criteria in effect for application due dates after January 25, 2025. The objective of this funding opportunity is to support non-pharmacological interventions to promote sleep health, reduce sleep health disparities, and examine sleep as a modifiable factor to reduce health disparities for other health outcomes among populations that experience health disparities.","Interventions to Reduce Sleep Health Disparities (R01 - Clinical Trials Optional)
This PAR is being reissued in accordance with the simplified review criteria in effect for application due dates after January 25, 2025. The objective of this funding opportunity is to support non-pharmacological interventions to promote sleep health, reduce sleep health disparities, and examine sleep as a modifiable factor to reduce health disparities for other health outcomes among populations that experience health disparities.
Other Eligible Applicants include the following:
 Alaska Native and Native Hawaiian Serving Institutions; Asian American Native American Pacific Islander Serving Institutions (AANAPISISs); Eligible Agencies of the Federal Government; Faith-based or Community-based Organizations; Hispanic-serving Institutions; Historically Black Colleges and Universities (HBCUs); Indian/Native American Tribal Governments (Other than Federally Recognized); Non-domestic (non-U.S.) Entities (Foreign Organizations); Regional Organizations; Tribally Controlled Colleges and Universities (TCCUs) ; U.S. Territory or Possession; Non-domestic (non-U.S.) Entities (Foreign Organizations) are not eligible to apply.

Non-domestic (non-U.S.) components of U.S. Organizations are not eligible to apply.",False,2027-09-07,342.0,False,False,False,False,False,True,10.0,False,,False,False,False,False,False,False,False,False,,unknown,,False,True,False,False,False,True,5.0,False,,False,False,True,True,True,True,True,True,False,False,True,15,False,True,,False,False,False,False,11,True,False,True,activity code R01,True,False,False,False,,2026-09-30,2026-08-18,Interventions to Reduce Sleep Health Disparities (R01 - Clinical Trials Optional),open,ok,7.0,G1,G1.O1,"The grant directly funds non-pharmacological interventions to reduce sleep health disparities, which aligns with NCDHHS's objective to reduce health disparities across the Department.","support non-pharmacological interventions to promote sleep health, reduce sleep health disparities, and examine sleep as a modifiable factor to reduce health disparities for other health outcomes among populations that experience health disparities.",lead,state_governments,DPH,5.0,"DPH has chronic disease, epidemiology, and health equity work, but an NIH R01 requires dedicated research infrastructure and sleep investigators that the division may need to secure through academic partners.","NCDHHS may lack the sleep health research investigators and R01 grant infrastructure needed to compete with academic medical centers, so a lead application could be costly and unlikely to fund.",True,"Supports sleep health interventions to reduce disparities, fitting DPH health equity goals, though R01 research capacity may require academic partners.",[],True,True,lead,deepseek/deepseek-v4-pro,92b0344f579a,True,10.0,0.15,1.0,0.0,0.0,71.0,open
40,e9b3d943-9e83-48a7-911f-21e77eb9c9fb,Intervention Research to Improve Native American Health (R34 Clinical Trial Optional),open,False,False,,e9b3d943-9e83-48a7-911f-21e77eb9c9fb,PAR-25-378,posted,HHS-NIH11,discretionary,,2025-01-22,2027-01-07,,2027-02-06,False,,,,,http://grants.nih.gov/grants/guide/pa-files/PAR-25-378.html,https://grants.nih.gov/grants/guide/pa-files/PAR-25-378.html,93.310|Trans-NIH Research Support;93.866|Aging Research;93.121|Oral Diseases and Disorders Research;93.273|Alcohol Research Programs;93.865|Child Health and Human Development Extramural Research;93.113|Environmental Health;93.279|Drug Use and Addiction Research Programs;93.313|NIH Office of Research on Women's Health;93.361|Nursing Research;93.213|Research and Training in Complementary and Integrative Health;93.242|Mental Health Research Grants,grant,income_security_and_social_services;environment;health;education,,for_profit_organizations_other_than_small_businesses;county_governments;independent_school_districts;small_businesses;other;private_institutions_of_higher_education;city_or_township_governments;federally_recognized_native_american_tribal_governments;nonprofits_non_higher_education_without_501c3;nonprofits_non_higher_education_with_501c3;special_district_governments;public_and_state_institutions_of_higher_education;state_governments;public_and_indian_housing_authorities;other_native_american_tribal_organizations,"Other Eligible Applicants include the following: Alaska Native and Native Hawaiian Serving Institutions; Asian American Native American Pacific Islander Serving Institutions (AANAPISISs); Eligible Agencies of the Federal Government; Faith-based or Community-based Organizations; Hispanic-serving Institutions; Historically Black Colleges and Universities (HBCUs); Indian/Native American Tribal Governments (Other than Federally Recognized); Non-domestic (non-U.S.) Entities (Foreign Organizations); Regional Organizations; Tribally Controlled Colleges and Universities (TCCUs) ; U.S. Territory or Possession; Non-domestic (non-U.S.) Entities (Foreign Organizations) are not eligible to apply.Non-domestic (non-U.S.) components of U.S. Organizations are not eligible to apply.Foreign components, as defined in the NIH Grants Policy Statement, are allowed.",National Institutes of Health,Department of Health and Human Services,"NIH Grants Information
grantsinfo@nih.gov",grantsinfo@nih.gov,See Section VII. Agency Contacts within the full opportunity announcement for all other inquires.,,,,,,,,,https://simpler.grants.gov/opportunity/e9b3d943-9e83-48a7-911f-21e77eb9c9fb,"<p>The purpose of this notice of funding opportunity (NOFO) is to support research on interventions to improve health in Native American (NA) populations. This includes 1) etiologic research, where there is a significant gap in knowledge, that will directly inform intervention development or adaptations, 2) research that develops, adapts, or tests the efficacy or effectiveness of health promotion and disease prevention interventions, 3) research that tests culturally informed treatment or recovery interventions and 4) where a sufficient body of knowledge on intervention efficacy exists, research on dissemination and implementation that develops and tests strategies to overcome barriers to the adoption, integration, scale-up, and sustainability of effective interventions. Existing data suggest that significant acute and chronic disease inequities exist for NA populations. Concurrently, NA populations experience unique sociopolitical, historical, and environmental stressors and risks that may exacerbate health conditions and/or impact the effectiveness of existing solutions to address the conditions. They also possess unique strengths and resiliencies that can mitigate stressors or inform intervention strategies. Through this initiative, intervention and related research is sought to build upon community knowledge, resources, and resilience to test science-based, culturally appropriate solutions to reduce morbidity and mortality through identification and remediation of precursors to diseases and disorders and through culturally informed treatment. Interventions should be designed with a consideration for sustainability within the communities where they are tested, and have the flexibility to be readily adapted, disseminated, and scaled up to other communities where culturally appropriate. For the purposes of this NOFO, NA includes the following populations: Alaska Natives, American Indians (whose ancestral lands fall at least partially within the U.S. main land).</p>","The purpose of this notice of funding opportunity (NOFO) is to support research on interventions to improve health in Native American (NA) populations. This includes 1) etiologic research, where there is a significant gap in knowledge, that will directly inform intervention development or adaptations, 2) research that develops, adapts, or tests the efficacy or effectiveness of health promotion and disease prevention interventions, 3) research that tests culturally informed treatment or recovery interventions and 4) where a sufficient body of knowledge on intervention efficacy exists, research on dissemination and implementation that develops and tests strategies to overcome barriers to the adoption, integration, scale-up, and sustainability of effective interventions. Existing data suggest that significant acute and chronic disease inequities exist for NA populations. Concurrently, NA populations experience unique sociopolitical, historical, and environmental stressors and risks that may exacerbate health conditions and/or impact the effectiveness of existing solutions to address the conditions. They also possess unique strengths and resiliencies that can mitigate stressors or inform intervention strategies. Through this initiative, intervention and related research is sought to build upon community knowledge, resources, and resilience to test science-based, culturally appropriate solutions to reduce morbidity and mortality through identification and remediation of precursors to diseases and disorders and through culturally informed treatment. Interventions should be designed with a consideration for sustainability within the communities where they are tested, and have the flexibility to be readily adapted, disseminated, and scaled up to other communities where culturally appropriate. For the purposes of this NOFO, NA includes the following populations: Alaska Natives, American Indians (whose ancestral lands fall at least partially within the U.S. main land).","Intervention Research to Improve Native American Health (R34 Clinical Trial Optional)
The purpose of this notice of funding opportunity (NOFO) is to support research on interventions to improve health in Native American (NA) populations. This includes 1) etiologic research, where there is a significant gap in knowledge, that will directly inform intervention development or adaptations, 2) research that develops, adapts, or tests the efficacy or effectiveness of health promotion and disease prevention interventions, 3) research that tests culturally informed treatment or recovery interventions and 4) where a sufficient body of knowledge on intervention efficacy exists, research on dissemination and implementation that develops and tests strategies to overcome barriers to the adoption, integration, scale-up, and sustainability of effective interventions. Existing data suggest that significant acute and chronic disease inequities exist for NA populations. Concurrently, NA populations experience unique sociopolitical, historical, and environmental stressors and risks that may exacerbate health conditions and/or impact the effectiveness of existing solutions to address the conditions. They also possess unique strengths and resiliencies that can mitigate stressors or inform intervention strategies. Through this initiative, intervention and related research is sought to build upon community knowledge, resources, and resilience to test science-based, culturally appropriate solutions to reduce morbidity and mortality through identification and remediation of precursors to diseases and disorders and through culturally informed treatment. Interventions should be designed with a consideration for sustainability within the communities where they are tested, and have the flexibility to be readily adapted, disseminated, and scaled up to other communities where culturally appropriate. For the purposes of this NOFO, NA includes the following populations: Alaska Natives, American Indians (whose ancestral lands fall at least partially within the U.S. main land).
Other Eligible Applicants include the following: Alaska Native and Native Hawaiian Serving Institutions; Asian American Native American Pacific Islander Serving Institutions (AANAPISISs); Eligible Agencies of the Federal Government; Faith-based or Community-based Organizations; Hispanic-serving Institutions; Historically Black Colleges and Universities (HBCUs); Indian/Native American Tribal Governments (Other than Federally Recognized); Non-domestic (non-U.S.) Entities (Foreign Organizations); Regional Organizations; Tribally Controlled Colleges and Universities (TCCUs) ; U.S. Territory or Possession; Non-domestic (non-U.S.) Entities (Foreign Organizations) are not eligible to apply.Non-domestic (non-U.S.) components of U.S. Organizations are not eligible to apply.Foreign components, as defined in the NIH Grants Policy Statement, are allowed.",False,2027-01-07,99.0,False,False,False,False,False,True,10.0,False,,False,False,False,False,False,False,False,False,,unknown,,False,True,False,False,False,True,5.0,False,,False,False,True,True,True,True,True,True,False,False,True,15,False,True,,False,False,False,False,11,True,False,True,activity code R34,True,False,False,False,,2026-09-30,2026-08-18,Intervention Research to Improve Native American Health (R34 Clinical Trial Optional),open,ok,7.0,G1,G1.O1,"The grant funds culturally appropriate intervention research to reduce health disparities in Native American populations, directly supporting NCDHHS's health-disparities reduction goal.",support research on interventions to improve health in Native American (NA) populations.,lead,state_governments,DPH,5.0,"DPH has disease prevention, chronic disease, and epidemiology functions that fit the topic, but leading an NIH R34 would require added research infrastructure and tribal engagement.",NCDHHS may lack the academic research infrastructure and established tribal partnerships needed to compete for an NIH intervention research grant.,True,Aligns with NCDHHS's health-disparities goal through Native American health intervention research; DPH could pursue only with research and tribal partnerships.,[],True,True,lead,deepseek/deepseek-v4-pro,92b0344f579a,True,10.0,0.15,1.0,0.0,0.0,71.0,open
41,8e1f564e-26b9-47d2-b838-486402d83eae,"HEAL Initiative: Integrative Management of chronic Pain and OUD for Whole Recovery (IMPOWR) - Building Engagement, Assistance, Capacity, Outreach, and Networks (BEACON) Center",forecast,True,False,,8e1f564e-26b9-47d2-b838-486402d83eae,RFA-DA-27-006,forecasted,HHS-NIH11,discretionary,,2025-08-27,,,,False,1.0,1750000.0,,,,,93.279|Drug Use and Addiction Research Programs,grant,health,,other_native_american_tribal_organizations;small_businesses;nonprofits_non_higher_education_with_501c3;independent_school_districts;city_or_township_governments;special_district_governments;for_profit_organizations_other_than_small_businesses;state_governments;federally_recognized_native_american_tribal_governments;county_governments;other;private_institutions_of_higher_education;nonprofits_non_higher_education_without_501c3;public_and_state_institutions_of_higher_education,Other Eligible ApplicantsIndian/Native American Tribal Governments (Other than Federally Recognized);Eligible Agencies of the Federal Government;U.S. Territory or Possession;Faith-based or Community-based Organizations;Regional Organizations;Non-domestic (non-U.S.) Entities (Foreign Institutions).,National Institutes of Health,Department of Health and Human Services,"Shelley Su, PhD
301-402-3869",IMPOWR@nih.gov,IMPOWR@nih.gov,2026-04-20,2026-11-02,,2027-04-01,2027-04-01,2027.0,,,https://simpler.grants.gov/opportunity/8e1f564e-26b9-47d2-b838-486402d83eae,"<p>40-75% percent of individuals with opioid use disorder (OUD) have co-occurring chronic pain (CP), which impacts their ability to fully engage in treatment. Effective management of both conditions is hindered by siloed medical disciplines and health systems. HEAL Integrative Management of Chronic Pain and OUD for Whole Recovery (IMPOWR) was funded in FY21 to test novel interventions for the management of co-occurring CP and OUD at the patient level. This initiative will test different implementation strategies and other approaches to address scalability and sustainability of evidence based practices for CP and OUD from a health system perspective. Studies will engage key decision leaders in health systems including but not limited to: peer specialists, clinicians, health system leaders, and payers. Studies will execute a single hybrid II/III implementation-effectiveness trial to focus on collaborative care models and implementation strategies to meaningfully integrate CP and OUD service provision in diverse health settings. These studies will address complex factors that influence the ability to scale and sustain effective and integrated care for CP and OUD. The BEACON Center will provide: (1) network coordination support, (2) capacity building at the intersection of CP, OUD, and implementation science, (3) annual surveys/qualitative activities to understand different barriers and attitudes impacting access and sustained use to integrated CP and OUD service delivery, (4) develop important resources for key stakeholder audiences that can inform/improve sustainability and scalability of evidence-based practices.</p><p>The National Institute on Drug Abuse (NIDA) in partnership with National Institute on Alcohol and Alcoholism (NIAAA), National Institute of Arthritis and Musculoskeletal and Skin Diseases (NIAMS), National Institute of Mental Health (NIMH), and National Center for Complementary and Integrative Health (NCCIH), and National Institute of Neurological Disorders and Stroke (NINDS) intends to publish a Notice of Funding Opportunity (NOFO) to solicit applications for research on the effective management of OUD and CP. Applications are not being solicited at this time. Notice is being provided to allow potential applicants sufficient time to develop meaningful collaborations and responsive projects. This NOFO will utilize the U2C activity code. Investigators with expertise and insights into this area of CP management and OUD/opioid misuse are encouraged to begin to consider applying for this new NOFO. In addition, collaborative investigations combining expertise in community-based participatory research approaches, implementation science, and other strategies to amplify scalability and sustainability will be encouraged and, these investigators should also begin considering applying for this NOFO. Grant authorities that allow NIDA to forecast this opportunity are as follows: 42 U.S.C. § 241 and § 284.</p>","40-75% percent of individuals with opioid use disorder (OUD) have co-occurring chronic pain (CP), which impacts their ability to fully engage in treatment. Effective management of both conditions is hindered by siloed medical disciplines and health systems. HEAL Integrative Management of Chronic Pain and OUD for Whole Recovery (IMPOWR) was funded in FY21 to test novel interventions for the management of co-occurring CP and OUD at the patient level. This initiative will test different implementation strategies and other approaches to address scalability and sustainability of evidence based practices for CP and OUD from a health system perspective. Studies will engage key decision leaders in health systems including but not limited to: peer specialists, clinicians, health system leaders, and payers. Studies will execute a single hybrid II/III implementation-effectiveness trial to focus on collaborative care models and implementation strategies to meaningfully integrate CP and OUD service provision in diverse health settings. These studies will address complex factors that influence the ability to scale and sustain effective and integrated care for CP and OUD. The BEACON Center will provide: (1) network coordination support, (2) capacity building at the intersection of CP, OUD, and implementation science, (3) annual surveys/qualitative activities to understand different barriers and attitudes impacting access and sustained use to integrated CP and OUD service delivery, (4) develop important resources for key stakeholder audiences that can inform/improve sustainability and scalability of evidence-based practices.
 The National Institute on Drug Abuse (NIDA) in partnership with National Institute on Alcohol and Alcoholism (NIAAA), National Institute of Arthritis and Musculoskeletal and Skin Diseases (NIAMS), National Institute of Mental Health (NIMH), and National Center for Complementary and Integrative Health (NCCIH), and National Institute of Neurological Disorders and Stroke (NINDS) intends to publish a Notice of Funding Opportunity (NOFO) to solicit applications for research on the effective management of OUD and CP. Applications are not being solicited at this time. Notice is being provided to allow potential applicants sufficient time to develop meaningful collaborations and responsive projects. This NOFO will utilize the U2C activity code. Investigators with expertise and insights into this area of CP management and OUD/opioid misuse are encouraged to begin to consider applying for this new NOFO. In addition, collaborative investigations combining expertise in community-based participatory research approaches, implementation science, and other strategies to amplify scalability and sustainability will be encouraged and, these investigators should also begin considering applying for this NOFO. Grant authorities that allow NIDA to forecast this opportunity are as follows: 42 U.S.C. § 241 and § 284.","HEAL Initiative: Integrative Management of chronic Pain and OUD for Whole Recovery (IMPOWR) - Building Engagement, Assistance, Capacity, Outreach, and Networks (BEACON) Center
40-75% percent of individuals with opioid use disorder (OUD) have co-occurring chronic pain (CP), which impacts their ability to fully engage in treatment. Effective management of both conditions is hindered by siloed medical disciplines and health systems. HEAL Integrative Management of Chronic Pain and OUD for Whole Recovery (IMPOWR) was funded in FY21 to test novel interventions for the management of co-occurring CP and OUD at the patient level. This initiative will test different implementation strategies and other approaches to address scalability and sustainability of evidence based practices for CP and OUD from a health system perspective. Studies will engage key decision leaders in health systems including but not limited to: peer specialists, clinicians, health system leaders, and payers. Studies will execute a single hybrid II/III implementation-effectiveness trial to focus on collaborative care models and implementation strategies to meaningfully integrate CP and OUD service provision in diverse health settings. These studies will address complex factors that influence the ability to scale and sustain effective and integrated care for CP and OUD. The BEACON Center will provide: (1) network coordination support, (2) capacity building at the intersection of CP, OUD, and implementation science, (3) annual surveys/qualitative activities to understand different barriers and attitudes impacting access and sustained use to integrated CP and OUD service delivery, (4) develop important resources for key stakeholder audiences that can inform/improve sustainability and scalability of evidence-based practices.
 The National Institute on Drug Abuse (NIDA) in partnership with National Institute on Alcohol and Alcoholism (NIAAA), National Institute of Arthritis and Musculoskeletal and Skin Diseases (NIAMS), National Institute of Mental Health (NIMH), and National Center for Complementary and Integrative Health (NCCIH), and National Institute of Neurological Disorders and Stroke (NINDS) intends to publish a Notice of Funding Opportunity (NOFO) to solicit applications for research on the effective management of OUD and CP. Applications are not being solicited at this time. Notice is being provided to allow potential applicants sufficient time to develop meaningful collaborations and responsive projects. This NOFO will utilize the U2C activity code. Investigators with expertise and insights into this area of CP management and OUD/opioid misuse are encouraged to begin to consider applying for this new NOFO. In addition, collaborative investigations combining expertise in community-based participatory research approaches, implementation science, and other strategies to amplify scalability and sustainability will be encouraged and, these investigators should also begin considering applying for this NOFO. Grant authorities that allow NIDA to forecast this opportunity are as follows: 42 U.S.C. § 241 and § 284.
Other Eligible ApplicantsIndian/Native American Tribal Governments (Other than Federally Recognized);Eligible Agencies of the Federal Government;U.S. Territory or Possession;Faith-based or Community-based Organizations;Regional Organizations;Non-domestic (non-U.S.) Entities (Foreign Institutions).",False,,,False,False,False,False,False,False,,False,-163.0,True,False,True,False,False,False,False,False,1750000.0,average_award,1750000.0,True,False,True,True,False,False,6.22,False,,False,False,True,True,True,True,True,True,False,False,True,14,False,True,,False,False,False,False,1,True,False,True,NIH opportunity,True,False,False,False,,2026-09-30,2026-08-18,"HEAL Initiative: Integrative Management of chronic Pain and OUD for Whole Recovery (IMPOWR) - Building Engagement, Assistance, Capacity, Outreach, and Networks (BEACON) Center",forecast,ok,7.0,G3,G3.O4,"The center funds implementation research to scale integrated evidence-based care for OUD and chronic pain, directly supporting the Department's opioid and substance use crisis objective.",This initiative will test different implementation strategies and other approaches to address scalability and sustainability of evidence based practices for CP and OUD from a health system perspective.,partner,state_governments,DMHDDSUS,6.0,"DMHDDSUS oversees substance use and opioid services, but this is a research-coordination center rather than a direct services or implementation program.","This is only a forecast notice, not an open solicitation, and the U2C center award is a research-coordination mechanism likely to go to an academic institution rather than a state services agency.",False,NIH forecast for a research center on integrated chronic pain and OUD; aligns with DMHDDSUS opioid work but is not open and likely fits academic partners.,[],True,True,partner,deepseek/deepseek-v4-pro,92b0344f579a,True,10.0,0.0,0.85,0.0,0.0,70.98,forecast_watchlist
42,e1dcb919-4710-49c3-9263-4849a1e8a507,Effectiveness Trials for Post-Acute Interventions and Services to Optimize Longer-term Outcomes (R01 Clinical Trial Required),open,False,False,,e1dcb919-4710-49c3-9263-4849a1e8a507,PAR-25-207,posted,HHS-NIH11,discretionary,,2024-10-31,2028-01-07,,2028-02-12,False,,,,,http://grants.nih.gov/grants/guide/pa-files/PAR-25-207.html,https://grants.nih.gov/grants/guide/pa-files/PAR-25-207.html,93.242|Mental Health Research Grants,grant,health,,public_and_indian_housing_authorities;for_profit_organizations_other_than_small_businesses;county_governments;other_native_american_tribal_organizations;nonprofits_non_higher_education_without_501c3;federally_recognized_native_american_tribal_governments;nonprofits_non_higher_education_with_501c3;private_institutions_of_higher_education;city_or_township_governments;small_businesses;public_and_state_institutions_of_higher_education;independent_school_districts;special_district_governments;other;state_governments,"Other Eligible Applicants include the following:
 Alaska Native and Native Hawaiian Serving Institutions; Asian American Native American Pacific Islander Serving Institutions (AANAPISISs); Eligible Agencies of the Federal Government; Faith-based or Community-based Organizations; Hispanic-serving Institutions; Historically Black Colleges and Universities (HBCUs); Indian/Native American Tribal Governments (Other than Federally Recognized); Non-domestic (non-U.S.) Entities (Foreign Organizations); Regional Organizations; Tribally Controlled Colleges and Universities (TCCUs) ; U.S. Territory or Possession.",National Institutes of Health,Department of Health and Human Services,"NIH Grants Information
grantsinfo@nih.gov",grantsinfo@nih.gov,See Section VII. Agency Contacts within the full opportunity announcement for all other inquires.,,,,,,,,,https://simpler.grants.gov/opportunity/e1dcb919-4710-49c3-9263-4849a1e8a507,"NIMH seeks applications for research projects to evaluate the effectiveness of therapeutic and service delivery interventions for the post-acute management of mental health conditions affecting youth, adults, and older adults. This Notice of Funding Opportunity (NOFO) encourages clinical trials to establish the effectiveness and test hypotheses regarding moderators, mediators, and mechanisms of action of post-acute phase therapeutic and services interventions that are matched to the stage of illness in terms of both their focus (e.g., consolidating and maintaining gains from initial treatment, managing residual symptoms/impairment, preventing relapse, promoting adherence and appropriate service use) and intensity/burden for promoting optimal longer-term outcomes.
This NOFO is intended to support effectiveness trials testing post-acute phase interventions that are statistically powered to provide a definitive answer regarding the study intervention's effectiveness. Support for pilot effectiveness trials to evaluate the initial feasibility, tolerability, acceptability, safety and preliminary indications of effectiveness of post-acute phase intervention approaches is provided via a companion R34 (Currently TEMP-24814)","NIMH seeks applications for research projects to evaluate the effectiveness of therapeutic and service delivery interventions for the post-acute management of mental health conditions affecting youth, adults, and older adults. This Notice of Funding Opportunity (NOFO) encourages clinical trials to establish the effectiveness and test hypotheses regarding moderators, mediators, and mechanisms of action of post-acute phase therapeutic and services interventions that are matched to the stage of illness in terms of both their focus (e.g., consolidating and maintaining gains from initial treatment, managing residual symptoms/impairment, preventing relapse, promoting adherence and appropriate service use) and intensity/burden for promoting optimal longer-term outcomes.
This NOFO is intended to support effectiveness trials testing post-acute phase interventions that are statistically powered to provide a definitive answer regarding the study intervention's effectiveness. Support for pilot effectiveness trials to evaluate the initial feasibility, tolerability, acceptability, safety and preliminary indications of effectiveness of post-acute phase intervention approaches is provided via a companion R34 (Currently TEMP-24814)","Effectiveness Trials for Post-Acute Interventions and Services to Optimize Longer-term Outcomes (R01 Clinical Trial Required)
NIMH seeks applications for research projects to evaluate the effectiveness of therapeutic and service delivery interventions for the post-acute management of mental health conditions affecting youth, adults, and older adults. This Notice of Funding Opportunity (NOFO) encourages clinical trials to establish the effectiveness and test hypotheses regarding moderators, mediators, and mechanisms of action of post-acute phase therapeutic and services interventions that are matched to the stage of illness in terms of both their focus (e.g., consolidating and maintaining gains from initial treatment, managing residual symptoms/impairment, preventing relapse, promoting adherence and appropriate service use) and intensity/burden for promoting optimal longer-term outcomes.
This NOFO is intended to support effectiveness trials testing post-acute phase interventions that are statistically powered to provide a definitive answer regarding the study intervention's effectiveness. Support for pilot effectiveness trials to evaluate the initial feasibility, tolerability, acceptability, safety and preliminary indications of effectiveness of post-acute phase intervention approaches is provided via a companion R34 (Currently TEMP-24814)
Other Eligible Applicants include the following:
 Alaska Native and Native Hawaiian Serving Institutions; Asian American Native American Pacific Islander Serving Institutions (AANAPISISs); Eligible Agencies of the Federal Government; Faith-based or Community-based Organizations; Hispanic-serving Institutions; Historically Black Colleges and Universities (HBCUs); Indian/Native American Tribal Governments (Other than Federally Recognized); Non-domestic (non-U.S.) Entities (Foreign Organizations); Regional Organizations; Tribally Controlled Colleges and Universities (TCCUs) ; U.S. Territory or Possession.",False,2028-01-07,464.0,False,False,False,False,False,True,10.0,False,,False,False,False,False,False,False,False,False,,unknown,,False,True,False,False,False,True,5.0,False,,False,False,True,True,True,True,True,True,False,False,True,15,False,True,,False,False,False,False,1,True,False,True,activity code R01,True,False,False,False,,2026-09-30,2026-08-18,Effectiveness Trials for Post-Acute Interventions and Services to Optimize Longer-term Outcomes (R01 Clinical Trial Required),open,ok,6.0,G3,G3.O1,"The grant funds clinical trials of post-acute mental health service delivery and therapeutic interventions, generating evidence that could strengthen integrated behavioral health and coordinated care models.","evaluate the effectiveness of therapeutic and service delivery interventions for the post-acute management of mental health conditions affecting youth, adults, and older adults.",lead,state_governments,DMHDDSUS,6.0,"DMHDDSUS oversees mental health services and could manage the grant with academic research partners, but it is not a typical lead for a rigorous NIH clinical trial.","This is research funding rather than service funding, and leading a clinical trial would require substantial research infrastructure and likely academic partnerships that NCDHHS does not typically have.",False,"Fits our mental health mission, but as an R01 clinical trial it requires research infrastructure better suited to an academic partner than a state services division.","[""Clinical Trial Required"", ""statistically powered to provide a definitive answer""]",True,True,lead,deepseek/deepseek-v4-pro,92b0344f579a,True,10.0,0.15,1.0,0.0,0.0,70.5,open
43,e56b9ac3-476c-4951-a799-942e6d6b75cd,Population Approaches to Reducing Alcohol-related Cancer Risk (R01 Clinical Trial Optional),open,False,False,,e56b9ac3-476c-4951-a799-942e6d6b75cd,PAR-25-221,posted,HHS-NIH11,discretionary,,2024-11-06,2027-01-07,,2027-02-12,False,,,,,http://grants.nih.gov/grants/guide/pa-files/PAR-25-221.html,https://grants.nih.gov/grants/guide/pa-files/PAR-25-221.html,93.273|Alcohol Research Programs;93.396|Cancer Biology Research,grant,health;education,,other_native_american_tribal_organizations;public_and_state_institutions_of_higher_education;city_or_township_governments;special_district_governments;public_and_indian_housing_authorities;state_governments;nonprofits_non_higher_education_with_501c3;nonprofits_non_higher_education_without_501c3;for_profit_organizations_other_than_small_businesses;independent_school_districts;county_governments;other;private_institutions_of_higher_education;federally_recognized_native_american_tribal_governments;small_businesses,Other Eligible Applicants include the following: Alaska Native and Native Hawaiian Serving Institutions; Asian American Native American Pacific Islander Serving Institutions (AANAPISISs); Eligible Agencies of the Federal Government; Faith-based or Community-based Organizations; Hispanic-serving Institutions; Historically Black Colleges and Universities (HBCUs); Indian/Native American Tribal Governments (Other than Federally Recognized); Non-domestic (non-U.S.) Entities (Foreign Organizations); Regional Organizations; Tribally Controlled Colleges and Universities (TCCUs) ; U.S. Territory or Possession.,National Institutes of Health,Department of Health and Human Services,"NIH Grants Information
grantsinfo@nih.gov",grantsinfo@nih.gov,See Section VII. Agency Contacts within the full opportunity announcement for all other inquires.,,,,,,,,,https://simpler.grants.gov/opportunity/e56b9ac3-476c-4951-a799-942e6d6b75cd,"<p>This Notice of Funding Opportunity (NOFO) aims to support research on interdisciplinary population approaches to increasing awareness of the relationship between alcohol and cancer risk, understanding and changing social norms related to alcohol consumption, developing and/or evaluating alcohol policy approaches, and the development, testing, and implementation of population-level interventions to reduce alcohol-related cancer risk. Applications that address multiple levels of consumption, such as moderate and heavy drinking, are of particular interest, as well as those focusing on alcohol use disorder (AUD) from the perspective of cancer prevention and control.</p>","This Notice of Funding Opportunity (NOFO) aims to support research on interdisciplinary population approaches to increasing awareness of the relationship between alcohol and cancer risk, understanding and changing social norms related to alcohol consumption, developing and/or evaluating alcohol policy approaches, and the development, testing, and implementation of population-level interventions to reduce alcohol-related cancer risk. Applications that address multiple levels of consumption, such as moderate and heavy drinking, are of particular interest, as well as those focusing on alcohol use disorder (AUD) from the perspective of cancer prevention and control.","Population Approaches to Reducing Alcohol-related Cancer Risk (R01 Clinical Trial Optional)
This Notice of Funding Opportunity (NOFO) aims to support research on interdisciplinary population approaches to increasing awareness of the relationship between alcohol and cancer risk, understanding and changing social norms related to alcohol consumption, developing and/or evaluating alcohol policy approaches, and the development, testing, and implementation of population-level interventions to reduce alcohol-related cancer risk. Applications that address multiple levels of consumption, such as moderate and heavy drinking, are of particular interest, as well as those focusing on alcohol use disorder (AUD) from the perspective of cancer prevention and control.
Other Eligible Applicants include the following: Alaska Native and Native Hawaiian Serving Institutions; Asian American Native American Pacific Islander Serving Institutions (AANAPISISs); Eligible Agencies of the Federal Government; Faith-based or Community-based Organizations; Hispanic-serving Institutions; Historically Black Colleges and Universities (HBCUs); Indian/Native American Tribal Governments (Other than Federally Recognized); Non-domestic (non-U.S.) Entities (Foreign Organizations); Regional Organizations; Tribally Controlled Colleges and Universities (TCCUs) ; U.S. Territory or Possession.",False,2027-01-07,99.0,False,False,False,False,False,True,10.0,False,,False,False,False,False,False,False,False,False,,unknown,,False,True,False,False,False,True,5.0,False,,False,False,True,True,True,True,True,True,False,False,True,15,False,True,,False,False,False,False,2,True,False,True,activity code R01,True,False,False,False,,2026-09-30,2026-08-18,Population Approaches to Reducing Alcohol-related Cancer Risk (R01 Clinical Trial Optional),open,ok,6.0,G3,G3.O4,"The grant funds population-level alcohol policy and intervention research to reduce alcohol-related cancer risk, which advances NCDHHS's substance use prevention goals by reducing alcohol-related harm at the population level.",population-level interventions to reduce alcohol-related cancer risk,partner,state_governments,DPH,6.0,"DPH could support or partner on population-level cancer and alcohol policy research through its chronic disease and epidemiology functions, though an NIH R01 is more research-intensive than its usual programs.","The grant is an investigator-initiated NIH R01 research mechanism, so NCDHHS would likely be a partner rather than the lead and may not receive programmatic funding for direct services.",True,"Population-level alcohol and cancer risk research aligns with substance use prevention and DPH chronic disease expertise, but NCDHHS likely fits best as a research partner, not lead.",[],True,True,partner,deepseek/deepseek-v4-pro,92b0344f579a,True,10.0,0.15,1.0,0.0,0.0,70.5,open
44,f2a0e432-aac6-4caf-bc3a-a78ca52f4751,Cancer Prevention and Control Clinical Trials Planning Grant Program (R34 Clinical Trials Optional),open,False,False,,f2a0e432-aac6-4caf-bc3a-a78ca52f4751,PAR-25-104,posted,HHS-NIH11,discretionary,,2024-11-05,2027-10-25,,2027-11-30,False,,,,,http://grants.nih.gov/grants/guide/pa-files/PAR-25-104.html,https://grants.nih.gov/grants/guide/pa-files/PAR-25-104.html,93.399|Cancer Control,grant,health;education,,other_native_american_tribal_organizations;public_and_state_institutions_of_higher_education;federally_recognized_native_american_tribal_governments;small_businesses;other;for_profit_organizations_other_than_small_businesses;special_district_governments;nonprofits_non_higher_education_with_501c3;private_institutions_of_higher_education;public_and_indian_housing_authorities;county_governments;state_governments;nonprofits_non_higher_education_without_501c3;independent_school_districts;city_or_township_governments,"Other Eligible Applicants include the following:
 Alaska Native and Native Hawaiian Serving Institutions; Asian American Native American Pacific Islander Serving Institutions (AANAPISISs); Eligible Agencies of the Federal Government; Faith-based or Community-based Organizations; Hispanic-serving Institutions; Historically Black Colleges and Universities (HBCUs); Indian/Native American Tribal Governments (Other than Federally Recognized); Non-domestic (non-U.S.) Entities (Foreign Organizations); Regional Organizations; Tribally Controlled Colleges and Universities (TCCUs) ; U.S. Territory or Possession.",National Institutes of Health,Department of Health and Human Services,"NIH Grants Information
grantsinfo@nih.gov",grantsinfo@nih.gov,See Section VII. Agency Contacts within the full opportunity announcement for all other inquires.,,,,,,,,,https://simpler.grants.gov/opportunity/f2a0e432-aac6-4caf-bc3a-a78ca52f4751,"The purpose of this FOA is to facilitate well planned clinical trials across the cancer prevention and control spectrum aimed at improving prevention/ interception, cancer-related health behaviors, screening, early detection, healthcare delivery, management of treatment-related symptoms, supportive care, and the long-term outcomes of cancer survivors. Although the scientific literature or preliminary data may provide the rationale for conducting a clinical trial, investigators often lack critical information about the study population, accrual challenges, intervention, outcome/ endpoints, data/statistical challenges or operational risks necessary to finalize the trial protocol completely. These information gaps can result in multiple protocol changes before and after trial start-up, leading to the need for additional time and expenses that may prevent study completion. Further, the suitability and feasibility of new trial designs, which minimize infrastructure and reduce costs may need to be tested in the context of a particular intervention, at-risk group, symptom or venue.  Preparatory studies may fill information gaps and address unknowns, improving trial design and knowledge of trial feasibility and thus saving NCI time and money.","The purpose of this FOA is to facilitate well planned clinical trials across the cancer prevention and control spectrum aimed at improving prevention/ interception, cancer-related health behaviors, screening, early detection, healthcare delivery, management of treatment-related symptoms, supportive care, and the long-term outcomes of cancer survivors. Although the scientific literature or preliminary data may provide the rationale for conducting a clinical trial, investigators often lack critical information about the study population, accrual challenges, intervention, outcome/ endpoints, data/statistical challenges or operational risks necessary to finalize the trial protocol completely. These information gaps can result in multiple protocol changes before and after trial start-up, leading to the need for additional time and expenses that may prevent study completion. Further, the suitability and feasibility of new trial designs, which minimize infrastructure and reduce costs may need to be tested in the context of a particular intervention, at-risk group, symptom or venue.  Preparatory studies may fill information gaps and address unknowns, improving trial design and knowledge of trial feasibility and thus saving NCI time and money.","Cancer Prevention and Control Clinical Trials Planning Grant Program (R34 Clinical Trials Optional)
The purpose of this FOA is to facilitate well planned clinical trials across the cancer prevention and control spectrum aimed at improving prevention/ interception, cancer-related health behaviors, screening, early detection, healthcare delivery, management of treatment-related symptoms, supportive care, and the long-term outcomes of cancer survivors. Although the scientific literature or preliminary data may provide the rationale for conducting a clinical trial, investigators often lack critical information about the study population, accrual challenges, intervention, outcome/ endpoints, data/statistical challenges or operational risks necessary to finalize the trial protocol completely. These information gaps can result in multiple protocol changes before and after trial start-up, leading to the need for additional time and expenses that may prevent study completion. Further, the suitability and feasibility of new trial designs, which minimize infrastructure and reduce costs may need to be tested in the context of a particular intervention, at-risk group, symptom or venue.  Preparatory studies may fill information gaps and address unknowns, improving trial design and knowledge of trial feasibility and thus saving NCI time and money.
Other Eligible Applicants include the following:
 Alaska Native and Native Hawaiian Serving Institutions; Asian American Native American Pacific Islander Serving Institutions (AANAPISISs); Eligible Agencies of the Federal Government; Faith-based or Community-based Organizations; Hispanic-serving Institutions; Historically Black Colleges and Universities (HBCUs); Indian/Native American Tribal Governments (Other than Federally Recognized); Non-domestic (non-U.S.) Entities (Foreign Organizations); Regional Organizations; Tribally Controlled Colleges and Universities (TCCUs) ; U.S. Territory or Possession.",False,2027-10-25,390.0,False,False,False,False,False,True,10.0,False,,False,False,False,False,False,False,False,False,,unknown,,False,True,False,False,False,True,5.0,False,,False,False,True,True,True,True,True,True,False,False,True,15,False,True,,False,False,False,False,1,True,False,True,activity code R34,True,False,False,False,,2026-09-30,2026-08-18,Cancer Prevention and Control Clinical Trials Planning Grant Program (R34 Clinical Trials Optional),open,ok,5.0,G1,G1.O1,The grant aims to plan cancer prevention and control trials that could help reduce cancer-related disparities and improve health access for populations facing greater health challenges.,facilitate well planned clinical trials across the cancer prevention and control spectrum,lead,state_governments,DPH,7.0,DPH already leads chronic disease and cancer prevention and control activities and could manage a trial planning grant with academic or clinical partners.,"The R34 planning grant supports preparatory research rather than a full trial or direct services, so near-term population health impact may be limited.",True,"Fits DPH cancer prevention and control; state agencies are eligible, but it funds trial planning rather than direct services and may need research partners.",[],True,True,lead,deepseek/deepseek-v4-pro,92b0344f579a,True,10.0,0.15,1.0,0.0,0.0,70.0,open
45,112cb2a2-971d-4d2c-ab72-d8c74b02baa1,Forecast to Publish a Funding Opportunity Announcement for EmbraceHealth Clinical Research Network to Reduce Health Disparities – Coordinating Center,forecast,True,False,,112cb2a2-971d-4d2c-ab72-d8c74b02baa1,FOR-MD-25-009,forecasted,HHS-NIH11,discretionary,,2025-06-27,,,,False,,,,,,,93.307|Minority Health and Health Disparities Research,cooperative_agreement,health,,public_and_indian_housing_authorities;private_institutions_of_higher_education;county_governments;other_native_american_tribal_organizations;public_and_state_institutions_of_higher_education;federally_recognized_native_american_tribal_governments;small_businesses;state_governments;nonprofits_non_higher_education_with_501c3;independent_school_districts;for_profit_organizations_other_than_small_businesses,,National Institutes of Health,Department of Health and Human Services,"Larissa Avilés-Santa, MD, MPH
National Institute on Minority Health and Health Disparities (NIMHD)
301-827-6924",avilessantal@nih.gov,avilessantal@nih.gov,2025-11-28,2026-02-02,,2026-07-01,2026-09-01,2026.0,,,https://simpler.grants.gov/opportunity/112cb2a2-971d-4d2c-ab72-d8c74b02baa1,"<p>The National Institute on Minority Health and Health Disparities (NIMHD) intends to publish a Notice of Funding Opportunity (NOFO) to solicit applications&nbsp;for the Coordinating Center for the EmbraceHealth Clinical Research Network. The overarching goals of the EmbraceHealth Network are to establish and maintain an efficient and nimble infrastructure to conduct research to address emerging, urgent, or chronic health needs among populations that experience health disparities. Each site within the Network will conduct research to develop, test, and implement clinical and behavioral interventions and services that address key public health needs and diseases with evidence of health disparities. Interventions will be designed and evaluated using robust scientific methods and must demonstrate feasibility, scalability, and reproducibility. The EmbraceHealth Network will serve the purpose of improving routine healthcare services as well as linking clinical practice and science within lower resourced healthcare settings.</p><p><br></p><p>The Coordinating Center will support the Clinical Research Network sites by:</p><ul><li>Coordinating research activities, including the Steering Committee and workgroups.</li><li>Identifying network personnel and clinicians for study teams.</li><li>Developing operational manuals and standardized protocols for multi-site studies, including consent and IRB processes.</li><li>Assisting CRN sites in implementing projects with technical and quality control support.</li><li>Maintaining a data management system for study data, including guidance from NIMHD.</li><li>Standardizing protocols for common data elements, including biospecimen and electronic health record (EHR) data collection.</li><li>Providing biostatistical support for study design, implementation, and analyses.</li><li>Advising on infrastructure development, including electronic data harmonization and data science expertise.</li><li>Coordinating data-sharing plans among CRN sites.</li><li>Ensuring secure storage and access to study-related materials.</li></ul><p><br></p><p>Applications are not being solicited at this time. Notice is being provided to allow potential applicants sufficient time to develop meaningful collaborations and responsive projects. In addition, collaborative investigations combining expertise in multiple scientific and clinical disciplines will be encouraged.</p><p><br></p><p><strong>Activity Code</strong>:</p><p>This NOFO will utilize the U24 (Research Program Grant Cooperative Agreements) activity code.&nbsp;</p>","The National Institute on Minority Health and Health Disparities (NIMHD) intends to publish a Notice of Funding Opportunity (NOFO) to solicit applications for the Coordinating Center for the EmbraceHealth Clinical Research Network. The overarching goals of the EmbraceHealth Network are to establish and maintain an efficient and nimble infrastructure to conduct research to address emerging, urgent, or chronic health needs among populations that experience health disparities. Each site within the Network will conduct research to develop, test, and implement clinical and behavioral interventions and services that address key public health needs and diseases with evidence of health disparities. Interventions will be designed and evaluated using robust scientific methods and must demonstrate feasibility, scalability, and reproducibility. The EmbraceHealth Network will serve the purpose of improving routine healthcare services as well as linking clinical practice and science within lower resourced healthcare settings.
 

 The Coordinating Center will support the Clinical Research Network sites by:
  Coordinating research activities, including the Steering Committee and workgroups.
 Identifying network personnel and clinicians for study teams.
 Developing operational manuals and standardized protocols for multi-site studies, including consent and IRB processes.
 Assisting CRN sites in implementing projects with technical and quality control support.
 Maintaining a data management system for study data, including guidance from NIMHD.
 Standardizing protocols for common data elements, including biospecimen and electronic health record (EHR) data collection.
 Providing biostatistical support for study design, implementation, and analyses.
 Advising on infrastructure development, including electronic data harmonization and data science expertise.
 Coordinating data-sharing plans among CRN sites.
 Ensuring secure storage and access to study-related materials.
  

 Applications are not being solicited at this time. Notice is being provided to allow potential applicants sufficient time to develop meaningful collaborations and responsive projects. In addition, collaborative investigations combining expertise in multiple scientific and clinical disciplines will be encouraged.
 

  Activity Code :
 This NOFO will utilize the U24 (Research Program Grant Cooperative Agreements) activity code.","Forecast to Publish a Funding Opportunity Announcement for EmbraceHealth Clinical Research Network to Reduce Health Disparities – Coordinating Center
The National Institute on Minority Health and Health Disparities (NIMHD) intends to publish a Notice of Funding Opportunity (NOFO) to solicit applications for the Coordinating Center for the EmbraceHealth Clinical Research Network. The overarching goals of the EmbraceHealth Network are to establish and maintain an efficient and nimble infrastructure to conduct research to address emerging, urgent, or chronic health needs among populations that experience health disparities. Each site within the Network will conduct research to develop, test, and implement clinical and behavioral interventions and services that address key public health needs and diseases with evidence of health disparities. Interventions will be designed and evaluated using robust scientific methods and must demonstrate feasibility, scalability, and reproducibility. The EmbraceHealth Network will serve the purpose of improving routine healthcare services as well as linking clinical practice and science within lower resourced healthcare settings.
 

 The Coordinating Center will support the Clinical Research Network sites by:
  Coordinating research activities, including the Steering Committee and workgroups.
 Identifying network personnel and clinicians for study teams.
 Developing operational manuals and standardized protocols for multi-site studies, including consent and IRB processes.
 Assisting CRN sites in implementing projects with technical and quality control support.
 Maintaining a data management system for study data, including guidance from NIMHD.
 Standardizing protocols for common data elements, including biospecimen and electronic health record (EHR) data collection.
 Providing biostatistical support for study design, implementation, and analyses.
 Advising on infrastructure development, including electronic data harmonization and data science expertise.
 Coordinating data-sharing plans among CRN sites.
 Ensuring secure storage and access to study-related materials.
  

 Applications are not being solicited at this time. Notice is being provided to allow potential applicants sufficient time to develop meaningful collaborations and responsive projects. In addition, collaborative investigations combining expertise in multiple scientific and clinical disciplines will be encouraged.
 

  Activity Code :
 This NOFO will utilize the U24 (Research Program Grant Cooperative Agreements) activity code.
",False,,,False,False,False,False,False,False,,False,-306.0,True,True,False,False,False,False,False,False,,unknown,,False,True,False,False,False,True,5.0,False,,False,False,True,True,True,True,True,True,False,False,False,11,False,False,,False,False,False,False,1,True,False,True,NIH opportunity,True,False,False,True,,2026-09-30,2026-08-18,Forecast to Publish a Funding Opportunity Announcement for EmbraceHealth Clinical Research Network to Reduce Health Disparities – Coordinating Center,forecast,ok,8.0,G1,G1.O1,"The grant funds a coordinating center to build research infrastructure for multi-site clinical and behavioral interventions to reduce health disparities, directly supporting NCDHHS's objective to build structure for reducing health disparities.","The overarching goals of the EmbraceHealth Network are to establish and maintain an efficient and nimble infrastructure to conduct research to address emerging, urgent, or chronic health needs among populations that experience health disparities.",lead,state_governments,DPH,5.0,"DPH has relevant epidemiology, chronic disease, and health disparities work, but leading a national NIH clinical research coordinating center would be a significant expansion beyond its usual public health operations.","This is only a forecast, not an active solicitation, and it requires operating a national multi-site clinical research coordinating center, which is outside NCDHHS's typical service-delivery role.",True,"Forecast NIH coordinating center for health disparities clinical research; aligns with G1.O1 and DPH, but requires national research infrastructure beyond typical DHHS operations.",[],True,True,lead,deepseek/deepseek-v4-pro,92b0344f579a,True,10.0,0.0,0.85,0.0,0.0,69.41,forecast_watchlist
46,72610d49-3969-4f3f-8018-48f186c2c4dc,Secondary Analysis and Integration of Existing Data to Elucidate Cancer Risk and Related Outcomes (R01 Clinical Trial Not Allowed),open,False,False,,72610d49-3969-4f3f-8018-48f186c2c4dc,PAR-25-095,posted,HHS-NIH11,discretionary,,2024-11-18,2026-11-06,,2026-12-06,False,,350000.0,,350000.0,http://grants.nih.gov/grants/guide/pa-files/PAR-25-095.html,https://grants.nih.gov/grants/guide/pa-files/PAR-25-095.html,93.393|Cancer Cause and Prevention Research;93.121|Oral Diseases and Disorders Research;93.866|Aging Research;93.172|Human Genome Research,grant,education;health,,state_governments;city_or_township_governments;nonprofits_non_higher_education_without_501c3;other;public_and_indian_housing_authorities;other_native_american_tribal_organizations;nonprofits_non_higher_education_with_501c3;small_businesses;federally_recognized_native_american_tribal_governments;public_and_state_institutions_of_higher_education;independent_school_districts;county_governments;special_district_governments;private_institutions_of_higher_education;for_profit_organizations_other_than_small_businesses,Other Eligible Applicants include the following: Alaska Native and Native Hawaiian Serving Institutions; Asian American Native American Pacific Islander Serving Institutions (AANAPISISs); Eligible Agencies of the Federal Government; Faith-based or Community-based Organizations; Hispanic-serving Institutions; Historically Black Colleges and Universities (HBCUs); Indian/Native American Tribal Governments (Other than Federally Recognized); Non-domestic (non-U.S.) Entities (Foreign Organizations); Regional Organizations; Tribally Controlled Colleges and Universities (TCCUs) ; U.S. Territory or Possession.,National Institutes of Health,Department of Health and Human Services,"NIH Grants Information
grantsinfo@nih.gov",grantsinfo@nih.gov,See Section VII. Agency Contacts within the full opportunity announcement for all other inquires.,,,,,,,,,https://simpler.grants.gov/opportunity/72610d49-3969-4f3f-8018-48f186c2c4dc,"<p>Through this Notice of Funding Opportunity (NOFO), the National Cancer Institute (NCI) along with other participating Institutes encourages submission of applications proposing to conduct secondary data analysis and integration of existing datasets and database resources, with the ultimate aim to elucidate cancer risk and related outcomes (e.g., risk prediction or reduction, survival, or response to treatment, etc.). The goal of this initiative is to address key scientific questions relevant to cancer by supporting the analysis of existing clinical, environmental, surveillance, health services, vital statistics, behavioral, lifestyle, genomic, and molecular profiles data. Applicants are encouraged to leverage and perform innovative analyses of the existing data. Applications may include new research aims that are being addressed with existing data, new or advanced methods of analyses, or novel combinations and integration of datasets that allow the exploration of important scientific questions in cancer research.</p>","Through this Notice of Funding Opportunity (NOFO), the National Cancer Institute (NCI) along with other participating Institutes encourages submission of applications proposing to conduct secondary data analysis and integration of existing datasets and database resources, with the ultimate aim to elucidate cancer risk and related outcomes (e.g., risk prediction or reduction, survival, or response to treatment, etc.). The goal of this initiative is to address key scientific questions relevant to cancer by supporting the analysis of existing clinical, environmental, surveillance, health services, vital statistics, behavioral, lifestyle, genomic, and molecular profiles data. Applicants are encouraged to leverage and perform innovative analyses of the existing data. Applications may include new research aims that are being addressed with existing data, new or advanced methods of analyses, or novel combinations and integration of datasets that allow the exploration of important scientific questions in cancer research.","Secondary Analysis and Integration of Existing Data to Elucidate Cancer Risk and Related Outcomes (R01 Clinical Trial Not Allowed)
Through this Notice of Funding Opportunity (NOFO), the National Cancer Institute (NCI) along with other participating Institutes encourages submission of applications proposing to conduct secondary data analysis and integration of existing datasets and database resources, with the ultimate aim to elucidate cancer risk and related outcomes (e.g., risk prediction or reduction, survival, or response to treatment, etc.). The goal of this initiative is to address key scientific questions relevant to cancer by supporting the analysis of existing clinical, environmental, surveillance, health services, vital statistics, behavioral, lifestyle, genomic, and molecular profiles data. Applicants are encouraged to leverage and perform innovative analyses of the existing data. Applications may include new research aims that are being addressed with existing data, new or advanced methods of analyses, or novel combinations and integration of datasets that allow the exploration of important scientific questions in cancer research.
Other Eligible Applicants include the following: Alaska Native and Native Hawaiian Serving Institutions; Asian American Native American Pacific Islander Serving Institutions (AANAPISISs); Eligible Agencies of the Federal Government; Faith-based or Community-based Organizations; Hispanic-serving Institutions; Historically Black Colleges and Universities (HBCUs); Indian/Native American Tribal Governments (Other than Federally Recognized); Non-domestic (non-U.S.) Entities (Foreign Organizations); Regional Organizations; Tribally Controlled Colleges and Universities (TCCUs) ; U.S. Territory or Possession.",False,2026-11-06,37.0,False,False,False,False,False,True,7.7,False,,False,False,False,False,False,False,False,False,,award_ceiling,350000.0,True,False,False,False,False,False,2.72,False,,False,False,True,True,True,True,True,True,False,False,True,15,False,True,,False,False,False,False,4,True,False,True,activity code R01,True,False,False,False,,2026-09-30,2026-08-18,Secondary Analysis and Integration of Existing Data to Elucidate Cancer Risk and Related Outcomes (R01 Clinical Trial Not Allowed),open,ok,7.0,G1,G1.O2,"This grant funds secondary analysis and integration of existing datasets to elucidate cancer risk and related outcomes, which directly supports G1.O2's emphasis on using data and metrics to track health disparities and outcomes.",Secondary Analysis and Integration of Existing Data to Elucidate Cancer Risk and Related Outcomes (R01 Clinical Trial Not Allowed),lead,state_governments,DPH,7.0,"DPH houses cancer surveillance/epidemiology, chronic disease prevention, and vital statistics units that already use population health data, making secondary analysis a realistic extension of existing work.","It is a highly competitive NIH R01 research grant requiring advanced biostatistical and epidemiological capacity, which may be beyond current in-house resources without academic partners.",True,Fits G1.O2 and DPH cancer surveillance/epidemiology; NIH research grant offers analytics rather than direct services and may need academic partners.,[],True,True,lead,deepseek/deepseek-v4-pro,92b0344f579a,True,10.0,0.15,1.0,0.0,0.0,69.13,open
47,078c6a60-731b-4c4f-bd44-d6ed7c5293c1,Accelerating the Pace of Substance Use Research Using Existing Data (R01 Clinical Trial Not Allowed),open,False,False,,078c6a60-731b-4c4f-bd44-d6ed7c5293c1,RFA-DA-26-055,posted,HHS-NIH11,discretionary,,2024-12-05,2027-12-03,,2028-01-08,False,,,,,http://grants.nih.gov/grants/guide/rfa-files/RFA-DA-26-055.html,https://grants.nih.gov/grants/guide/rfa-files/RFA-DA-26-055.html,93.273|Alcohol Research Programs;93.279|Drug Use and Addiction Research Programs,grant,health;education,,private_institutions_of_higher_education;other_native_american_tribal_organizations;federally_recognized_native_american_tribal_governments;public_and_state_institutions_of_higher_education;independent_school_districts;state_governments;county_governments;public_and_indian_housing_authorities;city_or_township_governments;special_district_governments;other;nonprofits_non_higher_education_without_501c3;for_profit_organizations_other_than_small_businesses;nonprofits_non_higher_education_with_501c3;small_businesses,"Other Eligible Applicants include the following:
 Alaska Native and Native Hawaiian Serving Institutions; Asian American Native American Pacific Islander Serving Institutions (AANAPISISs); Eligible Agencies of the Federal Government; Faith-based or Community-based Organizations; Hispanic-serving Institutions; Historically Black Colleges and Universities (HBCUs); Indian/Native American Tribal Governments (Other than Federally Recognized); Non-domestic (non-U.S.) Entities (Foreign Organizations); Regional Organizations; Tribally Controlled Colleges and Universities (TCCUs) ; U.S. Territory or Possession.",National Institutes of Health,Department of Health and Human Services,"NIH Grants Information
grantsinfo@nih.gov",grantsinfo@nih.gov,See Section VII. Agency Contacts within the full opportunity announcement for all other inquires.,,,,,,,,,https://simpler.grants.gov/opportunity/078c6a60-731b-4c4f-bd44-d6ed7c5293c1,"The purpose of this Notice of Opportunity Announcement (NOFO) is to invite applications proposing the innovative analysis of existing social science, behavioral, administrative, and neuroimaging data to study the etiology and epidemiology of drug using behaviors (defined as alcohol, tobacco, prescription and other drug) and related disorders, prevention of drug use and HIV, and health service utilization. This FOA encourages the analyses of public use and other extant community-based or clinical datasets to their full potential in order to increase our knowledge of etiology, trajectories of drug using behaviors and their consequences including morbidity and mortality, risk and resilience in the development of psychopathology, strategies to guide the development, testing, implementation, and delivery of high quality, effective and efficient services for the prevention and treatment of drug abuse and HIV.","The purpose of this Notice of Opportunity Announcement (NOFO) is to invite applications proposing the innovative analysis of existing social science, behavioral, administrative, and neuroimaging data to study the etiology and epidemiology of drug using behaviors (defined as alcohol, tobacco, prescription and other drug) and related disorders, prevention of drug use and HIV, and health service utilization. This FOA encourages the analyses of public use and other extant community-based or clinical datasets to their full potential in order to increase our knowledge of etiology, trajectories of drug using behaviors and their consequences including morbidity and mortality, risk and resilience in the development of psychopathology, strategies to guide the development, testing, implementation, and delivery of high quality, effective and efficient services for the prevention and treatment of drug abuse and HIV.","Accelerating the Pace of Substance Use Research Using Existing Data (R01 Clinical Trial Not Allowed)
The purpose of this Notice of Opportunity Announcement (NOFO) is to invite applications proposing the innovative analysis of existing social science, behavioral, administrative, and neuroimaging data to study the etiology and epidemiology of drug using behaviors (defined as alcohol, tobacco, prescription and other drug) and related disorders, prevention of drug use and HIV, and health service utilization. This FOA encourages the analyses of public use and other extant community-based or clinical datasets to their full potential in order to increase our knowledge of etiology, trajectories of drug using behaviors and their consequences including morbidity and mortality, risk and resilience in the development of psychopathology, strategies to guide the development, testing, implementation, and delivery of high quality, effective and efficient services for the prevention and treatment of drug abuse and HIV.
Other Eligible Applicants include the following:
 Alaska Native and Native Hawaiian Serving Institutions; Asian American Native American Pacific Islander Serving Institutions (AANAPISISs); Eligible Agencies of the Federal Government; Faith-based or Community-based Organizations; Hispanic-serving Institutions; Historically Black Colleges and Universities (HBCUs); Indian/Native American Tribal Governments (Other than Federally Recognized); Non-domestic (non-U.S.) Entities (Foreign Organizations); Regional Organizations; Tribally Controlled Colleges and Universities (TCCUs) ; U.S. Territory or Possession.",False,2027-12-03,429.0,False,False,False,False,False,True,10.0,False,,False,False,False,False,False,False,False,False,,unknown,,False,True,False,False,False,True,5.0,False,,False,False,True,True,True,True,True,True,False,False,True,15,False,True,,False,False,False,False,2,True,False,True,activity code R01,True,False,False,False,,2026-09-30,2026-08-18,Accelerating the Pace of Substance Use Research Using Existing Data (R01 Clinical Trial Not Allowed),open,ok,7.0,G3,G3.O4,"The grant funds analysis of existing data on drug-using behaviors, prevention, and service utilization, which can build evidence for substance use treatment and prevention strategies.","study the etiology and epidemiology of drug using behaviors (defined as alcohol, tobacco, prescription and other drug) and related disorders, prevention of drug use and HIV, and health service utilization",atypical,state_governments,DMHDDSUS,4.0,"DMHDDSUS oversees substance use services but does not primarily conduct NIH-funded neuroimaging or social science data analysis, so it would need research partners to execute the project.","NIH R01s are highly competitive investigator-initiated research awards and NCDHHS lacks a strong research infrastructure, so the application may not be competitive.",False,Substance use data research aligns with G3.O4 but NIH R01 competitiveness and NCDHHS's limited research role make this a poor fit.,[],True,True,atypical,deepseek/deepseek-v4-pro,92b0344f579a,True,10.0,0.15,1.0,0.0,0.0,68.5,open
48,04cf4e58-5a89-47a9-b4c7-a1388edac495,Dissemination and Implementation Research in Health (R03 Clinical Trial Not Allowed),open,False,False,,04cf4e58-5a89-47a9-b4c7-a1388edac495,PAR-25-233,posted,HHS-NIH11,discretionary,,2024-10-30,2028-01-07,,2028-02-12,False,,,,,http://grants.nih.gov/grants/guide/pa-files/PAR-25-233.html,https://grants.nih.gov/grants/guide/pa-files/PAR-25-233.html,93.273|Alcohol Research Programs;93.310|Trans-NIH Research Support;93.853|Extramural Research Programs in the Neurosciences and Neurological Disorders;93.113|Environmental Health;93.865|Child Health and Human Development Extramural Research;93.172|Human Genome Research;93.121|Oral Diseases and Disorders Research;93.279|Drug Abuse and Addiction Research Programs;93.242|Mental Health Research Grants;93.866|Aging Research;93.399|Cancer Control;93.989|International Research and Research Training,grant,income_security_and_social_services;environment;health;education,,other_native_american_tribal_organizations;public_and_state_institutions_of_higher_education;city_or_township_governments;special_district_governments;public_and_indian_housing_authorities;state_governments;nonprofits_non_higher_education_with_501c3;nonprofits_non_higher_education_without_501c3;for_profit_organizations_other_than_small_businesses;independent_school_districts;county_governments;other;private_institutions_of_higher_education;federally_recognized_native_american_tribal_governments;small_businesses,Other Eligible Applicants include the following: Alaska Native and Native Hawaiian Serving Institutions; Asian American Native American Pacific Islander Serving Institutions (AANAPISISs); Eligible Agencies of the Federal Government; Faith-based or Community-based Organizations; Hispanic-serving Institutions; Historically Black Colleges and Universities (HBCUs); Indian/Native American Tribal Governments (Other than Federally Recognized); Non-domestic (non-U.S.) Entities (Foreign Organizations); Regional Organizations; Tribally Controlled Colleges and Universities (TCCUs) ; U.S. Territory or Possession.,National Institutes of Health,Department of Health and Human Services,"NIH Grants Information
grantsinfo@nih.gov",grantsinfo@nih.gov,See Section VII. Agency Contacts within the full opportunity announcement for all other inquires.,,,,,,,,,https://simpler.grants.gov/opportunity/04cf4e58-5a89-47a9-b4c7-a1388edac495,"<p>The purpose of this Funding Opportunity Announcement (FOA) is to support studies that will identify, develop, and/or test strategies for overcoming barriers to the adoption, adaptation, integration, scale-up, and sustainability of evidence-based interventions, practices, programs, tools, treatments, guidelines, and policies. Conversely, there is a benefit in understanding circumstances that create a need to stop or reduce (de-implement) the use of practices that are ineffective, unproven, low-value, or harmful. In addition, studies to advance dissemination and implementation research methods and measures are encouraged. All applications must be within the scope of the mission of one of the Institutes/Centers listed above.</p>","The purpose of this Funding Opportunity Announcement (FOA) is to support studies that will identify, develop, and/or test strategies for overcoming barriers to the adoption, adaptation, integration, scale-up, and sustainability of evidence-based interventions, practices, programs, tools, treatments, guidelines, and policies. Conversely, there is a benefit in understanding circumstances that create a need to stop or reduce (de-implement) the use of practices that are ineffective, unproven, low-value, or harmful. In addition, studies to advance dissemination and implementation research methods and measures are encouraged. All applications must be within the scope of the mission of one of the Institutes/Centers listed above.","Dissemination and Implementation Research in Health (R03 Clinical Trial Not Allowed)
The purpose of this Funding Opportunity Announcement (FOA) is to support studies that will identify, develop, and/or test strategies for overcoming barriers to the adoption, adaptation, integration, scale-up, and sustainability of evidence-based interventions, practices, programs, tools, treatments, guidelines, and policies. Conversely, there is a benefit in understanding circumstances that create a need to stop or reduce (de-implement) the use of practices that are ineffective, unproven, low-value, or harmful. In addition, studies to advance dissemination and implementation research methods and measures are encouraged. All applications must be within the scope of the mission of one of the Institutes/Centers listed above.
Other Eligible Applicants include the following: Alaska Native and Native Hawaiian Serving Institutions; Asian American Native American Pacific Islander Serving Institutions (AANAPISISs); Eligible Agencies of the Federal Government; Faith-based or Community-based Organizations; Hispanic-serving Institutions; Historically Black Colleges and Universities (HBCUs); Indian/Native American Tribal Governments (Other than Federally Recognized); Non-domestic (non-U.S.) Entities (Foreign Organizations); Regional Organizations; Tribally Controlled Colleges and Universities (TCCUs) ; U.S. Territory or Possession.",False,2028-01-07,464.0,False,False,False,False,False,True,10.0,False,,False,False,False,False,False,False,False,False,,unknown,,False,True,False,False,False,True,5.0,False,,False,False,True,True,True,True,True,True,False,False,True,15,False,True,,False,False,False,False,12,True,False,True,activity code R03,True,False,False,False,,2026-09-30,2026-08-18,Dissemination and Implementation Research in Health (R03 Clinical Trial Not Allowed),open,ok,6.0,G5,G5.O1,"The FOA funds research on identifying and testing strategies to get evidence-based health practices adopted and sustained, which aligns with NCDHHS's objective of fostering data- and evidence-driven decision-making.","support studies that will identify, develop, and/or test strategies for overcoming barriers to the adoption, adaptation, integration, scale-up, and sustainability of evidence-based interventions, practices, programs, tools, treatments, guidelines, and policies.",lead,state_governments,DPH,5.0,"DPH has public health research and epidemiology capacity and could lead an implementation science study, though this small NIH R03 investigator-initiated research grant is not a direct service program.","The FOA funds investigator-initiated research rather than direct health services, so NCDHHS would compete with academic institutions that have stronger implementation science research infrastructure.",False,"Small NIH research grant on implementing evidence-based practices; eligible and aligned with G5.O1, but research-focused with limited direct program value for NCDHHS.",[],True,True,lead,deepseek/deepseek-v4-pro,92b0344f579a,True,10.0,0.15,1.0,0.0,0.0,68.0,open
49,830a45d7-9fd9-4000-bef1-4ec4e813664b,Cancer Prevention and Control Clinical Trials Planning Grant Program (U34 Clinical Trials Optional),open,False,False,,830a45d7-9fd9-4000-bef1-4ec4e813664b,PAR-25-103,posted,HHS-NIH11,discretionary,,2024-11-05,2027-10-25,,2027-11-30,False,,,,,http://grants.nih.gov/grants/guide/pa-files/PAR-25-103.html,https://grants.nih.gov/grants/guide/pa-files/PAR-25-103.html,93.399|Cancer Control,cooperative_agreement,education;health,,small_businesses;independent_school_districts;state_governments;for_profit_organizations_other_than_small_businesses;city_or_township_governments;federally_recognized_native_american_tribal_governments;nonprofits_non_higher_education_without_501c3;nonprofits_non_higher_education_with_501c3;private_institutions_of_higher_education;special_district_governments;public_and_indian_housing_authorities;other;county_governments;public_and_state_institutions_of_higher_education;other_native_american_tribal_organizations,"Other Eligible Applicants include the following:
 Alaska Native and Native Hawaiian Serving Institutions; Asian American Native American Pacific Islander Serving Institutions (AANAPISISs); Eligible Agencies of the Federal Government; Faith-based or Community-based Organizations; Hispanic-serving Institutions; Historically Black Colleges and Universities (HBCUs); Indian/Native American Tribal Governments (Other than Federally Recognized); Non-domestic (non-U.S.) Entities (Foreign Organizations); Regional Organizations; Tribally Controlled Colleges and Universities (TCCUs) ; U.S. Territory or Possession.",National Institutes of Health,Department of Health and Human Services,"NIH Grants Information
grantsinfo@nih.gov",grantsinfo@nih.gov,See Section VII. Agency Contacts within the full opportunity announcement for all other inquires.,,,,,,,,,https://simpler.grants.gov/opportunity/830a45d7-9fd9-4000-bef1-4ec4e813664b,"The purpose of this NOFO is to facilitate well planned clinical trials across the cancer prevention and control spectrum aimed at improving prevention/ interception, cancer-related health behaviors, screening, early detection, healthcare delivery, management of treatment-related symptoms, supportive care, and the long-term outcomes of cancer survivors. Although the scientific literature or preliminary data may provide the rationale for conducting a clinical trial, investigators often lack critical information about the study population, accrual challenges, intervention, outcome/ endpoints, data/statistical challenges or operational risks necessary to finalize the trial protocol completely. These information gaps can result in multiple protocol changes before and after trial start-up, leading to the need for additional time and expenses that may prevent study completion. Further, the suitability and feasibility of new trial designs, which minimize infrastructure and reduce costs may need to be tested in the context of a particular intervention, at-risk group, symptom or venue.  Preparatory studies may fill information gaps and address unknowns, improving trial design and knowledge of trial feasibility and thus saving NCI time and money.","The purpose of this NOFO is to facilitate well planned clinical trials across the cancer prevention and control spectrum aimed at improving prevention/ interception, cancer-related health behaviors, screening, early detection, healthcare delivery, management of treatment-related symptoms, supportive care, and the long-term outcomes of cancer survivors. Although the scientific literature or preliminary data may provide the rationale for conducting a clinical trial, investigators often lack critical information about the study population, accrual challenges, intervention, outcome/ endpoints, data/statistical challenges or operational risks necessary to finalize the trial protocol completely. These information gaps can result in multiple protocol changes before and after trial start-up, leading to the need for additional time and expenses that may prevent study completion. Further, the suitability and feasibility of new trial designs, which minimize infrastructure and reduce costs may need to be tested in the context of a particular intervention, at-risk group, symptom or venue.  Preparatory studies may fill information gaps and address unknowns, improving trial design and knowledge of trial feasibility and thus saving NCI time and money.","Cancer Prevention and Control Clinical Trials Planning Grant Program (U34 Clinical Trials Optional)
The purpose of this NOFO is to facilitate well planned clinical trials across the cancer prevention and control spectrum aimed at improving prevention/ interception, cancer-related health behaviors, screening, early detection, healthcare delivery, management of treatment-related symptoms, supportive care, and the long-term outcomes of cancer survivors. Although the scientific literature or preliminary data may provide the rationale for conducting a clinical trial, investigators often lack critical information about the study population, accrual challenges, intervention, outcome/ endpoints, data/statistical challenges or operational risks necessary to finalize the trial protocol completely. These information gaps can result in multiple protocol changes before and after trial start-up, leading to the need for additional time and expenses that may prevent study completion. Further, the suitability and feasibility of new trial designs, which minimize infrastructure and reduce costs may need to be tested in the context of a particular intervention, at-risk group, symptom or venue.  Preparatory studies may fill information gaps and address unknowns, improving trial design and knowledge of trial feasibility and thus saving NCI time and money.
Other Eligible Applicants include the following:
 Alaska Native and Native Hawaiian Serving Institutions; Asian American Native American Pacific Islander Serving Institutions (AANAPISISs); Eligible Agencies of the Federal Government; Faith-based or Community-based Organizations; Hispanic-serving Institutions; Historically Black Colleges and Universities (HBCUs); Indian/Native American Tribal Governments (Other than Federally Recognized); Non-domestic (non-U.S.) Entities (Foreign Organizations); Regional Organizations; Tribally Controlled Colleges and Universities (TCCUs) ; U.S. Territory or Possession.",False,2027-10-25,390.0,False,False,False,False,False,True,10.0,False,,False,False,False,False,False,False,False,False,,unknown,,False,True,False,False,False,True,5.0,False,,False,False,True,True,True,True,True,True,False,False,True,15,False,True,,False,False,False,False,1,True,False,True,NIH opportunity,True,False,False,False,,2026-09-30,2026-08-18,Cancer Prevention and Control Clinical Trials Planning Grant Program (U34 Clinical Trials Optional),open,ok,6.0,G1,G1.O3,"The grant funds planning for cancer prevention and control clinical trials, including screening and early detection, which connects to reducing health access barriers and disparities.","The purpose of this NOFO is to facilitate well planned clinical trials across the cancer prevention and control spectrum aimed at improving prevention/ interception, cancer-related health behaviors, screening, early detection, healthcare delivery, management of treatment-related symptoms, supportive care, and the long-term outcomes of cancer survivors.",lead,state_governments,DPH,5.0,"DPH runs cancer prevention and screening programs, but planning clinical trials would likely require academic or clinical research partners beyond its usual public health operations.","This is a research planning grant for future clinical trials, not direct service delivery, so NCDHHS would need clinical research capacity or strong academic partners to use it well.",True,"Eligible and relevant to DPH cancer prevention and screening, but it is a research planning grant requiring academic partners; route to DPH for feasibility assessment.",[],True,True,lead,deepseek/deepseek-v4-pro,92b0344f579a,True,10.0,0.15,1.0,0.0,0.0,68.0,open
50,b8708107-b111-4a75-a6b2-7189a2e15538,Pilot Hybrid Effectiveness-Implementation Trials for Mental Health Interventions (R01  Clinical Trial Required),open,False,False,,b8708107-b111-4a75-a6b2-7189a2e15538,PAR-25-178,posted,HHS-NIH11,discretionary,,2024-11-26,2027-10-15,,2027-11-20,False,,,,,http://grants.nih.gov/grants/guide/pa-files/PAR-25-178.html,https://grants.nih.gov/grants/guide/pa-files/PAR-25-178.html,93.242|Mental Health Research Grants,grant,health,,county_governments;city_or_township_governments;special_district_governments;other;private_institutions_of_higher_education;independent_school_districts;public_and_state_institutions_of_higher_education;federally_recognized_native_american_tribal_governments;for_profit_organizations_other_than_small_businesses;state_governments;nonprofits_non_higher_education_without_501c3;other_native_american_tribal_organizations;nonprofits_non_higher_education_with_501c3;small_businesses;public_and_indian_housing_authorities,"Other Eligible Applicants include the following:
 Alaska Native and Native Hawaiian Serving Institutions; Asian American Native American Pacific Islander Serving Institutions (AANAPISISs); Eligible Agencies of the Federal Government; Faith-based or Community-based Organizations; Hispanic-serving Institutions; Historically Black Colleges and Universities (HBCUs); Indian/Native American Tribal Governments (Other than Federally Recognized); Non-domestic (non-U.S.) Entities (Foreign Organizations); Regional Organizations; Tribally Controlled Colleges and Universities (TCCUs) ; U.S. Territory or Possession.",National Institutes of Health,Department of Health and Human Services,"NIH Grants Information
grantsinfo@nih.gov",grantsinfo@nih.gov,See Section VII. Agency Contacts within the full opportunity announcement for all other inquires.,,,,,,,,,https://simpler.grants.gov/opportunity/b8708107-b111-4a75-a6b2-7189a2e15538,"Pilot Effectiveness Trials for Treatment, Preventive and Services Interventions (R01 Clinical Trial Required). As part of NIMH's clinical trials pipeline NOFOs, this announcement encourages pilot effectiveness studies focused on 1) optimizing the effectiveness of preventive and therapeutic interventions with previously demonstrated efficacy, for use with broader target populations or for use in community practice settings, and 2) developing and preliminary testing innovative services interventions. Consistent with the NIMH experimental therapeutics approach, this NOFO is intended to support pilot studies of intervention effectiveness or service delivery approaches that explicitly address whether the intervention engages the target(s)/mechanism(s) presumed to underlie the intervention effects (i.e., the mechanism(s) that accounts for changes in clinical/functional outcomes, changes in provider behavior, improved access or continuity of services, etc.).","Pilot Effectiveness Trials for Treatment, Preventive and Services Interventions (R01 Clinical Trial Required). As part of NIMH's clinical trials pipeline NOFOs, this announcement encourages pilot effectiveness studies focused on 1) optimizing the effectiveness of preventive and therapeutic interventions with previously demonstrated efficacy, for use with broader target populations or for use in community practice settings, and 2) developing and preliminary testing innovative services interventions. Consistent with the NIMH experimental therapeutics approach, this NOFO is intended to support pilot studies of intervention effectiveness or service delivery approaches that explicitly address whether the intervention engages the target(s)/mechanism(s) presumed to underlie the intervention effects (i.e., the mechanism(s) that accounts for changes in clinical/functional outcomes, changes in provider behavior, improved access or continuity of services, etc.).","Pilot Hybrid Effectiveness-Implementation Trials for Mental Health Interventions (R01  Clinical Trial Required)
Pilot Effectiveness Trials for Treatment, Preventive and Services Interventions (R01 Clinical Trial Required). As part of NIMH's clinical trials pipeline NOFOs, this announcement encourages pilot effectiveness studies focused on 1) optimizing the effectiveness of preventive and therapeutic interventions with previously demonstrated efficacy, for use with broader target populations or for use in community practice settings, and 2) developing and preliminary testing innovative services interventions. Consistent with the NIMH experimental therapeutics approach, this NOFO is intended to support pilot studies of intervention effectiveness or service delivery approaches that explicitly address whether the intervention engages the target(s)/mechanism(s) presumed to underlie the intervention effects (i.e., the mechanism(s) that accounts for changes in clinical/functional outcomes, changes in provider behavior, improved access or continuity of services, etc.).
Other Eligible Applicants include the following:
 Alaska Native and Native Hawaiian Serving Institutions; Asian American Native American Pacific Islander Serving Institutions (AANAPISISs); Eligible Agencies of the Federal Government; Faith-based or Community-based Organizations; Hispanic-serving Institutions; Historically Black Colleges and Universities (HBCUs); Indian/Native American Tribal Governments (Other than Federally Recognized); Non-domestic (non-U.S.) Entities (Foreign Organizations); Regional Organizations; Tribally Controlled Colleges and Universities (TCCUs) ; U.S. Territory or Possession.",False,2027-10-15,380.0,False,False,False,False,False,True,10.0,False,,False,False,False,False,False,False,False,False,,unknown,,False,True,False,False,False,True,5.0,False,,False,False,True,True,True,True,True,True,False,False,True,15,False,True,,False,False,False,False,1,True,False,True,activity code R01,True,False,False,False,,2026-09-30,2026-08-18,Pilot Hybrid Effectiveness-Implementation Trials for Mental Health Interventions (R01  Clinical Trial Required),open,ok,6.0,G3,none,"This grant funds pilot effectiveness studies of mental health interventions and service delivery approaches, generating evidence that could strengthen community-based behavioral health services under NCDHHS's behavioral health and resilience goal.","this announcement encourages pilot effectiveness studies focused on 1) optimizing the effectiveness of preventive and therapeutic interventions with previously demonstrated efficacy, for use with broader target populations or for use in community practice settings, and 2) developing and preliminary testing innovative services interventions.",lead,state_governments,DMHDDSUS,5.0,DMHDDSUS has the behavioral health service system and data access but would likely need university or research organization partners to run an R01 clinical trial.,"The grant is an NIH research award requiring clinical trial infrastructure and research partnerships that NCDHHS divisions may not currently have, making a competitive application resource-intensive.",True,NIH mental health effectiveness research aligns with behavioral health goals but requires clinical trial infrastructure and research partners; DMHDDSUS should assess with university partner.,"[""Clinical Trial Required (R01) adds clinical trial oversight, registration, and safety reporting burdens"", ""NIMH experimental therapeutics approach requires measuring whether the intervention engages the target(s)/mechanism(s) presumed to underlie effects""]",True,True,lead,deepseek/deepseek-v4-pro,92b0344f579a,True,10.0,0.15,1.0,0.0,0.0,68.0,open
51,e101a9db-4cd3-4a31-936d-be3ebd1bfd5d,NIH Support for Conferences and Scientific Meetings (Parent R13 Clinical Trial Not Allowed),open,False,False,,e101a9db-4cd3-4a31-936d-be3ebd1bfd5d,PA-25-080,posted,HHS-NIH11,discretionary,,2024-10-01,2027-09-07,,2027-10-13,False,,,,,http://grants.nih.gov/grants/guide/pa-files/PA-25-080.html,https://grants.nih.gov/grants/guide/pa-files/PA-25-080.html,"93.310|Trans-NIH Research Support;93.213|Research and Training in Complementary and Integrative Health;93.879|Medical Library Assistance;93.172|Human Genome Research;93.859|Biomedical Research and Research Training;93.350|National Center for Advancing Translational Sciences;93.393|Cancer Cause and Prevention Research;93.121|Oral Diseases and Disorders Research;93.273|Alcohol Research Programs;93.395|Cancer Treatment Research;93.396|Cancer Biology Research;93.394|Cancer Detection and Diagnosis Research;93.399|Cancer Control;93.242|Mental Health Research Grants;93.286|Discovery and Applied Research for Technological Innovations to Improve Human Health;93.866|Aging Research;93.361|Nursing Research;93.279|Drug Abuse and Addiction Research Programs;93.113|Environmental Health;93.855|Allergy and Infectious Diseases Research;93.867|Vision Research;93.846|Arthritis, Musculoskeletal and Skin Diseases Research;93.853|Extramural Research Programs in the Neurosciences and Neurological Disorders;93.839|Blood Diseases and Resources Research;93.837|Cardiovascular Diseases Research;93.838|Lung Diseases Research;93.840|Translation and Implementation Science Research for Heart, Lung, Blood Diseases, and Sleep Disorders;93.233|National Center on Sleep Disorders Research",grant,education;health,,special_district_governments;independent_school_districts;small_businesses;state_governments;city_or_township_governments;public_and_state_institutions_of_higher_education;private_institutions_of_higher_education;public_and_indian_housing_authorities;county_governments;nonprofits_non_higher_education_without_501c3;for_profit_organizations_other_than_small_businesses;federally_recognized_native_american_tribal_governments;nonprofits_non_higher_education_with_501c3;other;other_native_american_tribal_organizations,"Other Eligible Applicants include the following: Alaska Native and Native Hawaiian Serving Institutions; Asian American Native American Pacific Islander Serving Institutions (AANAPISISs); Eligible Agencies of the Federal Government; Faith-based or Community-based Organizations; Hispanic-serving Institutions; Historically Black Colleges and Universities (HBCUs); Indian/Native American Tribal Governments (Other than Federally Recognized); Non-domestic (non-U.S.) Entities (Foreign Organizations); Regional Organizations; Tribally Controlled Colleges and Universities (TCCUs) ; U.S. Territory or Possession; Non-domestic (non-U.S.) Entities (Foreign Organizations) are not eligible to apply.Non-domestic (non-U.S.) components of U.S. Organizations are not eligible to apply.Foreign components, as defined in the NIH Grants Policy Statement, are allowed.",National Institutes of Health,Department of Health and Human Services,"NIH Grants Information
grantsinfo@nih.gov",grantsinfo@nih.gov,See Section VII. Agency Contacts within the full opportunity announcement for all other inquires.,,,,,,,,,https://simpler.grants.gov/opportunity/e101a9db-4cd3-4a31-936d-be3ebd1bfd5d,The purpose of the NIH Research Conference Grant (R13) is to support high quality conferences that are relevant to the public health and to the scientific mission of the participating Institutes and Centers.,The purpose of the NIH Research Conference Grant (R13) is to support high quality conferences that are relevant to the public health and to the scientific mission of the participating Institutes and Centers.,"NIH Support for Conferences and Scientific Meetings (Parent R13 Clinical Trial Not Allowed)
The purpose of the NIH Research Conference Grant (R13) is to support high quality conferences that are relevant to the public health and to the scientific mission of the participating Institutes and Centers.
Other Eligible Applicants include the following: Alaska Native and Native Hawaiian Serving Institutions; Asian American Native American Pacific Islander Serving Institutions (AANAPISISs); Eligible Agencies of the Federal Government; Faith-based or Community-based Organizations; Hispanic-serving Institutions; Historically Black Colleges and Universities (HBCUs); Indian/Native American Tribal Governments (Other than Federally Recognized); Non-domestic (non-U.S.) Entities (Foreign Organizations); Regional Organizations; Tribally Controlled Colleges and Universities (TCCUs) ; U.S. Territory or Possession; Non-domestic (non-U.S.) Entities (Foreign Organizations) are not eligible to apply.Non-domestic (non-U.S.) components of U.S. Organizations are not eligible to apply.Foreign components, as defined in the NIH Grants Policy Statement, are allowed.",False,2027-09-07,342.0,False,False,False,False,False,True,10.0,False,,False,False,False,False,False,False,False,False,,unknown,,False,True,False,False,False,True,5.0,False,,False,False,True,True,True,True,True,True,False,False,True,15,False,True,,False,False,False,False,28,True,False,True,activity code R13,True,False,False,False,,2026-09-30,2026-08-18,NIH Support for Conferences and Scientific Meetings (Parent R13 Clinical Trial Not Allowed),open,ok,5.0,G4,G4.O4,NIH conference grants can support scientific meetings that strengthen the knowledge and skills of North Carolina's public health workforce.,The purpose of the NIH Research Conference Grant (R13) is to support high quality conferences that are relevant to the public health and to the scientific mission of the participating Institutes and Centers.,lead,state_governments,DPH,6.0,DPH supports the state and local public health workforce and has the scientific leadership and convening capacity to host public health meetings.,"The parent announcement is broad and funds only conference or scientific meeting costs, not ongoing public health programs, so it has limited value unless NCDHHS already has a conference planned.",False,"Broad NIH conference grant could support public health workforce development, but funds meetings rather than services; low value unless DPH already planned a conference.",[],True,True,lead,deepseek/deepseek-v4-pro,92b0344f579a,True,10.0,0.15,1.0,0.0,0.0,67.5,open
52,17160b34-7d47-45a6-8d0c-f3eacd3a07db,Health and Extreme Weather Research Coordination and Data Center (U2C - Clinical Trial Not Allowed),forecast,True,False,,17160b34-7d47-45a6-8d0c-f3eacd3a07db,RFA-ES-28-003,forecasted,HHS-NIH11,discretionary,,2026-06-26,,,,False,1.0,3000000.0,,,,,93.113|Environmental Health,cooperative_agreement,health,,city_or_township_governments;state_governments;other_native_american_tribal_organizations;nonprofits_non_higher_education_with_501c3;small_businesses;other;federally_recognized_native_american_tribal_governments;for_profit_organizations_other_than_small_businesses;county_governments;special_district_governments;public_and_state_institutions_of_higher_education;private_institutions_of_higher_education;nonprofits_non_higher_education_without_501c3;independent_school_districts;public_and_indian_housing_authorities,Other Eligible ApplicantsIndian/Native American Tribal Governments (Other than Federally Recognized);Eligible Agencies of the Federal Government;U.S. Territory or Possession;Faith-based or Community-based Organizations;Regional Organizations,National Institutes of Health,Department of Health and Human Services,"NIEHS Division of Extramural Research and Training
Please contact via e-mail",NOFO.Information@niehs.nih.gov,NOFO.Information@niehs.nih.gov,2026-11-27,2027-01-29,,2027-12-01,2027-12-02,2028.0,,,https://simpler.grants.gov/opportunity/17160b34-7d47-45a6-8d0c-f3eacd3a07db,"<p>The National Institute of Environmental Health Sciences (NIEHS) intends to publish a Notice of Funding Opportunity (NOFO) to solicit applications for research coordination and data support for the Health and Extreme Weather (HEW) initiative. This solicitation will include two closely aligned components: research coordination and data support. The&nbsp;coordinating component will be responsible for facilitating engagement across the initiative’s NIH grantees and the larger HEW community of practice (CoP). This component will share best practices across the CoP, create training and educational resources, organize working groups and larger meetings, and otherwise disseminate information to the HEW CoP. The data component will develop resources and infrastructure to facilitate access to and use of health and environmental&nbsp;data by the HEW CoP. The data component will identify data-related needs in the CoP, provide training to address these needs, support sharing and linking of health, environmental, and geospatial data, and collaborate with other NIH data initiatives to reduce duplication, advance data science, and promote the use of data standards and harmonization. The coordinating and data components will be required to work in close partnership with each other to coordinate training, education, dissemination, and other research support activities. This NOFO will utilize the U2C activity code, which the National Institutes of Health (NIH) uses to support high impact research and research infrastructure activities.&nbsp;The U2C is a cooperative agreement that requires substantial federal programmatic staff involvement.&nbsp;Grant authorities that allow NIEHS to forecast this opportunity are as follows: 42 USC 285l (NIEHS specific); 42 USC section 241 (NIH grant authorities).&nbsp;</p>","The National Institute of Environmental Health Sciences (NIEHS) intends to publish a Notice of Funding Opportunity (NOFO) to solicit applications for research coordination and data support for the Health and Extreme Weather (HEW) initiative. This solicitation will include two closely aligned components: research coordination and data support. The coordinating component will be responsible for facilitating engagement across the initiative’s NIH grantees and the larger HEW community of practice (CoP). This component will share best practices across the CoP, create training and educational resources, organize working groups and larger meetings, and otherwise disseminate information to the HEW CoP. The data component will develop resources and infrastructure to facilitate access to and use of health and environmental data by the HEW CoP. The data component will identify data-related needs in the CoP, provide training to address these needs, support sharing and linking of health, environmental, and geospatial data, and collaborate with other NIH data initiatives to reduce duplication, advance data science, and promote the use of data standards and harmonization. The coordinating and data components will be required to work in close partnership with each other to coordinate training, education, dissemination, and other research support activities. This NOFO will utilize the U2C activity code, which the National Institutes of Health (NIH) uses to support high impact research and research infrastructure activities. The U2C is a cooperative agreement that requires substantial federal programmatic staff involvement. Grant authorities that allow NIEHS to forecast this opportunity are as follows: 42 USC 285l (NIEHS specific); 42 USC section 241 (NIH grant authorities).","Health and Extreme Weather Research Coordination and Data Center (U2C - Clinical Trial Not Allowed)
The National Institute of Environmental Health Sciences (NIEHS) intends to publish a Notice of Funding Opportunity (NOFO) to solicit applications for research coordination and data support for the Health and Extreme Weather (HEW) initiative. This solicitation will include two closely aligned components: research coordination and data support. The coordinating component will be responsible for facilitating engagement across the initiative’s NIH grantees and the larger HEW community of practice (CoP). This component will share best practices across the CoP, create training and educational resources, organize working groups and larger meetings, and otherwise disseminate information to the HEW CoP. The data component will develop resources and infrastructure to facilitate access to and use of health and environmental data by the HEW CoP. The data component will identify data-related needs in the CoP, provide training to address these needs, support sharing and linking of health, environmental, and geospatial data, and collaborate with other NIH data initiatives to reduce duplication, advance data science, and promote the use of data standards and harmonization. The coordinating and data components will be required to work in close partnership with each other to coordinate training, education, dissemination, and other research support activities. This NOFO will utilize the U2C activity code, which the National Institutes of Health (NIH) uses to support high impact research and research infrastructure activities. The U2C is a cooperative agreement that requires substantial federal programmatic staff involvement. Grant authorities that allow NIEHS to forecast this opportunity are as follows: 42 USC 285l (NIEHS specific); 42 USC section 241 (NIH grant authorities).
Other Eligible ApplicantsIndian/Native American Tribal Governments (Other than Federally Recognized);Eligible Agencies of the Federal Government;U.S. Territory or Possession;Faith-based or Community-based Organizations;Regional Organizations",False,,,False,False,False,False,False,False,,False,58.0,False,False,False,False,False,False,False,False,3000000.0,average_award,3000000.0,True,False,True,True,False,False,7.39,False,,False,False,True,True,True,True,True,True,False,False,True,15,False,True,,False,False,False,False,1,True,False,True,activity code U2C,True,False,False,False,,2026-09-30,2026-08-18,Health and Extreme Weather Research Coordination and Data Center (U2C - Clinical Trial Not Allowed),forecast,ok,7.0,G5,G5.O1,"The data component would develop data infrastructure and training for sharing and linking health and environmental data, directly supporting NCDHHS's data infrastructure and data skills objective.",The data component will develop resources and infrastructure to facilitate access to and use of health and environmental data by the HEW CoP.,atypical,state_governments,DPH,4.0,"DPH has environmental health and epidemiology duties, but a national NIH research coordination and data center is outside its usual service delivery and would require academic research data-center partners.","This is a national research infrastructure cooperative agreement likely to attract large academic data-center applicants, so NCDHHS would be hard-pressed to lead and the direct value to state health programs is indirect.",False,"DPH's environmental health data work aligns with G5.O1, but this national NIH research coordination center is likely university-led and offers little direct state benefit.","[""The U2C is a cooperative agreement that requires substantial federal programmatic staff involvement."", ""The coordinating and data components will be required to work in close partnership with each other""]",True,True,atypical,deepseek/deepseek-v4-pro,92b0344f579a,True,10.0,0.0,0.85,0.0,0.0,67.16,forecast_watchlist
53,5b1c2b70-6f77-40c5-8a01-f508bc98a0cf,Educational Funding Opportunity: Expanding education on skin lightening products (U01) Clinical Trials Not Allowed,forecast,True,False,,5b1c2b70-6f77-40c5-8a01-f508bc98a0cf,FOR-FD-25-013,forecasted,HHS-FDA,discretionary,,2024-08-14,,,,False,1.0,,250000.0,250000.0,,,93.103|Food and Drug Administration Research,cooperative_agreement,consumer_protection;agriculture;food_and_nutrition,,public_and_indian_housing_authorities;other_native_american_tribal_organizations;city_or_township_governments;state_governments;unrestricted;public_and_state_institutions_of_higher_education;special_district_governments;nonprofits_non_higher_education_with_501c3;small_businesses;federally_recognized_native_american_tribal_governments;county_governments;private_institutions_of_higher_education;independent_school_districts;for_profit_organizations_other_than_small_businesses;nonprofits_non_higher_education_without_501c3,,Food and Drug Administration,Department of Health and Human Services,"Terrin Brown
Grantor
2404027610",terrin.brown@fda.hhs.gov,terrin.brown@fda.hhs.gov,,,,,,2025.0,,,https://simpler.grants.gov/opportunity/5b1c2b70-6f77-40c5-8a01-f508bc98a0cf,"<p>The purpose of the funding opportunity is to expand and advance FDA's Office of Minority Health and Health Equity (OMHHE) work with stakeholders and partners for education, outreach, and public awareness activities on the use of and potential risks from skin lightening products (e.g., hydroquinone).</p><p><br></p><p>Applicants will propose innovative and community-based strategies and activities that have the potential to strengthen the science base for education and public health awareness on the use of and potential risks from skin lightening products.</p>","The purpose of the funding opportunity is to expand and advance FDA's Office of Minority Health and Health Equity (OMHHE) work with stakeholders and partners for education, outreach, and public awareness activities on the use of and potential risks from skin lightening products (e.g., hydroquinone).
 

 Applicants will propose innovative and community-based strategies and activities that have the potential to strengthen the science base for education and public health awareness on the use of and potential risks from skin lightening products.","Educational Funding Opportunity: Expanding education on skin lightening products (U01) Clinical Trials Not Allowed
The purpose of the funding opportunity is to expand and advance FDA's Office of Minority Health and Health Equity (OMHHE) work with stakeholders and partners for education, outreach, and public awareness activities on the use of and potential risks from skin lightening products (e.g., hydroquinone).
 

 Applicants will propose innovative and community-based strategies and activities that have the potential to strengthen the science base for education and public health awareness on the use of and potential risks from skin lightening products.
",False,,,False,False,False,False,False,False,,True,,False,False,False,False,False,False,False,False,,award_ceiling,250000.0,True,False,False,True,False,False,1.99,False,,False,False,True,True,True,True,True,True,False,True,False,15,False,True,,False,False,False,False,1,True,False,True,activity code U01,True,False,False,True,,2026-09-30,2026-08-18,Educational Funding Opportunity: Expanding education on skin lightening products (U01) Clinical Trials Not Allowed,forecast,ok,7.0,G1,G1.O3,"The grant funds community-based, health-equity-focused education and outreach about skin lightening product risks, which matches NCDHHS's objective to reduce health disparities through culturally competent communication.","education, outreach, and public awareness activities on the use of and potential risks from skin lightening products (e.g., hydroquinone)",lead,state_governments,DPH,7.0,"DPH houses public health education, environmental health, and local health department partnerships and could implement community-based outreach about the risks of consumer products.","The product-specific, FDA-led education focus may require specialized outreach partnerships and cooperative-agreement oversight that limit its fit with DPH's broader public health priorities.",True,Aligns with G1.O3 by funding community-based education and outreach on skin lightening product risks for minority communities; DPH could implement through health education and local partnerships.,[],True,True,lead,deepseek/deepseek-v4-pro,92b0344f579a,True,10.0,0.0,0.85,0.0,0.0,66.45,forecast_watchlist
54,0d59ca36-277e-4d09-bb8b-d5eee79641f6,Secondary Analysis and Integration of Existing Data to Elucidate Cancer Risk and Related Outcomes (R21 Clinical Trials Not Allowed),open,False,False,,0d59ca36-277e-4d09-bb8b-d5eee79641f6,PAR-25-096,posted,HHS-NIH11,discretionary,,2024-11-18,2026-11-17,,2026-12-17,False,,200000.0,,200000.0,http://grants.nih.gov/grants/guide/pa-files/PAR-25-096.html,https://grants.nih.gov/grants/guide/pa-files/PAR-25-096.html,93.866|Aging Research;93.172|Human Genome Research;93.393|Cancer Cause and Prevention Research;93.121|Oral Diseases and Disorders Research,grant,education;health,,public_and_state_institutions_of_higher_education;county_governments;for_profit_organizations_other_than_small_businesses;independent_school_districts;nonprofits_non_higher_education_without_501c3;public_and_indian_housing_authorities;small_businesses;private_institutions_of_higher_education;special_district_governments;state_governments;other;other_native_american_tribal_organizations;nonprofits_non_higher_education_with_501c3;federally_recognized_native_american_tribal_governments;city_or_township_governments,Other Eligible Applicants include the following: Alaska Native and Native Hawaiian Serving Institutions; Asian American Native American Pacific Islander Serving Institutions (AANAPISISs); Eligible Agencies of the Federal Government; Faith-based or Community-based Organizations; Hispanic-serving Institutions; Historically Black Colleges and Universities (HBCUs); Indian/Native American Tribal Governments (Other than Federally Recognized); Non-domestic (non-U.S.) Entities (Foreign Organizations); Regional Organizations; Tribally Controlled Colleges and Universities (TCCUs) ; U.S. Territory or Possession.,National Institutes of Health,Department of Health and Human Services,"NIH Grants Information
grantsinfo@nih.gov",grantsinfo@nih.gov,See Section VII. Agency Contacts within the full opportunity announcement for all other inquires.,,,,,,,,,https://simpler.grants.gov/opportunity/0d59ca36-277e-4d09-bb8b-d5eee79641f6,"<p>Through this Notice of Funding Opportunity (NOFO), the National Cancer Institute (NCI) along with other participating Institutes encourages submission of applications proposing to conduct secondary data analysis and integration of existing datasets and database resources, with the ultimate aim to elucidate cancer risk and related outcomes (e.g., risk prediction or reduction, survival, or response to treatment, etc.). The goal of this initiative is to address key scientific questions relevant to cancer by supporting the analysis of existing clinical, environmental, surveillance, health services, vital statistics, behavioral, lifestyle, genomic, and molecular profiles data. Applicants are encouraged to leverage and perform innovative analyses of the existing data. Applications may include new research aims that are being addressed with existing data, new or advanced methods of analyses, or novel combinations and integration of datasets that allow the exploration of important scientific questions in cancer research.</p>","Through this Notice of Funding Opportunity (NOFO), the National Cancer Institute (NCI) along with other participating Institutes encourages submission of applications proposing to conduct secondary data analysis and integration of existing datasets and database resources, with the ultimate aim to elucidate cancer risk and related outcomes (e.g., risk prediction or reduction, survival, or response to treatment, etc.). The goal of this initiative is to address key scientific questions relevant to cancer by supporting the analysis of existing clinical, environmental, surveillance, health services, vital statistics, behavioral, lifestyle, genomic, and molecular profiles data. Applicants are encouraged to leverage and perform innovative analyses of the existing data. Applications may include new research aims that are being addressed with existing data, new or advanced methods of analyses, or novel combinations and integration of datasets that allow the exploration of important scientific questions in cancer research.","Secondary Analysis and Integration of Existing Data to Elucidate Cancer Risk and Related Outcomes (R21 Clinical Trials Not Allowed)
Through this Notice of Funding Opportunity (NOFO), the National Cancer Institute (NCI) along with other participating Institutes encourages submission of applications proposing to conduct secondary data analysis and integration of existing datasets and database resources, with the ultimate aim to elucidate cancer risk and related outcomes (e.g., risk prediction or reduction, survival, or response to treatment, etc.). The goal of this initiative is to address key scientific questions relevant to cancer by supporting the analysis of existing clinical, environmental, surveillance, health services, vital statistics, behavioral, lifestyle, genomic, and molecular profiles data. Applicants are encouraged to leverage and perform innovative analyses of the existing data. Applications may include new research aims that are being addressed with existing data, new or advanced methods of analyses, or novel combinations and integration of datasets that allow the exploration of important scientific questions in cancer research.
Other Eligible Applicants include the following: Alaska Native and Native Hawaiian Serving Institutions; Asian American Native American Pacific Islander Serving Institutions (AANAPISISs); Eligible Agencies of the Federal Government; Faith-based or Community-based Organizations; Hispanic-serving Institutions; Historically Black Colleges and Universities (HBCUs); Indian/Native American Tribal Governments (Other than Federally Recognized); Non-domestic (non-U.S.) Entities (Foreign Organizations); Regional Organizations; Tribally Controlled Colleges and Universities (TCCUs) ; U.S. Territory or Possession.",False,2026-11-17,48.0,False,False,False,False,False,True,8.8,False,,False,False,False,False,False,False,False,False,,award_ceiling,200000.0,True,False,False,False,False,False,1.51,False,,False,False,True,True,True,True,True,True,False,False,True,15,False,True,,False,False,False,False,4,True,False,True,activity code R21,True,False,False,False,,2026-09-30,2026-08-18,Secondary Analysis and Integration of Existing Data to Elucidate Cancer Risk and Related Outcomes (R21 Clinical Trials Not Allowed),open,ok,6.0,G5,G5.O1,"The grant funds secondary analysis and integration of existing cancer datasets, supporting data integration and evidence generation that align with fostering data-driven decision-making.","The goal of this initiative is to address key scientific questions relevant to cancer by supporting the analysis of existing clinical, environmental, surveillance, health services, vital statistics, behavioral, lifestyle, genomic, and molecular profiles data.",lead,state_governments,DPH,7.0,"DPH runs cancer surveillance, epidemiology, and chronic disease analysis and could manage a secondary data-analysis project with existing data resources and partners.","As an NIH research grant, it requires strong advanced analytic and publication capacity, which may stretch a health department's service-oriented staff and compete with academic institutions.",True,NIH cancer data-analysis grant matches DPH cancer epidemiology and data-integration capacity; state is eligible and could apply as lead.,[],True,True,lead,deepseek/deepseek-v4-pro,92b0344f579a,True,10.0,0.15,1.0,0.0,0.0,65.97,open
55,3a152e00-fe8e-4e29-b30e-efc659bb83dd,Intervention Research to Improve Native American Health,forecast,True,False,,3a152e00-fe8e-4e29-b30e-efc659bb83dd,PAR-28-016,forecasted,HHS-NIH11,discretionary,,2026-05-07,,,,False,,,,,,,93.279|Drug Use and Addiction Research Programs,grant,health,,for_profit_organizations_other_than_small_businesses;state_governments;federally_recognized_native_american_tribal_governments;private_institutions_of_higher_education;special_district_governments;other_native_american_tribal_organizations;county_governments;public_and_state_institutions_of_higher_education;nonprofits_non_higher_education_with_501c3;nonprofits_non_higher_education_without_501c3;independent_school_districts;other;public_and_indian_housing_authorities;small_businesses;city_or_township_governments,Other Eligible ApplicantsIndian/Native American Tribal Governments (Other than Federally Recognized);Eligible Agencies of the Federal Government;U.S. Territory or Possession;Faith-based or Community-based Organizations;Regional Organizations;,National Institutes of Health,Department of Health and Human Services,"IRINAH Program Staff
Please contact via e-mail",irinah@mail.nih.gov,irinah@mail.nih.gov,2026-10-22,2027-10-18,,2028-07-01,2028-07-01,2028.0,,,https://simpler.grants.gov/opportunity/3a152e00-fe8e-4e29-b30e-efc659bb83dd,"<p>The National Institute on Drug Abuse, along with other National Health Institutes, Centers, and Offices, seeks to advance its mission through the Intervention Research to Improve Native American Health (IRINAH), which aims to support:</p><ol><li>Research on the causes of health problems to inform the creation or refinement of interventions</li><li>Studies that develop, adapt, or test interventions for health promotion, disease prevention, treatment, or recovery</li><li>Research on the dissemination and implementation of strategies to overcome barriers to adopting, integrating, scaling up, and sustaining effective interventions.</li></ol><p>This initiative seeks interventions and related research that builds on community knowledge, strengths, and resilience to identify and rigorously test solutions to reduce morbidity and mortality in Native populations. Proposed interventions should be sustainable and flexible, so they can be adapted, shared, and expanded to other communities as appropriate. Grant authorities that allow NIDA to forecast this opportunity are as follows: 42 U.S.C 241 and 284</p>","The National Institute on Drug Abuse, along with other National Health Institutes, Centers, and Offices, seeks to advance its mission through the Intervention Research to Improve Native American Health (IRINAH), which aims to support:
  Research on the causes of health problems to inform the creation or refinement of interventions
 Studies that develop, adapt, or test interventions for health promotion, disease prevention, treatment, or recovery
 Research on the dissemination and implementation of strategies to overcome barriers to adopting, integrating, scaling up, and sustaining effective interventions.
  This initiative seeks interventions and related research that builds on community knowledge, strengths, and resilience to identify and rigorously test solutions to reduce morbidity and mortality in Native populations. Proposed interventions should be sustainable and flexible, so they can be adapted, shared, and expanded to other communities as appropriate. Grant authorities that allow NIDA to forecast this opportunity are as follows: 42 U.S.C 241 and 284","Intervention Research to Improve Native American Health
The National Institute on Drug Abuse, along with other National Health Institutes, Centers, and Offices, seeks to advance its mission through the Intervention Research to Improve Native American Health (IRINAH), which aims to support:
  Research on the causes of health problems to inform the creation or refinement of interventions
 Studies that develop, adapt, or test interventions for health promotion, disease prevention, treatment, or recovery
 Research on the dissemination and implementation of strategies to overcome barriers to adopting, integrating, scaling up, and sustaining effective interventions.
  This initiative seeks interventions and related research that builds on community knowledge, strengths, and resilience to identify and rigorously test solutions to reduce morbidity and mortality in Native populations. Proposed interventions should be sustainable and flexible, so they can be adapted, shared, and expanded to other communities as appropriate. Grant authorities that allow NIDA to forecast this opportunity are as follows: 42 U.S.C 241 and 284
Other Eligible ApplicantsIndian/Native American Tribal Governments (Other than Federally Recognized);Eligible Agencies of the Federal Government;U.S. Territory or Possession;Faith-based or Community-based Organizations;Regional Organizations;",False,,,False,False,False,False,False,False,,False,22.0,False,False,False,False,False,False,False,False,,unknown,,False,True,False,False,False,True,5.0,False,,False,False,True,True,True,True,True,True,False,False,True,15,False,True,,False,False,False,False,1,True,False,True,NIH opportunity,True,False,False,False,,2026-09-30,2026-08-18,Intervention Research to Improve Native American Health,forecast,ok,7.0,G3,G3.O4,"The grant supports intervention research on treatment and recovery, which aligns with NCDHHS's objective to expand evidence-based responses to substance use.","Studies that develop, adapt, or test interventions for health promotion, disease prevention, treatment, or recovery",lead,state_governments,DMHDDSUS,5.0,"DMHDDSUS oversees substance use and opioid services and could manage a research grant with academic and tribal partners, though it is not primarily a research division.","As an NIH research grant, it requires strong research infrastructure, competing academic/tribal partners, and may produce knowledge rather than direct service funding.",True,"Aligns with G3.O4 by funding intervention research on addiction treatment and recovery; NCDHHS could partner with tribes and researchers, though it is research rather than direct services.",[],True,True,lead,deepseek/deepseek-v4-pro,92b0344f579a,True,10.0,0.0,0.85,0.0,0.0,65.88,forecast_watchlist
56,6552e00b-8e51-4278-ab04-b6e3765a88a0,Comprehensive Partnerships to Advance Cancer Health (CPACH) (U54 Clinical Trial Optional),forecast,True,False,,6552e00b-8e51-4278-ab04-b6e3765a88a0,PAR-25-454,forecasted,HHS-NIH11,discretionary,,2025-08-28,,,,False,12.0,,850000.0,,,,93.393|Cancer Cause and Prevention Research;93.394|Cancer Detection and Diagnosis Research;93.395|Cancer Treatment Research;93.396|Cancer Biology Research;93.398|Cancer Research Manpower;93.399|Cancer Control;93.397|Cancer Centers Support Grants,cooperative_agreement,health,,other;for_profit_organizations_other_than_small_businesses;private_institutions_of_higher_education;independent_school_districts;public_and_state_institutions_of_higher_education;small_businesses;county_governments;nonprofits_non_higher_education_without_501c3;special_district_governments;nonprofits_non_higher_education_with_501c3;federally_recognized_native_american_tribal_governments;state_governments;city_or_township_governments;other_native_american_tribal_organizations,Other Eligible ApplicantsEligible Agencies of the Federal Government;U.S. Territory or Possession;Faith-based or Community-based Organizations;Regional Organizations.,National Institutes of Health,Department of Health and Human Services,"Sandra San Miguel-Majors, DrPH, MS
2402765977",ncicpachU54@mail.nih.gov,ncicpachU54@mail.nih.gov,2025-11-28,2026-01-16,,2026-09-01,2026-09-01,2026.0,,,https://simpler.grants.gov/opportunity/6552e00b-8e51-4278-ab04-b6e3765a88a0,"This funding opportunity seeks to support the Comprehensive Partnerships to Advance Cancer Health (CPACH) Program. The CPACH Program develops and maintains comprehensive, long-term, mutually beneficial partnerships between Resource Limited Institutions (RLIs) and NCI-designated Cancer Centers (CCs). The program aims to achieve a stronger national cancer program and addresses challenges in cancer research, including a focus on advancing research on health drivers that contribute to differences in cancer outcomes across all populations, as well as cancer outreach and engagement.","This funding opportunity seeks to support the Comprehensive Partnerships to Advance Cancer Health (CPACH) Program. The CPACH Program develops and maintains comprehensive, long-term, mutually beneficial partnerships between Resource Limited Institutions (RLIs) and NCI-designated Cancer Centers (CCs). The program aims to achieve a stronger national cancer program and addresses challenges in cancer research, including a focus on advancing research on health drivers that contribute to differences in cancer outcomes across all populations, as well as cancer outreach and engagement.","Comprehensive Partnerships to Advance Cancer Health (CPACH) (U54 Clinical Trial Optional)
This funding opportunity seeks to support the Comprehensive Partnerships to Advance Cancer Health (CPACH) Program. The CPACH Program develops and maintains comprehensive, long-term, mutually beneficial partnerships between Resource Limited Institutions (RLIs) and NCI-designated Cancer Centers (CCs). The program aims to achieve a stronger national cancer program and addresses challenges in cancer research, including a focus on advancing research on health drivers that contribute to differences in cancer outcomes across all populations, as well as cancer outreach and engagement.
Other Eligible ApplicantsEligible Agencies of the Federal Government;U.S. Territory or Possession;Faith-based or Community-based Organizations;Regional Organizations.",False,,,False,False,False,False,False,False,,False,-306.0,True,True,False,False,False,False,False,False,,unknown,,False,True,False,False,False,True,5.0,False,,False,False,True,True,True,True,True,True,False,False,True,14,False,True,,False,False,False,False,7,True,False,True,activity code U54,True,False,False,False,,2026-09-30,2026-08-18,Comprehensive Partnerships to Advance Cancer Health (CPACH) (U54 Clinical Trial Optional),forecast,ok,7.0,G1,G1.O1,The program's focus on health drivers of cancer outcome differences and cancer outreach aligns with NCDHHS's objective to reduce health disparities and build structures for health access.,"including a focus on advancing research on health drivers that contribute to differences in cancer outcomes across all populations, as well as cancer outreach and engagement.",atypical,state_governments,DPH,5.0,"DPH could support cancer prevention and outreach components, but the U54 research partnership model is built for academic institutions and NCI-designated Cancer Centers rather than a state public health agency.","NCDHHS is not an RLI or NCI-designated Cancer Center, so the agency would likely be limited to a partner role and may not be competitive as the lead applicant.",False,"NIH research partnership for cancer institutions; NCDHHS/DPH is not an RLI or NCI Cancer Center, so it would only fit as a minor partner.","[""Requires a partnership between Resource Limited Institutions (RLIs) and NCI-designated Cancer Centers (CCs).""]",True,True,atypical,deepseek/deepseek-v4-pro,92b0344f579a,True,10.0,0.0,0.85,0.0,0.0,65.88,forecast_watchlist
57,7088f3f8-0aad-4f2e-afa1-f53b59efa54d,Pediatric and Reproductive Environmental Health Scholars (PREHS) Program,forecast,True,False,,7088f3f8-0aad-4f2e-afa1-f53b59efa54d,RFA-ES-26-004,forecasted,HHS-NIH11,discretionary,,2025-12-02,,,,False,3.0,,,,,,93.113|Environmental Health,grant,health,,other;county_governments;special_district_governments;state_governments;for_profit_organizations_other_than_small_businesses;nonprofits_non_higher_education_without_501c3;nonprofits_non_higher_education_with_501c3;independent_school_districts;federally_recognized_native_american_tribal_governments;public_and_state_institutions_of_higher_education;private_institutions_of_higher_education;city_or_township_governments;other_native_american_tribal_organizations;small_businesses;public_and_indian_housing_authorities,Other Eligible ApplicantsIndian/Native American Tribal Governments (Other than Federally Recognized);Eligible Agencies of the Federal Government;U.S. Territory or Possession;Faith-based or Community-based Organizations;Regional Organizations,National Institutes of Health,Department of Health and Human Services,"Liam O'Fallon
Please contact via email.",ofallon@niehs.nih.gov,Division of Extramural Research and Training,2026-03-23,2026-05-23,,2027-06-01,2027-06-02,2027.0,,,https://simpler.grants.gov/opportunity/7088f3f8-0aad-4f2e-afa1-f53b59efa54d,"<p>The goal of the Pediatric and Reproductive Environmental Health Scholars (PREHS) program is to create a strong network of healthcare professionals who possess the skills and knowledge to address the complexities of pediatric and reproductive environmental health. The PREHS program will introduce new pediatric healthcare providers, obstetricians and gynecologists, and other healthcare professionals with state of the art environmental health training that blends academic research and practice-based applications in real-world settings. Furthermore, it provides scholars with experience in translating environmental health research for health professionals and community members. This Notice of Funding Opportunity (NOFO) does not allow appointed Scholars to lead an independent clinical trial but does allow them to obtain research experience in a clinical trial led by a mentor or co-mentor.</p>","The goal of the Pediatric and Reproductive Environmental Health Scholars (PREHS) program is to create a strong network of healthcare professionals who possess the skills and knowledge to address the complexities of pediatric and reproductive environmental health. The PREHS program will introduce new pediatric healthcare providers, obstetricians and gynecologists, and other healthcare professionals with state of the art environmental health training that blends academic research and practice-based applications in real-world settings. Furthermore, it provides scholars with experience in translating environmental health research for health professionals and community members. This Notice of Funding Opportunity (NOFO) does not allow appointed Scholars to lead an independent clinical trial but does allow them to obtain research experience in a clinical trial led by a mentor or co-mentor.","Pediatric and Reproductive Environmental Health Scholars (PREHS) Program
The goal of the Pediatric and Reproductive Environmental Health Scholars (PREHS) program is to create a strong network of healthcare professionals who possess the skills and knowledge to address the complexities of pediatric and reproductive environmental health. The PREHS program will introduce new pediatric healthcare providers, obstetricians and gynecologists, and other healthcare professionals with state of the art environmental health training that blends academic research and practice-based applications in real-world settings. Furthermore, it provides scholars with experience in translating environmental health research for health professionals and community members. This Notice of Funding Opportunity (NOFO) does not allow appointed Scholars to lead an independent clinical trial but does allow them to obtain research experience in a clinical trial led by a mentor or co-mentor.
Other Eligible ApplicantsIndian/Native American Tribal Governments (Other than Federally Recognized);Eligible Agencies of the Federal Government;U.S. Territory or Possession;Faith-based or Community-based Organizations;Regional Organizations",False,,,False,False,False,False,False,False,,False,-191.0,True,True,False,False,False,False,False,False,,unknown,,False,True,False,True,False,True,5.0,False,,False,False,True,True,True,True,True,True,False,False,True,15,False,True,,False,False,False,False,1,True,False,True,NIH opportunity,True,False,False,False,,2026-09-30,2026-08-18,Pediatric and Reproductive Environmental Health Scholars (PREHS) Program,forecast,ok,7.0,G2,G2.O4,Training pediatric and reproductive health providers in environmental health supports G2.O4 by building workforce capacity to reduce environmental risks to maternal and infant health.,The goal of the Pediatric and Reproductive Environmental Health Scholars (PREHS) program is to create a strong network of healthcare professionals who possess the skills and knowledge to address the complexities of pediatric and reproductive environmental health.,atypical,state_governments,DPH,5.0,"DPH houses environmental health and maternal and child health programs, but this NIH scholar-training mechanism requires academic research mentorship and clinical training infrastructure that DPH would have to build through partnerships.","It is an NIH research training award requiring academic research and clinical mentors, so NCDHHS is unlikely to be competitive as a lead applicant and the direct program benefit is limited.",False,"Supports maternal and child environmental health training through DPH, but as an NIH clinician-scholar training grant it likely fits academic institutions better than NCDHHS.","[""Scholars may not lead an independent clinical trial; they may only obtain research experience in a clinical trial led by a mentor or co-mentor.""]",True,True,atypical,deepseek/deepseek-v4-pro,92b0344f579a,True,10.0,0.0,0.85,0.0,0.0,65.88,forecast_watchlist
58,3702dc53-99c8-4506-ac67-4a017e0bdc73,Advancing Research on Empirically-Supported Interventions for Older Adults Living with Serious Mental Illness (SMI) (R01 Clinical Trial Optional),open,False,False,,3702dc53-99c8-4506-ac67-4a017e0bdc73,RFA-MH-27-180,posted,HHS-NIH11,discretionary,,2026-05-28,2026-10-15,,2026-12-14,False,6.0,3000000.0,,,,,93.242|Mental Health Research Grants,grant,health,,city_or_township_governments;nonprofits_non_higher_education_without_501c3;for_profit_organizations_other_than_small_businesses;other_native_american_tribal_organizations;federally_recognized_native_american_tribal_governments;county_governments;public_and_indian_housing_authorities;nonprofits_non_higher_education_with_501c3;state_governments;special_district_governments;small_businesses;public_and_state_institutions_of_higher_education;private_institutions_of_higher_education;independent_school_districts;other,"Refer to Section III. Eligibility Information in the NOFO for additional information on eligibility.Foreign Organizations/International Collaborations:Non-domestic (non-U.S.) Entities (Foreign Organizations) are eligible to apply.Non-domestic (non-U.S.) components of U.S. Organizations are eligible to apply.Foreign components, as defined in the NIH Grants Policy Statement, are allowed.",National Institutes of Health,Department of Health and Human Services,"Division of Services and Intervention Research (DSIR) National Institute of Mental Health (NIMH)
NIMH.DSIR.inquiries@mail.nih.gov",NIMH.DSIR.inquiries@mail.nih.gov,NIMH.DSIR.inquiries@mail.nih.gov,,,,,,,,,https://simpler.grants.gov/opportunity/3702dc53-99c8-4506-ac67-4a017e0bdc73,"The purpose of this notice of funding opportunity (NOFO) is to foster research that will inform and support the optimization, delivery, sustainability, and effectiveness of empirically-supported practices for addressing the mental health needs of older adults with serious mental illness (SMI). To this end, NIMH seeks applications that propose work that is focused on practice-relevant questions and conducted within and/or across settings where older adults with SMI are likely to be identified as needing care (e.g., primary care and geriatric specialty clinics, assisted living and long-term care facilities, and community centers). Applications may propose research related to adapting, optimizing, and implementing efficacious treatment and services interventions and strategies to improve clinical and functional outcomes among aging populations; examining mutable factors that impact fair and impartial mental health care access, utilization, quality, and outcomes and may serve as targets for intervention development for older adults with SMI; and developing and testing innovative treatment and service interventions that address barriers to accessing quality mental health care. Projects may also focus on systems-level factors and approaches for addressing SMI and improving access to evidence-based interventions in later life, such as evaluation of health system policies and practices, interventions that facilitate care transitions and continuity across settings, and strategies to improve care linkages and coordination across systems.","The purpose of this notice of funding opportunity (NOFO) is to foster research that will inform and support the optimization, delivery, sustainability, and effectiveness of empirically-supported practices for addressing the mental health needs of older adults with serious mental illness (SMI). To this end, NIMH seeks applications that propose work that is focused on practice-relevant questions and conducted within and/or across settings where older adults with SMI are likely to be identified as needing care (e.g., primary care and geriatric specialty clinics, assisted living and long-term care facilities, and community centers). Applications may propose research related to adapting, optimizing, and implementing efficacious treatment and services interventions and strategies to improve clinical and functional outcomes among aging populations; examining mutable factors that impact fair and impartial mental health care access, utilization, quality, and outcomes and may serve as targets for intervention development for older adults with SMI; and developing and testing innovative treatment and service interventions that address barriers to accessing quality mental health care. Projects may also focus on systems-level factors and approaches for addressing SMI and improving access to evidence-based interventions in later life, such as evaluation of health system policies and practices, interventions that facilitate care transitions and continuity across settings, and strategies to improve care linkages and coordination across systems.","Advancing Research on Empirically-Supported Interventions for Older Adults Living with Serious Mental Illness (SMI) (R01 Clinical Trial Optional)
The purpose of this notice of funding opportunity (NOFO) is to foster research that will inform and support the optimization, delivery, sustainability, and effectiveness of empirically-supported practices for addressing the mental health needs of older adults with serious mental illness (SMI). To this end, NIMH seeks applications that propose work that is focused on practice-relevant questions and conducted within and/or across settings where older adults with SMI are likely to be identified as needing care (e.g., primary care and geriatric specialty clinics, assisted living and long-term care facilities, and community centers). Applications may propose research related to adapting, optimizing, and implementing efficacious treatment and services interventions and strategies to improve clinical and functional outcomes among aging populations; examining mutable factors that impact fair and impartial mental health care access, utilization, quality, and outcomes and may serve as targets for intervention development for older adults with SMI; and developing and testing innovative treatment and service interventions that address barriers to accessing quality mental health care. Projects may also focus on systems-level factors and approaches for addressing SMI and improving access to evidence-based interventions in later life, such as evaluation of health system policies and practices, interventions that facilitate care transitions and continuity across settings, and strategies to improve care linkages and coordination across systems.
Refer to Section III. Eligibility Information in the NOFO for additional information on eligibility.Foreign Organizations/International Collaborations:Non-domestic (non-U.S.) Entities (Foreign Organizations) are eligible to apply.Non-domestic (non-U.S.) components of U.S. Organizations are eligible to apply.Foreign components, as defined in the NIH Grants Policy Statement, are allowed.",False,2026-10-15,15.0,False,False,False,False,True,False,4.19,False,,False,False,False,False,False,False,False,False,500000.0,average_award,500000.0,True,False,False,False,False,False,3.49,False,,False,False,True,True,True,True,True,True,False,False,True,15,False,True,,False,False,False,False,1,True,False,True,activity code R01,True,False,False,False,,2026-09-30,2026-08-18,Advancing Research on Empirically-Supported Interventions for Older Adults Living with Serious Mental Illness (SMI) (R01 Clinical Trial Optional),open,ok,8.0,G3,G3.O1,"The grant funds research to optimize and implement evidence-based mental health practices for older adults with serious mental illness, directly supporting integrated behavioral and physical health care.","The purpose of this notice of funding opportunity (NOFO) is to foster research that will inform and support the optimization, delivery, sustainability, and effectiveness of empirically-supported practices for addressing the mental health needs of older adults with serious mental illness (SMI).",atypical,state_governments,DMHDDSUS,6.0,"DMHDDSUS has authority over mental health services and evidence-based practice implementation, but conducting an NIH R01 would require research infrastructure and likely an academic partner.",It is a research grant with no direct service dollars and NCDHHS may not have the research infrastructure to compete effectively as a lead applicant.,True,Aligns with behavioral health integration objective but is a research grant likely needing a university partner; worth review if DMHDDSUS has research capacity.,[],True,True,atypical,deepseek/deepseek-v4-pro,92b0344f579a,True,10.0,0.15,1.0,0.0,0.0,65.52,open
59,07b5ef08-35da-4934-94a6-389b5dd4e221,"Community Engagement Evaluation and Data Coordination (CEED) Hub to Advance Data and Practice Transformation for Optimizing Oral Health for All (U01, Clinical Trial Not Allowed)",open,False,False,,07b5ef08-35da-4934-94a6-389b5dd4e221,RFA-DE-27-001,posted,HHS-NIH11,discretionary,,2026-04-27,2026-10-19,,2026-12-18,False,1.0,1000000.0,,,,,93.121|Oral Diseases and Disorders Research;93.310|Trans-NIH Research Support;93.313|NIH Office of Research on Women's Health,cooperative_agreement,health,,federally_recognized_native_american_tribal_governments;public_and_indian_housing_authorities;nonprofits_non_higher_education_with_501c3;county_governments;other;special_district_governments;nonprofits_non_higher_education_without_501c3;for_profit_organizations_other_than_small_businesses;city_or_township_governments;other_native_american_tribal_organizations;private_institutions_of_higher_education;small_businesses;public_and_state_institutions_of_higher_education;state_governments;independent_school_districts,"Refer to Section III. Eligibility Information in the NOFO for additional information on eligibility.Foreign Organizations/International CollaborationsNon-domestic (non-U.S.) Entities (Foreign Organizations) are not eligible to apply.Non-domestic (non-U.S.) components of U.S. Organizations are not eligible to apply.Foreign components, as defined in the NIH Grants Policy Statement, are not allowed.",National Institutes of Health,Department of Health and Human Services,"National Institute of Dental and Craniofacial Research (NIDCR)
NIDCR-ADAPT@nih.gov",NIDCR-ADAPT@nih.gov,NIDCR-ADAPT@nih.gov,,,,,,,,,https://simpler.grants.gov/opportunity/07b5ef08-35da-4934-94a6-389b5dd4e221,"The purpose of this Notice of Funding Opportunity (NOFO) is to seek applications for a Community Engagement Evaluation and Data coordination hub (CEED) for the Community-Based Participatory Research (CBPR) consortium: Advancing Data and Practice Transformation (ADAPT) for Optimizing Oral Health for All. In addition to CEED, the ADAPT consortium will include separately funded CBPR projects, which will receive consultative services from the NIH Community Engagement Alliance Consultative Resource (CEACR) and join in the Science Collaborative for Health and Artificial Intelligence Reduction of Errors (SCHARE) platform for the overarching goal of promoting data use and transformational community engagement to optimize oral health for all people. The CEED hub will coordinate communications and various activities in support of CBPR projects and consortium functions in three domains:1) Data Planning, Consultation, and Technical Assistance for Research Methodology and Analytics; 2) Community Engagement Evaluation; and 3) ADAPT Infrastructure and Operational Support.","The purpose of this Notice of Funding Opportunity (NOFO) is to seek applications for a Community Engagement Evaluation and Data coordination hub (CEED) for the Community-Based Participatory Research (CBPR) consortium: Advancing Data and Practice Transformation (ADAPT) for Optimizing Oral Health for All. In addition to CEED, the ADAPT consortium will include separately funded CBPR projects, which will receive consultative services from the NIH Community Engagement Alliance Consultative Resource (CEACR) and join in the Science Collaborative for Health and Artificial Intelligence Reduction of Errors (SCHARE) platform for the overarching goal of promoting data use and transformational community engagement to optimize oral health for all people. The CEED hub will coordinate communications and various activities in support of CBPR projects and consortium functions in three domains:1) Data Planning, Consultation, and Technical Assistance for Research Methodology and Analytics; 2) Community Engagement Evaluation; and 3) ADAPT Infrastructure and Operational Support.","Community Engagement Evaluation and Data Coordination (CEED) Hub to Advance Data and Practice Transformation for Optimizing Oral Health for All (U01, Clinical Trial Not Allowed)
The purpose of this Notice of Funding Opportunity (NOFO) is to seek applications for a Community Engagement Evaluation and Data coordination hub (CEED) for the Community-Based Participatory Research (CBPR) consortium: Advancing Data and Practice Transformation (ADAPT) for Optimizing Oral Health for All. In addition to CEED, the ADAPT consortium will include separately funded CBPR projects, which will receive consultative services from the NIH Community Engagement Alliance Consultative Resource (CEACR) and join in the Science Collaborative for Health and Artificial Intelligence Reduction of Errors (SCHARE) platform for the overarching goal of promoting data use and transformational community engagement to optimize oral health for all people. The CEED hub will coordinate communications and various activities in support of CBPR projects and consortium functions in three domains:1) Data Planning, Consultation, and Technical Assistance for Research Methodology and Analytics; 2) Community Engagement Evaluation; and 3) ADAPT Infrastructure and Operational Support.
Refer to Section III. Eligibility Information in the NOFO for additional information on eligibility.Foreign Organizations/International CollaborationsNon-domestic (non-U.S.) Entities (Foreign Organizations) are not eligible to apply.Non-domestic (non-U.S.) components of U.S. Organizations are not eligible to apply.Foreign components, as defined in the NIH Grants Policy Statement, are not allowed.",False,2026-10-19,19.0,False,False,False,False,True,False,4.94,False,,False,False,False,False,False,False,False,False,1000000.0,average_award,1000000.0,True,False,True,True,False,False,5.0,False,,False,False,True,True,True,True,True,True,False,False,True,15,False,True,,False,False,False,False,3,True,False,True,activity code U01,True,False,False,False,,2026-09-30,2026-08-18,"Community Engagement Evaluation and Data Coordination (CEED) Hub to Advance Data and Practice Transformation for Optimizing Oral Health for All (U01, Clinical Trial Not Allowed)",open,ok,6.0,G1,G1.O2,"The hub funds data planning, analytics, and evaluation to track oral health disparities and promote data use, aligning with the Department's objective to use data and metrics to track health disparities and outcomes.",promoting data use and transformational community engagement to optimize oral health for all people,lead,state_governments,DPH,7.0,"DPH houses oral health, epidemiology, and data functions and could coordinate a community engagement and data hub with academic partners.","As a national NIH research coordination cooperative agreement, it may outmatch a state health department's research capacity and offer little direct funding for NCDHHS service delivery.",True,"Eligible state-government opportunity for DPH's oral health and data work, but it is a national research coordinating hub requiring academic partners; route for feasibility review.","[""Foreign components, as defined in the NIH Grants Policy Statement, are not allowed.""]",True,True,lead,deepseek/deepseek-v4-pro,92b0344f579a,True,10.0,0.15,1.0,0.0,0.0,65.41,open
60,75c1d6c6-6f1e-46c7-84f1-1aaa0fc81bc2,Modular R01s in Cancer Control and Population Sciences (R01 Clinical Trial Optional),open,False,False,,75c1d6c6-6f1e-46c7-84f1-1aaa0fc81bc2,PA-25-172,posted,HHS-NIH11,discretionary,,2024-11-07,2028-01-07,,2028-02-12,False,,,,,http://grants.nih.gov/grants/guide/pa-files/PA-25-172.html,https://grants.nih.gov/grants/guide/pa-files/PA-25-172.html,93.399|Cancer Control;93.393|Cancer Cause and Prevention Research,grant,health;education,,nonprofits_non_higher_education_without_501c3;city_or_township_governments;other;small_businesses;private_institutions_of_higher_education;special_district_governments;other_native_american_tribal_organizations;state_governments;for_profit_organizations_other_than_small_businesses;federally_recognized_native_american_tribal_governments;public_and_indian_housing_authorities;county_governments;independent_school_districts;nonprofits_non_higher_education_with_501c3;public_and_state_institutions_of_higher_education,"Other Eligible Applicants include the following:
 Alaska Native and Native Hawaiian Serving Institutions; Asian American Native American Pacific Islander Serving Institutions (AANAPISISs); Eligible Agencies of the Federal Government; Faith-based or Community-based Organizations; Hispanic-serving Institutions; Historically Black Colleges and Universities (HBCUs); Indian/Native American Tribal Governments (Other than Federally Recognized); Non-domestic (non-U.S.) Entities (Foreign Organizations); Regional Organizations; Tribally Controlled Colleges and Universities (TCCUs) ; U.S. Territory or Possession.",National Institutes of Health,Department of Health and Human Services,"NIH Grants Information
grantsinfo@nih.gov",grantsinfo@nih.gov,See Section VII. Agency Contacts within the full opportunity announcement for all other inquires.,,,,,,,,,https://simpler.grants.gov/opportunity/75c1d6c6-6f1e-46c7-84f1-1aaa0fc81bc2,"This Notice of Funding Opportunity (NOFO) encourages applications for research in cancer control and population sciences. The overarching goal is to provide support to promote research efforts on novel scientific ideas that have the potential to substantially advance cancer research in statistical and analytic methods, epidemiology, cancer survivorship, cancer-related behaviors and behavioral interventions, healthcare delivery, and digital health and data science, and implementation science.","This Notice of Funding Opportunity (NOFO) encourages applications for research in cancer control and population sciences. The overarching goal is to provide support to promote research efforts on novel scientific ideas that have the potential to substantially advance cancer research in statistical and analytic methods, epidemiology, cancer survivorship, cancer-related behaviors and behavioral interventions, healthcare delivery, and digital health and data science, and implementation science.","Modular R01s in Cancer Control and Population Sciences (R01 Clinical Trial Optional)
This Notice of Funding Opportunity (NOFO) encourages applications for research in cancer control and population sciences. The overarching goal is to provide support to promote research efforts on novel scientific ideas that have the potential to substantially advance cancer research in statistical and analytic methods, epidemiology, cancer survivorship, cancer-related behaviors and behavioral interventions, healthcare delivery, and digital health and data science, and implementation science.
Other Eligible Applicants include the following:
 Alaska Native and Native Hawaiian Serving Institutions; Asian American Native American Pacific Islander Serving Institutions (AANAPISISs); Eligible Agencies of the Federal Government; Faith-based or Community-based Organizations; Hispanic-serving Institutions; Historically Black Colleges and Universities (HBCUs); Indian/Native American Tribal Governments (Other than Federally Recognized); Non-domestic (non-U.S.) Entities (Foreign Organizations); Regional Organizations; Tribally Controlled Colleges and Universities (TCCUs) ; U.S. Territory or Possession.",False,2028-01-07,464.0,False,False,False,False,False,True,10.0,False,,False,False,False,False,False,False,False,False,,unknown,,False,True,False,False,False,True,5.0,False,,False,False,True,True,True,True,True,True,False,False,True,15,False,True,,False,False,False,False,2,True,False,True,activity code R01,True,False,False,False,,2026-09-30,2026-08-18,Modular R01s in Cancer Control and Population Sciences (R01 Clinical Trial Optional),open,ok,5.0,G1,G1.O2,"The grant funds cancer control and population sciences research in epidemiology and data science, which could strengthen tracking of cancer disparities and outcomes.",research in cancer control and population sciences,lead,state_governments,DPH,5.0,"DPH conducts cancer and chronic disease epidemiology and uses population health data, but leading an NIH investigator-initiated research grant would likely require academic research partners.","This is an investigator-initiated research award, not a service grant, so NCDHHS may lack competitive NIH research capacity and the work may not directly improve programs.",True,State agencies are eligible; DPH cancer epidemiology and data work could align with G1.O2 and merit a DPH research-partner review.,[],True,True,lead,deepseek/deepseek-v4-pro,92b0344f579a,True,10.0,0.15,1.0,0.0,0.0,65.0,open
61,de984d54-e7f4-4da6-a553-8509070c43f9,Exploratory Grants in Cancer Control (R21 Clinical Trial Optional),open,False,False,,de984d54-e7f4-4da6-a553-8509070c43f9,PA-25-253,posted,HHS-NIH11,discretionary,,2024-11-12,2028-09-07,,2028-10-13,False,,,,,http://grants.nih.gov/grants/guide/pa-files/PA-25-253.html,https://grants.nih.gov/grants/guide/pa-files/PA-25-253.html,93.393|Cancer Cause and Prevention Research;93.399|Cancer Control,grant,health;education,,public_and_indian_housing_authorities;federally_recognized_native_american_tribal_governments;special_district_governments;state_governments;city_or_township_governments;other;county_governments;nonprofits_non_higher_education_with_501c3;small_businesses;for_profit_organizations_other_than_small_businesses;independent_school_districts;other_native_american_tribal_organizations;private_institutions_of_higher_education;nonprofits_non_higher_education_without_501c3;public_and_state_institutions_of_higher_education,"Other Eligible Applicants include the following:
 Alaska Native and Native Hawaiian Serving Institutions; Asian American Native American Pacific Islander Serving Institutions (AANAPISISs); Eligible Agencies of the Federal Government; Faith-based or Community-based Organizations; Hispanic-serving Institutions; Historically Black Colleges and Universities (HBCUs); Indian/Native American Tribal Governments (Other than Federally Recognized); Non-domestic (non-U.S.) Entities (Foreign Organizations); Regional Organizations; Tribally Controlled Colleges and Universities (TCCUs) ; U.S. Territory or Possession.",National Institutes of Health,Department of Health and Human Services,"NIH Grants Information
grantsinfo@nih.gov",grantsinfo@nih.gov,See Section VII. Agency Contacts within the full opportunity announcement for all other inquires.,,,,,,,,,https://simpler.grants.gov/opportunity/de984d54-e7f4-4da6-a553-8509070c43f9,"This funding opportunity announcement (FOA) encourages the submission of exploratory/developmental research grant (R21) applications that focus on different aspects of cancer control by modifying behavior, screening, and understanding etiologic factors contributing to the development of cancer, and developing ways to control cancer.  The overarching goal is to provide support to promote the early and conceptual stages of research efforts on novel scientific ideas that have the potential to substantially advance population-based cancer research, such as the development of novel techniques, agents, methodologies, models, or applications that could have a major impact on a field of cancer research (epidemiologic, biomedical, behavioral, health care delivery or clinical).","This funding opportunity announcement (FOA) encourages the submission of exploratory/developmental research grant (R21) applications that focus on different aspects of cancer control by modifying behavior, screening, and understanding etiologic factors contributing to the development of cancer, and developing ways to control cancer.  The overarching goal is to provide support to promote the early and conceptual stages of research efforts on novel scientific ideas that have the potential to substantially advance population-based cancer research, such as the development of novel techniques, agents, methodologies, models, or applications that could have a major impact on a field of cancer research (epidemiologic, biomedical, behavioral, health care delivery or clinical).","Exploratory Grants in Cancer Control (R21 Clinical Trial Optional)
This funding opportunity announcement (FOA) encourages the submission of exploratory/developmental research grant (R21) applications that focus on different aspects of cancer control by modifying behavior, screening, and understanding etiologic factors contributing to the development of cancer, and developing ways to control cancer.  The overarching goal is to provide support to promote the early and conceptual stages of research efforts on novel scientific ideas that have the potential to substantially advance population-based cancer research, such as the development of novel techniques, agents, methodologies, models, or applications that could have a major impact on a field of cancer research (epidemiologic, biomedical, behavioral, health care delivery or clinical).
Other Eligible Applicants include the following:
 Alaska Native and Native Hawaiian Serving Institutions; Asian American Native American Pacific Islander Serving Institutions (AANAPISISs); Eligible Agencies of the Federal Government; Faith-based or Community-based Organizations; Hispanic-serving Institutions; Historically Black Colleges and Universities (HBCUs); Indian/Native American Tribal Governments (Other than Federally Recognized); Non-domestic (non-U.S.) Entities (Foreign Organizations); Regional Organizations; Tribally Controlled Colleges and Universities (TCCUs) ; U.S. Territory or Possession.",False,2028-09-07,708.0,False,False,False,False,False,True,10.0,False,,False,False,False,False,False,False,False,False,,unknown,,False,True,False,False,False,True,5.0,False,,False,False,True,True,True,True,True,True,False,False,True,15,False,True,,False,False,False,False,2,True,False,True,activity code R21,True,False,False,False,,2026-09-30,2026-08-18,Exploratory Grants in Cancer Control (R21 Clinical Trial Optional),open,ok,5.0,G1,G1.O1,"The grant funds exploratory cancer control research that could generate evidence to reduce cancer-related health disparities, consistent with building structures to increase health access and reduce disparities.","focus on different aspects of cancer control by modifying behavior, screening, and understanding etiologic factors contributing to the development of cancer, and developing ways to control cancer",atypical,state_governments,DPH,5.0,"DPH runs chronic disease and cancer prevention programs and could partner on population-based cancer research, but an NIH R21 exploratory research grant is outside its core service delivery and usual grant portfolio.","It is a competitive NIH exploratory research grant, not a programmatic or service delivery award, so NCDHHS would need substantial research capacity or an academic partner to be successful.",False,NIH cancer-control R21 aligns only modestly with DPH chronic disease work and is an atypical research grant rather than direct program funding.,[],True,True,atypical,deepseek/deepseek-v4-pro,92b0344f579a,True,10.0,0.15,1.0,0.0,0.0,65.0,open
62,ff7edf5f-3dc8-4e2b-94a9-c4e9b1e06d3c,Occupational Safety and Health Education and Research Centers (T42),open,False,False,,ff7edf5f-3dc8-4e2b-94a9-c4e9b1e06d3c,RFA-OH-25-002,posted,HHS-CDC-HHSCDCERA,discretionary,,2024-10-07,2028-10-26,Electronically submitted applications must be submitted no later than 11:59 pm ET on the listed application due date.,2028-11-25,False,18.0,32000000.0,4500000.0,9000000.0,https://grants.nih.gov/grants/guide/rfa-files/RFA-OH-25-002.html,https://grants.nih.gov/grants/guide/rfa-files/RFA-OH-25-002.html,93.262|Occupational Safety and Health Program,grant,health,,county_governments;nonprofits_non_higher_education_with_501c3;federally_recognized_native_american_tribal_governments;special_district_governments;state_governments;small_businesses;unrestricted;city_or_township_governments;public_and_state_institutions_of_higher_education;for_profit_organizations_other_than_small_businesses;other_native_american_tribal_organizations;other;nonprofits_non_higher_education_without_501c3;independent_school_districts;private_institutions_of_higher_education;public_and_indian_housing_authorities,"Only one NIOSH training grant application per institution, college or university is allowed.  A currently recipient of the NIOSH T03 “Occupational Safety and Health Training Project Grants” award is not eligible for an award or a sub-award under this Notice of Funding Opportunity.",Centers for Disease Control and Prevention - ERA,Department of Health and Human Services,"Dr. Elizabeth H. Maples
National Institution for Occupational Safety and Health
Centers for Disease Control and Prevention
Telephone: 404-498-5014",emaples@cdc.gov,emaples@cdc.gov,,,,,,,,,https://simpler.grants.gov/opportunity/ff7edf5f-3dc8-4e2b-94a9-c4e9b1e06d3c,"<p>The National Institute for Occupational Safety and Health (NIOSH), Centers for Disease Control and Prevention (CDC), invites grant applications for Education and Research Centers (ERCs) that are focused on occupational safety and health training. NIOSH is mandated to provide an adequate supply of qualified personnel to carry out the purposes of the Occupational Safety and Health Act, and the ERCs are one of the primary means for meeting this mandate. ERCs are academic institutions that provide high-quality interdisciplinary graduate and post-graduate training, research training, continuing education, and outreach in the core occupational safety and health disciplines of industrial hygiene, occupational health nursing, occupational medicine, and occupational safety, as well as allied disciplines. Research and research training are integral components of ERCs, with ERC faculty and NIOSH trainees conducting research on issues related to the NIOSH National Occupational Research Agenda (NORA) and emerging issues to advance the field of occupational safety and health. NIOSH ERCs have regional presence to further diversify the occupational safety and health profession through their core values, mission statements, and outputs. ERCs serve as resources for our nation's workforce through continuing education, outreach and strong collaboration with professional associations, worker advocacy groups, businesses, industries, and public health agencies. ERCs work with other institutions and organizations, including Minority Serving Institutions and other NIOSH supported training programs to have a positive impact on worker health, safety, and well-being.</p>","The National Institute for Occupational Safety and Health (NIOSH), Centers for Disease Control and Prevention (CDC), invites grant applications for Education and Research Centers (ERCs) that are focused on occupational safety and health training. NIOSH is mandated to provide an adequate supply of qualified personnel to carry out the purposes of the Occupational Safety and Health Act, and the ERCs are one of the primary means for meeting this mandate. ERCs are academic institutions that provide high-quality interdisciplinary graduate and post-graduate training, research training, continuing education, and outreach in the core occupational safety and health disciplines of industrial hygiene, occupational health nursing, occupational medicine, and occupational safety, as well as allied disciplines. Research and research training are integral components of ERCs, with ERC faculty and NIOSH trainees conducting research on issues related to the NIOSH National Occupational Research Agenda (NORA) and emerging issues to advance the field of occupational safety and health. NIOSH ERCs have regional presence to further diversify the occupational safety and health profession through their core values, mission statements, and outputs. ERCs serve as resources for our nation's workforce through continuing education, outreach and strong collaboration with professional associations, worker advocacy groups, businesses, industries, and public health agencies. ERCs work with other institutions and organizations, including Minority Serving Institutions and other NIOSH supported training programs to have a positive impact on worker health, safety, and well-being.","Occupational Safety and Health Education and Research Centers (T42)
The National Institute for Occupational Safety and Health (NIOSH), Centers for Disease Control and Prevention (CDC), invites grant applications for Education and Research Centers (ERCs) that are focused on occupational safety and health training. NIOSH is mandated to provide an adequate supply of qualified personnel to carry out the purposes of the Occupational Safety and Health Act, and the ERCs are one of the primary means for meeting this mandate. ERCs are academic institutions that provide high-quality interdisciplinary graduate and post-graduate training, research training, continuing education, and outreach in the core occupational safety and health disciplines of industrial hygiene, occupational health nursing, occupational medicine, and occupational safety, as well as allied disciplines. Research and research training are integral components of ERCs, with ERC faculty and NIOSH trainees conducting research on issues related to the NIOSH National Occupational Research Agenda (NORA) and emerging issues to advance the field of occupational safety and health. NIOSH ERCs have regional presence to further diversify the occupational safety and health profession through their core values, mission statements, and outputs. ERCs serve as resources for our nation's workforce through continuing education, outreach and strong collaboration with professional associations, worker advocacy groups, businesses, industries, and public health agencies. ERCs work with other institutions and organizations, including Minority Serving Institutions and other NIOSH supported training programs to have a positive impact on worker health, safety, and well-being.
Only one NIOSH training grant application per institution, college or university is allowed.  A currently recipient of the NIOSH T03 “Occupational Safety and Health Training Project Grants” award is not eligible for an award or a sub-award under this Notice of Funding Opportunity.",False,2028-10-26,757.0,False,False,False,False,False,True,10.0,False,,False,False,False,False,False,False,False,False,1777777.7777777778,award_ceiling,9000000.0,True,False,True,False,False,False,9.77,False,,False,False,True,True,True,True,True,True,False,True,True,16,False,True,,False,False,True,False,1,True,False,True,activity code T42,True,False,False,False,,2026-09-30,2026-08-18,Occupational Safety and Health Education and Research Centers (T42),open,ok,4.0,G4,G4.O4,"The grant would help build the occupational health workforce pipeline, which is adjacent to public health workforce support, but it is aimed at academic trainees rather than state or local health department staff.",NIOSH is mandated to provide an adequate supply of qualified personnel to carry out the purposes of the Occupational Safety and Health Act,atypical,"ERCs are academic institutions that provide high-quality interdisciplinary graduate and post-graduate training, research training, continuing education, and outreach",DPH,3.0,"DPH supports public health workforce and occupational health surveillance, but it does not operate a university-based graduate occupational safety and health training center.","NCDHHS is not an academic institution and would be an atypical lead, so an application would likely be noncompetitive or ineligible.",False,This funds university-based occupational safety and health training centers; NCDHHS is not an academic ERC and would have limited role.,[],True,True,atypical,deepseek/deepseek-v4-pro,92b0344f579a,True,10.0,0.15,1.0,0.0,0.0,64.16,open
63,dd11fec8-7502-4ea4-b1c4-d2cfd69cd517,"Advancing Screening, Diagnosis, and Referral for Late Talking Children",forecast,True,False,,dd11fec8-7502-4ea4-b1c4-d2cfd69cd517,RFA-DC-28-007,forecasted,HHS-NIH11,discretionary,,2026-05-12,,,,False,2.0,,,500000.0,,,93.173|Research Related to Deafness and Communication Disorders,grant,health,,for_profit_organizations_other_than_small_businesses;state_governments;nonprofits_non_higher_education_with_501c3;federally_recognized_native_american_tribal_governments;other;public_and_state_institutions_of_higher_education;other_native_american_tribal_organizations;county_governments;nonprofits_non_higher_education_without_501c3;city_or_township_governments;independent_school_districts;private_institutions_of_higher_education;public_and_indian_housing_authorities;special_district_governments;small_businesses,Other Eligible ApplicantsIndian/Native American Tribal Governments (Other than Federally Recognized);Eligible Agencies of the Federal Government;U.S. Territory or Possession;Faith-based or Community-based Organizations;Regional Organizations;,National Institutes of Health,Department of Health and Human Services,"TALK@nih.gov
Please contact via e-mail.",TALK@nih.gov,TALK Initiative,2027-05-03,2027-10-15,,2028-06-30,2028-07-01,2028.0,,,https://simpler.grants.gov/opportunity/dd11fec8-7502-4ea4-b1c4-d2cfd69cd517,"<p>The National Institutes of Health (NIH) Tackling Acquisition of Language in Kids (TALK) initiative intends to publish a Notice of Funding Opportunity (NOFO) to solicit research grant applications to improve the earliest steps in clinical practice for late talking children. The overarching purpose of this funding opportunity is to inform, develop, and evaluate evidence-based practices and implementation strategies to (1) effectively and efficiently identify early signs of late talking and (2) successfully guide parents, caregivers, and professionals in supporting the needs of late talking children at the first point of concern.</p><p>For this NOFO late talking is defined as a child, usually over the age of 18 months, not meeting expressive language milestones, for any reason. Populations of interest include, but are not limited to, children at higher risk for late talking due to premature birth, exposure to maltreatment or trauma, neurological conditions, motor and sensory disorders, emotional and behavioral disorders, and intellectual and developmental disorders. Children who present as late talkers for no other known reason and with no other symptoms also are of interest for this NOFO.</p><p>For this NOFO, the early steps for services for children age birth to three years that are of interest include screening and developmental surveillance of late talking, referral and follow through for specialized services, and in-depth evaluation and diagnosis of language and other contributing delays/disorders. These services typically occur in primary care, specialty care, educational settings, and early childhood community settings. The research will need to be conducted in a relevant setting.</p><p>Research focusing on children as well as their parents, caregivers, and supporting community professionals is of interest, including how to support successfully navigating from initial concern to effective care. Community partnerships and community engaged research approaches will be a key requirement for this opportunity.</p><p>Applications are not being solicited at this time. Notice is being provided to allow potential applicants sufficient time to develop meaningful collaborations and responsive projects.&nbsp;</p><p>Investigators with expertise and insights into early language learning, late talking, early childhood education, early intervention, and primary care are encouraged to begin to consider applying for this new NOFO. In addition, collaborative investigations combining expertise in clinical practice research, dissemination and implementation science, or community engaged research will be encouraged and these investigators should also begin considering applying for this application.</p>","The National Institutes of Health (NIH) Tackling Acquisition of Language in Kids (TALK) initiative intends to publish a Notice of Funding Opportunity (NOFO) to solicit research grant applications to improve the earliest steps in clinical practice for late talking children. The overarching purpose of this funding opportunity is to inform, develop, and evaluate evidence-based practices and implementation strategies to (1) effectively and efficiently identify early signs of late talking and (2) successfully guide parents, caregivers, and professionals in supporting the needs of late talking children at the first point of concern.
 For this NOFO late talking is defined as a child, usually over the age of 18 months, not meeting expressive language milestones, for any reason. Populations of interest include, but are not limited to, children at higher risk for late talking due to premature birth, exposure to maltreatment or trauma, neurological conditions, motor and sensory disorders, emotional and behavioral disorders, and intellectual and developmental disorders. Children who present as late talkers for no other known reason and with no other symptoms also are of interest for this NOFO.
 For this NOFO, the early steps for services for children age birth to three years that are of interest include screening and developmental surveillance of late talking, referral and follow through for specialized services, and in-depth evaluation and diagnosis of language and other contributing delays/disorders. These services typically occur in primary care, specialty care, educational settings, and early childhood community settings. The research will need to be conducted in a relevant setting.
 Research focusing on children as well as their parents, caregivers, and supporting community professionals is of interest, including how to support successfully navigating from initial concern to effective care. Community partnerships and community engaged research approaches will be a key requirement for this opportunity.
 Applications are not being solicited at this time. Notice is being provided to allow potential applicants sufficient time to develop meaningful collaborations and responsive projects. 
 Investigators with expertise and insights into early language learning, late talking, early childhood education, early intervention, and primary care are encouraged to begin to consider applying for this new NOFO. In addition, collaborative investigations combining expertise in clinical practice research, dissemination and implementation science, or community engaged research will be encouraged and these investigators should also begin considering applying for this application.","Advancing Screening, Diagnosis, and Referral for Late Talking Children
The National Institutes of Health (NIH) Tackling Acquisition of Language in Kids (TALK) initiative intends to publish a Notice of Funding Opportunity (NOFO) to solicit research grant applications to improve the earliest steps in clinical practice for late talking children. The overarching purpose of this funding opportunity is to inform, develop, and evaluate evidence-based practices and implementation strategies to (1) effectively and efficiently identify early signs of late talking and (2) successfully guide parents, caregivers, and professionals in supporting the needs of late talking children at the first point of concern.
 For this NOFO late talking is defined as a child, usually over the age of 18 months, not meeting expressive language milestones, for any reason. Populations of interest include, but are not limited to, children at higher risk for late talking due to premature birth, exposure to maltreatment or trauma, neurological conditions, motor and sensory disorders, emotional and behavioral disorders, and intellectual and developmental disorders. Children who present as late talkers for no other known reason and with no other symptoms also are of interest for this NOFO.
 For this NOFO, the early steps for services for children age birth to three years that are of interest include screening and developmental surveillance of late talking, referral and follow through for specialized services, and in-depth evaluation and diagnosis of language and other contributing delays/disorders. These services typically occur in primary care, specialty care, educational settings, and early childhood community settings. The research will need to be conducted in a relevant setting.
 Research focusing on children as well as their parents, caregivers, and supporting community professionals is of interest, including how to support successfully navigating from initial concern to effective care. Community partnerships and community engaged research approaches will be a key requirement for this opportunity.
 Applications are not being solicited at this time. Notice is being provided to allow potential applicants sufficient time to develop meaningful collaborations and responsive projects. 
 Investigators with expertise and insights into early language learning, late talking, early childhood education, early intervention, and primary care are encouraged to begin to consider applying for this new NOFO. In addition, collaborative investigations combining expertise in clinical practice research, dissemination and implementation science, or community engaged research will be encouraged and these investigators should also begin considering applying for this application.
Other Eligible ApplicantsIndian/Native American Tribal Governments (Other than Federally Recognized);Eligible Agencies of the Federal Government;U.S. Territory or Possession;Faith-based or Community-based Organizations;Regional Organizations;",False,,,False,False,False,False,False,False,,False,215.0,False,False,False,False,False,False,False,False,,award_ceiling,500000.0,True,False,False,True,False,False,3.49,False,,False,False,True,True,True,True,True,True,False,False,True,15,False,True,,False,False,False,False,1,True,False,True,NIH opportunity,True,False,False,False,,2026-09-30,2026-08-18,"Advancing Screening, Diagnosis, and Referral for Late Talking Children",forecast,ok,6.0,G2,none,"The grant funds research to improve early identification and referral of late-talking children, helping families access supports, which aligns with G2's focus on child and family well-being, though no specific objective names early language intervention.","The overarching purpose of this funding opportunity is to inform, develop, and evaluate evidence-based practices and implementation strategies to (1) effectively and efficiently identify early signs of late talking and (2) successfully guide parents, caregivers, and professionals in supporting the needs of late talking children at the first point of concern.",lead,state_governments,DCDEE,6.0,"DCDEE's early childhood development and early education role makes it the closest division to host this work, though it would likely need a research partner to lead an NIH clinical research grant.","This is an NIH research grant rather than a service delivery grant, so NCDHHS would need substantial research capacity or an academic partner to compete successfully.",True,"Fits NCDHHS child and family well-being and DCDEE’s early childhood development role by improving early identification and referral for late-talking children, though it is an NIH research opportunity.","[""Community partnerships and community engaged research approaches will be a key requirement for this opportunity.""]",True,True,lead,deepseek/deepseek-v4-pro,92b0344f579a,True,10.0,0.0,0.85,0.0,0.0,62.63,forecast_watchlist
64,0536c0e6-e21d-4548-8511-a293babd20b8,Research Opportunities in Cancer Epidemiology Cohort Studies (U01 Clinical Trial Not Allowed),open,False,False,,0536c0e6-e21d-4548-8511-a293babd20b8,PAR-27-073,posted,HHS-NIH11,discretionary,,2026-05-04,2029-07-05,,2029-09-04,False,,,,,,,93.393|Cancer Cause and Prevention Research,grant,health,,for_profit_organizations_other_than_small_businesses;private_institutions_of_higher_education;state_governments;nonprofits_non_higher_education_with_501c3;public_and_indian_housing_authorities;small_businesses;city_or_township_governments;nonprofits_non_higher_education_without_501c3;other_native_american_tribal_organizations;federally_recognized_native_american_tribal_governments;public_and_state_institutions_of_higher_education;county_governments;independent_school_districts;special_district_governments;other,"Refer to Section III. Eligibility Information in the NOFO for additional information on eligibility.Foreign Organizations/International Collaborations:Non-domestic (non-U.S.) Entities (Foreign Organizations) are eligible to apply.Non-domestic (non-U.S.) components of U.S. Organizations are eligible to apply.Foreign components, as defined in the NIH Grants Policy Statement, are not allowed.",National Institutes of Health,Department of Health and Human Services,"Epidemiology and Genomics Research Program, NCI
ncidccpsegrpnofos@mail.nih.gov",ncidccpsegrpnofos@mail.nih.gov,ncidccpsegrpnofos@mail.nih.gov,,,,,,,,,https://simpler.grants.gov/opportunity/0536c0e6-e21d-4548-8511-a293babd20b8,"Through this Notice of Funding Opportunity (NOFO), the National Cancer Institute (NCI) encourages grant applications to support research in cancer epidemiology cohort studies that address specific knowledge gaps in cancer etiology and survivorship. Applications should include hypothesis-based research, support for cohort infrastructure and/or maintenance, continued follow-up, and sharing of data and biospecimen resources as appropriate.","Through this Notice of Funding Opportunity (NOFO), the National Cancer Institute (NCI) encourages grant applications to support research in cancer epidemiology cohort studies that address specific knowledge gaps in cancer etiology and survivorship. Applications should include hypothesis-based research, support for cohort infrastructure and/or maintenance, continued follow-up, and sharing of data and biospecimen resources as appropriate.","Research Opportunities in Cancer Epidemiology Cohort Studies (U01 Clinical Trial Not Allowed)
Through this Notice of Funding Opportunity (NOFO), the National Cancer Institute (NCI) encourages grant applications to support research in cancer epidemiology cohort studies that address specific knowledge gaps in cancer etiology and survivorship. Applications should include hypothesis-based research, support for cohort infrastructure and/or maintenance, continued follow-up, and sharing of data and biospecimen resources as appropriate.
Refer to Section III. Eligibility Information in the NOFO for additional information on eligibility.Foreign Organizations/International Collaborations:Non-domestic (non-U.S.) Entities (Foreign Organizations) are eligible to apply.Non-domestic (non-U.S.) components of U.S. Organizations are eligible to apply.Foreign components, as defined in the NIH Grants Policy Statement, are not allowed.",False,2029-07-05,1009.0,False,False,False,False,False,True,10.0,False,,False,False,False,False,False,False,False,False,,unknown,,False,True,False,False,False,True,5.0,False,,False,False,True,True,True,True,True,True,False,False,True,15,False,True,,False,False,False,False,1,True,False,True,activity code U01,True,False,False,False,,2026-09-30,2026-08-18,Research Opportunities in Cancer Epidemiology Cohort Studies (U01 Clinical Trial Not Allowed),open,ok,5.0,G1,G1.O2,"The grant funds cancer epidemiology cohort research that can track cancer outcomes and disparities, supporting data use to reduce health disparities.",support research in cancer epidemiology cohort studies that address specific knowledge gaps in cancer etiology and survivorship,lead,state_governments,DPH,4.0,"DPH houses chronic disease epidemiology and surveillance and could manage or partner on cancer cohort research, but this U01 research grant is outside its routine public health service delivery.",NCDHHS likely lacks an existing cancer epidemiology cohort and the long-term research infrastructure needed to compete successfully for this NCI U01.,False,"Cancer epidemiology research aligns with data/outcome tracking under G1.O2, but DPH's routine service and surveillance role makes a large NIH cohort study a stretch.","[""support for cohort infrastructure and/or maintenance, continued follow-up"", ""sharing of data and biospecimen resources as appropriate""]",True,True,lead,deepseek/deepseek-v4-pro,92b0344f579a,True,10.0,0.15,1.0,0.0,0.0,62.5,open
65,108e277c-2935-4167-a2fb-e299b406e949,Dental Primary Care Practice-Based Research Network: Clinical Trial or Observational Study Planning and Implementation Cooperative Agreement,forecast,True,False,,108e277c-2935-4167-a2fb-e299b406e949,PAR-26-052,forecasted,HHS-NIH11,discretionary,,2025-08-28,,,,False,3.0,,,,,,93.121|Oral Diseases and Disorders Research,cooperative_agreement,health,,nonprofits_non_higher_education_without_501c3;special_district_governments;nonprofits_non_higher_education_with_501c3;small_businesses;federally_recognized_native_american_tribal_governments;for_profit_organizations_other_than_small_businesses;public_and_state_institutions_of_higher_education;other_native_american_tribal_organizations;other;public_and_indian_housing_authorities;independent_school_districts;private_institutions_of_higher_education;state_governments;city_or_township_governments;county_governments,Other Eligible ApplicantsIndian/Native American Tribal Governments (Other than Federally Recognized);Eligible Agencies of the Federal Government;U.S. Territory or Possession;Faith-based or Community-based Organizations;Regional Organizations.,National Institutes of Health,Department of Health and Human Services,"Dena Fischer, DDS, MSD, MS
301-594-4876",dena.fischer@nih.gov,dena.fischer@nih.gov,2026-03-02,2026-09-07,,2027-04-30,2027-05-01,2027.0,,,https://simpler.grants.gov/opportunity/108e277c-2935-4167-a2fb-e299b406e949,"<p>The National Institute of Dental and Craniofacial Research (NIDCR) intends to publish a Notice of Funding Opportunity (NOFO) to invite applications for clinical trials and large clinical observational studies to be conducted in a Dental Primary Care Practice-Based Research Network (PBRN). Research studies will utilize the Dental Primary Care PBRN infrastructure and resources for study planning and implementation. The Dental Primary Care PBRN will provide oral health practitioners with an opportunity to propose or participate in research studies, conducted in participating dental clinical practices (offices/clinics) with consenting patients. Supported studies will focus on integrating oral health care into medical care (whole-person health), such as screening for medical conditions and health behaviors in dental care settings and appropriate referrals to medical providers for follow-up care. Applications are not being solicited at this time. Notice is being provided to allow potential applicants time to develop meaningful collaborations and responsive projects. Investigators with expertise in observational studies or clinical trials in practice-based research settings are encouraged to apply. NIDCR is authorized to forecast this opportunity under the Public Health Service Act (42 U.S.C §§ 241 and 284) and federal regulations (42 CFR Part 52 and 2 CFR Part 200).</p>","The National Institute of Dental and Craniofacial Research (NIDCR) intends to publish a Notice of Funding Opportunity (NOFO) to invite applications for clinical trials and large clinical observational studies to be conducted in a Dental Primary Care Practice-Based Research Network (PBRN). Research studies will utilize the Dental Primary Care PBRN infrastructure and resources for study planning and implementation. The Dental Primary Care PBRN will provide oral health practitioners with an opportunity to propose or participate in research studies, conducted in participating dental clinical practices (offices/clinics) with consenting patients. Supported studies will focus on integrating oral health care into medical care (whole-person health), such as screening for medical conditions and health behaviors in dental care settings and appropriate referrals to medical providers for follow-up care. Applications are not being solicited at this time. Notice is being provided to allow potential applicants time to develop meaningful collaborations and responsive projects. Investigators with expertise in observational studies or clinical trials in practice-based research settings are encouraged to apply. NIDCR is authorized to forecast this opportunity under the Public Health Service Act (42 U.S.C §§ 241 and 284) and federal regulations (42 CFR Part 52 and 2 CFR Part 200).","Dental Primary Care Practice-Based Research Network: Clinical Trial or Observational Study Planning and Implementation Cooperative Agreement
The National Institute of Dental and Craniofacial Research (NIDCR) intends to publish a Notice of Funding Opportunity (NOFO) to invite applications for clinical trials and large clinical observational studies to be conducted in a Dental Primary Care Practice-Based Research Network (PBRN). Research studies will utilize the Dental Primary Care PBRN infrastructure and resources for study planning and implementation. The Dental Primary Care PBRN will provide oral health practitioners with an opportunity to propose or participate in research studies, conducted in participating dental clinical practices (offices/clinics) with consenting patients. Supported studies will focus on integrating oral health care into medical care (whole-person health), such as screening for medical conditions and health behaviors in dental care settings and appropriate referrals to medical providers for follow-up care. Applications are not being solicited at this time. Notice is being provided to allow potential applicants time to develop meaningful collaborations and responsive projects. Investigators with expertise in observational studies or clinical trials in practice-based research settings are encouraged to apply. NIDCR is authorized to forecast this opportunity under the Public Health Service Act (42 U.S.C §§ 241 and 284) and federal regulations (42 CFR Part 52 and 2 CFR Part 200).
Other Eligible ApplicantsIndian/Native American Tribal Governments (Other than Federally Recognized);Eligible Agencies of the Federal Government;U.S. Territory or Possession;Faith-based or Community-based Organizations;Regional Organizations.",False,,,False,False,False,False,False,False,,False,-212.0,True,True,False,False,False,False,False,False,,unknown,,False,True,False,True,False,True,5.0,False,,False,False,True,True,True,True,True,True,False,False,True,15,False,True,,False,False,False,False,1,True,False,True,NIH opportunity,True,False,False,False,,2026-09-30,2026-08-18,Dental Primary Care Practice-Based Research Network: Clinical Trial or Observational Study Planning and Implementation Cooperative Agreement,forecast,ok,6.0,G1,G1.O3,"The grant funds research on integrating oral health care into medical care and on screening and referral in dental settings, which can reduce barriers to primary care and improve health access.","Supported studies will focus on integrating oral health care into medical care (whole-person health), such as screening for medical conditions and health behaviors in dental care settings and appropriate referrals to medical providers for follow-up care.",lead,state_governments,DPH,5.0,"DPH has epidemiology, surveillance, and local health department relationships, but it does not operate a dental practice-based research network or routinely lead NIH clinical trials and would need an academic dental partner.","It is a forecast only for research infrastructure and studies, and NCDHHS lacks a dental primary care practice-based research network, so the agency would likely depend on an academic partner with limited control.",False,"NIH dental research forecast; G1 health access alignment is real but NCDHHS lacks a dental PBRN and it is not currently solicited, so not a near-term fit.","[""Requires use of the Dental Primary Care PBRN infrastructure and resources for study planning and implementation"", ""Studies must be conducted in participating dental clinical practices with consenting patients""]",True,True,lead,deepseek/deepseek-v4-pro,92b0344f579a,True,10.0,0.0,0.85,0.0,0.0,62.35,forecast_watchlist
66,ca96308f-058b-47fa-9a1a-b1ee06f9c937,Centers for AIDS Research (CFAR),forecast,True,False,,ca96308f-058b-47fa-9a1a-b1ee06f9c937,PAR-26-056,forecasted,HHS-NIH11,discretionary,,2025-11-18,,,,False,6.0,4202000.0,,,,,93.855|Allergy and Infectious Diseases Research,grant,health,,other;special_district_governments;small_businesses;for_profit_organizations_other_than_small_businesses;private_institutions_of_higher_education;other_native_american_tribal_organizations;independent_school_districts;public_and_state_institutions_of_higher_education;public_and_indian_housing_authorities;federally_recognized_native_american_tribal_governments;nonprofits_non_higher_education_with_501c3;city_or_township_governments;state_governments;nonprofits_non_higher_education_without_501c3;county_governments,Other Eligible ApplicantsIndian/Native American Tribal Governments (Other than Federally Recognized);Eligible Agencies of the Federal Government;U.S. Territory or Possession;Faith-based or Community-based Organizations;Regional Organizations;Non-domestic (non-U.S.) Entities (Foreign Institutions).,National Institutes of Health,Department of Health and Human Services,"CFAR Program
240-459-2852",CFARprogram@mail.nih.gov,CFARprogram@mail.nih.gov,2026-05-21,2026-08-19,,2027-03-01,2027-03-01,2027.0,,,https://simpler.grants.gov/opportunity/ca96308f-058b-47fa-9a1a-b1ee06f9c937,"<p>The National Institute of Allergy and Infectious Diseases (NIAID) seeks to advance its mission by continuing support for the Centers for AIDS Research (CFAR). The national network of CFARs cooperates with other HHS-funded HIV/AIDS programs to establish and maintain the collaborations and infrastructure required to carry out innovative implementation science research for ending the HIV epidemic domestically.&nbsp;Addressing a complex chronic disease, HIV/AIDS research requires broad scientific expertise, access to unique biological samples, and cutting-edge research technologies that extend beyond the needs of individual research groups. The CFAR program strengthens HIV/AIDS research by providing infrastructure that fosters multidisciplinary collaborations, maximizes efficiencies by reducing duplication of efforts, and leverages economies of scale to facilitate the translation of basic research findings into new HIV treatment, prevention, and cure approaches. A core mission of the CFAR program is to support and mentor early-career investigators and investigators new to HIV/AIDS research by funding pilot studies, emerging research opportunities, and high-risk/high-impact collaborative studies. Grant authorities that allow NIAID to forecast this opportunity are as follows: Sections 301 and 405 of the Public Health Service Act as amended (42 USC 241 and 284) and under Federal Regulations 42 CFR Part 52 and 2 CFR Part 200.</p>","The National Institute of Allergy and Infectious Diseases (NIAID) seeks to advance its mission by continuing support for the Centers for AIDS Research (CFAR). The national network of CFARs cooperates with other HHS-funded HIV/AIDS programs to establish and maintain the collaborations and infrastructure required to carry out innovative implementation science research for ending the HIV epidemic domestically. Addressing a complex chronic disease, HIV/AIDS research requires broad scientific expertise, access to unique biological samples, and cutting-edge research technologies that extend beyond the needs of individual research groups. The CFAR program strengthens HIV/AIDS research by providing infrastructure that fosters multidisciplinary collaborations, maximizes efficiencies by reducing duplication of efforts, and leverages economies of scale to facilitate the translation of basic research findings into new HIV treatment, prevention, and cure approaches. A core mission of the CFAR program is to support and mentor early-career investigators and investigators new to HIV/AIDS research by funding pilot studies, emerging research opportunities, and high-risk/high-impact collaborative studies. Grant authorities that allow NIAID to forecast this opportunity are as follows: Sections 301 and 405 of the Public Health Service Act as amended (42 USC 241 and 284) and under Federal Regulations 42 CFR Part 52 and 2 CFR Part 200.","Centers for AIDS Research (CFAR)
The National Institute of Allergy and Infectious Diseases (NIAID) seeks to advance its mission by continuing support for the Centers for AIDS Research (CFAR). The national network of CFARs cooperates with other HHS-funded HIV/AIDS programs to establish and maintain the collaborations and infrastructure required to carry out innovative implementation science research for ending the HIV epidemic domestically. Addressing a complex chronic disease, HIV/AIDS research requires broad scientific expertise, access to unique biological samples, and cutting-edge research technologies that extend beyond the needs of individual research groups. The CFAR program strengthens HIV/AIDS research by providing infrastructure that fosters multidisciplinary collaborations, maximizes efficiencies by reducing duplication of efforts, and leverages economies of scale to facilitate the translation of basic research findings into new HIV treatment, prevention, and cure approaches. A core mission of the CFAR program is to support and mentor early-career investigators and investigators new to HIV/AIDS research by funding pilot studies, emerging research opportunities, and high-risk/high-impact collaborative studies. Grant authorities that allow NIAID to forecast this opportunity are as follows: Sections 301 and 405 of the Public Health Service Act as amended (42 USC 241 and 284) and under Federal Regulations 42 CFR Part 52 and 2 CFR Part 200.
Other Eligible ApplicantsIndian/Native American Tribal Governments (Other than Federally Recognized);Eligible Agencies of the Federal Government;U.S. Territory or Possession;Faith-based or Community-based Organizations;Regional Organizations;Non-domestic (non-U.S.) Entities (Foreign Institutions).",False,,,False,False,False,False,False,False,,False,-132.0,True,True,False,False,False,False,False,False,700333.3333333334,average_award,700333.3333333334,True,False,False,False,False,False,4.23,False,,False,False,True,True,True,True,True,True,False,False,True,15,False,True,,False,False,False,False,1,True,False,True,NIH opportunity,True,False,False,False,,2026-09-30,2026-08-18,Centers for AIDS Research (CFAR),forecast,ok,7.0,G1,G1.O1,"The grant funds implementation science research to end the HIV epidemic domestically, which supports reducing health disparities and increasing access for populations facing greater health challenges.",innovative implementation science research for ending the HIV epidemic domestically,atypical,state_governments,DPH,4.0,"DPH houses HIV/STD prevention and surveillance work, but CFAR is an academic research infrastructure award and is not a typical state health department program.","CFAR awards are typically made to academic institutions with existing HIV research portfolios, so NCDHHS may be an atypical lead and would more likely participate only as a partner.",False,"Supports HIV research infrastructure to end the epidemic; aligns with health-access goals, but CFAR is an academic award, making NCDHHS an atypical lead and likely only a partner.",[],True,True,atypical,deepseek/deepseek-v4-pro,92b0344f579a,True,10.0,0.0,0.85,0.0,0.0,61.58,forecast_watchlist
67,bc768aba-aa46-47dc-990e-48ea87be8e79,Advanced Development and Sustainment of Informatics Technologies for Cancer Research and Management (U24 Clinical Trial Optional),forecast,True,False,,bc768aba-aa46-47dc-990e-48ea87be8e79,RFA-CA-28-003,forecasted,HHS-NIH11,discretionary,,2026-07-28,,,,False,5.0,4400000.0,,600000.0,,,93.396|Cancer Biology Research;93.394|Cancer Detection and Diagnosis Research;93.399|Cancer Control;93.393|Cancer Cause and Prevention Research;93.395|Cancer Treatment Research,cooperative_agreement,health,,other_native_american_tribal_organizations;nonprofits_non_higher_education_with_501c3;county_governments;special_district_governments;independent_school_districts;for_profit_organizations_other_than_small_businesses;state_governments;private_institutions_of_higher_education;small_businesses;city_or_township_governments;federally_recognized_native_american_tribal_governments;other;nonprofits_non_higher_education_without_501c3;public_and_state_institutions_of_higher_education;public_and_indian_housing_authorities,Other Eligible ApplicantsIndian/Native American Tribal Governments (Other than Federally Recognized);Eligible Agencies of the Federal Government;U.S. Territory or Possession;Faith-based or Community-based Organizations;Regional Organizations;Non-domestic (non-U.S.) Entities (Foreign Institutions).,National Institutes of Health,Department of Health and Human Services,"ITCR Mailbox
301-448-9529",nciitcr@mail.nih.gov,nciitcr@mail.nih.gov,2027-04-01,2027-06-11,,2028-04-01,2028-04-01,2028.0,,,https://simpler.grants.gov/opportunity/bc768aba-aa46-47dc-990e-48ea87be8e79,"<p>NCI intends to release a Notice of Funding Opportunity (NOFO) that serves to continue the advancement and sustainment of informatics tools, software, and research resources that enable the acquisition, management, analysis, visualization, and interpretation of data across the cancer research continuum, including cancer biology, diagnosis and treatment, early detection, risk assessment and prevention, cancer control, and epidemiology. As a component of the NCI's <a href=""https://www.cancer.gov/about-nci/organization/cssi/research/itcr""><u>Informatics Technology for Cancer Research</u></a>&nbsp;(ITCR) Program, this intended NOFO supports technologies that have progressed beyond initial prototyping and pilot development, demonstrate the potential for broad and significant impact in cancer research, and provide compelling reasons for further enhancement, optimization, dissemination, or sustainment.</p>","NCI intends to release a Notice of Funding Opportunity (NOFO) that serves to continue the advancement and sustainment of informatics tools, software, and research resources that enable the acquisition, management, analysis, visualization, and interpretation of data across the cancer research continuum, including cancer biology, diagnosis and treatment, early detection, risk assessment and prevention, cancer control, and epidemiology. As a component of the NCI's   Informatics Technology for Cancer Research   (ITCR) Program, this intended NOFO supports technologies that have progressed beyond initial prototyping and pilot development, demonstrate the potential for broad and significant impact in cancer research, and provide compelling reasons for further enhancement, optimization, dissemination, or sustainment.","Advanced Development and Sustainment of Informatics Technologies for Cancer Research and Management (U24 Clinical Trial Optional)
NCI intends to release a Notice of Funding Opportunity (NOFO) that serves to continue the advancement and sustainment of informatics tools, software, and research resources that enable the acquisition, management, analysis, visualization, and interpretation of data across the cancer research continuum, including cancer biology, diagnosis and treatment, early detection, risk assessment and prevention, cancer control, and epidemiology. As a component of the NCI's   Informatics Technology for Cancer Research   (ITCR) Program, this intended NOFO supports technologies that have progressed beyond initial prototyping and pilot development, demonstrate the potential for broad and significant impact in cancer research, and provide compelling reasons for further enhancement, optimization, dissemination, or sustainment.
Other Eligible ApplicantsIndian/Native American Tribal Governments (Other than Federally Recognized);Eligible Agencies of the Federal Government;U.S. Territory or Possession;Faith-based or Community-based Organizations;Regional Organizations;Non-domestic (non-U.S.) Entities (Foreign Institutions).",False,,,False,False,False,False,False,False,,False,183.0,False,False,False,False,False,False,False,False,880000.0,award_ceiling,600000.0,True,False,False,False,False,False,3.89,False,,False,False,True,True,True,True,True,True,False,False,True,15,False,True,,False,False,False,False,5,True,False,True,activity code U24,True,False,False,False,,2026-09-30,2026-08-18,Advanced Development and Sustainment of Informatics Technologies for Cancer Research and Management (U24 Clinical Trial Optional),forecast,ok,7.0,G5,G5.O1,"The grant directly funds development and sustainment of informatics tools for data management, analysis, visualization, and interpretation, which supports data infrastructure and data-driven decision-making.","advancement and sustainment of informatics tools, software, and research resources that enable the acquisition, management, analysis, visualization, and interpretation of data across the cancer research continuum",atypical,state_governments,DPH,4.0,"DPH houses cancer epidemiology and registry/surveillance data functions, but it would need specialized informatics development and dissemination capacity to lead a U24.","This is an NIH cooperative agreement for continuing an already-developed national cancer informatics tool, so NCDHHS would likely lack the specialized software development capacity and face strong competition from academic informatics groups.",False,"Cancer informatics tool development aligns with data goals but is a specialized NIH research mechanism; DPH has limited software development role, so likely not a competitive fit.",[],True,True,atypical,deepseek/deepseek-v4-pro,92b0344f579a,True,10.0,0.0,0.85,0.0,0.0,60.98,forecast_watchlist
68,131fabad-5506-431b-b87a-e564f1d8dcc4,Research Grants in Clinical Informatics (R01 Clinical Trial Optional),open,False,False,,131fabad-5506-431b-b87a-e564f1d8dcc4,PAR-26-042,posted,HHS-NIH11,discretionary,,2026-02-11,2029-03-05,,2029-05-04,False,10.0,2500000.0,0.0,250000.0,,,93.879|Medical Library Assistance,grant,health,,nonprofits_non_higher_education_with_501c3;for_profit_organizations_other_than_small_businesses;private_institutions_of_higher_education;public_and_state_institutions_of_higher_education;public_and_indian_housing_authorities;federally_recognized_native_american_tribal_governments;independent_school_districts;special_district_governments;state_governments;other_native_american_tribal_organizations;nonprofits_non_higher_education_without_501c3;city_or_township_governments;small_businesses;other;county_governments,"Refer to Section III. Eligibility Information in the NOFO for additional information on eligibility.Foreign Organizations/International CollaborationsNon-domestic (non-U.S.) Entities (Foreign Organizations) are eligible to apply.Non-domestic (non-U.S.) components of U.S. Organizations are eligible to apply.Foreign components, as defined in the NIH Grants Policy Statement, are allowed.NIH will no longer issue awards (i.e., new, renewal, or non-competing continuation) to domestic or foreign entities that involve foreign subawards/subcontracts. All NIH-funded research involving foreign subawards/subcontracts must be submitted in response to a NOFO that is specifically designated for funded international collaborations. This new requirement was effective, May 1, 2025.Applications involving foreign subawards/subcontracts submitted in response to this NOFO will be deemed noncompliant and will not be considered for funding. This policy applies to all monetary international collaborations resulting in foreign subawards/subcontracts, however, it does not preclude unfunded international collaborations or foreign components, funding for foreign consultants, or procurement of unique equipment or supplies from foreign vendors.",National Institutes of Health,Department of Health and Human Services,"NLM Extramural Programs
NLMProgram@nih.gov",NLMProgram@nih.gov,NLMProgram@nih.gov,,,,,,,,,https://simpler.grants.gov/opportunity/131fabad-5506-431b-b87a-e564f1d8dcc4,"The National Library of Medicine (NLM) seeks applications for innovative research in clinical informatics. The overarching goal of this forthcoming program is to catalyze the development and advancement of novel informatics methodologies that empower clinicians, patients, and the broader public to better understand, manage, and improve health and health care delivery. This NOFO will support research focused on the design, implementation, and evaluation of clinical informatics tools and methods that enable data-driven discovery, promote evidence-based decision-making, and support personalized and precision health care. Emphasis will be placed on domain-independent, scalable, and reusable/reproducible approaches for the discovery, analysis, organization, and management of health-related digital objects—including electronic health records (EHRs), clinical notes, imaging data, and patient-generated data. The aim is to transform raw and heterogeneous health data into actionable knowledge, to develop innovative tools, and to implement practical applications that can be generalized across multiple clinical settings and populations. Projects should demonstrate the potential to accelerate scientific insights, improve clinical workflows, and ultimately lead to improved health outcomes.","The National Library of Medicine (NLM) seeks applications for innovative research in clinical informatics. The overarching goal of this forthcoming program is to catalyze the development and advancement of novel informatics methodologies that empower clinicians, patients, and the broader public to better understand, manage, and improve health and health care delivery. This NOFO will support research focused on the design, implementation, and evaluation of clinical informatics tools and methods that enable data-driven discovery, promote evidence-based decision-making, and support personalized and precision health care. Emphasis will be placed on domain-independent, scalable, and reusable/reproducible approaches for the discovery, analysis, organization, and management of health-related digital objects—including electronic health records (EHRs), clinical notes, imaging data, and patient-generated data. The aim is to transform raw and heterogeneous health data into actionable knowledge, to develop innovative tools, and to implement practical applications that can be generalized across multiple clinical settings and populations. Projects should demonstrate the potential to accelerate scientific insights, improve clinical workflows, and ultimately lead to improved health outcomes.","Research Grants in Clinical Informatics (R01 Clinical Trial Optional)
The National Library of Medicine (NLM) seeks applications for innovative research in clinical informatics. The overarching goal of this forthcoming program is to catalyze the development and advancement of novel informatics methodologies that empower clinicians, patients, and the broader public to better understand, manage, and improve health and health care delivery. This NOFO will support research focused on the design, implementation, and evaluation of clinical informatics tools and methods that enable data-driven discovery, promote evidence-based decision-making, and support personalized and precision health care. Emphasis will be placed on domain-independent, scalable, and reusable/reproducible approaches for the discovery, analysis, organization, and management of health-related digital objects—including electronic health records (EHRs), clinical notes, imaging data, and patient-generated data. The aim is to transform raw and heterogeneous health data into actionable knowledge, to develop innovative tools, and to implement practical applications that can be generalized across multiple clinical settings and populations. Projects should demonstrate the potential to accelerate scientific insights, improve clinical workflows, and ultimately lead to improved health outcomes.
Refer to Section III. Eligibility Information in the NOFO for additional information on eligibility.Foreign Organizations/International CollaborationsNon-domestic (non-U.S.) Entities (Foreign Organizations) are eligible to apply.Non-domestic (non-U.S.) components of U.S. Organizations are eligible to apply.Foreign components, as defined in the NIH Grants Policy Statement, are allowed.NIH will no longer issue awards (i.e., new, renewal, or non-competing continuation) to domestic or foreign entities that involve foreign subawards/subcontracts. All NIH-funded research involving foreign subawards/subcontracts must be submitted in response to a NOFO that is specifically designated for funded international collaborations. This new requirement was effective, May 1, 2025.Applications involving foreign subawards/subcontracts submitted in response to this NOFO will be deemed noncompliant and will not be considered for funding. This policy applies to all monetary international collaborations resulting in foreign subawards/subcontracts, however, it does not preclude unfunded international collaborations or foreign components, funding for foreign consultants, or procurement of unique equipment or supplies from foreign vendors.",False,2029-03-05,887.0,False,False,False,False,False,True,10.0,False,,False,False,False,False,False,False,False,False,250000.0,award_ceiling,250000.0,True,False,False,False,False,False,1.99,False,,False,False,True,True,True,True,True,True,False,False,True,15,False,True,,False,False,False,False,1,True,False,True,activity code R01,True,False,False,False,,2026-09-30,2026-08-18,Research Grants in Clinical Informatics (R01 Clinical Trial Optional),open,ok,6.0,G5,G5.O1,"The grant funds clinical informatics methods and tools that enable data-driven discovery and evidence-based decision-making, which aligns with NCDHHS's objective to foster data-driven decision-making through stronger data infrastructure and use.","This NOFO will support research focused on the design, implementation, and evaluation of clinical informatics tools and methods that enable data-driven discovery, promote evidence-based decision-making, and support personalized and precision health care.",atypical,state_governments,OSEC,4.0,"OSEC has department-wide data and IT responsibilities, but leading an NIH clinical informatics R01 would require research infrastructure and academic informatics expertise that NCDHHS does not typically operate.","This is an investigator-initiated NIH R01 requiring substantial research and informatics capacity that NCDHHS would likely need a university partner to supply, so it may be difficult to lead and win.",False,It aligns with data-driven decision-making but is an NIH research grant requiring informatics research capacity that makes NCDHHS an atypical applicant rather than a direct operational fit.,"[""No foreign subawards/subcontracts; applications involving them will be deemed noncompliant""]",True,True,atypical,deepseek/deepseek-v4-pro,92b0344f579a,True,10.0,0.15,1.0,0.0,0.0,60.98,open
69,efa5065c-2676-4b1a-b17f-d7e42dcfb3e4,NIDCR Behavioral and Social Intervention Clinical Trial Planning and Implementation Cooperative Agreement (UG3/UH3 Clinical Trial Required),open,False,False,,efa5065c-2676-4b1a-b17f-d7e42dcfb3e4,PAR-25-188,posted,HHS-NIH11,discretionary,,2024-12-02,2028-01-06,,2028-02-11,False,,,,500000.0,http://grants.nih.gov/grants/guide/pa-files/PAR-25-188.html,https://grants.nih.gov/grants/guide/pa-files/PAR-25-188.html,93.121|Oral Diseases and Disorders Research,cooperative_agreement,health,,county_governments;special_district_governments;city_or_township_governments;other_native_american_tribal_organizations;small_businesses;public_and_indian_housing_authorities;nonprofits_non_higher_education_with_501c3;other;federally_recognized_native_american_tribal_governments;nonprofits_non_higher_education_without_501c3;state_governments;private_institutions_of_higher_education;public_and_state_institutions_of_higher_education;for_profit_organizations_other_than_small_businesses;independent_school_districts,"Other Eligible Applicants include the following:
 Alaska Native and Native Hawaiian Serving Institutions; Asian American Native American Pacific Islander Serving Institutions (AANAPISISs); Eligible Agencies of the Federal Government; Faith-based or Community-based Organizations; Hispanic-serving Institutions; Historically Black Colleges and Universities (HBCUs); Indian/Native American Tribal Governments (Other than Federally Recognized); Non-domestic (non-U.S.) Entities (Foreign Organizations); Regional Organizations; Tribally Controlled Colleges and Universities (TCCUs) ; U.S. Territory or Possession; Non-domestic (non-U.S.) Entities (Foreign Organizations) are not eligible to apply.

Non-domestic (non-U.S.) components of U.S. Organizations are not eligible to apply.",National Institutes of Health,Department of Health and Human Services,"NIH Grants Information
grantsinfo@nih.gov",grantsinfo@nih.gov,See Section VII. Agency Contacts within the full opportunity announcement for all other inquires.,,,,,,,,,https://simpler.grants.gov/opportunity/efa5065c-2676-4b1a-b17f-d7e42dcfb3e4,"The purpose of this Notice of Funding Opportunity (NOFO) is to encourage UG3/UH3 phased cooperative agreement research applications to plan and implement behavioral and social intervention clinical trials. Studies appropriate for this announcement include clinical trials to develop and test behavior change interventions related to dental, oral, or craniofacial conditions. Awards made under this FOA will initially support a milestone-driven planning phase (UG3) for up to 2 years, with possible transition to a clinical trial implementation phase (UH3) of up to five years. Only UG3 projects that have met the scientific milestones and feasibility requirements may transition to the UH3 phase. The UG3/UH3 application must be submitted as a single application, following the instructions described in this FOA. The UG3 phase will permit both scientific and operational planning activities. Scientific planning activities include small-scale data collection to assess the feasibility and/or acceptability of a planned behavioral or social intervention and associated study procedures (e.g., acceptability of study content or mode of delivery; feasibility of proposed data collection procedures; preliminary testing of intervention training and fidelity monitoring procedures). Operational planning activities include, at a minimum, development of: the final clinical protocol; the intervention manual or equivalent; the data management system and other tools for data and quality management, safety and operational oversight plans; recruitment and retention strategies; and other essential documents. The UH3 phase will support the conduct of investigator-initiated intervention research at all stages, from early mechanistic research and intervention development (e.g., Stages 0/ I) through implementation and cost-effectiveness research (Stages IV/V).","The purpose of this Notice of Funding Opportunity (NOFO) is to encourage UG3/UH3 phased cooperative agreement research applications to plan and implement behavioral and social intervention clinical trials. Studies appropriate for this announcement include clinical trials to develop and test behavior change interventions related to dental, oral, or craniofacial conditions. Awards made under this FOA will initially support a milestone-driven planning phase (UG3) for up to 2 years, with possible transition to a clinical trial implementation phase (UH3) of up to five years. Only UG3 projects that have met the scientific milestones and feasibility requirements may transition to the UH3 phase. The UG3/UH3 application must be submitted as a single application, following the instructions described in this FOA. The UG3 phase will permit both scientific and operational planning activities. Scientific planning activities include small-scale data collection to assess the feasibility and/or acceptability of a planned behavioral or social intervention and associated study procedures (e.g., acceptability of study content or mode of delivery; feasibility of proposed data collection procedures; preliminary testing of intervention training and fidelity monitoring procedures). Operational planning activities include, at a minimum, development of: the final clinical protocol; the intervention manual or equivalent; the data management system and other tools for data and quality management, safety and operational oversight plans; recruitment and retention strategies; and other essential documents. The UH3 phase will support the conduct of investigator-initiated intervention research at all stages, from early mechanistic research and intervention development (e.g., Stages 0/ I) through implementation and cost-effectiveness research (Stages IV/V).","NIDCR Behavioral and Social Intervention Clinical Trial Planning and Implementation Cooperative Agreement (UG3/UH3 Clinical Trial Required)
The purpose of this Notice of Funding Opportunity (NOFO) is to encourage UG3/UH3 phased cooperative agreement research applications to plan and implement behavioral and social intervention clinical trials. Studies appropriate for this announcement include clinical trials to develop and test behavior change interventions related to dental, oral, or craniofacial conditions. Awards made under this FOA will initially support a milestone-driven planning phase (UG3) for up to 2 years, with possible transition to a clinical trial implementation phase (UH3) of up to five years. Only UG3 projects that have met the scientific milestones and feasibility requirements may transition to the UH3 phase. The UG3/UH3 application must be submitted as a single application, following the instructions described in this FOA. The UG3 phase will permit both scientific and operational planning activities. Scientific planning activities include small-scale data collection to assess the feasibility and/or acceptability of a planned behavioral or social intervention and associated study procedures (e.g., acceptability of study content or mode of delivery; feasibility of proposed data collection procedures; preliminary testing of intervention training and fidelity monitoring procedures). Operational planning activities include, at a minimum, development of: the final clinical protocol; the intervention manual or equivalent; the data management system and other tools for data and quality management, safety and operational oversight plans; recruitment and retention strategies; and other essential documents. The UH3 phase will support the conduct of investigator-initiated intervention research at all stages, from early mechanistic research and intervention development (e.g., Stages 0/ I) through implementation and cost-effectiveness research (Stages IV/V).
Other Eligible Applicants include the following:
 Alaska Native and Native Hawaiian Serving Institutions; Asian American Native American Pacific Islander Serving Institutions (AANAPISISs); Eligible Agencies of the Federal Government; Faith-based or Community-based Organizations; Hispanic-serving Institutions; Historically Black Colleges and Universities (HBCUs); Indian/Native American Tribal Governments (Other than Federally Recognized); Non-domestic (non-U.S.) Entities (Foreign Organizations); Regional Organizations; Tribally Controlled Colleges and Universities (TCCUs) ; U.S. Territory or Possession; Non-domestic (non-U.S.) Entities (Foreign Organizations) are not eligible to apply.

Non-domestic (non-U.S.) components of U.S. Organizations are not eligible to apply.",False,2028-01-06,463.0,False,False,False,False,False,True,10.0,False,,False,False,False,False,False,False,False,False,,award_ceiling,500000.0,True,False,False,False,False,False,3.49,False,,False,False,True,True,True,True,True,True,False,False,True,15,False,True,,False,False,False,False,1,True,False,True,activity code UG3,True,False,False,False,,2026-09-30,2026-08-18,NIDCR Behavioral and Social Intervention Clinical Trial Planning and Implementation Cooperative Agreement (UG3/UH3 Clinical Trial Required),open,ok,5.0,G1,G1.O1,"The grant funds clinical trials to develop and test behavior change interventions for dental, oral, and craniofacial conditions, which could help reduce oral health disparities and advance health equity.","Studies appropriate for this announcement include clinical trials to develop and test behavior change interventions related to dental, oral, or craniofacial conditions.",atypical,state_governments,DPH,4.0,"DPH has oral health promotion and surveillance functions, but an NIH UG3/UH3 investigator-initiated clinical trial requires research infrastructure, IRB, and clinical trial management beyond its routine public health operations.","This is an investigator-initiated NIH clinical trial cooperative agreement; NCDHHS likely lacks the clinical research infrastructure to compete with academic dental research centers, and UH3 implementation funding is not guaranteed after the UG3 planning phase.",False,"Fits oral health disparities under G1.O1 but is an NIH investigator-initiated clinical trial, not a state service program; DPH lacks competitive research infrastructure.","[""Milestone-driven UG3 planning phase for up to 2 years with possible UH3 transition only if scientific milestones and feasibility requirements are met"", ""UG3/UH3 application must be submitted as a single application"", ""Clinical Trial Required""]",True,True,atypical,deepseek/deepseek-v4-pro,92b0344f579a,True,10.0,0.15,1.0,0.0,0.0,60.23,open
70,d2c68406-e847-4502-8fce-0eb66ca5baab,Innovative Pilot Mental Health Services Research Not Involving Clinical Trials (R34 Clinical Trial Not Allowed),open,False,False,,d2c68406-e847-4502-8fce-0eb66ca5baab,PAR-25-284,posted,HHS-NIH11,discretionary,,2024-12-30,2028-01-07,,2028-02-12,False,,225000.0,,225000.0,http://grants.nih.gov/grants/guide/pa-files/PAR-25-284.html,https://grants.nih.gov/grants/guide/pa-files/PAR-25-284.html,93.242|Mental Health Research Grants,grant,health,,city_or_township_governments;private_institutions_of_higher_education;county_governments;public_and_state_institutions_of_higher_education;nonprofits_non_higher_education_without_501c3;other_native_american_tribal_organizations;for_profit_organizations_other_than_small_businesses;federally_recognized_native_american_tribal_governments;nonprofits_non_higher_education_with_501c3;other;state_governments;independent_school_districts;public_and_indian_housing_authorities;special_district_governments;small_businesses,"Other Eligible Applicants include the following:
 Alaska Native and Native Hawaiian Serving Institutions; Asian American Native American Pacific Islander Serving Institutions (AANAPISISs); Eligible Agencies of the Federal Government; Faith-based or Community-based Organizations; Hispanic-serving Institutions; Historically Black Colleges and Universities (HBCUs); Indian/Native American Tribal Governments (Other than Federally Recognized); Non-domestic (non-U.S.) Entities (Foreign Organizations); Regional Organizations; Tribally Controlled Colleges and Universities (TCCUs) ; U.S. Territory or Possession.",National Institutes of Health,Department of Health and Human Services,"NIH Grants Information
grantsinfo@nih.gov",grantsinfo@nih.gov,See Section VII. Agency Contacts within the full opportunity announcement for all other inquires.,,,,,,,,,https://simpler.grants.gov/opportunity/d2c68406-e847-4502-8fce-0eb66ca5baab,"The purpose of this Notice of Funding Announcement (NOFO) is to encourage pilot research that is not an immediate precursor to testing a service intervention but is consistent with NIMH priorities for services research. While NIMH now requires use of an experimental therapeutics model for all intervention studies, there is recognition that some mission-relevant areas of services research do not involve clinical trials.","The purpose of this Notice of Funding Announcement (NOFO) is to encourage pilot research that is not an immediate precursor to testing a service intervention but is consistent with NIMH priorities for services research. While NIMH now requires use of an experimental therapeutics model for all intervention studies, there is recognition that some mission-relevant areas of services research do not involve clinical trials.","Innovative Pilot Mental Health Services Research Not Involving Clinical Trials (R34 Clinical Trial Not Allowed)
The purpose of this Notice of Funding Announcement (NOFO) is to encourage pilot research that is not an immediate precursor to testing a service intervention but is consistent with NIMH priorities for services research. While NIMH now requires use of an experimental therapeutics model for all intervention studies, there is recognition that some mission-relevant areas of services research do not involve clinical trials.
Other Eligible Applicants include the following:
 Alaska Native and Native Hawaiian Serving Institutions; Asian American Native American Pacific Islander Serving Institutions (AANAPISISs); Eligible Agencies of the Federal Government; Faith-based or Community-based Organizations; Hispanic-serving Institutions; Historically Black Colleges and Universities (HBCUs); Indian/Native American Tribal Governments (Other than Federally Recognized); Non-domestic (non-U.S.) Entities (Foreign Organizations); Regional Organizations; Tribally Controlled Colleges and Universities (TCCUs) ; U.S. Territory or Possession.",False,2028-01-07,464.0,False,False,False,False,False,True,10.0,False,,False,False,False,False,False,False,False,False,,award_ceiling,225000.0,True,False,False,False,False,False,1.76,False,,False,False,True,True,True,True,True,True,False,False,True,15,False,True,,False,False,False,False,1,True,False,True,activity code R34,True,False,False,False,,2026-09-30,2026-08-18,Innovative Pilot Mental Health Services Research Not Involving Clinical Trials (R34 Clinical Trial Not Allowed),open,ok,5.0,G3,none,"This pilot mental health services research grant fits under Goal 3 because it can build evidence for the coordinated mental health services system NCDHHS supports, though it does not name a specific objective.",The purpose of this Notice of Funding Announcement (NOFO) is to encourage pilot research that is not an immediate precursor to testing a service intervention but is consistent with NIMH priorities for services research.,lead,state_governments,DMHDDSUS,5.0,"DMHDDSUS already manages mental health services and crisis/behavioral health programs, but this NIH pilot research mechanism would likely require an academic or research partner.","The R34 is a pilot research mechanism, not a service implementation award, and NCDHHS would likely need a research partner to compete.",True,"Aligns with Goal 3 by funding mental health services research; DMHDDSUS could lead with a research partner, though it is not direct service funding.",[],True,True,lead,deepseek/deepseek-v4-pro,92b0344f579a,True,10.0,0.15,1.0,0.0,0.0,60.14,open
71,e6357a53-0478-4e38-aa89-64c4492221ee,Clinical Data Ecosystem for Genomics (CDEG),forecast,True,False,,e6357a53-0478-4e38-aa89-64c4492221ee,FOR-HG-26-005,forecasted,HHS-NIH11,discretionary,,2025-07-17,,,,False,,,,,,,93.172|Human Genome Research,cooperative_agreement,health,,independent_school_districts;other_native_american_tribal_organizations;public_and_indian_housing_authorities;federally_recognized_native_american_tribal_governments;private_institutions_of_higher_education;county_governments;nonprofits_non_higher_education_with_501c3;public_and_state_institutions_of_higher_education;for_profit_organizations_other_than_small_businesses;small_businesses;state_governments,,National Institutes of Health,Department of Health and Human Services,"Jennifer Troyer
National Human Genome Research Institute (NHGRI)
301-312-3276",jennifer.troyer@nih.gov,jennifer.troyer@nih.gov,2025-12-01,2026-03-02,,2026-10-30,2026-10-30,2027.0,,,https://simpler.grants.gov/opportunity/e6357a53-0478-4e38-aa89-64c4492221ee,"<p><span style=""color: rgb(51, 51, 51);"">The National Human Genome Research Institute (NHGRI) intends to publish a Notice of Funding Opportunity (NOFO) to solicit applications for research reduce barriers to a Clinical Data Ecosystem for Genomics (CDEG) by establishing a network to identify, share, and improve approaches for clinical integration and sharing of genome sequencing data and their interpretation as structured data among labs, health care providers, and patients.&nbsp;Specifically, the Network will: 1) establish a pilot ecosystem that demonstrates best practices for the sharing of genomic structured data (GSD) across different health care settings, including primary care; 2) create standardized application programming interfaces (APIs) to support access to such data; 3) develop open-source clinical software applications and databases that utilize these APIs; 4) demonstrate the ability of the pilot ecosystem to overcome barriers to accessing patient genomic data as patients travel across healthcare systems; and 5) refine and develop these practices into implementation resources for broader sharing and adoption. Applications are not being solicited at this time. Notice is being provided to allow potential applicants sufficient time to develop meaningful collaborations and responsive projects.&nbsp;This NOFO will utilize the U01 activity code. Investigators with expertise and insights into this area of genomic medicine and implementation science are encouraged to begin to consider applying for this new NOFO. In addition, collaborative investigations combining expertise in computational genomics and data science, electronic health records (EHR), genomic data standards, cloud and database development, health information exchange, and implementing genomics in clinical care will be encouraged and these investigators should also begin considering applying for this application.&nbsp;</span></p>","The National Human Genome Research Institute (NHGRI) intends to publish a Notice of Funding Opportunity (NOFO) to solicit applications for research reduce barriers to a Clinical Data Ecosystem for Genomics (CDEG) by establishing a network to identify, share, and improve approaches for clinical integration and sharing of genome sequencing data and their interpretation as structured data among labs, health care providers, and patients. Specifically, the Network will: 1) establish a pilot ecosystem that demonstrates best practices for the sharing of genomic structured data (GSD) across different health care settings, including primary care; 2) create standardized application programming interfaces (APIs) to support access to such data; 3) develop open-source clinical software applications and databases that utilize these APIs; 4) demonstrate the ability of the pilot ecosystem to overcome barriers to accessing patient genomic data as patients travel across healthcare systems; and 5) refine and develop these practices into implementation resources for broader sharing and adoption. Applications are not being solicited at this time. Notice is being provided to allow potential applicants sufficient time to develop meaningful collaborations and responsive projects. This NOFO will utilize the U01 activity code. Investigators with expertise and insights into this area of genomic medicine and implementation science are encouraged to begin to consider applying for this new NOFO. In addition, collaborative investigations combining expertise in computational genomics and data science, electronic health records (EHR), genomic data standards, cloud and database development, health information exchange, and implementing genomics in clinical care will be encouraged and these investigators should also begin considering applying for this application.","Clinical Data Ecosystem for Genomics (CDEG)
The National Human Genome Research Institute (NHGRI) intends to publish a Notice of Funding Opportunity (NOFO) to solicit applications for research reduce barriers to a Clinical Data Ecosystem for Genomics (CDEG) by establishing a network to identify, share, and improve approaches for clinical integration and sharing of genome sequencing data and their interpretation as structured data among labs, health care providers, and patients. Specifically, the Network will: 1) establish a pilot ecosystem that demonstrates best practices for the sharing of genomic structured data (GSD) across different health care settings, including primary care; 2) create standardized application programming interfaces (APIs) to support access to such data; 3) develop open-source clinical software applications and databases that utilize these APIs; 4) demonstrate the ability of the pilot ecosystem to overcome barriers to accessing patient genomic data as patients travel across healthcare systems; and 5) refine and develop these practices into implementation resources for broader sharing and adoption. Applications are not being solicited at this time. Notice is being provided to allow potential applicants sufficient time to develop meaningful collaborations and responsive projects. This NOFO will utilize the U01 activity code. Investigators with expertise and insights into this area of genomic medicine and implementation science are encouraged to begin to consider applying for this new NOFO. In addition, collaborative investigations combining expertise in computational genomics and data science, electronic health records (EHR), genomic data standards, cloud and database development, health information exchange, and implementing genomics in clinical care will be encouraged and these investigators should also begin considering applying for this application.
",False,,,False,False,False,False,False,False,,False,-303.0,True,True,False,False,False,False,False,False,,unknown,,False,True,False,False,False,True,5.0,False,,False,False,True,True,True,True,True,True,False,False,False,11,False,False,,False,False,False,False,1,True,False,True,NIH opportunity,True,False,False,True,,2026-09-30,2026-08-18,Clinical Data Ecosystem for Genomics (CDEG),forecast,ok,7.0,G5,G5.O1,"This funds a network to share genomic structured data and build APIs, directly supporting NCDHHS's goal to foster data-driven decision-making through data infrastructure and integration.","establish a pilot ecosystem that demonstrates best practices for the sharing of genomic structured data (GSD) across different health care settings, including primary care",atypical,state_governments,OSEC,3.0,"OSEC handles department-wide data and IT integration, but lacks clinical genomics research and EHR data-sharing authority across independent health systems.","This is only a preannouncement and no applications are being solicited; even when posted, NCDHHS would likely be a peripheral partner rather than a lead for NIH genomics research.",False,"This is only a preannouncement; genomics data infrastructure is outside NCDHHS core work, though OSEC could monitor it as a possible data-sharing partnership.",[],True,True,atypical,deepseek/deepseek-v4-pro,92b0344f579a,True,10.0,0.0,0.85,0.0,0.0,60.0,forecast_watchlist
72,122005eb-b9d4-4ccc-bfa4-794cac626544,Pilot Effectiveness Trials for Post-Acute Interventions and Services to Optimize Longer-term Outcomes (R01 Clinical Trial Required),open,False,False,,122005eb-b9d4-4ccc-bfa4-794cac626544,PAR-25-206,posted,HHS-NIH11,discretionary,,2024-10-31,2028-01-07,,2028-02-12,False,,,,,http://grants.nih.gov/grants/guide/pa-files/PAR-25-206.html,https://grants.nih.gov/grants/guide/pa-files/PAR-25-206.html,93.242|Mental Health Research Grants,grant,health,,state_governments;other;other_native_american_tribal_organizations;public_and_state_institutions_of_higher_education;nonprofits_non_higher_education_with_501c3;public_and_indian_housing_authorities;city_or_township_governments;independent_school_districts;nonprofits_non_higher_education_without_501c3;for_profit_organizations_other_than_small_businesses;special_district_governments;county_governments;private_institutions_of_higher_education;small_businesses;federally_recognized_native_american_tribal_governments,"Other Eligible Applicants include the following:
 Alaska Native and Native Hawaiian Serving Institutions; Asian American Native American Pacific Islander Serving Institutions (AANAPISISs); Eligible Agencies of the Federal Government; Faith-based or Community-based Organizations; Hispanic-serving Institutions; Historically Black Colleges and Universities (HBCUs); Indian/Native American Tribal Governments (Other than Federally Recognized); Non-domestic (non-U.S.) Entities (Foreign Organizations); Regional Organizations; Tribally Controlled Colleges and Universities (TCCUs) ; U.S. Territory or Possession.",National Institutes of Health,Department of Health and Human Services,"NIH Grants Information
grantsinfo@nih.gov",grantsinfo@nih.gov,See Section VII. Agency Contacts within the full opportunity announcement for all other inquires.,,,,,,,,,https://simpler.grants.gov/opportunity/122005eb-b9d4-4ccc-bfa4-794cac626544,"NIMH seeks applications for pilot effectiveness projects to evaluate the preliminary effectiveness of therapeutic and service delivery interventions for the post-acute management of mental health conditions that are matched to the stage of illness in terms of both their focus (e.g., consolidating and maintaining gains from initial treatment, managing residual symptoms/impairment, preventing relapse, promoting adherence and appropriate service use) and intensity/burden. In this pilot phase of effectiveness research, the trial should be designed to evaluate the feasibility, tolerability, acceptability, safety, and potential effectiveness of the approach; to address whether the intervention engages the target(s)/mechanisms(s) that is/are presumed to underlie the intervention effects; and to obtain preliminary data needed as a pre-requisite to a larger-scale effectiveness trial (e.g., comparative effectiveness study, practical trial) designed to definitely test the effectiveness of interventions to improve post-acute outcomes.  
This Notice of Funding Opportunity (NOFO) supports pilot effectiveness research to evaluate the feasibility, tolerability, acceptability, safety and preliminary indications of effectiveness of post-acute phase intervention approaches and inform the design of definitive effectiveness trials.  Support for fully-powered, definitive effectiveness studies focused on post-acute phase interventions is provided via the R01 currently TEMP-24813.","NIMH seeks applications for pilot effectiveness projects to evaluate the preliminary effectiveness of therapeutic and service delivery interventions for the post-acute management of mental health conditions that are matched to the stage of illness in terms of both their focus (e.g., consolidating and maintaining gains from initial treatment, managing residual symptoms/impairment, preventing relapse, promoting adherence and appropriate service use) and intensity/burden. In this pilot phase of effectiveness research, the trial should be designed to evaluate the feasibility, tolerability, acceptability, safety, and potential effectiveness of the approach; to address whether the intervention engages the target(s)/mechanisms(s) that is/are presumed to underlie the intervention effects; and to obtain preliminary data needed as a pre-requisite to a larger-scale effectiveness trial (e.g., comparative effectiveness study, practical trial) designed to definitely test the effectiveness of interventions to improve post-acute outcomes.  
This Notice of Funding Opportunity (NOFO) supports pilot effectiveness research to evaluate the feasibility, tolerability, acceptability, safety and preliminary indications of effectiveness of post-acute phase intervention approaches and inform the design of definitive effectiveness trials.  Support for fully-powered, definitive effectiveness studies focused on post-acute phase interventions is provided via the R01 currently TEMP-24813.","Pilot Effectiveness Trials for Post-Acute Interventions and Services to Optimize Longer-term Outcomes (R01 Clinical Trial Required)
NIMH seeks applications for pilot effectiveness projects to evaluate the preliminary effectiveness of therapeutic and service delivery interventions for the post-acute management of mental health conditions that are matched to the stage of illness in terms of both their focus (e.g., consolidating and maintaining gains from initial treatment, managing residual symptoms/impairment, preventing relapse, promoting adherence and appropriate service use) and intensity/burden. In this pilot phase of effectiveness research, the trial should be designed to evaluate the feasibility, tolerability, acceptability, safety, and potential effectiveness of the approach; to address whether the intervention engages the target(s)/mechanisms(s) that is/are presumed to underlie the intervention effects; and to obtain preliminary data needed as a pre-requisite to a larger-scale effectiveness trial (e.g., comparative effectiveness study, practical trial) designed to definitely test the effectiveness of interventions to improve post-acute outcomes.  
This Notice of Funding Opportunity (NOFO) supports pilot effectiveness research to evaluate the feasibility, tolerability, acceptability, safety and preliminary indications of effectiveness of post-acute phase intervention approaches and inform the design of definitive effectiveness trials.  Support for fully-powered, definitive effectiveness studies focused on post-acute phase interventions is provided via the R01 currently TEMP-24813.
Other Eligible Applicants include the following:
 Alaska Native and Native Hawaiian Serving Institutions; Asian American Native American Pacific Islander Serving Institutions (AANAPISISs); Eligible Agencies of the Federal Government; Faith-based or Community-based Organizations; Hispanic-serving Institutions; Historically Black Colleges and Universities (HBCUs); Indian/Native American Tribal Governments (Other than Federally Recognized); Non-domestic (non-U.S.) Entities (Foreign Organizations); Regional Organizations; Tribally Controlled Colleges and Universities (TCCUs) ; U.S. Territory or Possession.",False,2028-01-07,464.0,False,False,False,False,False,True,10.0,False,,False,False,False,False,False,False,False,False,,unknown,,False,True,False,False,False,True,5.0,False,,False,False,True,True,True,True,True,True,False,False,True,15,False,True,,False,False,False,False,1,True,False,True,activity code R01,True,False,False,False,,2026-09-30,2026-08-18,Pilot Effectiveness Trials for Post-Acute Interventions and Services to Optimize Longer-term Outcomes (R01 Clinical Trial Required),open,ok,5.0,G3,none,"The grant funds pilot trials of post-acute mental health therapeutic and service delivery interventions, which supports NCDHHS's behavioral health goal of coordinated systems of care for mental health.",pilot effectiveness projects to evaluate the preliminary effectiveness of therapeutic and service delivery interventions for the post-acute management of mental health conditions,atypical,state_governments,DMHDDSUS,3.0,"DMHDDSUS oversees mental health services but does not routinely conduct NIH-funded clinical effectiveness trials, so it would need substantial academic research partners.","This is an NIH clinical trial research grant, which is outside NCDHHS's usual service-delivery role and would require clinical research infrastructure and regulatory oversight that the department does not typically have.",False,Mental health research aligns with G3 but an NIH clinical trial is outside DMHDDSUS's core service role; likely only valuable as an academic partner.,"[""Clinical Trial Required""]",True,True,atypical,deepseek/deepseek-v4-pro,92b0344f579a,True,10.0,0.15,1.0,0.0,0.0,60.0,open
73,8b031432-4455-4e66-9a51-ec41e8d6fa09,Clinical and Translational Science Award (UM1 Clinical Trial Optional),open,False,False,,8b031432-4455-4e66-9a51-ec41e8d6fa09,PAR-24-272,posted,HHS-NIH11,discretionary,,2024-09-03,2027-09-28,,2027-11-03,False,,,,,http://grants.nih.gov/grants/guide/pa-files/PAR-24-272.html,https://grants.nih.gov/grants/guide/pa-files/PAR-24-272.html,93.350|National Center for Advancing Translational Sciences,cooperative_agreement,health,,special_district_governments;for_profit_organizations_other_than_small_businesses;public_and_state_institutions_of_higher_education;public_and_indian_housing_authorities;nonprofits_non_higher_education_without_501c3;federally_recognized_native_american_tribal_governments;other_native_american_tribal_organizations;state_governments;nonprofits_non_higher_education_with_501c3;small_businesses;independent_school_districts;private_institutions_of_higher_education;other;county_governments;city_or_township_governments,"Other Eligible Applicants include the following:
 Alaska Native and Native Hawaiian Serving Institutions; Asian American Native American Pacific Islander Serving Institutions (AANAPISISs); Eligible Agencies of the Federal Government; Faith-based or Community-based Organizations; Hispanic-serving Institutions; Historically Black Colleges and Universities (HBCUs); Indian/Native American Tribal Governments (Other than Federally Recognized); Non-domestic (non-U.S.) Entities (Foreign Organizations); Regional Organizations; Tribally Controlled Colleges and Universities (TCCUs) ; U.S. Territory or Possession; See Funding Opportunity for eligibility criteria.
Non-domestic (non-U.S.) Entities (Foreign Organizations) are not eligible to apply.

Non-domestic (non-U.S.) components of U.S. Organizations are not eligible to apply.

Foreign components, as defined in the NIH Grants Policy Statement, are allowed.",National Institutes of Health,Department of Health and Human Services,"NIH Grants Information
grantsinfo@nih.gov",grantsinfo@nih.gov,See Section VII. Agency Contacts within the full opportunity announcement for all other inquires.,,,,,,,,,https://simpler.grants.gov/opportunity/8b031432-4455-4e66-9a51-ec41e8d6fa09,"This Notice of Funding Opportunity announcement (NOFO) invites applications for the Clinical and Translational Science Award (CTSA) Program hubs that will be part of a national, collaborative consortium focused on bringing more treatments for all people more quickly through advancing clinical and translational science (CTS) by (1) developing, demonstrating, and disseminating scientific and operational innovations that improve the efficiency and effectiveness of clinical translation from identification to first-in-human studies to medical practice implementation to community health dissemination; (2) promoting partnerships and collaborations to facilitate and accelerate translational research projects locally, regionally, and nationally; (3) creating, providing, and disseminating innovative research programs and partnerships across institutions and communities to address health disparities and deliver the benefits of translational science to all; (4) creating and implementing scientific and operational innovations that increase the quality, safety, efficiency, effectiveness, and informativeness of clinical research; (5) providing a national resource for the rapid response to urgent public health needs; and (6) creating, providing, and disseminating CTS training for clinical research professionals of all disciplines on the research team.","This Notice of Funding Opportunity announcement (NOFO) invites applications for the Clinical and Translational Science Award (CTSA) Program hubs that will be part of a national, collaborative consortium focused on bringing more treatments for all people more quickly through advancing clinical and translational science (CTS) by (1) developing, demonstrating, and disseminating scientific and operational innovations that improve the efficiency and effectiveness of clinical translation from identification to first-in-human studies to medical practice implementation to community health dissemination; (2) promoting partnerships and collaborations to facilitate and accelerate translational research projects locally, regionally, and nationally; (3) creating, providing, and disseminating innovative research programs and partnerships across institutions and communities to address health disparities and deliver the benefits of translational science to all; (4) creating and implementing scientific and operational innovations that increase the quality, safety, efficiency, effectiveness, and informativeness of clinical research; (5) providing a national resource for the rapid response to urgent public health needs; and (6) creating, providing, and disseminating CTS training for clinical research professionals of all disciplines on the research team.","Clinical and Translational Science Award (UM1 Clinical Trial Optional)
This Notice of Funding Opportunity announcement (NOFO) invites applications for the Clinical and Translational Science Award (CTSA) Program hubs that will be part of a national, collaborative consortium focused on bringing more treatments for all people more quickly through advancing clinical and translational science (CTS) by (1) developing, demonstrating, and disseminating scientific and operational innovations that improve the efficiency and effectiveness of clinical translation from identification to first-in-human studies to medical practice implementation to community health dissemination; (2) promoting partnerships and collaborations to facilitate and accelerate translational research projects locally, regionally, and nationally; (3) creating, providing, and disseminating innovative research programs and partnerships across institutions and communities to address health disparities and deliver the benefits of translational science to all; (4) creating and implementing scientific and operational innovations that increase the quality, safety, efficiency, effectiveness, and informativeness of clinical research; (5) providing a national resource for the rapid response to urgent public health needs; and (6) creating, providing, and disseminating CTS training for clinical research professionals of all disciplines on the research team.
Other Eligible Applicants include the following:
 Alaska Native and Native Hawaiian Serving Institutions; Asian American Native American Pacific Islander Serving Institutions (AANAPISISs); Eligible Agencies of the Federal Government; Faith-based or Community-based Organizations; Hispanic-serving Institutions; Historically Black Colleges and Universities (HBCUs); Indian/Native American Tribal Governments (Other than Federally Recognized); Non-domestic (non-U.S.) Entities (Foreign Organizations); Regional Organizations; Tribally Controlled Colleges and Universities (TCCUs) ; U.S. Territory or Possession; See Funding Opportunity for eligibility criteria.
Non-domestic (non-U.S.) Entities (Foreign Organizations) are not eligible to apply.

Non-domestic (non-U.S.) components of U.S. Organizations are not eligible to apply.

Foreign components, as defined in the NIH Grants Policy Statement, are allowed.",False,2027-09-28,363.0,False,False,False,False,False,True,10.0,False,,False,False,False,False,False,False,False,False,,unknown,,False,True,False,False,False,True,5.0,False,,False,False,True,True,True,True,True,True,False,False,True,15,False,True,,False,False,False,False,1,True,False,True,NIH opportunity,True,False,False,False,,2026-09-30,2026-08-18,Clinical and Translational Science Award (UM1 Clinical Trial Optional),open,ok,5.0,G1,G1.O1,"The grant's explicit focus on addressing health disparities and delivering translational science benefits to all aligns with NCDHHS's goal of building structures to reduce health disparities, though it is a research consortium rather than direct service delivery.",address health disparities and deliver the benefits of translational science to all,atypical,state_governments,none,3.0,NCDHHS divisions do not operate an NIH-funded clinical and translational science hub; this is primarily academic medical center research infrastructure.,"A competitive CTSA hub requires clinical research infrastructure and institutional partnerships that NCDHHS does not own, so an application led by the department would likely be noncompetitive.",False,Mentions health disparities but is an NIH academic clinical/translational research hub; NCDHHS lacks the research infrastructure to lead it competitively.,[],True,True,atypical,deepseek/deepseek-v4-pro,92b0344f579a,True,10.0,0.15,1.0,0.0,0.0,60.0,open
74,56d667b4-9531-44e3-a344-62763b27c1cf,World Trade Center Youth Research Coordinating Center (U54),forecast,True,False,,56d667b4-9531-44e3-a344-62763b27c1cf,RFA-OH-27-054,forecasted,HHS-CDC-HHSCDCERA,mandatory,,2026-07-31,,,2027-02-24,False,1.0,50000000.0,0.0,10000000.0,,,93.262|Occupational Safety and Health Program,cooperative_agreement,health,,state_governments;nonprofits_non_higher_education_without_501c3;other_native_american_tribal_organizations;nonprofits_non_higher_education_with_501c3;private_institutions_of_higher_education;public_and_state_institutions_of_higher_education;public_and_indian_housing_authorities;small_businesses;for_profit_organizations_other_than_small_businesses;county_governments;independent_school_districts;federally_recognized_native_american_tribal_governments;unrestricted;special_district_governments;city_or_township_governments,"Non-domestic (non-U.S.) Entities (Foreign Institutions) are not eligible to apply. Non-domestic (non-U.S.) components of U.S. Organizations are not eligible to apply. Applicants may not include foreign components, as defined in the HHS Grants Policy Statement. Applicants may include collaborators or consultants from foreign institutions.",Centers for Disease Control and Prevention - ERA,Department of Health and Human Services,"James Yiin, PhD, Scientific Program Official
513-841-4271",jcy5@cdc.gov,jcy5@cdc.gov,2026-11-24,2027-02-23,Electronically submitted applications must be submitted no later than 11:59 pm ET on the listed application due date.,2027-06-26,2027-07-01,2027.0,,,https://simpler.grants.gov/opportunity/56d667b4-9531-44e3-a344-62763b27c1cf,"<p>The National Institute for Occupational Safety and Health (NIOSH), World Trade Center (WTC) Health Program, plans to establish a WTC Youth Research Coordinating Center (""Center"") through a U54 cooperative agreement.</p><p>In December 2022, Congress amended the Public Health Service Act (42 U.S.C. § 300mm–51(c)) to direct the WTC Health Program Administrator to establish a research cohort for emerging health impacts on youth. The cohort must be of sufficient size to support future research studies on the health and educational impacts of exposures resulting from the September 11, 2001, terrorist attacks (9/11).</p><p>The overall purpose of the Center is to:</p><ul style=""list-style-type:disc;""><li data-list-item-id=""e0b08e84e5db3b93591972634bf493a19"">Establish and maintain a WTC Youth Research Cohort of individuals who were:&nbsp;<ul style=""list-style-type:circle;""><li style=""margin-left:16px;"" data-list-item-id=""e477485da0ee51a882a8adbdf69f61ded"">21 years of age or younger at the time of 9/11 exposure, including those exposed in utero.</li><li style=""margin-left:16px;"" data-list-item-id=""e498477f3d19f2433257c530df994e51d"">Within a certain distance of the WTC site on and after 9/11.</li></ul></li><li data-list-item-id=""e2285167405badaaa86122367282c4856"">Develop and implement research on the long-term health and educational (including developmental and cognitive) impacts of individuals exposed at a young age to 9/11.</li></ul><p>The Center will integrate multidisciplinary expertise in epidemiology, environmental and occupational health, information technology and data management, community-engaged recruitment and research, and related disciplines. Community engagement and effective stakeholder communication will be central to all Center activities.</p><p>The Center will support four functional core activities:</p><ol><li data-list-item-id=""e01bab0658cb63d7d16dbabdd69cf4e00"">Planning, Administration, and Evaluation.</li><li data-list-item-id=""ea377dcf4aa513f53101ef9ba29caca45"">Information Technology (IT) and Data Management.</li><li data-list-item-id=""e8ccafd20effe7649db5ab2410ccb765b"">Communication, Outreach, and Community Engagement.</li><li data-list-item-id=""e32b68b9db13d454856a56452ca83b47b"">Research and Related Activities.</li></ol><p>The expected public health impact includes addressing gaps in knowledge about the health and educational impacts associated with 9/11 among individuals exposed in utero or at a young age. It also includes improving understanding of the long-term effects of 9/11 exposures across the lifespan.</p>","The National Institute for Occupational Safety and Health (NIOSH), World Trade Center (WTC) Health Program, plans to establish a WTC Youth Research Coordinating Center (""Center"") through a U54 cooperative agreement.
 In December 2022, Congress amended the Public Health Service Act (42 U.S.C. § 300mm–51(c)) to direct the WTC Health Program Administrator to establish a research cohort for emerging health impacts on youth. The cohort must be of sufficient size to support future research studies on the health and educational impacts of exposures resulting from the September 11, 2001, terrorist attacks (9/11).
 The overall purpose of the Center is to:
  Establish and maintain a WTC Youth Research Cohort of individuals who were:   21 years of age or younger at the time of 9/11 exposure, including those exposed in utero.
 Within a certain distance of the WTC site on and after 9/11.
 
 Develop and implement research on the long-term health and educational (including developmental and cognitive) impacts of individuals exposed at a young age to 9/11.
  The Center will integrate multidisciplinary expertise in epidemiology, environmental and occupational health, information technology and data management, community-engaged recruitment and research, and related disciplines. Community engagement and effective stakeholder communication will be central to all Center activities.
 The Center will support four functional core activities:
  Planning, Administration, and Evaluation.
 Information Technology (IT) and Data Management.
 Communication, Outreach, and Community Engagement.
 Research and Related Activities.
  The expected public health impact includes addressing gaps in knowledge about the health and educational impacts associated with 9/11 among individuals exposed in utero or at a young age. It also includes improving understanding of the long-term effects of 9/11 exposures across the lifespan.","World Trade Center Youth Research Coordinating Center (U54)
The National Institute for Occupational Safety and Health (NIOSH), World Trade Center (WTC) Health Program, plans to establish a WTC Youth Research Coordinating Center (""Center"") through a U54 cooperative agreement.
 In December 2022, Congress amended the Public Health Service Act (42 U.S.C. § 300mm–51(c)) to direct the WTC Health Program Administrator to establish a research cohort for emerging health impacts on youth. The cohort must be of sufficient size to support future research studies on the health and educational impacts of exposures resulting from the September 11, 2001, terrorist attacks (9/11).
 The overall purpose of the Center is to:
  Establish and maintain a WTC Youth Research Cohort of individuals who were:   21 years of age or younger at the time of 9/11 exposure, including those exposed in utero.
 Within a certain distance of the WTC site on and after 9/11.
 
 Develop and implement research on the long-term health and educational (including developmental and cognitive) impacts of individuals exposed at a young age to 9/11.
  The Center will integrate multidisciplinary expertise in epidemiology, environmental and occupational health, information technology and data management, community-engaged recruitment and research, and related disciplines. Community engagement and effective stakeholder communication will be central to all Center activities.
 The Center will support four functional core activities:
  Planning, Administration, and Evaluation.
 Information Technology (IT) and Data Management.
 Communication, Outreach, and Community Engagement.
 Research and Related Activities.
  The expected public health impact includes addressing gaps in knowledge about the health and educational impacts associated with 9/11 among individuals exposed in utero or at a young age. It also includes improving understanding of the long-term effects of 9/11 exposures across the lifespan.
Non-domestic (non-U.S.) Entities (Foreign Institutions) are not eligible to apply. Non-domestic (non-U.S.) components of U.S. Organizations are not eligible to apply. Applicants may not include foreign components, as defined in the HHS Grants Policy Statement. Applicants may include collaborators or consultants from foreign institutions.",False,,,False,False,False,False,False,False,,False,55.0,False,False,False,False,False,False,False,False,50000000.0,award_ceiling,10000000.0,True,False,True,True,False,False,10.0,False,,False,False,True,True,True,True,True,True,False,True,False,15,False,True,,False,False,False,False,1,True,False,True,activity code U54,True,False,False,False,,2026-09-30,2026-08-18,World Trade Center Youth Research Coordinating Center (U54),forecast,ok,4.0,G5,G5.O1,"The grant funds creation of a longitudinal research cohort and IT/data management core, which aligns with G5.O1's emphasis on building data infrastructure for evidence-based decisions.",Information Technology (IT) and Data Management.,lead,state_governments,DPH,3.0,"DPH has epidemiology, environmental health, and data-management capacity, but it does not operate WTC-specific cohorts or have access to the 9/11-exposed youth population.","The grant requires building and maintaining a specialized national WTC 9/11 youth cohort, an area where NCDHHS has no existing WTC Health Program relationships or direct access to the affected population.",False,Highly specialized WTC 9/11 youth cohort research has weak tie to NCDHHS goals and would be hard for a state health department to lead; not worth pursuing.,[],True,True,lead,deepseek/deepseek-v4-pro,92b0344f579a,True,10.0,0.0,0.85,0.0,0.0,58.24,forecast_watchlist
75,43e32c6d-fbbd-4056-8fd4-f64cdebefd41,NIOSH Centers of Excellence for Total Worker Health® (U19),forecast,True,False,,43e32c6d-fbbd-4056-8fd4-f64cdebefd41,RFA-OH-27-049,forecasted,HHS-CDC-HHSCDCERA,discretionary,,2026-07-28,,,2027-10-06,False,10.0,58500000.0,500000.0,1400000.0,,,93.262|Occupational Safety and Health Program,cooperative_agreement,health,,unrestricted;nonprofits_non_higher_education_with_501c3;independent_school_districts;small_businesses;state_governments;special_district_governments;public_and_indian_housing_authorities;county_governments;federally_recognized_native_american_tribal_governments;for_profit_organizations_other_than_small_businesses;nonprofits_non_higher_education_without_501c3;other_native_american_tribal_organizations;city_or_township_governments;public_and_state_institutions_of_higher_education;private_institutions_of_higher_education,"Non-domestic (non-U.S.) Entities (Foreign Institutions) are not eligible to apply. Non-domestic (non-U.S.) components of U.S. Organizations are not eligible to apply. Foreign components, as defined in the HHS Grants Policy Statement, are not allowed.",Centers for Disease Control and Prevention - ERA,Department of Health and Human Services,"Maria Lioce, MD, Scientific Program Official
404-498-2575",MLioce@cdc.gov,MLioce@cdc.gov,2026-11-16,2027-02-26,"October 05, 2027. All applications must be submitted no later than 11:59 pm local time of the applicant's organization.",2027-08-02,2027-09-01,2027.0,,,https://simpler.grants.gov/opportunity/43e32c6d-fbbd-4056-8fd4-f64cdebefd41,"<p><strong>PURPOSE</strong><br>NIOSH intends to support the Centers of Excellence in Total Worker Health® (TWH).&nbsp;These Centers will conduct rigorous research and translation activities to prevent harmful exposures, improve working conditions, and advance worker well-being. The Centers will develop practical, scalable solutions for employers and workers. All projects must use the NIOSH Worker Well-Being Questionnaire (WellBQ) and share data with the HERO Worker Well-Being Clearinghouse. Large Research Projects&nbsp;require&nbsp;economic evaluation.&nbsp;</p><p><strong>PRIORITY AREAS</strong><br>• High-risk occupations: First responders, vehicle mechanics, and technicians, with emphasis on occupational exposures, related health risks, and prevention strategies<br>• Young workers, SMEs&nbsp;<br>• Chronic disease<br>• Mental health, stress<br>• Substance use disorder<br>• Artificial intelligence (AI), digital technologies</p><p>This is a multi-component NOFO.</p><p><strong>COMPONENT STRUCTURE</strong><br>Percentages indicate maximum share of total budget.</p><p><strong>Overall Component (Required)</strong><br>Provides Center leadership and integration. Applicants should show strong coordination, scientific direction, and alignment across projects.</p><p><strong>Administration, Evaluation, and Emerging Issues Core (Required; up to 15%)</strong><br>Supports management and Center-wide evaluation. Applicants should describe oversight, data governance, and quality assurance.Optional activities include emerging issues and shared research resources.</p><p><strong>Outreach, Dissemination, and Impact Core (Required; up to 15%)</strong><br>Supports communication, worker/employer engagement, training, translation, implementation, and dissemination strategies.</p><p><strong>Research Projects (Required; about 60 to 70%)</strong><br>Includes all research activities. Applicants may propose&nbsp;a mix of&nbsp;projects.&nbsp;Research project distinctions are based on scope and complexity rather than cost. Projects should demonstrate scientific rigor and potential for sustained impact.</p><ul><li data-list-item-id=""ea042ead4bda90f7afca9db4ed6265ccb""><i><strong>Small Research Projects (Required; at least one project; up to 3 years)</strong></i><br>Exploratory, feasibility, early-stage intervention, surveillance, or measurement studies.<br>Priority areas: high-risk occupations, young workers, SMEs.<br>Should show innovation and potential to expand.&nbsp;</li><li data-list-item-id=""eab66fe3983b477c58a224d9b02cf204c""><i><strong>Large Research Projects (Required; at least one project; up to 5 years)</strong></i><br>Multiyear etiologic, mechanistic, intervention, or translational studies.<br>Priority areas: chronic disease, mental health, substance use disorder.&nbsp;<br>Economic evaluation&nbsp;is required. Projects should include strong design and analytic plans.&nbsp;</li><li data-list-item-id=""ed259d50833d70d74aa5cc6f2b4cd83d6""><i><strong>Pilot/Feasibility Program (Optional; 12–18 months)</strong></i>&nbsp;<br>Short-term studies generating preliminary data or testing AI/digital technology approaches.</li></ul>","PURPOSE 
NIOSH intends to support the Centers of Excellence in Total Worker Health® (TWH). These Centers will conduct rigorous research and translation activities to prevent harmful exposures, improve working conditions, and advance worker well-being. The Centers will develop practical, scalable solutions for employers and workers. All projects must use the NIOSH Worker Well-Being Questionnaire (WellBQ) and share data with the HERO Worker Well-Being Clearinghouse. Large Research Projects require economic evaluation. 
  PRIORITY AREAS 
• High-risk occupations: First responders, vehicle mechanics, and technicians, with emphasis on occupational exposures, related health risks, and prevention strategies
• Young workers, SMEs 
• Chronic disease
• Mental health, stress
• Substance use disorder
• Artificial intelligence (AI), digital technologies
 This is a multi-component NOFO.
  COMPONENT STRUCTURE 
Percentages indicate maximum share of total budget.
  Overall Component (Required) 
Provides Center leadership and integration. Applicants should show strong coordination, scientific direction, and alignment across projects.
  Administration, Evaluation, and Emerging Issues Core (Required; up to 15%) 
Supports management and Center-wide evaluation. Applicants should describe oversight, data governance, and quality assurance.Optional activities include emerging issues and shared research resources.
  Outreach, Dissemination, and Impact Core (Required; up to 15%) 
Supports communication, worker/employer engagement, training, translation, implementation, and dissemination strategies.
  Research Projects (Required; about 60 to 70%) 
Includes all research activities. Applicants may propose a mix of projects. Research project distinctions are based on scope and complexity rather than cost. Projects should demonstrate scientific rigor and potential for sustained impact.
    Small Research Projects (Required; at least one project; up to 3 years)  
Exploratory, feasibility, early-stage intervention, surveillance, or measurement studies.
Priority areas: high-risk occupations, young workers, SMEs.
Should show innovation and potential to expand. 
   Large Research Projects (Required; at least one project; up to 5 years)  
Multiyear etiologic, mechanistic, intervention, or translational studies.
Priority areas: chronic disease, mental health, substance use disorder. 
Economic evaluation is required. Projects should include strong design and analytic plans. 
   Pilot/Feasibility Program (Optional; 12–18 months)   
Short-term studies generating preliminary data or testing AI/digital technology approaches.","NIOSH Centers of Excellence for Total Worker Health® (U19)
PURPOSE 
NIOSH intends to support the Centers of Excellence in Total Worker Health® (TWH). These Centers will conduct rigorous research and translation activities to prevent harmful exposures, improve working conditions, and advance worker well-being. The Centers will develop practical, scalable solutions for employers and workers. All projects must use the NIOSH Worker Well-Being Questionnaire (WellBQ) and share data with the HERO Worker Well-Being Clearinghouse. Large Research Projects require economic evaluation. 
  PRIORITY AREAS 
• High-risk occupations: First responders, vehicle mechanics, and technicians, with emphasis on occupational exposures, related health risks, and prevention strategies
• Young workers, SMEs 
• Chronic disease
• Mental health, stress
• Substance use disorder
• Artificial intelligence (AI), digital technologies
 This is a multi-component NOFO.
  COMPONENT STRUCTURE 
Percentages indicate maximum share of total budget.
  Overall Component (Required) 
Provides Center leadership and integration. Applicants should show strong coordination, scientific direction, and alignment across projects.
  Administration, Evaluation, and Emerging Issues Core (Required; up to 15%) 
Supports management and Center-wide evaluation. Applicants should describe oversight, data governance, and quality assurance.Optional activities include emerging issues and shared research resources.
  Outreach, Dissemination, and Impact Core (Required; up to 15%) 
Supports communication, worker/employer engagement, training, translation, implementation, and dissemination strategies.
  Research Projects (Required; about 60 to 70%) 
Includes all research activities. Applicants may propose a mix of projects. Research project distinctions are based on scope and complexity rather than cost. Projects should demonstrate scientific rigor and potential for sustained impact.
    Small Research Projects (Required; at least one project; up to 3 years)  
Exploratory, feasibility, early-stage intervention, surveillance, or measurement studies.
Priority areas: high-risk occupations, young workers, SMEs.
Should show innovation and potential to expand. 
   Large Research Projects (Required; at least one project; up to 5 years)  
Multiyear etiologic, mechanistic, intervention, or translational studies.
Priority areas: chronic disease, mental health, substance use disorder. 
Economic evaluation is required. Projects should include strong design and analytic plans. 
   Pilot/Feasibility Program (Optional; 12–18 months)   
Short-term studies generating preliminary data or testing AI/digital technology approaches.
Non-domestic (non-U.S.) Entities (Foreign Institutions) are not eligible to apply. Non-domestic (non-U.S.) components of U.S. Organizations are not eligible to apply. Foreign components, as defined in the HHS Grants Policy Statement, are not allowed.",False,,,False,False,False,False,False,False,,False,47.0,False,False,False,False,False,False,False,False,5850000.0,award_ceiling,1400000.0,True,False,True,False,False,False,5.73,False,,False,False,True,True,True,True,True,True,False,True,False,15,False,True,,False,False,False,False,1,True,False,True,activity code U19,True,False,False,False,,2026-09-30,2026-08-18,NIOSH Centers of Excellence for Total Worker Health® (U19),forecast,ok,5.0,G4,none,"The grant funds research and translation to advance worker well-being, which aligns broadly with the workforce health goal but does not target a specific named NCDHHS workforce objective.",advance worker well-being,lead,state_governments,DPH,4.0,"DPH has epidemiology, surveillance, and chronic disease capacity but no dedicated occupational health research center, so leading this U19 would require new research infrastructure and academic partnerships.",NCDHHS would be competing against established academic occupational health research centers with limited in-house occupational health research infrastructure.,False,"Research center grant on worker well-being; broad workforce alignment but weak operational fit and heavy research infrastructure, so not a strong NCDHHS lead.","[""All projects must use the NIOSH Worker Well-Being Questionnaire (WellBQ) and share data with the HERO Worker Well-Being Clearinghouse"", ""Large Research Projects require economic evaluation""]",True,True,lead,deepseek/deepseek-v4-pro,92b0344f579a,True,10.0,0.0,0.85,0.0,0.0,57.17,forecast_watchlist
76,568fb3c7-74aa-436e-83b3-7cfc226ae206,Early-Stage Dissemination and Implementation Research in Communication Disorders (R21 Clinical Trial Optional),open,False,False,,568fb3c7-74aa-436e-83b3-7cfc226ae206,RFA-DC-26-001,posted,HHS-NIH11,discretionary,,2026-02-05,2027-06-17,,2027-08-16,False,,1000000.0,,,,,93.173|Research Related to Deafness and Communication Disorders,grant,health,,small_businesses;federally_recognized_native_american_tribal_governments;special_district_governments;independent_school_districts;other_native_american_tribal_organizations;public_and_indian_housing_authorities;state_governments;county_governments;city_or_township_governments;nonprofits_non_higher_education_with_501c3;for_profit_organizations_other_than_small_businesses;private_institutions_of_higher_education;public_and_state_institutions_of_higher_education;nonprofits_non_higher_education_without_501c3;other,"Refer to Section III. Eligibility Information in the NOFO for additional information on eligibility.Foreign Organizations/International CollaborationsNon-domestic (non-U.S.) Entities (Foreign Organizations) are eligible to apply.Non-domestic (non-U.S.) components of U.S. Organizations are eligible to apply.Foreign components, as defined in the NIH Grants Policy Statement, are allowed.NIH will no longer issue awards (i.e., new, renewal, or non-competing continuation) to domestic or foreign entities that involve foreign subawards/subcontracts. All NIH-funded research involving foreign subawards/subcontracts must be submitted in response to a NOFO that is specifically designated for funded international collaborations. This new requirement was effective, May 1, 2025.Applications involving foreign subawards/subcontracts submitted in response to this NOFO will be deemed noncompliant and will not be considered for funding. This policy applies to all monetary international collaborations resulting in foreign subawards/subcontracts, however, it does not preclude unfunded international collaborations or foreign components, funding for foreign consultants, or procurement of unique equipment or supplies from foreign vendors.",National Institutes of Health,Department of Health and Human Services,"National Institute on Deafness and Other Communication Disorders
NIDCD_Implemenation_Science@nih.gov",NIDCD_Implemenation_Science@nih.gov,NIDCD_Implemenation_Science@nih.gov,,,,,,,,,https://simpler.grants.gov/opportunity/568fb3c7-74aa-436e-83b3-7cfc226ae206,"The National Institute on Deafness and other Communication Disorders (NIDCD) intends to re-issue a Notice of Funding Opportunity (NOFO, prior funding opportunity RFA-DC-24-008 to solicit applications for research on early-stage dissemination and implementation (D&I) in the NIDCD mission areas of hearing, balance, taste, smell, voice, speech, and language. Much research is devoted to developing evidence-based innovations (EBIs) that improve a person""s health and quality of life. To impact people""s lives, EBIs need to be adopted in clinical practice and everyday life. Unfortunately, wide-scale adoption of EBIs is lengthy and rare. Dissemination and implementation (D&I) science is the field of research that seeks to close the gap between research and practice. Dissemination research is defined as the scientific study of the targeted distribution of information and materials about EBI to a specific audience (e.g., practitioners, patients, policymakers). The intent is to understand how best to communicate and integrate knowledge associated with a given EBI. Implementation Science refers to a broader array of active and planned efforts to integrate evidence into practice. Implementation research focuses on understanding why clinical and community settings are not adopting and sustaining a particular EBI. In turn, implementation research uses this understanding of barriers and facilitators to develop and evaluate different strategies (or collections of strategies) to increase adoption and integration of an EBI into practice. Many fields have applied D&I research theories, approaches, and outcome measures to improve adoption and sustainment of EBIs. This funding opportunity aims to support early-stage D&I research in NIDCD mission areas of hearing, balance, taste, smell, voice, speech, and language. Resulting findings should set a sufficient foundation for a high-quality, D&I focused R01 in NIDCD mission areas. Applications are not being solicited at this time. Notice is being provided to allow potential applicants sufficient time to develop meaningful collaborations and responsive projects. This NOFO will utilize the R21 activity code. Investigators with expertise and insights into D&I research in NIDCD mission areas are encouraged to begin to consider applying for this new NOFO. In addition, collaborative investigations combining expertise in D&I and NIDCD mission areas will be encouraged and these investigators should also begin considering applying for this application.","The National Institute on Deafness and other Communication Disorders (NIDCD) intends to re-issue a Notice of Funding Opportunity (NOFO, prior funding opportunity RFA-DC-24-008 to solicit applications for research on early-stage dissemination and implementation (D&I) in the NIDCD mission areas of hearing, balance, taste, smell, voice, speech, and language. Much research is devoted to developing evidence-based innovations (EBIs) that improve a person""s health and quality of life. To impact people""s lives, EBIs need to be adopted in clinical practice and everyday life. Unfortunately, wide-scale adoption of EBIs is lengthy and rare. Dissemination and implementation (D&I) science is the field of research that seeks to close the gap between research and practice. Dissemination research is defined as the scientific study of the targeted distribution of information and materials about EBI to a specific audience (e.g., practitioners, patients, policymakers). The intent is to understand how best to communicate and integrate knowledge associated with a given EBI. Implementation Science refers to a broader array of active and planned efforts to integrate evidence into practice. Implementation research focuses on understanding why clinical and community settings are not adopting and sustaining a particular EBI. In turn, implementation research uses this understanding of barriers and facilitators to develop and evaluate different strategies (or collections of strategies) to increase adoption and integration of an EBI into practice. Many fields have applied D&I research theories, approaches, and outcome measures to improve adoption and sustainment of EBIs. This funding opportunity aims to support early-stage D&I research in NIDCD mission areas of hearing, balance, taste, smell, voice, speech, and language. Resulting findings should set a sufficient foundation for a high-quality, D&I focused R01 in NIDCD mission areas. Applications are not being solicited at this time. Notice is being provided to allow potential applicants sufficient time to develop meaningful collaborations and responsive projects. This NOFO will utilize the R21 activity code. Investigators with expertise and insights into D&I research in NIDCD mission areas are encouraged to begin to consider applying for this new NOFO. In addition, collaborative investigations combining expertise in D&I and NIDCD mission areas will be encouraged and these investigators should also begin considering applying for this application.","Early-Stage Dissemination and Implementation Research in Communication Disorders (R21 Clinical Trial Optional)
The National Institute on Deafness and other Communication Disorders (NIDCD) intends to re-issue a Notice of Funding Opportunity (NOFO, prior funding opportunity RFA-DC-24-008 to solicit applications for research on early-stage dissemination and implementation (D&I) in the NIDCD mission areas of hearing, balance, taste, smell, voice, speech, and language. Much research is devoted to developing evidence-based innovations (EBIs) that improve a person""s health and quality of life. To impact people""s lives, EBIs need to be adopted in clinical practice and everyday life. Unfortunately, wide-scale adoption of EBIs is lengthy and rare. Dissemination and implementation (D&I) science is the field of research that seeks to close the gap between research and practice. Dissemination research is defined as the scientific study of the targeted distribution of information and materials about EBI to a specific audience (e.g., practitioners, patients, policymakers). The intent is to understand how best to communicate and integrate knowledge associated with a given EBI. Implementation Science refers to a broader array of active and planned efforts to integrate evidence into practice. Implementation research focuses on understanding why clinical and community settings are not adopting and sustaining a particular EBI. In turn, implementation research uses this understanding of barriers and facilitators to develop and evaluate different strategies (or collections of strategies) to increase adoption and integration of an EBI into practice. Many fields have applied D&I research theories, approaches, and outcome measures to improve adoption and sustainment of EBIs. This funding opportunity aims to support early-stage D&I research in NIDCD mission areas of hearing, balance, taste, smell, voice, speech, and language. Resulting findings should set a sufficient foundation for a high-quality, D&I focused R01 in NIDCD mission areas. Applications are not being solicited at this time. Notice is being provided to allow potential applicants sufficient time to develop meaningful collaborations and responsive projects. This NOFO will utilize the R21 activity code. Investigators with expertise and insights into D&I research in NIDCD mission areas are encouraged to begin to consider applying for this new NOFO. In addition, collaborative investigations combining expertise in D&I and NIDCD mission areas will be encouraged and these investigators should also begin considering applying for this application.
Refer to Section III. Eligibility Information in the NOFO for additional information on eligibility.Foreign Organizations/International CollaborationsNon-domestic (non-U.S.) Entities (Foreign Organizations) are eligible to apply.Non-domestic (non-U.S.) components of U.S. Organizations are eligible to apply.Foreign components, as defined in the NIH Grants Policy Statement, are allowed.NIH will no longer issue awards (i.e., new, renewal, or non-competing continuation) to domestic or foreign entities that involve foreign subawards/subcontracts. All NIH-funded research involving foreign subawards/subcontracts must be submitted in response to a NOFO that is specifically designated for funded international collaborations. This new requirement was effective, May 1, 2025.Applications involving foreign subawards/subcontracts submitted in response to this NOFO will be deemed noncompliant and will not be considered for funding. This policy applies to all monetary international collaborations resulting in foreign subawards/subcontracts, however, it does not preclude unfunded international collaborations or foreign components, funding for foreign consultants, or procurement of unique equipment or supplies from foreign vendors.",False,2027-06-17,260.0,False,False,False,False,False,True,10.0,False,,False,False,False,False,False,False,False,False,,program_total,1000000.0,True,False,True,False,False,False,5.0,False,,False,False,True,True,True,True,True,True,False,False,True,15,False,True,,False,False,False,False,1,True,False,True,activity code R21,True,False,False,False,,2026-09-30,2026-08-18,Early-Stage Dissemination and Implementation Research in Communication Disorders (R21 Clinical Trial Optional),open,ok,4.0,G1,G1.O3,"The grant would fund early-stage dissemination and implementation research on communication disorders, which could build evidence for reducing communication-related barriers to health access.","This funding opportunity aims to support early-stage D&I research in NIDCD mission areas of hearing, balance, taste, smell, voice, speech, and language.",lead,state_governments,DSBDHH,3.0,"DSBDHH is the closest subject-matter division for deaf and hard-of-hearing services, but it is a service and accessibility division without the NIH research infrastructure needed to lead an R21.","This is an early-stage research grant rather than a services or program grant, and the likely owning division lacks NIH research capacity and would need academic research partners.",False,"Early-stage NIH communication disorders research is peripheral to NCDHHS service divisions; DSBDHH lacks research capacity, so it is not a strong fit.","[""Applications involving foreign subawards/subcontracts submitted in response to this NOFO will be deemed noncompliant and will not be considered for funding.""]",True,True,lead,deepseek/deepseek-v4-pro,92b0344f579a,True,10.0,0.15,1.0,0.0,0.0,57.0,open
77,2906e477-3c29-4d8e-b45c-cda5170e3fcb,OMHHE Educational Funding Opportunity: Expanding education on skin lightening products (U01) Clinical Trials Not Allowed,forecast,True,False,,2906e477-3c29-4d8e-b45c-cda5170e3fcb,FOR-FD-24-017,forecasted,HHS-FDA,discretionary,,2023-12-12,,,,False,,,250000.0,250000.0,,,93.103|Food and Drug Administration Research,cooperative_agreement;grant,consumer_protection;agriculture;food_and_nutrition,,small_businesses;state_governments;public_and_state_institutions_of_higher_education;independent_school_districts;county_governments;city_or_township_governments;private_institutions_of_higher_education;for_profit_organizations_other_than_small_businesses;special_district_governments;federally_recognized_native_american_tribal_governments;nonprofits_non_higher_education_with_501c3;unrestricted;other_native_american_tribal_organizations;nonprofits_non_higher_education_without_501c3;public_and_indian_housing_authorities,,Food and Drug Administration,Department of Health and Human Services,"Terrin Brown
Grantor
2404027610",terrin.brown@fda.hhs.gov,terrin.brown@fda.hhs.gov,,,,,,2024.0,,,https://simpler.grants.gov/opportunity/2906e477-3c29-4d8e-b45c-cda5170e3fcb,"<p>The purpose of the funding opportunity is to expand and advance FDA's Office of Minority Health and Health Equity (OMHHE) work with stakeholders and partners for education, outreach, and public awareness activities on potential risks from skin lightening products containing hydroquinone and/or mercury.</p><p><br></p><p>Applicants will research and propose innovative and community-based strategies and activities that have the potential to strengthen the science base for education and public health awareness on the use of and potential risks from over-the-counter (OTC) skin lightening products.</p>","The purpose of the funding opportunity is to expand and advance FDA's Office of Minority Health and Health Equity (OMHHE) work with stakeholders and partners for education, outreach, and public awareness activities on potential risks from skin lightening products containing hydroquinone and/or mercury.
 

 Applicants will research and propose innovative and community-based strategies and activities that have the potential to strengthen the science base for education and public health awareness on the use of and potential risks from over-the-counter (OTC) skin lightening products.","OMHHE Educational Funding Opportunity: Expanding education on skin lightening products (U01) Clinical Trials Not Allowed
The purpose of the funding opportunity is to expand and advance FDA's Office of Minority Health and Health Equity (OMHHE) work with stakeholders and partners for education, outreach, and public awareness activities on potential risks from skin lightening products containing hydroquinone and/or mercury.
 

 Applicants will research and propose innovative and community-based strategies and activities that have the potential to strengthen the science base for education and public health awareness on the use of and potential risks from over-the-counter (OTC) skin lightening products.
",False,,,False,False,False,False,False,False,,True,,False,False,False,False,False,False,False,False,,award_ceiling,250000.0,True,False,False,False,False,False,1.99,False,,False,False,True,True,True,True,True,True,False,True,False,15,False,True,,False,False,False,False,1,True,False,True,activity code U01,True,False,False,True,,2026-09-30,2026-08-18,OMHHE Educational Funding Opportunity: Expanding education on skin lightening products (U01) Clinical Trials Not Allowed,forecast,ok,5.0,G1,G1.O1,"The grant funds community-based education and outreach on skin-lightening product risks through FDA's Office of Minority Health and Health Equity, supporting NCDHHS's health-disparities reduction objective.","The purpose of the funding opportunity is to expand and advance FDA's Office of Minority Health and Health Equity (OMHHE) work with stakeholders and partners for education, outreach, and public awareness activities on potential risks from skin lightening products containing hydroquinone and/or mercury.",lead,state_governments,DPH,6.0,"DPH already conducts public health education, environmental health, and minority health outreach, so it could manage a community-based FDA education award, though this topic is narrow.","The topic is narrow and FDA-specific, likely requiring community-based partners and offering limited fit with NCDHHS's larger programmatic priorities.",True,Fits DPH health-equity education; FDA outreach on skin-lightening product risks is eligible for state governments and aligns with reducing disparities but is narrow.,[],True,True,lead,deepseek/deepseek-v4-pro,92b0344f579a,True,10.0,0.0,0.85,0.0,0.0,56.45,forecast_watchlist
78,106cd2d3-4fa8-4b20-a519-4eed2b256b3c,NIH Pragmatic Trials Conducted in Health Care Systems,forecast,True,False,,106cd2d3-4fa8-4b20-a519-4eed2b256b3c,PAR-28-010,forecasted,HHS-NIH11,discretionary,,2026-04-29,,,,False,,,,,,,93.473|Complementary and Integrative Health - Research Projects;93.213|Research and Training in Complementary and Integrative Health,cooperative_agreement,health,,other;small_businesses;independent_school_districts;federally_recognized_native_american_tribal_governments;other_native_american_tribal_organizations;for_profit_organizations_other_than_small_businesses;private_institutions_of_higher_education;county_governments;public_and_indian_housing_authorities;state_governments;nonprofits_non_higher_education_with_501c3,Other Eligible ApplicantsIndian/Native American Tribal Governments (Other than Federally Recognized);Eligible Agencies of the Federal Government;U.S. Territory or Possession;Faith-based or Community-based Organizations;Regional Organizations;Non-domestic (non-U.S.) Entities (Foreign Institutions).,National Institutes of Health,Department of Health and Human Services,"NCCIH Division of Extramural Research Program Officer
Please contact via e-mail.",NCCIHDERFunding@nih.gov,NCCIHDERFunding@nih.gov,2026-11-24,2027-02-23,,2027-12-01,2027-12-01,2028.0,,,https://simpler.grants.gov/opportunity/106cd2d3-4fa8-4b20-a519-4eed2b256b3c,"<p>The National Institutes of Health intends to publish a Notice of Funding Opportunity (NOFO), Pragmatic and Implementation Trials Conducted in Health Care Settings</p><p>This funding opportunity will support large-scale pragmatic trials that test intervention effectiveness in routine clinical care and/or implementation trials that evaluate strategies for delivering interventions within health care settings. These trials are intended to directly inform decision-makers (e.g., patients, clinicians, administrators, policymakers, and payers) about the comparative benefits, burdens, and risks of biomedical or behavioral interventions.</p><p>To enhance real-world relevance and generalizability, applicants are encouraged to:&nbsp;<br>1) Select care settings where the target condition is commonly seen (e.g., emergency departments, primary care, public health clinics).&nbsp;<br>2) Include multiple health system types (e.g., academic centers, federally qualified health centers, integrated networks, VA Medical Centers).&nbsp;<br>3) Assess adaptation across systems and regions to ensure intervention effectiveness and implementation feasibility.</p><p>Interventions under study should be embedded in routine care. Trials may integrate one or more interventions with established efficacy into appropriate health care settings or implement system-level changes to improve health outcomes.</p><p>This phased award will use a milestone-driven cooperative agreement mechanism, supporting a planning phase and a phase for full trial execution.</p><p>Applications are not being solicited at this time. Notice is being provided to allow potential applicants sufficient time to develop meaningful collaborations and responsive projects. Investigators with expertise and insights into this area are encouraged to begin to consider applying for this NOFO.&nbsp;</p>","The National Institutes of Health intends to publish a Notice of Funding Opportunity (NOFO), Pragmatic and Implementation Trials Conducted in Health Care Settings
 This funding opportunity will support large-scale pragmatic trials that test intervention effectiveness in routine clinical care and/or implementation trials that evaluate strategies for delivering interventions within health care settings. These trials are intended to directly inform decision-makers (e.g., patients, clinicians, administrators, policymakers, and payers) about the comparative benefits, burdens, and risks of biomedical or behavioral interventions.
 To enhance real-world relevance and generalizability, applicants are encouraged to: 
1) Select care settings where the target condition is commonly seen (e.g., emergency departments, primary care, public health clinics). 
2) Include multiple health system types (e.g., academic centers, federally qualified health centers, integrated networks, VA Medical Centers). 
3) Assess adaptation across systems and regions to ensure intervention effectiveness and implementation feasibility.
 Interventions under study should be embedded in routine care. Trials may integrate one or more interventions with established efficacy into appropriate health care settings or implement system-level changes to improve health outcomes.
 This phased award will use a milestone-driven cooperative agreement mechanism, supporting a planning phase and a phase for full trial execution.
 Applications are not being solicited at this time. Notice is being provided to allow potential applicants sufficient time to develop meaningful collaborations and responsive projects. Investigators with expertise and insights into this area are encouraged to begin to consider applying for this NOFO.","NIH Pragmatic Trials Conducted in Health Care Systems
The National Institutes of Health intends to publish a Notice of Funding Opportunity (NOFO), Pragmatic and Implementation Trials Conducted in Health Care Settings
 This funding opportunity will support large-scale pragmatic trials that test intervention effectiveness in routine clinical care and/or implementation trials that evaluate strategies for delivering interventions within health care settings. These trials are intended to directly inform decision-makers (e.g., patients, clinicians, administrators, policymakers, and payers) about the comparative benefits, burdens, and risks of biomedical or behavioral interventions.
 To enhance real-world relevance and generalizability, applicants are encouraged to: 
1) Select care settings where the target condition is commonly seen (e.g., emergency departments, primary care, public health clinics). 
2) Include multiple health system types (e.g., academic centers, federally qualified health centers, integrated networks, VA Medical Centers). 
3) Assess adaptation across systems and regions to ensure intervention effectiveness and implementation feasibility.
 Interventions under study should be embedded in routine care. Trials may integrate one or more interventions with established efficacy into appropriate health care settings or implement system-level changes to improve health outcomes.
 This phased award will use a milestone-driven cooperative agreement mechanism, supporting a planning phase and a phase for full trial execution.
 Applications are not being solicited at this time. Notice is being provided to allow potential applicants sufficient time to develop meaningful collaborations and responsive projects. Investigators with expertise and insights into this area are encouraged to begin to consider applying for this NOFO.
Other Eligible ApplicantsIndian/Native American Tribal Governments (Other than Federally Recognized);Eligible Agencies of the Federal Government;U.S. Territory or Possession;Faith-based or Community-based Organizations;Regional Organizations;Non-domestic (non-U.S.) Entities (Foreign Institutions).",False,,,False,False,False,False,False,False,,False,55.0,False,False,False,False,False,False,False,False,,unknown,,False,True,False,False,False,True,5.0,False,,False,False,True,True,True,True,True,True,False,False,True,11,False,False,,False,False,False,False,2,True,False,True,NIH opportunity,True,False,False,False,,2026-09-30,2026-08-18,NIH Pragmatic Trials Conducted in Health Care Systems,forecast,ok,5.0,G1,G1.O3,"The grant supports pragmatic and implementation trials in routine clinical care in settings such as public health clinics and federally qualified health centers, which could test interventions that mitigate access barriers in rural and underserved primary care.",support large-scale pragmatic trials that test intervention effectiveness in routine clinical care and/or implementation trials that evaluate strategies for delivering interventions within health care settings.,atypical,state_governments,DPH,4.0,"DPH has public health surveillance and chronic disease expertise and can partner with local health departments, but large NIH clinical and implementation trials are outside its core service delivery role.",Applications are not being solicited at this time and the broad research focus would require substantial trial infrastructure and academic partners to be competitive.,False,Broad NIH research notice not currently soliciting applications; weak direct fit with NCDHHS service objectives and unclear operational owner.,[],True,True,atypical,deepseek/deepseek-v4-pro,92b0344f579a,True,10.0,0.0,0.85,0.0,0.0,55.88,forecast_watchlist
79,57c3cd68-e9e5-42c4-ac5b-b31a3ee245e3,Dementia Care and Caregiver Support Intervention Research - Stage I Only,forecast,True,False,,57c3cd68-e9e5-42c4-ac5b-b31a3ee245e3,FOR-TEMP-28923,forecasted,HHS-NIH11,discretionary,,2025-06-27,,,,False,,,,,,,93.866|Aging Research,grant,health,,nonprofits_non_higher_education_with_501c3;public_and_state_institutions_of_higher_education;private_institutions_of_higher_education;federally_recognized_native_american_tribal_governments;public_and_indian_housing_authorities;county_governments;independent_school_districts;for_profit_organizations_other_than_small_businesses;state_governments;small_businesses;other_native_american_tribal_organizations,,National Institutes of Health,Department of Health and Human Services,"Melissa Riddle, Ph.D.
National Institute on Aging (NIA)
301-480-6761",melissa-riddle@nih.gov,melissa-riddle@nih.gov,2025-11-01,2026-02-16,,2026-12-01,2026-12-01,2027.0,,,https://simpler.grants.gov/opportunity/57c3cd68-e9e5-42c4-ac5b-b31a3ee245e3,"<p><span style=""color: rgb(51, 51, 51);"">The National Institute on Aging (NIA) intends to publish a Notice of Funding Opportunity (NOFO) to invite&nbsp;</span><a href=""https://www.nia.nih.gov/research/dbsr/nih-stage-model-behavioral-intervention-development"" target=""_blank"" style=""color: rgb(31, 107, 178);"">NIH Stage Model</a><span style=""color: rgb(51, 51, 51);"">&nbsp;Stage I research applications focused on the development of behavioral interventions for persons living with Alzheimer’s disease and Alzheimer’s disease-related dementias (</span><a href=""https://www.nia.nih.gov/health/alzheimers-and-dementia/understanding-different-types-dementia"" target=""_blank"" style=""color: rgb(31, 107, 178);"">AD/ADRD</a><span style=""color: rgb(51, 51, 51);"">) and/or their care partners or caregivers. Awards made through this NOFO will support mechanism-focused Stage I research to develop or to modify, adapt, or refine a principle-based behavioral intervention, establish acceptability and feasibility of the intervention, and develop intervention fidelity procedures in preparation for subsequent later-stage clinical trials. Applications are not being solicited at this time. Notice is being provided to allow potential applicants sufficient time to develop meaningful collaborations and responsive projects. This NOFO intends to utilize the R34 activity code. Investigators with expertise and insights into this area of aging research are encouraged to begin to consider applying for this new NOFO.&nbsp;</span></p>","The National Institute on Aging (NIA) intends to publish a Notice of Funding Opportunity (NOFO) to invite   NIH Stage Model   Stage I research applications focused on the development of behavioral interventions for persons living with Alzheimer’s disease and Alzheimer’s disease-related dementias (  AD/ADRD  ) and/or their care partners or caregivers. Awards made through this NOFO will support mechanism-focused Stage I research to develop or to modify, adapt, or refine a principle-based behavioral intervention, establish acceptability and feasibility of the intervention, and develop intervention fidelity procedures in preparation for subsequent later-stage clinical trials. Applications are not being solicited at this time. Notice is being provided to allow potential applicants sufficient time to develop meaningful collaborations and responsive projects. This NOFO intends to utilize the R34 activity code. Investigators with expertise and insights into this area of aging research are encouraged to begin to consider applying for this new NOFO.","Dementia Care and Caregiver Support Intervention Research - Stage I Only
The National Institute on Aging (NIA) intends to publish a Notice of Funding Opportunity (NOFO) to invite   NIH Stage Model   Stage I research applications focused on the development of behavioral interventions for persons living with Alzheimer’s disease and Alzheimer’s disease-related dementias (  AD/ADRD  ) and/or their care partners or caregivers. Awards made through this NOFO will support mechanism-focused Stage I research to develop or to modify, adapt, or refine a principle-based behavioral intervention, establish acceptability and feasibility of the intervention, and develop intervention fidelity procedures in preparation for subsequent later-stage clinical trials. Applications are not being solicited at this time. Notice is being provided to allow potential applicants sufficient time to develop meaningful collaborations and responsive projects. This NOFO intends to utilize the R34 activity code. Investigators with expertise and insights into this area of aging research are encouraged to begin to consider applying for this new NOFO.
",False,,,False,False,False,False,False,False,,False,-333.0,True,True,False,False,False,False,False,False,,unknown,,False,True,False,False,False,True,5.0,False,,False,False,True,True,True,True,True,True,False,False,False,11,False,False,,False,False,False,False,1,True,False,True,NIH opportunity,True,False,False,True,,2026-09-30,2026-08-18,Dementia Care and Caregiver Support Intervention Research - Stage I Only,forecast,ok,5.0,G1,G1.O1,"The grant funds development of behavioral interventions for people with Alzheimer's disease and related dementias and their caregivers, supporting better outcomes for a population facing significant health and situational challenges.",Dementia Care and Caregiver Support Intervention Research - Stage I Only,atypical,state_governments,DAGING,4.0,"DAGING administers aging and family caregiver programs, but this R34 would require research and clinical trial infrastructure outside the division's usual service delivery role.","It is a pre-solicitation notice from NIH seeking research grants, so NCDHHS would need an academic research partner and would not be competitive as a service-focused state agency lead.",False,"Dementia caregiver research aligns with aging and caregiver support, but NCDHHS is not an NIH R34 research lead; monitor only.",[],True,True,atypical,deepseek/deepseek-v4-pro,92b0344f579a,True,10.0,0.0,0.85,0.0,0.0,55.88,forecast_watchlist
80,9978ab03-daa2-4d23-b5bb-eeb42dcf7878,Palliative Care Research Across the Lifespan: Leveraging the Palliative Care Consortium,forecast,True,False,,9978ab03-daa2-4d23-b5bb-eeb42dcf7878,PAR-26-097,forecasted,HHS-NIH11,discretionary,,2025-09-29,,,,False,,,,,,,93.866|Aging Research,grant,health,,for_profit_organizations_other_than_small_businesses;county_governments;state_governments;small_businesses;special_district_governments;nonprofits_non_higher_education_with_501c3;public_and_indian_housing_authorities;other;public_and_state_institutions_of_higher_education;other_native_american_tribal_organizations;independent_school_districts;federally_recognized_native_american_tribal_governments;nonprofits_non_higher_education_without_501c3;city_or_township_governments;private_institutions_of_higher_education,Other Eligible ApplicantsIndian/Native American Tribal Governments (Other than Federally Recognized);Eligible Agencies of the Federal Government;U.S. Territory or Possession;Faith-based or Community-based Organizations;Regional Organizations;Non-domestic (non-U.S.) Entities (Foreign Institutions).,National Institutes of Health,Department of Health and Human Services,"NIA Palliative Care Research
Please contact via e-mail.",NIAPalliativeCareResearch@nih.gov,NIAPalliativeCareResearch@nih.gov,2026-03-01,2026-06-05,,2027-04-01,2027-04-01,2027.0,,,https://simpler.grants.gov/opportunity/9978ab03-daa2-4d23-b5bb-eeb42dcf7878,"<p>The National Institute on Aging (NIA), with other members of the NIH Palliative Care Research Working Group, intends to publish a Notice of Funding Opportunity (NOFO) to invite applications proposing research on palliative care across the lifespan for persons with serious illnesses and/or their caregivers relevant to the missions of participating NIH Institutes, Centers, and Offices (ICOs), including projects focused on characterizing or mitigating disparities in palliative care access, quality, and use. Applications may propose palliative care efficacy, effectiveness, and/or implementation and dissemination clinical trials in alignment with the <a href=""https://www.nia.nih.gov/research/dbsr/nih-stage-model-behavioral-intervention-development""><u>NIH Stage Model</u></a>. Applications may also propose non-clinical trial palliative care research, such as health services research, natural experiments, health or behavioral economics, or observational studies.&nbsp;Awardees will become members of the research community facilitated by the NIH-funded <a href=""https://grants.nih.gov/grants/guide/rfa-files/RFA-AG-25-002.html""><i><u>Consortium for Palliative Care Research Across the Lifespan</u></i></a>. Applications are not being solicited at this time. Notice is being provided to allow potential applicants sufficient time to develop meaningful collaborations and responsive projects.</p>","The National Institute on Aging (NIA), with other members of the NIH Palliative Care Research Working Group, intends to publish a Notice of Funding Opportunity (NOFO) to invite applications proposing research on palliative care across the lifespan for persons with serious illnesses and/or their caregivers relevant to the missions of participating NIH Institutes, Centers, and Offices (ICOs), including projects focused on characterizing or mitigating disparities in palliative care access, quality, and use. Applications may propose palliative care efficacy, effectiveness, and/or implementation and dissemination clinical trials in alignment with the   NIH Stage Model  . Applications may also propose non-clinical trial palliative care research, such as health services research, natural experiments, health or behavioral economics, or observational studies. Awardees will become members of the research community facilitated by the NIH-funded    Consortium for Palliative Care Research Across the Lifespan   . Applications are not being solicited at this time. Notice is being provided to allow potential applicants sufficient time to develop meaningful collaborations and responsive projects.","Palliative Care Research Across the Lifespan: Leveraging the Palliative Care Consortium
The National Institute on Aging (NIA), with other members of the NIH Palliative Care Research Working Group, intends to publish a Notice of Funding Opportunity (NOFO) to invite applications proposing research on palliative care across the lifespan for persons with serious illnesses and/or their caregivers relevant to the missions of participating NIH Institutes, Centers, and Offices (ICOs), including projects focused on characterizing or mitigating disparities in palliative care access, quality, and use. Applications may propose palliative care efficacy, effectiveness, and/or implementation and dissemination clinical trials in alignment with the   NIH Stage Model  . Applications may also propose non-clinical trial palliative care research, such as health services research, natural experiments, health or behavioral economics, or observational studies. Awardees will become members of the research community facilitated by the NIH-funded    Consortium for Palliative Care Research Across the Lifespan   . Applications are not being solicited at this time. Notice is being provided to allow potential applicants sufficient time to develop meaningful collaborations and responsive projects.
Other Eligible ApplicantsIndian/Native American Tribal Governments (Other than Federally Recognized);Eligible Agencies of the Federal Government;U.S. Territory or Possession;Faith-based or Community-based Organizations;Regional Organizations;Non-domestic (non-U.S.) Entities (Foreign Institutions).",False,,,False,False,False,False,False,False,,False,-213.0,True,True,False,False,False,False,False,False,,unknown,,False,True,False,False,False,True,5.0,False,,False,False,True,True,True,True,True,True,False,False,True,15,False,True,,False,False,False,False,1,True,False,True,NIH opportunity,True,False,False,False,,2026-09-30,2026-08-18,Palliative Care Research Across the Lifespan: Leveraging the Palliative Care Consortium,forecast,ok,5.0,G1,G1.O1,"The grant would fund research on characterizing or mitigating disparities in palliative care access, quality, and use, which directly supports NCDHHS's goal of reducing health disparities and increasing health access.","including projects focused on characterizing or mitigating disparities in palliative care access, quality, and use",atypical,state_governments,DPH,4.0,"DPH has relevant chronic disease and health disparities work, but leading NIH palliative care clinical or health services research would require academic or clinical research infrastructure beyond its usual role.","Applications are not being solicited at this time, so there is no current or near-term funding opportunity to pursue.",False,"Research notice only, not soliciting applications; palliative care disparities align with health access but NCDHHS likely lacks lead research infrastructure.","[""Awardees will become members of the research community facilitated by the NIH-funded""]",True,True,atypical,deepseek/deepseek-v4-pro,92b0344f579a,True,10.0,0.0,0.85,0.0,0.0,55.88,forecast_watchlist
81,3021f11a-dd6c-4d15-9406-c2d7594a2e79,Advanced Laboratories for Accelerating the Reach and Impact of Treatments for Youth and Adults with Mental Illness (ALACRITY) Research Centers,forecast,True,False,,3021f11a-dd6c-4d15-9406-c2d7594a2e79,PAR-27-008,forecasted,HHS-NIH11,discretionary,,2026-03-16,,,,False,2.0,1500000.0,,,,,93.242|Mental Health Research Grants,grant,health,,other;private_institutions_of_higher_education;nonprofits_non_higher_education_with_501c3;other_native_american_tribal_organizations;nonprofits_non_higher_education_without_501c3;for_profit_organizations_other_than_small_businesses;federally_recognized_native_american_tribal_governments;special_district_governments;state_governments;city_or_township_governments;county_governments;small_businesses;public_and_state_institutions_of_higher_education,Other Eligible ApplicantsEligible Agencies of the Federal Government;U.S. Territory or Possession;,National Institutes of Health,Department of Health and Human Services,"Division of Services and Intervention Research
Please contact via e-mail.",NIMH.DSIR.inquiries@nih.gov,NIMH.DSIR.inquiries@nih.gov,2027-01-27,2027-05-27,,2028-04-01,2028-04-01,2028.0,,,https://simpler.grants.gov/opportunity/3021f11a-dd6c-4d15-9406-c2d7594a2e79,"<p>The National Institute of Mental Health (NIMH) intends to publish a notice of funding opportunity (NOFO) to solicit research applications for practice-based research centers to support interdisciplinary teams of mental health researchers to engage in high-impact studies that will significantly advance clinical practice and generate knowledge to fuel the transformation of mental health care in the United States. Advanced Laboratories for Accelerating the Reach and Impact of Treatments for Youth and Adults with Mental Illness (ALACRITY) Research Centers support research projects aimed at the rapid development, testing, and refinement of novel and integrative approaches for (1) optimizing the effectiveness of therapeutic or preventive interventions for mental disorders; (2) developing and testing empirically informed patient-, provider- and system-level interventions to improve mental health care access, engagement, continuity, efficiency, and quality; and (3) continuously improving the quality, impact, and durability of optimized interventions and health for individuals with or at risk for mental health problems, including those with serious mental illness. Notice is being provided to allow potential applicants sufficient time to develop meaningful collaborations and responsive research projects.&nbsp; This NOFO will utilize the P50 activity code.</p><p>Applications must propose research that maximizes synergies across various components of the mental health research ecosystem, including new discoveries in clinical research, transformative health care technologies, advances in information science, and new federal and state mechanisms for organizing mental health care. Applicants with interdisciplinary expertise, such as behavioral science, health information and data science, health systems engineering, decision science, implementation science, and related fields, whose practice-based research needs cannot be met through standard research project grant mechanisms, should consider applying to this NOFO. Applications are also expected to include research activities that facilitate the widespread sharing of data, methods, and resources to accelerate clinical research and to provide opportunities for graduate students, postdoctoral researchers, and early-career investigators to participate in interdisciplinary research-to-practice translational mental health research.</p>","The National Institute of Mental Health (NIMH) intends to publish a notice of funding opportunity (NOFO) to solicit research applications for practice-based research centers to support interdisciplinary teams of mental health researchers to engage in high-impact studies that will significantly advance clinical practice and generate knowledge to fuel the transformation of mental health care in the United States. Advanced Laboratories for Accelerating the Reach and Impact of Treatments for Youth and Adults with Mental Illness (ALACRITY) Research Centers support research projects aimed at the rapid development, testing, and refinement of novel and integrative approaches for (1) optimizing the effectiveness of therapeutic or preventive interventions for mental disorders; (2) developing and testing empirically informed patient-, provider- and system-level interventions to improve mental health care access, engagement, continuity, efficiency, and quality; and (3) continuously improving the quality, impact, and durability of optimized interventions and health for individuals with or at risk for mental health problems, including those with serious mental illness. Notice is being provided to allow potential applicants sufficient time to develop meaningful collaborations and responsive research projects.  This NOFO will utilize the P50 activity code.
 Applications must propose research that maximizes synergies across various components of the mental health research ecosystem, including new discoveries in clinical research, transformative health care technologies, advances in information science, and new federal and state mechanisms for organizing mental health care. Applicants with interdisciplinary expertise, such as behavioral science, health information and data science, health systems engineering, decision science, implementation science, and related fields, whose practice-based research needs cannot be met through standard research project grant mechanisms, should consider applying to this NOFO. Applications are also expected to include research activities that facilitate the widespread sharing of data, methods, and resources to accelerate clinical research and to provide opportunities for graduate students, postdoctoral researchers, and early-career investigators to participate in interdisciplinary research-to-practice translational mental health research.","Advanced Laboratories for Accelerating the Reach and Impact of Treatments for Youth and Adults with Mental Illness (ALACRITY) Research Centers
The National Institute of Mental Health (NIMH) intends to publish a notice of funding opportunity (NOFO) to solicit research applications for practice-based research centers to support interdisciplinary teams of mental health researchers to engage in high-impact studies that will significantly advance clinical practice and generate knowledge to fuel the transformation of mental health care in the United States. Advanced Laboratories for Accelerating the Reach and Impact of Treatments for Youth and Adults with Mental Illness (ALACRITY) Research Centers support research projects aimed at the rapid development, testing, and refinement of novel and integrative approaches for (1) optimizing the effectiveness of therapeutic or preventive interventions for mental disorders; (2) developing and testing empirically informed patient-, provider- and system-level interventions to improve mental health care access, engagement, continuity, efficiency, and quality; and (3) continuously improving the quality, impact, and durability of optimized interventions and health for individuals with or at risk for mental health problems, including those with serious mental illness. Notice is being provided to allow potential applicants sufficient time to develop meaningful collaborations and responsive research projects.  This NOFO will utilize the P50 activity code.
 Applications must propose research that maximizes synergies across various components of the mental health research ecosystem, including new discoveries in clinical research, transformative health care technologies, advances in information science, and new federal and state mechanisms for organizing mental health care. Applicants with interdisciplinary expertise, such as behavioral science, health information and data science, health systems engineering, decision science, implementation science, and related fields, whose practice-based research needs cannot be met through standard research project grant mechanisms, should consider applying to this NOFO. Applications are also expected to include research activities that facilitate the widespread sharing of data, methods, and resources to accelerate clinical research and to provide opportunities for graduate students, postdoctoral researchers, and early-career investigators to participate in interdisciplinary research-to-practice translational mental health research.
Other Eligible ApplicantsEligible Agencies of the Federal Government;U.S. Territory or Possession;",False,,,False,False,False,False,False,False,,False,119.0,False,False,False,False,False,False,False,False,750000.0,average_award,750000.0,True,False,False,True,False,False,4.38,False,,False,False,True,True,True,True,True,True,False,False,True,13,False,True,,False,False,False,False,1,True,False,True,NIH opportunity,True,False,False,False,,2026-09-30,2026-08-18,Advanced Laboratories for Accelerating the Reach and Impact of Treatments for Youth and Adults with Mental Illness (ALACRITY) Research Centers,forecast,ok,5.0,G3,G3.O1,"The grant funds research on system-level mental health care interventions to improve access, engagement, continuity, and quality, which aligns with DMHDDSUS's work to integrate and improve behavioral health care delivery.","developing and testing empirically informed patient-, provider- and system-level interventions to improve mental health care access, engagement, continuity, efficiency, and quality",partner,state_governments,DMHDDSUS,4.0,"DMHDDSUS oversees behavioral health services and could contribute practice sites, data, or partnerships, but it is not a research organization and likely cannot lead an NIH P50 center.","This is a large research infrastructure grant, so NCDHHS would likely be only a partner and the award would not directly fund mental health services.",False,"NIH research center grant for mental health services research; NCDHHS is not a research institution, so value is mainly as a partner, not an owner.","[""Applications must propose research that maximizes synergies across various components of the mental health research ecosystem"", ""Applications are also expected to include research activities that facilitate the widespread sharing of data, methods, and resources""]",True,True,partner,deepseek/deepseek-v4-pro,92b0344f579a,True,10.0,0.0,0.85,0.0,0.0,54.79,forecast_watchlist
82,26116df5-40e6-4c83-8e5a-d90664b418ba,Optimizing Behavioral Sleep Interventions for Adolescents and Young Adults (R34 Clinical Trial Required),open,False,False,,26116df5-40e6-4c83-8e5a-d90664b418ba,RFA-MH-27-140,posted,HHS-NIH11,discretionary,,2026-05-28,2026-10-22,,2026-12-21,False,6.0,1500000.0,,,,,93.242|Mental Health Research Grants,grant,health,,nonprofits_non_higher_education_without_501c3;nonprofits_non_higher_education_with_501c3;public_and_state_institutions_of_higher_education;public_and_indian_housing_authorities;for_profit_organizations_other_than_small_businesses;city_or_township_governments;independent_school_districts;other_native_american_tribal_organizations;private_institutions_of_higher_education;other;state_governments;county_governments;small_businesses;federally_recognized_native_american_tribal_governments;special_district_governments,"Refer to Section III. Eligibility Information in the NOFO for additional information on eligibility.Foreign Organizations/International Collaborations:Non-domestic (non-U.S.) Entities (Foreign Organizations) are not eligible to apply.Non-domestic (non-U.S.) components of U.S. Organizations are not eligible to apply.Foreign components, as defined in the NIH Grants Policy Statement, are not allowed.",National Institutes of Health,Department of Health and Human Services,"Division of Services and Intervention Research (DSIR) National Institute of Mental Health (NIMH)
NIMH.DSIR.inquiries@mail.nih.gov",NIMH.DSIR.inquiries@mail.nih.gov,NIMH.DSIR.inquiries@mail.nih.gov,,,,,,,,,https://simpler.grants.gov/opportunity/26116df5-40e6-4c83-8e5a-d90664b418ba,"NIMH seeks applications for pilot research to adapt, optimize, and test behavioral interventions that address common sleep problems in adolescents and young adults with or at risk for a mental health disorder. This notice of funding opportunity (NOFO) supports pilot clinical trials designed to evaluate the feasibility, tolerability, acceptability, safety, and potential effectiveness of the approach in real world settings. Applications should aim to conduct a preliminary test of the intervention's impact on sleep and mental health outcomes, as well as an examination of the mechanisms that underlie the intervention's effectiveness, and to obtain preliminary data needed as a prerequisite for larger-scale effectiveness trials. In addition, interdisciplinary, collaborative teams of investigators from the fields of mental health, sleep medicine, developmental science, clinical trials research methods, behavioral economics, implementation science, data science, and human computer interaction are encouraged.","NIMH seeks applications for pilot research to adapt, optimize, and test behavioral interventions that address common sleep problems in adolescents and young adults with or at risk for a mental health disorder. This notice of funding opportunity (NOFO) supports pilot clinical trials designed to evaluate the feasibility, tolerability, acceptability, safety, and potential effectiveness of the approach in real world settings. Applications should aim to conduct a preliminary test of the intervention's impact on sleep and mental health outcomes, as well as an examination of the mechanisms that underlie the intervention's effectiveness, and to obtain preliminary data needed as a prerequisite for larger-scale effectiveness trials. In addition, interdisciplinary, collaborative teams of investigators from the fields of mental health, sleep medicine, developmental science, clinical trials research methods, behavioral economics, implementation science, data science, and human computer interaction are encouraged.","Optimizing Behavioral Sleep Interventions for Adolescents and Young Adults (R34 Clinical Trial Required)
NIMH seeks applications for pilot research to adapt, optimize, and test behavioral interventions that address common sleep problems in adolescents and young adults with or at risk for a mental health disorder. This notice of funding opportunity (NOFO) supports pilot clinical trials designed to evaluate the feasibility, tolerability, acceptability, safety, and potential effectiveness of the approach in real world settings. Applications should aim to conduct a preliminary test of the intervention's impact on sleep and mental health outcomes, as well as an examination of the mechanisms that underlie the intervention's effectiveness, and to obtain preliminary data needed as a prerequisite for larger-scale effectiveness trials. In addition, interdisciplinary, collaborative teams of investigators from the fields of mental health, sleep medicine, developmental science, clinical trials research methods, behavioral economics, implementation science, data science, and human computer interaction are encouraged.
Refer to Section III. Eligibility Information in the NOFO for additional information on eligibility.Foreign Organizations/International Collaborations:Non-domestic (non-U.S.) Entities (Foreign Organizations) are not eligible to apply.Non-domestic (non-U.S.) components of U.S. Organizations are not eligible to apply.Foreign components, as defined in the NIH Grants Policy Statement, are not allowed.",False,2026-10-22,22.0,False,False,False,False,True,False,5.5,False,,False,False,False,False,False,False,False,False,250000.0,average_award,250000.0,True,False,False,False,False,False,1.99,False,,False,False,True,True,True,True,True,True,False,False,True,15,False,True,,False,False,False,False,1,True,False,True,activity code R34,True,False,False,False,,2026-09-30,2026-08-18,Optimizing Behavioral Sleep Interventions for Adolescents and Young Adults (R34 Clinical Trial Required),open,ok,6.0,G3,G3.O1,The pilot behavioral sleep interventions for adolescents and young adults with or at risk for mental health disorders could advance integrated behavioral and physical health care by testing sleep-focused treatment in real-world settings.,"NIMH seeks applications for pilot research to adapt, optimize, and test behavioral interventions that address common sleep problems in adolescents and young adults with or at risk for a mental health disorder.",atypical,state_governments,DMHDDSUS,4.0,"DMHDDSUS oversees mental health services and could provide implementation context or partner with academic researchers, but it does not typically design or conduct NIH clinical trials on sleep interventions.","It is a research-intensive clinical trial grant that NCDHHS divisions are not set up to lead, so its value depends on securing academic research partners and it would not directly fund state services.",False,NIMH pilot behavioral sleep trial for youth mental health aligns with DMHDDSUS but is academic research; NCDHHS lacks clinical-trial capacity and direct service payoff.,"[""Clinical Trial Required""]",True,True,atypical,deepseek/deepseek-v4-pro,92b0344f579a,True,10.0,0.15,1.0,0.0,0.0,54.23,open
83,a7d90b10-6b93-44b3-b848-78bede8db2f0,NIOSH National Center of Excellence for the Prevention of Childhood Agricultural Injury (U54),forecast,True,False,,a7d90b10-6b93-44b3-b848-78bede8db2f0,RFA-OH-27-034,forecasted,HHS-CDC-HHSCDCERA,discretionary,,2026-07-15,,,2027-03-10,False,1.0,8000000.0,0.0,1600000.0,,,93.262|Occupational Safety and Health Program,cooperative_agreement,health,,other_native_american_tribal_organizations;public_and_state_institutions_of_higher_education;federally_recognized_native_american_tribal_governments;county_governments;nonprofits_non_higher_education_without_501c3;independent_school_districts;private_institutions_of_higher_education;unrestricted;nonprofits_non_higher_education_with_501c3;small_businesses;state_governments;city_or_township_governments;for_profit_organizations_other_than_small_businesses;special_district_governments;public_and_indian_housing_authorities,"Non-domestic (non-U.S.) Entities (Foreign Institutions) are not eligible to apply. Non-domestic (non-U.S.) components of U.S. Organizations are not eligible to apply. Foreign components, as defined in the HHS Grants Policy Statement, are not allowed.",Centers for Disease Control and Prevention - ERA,Department of Health and Human Services,"Jessica MK Streit, Scientific Program Official
513-533-8107",jstreit@cdc.gov,jstreit@cdc.gov,2026-12-04,2027-03-03,Electronically submitted applications must be submitted no later than no later than 11:59 pm local time of the applicant organization.,2027-08-30,2027-09-30,2027.0,,,https://simpler.grants.gov/opportunity/a7d90b10-6b93-44b3-b848-78bede8db2f0,"<p>The National Institute for Occupational Safety and Health (NIOSH) is committed to addressing a wide range of occupational health and safety hazards affecting those who work in the agriculture, forestry, and fishing (AgFF) sector. Children and adolescents (""youth"") are consistently more likely to be fatally injured working in agriculture compared to other industries. While many steps have been taken to prevent youth injuries in AgFF work, there remains a need for a consistent national program to study and improve their safety, health, and well-being.</p><p>This notice of funding opportunity (NOFO) will support a National Center of Excellence for the Prevention of Childhood Agricultural Injury and Illness (""the National Children's Center""). The National Children's Center will engage in high-quality research, education, outreach, and effective translation of scientific discoveries into practice for the benefit of youth living and working in AgFF communities.</p><p>The activities of the National Children's Center will:</p><ul><li data-list-item-id=""e1a13ae413e034bf891e39f75c789f8d9"">Improve the collection and analysis of injury, illness, and fatality data for youth working and living in AgFF environments.</li><li data-list-item-id=""e5f17b4987dd30c484113cf7f4d4558c5"">Enhance research and practice to identify and address gaps in the evidence base for youth workers across AgFF communities, and especially those in rural areas.</li><li data-list-item-id=""e9983e917c877ec8ab0b2165ab8a3b8d6"">Engage in comprehensive intervention and implementation studies to improve AgFF youth safety, health, and well-being.</li><li data-list-item-id=""edc96398b5231979ce2be216103b08e6d"">Evaluate the use of technology, including AI and automation, to mitigate workplace hazards and improve health outcomes for AgFF youth.</li><li data-list-item-id=""eb77324fe81bae16605d9eb76669075ea"">Expand outreach and collaboration at the local, regional, and national level to disseminate information and best practices.</li></ul><p>The National Children's Center works closely with NIOSH AgFF program leadership; other NIOSH Centers for Agriculture, Forestry, and Fishing Safety and Health; NIOSH intramural scientists (when applicable); academic and research partners; industry and community groups; and other organizations to advance research integration, inform best practices, and develop effective worksite solutions for youth and families working and living in AgFF environments across the U.S. The Center should clearly demonstrate capacity to maintain a national scope for research, implementation, dissemination, and related activities.&nbsp;</p>","The National Institute for Occupational Safety and Health (NIOSH) is committed to addressing a wide range of occupational health and safety hazards affecting those who work in the agriculture, forestry, and fishing (AgFF) sector. Children and adolescents (""youth"") are consistently more likely to be fatally injured working in agriculture compared to other industries. While many steps have been taken to prevent youth injuries in AgFF work, there remains a need for a consistent national program to study and improve their safety, health, and well-being.
 This notice of funding opportunity (NOFO) will support a National Center of Excellence for the Prevention of Childhood Agricultural Injury and Illness (""the National Children's Center""). The National Children's Center will engage in high-quality research, education, outreach, and effective translation of scientific discoveries into practice for the benefit of youth living and working in AgFF communities.
 The activities of the National Children's Center will:
  Improve the collection and analysis of injury, illness, and fatality data for youth working and living in AgFF environments.
 Enhance research and practice to identify and address gaps in the evidence base for youth workers across AgFF communities, and especially those in rural areas.
 Engage in comprehensive intervention and implementation studies to improve AgFF youth safety, health, and well-being.
 Evaluate the use of technology, including AI and automation, to mitigate workplace hazards and improve health outcomes for AgFF youth.
 Expand outreach and collaboration at the local, regional, and national level to disseminate information and best practices.
  The National Children's Center works closely with NIOSH AgFF program leadership; other NIOSH Centers for Agriculture, Forestry, and Fishing Safety and Health; NIOSH intramural scientists (when applicable); academic and research partners; industry and community groups; and other organizations to advance research integration, inform best practices, and develop effective worksite solutions for youth and families working and living in AgFF environments across the U.S. The Center should clearly demonstrate capacity to maintain a national scope for research, implementation, dissemination, and related activities.","NIOSH National Center of Excellence for the Prevention of Childhood Agricultural Injury (U54)
The National Institute for Occupational Safety and Health (NIOSH) is committed to addressing a wide range of occupational health and safety hazards affecting those who work in the agriculture, forestry, and fishing (AgFF) sector. Children and adolescents (""youth"") are consistently more likely to be fatally injured working in agriculture compared to other industries. While many steps have been taken to prevent youth injuries in AgFF work, there remains a need for a consistent national program to study and improve their safety, health, and well-being.
 This notice of funding opportunity (NOFO) will support a National Center of Excellence for the Prevention of Childhood Agricultural Injury and Illness (""the National Children's Center""). The National Children's Center will engage in high-quality research, education, outreach, and effective translation of scientific discoveries into practice for the benefit of youth living and working in AgFF communities.
 The activities of the National Children's Center will:
  Improve the collection and analysis of injury, illness, and fatality data for youth working and living in AgFF environments.
 Enhance research and practice to identify and address gaps in the evidence base for youth workers across AgFF communities, and especially those in rural areas.
 Engage in comprehensive intervention and implementation studies to improve AgFF youth safety, health, and well-being.
 Evaluate the use of technology, including AI and automation, to mitigate workplace hazards and improve health outcomes for AgFF youth.
 Expand outreach and collaboration at the local, regional, and national level to disseminate information and best practices.
  The National Children's Center works closely with NIOSH AgFF program leadership; other NIOSH Centers for Agriculture, Forestry, and Fishing Safety and Health; NIOSH intramural scientists (when applicable); academic and research partners; industry and community groups; and other organizations to advance research integration, inform best practices, and develop effective worksite solutions for youth and families working and living in AgFF environments across the U.S. The Center should clearly demonstrate capacity to maintain a national scope for research, implementation, dissemination, and related activities.
Non-domestic (non-U.S.) Entities (Foreign Institutions) are not eligible to apply. Non-domestic (non-U.S.) components of U.S. Organizations are not eligible to apply. Foreign components, as defined in the HHS Grants Policy Statement, are not allowed.",False,,,False,False,False,False,False,False,,False,65.0,False,False,False,False,False,False,False,False,8000000.0,award_ceiling,1600000.0,True,False,True,True,False,False,6.02,False,,False,False,True,True,True,True,True,True,False,True,False,15,False,True,,False,False,False,False,1,True,False,True,activity code U54,True,False,False,False,,2026-09-30,2026-08-18,NIOSH National Center of Excellence for the Prevention of Childhood Agricultural Injury (U54),forecast,ok,4.0,G1,G1.O2,"The center would improve collection and analysis of injury and illness data for agricultural youth, helping track health disparities and outcomes for a population with greater health challenges.","Improve the collection and analysis of injury, illness, and fatality data for youth working and living in AgFF environments.",atypical,state_governments,DPH,4.0,"DPH houses epidemiology and injury/illness surveillance, but leading a national NIOSH research center would require academic occupational safety research partners beyond its usual role.","A single national center is likely to be awarded to an established agricultural safety research institution, and NCDHHS would need significant research capacity and partnerships to be competitive.",False,"Relevant childhood agricultural injury data aligns with health-disparity data goals, but a national NIOSH research center is outside typical NCDHHS service role and likely better led by a university.","[""Cooperative agreement with substantial federal involvement"", ""Must maintain capacity for national-scope research, implementation, dissemination, and related activities""]",True,True,atypical,deepseek/deepseek-v4-pro,92b0344f579a,True,10.0,0.0,0.85,0.0,0.0,54.15,forecast_watchlist
84,1835f8f5-45df-47b4-87b6-eebed0b0f0b7,Improving Chronic Conditions Through Inexpensive Interventions,forecast,True,False,,1835f8f5-45df-47b4-87b6-eebed0b0f0b7,RFA-AG-27-003,forecasted,HHS-NIH11,discretionary,,2026-02-23,,,,False,,,,,,,93.866|Aging Research,cooperative_agreement,health,,small_businesses;nonprofits_non_higher_education_without_501c3;city_or_township_governments;public_and_indian_housing_authorities;special_district_governments;federally_recognized_native_american_tribal_governments;county_governments;for_profit_organizations_other_than_small_businesses;other_native_american_tribal_organizations;nonprofits_non_higher_education_with_501c3;independent_school_districts;other;public_and_state_institutions_of_higher_education;private_institutions_of_higher_education,Other Eligible ApplicantsIndian/Native American Tribal Governments (Other than Federally Recognized);Eligible Agencies of the Federal Government;U.S. Territory or Possession;Faith-based or Community-based Organizations;Regional Organizations;Non-domestic (non-U.S.) Entities (Foreign Institutions).,National Institutes of Health,Department of Health and Human Services,"NIA Scientific Contact
Please contact via e-mail and include the announcement number in the subject line.",NIA-NOFO-Scientific@nih.gov,NIA-NOFO-Scientific@nih.gov,2026-05-30,2026-09-25,,2027-07-01,2027-07-01,2027.0,,,https://simpler.grants.gov/opportunity/1835f8f5-45df-47b4-87b6-eebed0b0f0b7,"<p>The National Institute on Aging (NIA) intends to publish a Notice of Funding Opportunity (NOFO) to invite applications to create a national consortium of researchers, clinicians, and electronic health record (EHR) vendors. The consortium will conduct research to evaluate clinical effectiveness impacts of different care approaches on whole-person outcomes and quality metrics. This NOFO is intended to support collaborative research efforts for scaling EHR interventions. The consortium will identify proven primary care interventions for older adults with complex medical issues including multiple chronic conditions—ranging from preventive services and chronic care coordination to deprescribing and goal-setting—then integrate these into interoperable, AI- and machine learning-enhanced platforms to support both individual patient care and population health management. Applicants and their partners will build and deploy user-centered dashboards, validate their effectiveness in real-world settings, and address implementation barriers (people, processes, technology). Applications are not being solicited at this time. Notice is being provided to allow potential applicants sufficient time to develop meaningful collaborations and responsive projects. This NOFO intends to utilize the U24 activity code. Investigators with expertise and insights into this area of aging research are encouraged to begin to consider applying for this new NOFO.</p>","The National Institute on Aging (NIA) intends to publish a Notice of Funding Opportunity (NOFO) to invite applications to create a national consortium of researchers, clinicians, and electronic health record (EHR) vendors. The consortium will conduct research to evaluate clinical effectiveness impacts of different care approaches on whole-person outcomes and quality metrics. This NOFO is intended to support collaborative research efforts for scaling EHR interventions. The consortium will identify proven primary care interventions for older adults with complex medical issues including multiple chronic conditions—ranging from preventive services and chronic care coordination to deprescribing and goal-setting—then integrate these into interoperable, AI- and machine learning-enhanced platforms to support both individual patient care and population health management. Applicants and their partners will build and deploy user-centered dashboards, validate their effectiveness in real-world settings, and address implementation barriers (people, processes, technology). Applications are not being solicited at this time. Notice is being provided to allow potential applicants sufficient time to develop meaningful collaborations and responsive projects. This NOFO intends to utilize the U24 activity code. Investigators with expertise and insights into this area of aging research are encouraged to begin to consider applying for this new NOFO.","Improving Chronic Conditions Through Inexpensive Interventions
The National Institute on Aging (NIA) intends to publish a Notice of Funding Opportunity (NOFO) to invite applications to create a national consortium of researchers, clinicians, and electronic health record (EHR) vendors. The consortium will conduct research to evaluate clinical effectiveness impacts of different care approaches on whole-person outcomes and quality metrics. This NOFO is intended to support collaborative research efforts for scaling EHR interventions. The consortium will identify proven primary care interventions for older adults with complex medical issues including multiple chronic conditions—ranging from preventive services and chronic care coordination to deprescribing and goal-setting—then integrate these into interoperable, AI- and machine learning-enhanced platforms to support both individual patient care and population health management. Applicants and their partners will build and deploy user-centered dashboards, validate their effectiveness in real-world settings, and address implementation barriers (people, processes, technology). Applications are not being solicited at this time. Notice is being provided to allow potential applicants sufficient time to develop meaningful collaborations and responsive projects. This NOFO intends to utilize the U24 activity code. Investigators with expertise and insights into this area of aging research are encouraged to begin to consider applying for this new NOFO.
Other Eligible ApplicantsIndian/Native American Tribal Governments (Other than Federally Recognized);Eligible Agencies of the Federal Government;U.S. Territory or Possession;Faith-based or Community-based Organizations;Regional Organizations;Non-domestic (non-U.S.) Entities (Foreign Institutions).",False,,,False,False,False,False,False,False,,False,-123.0,True,True,False,False,False,False,False,False,,unknown,,False,True,False,False,False,True,5.0,False,,False,False,False,True,True,True,True,True,False,False,True,14,False,True,,False,False,False,False,1,True,False,True,NIH opportunity,True,False,False,False,,2026-09-30,2026-08-18,Improving Chronic Conditions Through Inexpensive Interventions,forecast,ok,6.0,G1,G1.O2,"The project funds EHR-linked dashboards and quality metrics to evaluate whole-person outcomes, aligning with G1.O2's focus on using data, metrics, and dashboards to track health disparities and outcomes.","Applicants and their partners will build and deploy user-centered dashboards, validate their effectiveness in real-world settings, and address implementation barriers (people, processes, technology).",unclear,,DPH,5.0,"DPH already manages chronic disease prevention and health data systems, but it is not structured to lead a national research consortium of EHR vendors and academic clinicians.","This is only a pre-application notice and the U24 cooperative agreement appears aimed at academic and EHR vendor consortia, so NCDHHS may not be able to lead or be eligible.",False,"Fits data and dashboards for chronic disease outcomes, but this is not yet an open opportunity and state agency eligibility is unclear.","[""Requires a national consortium of researchers, clinicians, and electronic health record (EHR) vendors.""]",True,False,unclear,deepseek/deepseek-v4-pro,92b0344f579a,True,5.0,0.0,0.85,0.0,0.0,53.53,forecast_watchlist
85,12d37e89-ae40-43a9-8f29-59e3347676ae,Emergency Competitive Revision to Existing NIH Awards (Emergency Supplement - Clinical Trial Optional),open,False,False,,12d37e89-ae40-43a9-8f29-59e3347676ae,PA-24-201,posted,HHS-NIH11,discretionary,,2024-04-18,2027-04-18,,2027-05-24,False,,,,,http://grants.nih.gov/grants/guide/pa-files/PA-24-201.html,https://grants.nih.gov/grants/guide/pa-files/PA-24-201.html,"93.142|NIEHS Hazardous Waste Worker Health and Safety Training;93.143|NIEHS Superfund Hazardous Substances_Basic Research and Education;93.307|Minority Health and Health Disparities Research;93.279|Drug Abuse and Addiction Research Programs;93.846|Arthritis, Musculoskeletal and Skin Diseases Research;93.113|Environmental Health",grant,health;environment;education,,federally_recognized_native_american_tribal_governments;special_district_governments;public_and_indian_housing_authorities;nonprofits_non_higher_education_without_501c3;state_governments;nonprofits_non_higher_education_with_501c3;small_businesses;other;county_governments;city_or_township_governments;public_and_state_institutions_of_higher_education;private_institutions_of_higher_education;for_profit_organizations_other_than_small_businesses;other_native_american_tribal_organizations;independent_school_districts,"Other Eligible Applicants include the following:
 Alaska Native and Native Hawaiian Serving Institutions; Asian American Native American Pacific Islander Serving Institutions (AANAPISISs); Eligible Agencies of the Federal Government; Faith-based or Community-based Organizations; Hispanic-serving Institutions; Historically Black Colleges and Universities (HBCUs); Indian/Native American Tribal Governments (Other than Federally Recognized); Non-domestic (non-U.S.) Entities (Foreign Organizations); Regional Organizations; Tribally Controlled Colleges and Universities (TCCUs) ; U.S. Territory or Possession.",National Institutes of Health,Department of Health and Human Services,"NIH Grants Information
grantsinfo@nih.gov",grantsinfo@nih.gov,See Section VII. Agency Contacts within the full opportunity announcement for all other inquires.,,,,,,,,,https://simpler.grants.gov/opportunity/12d37e89-ae40-43a9-8f29-59e3347676ae,"The National Institutes of Health (NIH) hereby notify the applicant community that funds may be available for applications based on a presidentially declared disaster under the Stafford Act, a public health emergency declared by the Secretary, HHS, or other local, regional or national disaster. Applications in response to Emergency Notices of Special Interest (NOSIs) will be routed directly to the NIH awarding component signed on to the Emergency NOSI.
Only applications submitted in response to an Emergency NOSI published by an IC will be allowed to apply to this NOFO.","The National Institutes of Health (NIH) hereby notify the applicant community that funds may be available for applications based on a presidentially declared disaster under the Stafford Act, a public health emergency declared by the Secretary, HHS, or other local, regional or national disaster. Applications in response to Emergency Notices of Special Interest (NOSIs) will be routed directly to the NIH awarding component signed on to the Emergency NOSI.
Only applications submitted in response to an Emergency NOSI published by an IC will be allowed to apply to this NOFO.","Emergency Competitive Revision to Existing NIH Awards (Emergency Supplement - Clinical Trial Optional)
The National Institutes of Health (NIH) hereby notify the applicant community that funds may be available for applications based on a presidentially declared disaster under the Stafford Act, a public health emergency declared by the Secretary, HHS, or other local, regional or national disaster. Applications in response to Emergency Notices of Special Interest (NOSIs) will be routed directly to the NIH awarding component signed on to the Emergency NOSI.
Only applications submitted in response to an Emergency NOSI published by an IC will be allowed to apply to this NOFO.
Other Eligible Applicants include the following:
 Alaska Native and Native Hawaiian Serving Institutions; Asian American Native American Pacific Islander Serving Institutions (AANAPISISs); Eligible Agencies of the Federal Government; Faith-based or Community-based Organizations; Hispanic-serving Institutions; Historically Black Colleges and Universities (HBCUs); Indian/Native American Tribal Governments (Other than Federally Recognized); Non-domestic (non-U.S.) Entities (Foreign Organizations); Regional Organizations; Tribally Controlled Colleges and Universities (TCCUs) ; U.S. Territory or Possession.",False,2027-04-18,200.0,False,False,False,False,False,True,10.0,False,,False,False,False,False,False,False,False,False,,unknown,,False,True,False,False,False,True,5.0,False,,False,False,True,True,True,True,True,True,False,False,True,15,False,True,,False,False,False,False,6,True,False,True,NIH opportunity,True,False,False,False,,2026-09-30,2026-08-18,Emergency Competitive Revision to Existing NIH Awards (Emergency Supplement - Clinical Trial Optional),open,ok,2.0,none,none,"The grant funds emergency supplements to existing NIH research awards, which does not directly advance any named NCDHHS strategic objective.","funds may be available for applications based on a presidentially declared disaster under the Stafford Act, a public health emergency declared by the Secretary, HHS, or other local, regional or national disaster",atypical,state_governments,DPH,4.0,"DPH could manage this only if it already holds an NIH award and an applicable emergency NOSI is issued, but this is research funding rather than routine public health service funding.","The mechanism is limited to existing NIH awardees responding to a specific Emergency NOSI, so NCDHHS is unlikely to be eligible or to have a relevant active award.",False,"No clear fit with NCDHHS strategic objectives; emergency NIH research supplements require an existing NIH award and an emergency NOSI, so routine review is not warranted.","[""Must be an existing NIH award recipient because this is a competitive revision to existing NIH awards"", ""Only applications submitted in response to an Emergency NOSI published by an NIH awarding component may apply""]",True,True,atypical,deepseek/deepseek-v4-pro,92b0344f579a,True,10.0,0.15,1.0,0.0,0.0,53.5,open
86,7dc670db-9ef6-4b31-9db9-7443760e9b7a,Dental Primary Care Practice-Based Research Network: Coordinating Center,forecast,True,False,,7dc670db-9ef6-4b31-9db9-7443760e9b7a,RFA-DE-27-004,forecasted,HHS-NIH11,discretionary,,2025-08-28,,,,False,1.0,,,,,,93.121|Oral Diseases and Disorders Research,cooperative_agreement,health,,state_governments;small_businesses;other;federally_recognized_native_american_tribal_governments;for_profit_organizations_other_than_small_businesses;public_and_indian_housing_authorities;public_and_state_institutions_of_higher_education;city_or_township_governments;nonprofits_non_higher_education_with_501c3;nonprofits_non_higher_education_without_501c3;other_native_american_tribal_organizations;private_institutions_of_higher_education;county_governments;independent_school_districts;special_district_governments,Other Eligible ApplicantsIndian/Native American Tribal Governments (Other than Federally Recognized);Eligible Agencies of the Federal Government;U.S. Territory or Possession;Faith-based or Community-based Organizations;Regional Organizations.,National Institutes of Health,Department of Health and Human Services,"Dena Fischer, DDS, MSD, MS
301-594-4876",dena.fischer@nih.gov,dena.fischer@nih.gov,2026-03-02,2026-06-05,,2027-04-30,2027-05-01,2027.0,,,https://simpler.grants.gov/opportunity/7dc670db-9ef6-4b31-9db9-7443760e9b7a,"<p>The National Institute of Dental and Craniofacial Research (NIDCR) intends to publish a Notice of Funding Opportunity (NOFO) to promote practice-based research through a Dental Primary Care Practice-Based Research Network (PBRN). This NOFO will invite applications for a Coordinating Center, to support the infrastructure for the planning and implementation of multiple observational studies and clinical trials, together with an Administrative and Resource Center, described in a separate companion NOFO. Supported studies will focus on integrating oral health care into medical care (whole-person health). The Coordinating Center will be responsible for managing the network membership database and developing and maintaining centralized data management systems that utilize flexible and innovative technologies for electronic data capture, including collecting research participant data independent of in-office visits. Applications are not being solicited at this time. Notice is being provided to allow potential applicants time to develop meaningful collaborations and responsive projects. Investigators with expertise in data coordination/management and conducting clinical research in practice-based research settings are encouraged to apply. NIDCR is authorized to forecast this opportunity under the Public Health Service Act (42 U.S.C §§ 241 and 284) and federal regulations (42 CFR Part 52 and 2 CFR Part 200).</p>","The National Institute of Dental and Craniofacial Research (NIDCR) intends to publish a Notice of Funding Opportunity (NOFO) to promote practice-based research through a Dental Primary Care Practice-Based Research Network (PBRN). This NOFO will invite applications for a Coordinating Center, to support the infrastructure for the planning and implementation of multiple observational studies and clinical trials, together with an Administrative and Resource Center, described in a separate companion NOFO. Supported studies will focus on integrating oral health care into medical care (whole-person health). The Coordinating Center will be responsible for managing the network membership database and developing and maintaining centralized data management systems that utilize flexible and innovative technologies for electronic data capture, including collecting research participant data independent of in-office visits. Applications are not being solicited at this time. Notice is being provided to allow potential applicants time to develop meaningful collaborations and responsive projects. Investigators with expertise in data coordination/management and conducting clinical research in practice-based research settings are encouraged to apply. NIDCR is authorized to forecast this opportunity under the Public Health Service Act (42 U.S.C §§ 241 and 284) and federal regulations (42 CFR Part 52 and 2 CFR Part 200).","Dental Primary Care Practice-Based Research Network: Coordinating Center
The National Institute of Dental and Craniofacial Research (NIDCR) intends to publish a Notice of Funding Opportunity (NOFO) to promote practice-based research through a Dental Primary Care Practice-Based Research Network (PBRN). This NOFO will invite applications for a Coordinating Center, to support the infrastructure for the planning and implementation of multiple observational studies and clinical trials, together with an Administrative and Resource Center, described in a separate companion NOFO. Supported studies will focus on integrating oral health care into medical care (whole-person health). The Coordinating Center will be responsible for managing the network membership database and developing and maintaining centralized data management systems that utilize flexible and innovative technologies for electronic data capture, including collecting research participant data independent of in-office visits. Applications are not being solicited at this time. Notice is being provided to allow potential applicants time to develop meaningful collaborations and responsive projects. Investigators with expertise in data coordination/management and conducting clinical research in practice-based research settings are encouraged to apply. NIDCR is authorized to forecast this opportunity under the Public Health Service Act (42 U.S.C §§ 241 and 284) and federal regulations (42 CFR Part 52 and 2 CFR Part 200).
Other Eligible ApplicantsIndian/Native American Tribal Governments (Other than Federally Recognized);Eligible Agencies of the Federal Government;U.S. Territory or Possession;Faith-based or Community-based Organizations;Regional Organizations.",False,,,False,False,False,False,False,False,,False,-212.0,True,True,False,False,False,False,False,False,,unknown,,False,True,False,True,False,True,5.0,False,,False,False,True,True,True,True,True,True,False,False,True,15,False,True,,False,False,False,False,1,True,False,True,NIH opportunity,True,False,False,False,,2026-09-30,2026-08-18,Dental Primary Care Practice-Based Research Network: Coordinating Center,forecast,ok,5.0,G1,G1.O1,"The Coordinating Center would build research infrastructure for studies on integrating oral health into medical care, supporting NCDHHS's goal to build structure for increasing health access and reducing disparities.",Supported studies will focus on integrating oral health care into medical care (whole-person health).,atypical,state_governments,DPH,3.0,"DPH's Oral Health Section conducts public health dental surveillance and prevention programs, but it does not operate a national clinical research data coordinating center, so this would require substantial new research infrastructure.","This is a forecast for a national NIH coordinating center where academic data coordinating centers are strong competitors, so NCDHHS would likely spend substantial effort with low success probability.",False,NIH dental research coordinating center does not match NCDHHS service delivery role; DPH could partner but not lead.,[],True,True,atypical,deepseek/deepseek-v4-pro,92b0344f579a,True,10.0,0.0,0.85,0.0,0.0,52.94,forecast_watchlist
87,c28e0695-f517-40da-8653-0cb40f65bc59,HIV/AIDS Clinical Trials Network Leadership and Operations Centers,forecast,True,False,,c28e0695-f517-40da-8653-0cb40f65bc59,RFA-AI-28-001,forecasted,HHS-NIH11,discretionary,,2026-04-08,,,,False,,,,,,,93.310|Trans-NIH Research Support;93.855|Allergy and Infectious Diseases Research,cooperative_agreement,health,,for_profit_organizations_other_than_small_businesses;federally_recognized_native_american_tribal_governments;state_governments;independent_school_districts;special_district_governments;small_businesses;public_and_indian_housing_authorities;other_native_american_tribal_organizations;nonprofits_non_higher_education_with_501c3;county_governments;nonprofits_non_higher_education_without_501c3;public_and_state_institutions_of_higher_education;other;private_institutions_of_higher_education;city_or_township_governments,Other Eligible ApplicantsIndian/Native American Tribal Governments (Other than Federally Recognized);Eligible Agencies of the Federal Government;U.S. Territory or Possession;Faith-based or Community-based Organizations;Regional Organizations.,National Institutes of Health,Department of Health and Human Services,"Division of AIDS
Please contact via e-mail.",sciops@niaid.nih.gov,sciops@niaid.nih.gov,2026-08-25,2027-01-22,,2027-12-01,2027-12-01,2028.0,,,https://simpler.grants.gov/opportunity/c28e0695-f517-40da-8653-0cb40f65bc59,"<p>The National Institute of Allergy and Infectious Diseases (NIAID) seeks to advance the National Institutes of Health (NIH) mission by supporting four Clinical Trials Networks (CTNs) each comprised of a Leadership and Operations Center (LOC), Statistical and Data Management Center, and Laboratory Center working with Clinical Trials Units to advance prevention,&nbsp;treatment, and implementation&nbsp;research&nbsp;designed to end the HIV epidemic. This NOFO will solicit applications for four LOCs to provide scientific leadership, research prioritization, and conduct studies in a CTN.&nbsp;A LOC develops the research agenda in one of these areas: 1) HIV therapeutics/cure, and prevention/treatment for HIV-associated comorbidities in adults; 2) HIV prevention/treatment in maternal/adolescent/pediatric populations; 3) biomedical HIV prevention strategies for adults/adolescents; and 4) immune-based prevention for HIV and HIV-associated diseases. CTNs will conduct HIV implementation research improving uptake of evidence-based prevention and treatment strategies across the lifespan. High impact LOC studies will produce crucial findings significantly benefiting Americans with or at-risk of HIV and HIV-associated diseases.</p><p>Grant authorities that allow NIAID to forecast this opportunity are: Sections 301 and 405 of the Public Health Service Act as amended (42 USC 241 and 284) and under Federal Regulations 42 CFR Part 52 and 2 CFR Part 200.</p>","The National Institute of Allergy and Infectious Diseases (NIAID) seeks to advance the National Institutes of Health (NIH) mission by supporting four Clinical Trials Networks (CTNs) each comprised of a Leadership and Operations Center (LOC), Statistical and Data Management Center, and Laboratory Center working with Clinical Trials Units to advance prevention, treatment, and implementation research designed to end the HIV epidemic. This NOFO will solicit applications for four LOCs to provide scientific leadership, research prioritization, and conduct studies in a CTN. A LOC develops the research agenda in one of these areas: 1) HIV therapeutics/cure, and prevention/treatment for HIV-associated comorbidities in adults; 2) HIV prevention/treatment in maternal/adolescent/pediatric populations; 3) biomedical HIV prevention strategies for adults/adolescents; and 4) immune-based prevention for HIV and HIV-associated diseases. CTNs will conduct HIV implementation research improving uptake of evidence-based prevention and treatment strategies across the lifespan. High impact LOC studies will produce crucial findings significantly benefiting Americans with or at-risk of HIV and HIV-associated diseases.
 Grant authorities that allow NIAID to forecast this opportunity are: Sections 301 and 405 of the Public Health Service Act as amended (42 USC 241 and 284) and under Federal Regulations 42 CFR Part 52 and 2 CFR Part 200.","HIV/AIDS Clinical Trials Network Leadership and Operations Centers
The National Institute of Allergy and Infectious Diseases (NIAID) seeks to advance the National Institutes of Health (NIH) mission by supporting four Clinical Trials Networks (CTNs) each comprised of a Leadership and Operations Center (LOC), Statistical and Data Management Center, and Laboratory Center working with Clinical Trials Units to advance prevention, treatment, and implementation research designed to end the HIV epidemic. This NOFO will solicit applications for four LOCs to provide scientific leadership, research prioritization, and conduct studies in a CTN. A LOC develops the research agenda in one of these areas: 1) HIV therapeutics/cure, and prevention/treatment for HIV-associated comorbidities in adults; 2) HIV prevention/treatment in maternal/adolescent/pediatric populations; 3) biomedical HIV prevention strategies for adults/adolescents; and 4) immune-based prevention for HIV and HIV-associated diseases. CTNs will conduct HIV implementation research improving uptake of evidence-based prevention and treatment strategies across the lifespan. High impact LOC studies will produce crucial findings significantly benefiting Americans with or at-risk of HIV and HIV-associated diseases.
 Grant authorities that allow NIAID to forecast this opportunity are: Sections 301 and 405 of the Public Health Service Act as amended (42 USC 241 and 284) and under Federal Regulations 42 CFR Part 52 and 2 CFR Part 200.
Other Eligible ApplicantsIndian/Native American Tribal Governments (Other than Federally Recognized);Eligible Agencies of the Federal Government;U.S. Territory or Possession;Faith-based or Community-based Organizations;Regional Organizations.",False,,,False,False,False,False,False,False,,False,-36.0,True,False,True,False,False,False,False,False,,unknown,,False,True,False,False,False,True,5.0,False,,False,False,True,True,True,True,True,True,False,False,True,15,False,True,,False,False,False,False,2,True,False,True,NIH opportunity,True,False,False,False,,2026-09-30,2026-08-18,HIV/AIDS Clinical Trials Network Leadership and Operations Centers,forecast,ok,5.0,G1,G1.O1,"The grant funds HIV clinical trials and implementation research to improve uptake of prevention and treatment, which aligns broadly with advancing health access and reducing disparities for people with HIV.",CTNs will conduct HIV implementation research improving uptake of evidence-based prevention and treatment strategies across the lifespan.,lead,state_governments,DPH,3.0,"DPH conducts HIV prevention, surveillance, and linkage to care, but it does not operate an NIH clinical trials network or run multisite clinical research as a leadership and operations center.","This is a national clinical research infrastructure award, not state HIV service funding; DPH would be competing with academic medical centers and lacks multisite clinical trials operations capacity.",False,"A national HIV clinical trials network leadership center is research-heavy and outside DPH's service delivery role, despite aligning broadly with health access for people with HIV.","[""Requires coordination with a Statistical and Data Management Center, Laboratory Center, and Clinical Trials Units"", ""Cooperative agreement""]",True,True,lead,deepseek/deepseek-v4-pro,92b0344f579a,True,10.0,0.0,0.85,0.0,0.0,52.94,forecast_watchlist
88,ea6d9f3d-6f68-4eb7-9afd-5000d2e3a3c8,"NIOSH Centers for Agriculture, Forestry, and Fishing Safety and Health (U54)",forecast,True,False,,ea6d9f3d-6f68-4eb7-9afd-5000d2e3a3c8,RFA-OH-27-047,forecasted,HHS-CDC-HHSCDCERA,discretionary,,2026-07-15,,,2027-03-10,False,12.0,110000000.0,0.0,2200000.0,,,93.262|Occupational Safety and Health Program,cooperative_agreement,health,,nonprofits_non_higher_education_with_501c3;small_businesses;special_district_governments;other_native_american_tribal_organizations;county_governments;state_governments;independent_school_districts;unrestricted;nonprofits_non_higher_education_without_501c3;public_and_indian_housing_authorities;city_or_township_governments;private_institutions_of_higher_education;federally_recognized_native_american_tribal_governments;for_profit_organizations_other_than_small_businesses;public_and_state_institutions_of_higher_education,"Non-domestic (non-U.S.) Entities (i.e., Foreign Institutions) are not eligible to apply. Non-domestic (non-U.S.) components of U.S. Organizations are not eligible to apply. Foreign components, as defined in the HHS Grants Policy Statement, are not allowed.",Centers for Disease Control and Prevention - ERA,Department of Health and Human Services,"Jessica MK Streit, Scientific Program Official
513-533-8107",jstreit@cdc.gov,jstreit@cdc.gov,2026-12-04,2027-03-03,Electronically submitted applications must be submitted no later than 11:59 pm ET local time of the applicant organization.,2027-08-01,2027-09-01,2027.0,,,https://simpler.grants.gov/opportunity/ea6d9f3d-6f68-4eb7-9afd-5000d2e3a3c8,"<p>The Agriculture, Forestry, and Fishing (AgFF) sector is essential to the safety, security, and economic stability of the U.S. because it produces the nation's food, fuel, and fiber.&nbsp;&nbsp;At the same time, AgFF workers experience some of the highest occupational fatality and non-fatal injury rates of any sector. AgFF workers also face increased risk of poor mental health, death by suicide, and substance use disorder.&nbsp;</p><p>The National Institute for Occupational Safety and Health (NIOSH) is committed to addressing a wide range of occupational health and safety hazards affecting people who work in the production, processing, and transportation of AgFF products.</p><p>This notice of funding opportunity (NOFO) will support up to twelve regional NIOSH Centers for Agriculture, Forestry, and Fishing Safety and Health (AgFF Centers). Each AgFF Center will advance the NIOSH mission and priorities through high-quality research, education, training, and outreach. Key Center activities include:</p><ul style=""list-style-type:disc;""><li data-list-item-id=""ecbc15055073bfd4ee1bee7fafd580922"">Conducting high-quality, multidisciplinary science, with an emphasis on intervention and implementation research;&nbsp;</li><li data-list-item-id=""ea8c3dd54dc1292a89bb61a1cdf2eb69a"">Advancing AgFF research-to-practice (r2p) by translating scientific discoveries into practical, real-world solutions;</li><li data-list-item-id=""e560e02d11c0e68e6bd98948fa1c0f846"">Developing and evaluating technology, including AI and automation, to reduce workplace hazards and improve health outcomes for AgFF workers;</li><li data-list-item-id=""ef6f1fb998df5b92ffd4d4c31230ac51a"">Engaging with a variety of regional and national partners to effectively communicate new knowledge and best practices;</li><li data-list-item-id=""ed88da01ebac507ea824283572a8d57fd"">Integrating food systems and One Health approaches into occupational safety, health, and well-being; and</li><li data-list-item-id=""e7a784ea833b49df8fac02fa4b226b921"">Improving the coordination and collection of data on injury, illness, disability, and death for AgFF workers.</li></ul><p style=""margin-left:.25in;"">AgFF Centers work closely with NIOSH AgFF program leadership and collaborate with other AgFF Centers, NIOSH scientists (when applicable), academic and research partners, industry and community groups, and other organizations. Funded Centers are expected to have significant, widespread, and sustained local and regional impact. Together, these efforts should collectively contribute to the national advancement of AgFF workers' safety, health, and well-being.&nbsp;</p>","The Agriculture, Forestry, and Fishing (AgFF) sector is essential to the safety, security, and economic stability of the U.S. because it produces the nation's food, fuel, and fiber.  At the same time, AgFF workers experience some of the highest occupational fatality and non-fatal injury rates of any sector. AgFF workers also face increased risk of poor mental health, death by suicide, and substance use disorder. 
 The National Institute for Occupational Safety and Health (NIOSH) is committed to addressing a wide range of occupational health and safety hazards affecting people who work in the production, processing, and transportation of AgFF products.
 This notice of funding opportunity (NOFO) will support up to twelve regional NIOSH Centers for Agriculture, Forestry, and Fishing Safety and Health (AgFF Centers). Each AgFF Center will advance the NIOSH mission and priorities through high-quality research, education, training, and outreach. Key Center activities include:
  Conducting high-quality, multidisciplinary science, with an emphasis on intervention and implementation research; 
 Advancing AgFF research-to-practice (r2p) by translating scientific discoveries into practical, real-world solutions;
 Developing and evaluating technology, including AI and automation, to reduce workplace hazards and improve health outcomes for AgFF workers;
 Engaging with a variety of regional and national partners to effectively communicate new knowledge and best practices;
 Integrating food systems and One Health approaches into occupational safety, health, and well-being; and
 Improving the coordination and collection of data on injury, illness, disability, and death for AgFF workers.
  AgFF Centers work closely with NIOSH AgFF program leadership and collaborate with other AgFF Centers, NIOSH scientists (when applicable), academic and research partners, industry and community groups, and other organizations. Funded Centers are expected to have significant, widespread, and sustained local and regional impact. Together, these efforts should collectively contribute to the national advancement of AgFF workers' safety, health, and well-being.","NIOSH Centers for Agriculture, Forestry, and Fishing Safety and Health (U54)
The Agriculture, Forestry, and Fishing (AgFF) sector is essential to the safety, security, and economic stability of the U.S. because it produces the nation's food, fuel, and fiber.  At the same time, AgFF workers experience some of the highest occupational fatality and non-fatal injury rates of any sector. AgFF workers also face increased risk of poor mental health, death by suicide, and substance use disorder. 
 The National Institute for Occupational Safety and Health (NIOSH) is committed to addressing a wide range of occupational health and safety hazards affecting people who work in the production, processing, and transportation of AgFF products.
 This notice of funding opportunity (NOFO) will support up to twelve regional NIOSH Centers for Agriculture, Forestry, and Fishing Safety and Health (AgFF Centers). Each AgFF Center will advance the NIOSH mission and priorities through high-quality research, education, training, and outreach. Key Center activities include:
  Conducting high-quality, multidisciplinary science, with an emphasis on intervention and implementation research; 
 Advancing AgFF research-to-practice (r2p) by translating scientific discoveries into practical, real-world solutions;
 Developing and evaluating technology, including AI and automation, to reduce workplace hazards and improve health outcomes for AgFF workers;
 Engaging with a variety of regional and national partners to effectively communicate new knowledge and best practices;
 Integrating food systems and One Health approaches into occupational safety, health, and well-being; and
 Improving the coordination and collection of data on injury, illness, disability, and death for AgFF workers.
  AgFF Centers work closely with NIOSH AgFF program leadership and collaborate with other AgFF Centers, NIOSH scientists (when applicable), academic and research partners, industry and community groups, and other organizations. Funded Centers are expected to have significant, widespread, and sustained local and regional impact. Together, these efforts should collectively contribute to the national advancement of AgFF workers' safety, health, and well-being.
Non-domestic (non-U.S.) Entities (i.e., Foreign Institutions) are not eligible to apply. Non-domestic (non-U.S.) components of U.S. Organizations are not eligible to apply. Foreign components, as defined in the HHS Grants Policy Statement, are not allowed.",False,,,False,False,False,False,False,False,,False,65.0,False,False,False,False,False,False,False,False,9166666.666666666,award_ceiling,2200000.0,True,False,True,False,False,False,6.71,False,,False,False,True,True,True,True,True,True,False,True,False,15,False,True,,False,False,False,False,1,True,False,True,activity code U54,True,False,False,False,,2026-09-30,2026-08-18,"NIOSH Centers for Agriculture, Forestry, and Fishing Safety and Health (U54)",forecast,ok,4.0,G3,G3.O4,"The NOFO-funded centers address AgFF workers' elevated substance use disorder and suicide risk through research, education, training, and outreach, which partially advances NCDHHS's substance use crisis objective.","AgFF workers also face increased risk of poor mental health, death by suicide, and substance use disorder.",atypical,state_governments,ORH,3.0,ORH has farmworker health and rural access programs but lacks the occupational safety research infrastructure needed to lead a NIOSH center.,"This is a specialized research-center cooperative agreement likely aimed at academic occupational safety programs, so NCDHHS would face high scientific competition and may lack the infrastructure to lead successfully.",False,"Eligible but weak fit: AgFF mental health/substance use touches G3.O4, yet NIOSH research centers require occupational safety research capacity NCDHHS lacks.","[""Requires close collaboration with NIOSH AgFF program leadership, other AgFF Centers, and academic and community partners."", ""Expected to demonstrate significant, widespread, and sustained local and regional impact."", ""Emphasis on multidisciplinary intervention and implementation research.""]",True,True,atypical,deepseek/deepseek-v4-pro,92b0344f579a,True,10.0,0.0,0.85,0.0,0.0,52.43,forecast_watchlist
89,de739b2d-53dd-455e-bab7-50ba7e9506fb,Population Assessment of Tobacco and Health (PATH) Study Biospecimen Access (X01),open,False,False,,de739b2d-53dd-455e-bab7-50ba7e9506fb,PAR-24-027,posted,HHS-NIH11,discretionary,,2023-08-24,2026-10-30,,2026-12-05,False,,,,,http://grants.nih.gov/grants/guide/pa-files/PAR-24-027.html,https://grants.nih.gov/grants/guide/pa-files/PAR-24-027.html,93.279|Drug Abuse and Addiction Research Programs,grant,education;health,,other;private_institutions_of_higher_education;small_businesses;public_and_indian_housing_authorities;independent_school_districts;city_or_township_governments;other_native_american_tribal_organizations;nonprofits_non_higher_education_with_501c3;state_governments;public_and_state_institutions_of_higher_education;nonprofits_non_higher_education_without_501c3;for_profit_organizations_other_than_small_businesses;special_district_governments;county_governments;federally_recognized_native_american_tribal_governments,"Other Eligible Applicants include the following:
 Alaska Native and Native Hawaiian Serving Institutions; Asian American Native American Pacific Islander Serving Institutions (AANAPISISs); Eligible Agencies of the Federal Government; Faith-based or Community-based Organizations; Hispanic-serving Institutions; Historically Black Colleges and Universities (HBCUs); Indian/Native American Tribal Governments (Other than Federally Recognized); Non-domestic (non-U.S.) Entities (Foreign Organizations); Regional Organizations; Tribally Controlled Colleges and Universities (TCCUs) ; U.S. Territory or Possession; Non-domestic (non-U.S.) Entities (Foreign Institutions) are not eligible to apply.

Non-domestic (non-U.S.) components of U.S. Organizations are not eligible to apply.

Foreign components, as defined in the NIH Grants Policy Statement, are not allowed.",National Institutes of Health,Department of Health and Human Services,"NIH Grants Information
grantsinfo@nih.gov",grantsinfo@nih.gov,See Section VII. Agency Contacts within the full opportunity announcement for all other inquires.,,,,,,,,,https://simpler.grants.gov/opportunity/de739b2d-53dd-455e-bab7-50ba7e9506fb,"The Population Assessment of Tobacco and Health (PATH) Study provides the scientific community with biospecimens (urine, plasma, serum, and genomic DNA) and related research data on behaviors, attitudes, biomarkers and health outcomes associated with tobacco use in the U.S. This opportunity allows investigators to apply for access to the biospecimens from the PATH Study. Information about the PATH Study and this resource may be found on the PATH Study series page (https://doi.org/10.3886/Series606) at the University of Michigans National Addiction and HIV Data Archive Program (NAHDAP) website, part of the Inter-University Consortium for Political and Social Researchs (ICPSR) website.","The Population Assessment of Tobacco and Health (PATH) Study provides the scientific community with biospecimens (urine, plasma, serum, and genomic DNA) and related research data on behaviors, attitudes, biomarkers and health outcomes associated with tobacco use in the U.S. This opportunity allows investigators to apply for access to the biospecimens from the PATH Study. Information about the PATH Study and this resource may be found on the PATH Study series page (https://doi.org/10.3886/Series606) at the University of Michigans National Addiction and HIV Data Archive Program (NAHDAP) website, part of the Inter-University Consortium for Political and Social Researchs (ICPSR) website.","Population Assessment of Tobacco and Health (PATH) Study Biospecimen Access (X01)
The Population Assessment of Tobacco and Health (PATH) Study provides the scientific community with biospecimens (urine, plasma, serum, and genomic DNA) and related research data on behaviors, attitudes, biomarkers and health outcomes associated with tobacco use in the U.S. This opportunity allows investigators to apply for access to the biospecimens from the PATH Study. Information about the PATH Study and this resource may be found on the PATH Study series page (https://doi.org/10.3886/Series606) at the University of Michigans National Addiction and HIV Data Archive Program (NAHDAP) website, part of the Inter-University Consortium for Political and Social Researchs (ICPSR) website.
Other Eligible Applicants include the following:
 Alaska Native and Native Hawaiian Serving Institutions; Asian American Native American Pacific Islander Serving Institutions (AANAPISISs); Eligible Agencies of the Federal Government; Faith-based or Community-based Organizations; Hispanic-serving Institutions; Historically Black Colleges and Universities (HBCUs); Indian/Native American Tribal Governments (Other than Federally Recognized); Non-domestic (non-U.S.) Entities (Foreign Organizations); Regional Organizations; Tribally Controlled Colleges and Universities (TCCUs) ; U.S. Territory or Possession; Non-domestic (non-U.S.) Entities (Foreign Institutions) are not eligible to apply.

Non-domestic (non-U.S.) components of U.S. Organizations are not eligible to apply.

Foreign components, as defined in the NIH Grants Policy Statement, are not allowed.",False,2026-10-30,30.0,False,False,False,False,True,False,7.0,False,,False,False,False,False,False,False,False,False,,unknown,,False,True,False,False,False,True,5.0,False,,False,False,True,True,True,True,True,True,False,False,True,15,False,True,,False,False,False,False,1,True,False,True,activity code X01,True,False,False,False,,2026-09-30,2026-08-18,Population Assessment of Tobacco and Health (PATH) Study Biospecimen Access (X01),open,ok,3.0,G1,G1.O2,"The grant provides access to biomarker and behavioral data on tobacco use that could support tracking health disparities and outcomes, but it is a research resource rather than a direct program or service investment.","biospecimens (urine, plasma, serum, and genomic DNA) and related research data on behaviors, attitudes, biomarkers and health outcomes associated with tobacco use in the U.S.",lead,state_governments,DPH,4.0,"DPH has epidemiology and chronic disease surveillance functions, but biospecimen access for external investigator research is outside its typical service and program operations.","The X01 mechanism provides access to biospecimens and data rather than funding for state-level services, so it may have little direct financial or programmatic value for NCDHHS.",False,"NIH X01 biospecimen/data access for tobacco research is not service funding; despite state eligibility, operational fit for NCDHHS is weak.","[""Foreign components, as defined in the NIH Grants Policy Statement, are not allowed.""]",True,True,lead,deepseek/deepseek-v4-pro,92b0344f579a,True,10.0,0.15,1.0,0.0,0.0,52.0,open
90,0731381f-f39a-4d8f-9f55-701eddc5273b,Occupational Safety and Health Training Project Grants (T03),open,False,False,,0731381f-f39a-4d8f-9f55-701eddc5273b,RFA-OH-25-003,posted,HHS-CDC-HHSCDCERA,discretionary,,2024-11-22,2028-10-26,Electronically submitted applications must be submitted by 5:00 pm local time of applicant organization.,2028-11-28,False,29.0,24000000.0,50000.0,550000.0,https://grants.nih.gov/grants/guide/rfa-files/RFA-OH-25-003.html,https://grants.nih.gov/grants/guide/rfa-files/RFA-OH-25-003.html,93.262|Occupational Safety and Health Program,grant,health,,public_and_state_institutions_of_higher_education;special_district_governments;independent_school_districts;county_governments;other;for_profit_organizations_other_than_small_businesses;other_native_american_tribal_organizations;city_or_township_governments;nonprofits_non_higher_education_without_501c3;small_businesses;public_and_indian_housing_authorities;nonprofits_non_higher_education_with_501c3;federally_recognized_native_american_tribal_governments;unrestricted;state_governments;private_institutions_of_higher_education,Foreign Organizations are not eligible to apply.,Centers for Disease Control and Prevention - ERA,Department of Health and Human Services,"Elizabeth H. Maples, PhD, CIH
emaples@cdc.gov",emaples@cdc.gov,emaples@cdc.gov,,,,,,,,,https://simpler.grants.gov/opportunity/0731381f-f39a-4d8f-9f55-701eddc5273b,"The National Institute for Occupational Safety and Health (NIOSH), Centers for Disease Control and Prevention (CDC), invites grant applications for Training Project Grants (TPGs) that are focused on occupational safety and health training. NIOSH is mandated to provide an adequate supply of qualified personnel to carry out the purposes of the Occupational Safety and Health Act, and the TPGs are one of the principal means for meeting this mandate. The majority of TPGs are in academic institutions that provide high quality undergraduate, graduate, and post graduate academic training in a variety of occupational safety and health (OSH) and allied disciplines. NIOSH also funds a limited number of non-academic TPGs to provide specialized training for target audiences and build or strengthen the Nation's OSH workforce capacity.","The National Institute for Occupational Safety and Health (NIOSH), Centers for Disease Control and Prevention (CDC), invites grant applications for Training Project Grants (TPGs) that are focused on occupational safety and health training. NIOSH is mandated to provide an adequate supply of qualified personnel to carry out the purposes of the Occupational Safety and Health Act, and the TPGs are one of the principal means for meeting this mandate. The majority of TPGs are in academic institutions that provide high quality undergraduate, graduate, and post graduate academic training in a variety of occupational safety and health (OSH) and allied disciplines. NIOSH also funds a limited number of non-academic TPGs to provide specialized training for target audiences and build or strengthen the Nation's OSH workforce capacity.","Occupational Safety and Health Training Project Grants (T03)
The National Institute for Occupational Safety and Health (NIOSH), Centers for Disease Control and Prevention (CDC), invites grant applications for Training Project Grants (TPGs) that are focused on occupational safety and health training. NIOSH is mandated to provide an adequate supply of qualified personnel to carry out the purposes of the Occupational Safety and Health Act, and the TPGs are one of the principal means for meeting this mandate. The majority of TPGs are in academic institutions that provide high quality undergraduate, graduate, and post graduate academic training in a variety of occupational safety and health (OSH) and allied disciplines. NIOSH also funds a limited number of non-academic TPGs to provide specialized training for target audiences and build or strengthen the Nation's OSH workforce capacity.
Foreign Organizations are not eligible to apply.",False,2028-10-26,757.0,False,False,False,False,False,True,10.0,False,,False,False,False,False,False,False,False,False,827586.2068965518,award_ceiling,550000.0,True,False,False,False,False,False,3.7,False,,False,False,True,True,True,True,True,True,False,True,True,16,False,True,,False,False,False,False,1,True,False,True,activity code T03,True,False,False,False,,2026-09-30,2026-08-18,Occupational Safety and Health Training Project Grants (T03),open,ok,3.0,G4,G4.O4,"The grant funds training to build occupational safety and health workforce capacity, which loosely aligns with G4.O4's focus on supporting the public health workforce.",NIOSH also funds a limited number of non-academic TPGs to provide specialized training for target audiences and build or strengthen the Nation's OSH workforce capacity.,atypical,state_governments,none,2.0,"No NCDHHS division has occupational safety and health training authority; that function sits with the North Carolina Department of Labor, not NCDHHS.","The program is primarily designed for academic institutions and targets an occupational safety and health workforce area outside NCDHHS's divisions, so a state health department application would likely be uncompetitive and difficult to place.",False,"Occupational safety and health training belongs to the North Carolina Department of Labor, not NCDHHS; despite a loose workforce goal link, no division would own it.",[],True,True,atypical,deepseek/deepseek-v4-pro,92b0344f579a,True,10.0,0.15,1.0,0.0,0.0,49.55,open
91,162979f5-6831-4553-9522-450d46d92b6d,HIV/AIDS Clinical Trials Network Statistical and Data Management Centers,forecast,True,False,,162979f5-6831-4553-9522-450d46d92b6d,RFA-AI-28-003,forecasted,HHS-NIH11,discretionary,,2026-04-08,,,,False,,,,,,,93.855|Allergy and Infectious Diseases Research;93.310|Trans-NIH Research Support,cooperative_agreement,health,,for_profit_organizations_other_than_small_businesses;special_district_governments;independent_school_districts;nonprofits_non_higher_education_without_501c3;federally_recognized_native_american_tribal_governments;nonprofits_non_higher_education_with_501c3;county_governments;public_and_state_institutions_of_higher_education;private_institutions_of_higher_education;city_or_township_governments;state_governments;small_businesses;other_native_american_tribal_organizations;other;public_and_indian_housing_authorities,Other Eligible ApplicantsIndian/Native American Tribal Governments (Other than Federally Recognized);Eligible Agencies of the Federal Government;U.S. Territory or Possession;Faith-based or Community-based Organizations;Regional Organizations.,National Institutes of Health,Department of Health and Human Services,"Division of AIDS
Please contact via e-mail.",sciops@niaid.nih.gov,sciops@niaid.nih.gov,2026-08-25,2027-01-22,,2027-12-01,2027-12-01,2028.0,,,https://simpler.grants.gov/opportunity/162979f5-6831-4553-9522-450d46d92b6d,"<p>The National Institute of Allergy and Infectious Diseases (NIAID) seeks to advance the National Institutes of Health (NIH) mission by supporting four Clinical Trials Networks (CTNs) each comprised of a Leadership and Operations Center, Statistical and Data Management Center (SDMC), and Laboratory Center (LC) working with Clinical Trials Units (CTUs), to advance prevention,&nbsp;treatment, and implementation research on HIV and HIV-associated diseases. This NOFO will solicit applications for up to four SDMCs to provide leadership for developing and implementing each CTN research agenda&nbsp;with the goal of ending the HIV epidemic. Each SDMC will coordinate study design and execution, including data collection, monitoring, and analyses. SDMCs manage clinical and laboratory data submitted by CTUs and the LC ensuring data quality, regulatory compliance, and continual reporting of protocol and site performance. SDMCs foster innovative trial design and statistical methods, statistical and data practices harmonization, and ensure validated systems for data capture and integration, according to NIH data sharing policies.</p><p>Grant authorities that allow NIAID to forecast this opportunity are as follows: Sections 301 and 405 of the Public Health Service Act as amended (42 USC 241 and 284) and under Federal Regulations 42 CFR Part 52 and 2 CFR Part 200.</p>","The National Institute of Allergy and Infectious Diseases (NIAID) seeks to advance the National Institutes of Health (NIH) mission by supporting four Clinical Trials Networks (CTNs) each comprised of a Leadership and Operations Center, Statistical and Data Management Center (SDMC), and Laboratory Center (LC) working with Clinical Trials Units (CTUs), to advance prevention, treatment, and implementation research on HIV and HIV-associated diseases. This NOFO will solicit applications for up to four SDMCs to provide leadership for developing and implementing each CTN research agenda with the goal of ending the HIV epidemic. Each SDMC will coordinate study design and execution, including data collection, monitoring, and analyses. SDMCs manage clinical and laboratory data submitted by CTUs and the LC ensuring data quality, regulatory compliance, and continual reporting of protocol and site performance. SDMCs foster innovative trial design and statistical methods, statistical and data practices harmonization, and ensure validated systems for data capture and integration, according to NIH data sharing policies.
 Grant authorities that allow NIAID to forecast this opportunity are as follows: Sections 301 and 405 of the Public Health Service Act as amended (42 USC 241 and 284) and under Federal Regulations 42 CFR Part 52 and 2 CFR Part 200.","HIV/AIDS Clinical Trials Network Statistical and Data Management Centers
The National Institute of Allergy and Infectious Diseases (NIAID) seeks to advance the National Institutes of Health (NIH) mission by supporting four Clinical Trials Networks (CTNs) each comprised of a Leadership and Operations Center, Statistical and Data Management Center (SDMC), and Laboratory Center (LC) working with Clinical Trials Units (CTUs), to advance prevention, treatment, and implementation research on HIV and HIV-associated diseases. This NOFO will solicit applications for up to four SDMCs to provide leadership for developing and implementing each CTN research agenda with the goal of ending the HIV epidemic. Each SDMC will coordinate study design and execution, including data collection, monitoring, and analyses. SDMCs manage clinical and laboratory data submitted by CTUs and the LC ensuring data quality, regulatory compliance, and continual reporting of protocol and site performance. SDMCs foster innovative trial design and statistical methods, statistical and data practices harmonization, and ensure validated systems for data capture and integration, according to NIH data sharing policies.
 Grant authorities that allow NIAID to forecast this opportunity are as follows: Sections 301 and 405 of the Public Health Service Act as amended (42 USC 241 and 284) and under Federal Regulations 42 CFR Part 52 and 2 CFR Part 200.
Other Eligible ApplicantsIndian/Native American Tribal Governments (Other than Federally Recognized);Eligible Agencies of the Federal Government;U.S. Territory or Possession;Faith-based or Community-based Organizations;Regional Organizations.",False,,,False,False,False,False,False,False,,False,-36.0,True,False,True,False,False,False,False,False,,unknown,,False,True,False,False,False,True,5.0,False,,False,False,True,True,True,True,True,True,False,False,True,15,False,True,,False,False,False,False,2,True,False,True,NIH opportunity,True,False,False,False,,2026-09-30,2026-08-18,HIV/AIDS Clinical Trials Network Statistical and Data Management Centers,forecast,ok,4.0,G1,G1.O2,"The grant funds statistical and data management centers that collect, monitor, and analyze HIV clinical trial data, which aligns with using data and metrics to track health outcomes and disparities.","SDMCs manage clinical and laboratory data submitted by CTUs and the LC ensuring data quality, regulatory compliance, and continual reporting of protocol and site performance.",atypical,state_governments,DPH,3.0,"DPH conducts disease prevention and surveillance, but this grant requires specialized multi-site clinical trials statistical and data management leadership that is not a core state health department function.",Highly specialized NIH research infrastructure award; NCDHHS would compete with academic research organizations and likely lacks a comparable clinical trials data coordinating center portfolio.,False,"Funds HIV clinical trials data centers; relevant to public health but highly specialized research infrastructure outside NCDHHS's core service role, better suited to academic partners.","[""Requires coordination with a Leadership and Operations Center, Laboratory Center, and Clinical Trials Units"", ""Continual reporting of protocol and site performance"", ""Must follow NIH data sharing policies""]",True,True,atypical,deepseek/deepseek-v4-pro,92b0344f579a,True,10.0,0.0,0.85,0.0,0.0,49.41,forecast_watchlist
92,360c4588-1512-4fa4-9b61-52a3f1d6c368,"Model-to-Clinic (M2C) for Precision Medicine with AI: Integrating Imaging with Multimodal Data (PRIMED-AI) (UG3/UH3, Clinical Trial Optional)",open,False,False,,360c4588-1512-4fa4-9b61-52a3f1d6c368,RFA-RM-27-013,posted,HHS-NIH11,discretionary,,2026-06-30,2026-10-19,,2026-12-18,False,8.0,,,,,,93.310|Trans-NIH Research Support,cooperative_agreement,health,,nonprofits_non_higher_education_with_501c3;public_and_state_institutions_of_higher_education;nonprofits_non_higher_education_without_501c3;state_governments;for_profit_organizations_other_than_small_businesses;other;independent_school_districts;city_or_township_governments;private_institutions_of_higher_education;small_businesses;public_and_indian_housing_authorities;special_district_governments;federally_recognized_native_american_tribal_governments;other_native_american_tribal_organizations;county_governments,"Refer to Section III. Eligibility Information in the NOFO for additional information on eligibility.Foreign Organizations/International Collaborations:Non-domestic (non-U.S.) Entities (Foreign Organizations) are eligible to apply.Non-domestic (non-U.S.) components of U.S. Organizations are eligible to apply.Foreign components, as defined in the NIH Grants Policy Statement, are allowed.",National Institutes of Health,Department of Health and Human Services,"PRIMED-AI Program
ODPRIMED-AI@od.nih.gov",ODPRIMED-AI@od.nih.gov,ODPRIMED-AI@od.nih.gov,,,,,,,,,https://simpler.grants.gov/opportunity/360c4588-1512-4fa4-9b61-52a3f1d6c368,"The overarching goal of this notice of funding opportunity (NOFO) and its companion opportunities is to establish the Precision Medicine with AI: Integrating Imaging with Multimodal Data (PRIMED-AI) Program to support development of innovative, reliable, cost-effective, and sustainable multimodal AI-based clinical decision support (CDS) tools.  PRIMED-AI CDS tools are based on the integration of clinical imaging with other types of multimodal health data to enhance care for patients with a wide range of health conditions.  The PRIMED-AI Program seeks to catalyze the adoption of AI-based CDS tools into clinical workflows to enable novel personalized medicine strategies that address significant health challenges.The purpose of this NOFO is to catalyze the translation of Artificial Intelligence (AI)-enabled, image-centered, multimodal CDS tools, developed as Software as a Medical Device, from training and testing of prototypes towards clinical applications that address unmet health challenges in precision medicine. These projects are expected to have high potential for demonstrable, positive impact on patient outcomes and/or healthcare processes.","The overarching goal of this notice of funding opportunity (NOFO) and its companion opportunities is to establish the Precision Medicine with AI: Integrating Imaging with Multimodal Data (PRIMED-AI) Program to support development of innovative, reliable, cost-effective, and sustainable multimodal AI-based clinical decision support (CDS) tools.  PRIMED-AI CDS tools are based on the integration of clinical imaging with other types of multimodal health data to enhance care for patients with a wide range of health conditions.  The PRIMED-AI Program seeks to catalyze the adoption of AI-based CDS tools into clinical workflows to enable novel personalized medicine strategies that address significant health challenges.The purpose of this NOFO is to catalyze the translation of Artificial Intelligence (AI)-enabled, image-centered, multimodal CDS tools, developed as Software as a Medical Device, from training and testing of prototypes towards clinical applications that address unmet health challenges in precision medicine. These projects are expected to have high potential for demonstrable, positive impact on patient outcomes and/or healthcare processes.","Model-to-Clinic (M2C) for Precision Medicine with AI: Integrating Imaging with Multimodal Data (PRIMED-AI) (UG3/UH3, Clinical Trial Optional)
The overarching goal of this notice of funding opportunity (NOFO) and its companion opportunities is to establish the Precision Medicine with AI: Integrating Imaging with Multimodal Data (PRIMED-AI) Program to support development of innovative, reliable, cost-effective, and sustainable multimodal AI-based clinical decision support (CDS) tools.  PRIMED-AI CDS tools are based on the integration of clinical imaging with other types of multimodal health data to enhance care for patients with a wide range of health conditions.  The PRIMED-AI Program seeks to catalyze the adoption of AI-based CDS tools into clinical workflows to enable novel personalized medicine strategies that address significant health challenges.The purpose of this NOFO is to catalyze the translation of Artificial Intelligence (AI)-enabled, image-centered, multimodal CDS tools, developed as Software as a Medical Device, from training and testing of prototypes towards clinical applications that address unmet health challenges in precision medicine. These projects are expected to have high potential for demonstrable, positive impact on patient outcomes and/or healthcare processes.
Refer to Section III. Eligibility Information in the NOFO for additional information on eligibility.Foreign Organizations/International Collaborations:Non-domestic (non-U.S.) Entities (Foreign Organizations) are eligible to apply.Non-domestic (non-U.S.) components of U.S. Organizations are eligible to apply.Foreign components, as defined in the NIH Grants Policy Statement, are allowed.",False,2026-10-19,19.0,False,False,False,False,True,False,4.94,False,,False,False,False,False,False,False,False,False,,unknown,,False,True,False,False,False,True,5.0,False,,False,False,True,True,True,True,True,True,False,False,True,15,False,True,,False,False,False,False,1,True,False,True,activity code UG3,True,False,False,False,,2026-09-30,2026-08-18,"Model-to-Clinic (M2C) for Precision Medicine with AI: Integrating Imaging with Multimodal Data (PRIMED-AI) (UG3/UH3, Clinical Trial Optional)",open,ok,4.0,G5,G5.O1,"The grant supports AI-enabled, multimodal data integration for clinical decision support, which partially aligns with the Department's data-driven decision-making objective.","support development of innovative, reliable, cost-effective, and sustainable multimodal AI-based clinical decision support (CDS) tools",atypical,state_governments,OSEC,3.0,"OSEC houses department-wide data and IT functions, but developing and clinically validating imaging-based AI software is outside NCDHHS's existing role and authority.","The project requires development and clinical translation of AI-based Software as a Medical Device, a technically complex research activity with no clear NCDHHS operational owner or clinical delivery setting.",False,NIH imaging AI research is outside NCDHHS's service delivery role and lacks a clear division owner despite a general data-driven decision-making link.,[],True,True,atypical,deepseek/deepseek-v4-pro,92b0344f579a,True,10.0,0.15,1.0,0.0,0.0,49.41,open
93,ecf72cc5-cff3-43fb-922f-1b27d5fb890a,HIV/AIDS Clinical Trials Network Laboratory Centers,forecast,True,False,,ecf72cc5-cff3-43fb-922f-1b27d5fb890a,RFA-AI-28-002,forecasted,HHS-NIH11,discretionary,,2026-04-08,,,,False,,,,,,,93.855|Allergy and Infectious Diseases Research;93.310|Trans-NIH Research Support,cooperative_agreement,health,,nonprofits_non_higher_education_without_501c3;federally_recognized_native_american_tribal_governments;county_governments;other_native_american_tribal_organizations;state_governments;for_profit_organizations_other_than_small_businesses;independent_school_districts;public_and_indian_housing_authorities;small_businesses;other;public_and_state_institutions_of_higher_education;nonprofits_non_higher_education_with_501c3;city_or_township_governments;special_district_governments;private_institutions_of_higher_education,Other Eligible ApplicantsIndian/Native American Tribal Governments (Other than Federally Recognized);Eligible Agencies of the Federal Government;U.S. Territory or Possession;Faith-based or Community-based Organizations;Regional Organizations.,National Institutes of Health,Department of Health and Human Services,"Division of AIDS
Please contact via e-mail.",sciops@niaid.nih.gov,sciops@niaid.nih.gov,2026-08-25,2027-01-22,,2027-12-01,2027-12-01,2028.0,,,https://simpler.grants.gov/opportunity/ecf72cc5-cff3-43fb-922f-1b27d5fb890a,"<p>The National Institute of Allergy and Infectious Diseases (NIAID) seeks to advance its mission by supporting four Clinical Trials Networks (CTNs) each comprised of a Leadership and Operations Center, Statistical and Data Management Center, and Laboratory Center (LC) working with Clinical Trials Units, to&nbsp;test&nbsp;prevention and treatment&nbsp;strategies and conduct implementation research designed to end the HIV epidemic. This NOFO will solicit applications for up to four LCs that will provide laboratory structure and technologies to one or more CTNs and conduct laboratory testing for Network trials, according to regulatory standards. The LC oversees site-affiliated clinical and specialized laboratories and ensures protocol-specified laboratory testing.&nbsp; The LC will: 1) support sample integrity from collection to final testing/storage; 2) use appropriate laboratory data capturing management and tracking systems; 3) select, determine readiness, and approve laboratories; and 4) promote state-of-the-art laboratory assays.&nbsp;The LC will increase testing capacity to meet advances in prevention and treatment of HIV and HIV-related diseases.</p><p><br>Grant authorities that allow NIAID to forecast this opportunity are as follows: Sections 301 and 405 of the Public Health Service Act as amended (42 USC 241 and 284) and under Federal Regulations 42 CFR Part 52 and 2 CFR Part 200.</p>","The National Institute of Allergy and Infectious Diseases (NIAID) seeks to advance its mission by supporting four Clinical Trials Networks (CTNs) each comprised of a Leadership and Operations Center, Statistical and Data Management Center, and Laboratory Center (LC) working with Clinical Trials Units, to test prevention and treatment strategies and conduct implementation research designed to end the HIV epidemic. This NOFO will solicit applications for up to four LCs that will provide laboratory structure and technologies to one or more CTNs and conduct laboratory testing for Network trials, according to regulatory standards. The LC oversees site-affiliated clinical and specialized laboratories and ensures protocol-specified laboratory testing.  The LC will: 1) support sample integrity from collection to final testing/storage; 2) use appropriate laboratory data capturing management and tracking systems; 3) select, determine readiness, and approve laboratories; and 4) promote state-of-the-art laboratory assays. The LC will increase testing capacity to meet advances in prevention and treatment of HIV and HIV-related diseases.
 
Grant authorities that allow NIAID to forecast this opportunity are as follows: Sections 301 and 405 of the Public Health Service Act as amended (42 USC 241 and 284) and under Federal Regulations 42 CFR Part 52 and 2 CFR Part 200.","HIV/AIDS Clinical Trials Network Laboratory Centers
The National Institute of Allergy and Infectious Diseases (NIAID) seeks to advance its mission by supporting four Clinical Trials Networks (CTNs) each comprised of a Leadership and Operations Center, Statistical and Data Management Center, and Laboratory Center (LC) working with Clinical Trials Units, to test prevention and treatment strategies and conduct implementation research designed to end the HIV epidemic. This NOFO will solicit applications for up to four LCs that will provide laboratory structure and technologies to one or more CTNs and conduct laboratory testing for Network trials, according to regulatory standards. The LC oversees site-affiliated clinical and specialized laboratories and ensures protocol-specified laboratory testing.  The LC will: 1) support sample integrity from collection to final testing/storage; 2) use appropriate laboratory data capturing management and tracking systems; 3) select, determine readiness, and approve laboratories; and 4) promote state-of-the-art laboratory assays. The LC will increase testing capacity to meet advances in prevention and treatment of HIV and HIV-related diseases.
 
Grant authorities that allow NIAID to forecast this opportunity are as follows: Sections 301 and 405 of the Public Health Service Act as amended (42 USC 241 and 284) and under Federal Regulations 42 CFR Part 52 and 2 CFR Part 200.
Other Eligible ApplicantsIndian/Native American Tribal Governments (Other than Federally Recognized);Eligible Agencies of the Federal Government;U.S. Territory or Possession;Faith-based or Community-based Organizations;Regional Organizations.",False,,,False,False,False,False,False,False,,False,-36.0,True,False,True,False,False,False,False,False,,unknown,,False,True,False,False,False,True,5.0,False,,False,False,True,True,True,True,True,True,False,False,True,15,False,True,,False,False,False,False,2,True,False,True,NIH opportunity,True,False,False,False,,2026-09-30,2026-08-18,HIV/AIDS Clinical Trials Network Laboratory Centers,forecast,ok,4.0,G1,G1.O1,"The grant funds laboratory infrastructure and testing for HIV prevention and treatment clinical trials, which supports building structures to reduce HIV-related health disparities.",test prevention and treatment strategies and conduct implementation research designed to end the HIV epidemic,atypical,state_governments,DPH,3.0,"DPH houses HIV/STD prevention and the state public health laboratory, but it does not operate an NIH-funded HIV clinical trials network laboratory center and would need substantial new research capacity.","The grant requires running a clinical-trial laboratory center under an NIH cooperative agreement, which likely exceeds NCDHHS's routine public health laboratory role and would compete with academic medical centers.",False,"NIH HIV clinical-trial laboratory infrastructure is research-heavy and not a clear fit for NCDHHS service objectives, though DPH could be a partner.",[],True,True,atypical,deepseek/deepseek-v4-pro,92b0344f579a,True,10.0,0.0,0.85,0.0,0.0,49.41,forecast_watchlist
94,ed3faafa-0d8a-4061-a957-343991a62516,Dementia Care and Caregiver Support Intervention Research - Stages II - V,forecast,True,False,,ed3faafa-0d8a-4061-a957-343991a62516,FOR-TEMP-28924,forecasted,HHS-NIH11,discretionary,,2025-06-27,,,,False,,,,,,,93.866|Aging Research,grant,health,,independent_school_districts;public_and_state_institutions_of_higher_education;county_governments;small_businesses;federally_recognized_native_american_tribal_governments;for_profit_organizations_other_than_small_businesses;public_and_indian_housing_authorities;private_institutions_of_higher_education;state_governments;other_native_american_tribal_organizations;nonprofits_non_higher_education_with_501c3,,National Institutes of Health,Department of Health and Human Services,"Melissa Riddle, Ph.D.
National Institute on Aging (NIA)
301-480-6761",melissa-riddle@nih.gov,melissa-riddle@nih.gov,2025-11-01,2026-02-16,,2026-12-01,2026-12-01,2027.0,,,https://simpler.grants.gov/opportunity/ed3faafa-0d8a-4061-a957-343991a62516,"<p><span style=""color: rgb(51, 51, 51);"">The National Institute on Aging (NIA) intends to publish a Notice of Funding Opportunity (NOFO) to invite&nbsp;</span><a href=""https://www.nia.nih.gov/research/dbsr/nih-stage-model-behavioral-intervention-development"" target=""_blank"" style=""color: rgb(31, 107, 178);"">NIH Stage Model</a><span style=""color: rgb(51, 51, 51);"">&nbsp;Stage II-V research applications focused on the development of behavioral interventions for persons living with Alzheimer’s disease and Alzheimer’s disease-related dementias (</span><a href=""https://www.nia.nih.gov/health/alzheimers-and-dementia/understanding-different-types-dementia"" target=""_blank"" style=""color: rgb(31, 107, 178);"">AD/ADRD</a><span style=""color: rgb(51, 51, 51);"">) and/or their care partners or caregivers. Awards made through this NOFO will support a milestone-driven planning phase for up to two years, with possible transition to a clinical trial phase pending successful completion of the required milestones. The intervention(s) to be tested as part of this NOFO are expected to be in a developed and testable form, with Stage I activities completed prior to the proposed work. Applications are not being solicited at this time. Notice is being provided to allow potential applicants sufficient time to develop meaningful collaborations and responsive projects. This NOFO intends to utilize the R61/R33 activity code. Investigators with expertise and insights into this area of aging research are encouraged to begin to consider applying for this new NOFO.&nbsp;</span></p>","The National Institute on Aging (NIA) intends to publish a Notice of Funding Opportunity (NOFO) to invite   NIH Stage Model   Stage II-V research applications focused on the development of behavioral interventions for persons living with Alzheimer’s disease and Alzheimer’s disease-related dementias (  AD/ADRD  ) and/or their care partners or caregivers. Awards made through this NOFO will support a milestone-driven planning phase for up to two years, with possible transition to a clinical trial phase pending successful completion of the required milestones. The intervention(s) to be tested as part of this NOFO are expected to be in a developed and testable form, with Stage I activities completed prior to the proposed work. Applications are not being solicited at this time. Notice is being provided to allow potential applicants sufficient time to develop meaningful collaborations and responsive projects. This NOFO intends to utilize the R61/R33 activity code. Investigators with expertise and insights into this area of aging research are encouraged to begin to consider applying for this new NOFO.","Dementia Care and Caregiver Support Intervention Research - Stages II - V
The National Institute on Aging (NIA) intends to publish a Notice of Funding Opportunity (NOFO) to invite   NIH Stage Model   Stage II-V research applications focused on the development of behavioral interventions for persons living with Alzheimer’s disease and Alzheimer’s disease-related dementias (  AD/ADRD  ) and/or their care partners or caregivers. Awards made through this NOFO will support a milestone-driven planning phase for up to two years, with possible transition to a clinical trial phase pending successful completion of the required milestones. The intervention(s) to be tested as part of this NOFO are expected to be in a developed and testable form, with Stage I activities completed prior to the proposed work. Applications are not being solicited at this time. Notice is being provided to allow potential applicants sufficient time to develop meaningful collaborations and responsive projects. This NOFO intends to utilize the R61/R33 activity code. Investigators with expertise and insights into this area of aging research are encouraged to begin to consider applying for this new NOFO.
",False,,,False,False,False,False,False,False,,False,-333.0,True,True,False,False,False,False,False,False,,unknown,,False,True,False,False,False,True,5.0,False,,False,False,True,True,True,True,True,True,False,False,False,11,False,False,,False,False,False,False,1,True,False,True,NIH opportunity,True,False,False,True,,2026-09-30,2026-08-18,Dementia Care and Caregiver Support Intervention Research - Stages II - V,forecast,ok,4.0,G4,G4.O1,"The grant funds dementia care and caregiver support intervention research, which is adjacent to investing in caregiving supports for older adults and people with disabilities.",Dementia Care and Caregiver Support Intervention Research - Stages II - V,atypical,state_governments,DAGING,3.0,"DAGING has relevant aging and caregiver-services expertise, but it lacks the NIH clinical-trial research infrastructure needed to run an R61/R33 intervention study without a strong academic partner.","NCDHHS is not a typical NIH behavioral intervention research prime, and the clinical trial phase requires infrastructure and investigator expertise the department may not have without an academic partner.",False,"NIH dementia and caregiver intervention research only loosely matches NCDHHS aging/caregiving objectives, and DAGING lacks research trial capacity, so this is not a strong fit.","[""Requires milestone-driven planning phase with transition to a clinical trial phase contingent on successful completion of milestones."", ""Intervention must already be in a developed and testable form with Stage I activities completed prior to the proposed work.""]",True,True,atypical,deepseek/deepseek-v4-pro,92b0344f579a,True,10.0,0.0,0.85,0.0,0.0,49.41,forecast_watchlist
95,fdbbc33d-4c2a-4e18-9914-2be7debcc880,Dental Primary Care Practice-Based Research Network: Administrative and Resource Center,forecast,True,False,,fdbbc33d-4c2a-4e18-9914-2be7debcc880,RFA-DE-27-003,forecasted,HHS-NIH11,discretionary,,2025-08-28,,,,False,1.0,,,,,,93.121|Oral Diseases and Disorders Research,cooperative_agreement,health,,state_governments;city_or_township_governments;nonprofits_non_higher_education_without_501c3;county_governments;other_native_american_tribal_organizations;other;public_and_indian_housing_authorities;federally_recognized_native_american_tribal_governments;public_and_state_institutions_of_higher_education;private_institutions_of_higher_education;nonprofits_non_higher_education_with_501c3;special_district_governments;small_businesses;for_profit_organizations_other_than_small_businesses;independent_school_districts,Other Eligible ApplicantsIndian/Native American Tribal Governments (Other than Federally Recognized);Eligible Agencies of the Federal Government;U.S. Territory or Possession;Faith-based or Community-based Organizations;Regional Organizations.,National Institutes of Health,Department of Health and Human Services,"Dena Fischer, DDS, MSD, MS
301-594-4876",dena.fischer@nih.gov,dena.fischer@nih.gov,2026-03-02,2026-05-25,,2027-04-30,2027-05-01,2027.0,,,https://simpler.grants.gov/opportunity/fdbbc33d-4c2a-4e18-9914-2be7debcc880,"<p>The National Institute of Dental and Craniofacial Research (NIDCR) intends to publish a Notice of Funding Opportunity (NOFO) to promote practice-based research through a Dental Primary Care Practice-Based Research Network (PBRN). This NOFO will invite applications for an Administrative and Resource Center (ARC), to support the infrastructure for the planning and implementation of multiple observational studies and clinical trials, together with a Coordinating Center, described in a separate companion NOFO. Supported studies will focus on integrating oral health care into medical care (whole-person health). The ARC will be responsible for recruiting and retaining practitioners for network membership and study participation, managing a single IRB, ensuring that practitioners and office/clinic staff receive research and study-specific training, and coordinating study deployment across multiple U.S. geographic regions (i.e., Nodes). Applications are not being solicited at this time. Notice is being provided to allow potential applicants time to develop meaningful collaborations and responsive projects. Investigators with expertise in study coordination and conducting clinical research in practice-based research settings are encouraged to apply. NIDCR is authorized to forecast this opportunity under the Public Health Service Act (42 U.S.C §§ 241 and 284) and federal regulations (42 CFR Part 52 and 2 CFR Part 200).</p>","The National Institute of Dental and Craniofacial Research (NIDCR) intends to publish a Notice of Funding Opportunity (NOFO) to promote practice-based research through a Dental Primary Care Practice-Based Research Network (PBRN). This NOFO will invite applications for an Administrative and Resource Center (ARC), to support the infrastructure for the planning and implementation of multiple observational studies and clinical trials, together with a Coordinating Center, described in a separate companion NOFO. Supported studies will focus on integrating oral health care into medical care (whole-person health). The ARC will be responsible for recruiting and retaining practitioners for network membership and study participation, managing a single IRB, ensuring that practitioners and office/clinic staff receive research and study-specific training, and coordinating study deployment across multiple U.S. geographic regions (i.e., Nodes). Applications are not being solicited at this time. Notice is being provided to allow potential applicants time to develop meaningful collaborations and responsive projects. Investigators with expertise in study coordination and conducting clinical research in practice-based research settings are encouraged to apply. NIDCR is authorized to forecast this opportunity under the Public Health Service Act (42 U.S.C §§ 241 and 284) and federal regulations (42 CFR Part 52 and 2 CFR Part 200).","Dental Primary Care Practice-Based Research Network: Administrative and Resource Center
The National Institute of Dental and Craniofacial Research (NIDCR) intends to publish a Notice of Funding Opportunity (NOFO) to promote practice-based research through a Dental Primary Care Practice-Based Research Network (PBRN). This NOFO will invite applications for an Administrative and Resource Center (ARC), to support the infrastructure for the planning and implementation of multiple observational studies and clinical trials, together with a Coordinating Center, described in a separate companion NOFO. Supported studies will focus on integrating oral health care into medical care (whole-person health). The ARC will be responsible for recruiting and retaining practitioners for network membership and study participation, managing a single IRB, ensuring that practitioners and office/clinic staff receive research and study-specific training, and coordinating study deployment across multiple U.S. geographic regions (i.e., Nodes). Applications are not being solicited at this time. Notice is being provided to allow potential applicants time to develop meaningful collaborations and responsive projects. Investigators with expertise in study coordination and conducting clinical research in practice-based research settings are encouraged to apply. NIDCR is authorized to forecast this opportunity under the Public Health Service Act (42 U.S.C §§ 241 and 284) and federal regulations (42 CFR Part 52 and 2 CFR Part 200).
Other Eligible ApplicantsIndian/Native American Tribal Governments (Other than Federally Recognized);Eligible Agencies of the Federal Government;U.S. Territory or Possession;Faith-based or Community-based Organizations;Regional Organizations.",False,,,False,False,False,False,False,False,,False,-212.0,True,True,False,False,False,False,False,False,,unknown,,False,True,False,True,False,True,5.0,False,,False,False,True,True,True,True,True,True,False,False,True,15,False,True,,False,False,False,False,1,True,False,True,NIH opportunity,True,False,False,False,,2026-09-30,2026-08-18,Dental Primary Care Practice-Based Research Network: Administrative and Resource Center,forecast,ok,4.0,G1,G1.O3,"The grant funds research on integrating oral health care into medical care, which aligns with mitigating barriers to primary care services.",Supported studies will focus on integrating oral health care into medical care (whole-person health).,atypical,state_governments,DPH,3.0,"DPH has oral health programs but lacks the national practice-based research network, single IRB, and multi-site clinical trial infrastructure this center requires.","This is only a forecast, so it is not actionable now; if it becomes active, NCDHHS would still lack the national dental research network and single IRB infrastructure expected of the lead applicant.",False,Forecast only; national dental practice-based research infrastructure is outside NCDHHS's direct service and research authority despite some oral health relevance.,"[""Applications are not being solicited at this time"", ""managing a single IRB"", ""coordinating study deployment across multiple U.S. geographic regions (i.e., Nodes)""]",True,True,atypical,deepseek/deepseek-v4-pro,92b0344f579a,True,10.0,0.0,0.85,0.0,0.0,49.41,forecast_watchlist
96,709d706d-461f-4ce1-bc94-72aaae2e4cde,New Investigator Grants to Conduct Research to Prevent Interpersonal Violence and Suicide Among Children and Adolescents (K01),forecast,True,False,,709d706d-461f-4ce1-bc94-72aaae2e4cde,RFA-CE-27-019,forecasted,HHS-CDC-HHSCDCERA,discretionary,,2026-07-02,,,2027-01-02,False,8.0,3600000.0,0.0,150000.0,,,93.136|Injury Prevention and Control Research and State and Community Based Programs,grant,health,,other;city_or_township_governments;nonprofits_non_higher_education_without_501c3;federally_recognized_native_american_tribal_governments;unrestricted;special_district_governments;private_institutions_of_higher_education;county_governments;small_businesses;independent_school_districts;state_governments;public_and_indian_housing_authorities;nonprofits_non_higher_education_with_501c3;public_and_state_institutions_of_higher_education;for_profit_organizations_other_than_small_businesses;other_native_american_tribal_organizations,Additional Eligibility Information to be included in the NOFO,Centers for Disease Control and Prevention - ERA,Department of Health and Human Services,"Tamara N. Crawford, DBH, MPH
N/A",ncipc_erpo@cdc.gov,ncipc_erpo@cdc.gov,2026-10-01,2026-12-01,Electronically submitted applications must be submitted no later than 11:59 pm ET on the listed application due date.,2027-08-29,2027-09-30,2027.0,,,https://simpler.grants.gov/opportunity/709d706d-461f-4ce1-bc94-72aaae2e4cde,"<p>This Centers for Disease Control and Prevention (CDC), National Center for Injury Prevention and Control (NCIPC) Mentored Research Scientist Development Award (K01) supports an intensive, supervised (mentored) career development experience in violence and suicide prevention research leading to research independence. NCIPC supports K01 grants to help ensure the availability of an adequate number of trained scientists to address critical public health research questions to prevent violence, suicide, and injury.</p><p>Applicants must propose a research project that addresses at least one of the research priorities in the NCIPC Research Focus Areas&nbsp;(https://www.cdc.gov/injury-violence-prevention/programs/research-priorities.html)&nbsp;as they relate to violence and suicide impacting children and adolescents (from birth through age 17). These research priorities include: Adverse Childhood Experiences; Child abuse and neglect; Youth violence; Intimate partner violence (teen dating violence); Sexual violence; and Suicide prevention.</p><p>Applicants are encouraged to address: (1) Multiple forms of violence, suicide, or both among children and adolescents; (2) The role of technology, such as social media, on interpersonal violence, suicide, or both; and (3) The practical relevance of the research for prevention and intervention efforts.&nbsp;Applicants should explicitly state the NCIPC research priorities their application addresses.</p>","This Centers for Disease Control and Prevention (CDC), National Center for Injury Prevention and Control (NCIPC) Mentored Research Scientist Development Award (K01) supports an intensive, supervised (mentored) career development experience in violence and suicide prevention research leading to research independence. NCIPC supports K01 grants to help ensure the availability of an adequate number of trained scientists to address critical public health research questions to prevent violence, suicide, and injury.
 Applicants must propose a research project that addresses at least one of the research priorities in the NCIPC Research Focus Areas (https://www.cdc.gov/injury-violence-prevention/programs/research-priorities.html) as they relate to violence and suicide impacting children and adolescents (from birth through age 17). These research priorities include: Adverse Childhood Experiences; Child abuse and neglect; Youth violence; Intimate partner violence (teen dating violence); Sexual violence; and Suicide prevention.
 Applicants are encouraged to address: (1) Multiple forms of violence, suicide, or both among children and adolescents; (2) The role of technology, such as social media, on interpersonal violence, suicide, or both; and (3) The practical relevance of the research for prevention and intervention efforts. Applicants should explicitly state the NCIPC research priorities their application addresses.","New Investigator Grants to Conduct Research to Prevent Interpersonal Violence and Suicide Among Children and Adolescents (K01)
This Centers for Disease Control and Prevention (CDC), National Center for Injury Prevention and Control (NCIPC) Mentored Research Scientist Development Award (K01) supports an intensive, supervised (mentored) career development experience in violence and suicide prevention research leading to research independence. NCIPC supports K01 grants to help ensure the availability of an adequate number of trained scientists to address critical public health research questions to prevent violence, suicide, and injury.
 Applicants must propose a research project that addresses at least one of the research priorities in the NCIPC Research Focus Areas (https://www.cdc.gov/injury-violence-prevention/programs/research-priorities.html) as they relate to violence and suicide impacting children and adolescents (from birth through age 17). These research priorities include: Adverse Childhood Experiences; Child abuse and neglect; Youth violence; Intimate partner violence (teen dating violence); Sexual violence; and Suicide prevention.
 Applicants are encouraged to address: (1) Multiple forms of violence, suicide, or both among children and adolescents; (2) The role of technology, such as social media, on interpersonal violence, suicide, or both; and (3) The practical relevance of the research for prevention and intervention efforts. Applicants should explicitly state the NCIPC research priorities their application addresses.
Additional Eligibility Information to be included in the NOFO",False,,,False,False,False,False,False,False,,False,1.0,False,False,False,False,False,False,False,False,450000.0,award_ceiling,150000.0,True,False,False,False,False,False,0.88,False,,False,False,True,True,True,True,True,True,False,True,True,16,False,True,,False,False,False,False,1,True,False,True,activity code K01,True,False,False,False,,2026-09-30,2026-08-18,New Investigator Grants to Conduct Research to Prevent Interpersonal Violence and Suicide Among Children and Adolescents (K01),forecast,ok,6.0,G3,G3.O3,"The grant funds mentored research on preventing suicide and interpersonal violence among children and adolescents, which is directly relevant to NCDHHS suicide prevention and crisis services efforts.",Research to Prevent Interpersonal Violence and Suicide Among Children and Adolescents,atypical,state_governments,DMHDDSUS,3.0,DMHDDSUS oversees suicide prevention and crisis services but does not typically administer mentored research career development awards.,"It is a mentored research scientist career development award for an individual investigator, not program or service funding, so NCDHHS would gain little direct operational capacity.",False,Aligns with suicide prevention research for children but is a mentored K01 career-development grant better suited to academic research institutions than NCDHHS.,[],True,True,atypical,deepseek/deepseek-v4-pro,92b0344f579a,True,10.0,0.0,0.85,0.0,0.0,49.2,forecast_watchlist
97,0c2a30d6-d732-4708-9a3f-c069cb554c1f,Tobacco Centers of Regulatory Science (TCORS) (Clinical Trial Optional),forecast,True,False,,0c2a30d6-d732-4708-9a3f-c069cb554c1f,RFA-OD-28-001,forecasted,HHS-NIH11,discretionary,,2026-07-09,,,,False,,,,,,,93.077|Family Smoking Prevention and Tobacco Control Act Regulatory Research,grant,health,,nonprofits_non_higher_education_with_501c3;private_institutions_of_higher_education;independent_school_districts;nonprofits_non_higher_education_without_501c3;special_district_governments;public_and_state_institutions_of_higher_education;small_businesses;other_native_american_tribal_organizations;other;for_profit_organizations_other_than_small_businesses;public_and_indian_housing_authorities;city_or_township_governments;county_governments;state_governments;federally_recognized_native_american_tribal_governments,Other Eligible ApplicantsIndian/Native American Tribal Governments (Other than Federally Recognized);U.S. Territory or Possession;Faith-based or Community-based Organizations;Regional Organizations;Non-domestic (non-U.S.) Entities (Foreign Institutions).,National Institutes of Health,Department of Health and Human Services,"Tobacco Regulatory Science Program (TRSP)
Please contact via e-mail",TRSP@mail.nih.gov,TRSP@mail.nih.gov,2027-06-14,2027-11-10,,2028-09-01,2028-09-01,2028.0,,,https://simpler.grants.gov/opportunity/0c2a30d6-d732-4708-9a3f-c069cb554c1f,"<p>The Tobacco Regulatory Science Program, participating NIH Institutes and Centers (ICs), and the Food and Drug Administration (FDA) Center for Tobacco Products (CTP) intend to issue a Notice of Funding Opportunity (NOFO) soliciting applications for Tobacco Centers of Regulatory Science (TCORS). The awards under this NOFO will be administered by NIH using funds made available through FDA CTP and the Family Smoking Prevention and Tobacco Control Act (P.L. 111-31) (FSPTCA).&nbsp;</p><p>The TCORS program objective is to establish collaborative multidisciplinary research centers that will expand the scientific base informing regulation of tobacco products to protect public health and support implementation of the FSPTCA. Centers are expected to include at least three discrete hypothesis driven Research Projects with a scientific Integrative Theme.</p><p>The NOFO will solicit research applications within the regulatory authority of FDA CTP on one or more of the following topics:&nbsp;</p><ul style=""list-style-type:disc;margin-left:56px;""><li data-list-item-id=""e3342f8d6556c203b0201536f2dc2a6c9"">Addiction</li><li data-list-item-id=""e1251020b5bef447cd808f3c8d0db6ff4"">Behavior</li><li data-list-item-id=""e295121794f2a51ba433c302eee1c6ad5"">Communications</li><li data-list-item-id=""e57028b413ae69062b7498fc4b969eba4"">Health Effects</li><li data-list-item-id=""e1470c6dc3874a78fb465af353732e0d7"">Impact Analysis&nbsp;</li><li data-list-item-id=""e89bae1c7455fd5e64ac73a758263bc99"">Marketing</li><li data-list-item-id=""e10f8011c38ec4061039086a06446b557"">Product Composition and Design</li><li data-list-item-id=""e38ba2517d220841efcfeeb7d5fc0fedf"">Toxicity</li></ul>","The Tobacco Regulatory Science Program, participating NIH Institutes and Centers (ICs), and the Food and Drug Administration (FDA) Center for Tobacco Products (CTP) intend to issue a Notice of Funding Opportunity (NOFO) soliciting applications for Tobacco Centers of Regulatory Science (TCORS). The awards under this NOFO will be administered by NIH using funds made available through FDA CTP and the Family Smoking Prevention and Tobacco Control Act (P.L. 111-31) (FSPTCA). 
 The TCORS program objective is to establish collaborative multidisciplinary research centers that will expand the scientific base informing regulation of tobacco products to protect public health and support implementation of the FSPTCA. Centers are expected to include at least three discrete hypothesis driven Research Projects with a scientific Integrative Theme.
 The NOFO will solicit research applications within the regulatory authority of FDA CTP on one or more of the following topics: 
  Addiction
 Behavior
 Communications
 Health Effects
 Impact Analysis 
 Marketing
 Product Composition and Design
 Toxicity","Tobacco Centers of Regulatory Science (TCORS) (Clinical Trial Optional)
The Tobacco Regulatory Science Program, participating NIH Institutes and Centers (ICs), and the Food and Drug Administration (FDA) Center for Tobacco Products (CTP) intend to issue a Notice of Funding Opportunity (NOFO) soliciting applications for Tobacco Centers of Regulatory Science (TCORS). The awards under this NOFO will be administered by NIH using funds made available through FDA CTP and the Family Smoking Prevention and Tobacco Control Act (P.L. 111-31) (FSPTCA). 
 The TCORS program objective is to establish collaborative multidisciplinary research centers that will expand the scientific base informing regulation of tobacco products to protect public health and support implementation of the FSPTCA. Centers are expected to include at least three discrete hypothesis driven Research Projects with a scientific Integrative Theme.
 The NOFO will solicit research applications within the regulatory authority of FDA CTP on one or more of the following topics: 
  Addiction
 Behavior
 Communications
 Health Effects
 Impact Analysis 
 Marketing
 Product Composition and Design
 Toxicity
Other Eligible ApplicantsIndian/Native American Tribal Governments (Other than Federally Recognized);U.S. Territory or Possession;Faith-based or Community-based Organizations;Regional Organizations;Non-domestic (non-U.S.) Entities (Foreign Institutions).",False,,,False,False,False,False,False,False,,False,257.0,False,False,False,False,False,False,False,False,,unknown,,False,True,False,False,False,True,5.0,False,,False,False,True,True,True,True,True,True,False,False,True,15,False,True,,False,False,False,False,1,True,False,True,NIH opportunity,True,False,False,False,,2026-09-30,2026-08-18,Tobacco Centers of Regulatory Science (TCORS) (Clinical Trial Optional),forecast,ok,3.0,none,none,"The grant funds tobacco regulatory science research, which relates to public health but does not directly fund a named NCDHHS strategic objective.",The TCORS program objective is to establish collaborative multidisciplinary research centers that will expand the scientific base informing regulation of tobacco products to protect public health and support implementation of the FSPTCA.,atypical,state_governments,DPH,4.0,"DPH houses chronic disease and tobacco-related public health functions, but this is a large multidisciplinary research center mechanism rather than a state service program.","NCDHHS would be an atypical lead for a large NIH/FDA research center, and any resulting findings may not translate directly into state tobacco-control program operations.",False,Research award for academic tobacco regulatory science centers is only loosely tied to NCDHHS objectives and is an atypical lead for DPH.,"[""Centers are expected to include at least three discrete hypothesis driven Research Projects with a scientific Integrative Theme.""]",True,True,atypical,deepseek/deepseek-v4-pro,92b0344f579a,True,10.0,0.0,0.85,0.0,0.0,48.82,forecast_watchlist
98,1fc0e15a-85eb-4a37-b792-002fbfce5582,Forecast to Publish a Funding Opportunity Announcement for Cancer Epidemiology Cohorts: Building the Next Generation of Research Cohorts (U01 Clinical Trial Not Allowed),forecast,True,False,,1fc0e15a-85eb-4a37-b792-002fbfce5582,FOR-CA-25-077,forecasted,HHS-NIH11,discretionary,,2025-06-16,,,,False,,,,,,,93.399|Cancer Control,cooperative_agreement,health,,private_institutions_of_higher_education;public_and_indian_housing_authorities;other_native_american_tribal_organizations;independent_school_districts;nonprofits_non_higher_education_with_501c3;state_governments;small_businesses;for_profit_organizations_other_than_small_businesses;federally_recognized_native_american_tribal_governments;county_governments;public_and_state_institutions_of_higher_education,,National Institutes of Health,Department of Health and Human Services,"Naoko Ishibe Simonds, Sc.D. and Lisa Gallicchio, Ph.D.
National Cancer Institute (NCI)
240-276-6967",naoko.simonds@nih.gov,naoko.simonds@nih.gov,2025-08-01,2025-11-05,,2026-07-01,2026-07-01,2026.0,,,https://simpler.grants.gov/opportunity/1fc0e15a-85eb-4a37-b792-002fbfce5582,"<p><span style=""color: rgb(51, 51, 51);"">Through this notice of funding opportunity (NOFO), the National Cancer Institute (NCI) solicits applications to “Cancer Epidemiology Cohorts: Building the Next Generation of Research Cohorts” NOFO. This funding opportunity announcement supports the establishment of the next generation of cancer epidemiology cohorts to address specific knowledge gaps in cancer etiology and survivorship. The goal of this NOFO is to lay the foundational resources and research that will enable future prospective studies capable of identifying the environmental, molecular, genetic, lifestyle, clinical, and other drivers of cancer risk and outcomes.</span></p>","Through this notice of funding opportunity (NOFO), the National Cancer Institute (NCI) solicits applications to “Cancer Epidemiology Cohorts: Building the Next Generation of Research Cohorts” NOFO. This funding opportunity announcement supports the establishment of the next generation of cancer epidemiology cohorts to address specific knowledge gaps in cancer etiology and survivorship. The goal of this NOFO is to lay the foundational resources and research that will enable future prospective studies capable of identifying the environmental, molecular, genetic, lifestyle, clinical, and other drivers of cancer risk and outcomes.","Forecast to Publish a Funding Opportunity Announcement for Cancer Epidemiology Cohorts: Building the Next Generation of Research Cohorts (U01 Clinical Trial Not Allowed)
Through this notice of funding opportunity (NOFO), the National Cancer Institute (NCI) solicits applications to “Cancer Epidemiology Cohorts: Building the Next Generation of Research Cohorts” NOFO. This funding opportunity announcement supports the establishment of the next generation of cancer epidemiology cohorts to address specific knowledge gaps in cancer etiology and survivorship. The goal of this NOFO is to lay the foundational resources and research that will enable future prospective studies capable of identifying the environmental, molecular, genetic, lifestyle, clinical, and other drivers of cancer risk and outcomes.
",False,,,False,False,False,False,False,False,,False,-425.0,True,True,False,False,False,False,False,False,,unknown,,False,True,False,False,False,True,5.0,False,,False,False,True,True,True,True,True,True,False,False,False,11,False,False,,False,False,False,False,1,True,False,True,activity code U01,True,False,False,True,,2026-09-30,2026-08-18,Forecast to Publish a Funding Opportunity Announcement for Cancer Epidemiology Cohorts: Building the Next Generation of Research Cohorts (U01 Clinical Trial Not Allowed),forecast,ok,3.0,G1,G1.O1,"The grant builds cancer epidemiology cohorts that could ultimately generate evidence to reduce cancer-related health disparities, but it does not directly fund health access or services.",supports the establishment of the next generation of cancer epidemiology cohorts to address specific knowledge gaps in cancer etiology and survivorship.,atypical,state_governments,DPH,4.0,"DPH oversees chronic disease epidemiology and surveillance, but prospective cancer cohort research is typically led by academic institutions rather than the state health department.","NCDHHS would likely be an atypical lead for a long-term NIH research cohort, requiring substantial academic partnerships and research infrastructure that DPH does not routinely operate.",False,Large NIH cancer cohort research grant only indirectly fits NCDHHS health access goals; DPH could partner but is not a natural lead.,[],True,True,atypical,deepseek/deepseek-v4-pro,92b0344f579a,True,10.0,0.0,0.85,0.0,0.0,48.82,forecast_watchlist
99,b307f2ac-767d-4715-be92-f5326db2cd9d,National Center for Construction Safety and Health Research and Translation (U54),open,False,False,,b307f2ac-767d-4715-be92-f5326db2cd9d,RFA-OH-24-001,posted,HHS-CDC-HHSCDCERA,discretionary,,2023-09-13,2026-12-01,Electronically submitted applications must be submitted no later than 11:59 pm ET on the listed application due date.,2026-12-31,False,1.0,28750000.0,3000000.0,5750000.0,https://grants.nih.gov/grants/guide/rfa-files/RFA-OH-24-001.html,,93.262|Occupational Safety and Health Program,cooperative_agreement,health,,special_district_governments;small_businesses;nonprofits_non_higher_education_with_501c3;independent_school_districts;state_governments;private_institutions_of_higher_education;public_and_state_institutions_of_higher_education;for_profit_organizations_other_than_small_businesses;public_and_indian_housing_authorities;county_governments;other_native_american_tribal_organizations;nonprofits_non_higher_education_without_501c3;city_or_township_governments;federally_recognized_native_american_tribal_governments,,Centers for Disease Control and Prevention - ERA,Department of Health and Human Services,"Sharon Chiou
Program Officer
304-285-6029",sic7@cdc.gov,schiou@cdc.gov,,,,,,,,,https://simpler.grants.gov/opportunity/b307f2ac-767d-4715-be92-f5326db2cd9d,"<p>NIOSH is encouraging the submission of an application from qualified organizations for a National Center for Construction Safety and Health Research and Translation. Applicants are encouraged to propose multidisciplinary approaches and coordination for impactful applied and intervention research, hazard identification, and controls; develop partnerships for implementing prevention and intervention activities; and serve as a leader in research translation and research-to-practice for the protection of construction workers in the U.S. The Center will accomplish these goals by integrating and advancing research, research translation, best practices, policy and guidance, and capacity building. Center work should consider the NIOSH strategic plan and NORA construction research objectives. Center structure should take advantage of diverse scientific resources and focus on national worker safety and health issues. Centers should emphasize the creation and implementation of evidence-based solutions that address important construction industry safety and health problems. Collaborations with other academic institutions, nonprofit organizations, and other occupational safety and health-focused groups are expected. Applicants must concisely describe the occupational health burden of important safety and health issues in the construction industry and discuss how focused research and outreach activities will help alleviate the burden and reduce numbers. Applicants should also clearly articulate the anticipated impacts of the Center’s proposed work, both during the project period and beyond.</p>","NIOSH is encouraging the submission of an application from qualified organizations for a National Center for Construction Safety and Health Research and Translation. Applicants are encouraged to propose multidisciplinary approaches and coordination for impactful applied and intervention research, hazard identification, and controls; develop partnerships for implementing prevention and intervention activities; and serve as a leader in research translation and research-to-practice for the protection of construction workers in the U.S. The Center will accomplish these goals by integrating and advancing research, research translation, best practices, policy and guidance, and capacity building. Center work should consider the NIOSH strategic plan and NORA construction research objectives. Center structure should take advantage of diverse scientific resources and focus on national worker safety and health issues. Centers should emphasize the creation and implementation of evidence-based solutions that address important construction industry safety and health problems. Collaborations with other academic institutions, nonprofit organizations, and other occupational safety and health-focused groups are expected. Applicants must concisely describe the occupational health burden of important safety and health issues in the construction industry and discuss how focused research and outreach activities will help alleviate the burden and reduce numbers. Applicants should also clearly articulate the anticipated impacts of the Center’s proposed work, both during the project period and beyond.","National Center for Construction Safety and Health Research and Translation (U54)
NIOSH is encouraging the submission of an application from qualified organizations for a National Center for Construction Safety and Health Research and Translation. Applicants are encouraged to propose multidisciplinary approaches and coordination for impactful applied and intervention research, hazard identification, and controls; develop partnerships for implementing prevention and intervention activities; and serve as a leader in research translation and research-to-practice for the protection of construction workers in the U.S. The Center will accomplish these goals by integrating and advancing research, research translation, best practices, policy and guidance, and capacity building. Center work should consider the NIOSH strategic plan and NORA construction research objectives. Center structure should take advantage of diverse scientific resources and focus on national worker safety and health issues. Centers should emphasize the creation and implementation of evidence-based solutions that address important construction industry safety and health problems. Collaborations with other academic institutions, nonprofit organizations, and other occupational safety and health-focused groups are expected. Applicants must concisely describe the occupational health burden of important safety and health issues in the construction industry and discuss how focused research and outreach activities will help alleviate the burden and reduce numbers. Applicants should also clearly articulate the anticipated impacts of the Center’s proposed work, both during the project period and beyond.
N/A",False,2026-12-01,62.0,False,False,False,False,False,True,10.0,False,,False,False,False,False,False,False,False,False,28750000.0,award_ceiling,5750000.0,True,False,True,True,False,False,8.8,False,,False,False,True,True,True,True,True,True,False,False,False,14,False,True,,False,False,False,False,1,True,False,True,activity code U54,True,False,False,False,,2026-09-30,2026-08-18,National Center for Construction Safety and Health Research and Translation (U54),open,ok,1.0,none,none,"The grant funds construction worker safety and health research, which does not advance any named NCDHHS strategic objective.",serve as a leader in research translation and research-to-practice for the protection of construction workers in the U.S.,lead,state_governments,none,1.0,No NCDHHS division has an occupational safety and health research or construction-safety mission; North Carolina occupational safety is led by the Department of Labor.,NCDHHS would be outside its program authority and would need to build construction safety research capacity from scratch against established NIOSH-funded academic centers.,False,"Does not fit NCDHHS strategic goals; construction safety research is NIOSH/NC Department of Labor territory, and no DHHS division owns this work.","[""Collaborations with other academic institutions, nonprofit organizations, and other occupational safety and health-focused groups are expected.""]",True,True,lead,deepseek/deepseek-v4-pro,92b0344f579a,True,10.0,0.15,1.0,0.0,0.0,48.7,open
100,a17265a0-a839-4e4a-b114-49c9254cd4a7,NIH Science Education Partnership Award (SEPA) (R25 - Clinical Trial Not Allowed),open,False,False,,a17265a0-a839-4e4a-b114-49c9254cd4a7,PAR-27-077,posted,HHS-NIH11,discretionary,,2026-05-05,2029-05-25,,2029-07-24,False,,,,,,,93.855|Allergy and Infectious Diseases Research;93.286|Discovery and Applied Research for Technological Innovations to Improve Human Health;93.172|Human Genome Research;93.307|Minority Health and Health Disparities Research;93.866|Aging Research;93.213|Research and Training in Complementary and Integrative Health;93.121|Oral Diseases and Disorders Research;93.310|Trans-NIH Research Support;93.242|Mental Health Research Grants;93.279|Drug Use and Addiction Research Programs;93.313|NIH Office of Research on Women's Health;93.859|Biomedical Research and Research Training,grant,health,,state_governments;county_governments;city_or_township_governments;special_district_governments;independent_school_districts;public_and_state_institutions_of_higher_education;federally_recognized_native_american_tribal_governments;public_and_indian_housing_authorities;other_native_american_tribal_organizations;nonprofits_non_higher_education_with_501c3;nonprofits_non_higher_education_without_501c3;private_institutions_of_higher_education;for_profit_organizations_other_than_small_businesses;small_businesses;other,"Refer to Section III. Eligibility Information in the NOFO for additional information on eligibility.Foreign Organizations/International Collaborations:Non-domestic (non-U.S.) Entities (Foreign Organizations) are not eligible to apply.Non-domestic (non-U.S.) components of U.S. Organizations are not eligible to apply.Foreign components, as defined in the NIH Grants Policy Statement, are not allowed.",National Institutes of Health,Department of Health and Human Services,"NIGMS SEPA
NIGMS_SEPA@mail.nih.gov",NIGMS_SEPA@mail.nih.gov,NIGMS_SEPA@mail.nih.gov,,,,,,,,,https://simpler.grants.gov/opportunity/a17265a0-a839-4e4a-b114-49c9254cd4a7,"The NIH Research Education Program (R25) supports research education activities in the mission areas of the NIH. The overarching goal of this NIH Science Education Partnership Award (SEPA) program is to support educational activities that increase understanding of biomedical research among pre-college (pre-kindergarten to grade12) individuals, and to encourage awareness of and continued interest in careers in science, technology, engineering, and mathematics (STEM).","The NIH Research Education Program (R25) supports research education activities in the mission areas of the NIH. The overarching goal of this NIH Science Education Partnership Award (SEPA) program is to support educational activities that increase understanding of biomedical research among pre-college (pre-kindergarten to grade12) individuals, and to encourage awareness of and continued interest in careers in science, technology, engineering, and mathematics (STEM).","NIH Science Education Partnership Award (SEPA) (R25 - Clinical Trial Not Allowed)
The NIH Research Education Program (R25) supports research education activities in the mission areas of the NIH. The overarching goal of this NIH Science Education Partnership Award (SEPA) program is to support educational activities that increase understanding of biomedical research among pre-college (pre-kindergarten to grade12) individuals, and to encourage awareness of and continued interest in careers in science, technology, engineering, and mathematics (STEM).
Refer to Section III. Eligibility Information in the NOFO for additional information on eligibility.Foreign Organizations/International Collaborations:Non-domestic (non-U.S.) Entities (Foreign Organizations) are not eligible to apply.Non-domestic (non-U.S.) components of U.S. Organizations are not eligible to apply.Foreign components, as defined in the NIH Grants Policy Statement, are not allowed.",False,2029-05-25,968.0,False,False,False,False,False,True,10.0,False,,False,False,False,False,False,False,False,False,,unknown,,False,True,False,False,False,True,5.0,False,,False,False,True,True,True,True,True,True,False,False,True,15,False,True,,False,False,False,False,12,True,False,True,activity code R25,True,False,False,False,,2026-09-30,2026-08-18,NIH Science Education Partnership Award (SEPA) (R25 - Clinical Trial Not Allowed),open,ok,2.0,none,none,"The grant funds pre-kindergarten through grade 12 biomedical science education and STEM career awareness, which does not directly advance a named NCDHHS health, child welfare, behavioral health, or workforce objective.","The overarching goal of this NIH Science Education Partnership Award (SEPA) program is to support educational activities that increase understanding of biomedical research among pre-college (pre-kindergarten to grade12) individuals, and to encourage awareness of and continued interest in careers in science, technology, engineering, and mathematics (STEM).",lead,state_governments,none,2.0,NCDHHS divisions deliver health and human services but do not have a core program in preK-12 biomedical science education or STEM curriculum delivery.,The program is outside NCDHHS's core service delivery and would require building K-12 educational partnerships that the Department does not currently operate.,False,"This NIH award funds preK-12 STEM and biomedical science education, which does not directly fit an NCDHHS health or human services objective.",[],True,True,lead,deepseek/deepseek-v4-pro,92b0344f579a,True,10.0,0.15,1.0,0.0,0.0,48.5,open
101,21641587-9295-49dc-811b-95337df4af5c,Advanced Development of Informatics Technologies for Cancer Research and Management (U24 Clinical Trial Optional),open,False,False,,21641587-9295-49dc-811b-95337df4af5c,RFA-CA-27-020,posted,HHS-NIH11,discretionary,,2026-05-21,2026-10-19,,2026-12-19,False,3.0,2600000.0,50000.0,600000.0,,,93.394|Cancer Detection and Diagnosis Research;93.396|Cancer Biology Research;93.395|Cancer Treatment Research;93.393|Cancer Cause and Prevention Research;93.399|Cancer Control,cooperative_agreement,health,,small_businesses;county_governments;independent_school_districts;city_or_township_governments;federally_recognized_native_american_tribal_governments;other_native_american_tribal_organizations;special_district_governments;state_governments;public_and_state_institutions_of_higher_education;nonprofits_non_higher_education_with_501c3;other;private_institutions_of_higher_education;for_profit_organizations_other_than_small_businesses;public_and_indian_housing_authorities;nonprofits_non_higher_education_without_501c3,"Refer to Section III. Eligibility Information in the NOFO for additional information on eligibility.Foreign Organizations/Foreign Collaborations:Non-domestic (non-U.S.) Entities (Foreign Organizations) are eligible to apply.Non-domestic (non-U.S.) components of U.S. Organizations are eligible to apply.Foreign components, as defined in the NIH Grants Policy Statement, are allowed.",National Institutes of Health,Department of Health and Human Services,"Center for Strategic Scientific Initiatives (CSSI)
nciitcr@mail.nih.gov",nciitcr@mail.nih.gov,nciitcr@mail.nih.gov,,,,,,,,,https://simpler.grants.gov/opportunity/21641587-9295-49dc-811b-95337df4af5c,"This Notice of Funding Opportunity (NOFO) invites applications for advanced development and enhancement of emerging informatics technologies to improve the acquisition, analysis, visualization, and interpretation of data across the cancer research continuum including cancer biology, cancer treatment and diagnosis, early cancer detection, risk assessment and prevention, cancer control and epidemiology. As a component of the NCI's Informatics Technology for Cancer Research (ITCR) Program, this NOFO is focused on advancing emerging informatics technology, defined as one that has passed the initial prototyping and pilot development stage, has demonstrated potential to have a significant and broader impact, has compelling reasons for further improvement and enhancement, and has not been widely adopted in the cancer research field. To be successful, proposed development plans must have a clear rationale for why the proposed technology is needed and how it will benefit the cancer research field. In addition, mechanisms to solicit feedback from driving cancer research projects as well as the broader user community throughout the development process must be included.This NOFO invites applications for the enhancement and dissemination of emerging, user-friendly informatics technologies that support a wide range of cancer research, including discovery biology, population studies, as well as clinical and translational research. The emphasis is on uniqueness and potential impact on cancer research. In addition, all projects proposed in response to this NOFO must involve the following general attributes:Potential to advance driving cancer research projects and the cancer research field in general;Offers clear advantages over competing technologies in the targeted cancer research domain;Provides compelling plans and processes for supporting and engaging end users to evaluate and apply the tool or resource;Provides plans for advancing use of the tool or resource by the targeted community through collaboration, outreach, and training;Provides a realistic timeline and milestones for technology development.","This Notice of Funding Opportunity (NOFO) invites applications for advanced development and enhancement of emerging informatics technologies to improve the acquisition, analysis, visualization, and interpretation of data across the cancer research continuum including cancer biology, cancer treatment and diagnosis, early cancer detection, risk assessment and prevention, cancer control and epidemiology. As a component of the NCI's Informatics Technology for Cancer Research (ITCR) Program, this NOFO is focused on advancing emerging informatics technology, defined as one that has passed the initial prototyping and pilot development stage, has demonstrated potential to have a significant and broader impact, has compelling reasons for further improvement and enhancement, and has not been widely adopted in the cancer research field. To be successful, proposed development plans must have a clear rationale for why the proposed technology is needed and how it will benefit the cancer research field. In addition, mechanisms to solicit feedback from driving cancer research projects as well as the broader user community throughout the development process must be included.This NOFO invites applications for the enhancement and dissemination of emerging, user-friendly informatics technologies that support a wide range of cancer research, including discovery biology, population studies, as well as clinical and translational research. The emphasis is on uniqueness and potential impact on cancer research. In addition, all projects proposed in response to this NOFO must involve the following general attributes:Potential to advance driving cancer research projects and the cancer research field in general;Offers clear advantages over competing technologies in the targeted cancer research domain;Provides compelling plans and processes for supporting and engaging end users to evaluate and apply the tool or resource;Provides plans for advancing use of the tool or resource by the targeted community through collaboration, outreach, and training;Provides a realistic timeline and milestones for technology development.","Advanced Development of Informatics Technologies for Cancer Research and Management (U24 Clinical Trial Optional)
This Notice of Funding Opportunity (NOFO) invites applications for advanced development and enhancement of emerging informatics technologies to improve the acquisition, analysis, visualization, and interpretation of data across the cancer research continuum including cancer biology, cancer treatment and diagnosis, early cancer detection, risk assessment and prevention, cancer control and epidemiology. As a component of the NCI's Informatics Technology for Cancer Research (ITCR) Program, this NOFO is focused on advancing emerging informatics technology, defined as one that has passed the initial prototyping and pilot development stage, has demonstrated potential to have a significant and broader impact, has compelling reasons for further improvement and enhancement, and has not been widely adopted in the cancer research field. To be successful, proposed development plans must have a clear rationale for why the proposed technology is needed and how it will benefit the cancer research field. In addition, mechanisms to solicit feedback from driving cancer research projects as well as the broader user community throughout the development process must be included.This NOFO invites applications for the enhancement and dissemination of emerging, user-friendly informatics technologies that support a wide range of cancer research, including discovery biology, population studies, as well as clinical and translational research. The emphasis is on uniqueness and potential impact on cancer research. In addition, all projects proposed in response to this NOFO must involve the following general attributes:Potential to advance driving cancer research projects and the cancer research field in general;Offers clear advantages over competing technologies in the targeted cancer research domain;Provides compelling plans and processes for supporting and engaging end users to evaluate and apply the tool or resource;Provides plans for advancing use of the tool or resource by the targeted community through collaboration, outreach, and training;Provides a realistic timeline and milestones for technology development.
Refer to Section III. Eligibility Information in the NOFO for additional information on eligibility.Foreign Organizations/Foreign Collaborations:Non-domestic (non-U.S.) Entities (Foreign Organizations) are eligible to apply.Non-domestic (non-U.S.) components of U.S. Organizations are eligible to apply.Foreign components, as defined in the NIH Grants Policy Statement, are allowed.",False,2026-10-19,19.0,False,False,False,False,True,False,4.94,False,,False,False,False,False,False,False,False,False,866666.6666666666,award_ceiling,600000.0,True,False,False,True,False,False,3.89,False,,False,False,True,True,True,True,True,True,False,False,True,15,False,True,,False,False,False,False,5,True,False,True,activity code U24,True,False,False,False,,2026-09-30,2026-08-18,Advanced Development of Informatics Technologies for Cancer Research and Management (U24 Clinical Trial Optional),open,ok,4.0,G5,G5.O1,"This grant funds data acquisition, analysis, visualization, and interpretation tools for cancer research, which partially aligns with G5.O1's focus on data infrastructure and data-driven decision-making but in a narrow cancer-research context.","advanced development and enhancement of emerging informatics technologies to improve the acquisition, analysis, visualization, and interpretation of data across the cancer research continuum including cancer biology, cancer treatment and diagnosis, early cancer detection, risk assessment and prevention, cancer control and epidemiology",atypical,state_governments,DPH,3.0,"DPH has cancer surveillance and epidemiology functions, but this U24 requires developing and disseminating informatics technologies for the cancer research field, which is not DPH's usual operational role.","NCDHHS is a service and regulatory agency, not a cancer informatics technology developer, so the software development and national dissemination expectations would likely be high-burden and low-yield.",False,"Funds cancer informatics software development, not NCDHHS service delivery: only indirect data-governance alignment and heavy end-user outreach burden make it a poor fit for DPH.","[""Requires mechanisms to solicit feedback from driving cancer research projects and the broader user community throughout development."", ""Requires plans to advance use of the tool through collaboration, outreach, and training."", ""Cooperative agreement rather than a standard grant, meaning substantial NIH involvement.""]",True,True,atypical,deepseek/deepseek-v4-pro,92b0344f579a,True,10.0,0.15,1.0,0.0,0.0,47.74,open
102,8421e010-b00e-4718-84e9-1db9a34b606a,"Limited Competition: Growing Great Ideas: Research Education Course in Entrepreneurship and Product Development for Researchers Studying Drug Use, Drug Misuse, and Drug Addiction (UE5 Clinical Trial Not Allowed)",open,False,False,,8421e010-b00e-4718-84e9-1db9a34b606a,RFA-DA-27-007,posted,HHS-NIH11,discretionary,,2026-06-23,2026-10-01,,2026-11-30,False,1.0,350000.0,,,,,93.279|Drug Use and Addiction Research Programs,cooperative_agreement,health,,state_governments;special_district_governments;other_native_american_tribal_organizations;nonprofits_non_higher_education_with_501c3;for_profit_organizations_other_than_small_businesses;other;independent_school_districts;county_governments;public_and_state_institutions_of_higher_education;private_institutions_of_higher_education;public_and_indian_housing_authorities;city_or_township_governments;small_businesses;federally_recognized_native_american_tribal_governments;nonprofits_non_higher_education_without_501c3,"Refer to Section III. Eligibility Information in the NOFO for additional information on eligibility.Foreign Organizations/International Collaborations:Non-domestic (non-U.S.) Entities (Foreign Organizations) are not eligible to applyNon-domestic (non-U.S.) components of U.S. Organizations are not eligible to apply.Foreign components, as defined in the NIH Grants Policy Statement, are not allowed.",National Institutes of Health,Department of Health and Human Services,"Jessica Lukacs, MD, MBA
jess.lukacs@nih.gov",jess.lukacs@nih.gov,jess.lukacs@nih.gov,,,,,,,,,https://simpler.grants.gov/opportunity/8421e010-b00e-4718-84e9-1db9a34b606a,"This notice of funding opportunity (NOFO) seeks to establish a course to equip researchers studying drug use, drug misuse, and drug addiction with the skills, knowledge, and practical tools needed to translate their scientific discoveries into impactful real world solutions. The course is envisioned to focus on building capacity in product development, entrepreneurship, and innovation pathways so participants can more effectively move biomedical ideas from early research toward implementation, or commercialization. By combining structured training, mentorship, and hands-on experience, the course is envisioned to accelerate the development of biomedical products that address the complex challenges of drug use, drug misuse, and drug addiction, while fostering an interdisciplinary community of investigators prepared to navigate the scientific, regulatory, and business aspects of this unique research field.","This notice of funding opportunity (NOFO) seeks to establish a course to equip researchers studying drug use, drug misuse, and drug addiction with the skills, knowledge, and practical tools needed to translate their scientific discoveries into impactful real world solutions. The course is envisioned to focus on building capacity in product development, entrepreneurship, and innovation pathways so participants can more effectively move biomedical ideas from early research toward implementation, or commercialization. By combining structured training, mentorship, and hands-on experience, the course is envisioned to accelerate the development of biomedical products that address the complex challenges of drug use, drug misuse, and drug addiction, while fostering an interdisciplinary community of investigators prepared to navigate the scientific, regulatory, and business aspects of this unique research field.","Limited Competition: Growing Great Ideas: Research Education Course in Entrepreneurship and Product Development for Researchers Studying Drug Use, Drug Misuse, and Drug Addiction (UE5 Clinical Trial Not Allowed)
This notice of funding opportunity (NOFO) seeks to establish a course to equip researchers studying drug use, drug misuse, and drug addiction with the skills, knowledge, and practical tools needed to translate their scientific discoveries into impactful real world solutions. The course is envisioned to focus on building capacity in product development, entrepreneurship, and innovation pathways so participants can more effectively move biomedical ideas from early research toward implementation, or commercialization. By combining structured training, mentorship, and hands-on experience, the course is envisioned to accelerate the development of biomedical products that address the complex challenges of drug use, drug misuse, and drug addiction, while fostering an interdisciplinary community of investigators prepared to navigate the scientific, regulatory, and business aspects of this unique research field.
Refer to Section III. Eligibility Information in the NOFO for additional information on eligibility.Foreign Organizations/International Collaborations:Non-domestic (non-U.S.) Entities (Foreign Organizations) are not eligible to applyNon-domestic (non-U.S.) components of U.S. Organizations are not eligible to apply.Foreign components, as defined in the NIH Grants Policy Statement, are not allowed.",False,2026-10-01,1.0,False,False,True,True,True,False,0.29,False,,False,False,False,False,False,False,False,False,350000.0,average_award,350000.0,True,False,False,True,False,False,2.72,False,,False,False,True,True,True,True,True,True,False,False,True,15,False,True,,False,False,False,False,1,True,False,True,NIH opportunity,True,False,False,False,,2026-09-30,2026-08-18,"Limited Competition: Growing Great Ideas: Research Education Course in Entrepreneurship and Product Development for Researchers Studying Drug Use, Drug Misuse, and Drug Addiction (UE5 Clinical Trial Not Allowed)",open,ok,6.0,G3,G3.O4,"The course builds researchers' ability to translate drug abuse discoveries into biomedical products, indirectly advancing substance use crisis efforts.","accelerate the development of biomedical products that address the complex challenges of drug use, drug misuse, and drug addiction",atypical,state_governments,DMHDDSUS,3.0,DMHDDSUS oversees substance use and opioid response programs but does not run academic entrepreneurship or biomedical product development training for researchers.,"The limited competition and academic research-training focus make NCDHHS an unlikely lead, and the award would not fund direct substance use services.",False,Aligns loosely with substance use crisis goals but funds academic entrepreneurship training for researchers; limited competition and low operational fit make it a poor NCDHHS lead.,"[""Limited Competition"", ""Clinical Trial Not Allowed"", ""Foreign components, as defined in the NIH Grants Policy Statement, are not allowed"", ""cooperative_agreement""]",True,True,atypical,deepseek/deepseek-v4-pro,92b0344f579a,True,10.0,0.15,1.0,0.0,0.0,45.02,open
103,b56109e1-0c63-42ea-96cb-13f4ef3a5064,Data Sharing for Demographic Research Infrastructure Program,forecast,True,False,,b56109e1-0c63-42ea-96cb-13f4ef3a5064,RFA-HD-27-005,forecasted,HHS-NIH11,discretionary,,2025-09-15,,,,False,1.0,600000.0,600000.0,600000.0,,,93.865|Child Health and Human Development Extramural Research,grant,health,,public_and_indian_housing_authorities;special_district_governments;private_institutions_of_higher_education;nonprofits_non_higher_education_without_501c3;other_native_american_tribal_organizations;small_businesses;independent_school_districts;county_governments;nonprofits_non_higher_education_with_501c3;state_governments;public_and_state_institutions_of_higher_education;other;for_profit_organizations_other_than_small_businesses;city_or_township_governments;federally_recognized_native_american_tribal_governments,Other Eligible ApplicantsIndian/Native American Tribal Governments (Other than Federally Recognized);Eligible Agencies of the Federal Government;U.S. Territory or Possession;Faith-based or Community-based Organizations;Regional Organizations;Non-domestic (non-U.S.) Entities (Foreign Institutions).,National Institutes of Health,Department of Health and Human Services,"Randolph Capps
2406199856",Randy.Capps@NIH.gov,Randy.Capps@NIH.gov,2026-03-20,2026-07-22,,2027-04-01,2027-04-01,2027.0,,,https://simpler.grants.gov/opportunity/b56109e1-0c63-42ea-96cb-13f4ef3a5064,"<p>This initiative will continue supporting a repository for datasets produced through support from the Population Dynamics Branch (PDB) and other components of NICHD’s Division of Extramural Research. DSDR is widely used by NICHD grantees; complies with NIH data sharing requirements; is listed in the NLM Open Domain-Specific Data Sharing Repositories; and holds more than 3,000 datasets containing over 1.5 million variables. It provides archiving, curation, and dissemination services that are not available through other repositories used by NICHD-funded researchers, such as the NICHD Data and Specimen Hub (DASH), and offers data archiving and dissemination services beyond the those required by NIH data sharing policy.&nbsp;This repository houses unique data from qualitative studies, unstructured data sources, and studies of sensitive topics. The grantee will be expected to provide resources to researchers on best practices for archiving data, including information about sharing qualitative and other sensitive data. Annually, DSDR will be required to process 20-40 new and updated datasets; disseminate 135 datasets and their documentation; review and oversee 30 data use agreements; facilitate 700,000 or more downloads of data, documentation, and other resources; maintain a guide to NICHD PDB archived data including data archived elsewhere; and provide technical assistance to 1,500-2,000 users.</p>","This initiative will continue supporting a repository for datasets produced through support from the Population Dynamics Branch (PDB) and other components of NICHD’s Division of Extramural Research. DSDR is widely used by NICHD grantees; complies with NIH data sharing requirements; is listed in the NLM Open Domain-Specific Data Sharing Repositories; and holds more than 3,000 datasets containing over 1.5 million variables. It provides archiving, curation, and dissemination services that are not available through other repositories used by NICHD-funded researchers, such as the NICHD Data and Specimen Hub (DASH), and offers data archiving and dissemination services beyond the those required by NIH data sharing policy. This repository houses unique data from qualitative studies, unstructured data sources, and studies of sensitive topics. The grantee will be expected to provide resources to researchers on best practices for archiving data, including information about sharing qualitative and other sensitive data. Annually, DSDR will be required to process 20-40 new and updated datasets; disseminate 135 datasets and their documentation; review and oversee 30 data use agreements; facilitate 700,000 or more downloads of data, documentation, and other resources; maintain a guide to NICHD PDB archived data including data archived elsewhere; and provide technical assistance to 1,500-2,000 users.","Data Sharing for Demographic Research Infrastructure Program
This initiative will continue supporting a repository for datasets produced through support from the Population Dynamics Branch (PDB) and other components of NICHD’s Division of Extramural Research. DSDR is widely used by NICHD grantees; complies with NIH data sharing requirements; is listed in the NLM Open Domain-Specific Data Sharing Repositories; and holds more than 3,000 datasets containing over 1.5 million variables. It provides archiving, curation, and dissemination services that are not available through other repositories used by NICHD-funded researchers, such as the NICHD Data and Specimen Hub (DASH), and offers data archiving and dissemination services beyond the those required by NIH data sharing policy. This repository houses unique data from qualitative studies, unstructured data sources, and studies of sensitive topics. The grantee will be expected to provide resources to researchers on best practices for archiving data, including information about sharing qualitative and other sensitive data. Annually, DSDR will be required to process 20-40 new and updated datasets; disseminate 135 datasets and their documentation; review and oversee 30 data use agreements; facilitate 700,000 or more downloads of data, documentation, and other resources; maintain a guide to NICHD PDB archived data including data archived elsewhere; and provide technical assistance to 1,500-2,000 users.
Other Eligible ApplicantsIndian/Native American Tribal Governments (Other than Federally Recognized);Eligible Agencies of the Federal Government;U.S. Territory or Possession;Faith-based or Community-based Organizations;Regional Organizations;Non-domestic (non-U.S.) Entities (Foreign Institutions).",False,,,False,False,False,False,False,False,,False,-194.0,True,True,False,False,False,False,False,False,600000.0,award_ceiling,600000.0,True,False,False,True,False,False,3.89,False,,False,False,True,True,True,True,True,True,False,False,True,15,False,True,,False,False,False,False,1,True,False,True,NIH opportunity,True,False,False,False,,2026-09-30,2026-08-18,Data Sharing for Demographic Research Infrastructure Program,forecast,ok,4.0,G5,G5.O1,"The grant funds national data archiving, curation, and dissemination infrastructure, which is relevant to G5.O1's focus on data infrastructure but is not tied to NCDHHS program data or decisions.","It provides archiving, curation, and dissemination services",lead,state_governments,OSEC,2.0,"OSEC owns department-wide data and IT functions, but running a national NICHD demographic-data repository would require specialized curation and federal research compliance capacity beyond its current role.","This grant would require NCDHHS to operate a national scientific data repository with specialized curation and federal research compliance capacity that is outside its core health and human services operations, so the effort may outweigh the strategic return.",False,"Eligible infrastructure grant but weak fit: it funds a national demographic-data repository, not direct NCDHHS services; low operational alignment with OSEC data/IT.","[""Annual performance requirements: process 20-40 new and updated datasets, disseminate 135 datasets and their documentation, review and oversee 30 data use agreements, facilitate 700,000 or more downloads, and provide technical assistance to 1,500-2,000 users."", ""Must provide resources to researchers on best practices for archiving data, including sharing qualitative and other sensitive data.""]",True,True,lead,deepseek/deepseek-v4-pro,92b0344f579a,True,10.0,0.0,0.85,0.0,0.0,44.51,forecast_watchlist
104,8ae80981-8f34-48e1-9a75-c7ca81553ce7,Personal Health Informatics for Delivering Actionable Insights to Individuals (R01 Clinical Trial Optional),open,False,False,,8ae80981-8f34-48e1-9a75-c7ca81553ce7,PAR-25-235,posted,HHS-NIH11,discretionary,,2024-11-21,2027-01-07,,2027-02-12,False,,,,250000.0,http://grants.nih.gov/grants/guide/pa-files/PAR-25-235.html,https://grants.nih.gov/grants/guide/pa-files/PAR-25-235.html,93.879|Medical Library Assistance;93.242|Mental Health Research Grants,grant,health;education,,federally_recognized_native_american_tribal_governments;public_and_indian_housing_authorities;nonprofits_non_higher_education_with_501c3;public_and_state_institutions_of_higher_education;small_businesses;other;county_governments;private_institutions_of_higher_education;other_native_american_tribal_organizations;nonprofits_non_higher_education_without_501c3;state_governments;special_district_governments;independent_school_districts;city_or_township_governments;for_profit_organizations_other_than_small_businesses,"Other Eligible Applicants include the following:
 Alaska Native and Native Hawaiian Serving Institutions; Asian American Native American Pacific Islander Serving Institutions (AANAPISISs); Eligible Agencies of the Federal Government; Faith-based or Community-based Organizations; Hispanic-serving Institutions; Historically Black Colleges and Universities (HBCUs); Indian/Native American Tribal Governments (Other than Federally Recognized); Non-domestic (non-U.S.) Entities (Foreign Organizations); Regional Organizations; Tribally Controlled Colleges and Universities (TCCUs) ; U.S. Territory or Possession.",National Institutes of Health,Department of Health and Human Services,"NIH Grants Information
grantsinfo@nih.gov",grantsinfo@nih.gov,See Section VII. Agency Contacts within the full opportunity announcement for all other inquires.,,,,,,,,,https://simpler.grants.gov/opportunity/8ae80981-8f34-48e1-9a75-c7ca81553ce7,"The purpose of this Notice of Funding Opportunity (NOFO) is to advance the development of novel informatics and data science approaches that can help individuals understand and improve their health through actionable insights. NLM seeks applications that further the science of personal health informatics by providing meaningful and actionable insights to individuals through innovative personal health data collection, integration, analysis, and personalized risk assessments and interpretation. Applications seeking to advance the understanding of how informatics tools, systems, and platforms can best present the results, interpretation, and limitations of personalized assessments for the benefit of individuals are encouraged. Applications should include end user engaged approaches and real-world evaluation to inform the design of generalizable, reusable, and scalable personal health informatics tools, systems, and platforms for the benefit of individuals in understanding and improving their health.","The purpose of this Notice of Funding Opportunity (NOFO) is to advance the development of novel informatics and data science approaches that can help individuals understand and improve their health through actionable insights. NLM seeks applications that further the science of personal health informatics by providing meaningful and actionable insights to individuals through innovative personal health data collection, integration, analysis, and personalized risk assessments and interpretation. Applications seeking to advance the understanding of how informatics tools, systems, and platforms can best present the results, interpretation, and limitations of personalized assessments for the benefit of individuals are encouraged. Applications should include end user engaged approaches and real-world evaluation to inform the design of generalizable, reusable, and scalable personal health informatics tools, systems, and platforms for the benefit of individuals in understanding and improving their health.","Personal Health Informatics for Delivering Actionable Insights to Individuals (R01 Clinical Trial Optional)
The purpose of this Notice of Funding Opportunity (NOFO) is to advance the development of novel informatics and data science approaches that can help individuals understand and improve their health through actionable insights. NLM seeks applications that further the science of personal health informatics by providing meaningful and actionable insights to individuals through innovative personal health data collection, integration, analysis, and personalized risk assessments and interpretation. Applications seeking to advance the understanding of how informatics tools, systems, and platforms can best present the results, interpretation, and limitations of personalized assessments for the benefit of individuals are encouraged. Applications should include end user engaged approaches and real-world evaluation to inform the design of generalizable, reusable, and scalable personal health informatics tools, systems, and platforms for the benefit of individuals in understanding and improving their health.
Other Eligible Applicants include the following:
 Alaska Native and Native Hawaiian Serving Institutions; Asian American Native American Pacific Islander Serving Institutions (AANAPISISs); Eligible Agencies of the Federal Government; Faith-based or Community-based Organizations; Hispanic-serving Institutions; Historically Black Colleges and Universities (HBCUs); Indian/Native American Tribal Governments (Other than Federally Recognized); Non-domestic (non-U.S.) Entities (Foreign Organizations); Regional Organizations; Tribally Controlled Colleges and Universities (TCCUs) ; U.S. Territory or Possession.",False,2027-01-07,99.0,False,False,False,False,False,True,10.0,False,,False,False,False,False,False,False,False,False,,award_ceiling,250000.0,True,False,False,False,False,False,1.99,False,,False,False,True,True,True,True,True,True,False,False,True,15,False,True,,False,False,False,False,2,True,False,True,activity code R01,True,False,False,False,,2026-09-30,2026-08-18,Personal Health Informatics for Delivering Actionable Insights to Individuals (R01 Clinical Trial Optional),open,ok,3.0,G5,G5.O1,"The grant funds development of informatics and data science approaches for personal health insights, which is loosely related to NCDHHS's data-driven decision-making objective but is aimed at individuals rather than Department operations.",advance the development of novel informatics and data science approaches that can help individuals understand and improve their health through actionable insights,lead,state_governments,none,1.0,"No NCDHHS division has a core research mission in personal health informatics, so this would require an academic research partnership outside the agency's normal operations.","This is an NIH R01 research grant for academic-style informatics methods development, so NCDHHS would likely lack the research infrastructure and investigator team to compete without heavy reliance on external partners.",False,NIH research grant to develop personal health informatics tools; weak alignment with NCDHHS data objectives and no clear operational owner.,[],True,True,lead,deepseek/deepseek-v4-pro,92b0344f579a,True,10.0,0.15,1.0,0.0,0.0,44.48,open
105,d92a6645-61df-4765-8caa-4db9aa678c6e,NIA Expanding Research in AD/ADRD (ERA) Summer Research Education Program (R25 Independent Clinical Trial Not Allowed),open,False,False,,d92a6645-61df-4765-8caa-4db9aa678c6e,RFA-AG-26-011,posted,HHS-NIH11,discretionary,,2025-09-02,2027-05-26,,2027-07-01,False,,,,200000.0,http://grants.nih.gov/grants/guide/rfa-files/RFA-AG-26-011.html,https://grants.nih.gov/grants/guide/rfa-files/RFA-AG-26-011.html,93.866|Aging Research,grant,health,,federally_recognized_native_american_tribal_governments;private_institutions_of_higher_education;city_or_township_governments;state_governments;for_profit_organizations_other_than_small_businesses;small_businesses;public_and_state_institutions_of_higher_education;county_governments;nonprofits_non_higher_education_without_501c3;independent_school_districts;public_and_indian_housing_authorities;other;other_native_american_tribal_organizations;special_district_governments;nonprofits_non_higher_education_with_501c3,"Other Eligible Applicants include the following:
 Faith-based or Community-based Organizations; Indian/Native American Tribal Governments (Other than Federally Recognized); Regional Organizations; U.S. Territory or Possession; Non-domestic (non-U.S.) Entities (Foreign Organizations) are not eligible to apply

Non-domestic (non-U.S.) components of U.S. Organizations are not eligible to apply.

Foreign components, as defined in the NIH Grants Policy Statement, are not allowed.",National Institutes of Health,Department of Health and Human Services,"NIH Grants Information
grantsinfo@nih.gov",grantsinfo@nih.gov,See Section VII. Agency Contacts within the full opportunity announcement for all other inquires.,,,,,,,,,https://simpler.grants.gov/opportunity/d92a6645-61df-4765-8caa-4db9aa678c6e,"This Notice of Funding Opportunity (NOFO) invites R25 applications to support the development and implementation of summer research education programs for high school students, undergraduates, or science teachers from all backgrounds, including those from groups underrepresented in the biomedical and behavioral sciences. It is essential to expand and broaden the skilled Alzheimer's Disease (AD) and Alzheimers Disease Related Dementias (ADRD) research workforce and provide exposure to AD/ADRD research to individuals early in their careers. The proposed research education programs will support intensive summer research experiences in the AD/ADRD field with the goal of exposing participants to AD/ADRD research and encourage further study or participation in biomedical and behavioral research.
This NOFO does not allow participants to lead an independent clinical trial, but does allow them to obtain research experience in a clinical trial led by a mentor or co-mentor.","This Notice of Funding Opportunity (NOFO) invites R25 applications to support the development and implementation of summer research education programs for high school students, undergraduates, or science teachers from all backgrounds, including those from groups underrepresented in the biomedical and behavioral sciences. It is essential to expand and broaden the skilled Alzheimer's Disease (AD) and Alzheimers Disease Related Dementias (ADRD) research workforce and provide exposure to AD/ADRD research to individuals early in their careers. The proposed research education programs will support intensive summer research experiences in the AD/ADRD field with the goal of exposing participants to AD/ADRD research and encourage further study or participation in biomedical and behavioral research.
This NOFO does not allow participants to lead an independent clinical trial, but does allow them to obtain research experience in a clinical trial led by a mentor or co-mentor.","NIA Expanding Research in AD/ADRD (ERA) Summer Research Education Program (R25 Independent Clinical Trial Not Allowed)
This Notice of Funding Opportunity (NOFO) invites R25 applications to support the development and implementation of summer research education programs for high school students, undergraduates, or science teachers from all backgrounds, including those from groups underrepresented in the biomedical and behavioral sciences. It is essential to expand and broaden the skilled Alzheimer's Disease (AD) and Alzheimers Disease Related Dementias (ADRD) research workforce and provide exposure to AD/ADRD research to individuals early in their careers. The proposed research education programs will support intensive summer research experiences in the AD/ADRD field with the goal of exposing participants to AD/ADRD research and encourage further study or participation in biomedical and behavioral research.
This NOFO does not allow participants to lead an independent clinical trial, but does allow them to obtain research experience in a clinical trial led by a mentor or co-mentor.
Other Eligible Applicants include the following:
 Faith-based or Community-based Organizations; Indian/Native American Tribal Governments (Other than Federally Recognized); Regional Organizations; U.S. Territory or Possession; Non-domestic (non-U.S.) Entities (Foreign Organizations) are not eligible to apply

Non-domestic (non-U.S.) components of U.S. Organizations are not eligible to apply.

Foreign components, as defined in the NIH Grants Policy Statement, are not allowed.",False,2027-05-26,238.0,False,False,False,False,False,True,10.0,False,,False,False,False,False,False,False,False,False,,award_ceiling,200000.0,True,False,False,False,False,False,1.51,False,,False,False,True,True,True,True,True,True,False,False,True,15,False,True,,False,False,False,False,1,True,False,True,activity code R25,True,False,False,False,,2026-09-30,2026-08-18,NIA Expanding Research in AD/ADRD (ERA) Summer Research Education Program (R25 Independent Clinical Trial Not Allowed),open,ok,2.0,none,none,"The grant funds AD/ADRD summer research training for early-career participants, but it does not directly fund any named NCDHHS objective; its only thematic link is to the aging population served by DAGING.",intensive summer research experiences in the AD/ADRD field,atypical,state_governments,DAGING,2.0,"DAGING is the closest thematic division for AD/ADRD because it serves older adults, but it has no existing NIH research education program and would need academic research partners to run this.","This is an NIH R25 research education mechanism designed for academic institutions, and NCDHHS lacks the biomedical research training infrastructure, so pursuing it would require substantial external partnership and management effort.",False,"NIH research-training grant for AD/ADRD summer programs; no NCDHHS strategic objective or division mission matches, and we lack academic infrastructure to lead it.",[],True,True,atypical,deepseek/deepseek-v4-pro,92b0344f579a,True,10.0,0.15,1.0,0.0,0.0,43.26,open
106,656b470c-38fc-441c-8675-f04f75b507d0,HIV/AIDS Clinical Trials Network Clinical Trials Units,forecast,True,False,,656b470c-38fc-441c-8675-f04f75b507d0,RFA-AI-28-004,forecasted,HHS-NIH11,discretionary,,2026-04-08,,,,False,,,,,,,93.855|Allergy and Infectious Diseases Research;93.310|Trans-NIH Research Support,cooperative_agreement,health,,private_institutions_of_higher_education;city_or_township_governments;independent_school_districts;nonprofits_non_higher_education_without_501c3;nonprofits_non_higher_education_with_501c3;other;state_governments;other_native_american_tribal_organizations;small_businesses;public_and_indian_housing_authorities;for_profit_organizations_other_than_small_businesses;special_district_governments;county_governments;public_and_state_institutions_of_higher_education;federally_recognized_native_american_tribal_governments,Other Eligible ApplicantsIndian/Native American Tribal Governments (Other than Federally Recognized);Eligible Agencies of the Federal Government;U.S. Territory or Possession;Faith-based or Community-based Organizations;Regional Organizations;Non-domestic (non-U.S.) Entities (Foreign Institutions).,National Institutes of Health,Department of Health and Human Services,"Division of AIDS
Please contact via e-mail.",sciops@niaid.nih.gov,sciops@niaid.nih.gov,2026-08-25,2027-01-22,,2027-12-01,2027-12-01,2028.0,,,https://simpler.grants.gov/opportunity/656b470c-38fc-441c-8675-f04f75b507d0,"<p>The National Institute of Allergy and Infectious Diseases (NIAID) seeks to advance the National Institutes of Health (NIH) mission by supporting four Clinical Trials Networks (CTNs) each comprised of a Leadership and Operations Center, Statistical and Data Management Center, and Laboratory Center working with Clinical Trials Units (CTUs), to advance prevention and treatment research on HIV and HIV-associated diseases. CTNs will conduct randomized controlled clinical studies at CTUs testing innovative strategies and conduct implementation research targeted to end the HIV epidemic. This NOFO will solicit applications for CTUs providing scientific expertise to conduct these clinical trials and implementation research studies. Each CTU will include an administrative hub and domestic and/or international Clinical Research Sites to promote efficient utilization of resources and infrastructure. CTUs conduct multiple clinical studies, from more than one CTN, and can access, recruit, and retain relevant study participants. International studies produce crucial findings significantly benefiting Americans with or at-risk of HIV or HIV-related diseases.</p><p>Grant authorities that allow NIAID to forecast this opportunity are as follows: Sections 301 and 405 of the Public Health Service Act as amended (42 USC 241 and 284) and under Federal Regulations 42 CFR Part 52 and 2 CFR Part 200.<br>&nbsp;</p>","The National Institute of Allergy and Infectious Diseases (NIAID) seeks to advance the National Institutes of Health (NIH) mission by supporting four Clinical Trials Networks (CTNs) each comprised of a Leadership and Operations Center, Statistical and Data Management Center, and Laboratory Center working with Clinical Trials Units (CTUs), to advance prevention and treatment research on HIV and HIV-associated diseases. CTNs will conduct randomized controlled clinical studies at CTUs testing innovative strategies and conduct implementation research targeted to end the HIV epidemic. This NOFO will solicit applications for CTUs providing scientific expertise to conduct these clinical trials and implementation research studies. Each CTU will include an administrative hub and domestic and/or international Clinical Research Sites to promote efficient utilization of resources and infrastructure. CTUs conduct multiple clinical studies, from more than one CTN, and can access, recruit, and retain relevant study participants. International studies produce crucial findings significantly benefiting Americans with or at-risk of HIV or HIV-related diseases.
 Grant authorities that allow NIAID to forecast this opportunity are as follows: Sections 301 and 405 of the Public Health Service Act as amended (42 USC 241 and 284) and under Federal Regulations 42 CFR Part 52 and 2 CFR Part 200.","HIV/AIDS Clinical Trials Network Clinical Trials Units
The National Institute of Allergy and Infectious Diseases (NIAID) seeks to advance the National Institutes of Health (NIH) mission by supporting four Clinical Trials Networks (CTNs) each comprised of a Leadership and Operations Center, Statistical and Data Management Center, and Laboratory Center working with Clinical Trials Units (CTUs), to advance prevention and treatment research on HIV and HIV-associated diseases. CTNs will conduct randomized controlled clinical studies at CTUs testing innovative strategies and conduct implementation research targeted to end the HIV epidemic. This NOFO will solicit applications for CTUs providing scientific expertise to conduct these clinical trials and implementation research studies. Each CTU will include an administrative hub and domestic and/or international Clinical Research Sites to promote efficient utilization of resources and infrastructure. CTUs conduct multiple clinical studies, from more than one CTN, and can access, recruit, and retain relevant study participants. International studies produce crucial findings significantly benefiting Americans with or at-risk of HIV or HIV-related diseases.
 Grant authorities that allow NIAID to forecast this opportunity are as follows: Sections 301 and 405 of the Public Health Service Act as amended (42 USC 241 and 284) and under Federal Regulations 42 CFR Part 52 and 2 CFR Part 200.
Other Eligible ApplicantsIndian/Native American Tribal Governments (Other than Federally Recognized);Eligible Agencies of the Federal Government;U.S. Territory or Possession;Faith-based or Community-based Organizations;Regional Organizations;Non-domestic (non-U.S.) Entities (Foreign Institutions).",False,,,False,False,False,False,False,False,,False,-36.0,True,False,True,False,False,False,False,False,,unknown,,False,True,False,False,False,True,5.0,False,,False,False,True,True,True,True,True,True,False,False,True,15,False,True,,False,False,False,False,2,True,False,True,NIH opportunity,True,False,False,False,,2026-09-30,2026-08-18,HIV/AIDS Clinical Trials Network Clinical Trials Units,forecast,ok,3.0,G1,G1.O1,"The grant funds HIV prevention and treatment research to end the HIV epidemic, which relates broadly to reducing health disparities for populations facing access barriers but is not a named NCDHHS health access activity.",CTNs will conduct randomized controlled clinical studies at CTUs testing innovative strategies and conduct implementation research targeted to end the HIV epidemic.,atypical,state_governments,DPH,2.0,"DPH conducts disease prevention and surveillance, but a CTU requires specialized clinical trial infrastructure and research sites that are typically operated by academic medical centers.","NCDHHS likely lacks the specialized clinical research infrastructure to serve as a Clinical Trials Unit, making this award unrealistic to lead and difficult to administer.",False,HIV clinical trials infrastructure grant fits broadly under health access but requires academic clinical trial capacity DPH does not have; not recommended.,[],True,True,atypical,deepseek/deepseek-v4-pro,92b0344f579a,True,10.0,0.0,0.85,0.0,0.0,42.94,forecast_watchlist
107,e0cc79e9-8179-4567-9776-7dc57f4e8e3c,Enhancement and Management of Established Biomedical Data Repositories and Knowledgebases (R24 Clinical Trial Not Allowed),forecast,True,False,,e0cc79e9-8179-4567-9776-7dc57f4e8e3c,PAR-27-103,forecasted,HHS-NIH11,discretionary,,2026-05-12,,,,False,,,,,,,93.310|Trans-NIH Research Support,grant,health,,for_profit_organizations_other_than_small_businesses;nonprofits_non_higher_education_without_501c3;independent_school_districts;public_and_state_institutions_of_higher_education;county_governments;state_governments;other;small_businesses;private_institutions_of_higher_education;city_or_township_governments;federally_recognized_native_american_tribal_governments;special_district_governments;nonprofits_non_higher_education_with_501c3;public_and_indian_housing_authorities;other_native_american_tribal_organizations,Other Eligible ApplicantsIndian/Native American Tribal Governments (Other than Federally Recognized);Eligible Agencies of the Federal Government;U.S. Territory or Possession;Faith-based or Community-based Organizations;Regional Organizations;Non-domestic (non-U.S.) Entities (Foreign Institutions).,National Institutes of Health,Department of Health and Human Services,"Office of Data Science Strategy (ODSS)
Please contact via e-mail.",drkb-foa@nih.gov,drkb-foa@nih.gov,2026-07-24,2026-09-25,,2027-07-30,2027-07-30,2027.0,,,https://simpler.grants.gov/opportunity/e0cc79e9-8179-4567-9776-7dc57f4e8e3c,"<p>The Office of Data Science Strategy (ODSS) along with other participating institutes and Centers intends to renew the Notice of Funding Opportunity (NOFO) PAR-23-237.</p><p>This funding opportunity is intended to provide continuation to support established biomedical data repositories and knowledge bases as distinct and separate resources that have demonstrated impact and have potential for continued benefit to the community served. Applications funded under this NOFO for established data resources must already exist, address the needs of the targeted biomedical research community, document scientific impact they have had thus far, and have potential for continued benefit to the community served.</p><p>No applications are being solicited at this time. Given the expiration of PAR-23-237, this notice will allow for potential applicants the opportunity to continue developing high-impact applications to renew funding support for existing high-performing data repositories and knowledge bases.</p>","The Office of Data Science Strategy (ODSS) along with other participating institutes and Centers intends to renew the Notice of Funding Opportunity (NOFO) PAR-23-237.
 This funding opportunity is intended to provide continuation to support established biomedical data repositories and knowledge bases as distinct and separate resources that have demonstrated impact and have potential for continued benefit to the community served. Applications funded under this NOFO for established data resources must already exist, address the needs of the targeted biomedical research community, document scientific impact they have had thus far, and have potential for continued benefit to the community served.
 No applications are being solicited at this time. Given the expiration of PAR-23-237, this notice will allow for potential applicants the opportunity to continue developing high-impact applications to renew funding support for existing high-performing data repositories and knowledge bases.","Enhancement and Management of Established Biomedical Data Repositories and Knowledgebases (R24 Clinical Trial Not Allowed)
The Office of Data Science Strategy (ODSS) along with other participating institutes and Centers intends to renew the Notice of Funding Opportunity (NOFO) PAR-23-237.
 This funding opportunity is intended to provide continuation to support established biomedical data repositories and knowledge bases as distinct and separate resources that have demonstrated impact and have potential for continued benefit to the community served. Applications funded under this NOFO for established data resources must already exist, address the needs of the targeted biomedical research community, document scientific impact they have had thus far, and have potential for continued benefit to the community served.
 No applications are being solicited at this time. Given the expiration of PAR-23-237, this notice will allow for potential applicants the opportunity to continue developing high-impact applications to renew funding support for existing high-performing data repositories and knowledge bases.
Other Eligible ApplicantsIndian/Native American Tribal Governments (Other than Federally Recognized);Eligible Agencies of the Federal Government;U.S. Territory or Possession;Faith-based or Community-based Organizations;Regional Organizations;Non-domestic (non-U.S.) Entities (Foreign Institutions).",False,,,False,False,False,False,False,False,,False,-68.0,True,True,False,False,False,False,False,False,,unknown,,False,True,False,False,False,True,5.0,False,,False,False,True,True,True,True,True,True,False,False,True,15,False,True,,False,False,False,False,1,True,False,True,activity code R24,True,False,False,False,,2026-09-30,2026-08-18,Enhancement and Management of Established Biomedical Data Repositories and Knowledgebases (R24 Clinical Trial Not Allowed),forecast,ok,3.0,G5,G5.O1,"The grant funds established biomedical data repositories and knowledge bases, which is data infrastructure but targeted to external biomedical research communities rather than NCDHHS's internal data-driven decision-making.",support established biomedical data repositories and knowledge bases,atypical,state_governments,OSEC,2.0,"OSEC houses department-wide data and IT, but this NIH mechanism supports existing external biomedical research resources rather than state health department data systems.","No applications are being solicited at this time and the grant only renews existing high-performing biomedical data repositories, so NCDHHS likely lacks an established resource to renew.",False,"NIH preannouncement renews only existing biomedical data repositories; NCDHHS lacks a matching established resource, so this is not a fit for our data infrastructure objectives.",[],True,True,atypical,deepseek/deepseek-v4-pro,92b0344f579a,True,10.0,0.0,0.85,0.0,0.0,42.94,forecast_watchlist
108,afc00d6c-1c46-41b9-bf6a-49e00362e143,Network of the National Library of Medicine Training Center (U24 Clinical Trial Not Allowed),forecast,True,False,,afc00d6c-1c46-41b9-bf6a-49e00362e143,RFA-LM-26-002,forecasted,HHS-NIH11,discretionary,,2026-02-11,,,,False,1.0,750000.0,,750000.0,,,93.879|Medical Library Assistance,cooperative_agreement,health,,nonprofits_non_higher_education_with_501c3;federally_recognized_native_american_tribal_governments;small_businesses;state_governments;special_district_governments;public_and_state_institutions_of_higher_education;nonprofits_non_higher_education_without_501c3;for_profit_organizations_other_than_small_businesses;independent_school_districts;private_institutions_of_higher_education;city_or_township_governments;public_and_indian_housing_authorities;county_governments;other;other_native_american_tribal_organizations,Other Eligible ApplicantsIndian/Native American Tribal Governments (Other than Federally Recognized);Eligible Agencies of the Federal Government;U.S. Territory or Possession;Faith-based or Community-based Organizations;Regional Organizations.,National Institutes of Health,Department of Health and Human Services,"NLM Extramural Programs
Please contact via e-mail.",NLMProgram@nih.gov,NLMProgram@nih.gov,2026-08-15,2026-12-15,,2027-07-01,2027-07-01,2026.0,,,https://simpler.grants.gov/opportunity/afc00d6c-1c46-41b9-bf6a-49e00362e143,"<p>The National Library of Medicine (NLM) intends to publish a Notice of Funding Opportunity (NOFO) to solicit applications for a Training Center of the Network of the National Library of Medicine (NNLM).</p><p>Established in 1965 and organized geographically across the United States and its territories, the NNLM promotes and supports the initiatives, products, and services of the NLM and the National Institutes of Health (NIH). Over the years, the network has expanded its impact through strategic partnerships with a broad array of member organizations, including health sciences, hospital, academic, and public libraries; health professionals; data organizations; and community-based groups.</p><p>The NNLM’s core mission is to enable the effective use of—and contribution to—health information and data made available by the NLM and NIH. The network achieves this by providing professional development for librarians and information specialists, and by supporting access to health information and outreach through libraries and community organizations. A central emphasis of the NNLM is increasing awareness of and engagement with NIH programs and resources.</p><p>While the NNLM has traditionally focused on promoting NLM-specific products, it is now poised to expand its reach across the broader NIH community. The network will play a vital role in disseminating research findings, fostering community engagement and partnerships, and supporting participation in local clinical research. In doing so, the NNLM will enhance public understanding of NIH’s contributions and increase the use of NIH-supported information and data resources.</p><p>The NNLM consists of three major components: 1) the Network Coordinating Center (NCC), 2) Regional Medical Libraries (RMLs), and 3) the Network Training Center (NTC). This announcement specifically pertains to the NTC, with companion NOFOs forthcoming for the NCC and RMLs.</p><p>The NTC will focus on supporting training across the NNLM, including developing curricula, materials, and executing synchronous and asynchronous training sessions. The NTC will work with the RMLs and NCC to continually identify training needs for a variety of audiences and design innovative and engaging learning methods. The NTC will work closely with the NCC to develop and deliver evaluation measures to ensure learner satisfaction and that learning objectives are being met.</p><p>The NTC should have strong competencies in instructional design and technology management, as well as subject-matter expertise in biomedical information and data.</p><p>Grant authority that allows NLM&nbsp;to forecast this opportunity is as follows: Medical Library Assistance Act of 1965 (MLAA, P.L. 89-291).</p>","The National Library of Medicine (NLM) intends to publish a Notice of Funding Opportunity (NOFO) to solicit applications for a Training Center of the Network of the National Library of Medicine (NNLM).
 Established in 1965 and organized geographically across the United States and its territories, the NNLM promotes and supports the initiatives, products, and services of the NLM and the National Institutes of Health (NIH). Over the years, the network has expanded its impact through strategic partnerships with a broad array of member organizations, including health sciences, hospital, academic, and public libraries; health professionals; data organizations; and community-based groups.
 The NNLM’s core mission is to enable the effective use of—and contribution to—health information and data made available by the NLM and NIH. The network achieves this by providing professional development for librarians and information specialists, and by supporting access to health information and outreach through libraries and community organizations. A central emphasis of the NNLM is increasing awareness of and engagement with NIH programs and resources.
 While the NNLM has traditionally focused on promoting NLM-specific products, it is now poised to expand its reach across the broader NIH community. The network will play a vital role in disseminating research findings, fostering community engagement and partnerships, and supporting participation in local clinical research. In doing so, the NNLM will enhance public understanding of NIH’s contributions and increase the use of NIH-supported information and data resources.
 The NNLM consists of three major components: 1) the Network Coordinating Center (NCC), 2) Regional Medical Libraries (RMLs), and 3) the Network Training Center (NTC). This announcement specifically pertains to the NTC, with companion NOFOs forthcoming for the NCC and RMLs.
 The NTC will focus on supporting training across the NNLM, including developing curricula, materials, and executing synchronous and asynchronous training sessions. The NTC will work with the RMLs and NCC to continually identify training needs for a variety of audiences and design innovative and engaging learning methods. The NTC will work closely with the NCC to develop and deliver evaluation measures to ensure learner satisfaction and that learning objectives are being met.
 The NTC should have strong competencies in instructional design and technology management, as well as subject-matter expertise in biomedical information and data.
 Grant authority that allows NLM to forecast this opportunity is as follows: Medical Library Assistance Act of 1965 (MLAA, P.L. 89-291).","Network of the National Library of Medicine Training Center (U24 Clinical Trial Not Allowed)
The National Library of Medicine (NLM) intends to publish a Notice of Funding Opportunity (NOFO) to solicit applications for a Training Center of the Network of the National Library of Medicine (NNLM).
 Established in 1965 and organized geographically across the United States and its territories, the NNLM promotes and supports the initiatives, products, and services of the NLM and the National Institutes of Health (NIH). Over the years, the network has expanded its impact through strategic partnerships with a broad array of member organizations, including health sciences, hospital, academic, and public libraries; health professionals; data organizations; and community-based groups.
 The NNLM’s core mission is to enable the effective use of—and contribution to—health information and data made available by the NLM and NIH. The network achieves this by providing professional development for librarians and information specialists, and by supporting access to health information and outreach through libraries and community organizations. A central emphasis of the NNLM is increasing awareness of and engagement with NIH programs and resources.
 While the NNLM has traditionally focused on promoting NLM-specific products, it is now poised to expand its reach across the broader NIH community. The network will play a vital role in disseminating research findings, fostering community engagement and partnerships, and supporting participation in local clinical research. In doing so, the NNLM will enhance public understanding of NIH’s contributions and increase the use of NIH-supported information and data resources.
 The NNLM consists of three major components: 1) the Network Coordinating Center (NCC), 2) Regional Medical Libraries (RMLs), and 3) the Network Training Center (NTC). This announcement specifically pertains to the NTC, with companion NOFOs forthcoming for the NCC and RMLs.
 The NTC will focus on supporting training across the NNLM, including developing curricula, materials, and executing synchronous and asynchronous training sessions. The NTC will work with the RMLs and NCC to continually identify training needs for a variety of audiences and design innovative and engaging learning methods. The NTC will work closely with the NCC to develop and deliver evaluation measures to ensure learner satisfaction and that learning objectives are being met.
 The NTC should have strong competencies in instructional design and technology management, as well as subject-matter expertise in biomedical information and data.
 Grant authority that allows NLM to forecast this opportunity is as follows: Medical Library Assistance Act of 1965 (MLAA, P.L. 89-291).
Other Eligible ApplicantsIndian/Native American Tribal Governments (Other than Federally Recognized);Eligible Agencies of the Federal Government;U.S. Territory or Possession;Faith-based or Community-based Organizations;Regional Organizations.",False,,,False,False,False,False,False,False,,False,-46.0,True,False,True,False,False,False,False,False,750000.0,award_ceiling,750000.0,True,False,False,True,False,False,4.38,False,,False,False,True,True,True,True,True,True,False,False,True,15,False,True,,False,False,False,False,1,True,False,True,activity code U24,True,False,False,False,,2026-09-30,2026-08-18,Network of the National Library of Medicine Training Center (U24 Clinical Trial Not Allowed),forecast,ok,3.0,G5,G5.O1,"The grant funds training and curricula for using health information and data resources, which is tangentially related to G5.O1's focus on staff data skills but is aimed at librarians and information specialists rather than NCDHHS operations.","The NTC will focus on supporting training across the NNLM, including developing curricula, materials, and executing synchronous and asynchronous training sessions.",lead,state_governments,none,2.0,"NCDHHS does not operate a national medical library training center and lacks the required biomedical information, instructional design, and technology management role.","This is a national training center for medical library and information specialists, requiring specialized library and informatics capacity that NCDHHS does not have.",False,"Though state agencies can apply, this national library training center does not match NCDHHS health and human services functions and would divert effort from core mission.","[""Cooperative agreement with NIH involvement""]",True,True,lead,deepseek/deepseek-v4-pro,92b0344f579a,True,10.0,0.0,0.85,0.0,0.0,41.85,forecast_watchlist
109,e656176c-fec2-4132-8761-875dfa73dbc8,Network of the National Library of Medicine Regional Medical Libraries (UG4 Clinical Trial Not Allowed),forecast,True,False,,e656176c-fec2-4132-8761-875dfa73dbc8,RFA-LM-26-003,forecasted,HHS-NIH11,discretionary,,2026-02-11,,,,False,7.0,4200000.0,,600000.0,,,93.879|Medical Library Assistance,cooperative_agreement,health,,for_profit_organizations_other_than_small_businesses;other_native_american_tribal_organizations;nonprofits_non_higher_education_with_501c3;nonprofits_non_higher_education_without_501c3;public_and_state_institutions_of_higher_education;private_institutions_of_higher_education;independent_school_districts;small_businesses;public_and_indian_housing_authorities;state_governments;city_or_township_governments;other;county_governments;federally_recognized_native_american_tribal_governments;special_district_governments,Other Eligible ApplicantsIndian/Native American Tribal Governments (Other than Federally Recognized);Eligible Agencies of the Federal Government;U.S. Territory or Possession;Faith-based or Community-based Organizations;Regional Organizations.,National Institutes of Health,Department of Health and Human Services,"NLM Extramural Programs
Please contact via e-mail.",NLMProgram@nih.gov,NLMProgram@nih.gov,2026-08-15,2026-12-15,,2027-07-01,2027-07-01,2026.0,,,https://simpler.grants.gov/opportunity/e656176c-fec2-4132-8761-875dfa73dbc8,"<p>The National Library of Medicine (NLM) intends to publish a Notice of Funding Opportunity (NOFO) to solicit applications for Regional Medical Libraries of the Network of the National Library of Medicine (NNLM).</p><p>Established in 1965 and organized geographically across the United States and its territories, the NNLM promotes and supports the initiatives, products, and services of the NLM and the National Institutes of Health (NIH). Over the years, the network has expanded its impact through strategic partnerships with a broad array of member organizations, including health sciences, hospital, academic, and public libraries; health professionals; data organizations; and community-based groups.</p><p>The NNLM’s core mission is to enable the effective use of—and contribution to—health information and data made available by the NLM and NIH. The network achieves this by providing professional development for librarians and information specialists, and by supporting access to health information and outreach through libraries and community organizations. A central emphasis of the NNLM is increasing awareness of and engagement with NIH programs and resources.</p><p>While the NNLM has traditionally focused on promoting NLM-specific products, it is now poised to expand its reach across the broader NIH community. The network will play a vital role in disseminating research findings, fostering community engagement and partnerships, and supporting participation in local clinical research. In doing so, the NNLM will enhance public understanding of NIH’s contributions and increase the use of NIH-supported information and data resources.</p><p>The NNLM consists of three major components: 1) the Network Coordinating Center (NCC), 2) Regional Medical Libraries (RMLs), and 3) the Network Training Center (NTC). This announcement specifically pertains to RMLs, with companion NOFOs forthcoming for the NCC and NTC.</p><p>The RMLs will be responsible for generating and maintaining an active, engaged membership of organizations focused on biomedical health information and data dissemination, training, and literacy. The RMLs will work with the NCC and NTC to promote the activities, products, and services of the NLM as well as the NIH. The RMLs will work with the NCC to evaluate progress, performance, and impact of the Network, including the use of common metrics (standardized measures collected and reported), as well as proposed site-specific goals. The RMLs will collaborate with the NTC to identify training needs and execute professional development or information access programming.</p><p>The RMLs should have strong competencies in building and managing long-term partnerships with groups and organizations, deep understanding of biomedical information and data sciences, and institutional connections with a health science library.</p><p>Grant authority that allows NLM&nbsp;to forecast this opportunity is as follows: Medical Library Assistance Act of 1965 (MLAA, P.L. 89-291).</p>","The National Library of Medicine (NLM) intends to publish a Notice of Funding Opportunity (NOFO) to solicit applications for Regional Medical Libraries of the Network of the National Library of Medicine (NNLM).
 Established in 1965 and organized geographically across the United States and its territories, the NNLM promotes and supports the initiatives, products, and services of the NLM and the National Institutes of Health (NIH). Over the years, the network has expanded its impact through strategic partnerships with a broad array of member organizations, including health sciences, hospital, academic, and public libraries; health professionals; data organizations; and community-based groups.
 The NNLM’s core mission is to enable the effective use of—and contribution to—health information and data made available by the NLM and NIH. The network achieves this by providing professional development for librarians and information specialists, and by supporting access to health information and outreach through libraries and community organizations. A central emphasis of the NNLM is increasing awareness of and engagement with NIH programs and resources.
 While the NNLM has traditionally focused on promoting NLM-specific products, it is now poised to expand its reach across the broader NIH community. The network will play a vital role in disseminating research findings, fostering community engagement and partnerships, and supporting participation in local clinical research. In doing so, the NNLM will enhance public understanding of NIH’s contributions and increase the use of NIH-supported information and data resources.
 The NNLM consists of three major components: 1) the Network Coordinating Center (NCC), 2) Regional Medical Libraries (RMLs), and 3) the Network Training Center (NTC). This announcement specifically pertains to RMLs, with companion NOFOs forthcoming for the NCC and NTC.
 The RMLs will be responsible for generating and maintaining an active, engaged membership of organizations focused on biomedical health information and data dissemination, training, and literacy. The RMLs will work with the NCC and NTC to promote the activities, products, and services of the NLM as well as the NIH. The RMLs will work with the NCC to evaluate progress, performance, and impact of the Network, including the use of common metrics (standardized measures collected and reported), as well as proposed site-specific goals. The RMLs will collaborate with the NTC to identify training needs and execute professional development or information access programming.
 The RMLs should have strong competencies in building and managing long-term partnerships with groups and organizations, deep understanding of biomedical information and data sciences, and institutional connections with a health science library.
 Grant authority that allows NLM to forecast this opportunity is as follows: Medical Library Assistance Act of 1965 (MLAA, P.L. 89-291).","Network of the National Library of Medicine Regional Medical Libraries (UG4 Clinical Trial Not Allowed)
The National Library of Medicine (NLM) intends to publish a Notice of Funding Opportunity (NOFO) to solicit applications for Regional Medical Libraries of the Network of the National Library of Medicine (NNLM).
 Established in 1965 and organized geographically across the United States and its territories, the NNLM promotes and supports the initiatives, products, and services of the NLM and the National Institutes of Health (NIH). Over the years, the network has expanded its impact through strategic partnerships with a broad array of member organizations, including health sciences, hospital, academic, and public libraries; health professionals; data organizations; and community-based groups.
 The NNLM’s core mission is to enable the effective use of—and contribution to—health information and data made available by the NLM and NIH. The network achieves this by providing professional development for librarians and information specialists, and by supporting access to health information and outreach through libraries and community organizations. A central emphasis of the NNLM is increasing awareness of and engagement with NIH programs and resources.
 While the NNLM has traditionally focused on promoting NLM-specific products, it is now poised to expand its reach across the broader NIH community. The network will play a vital role in disseminating research findings, fostering community engagement and partnerships, and supporting participation in local clinical research. In doing so, the NNLM will enhance public understanding of NIH’s contributions and increase the use of NIH-supported information and data resources.
 The NNLM consists of three major components: 1) the Network Coordinating Center (NCC), 2) Regional Medical Libraries (RMLs), and 3) the Network Training Center (NTC). This announcement specifically pertains to RMLs, with companion NOFOs forthcoming for the NCC and NTC.
 The RMLs will be responsible for generating and maintaining an active, engaged membership of organizations focused on biomedical health information and data dissemination, training, and literacy. The RMLs will work with the NCC and NTC to promote the activities, products, and services of the NLM as well as the NIH. The RMLs will work with the NCC to evaluate progress, performance, and impact of the Network, including the use of common metrics (standardized measures collected and reported), as well as proposed site-specific goals. The RMLs will collaborate with the NTC to identify training needs and execute professional development or information access programming.
 The RMLs should have strong competencies in building and managing long-term partnerships with groups and organizations, deep understanding of biomedical information and data sciences, and institutional connections with a health science library.
 Grant authority that allows NLM to forecast this opportunity is as follows: Medical Library Assistance Act of 1965 (MLAA, P.L. 89-291).
Other Eligible ApplicantsIndian/Native American Tribal Governments (Other than Federally Recognized);Eligible Agencies of the Federal Government;U.S. Territory or Possession;Faith-based or Community-based Organizations;Regional Organizations.",False,,,False,False,False,False,False,False,,False,-46.0,True,False,True,False,False,False,False,False,600000.0,award_ceiling,600000.0,True,False,False,False,False,False,3.89,False,,False,False,True,True,True,True,True,True,False,False,True,15,False,True,,False,False,False,False,1,True,False,True,NIH opportunity,True,False,False,False,,2026-09-30,2026-08-18,Network of the National Library of Medicine Regional Medical Libraries (UG4 Clinical Trial Not Allowed),forecast,ok,4.0,G5,G5.O1,"The grant funds regional training and outreach to enable effective use of health information and data, which supports data literacy and data-driven decision-making among public health and community partners.",The NNLM’s core mission is to enable the effective use of—and contribution to—health information and data made available by the NLM and NIH.,lead,state_governments,none,1.0,"No NCDHHS division currently operates a medical library, regional health information training network, or multi-state biomedical information partnership, so this cooperative agreement would require building new capacity outside existing authority.","NCDHHS lacks the expected core competency of building and managing a regional biomedical information and library partnership, so this award likely fits an academic health sciences library better than a state health department.",False,"Funds regional medical library networks for health information and data training; no NCDHHS division owns library operations, so it is not a practical fit.","[""Requires institutional connections with a health science library"", ""Must collaborate with the Network Coordinating Center and Network Training Center"", ""Must collect and report common metrics and site-specific goals"", ""Must serve a multi-state geographic region as a Regional Medical Library""]",True,True,lead,deepseek/deepseek-v4-pro,92b0344f579a,True,10.0,0.0,0.85,0.0,0.0,41.57,forecast_watchlist
110,b92ee363-0a5f-4ee2-868f-84b93ce7050a,Community-Partnered Nursing Research Centers (P20 Clinical Trial Optional),open,False,False,,b92ee363-0a5f-4ee2-868f-84b93ce7050a,PAR-25-439,posted,HHS-NIH11,discretionary,,2025-09-17,2028-05-07,,2028-06-12,False,,,,500000.0,http://grants.nih.gov/grants/guide/pa-files/PAR-25-439.html,https://grants.nih.gov/grants/guide/pa-files/PAR-25-439.html,93.361|Nursing Research,grant,education;health,,city_or_township_governments;special_district_governments;county_governments;small_businesses;independent_school_districts;public_and_state_institutions_of_higher_education;other;for_profit_organizations_other_than_small_businesses;federally_recognized_native_american_tribal_governments;public_and_indian_housing_authorities;other_native_american_tribal_organizations;private_institutions_of_higher_education;state_governments;nonprofits_non_higher_education_with_501c3;nonprofits_non_higher_education_without_501c3,"Other Eligible Applicants include the following:
 Alaska Native and Native Hawaiian Serving Institutions; Asian American Native American Pacific Islander Serving Institutions (AANAPISISs); Eligible Agencies of the Federal Government; Faith-based or Community-based Organizations; Hispanic-serving Institutions; Historically Black Colleges and Universities (HBCUs); Indian/Native American Tribal Governments (Other than Federally Recognized); Regional Organizations; Tribally Controlled Colleges and Universities (TCCUs) ; U.S. Territory or Possession; Non-domestic (non-U.S.) Entities (Foreign Organization) are not eligible to apply.

Non-domestic (non-U.S.) components of U.S. Organizations are not eligible to apply.

Foreign components, as defined in the NIH Grants Policy Statement, are not allowed.",National Institutes of Health,Department of Health and Human Services,"NIH Grants Information
grantsinfo@nih.gov",grantsinfo@nih.gov,See Section VII. Agency Contacts within the full opportunity announcement for all other inquires.,,,,,,,,,https://simpler.grants.gov/opportunity/b92ee363-0a5f-4ee2-868f-84b93ce7050a,"The purpose of this initiative is to support the development of innovative research centers to foster nursing-led programs that promote community-partnered research to address persistent health challenges. Center applications developed in response to this RFA should propose strategies to strengthen the research infrastructure by establishing or expanding centralized research resources in School or College of Nursing (SON/CON), developing and enhancing nurse-led interdisciplinary teams, and building expertise in community-partnered research through conducting pilot research that applies NINR's research lenses. Center strategies should be informed by NINRs mission and should meaningfully engage the community throughout all activities.","The purpose of this initiative is to support the development of innovative research centers to foster nursing-led programs that promote community-partnered research to address persistent health challenges. Center applications developed in response to this RFA should propose strategies to strengthen the research infrastructure by establishing or expanding centralized research resources in School or College of Nursing (SON/CON), developing and enhancing nurse-led interdisciplinary teams, and building expertise in community-partnered research through conducting pilot research that applies NINR's research lenses. Center strategies should be informed by NINRs mission and should meaningfully engage the community throughout all activities.","Community-Partnered Nursing Research Centers (P20 Clinical Trial Optional)
The purpose of this initiative is to support the development of innovative research centers to foster nursing-led programs that promote community-partnered research to address persistent health challenges. Center applications developed in response to this RFA should propose strategies to strengthen the research infrastructure by establishing or expanding centralized research resources in School or College of Nursing (SON/CON), developing and enhancing nurse-led interdisciplinary teams, and building expertise in community-partnered research through conducting pilot research that applies NINR's research lenses. Center strategies should be informed by NINRs mission and should meaningfully engage the community throughout all activities.
Other Eligible Applicants include the following:
 Alaska Native and Native Hawaiian Serving Institutions; Asian American Native American Pacific Islander Serving Institutions (AANAPISISs); Eligible Agencies of the Federal Government; Faith-based or Community-based Organizations; Hispanic-serving Institutions; Historically Black Colleges and Universities (HBCUs); Indian/Native American Tribal Governments (Other than Federally Recognized); Regional Organizations; Tribally Controlled Colleges and Universities (TCCUs) ; U.S. Territory or Possession; Non-domestic (non-U.S.) Entities (Foreign Organization) are not eligible to apply.

Non-domestic (non-U.S.) components of U.S. Organizations are not eligible to apply.

Foreign components, as defined in the NIH Grants Policy Statement, are not allowed.",False,2028-05-07,585.0,False,False,False,False,False,True,10.0,False,,False,False,False,False,False,False,False,False,,award_ceiling,500000.0,True,False,False,False,False,False,3.49,False,,False,False,True,True,True,True,True,True,False,False,True,15,False,True,,False,False,False,False,1,True,False,True,activity code P20,True,False,False,False,,2026-09-30,2026-08-18,Community-Partnered Nursing Research Centers (P20 Clinical Trial Optional),open,ok,2.0,none,none,The grant funds academic research infrastructure that could generate evidence on persistent health challenges but does not directly implement a named NCDHHS objective.,support the development of innovative research centers to foster nursing-led programs that promote community-partnered research to address persistent health challenges,atypical,state_governments,none,0.0,"No NCDHHS division operates a School of Nursing or manages NIH P20 research centers, so it could not realistically own the proposed center.","The award is structured around a School or College of Nursing, so NCDHHS would at most be a community partner and is unlikely to lead or receive the core award.",False,"Academic nursing research center grant does not fit NCDHHS service authority or operations; better suited to a university nursing school, with NCDHHS only as a possible partner.","[""should meaningfully engage the community throughout all activities""]",True,True,atypical,deepseek/deepseek-v4-pro,92b0344f579a,True,10.0,0.15,1.0,0.0,0.0,41.23,open
111,e0b00d08-7c83-4488-8b55-94bd733a57fa,Occupational Safety and Health Research (R01),forecast,True,False,,e0b00d08-7c83-4488-8b55-94bd733a57fa,RFA-OH-27-032,forecasted,HHS-CDC-HHSCDCERA,discretionary,,2026-07-22,,,2031-11-12,False,7.0,12500000.0,0.0,680000.0,,,93.262|Occupational Safety and Health Program,grant,health,,nonprofits_non_higher_education_with_501c3;state_governments;county_governments;other_native_american_tribal_organizations;public_and_state_institutions_of_higher_education;private_institutions_of_higher_education;nonprofits_non_higher_education_without_501c3;special_district_governments;independent_school_districts;small_businesses;unrestricted;city_or_township_governments;federally_recognized_native_american_tribal_governments;public_and_indian_housing_authorities;for_profit_organizations_other_than_small_businesses,"Non-domestic (non-U.S.) Entities (Foreign Institutions) are not eligible to apply. Non-domestic (non-U.S.) components of U.S. Organizations are not eligible to apply.Foreign components, as defined in the HHS Grants Policy Statement, are not allowed.",Centers for Disease Control and Prevention - ERA,Department of Health and Human Services,"Sharon Chiou, PhD, Scientific Program Official
304-285-6029",schiou@cdc.gov,schiou@cdc.gov,2026-11-12,2027-02-05,"February 5, 2027, for New applications; Standard due dates apply for future due dates. All applications must be submitted no later than 11:59 p.m. local time of the applicant organization.",2027-08-02,2027-09-01,2027.0,,,https://simpler.grants.gov/opportunity/e0b00d08-7c83-4488-8b55-94bd733a57fa,"<p>The purpose of the R01 grant program is to (1) improve understanding of the risks and conditions associated with occupational diseases and injuries, (2) identify and evaluate methods to reduce risks and prevent or minimize exposure to hazardous workplace conditions, and (3) translate scientific findings into practical prevention strategies, interventions, and products that reduce work-related illnesses and injuries. The Research Project Grant (R01) supports a discrete, specified research project in scientific areas that reflect the investigator's expertise and interests and that align with the mission of NIOSH. Applicants must concisely describe the occupational health problem their proposal addresses and explain how the proposed research activities will lead to outputs that help address this problem. Applicants should clearly describe the expected impacts of the proposed research, both during the project period and beyond.</p>","The purpose of the R01 grant program is to (1) improve understanding of the risks and conditions associated with occupational diseases and injuries, (2) identify and evaluate methods to reduce risks and prevent or minimize exposure to hazardous workplace conditions, and (3) translate scientific findings into practical prevention strategies, interventions, and products that reduce work-related illnesses and injuries. The Research Project Grant (R01) supports a discrete, specified research project in scientific areas that reflect the investigator's expertise and interests and that align with the mission of NIOSH. Applicants must concisely describe the occupational health problem their proposal addresses and explain how the proposed research activities will lead to outputs that help address this problem. Applicants should clearly describe the expected impacts of the proposed research, both during the project period and beyond.","Occupational Safety and Health Research (R01)
The purpose of the R01 grant program is to (1) improve understanding of the risks and conditions associated with occupational diseases and injuries, (2) identify and evaluate methods to reduce risks and prevent or minimize exposure to hazardous workplace conditions, and (3) translate scientific findings into practical prevention strategies, interventions, and products that reduce work-related illnesses and injuries. The Research Project Grant (R01) supports a discrete, specified research project in scientific areas that reflect the investigator's expertise and interests and that align with the mission of NIOSH. Applicants must concisely describe the occupational health problem their proposal addresses and explain how the proposed research activities will lead to outputs that help address this problem. Applicants should clearly describe the expected impacts of the proposed research, both during the project period and beyond.
Non-domestic (non-U.S.) Entities (Foreign Institutions) are not eligible to apply. Non-domestic (non-U.S.) components of U.S. Organizations are not eligible to apply.Foreign components, as defined in the HHS Grants Policy Statement, are not allowed.",False,,,False,False,False,False,False,False,,False,43.0,False,False,False,False,False,False,False,False,1785714.2857142857,award_ceiling,680000.0,True,False,False,False,False,False,4.16,False,,False,False,True,True,True,True,True,True,False,True,False,15,False,True,,False,False,False,False,1,True,False,True,activity code R01,True,False,False,False,,2026-09-30,2026-08-18,Occupational Safety and Health Research (R01),forecast,ok,2.0,none,none,"The grant funds investigator-initiated occupational safety and health research, which is not among NCDHHS's named strategic goals or objectives, though it touches worker health broadly.",improve understanding of the risks and conditions associated with occupational diseases and injuries,lead,state_governments,DPH,3.0,"DPH has occupational and environmental epidemiology capacity, but an NIOSH R01 is an academic research mechanism and not an extension of its usual service or surveillance programs.","As an investigator-initiated research grant outside NCDHHS named priorities, it would consume substantial research capacity with low strategic return for a state health services agency.",False,"Occupational health research falls outside named NCDHHS strategic goals; while state governments are eligible, DPH would be an atypical R01 lead and the grant is better suited to academic researchers.",[],True,True,lead,deepseek/deepseek-v4-pro,92b0344f579a,True,10.0,0.0,0.85,0.0,0.0,40.87,forecast_watchlist
112,f4ac056d-f7a3-403b-8e82-95ddbd4a1e4b,NIOSH Exploratory/Developmental Grant Program (R21),forecast,True,False,,f4ac056d-f7a3-403b-8e82-95ddbd4a1e4b,RFA-OH-27-033,forecasted,HHS-CDC-HHSCDCERA,discretionary,,2026-07-27,,,2031-11-22,False,10.0,3000000.0,0.0,300000.0,,,93.262|Occupational Safety and Health Program,grant,health,,for_profit_organizations_other_than_small_businesses;nonprofits_non_higher_education_without_501c3;private_institutions_of_higher_education;independent_school_districts;federally_recognized_native_american_tribal_governments;city_or_township_governments;county_governments;nonprofits_non_higher_education_with_501c3;state_governments;small_businesses;public_and_state_institutions_of_higher_education;public_and_indian_housing_authorities;other_native_american_tribal_organizations;unrestricted;special_district_governments,"Non-domestic (non-U.S.) Entities (Foreign Institutions) are not eligible to apply. Non-domestic (non-U.S.) components of U.S. Organizations are not eligible to apply. Foreign components, as defined in the HHS Grants Policy Statement, are not allowed.",Centers for Disease Control and Prevention - ERA,Department of Health and Human Services,"Bridgette Garrett, PhD, Scientific Program Official
770-488-5715",bgarrett@cdc.gov,bgarrett@cdc.gov,2026-12-16,2027-02-16,for New Applications; Standard Due Dates apply for future dates. All applications must be submitted no later than 11:59 pm local time of the applicant organization.,2027-08-02,2027-09-01,2027.0,,,https://simpler.grants.gov/opportunity/f4ac056d-f7a3-403b-8e82-95ddbd4a1e4b,"<p>The R21 grant program is designed to advance our understanding of occupational diseases and injuries by focusing on the following three objectives:</p><ul><li data-list-item-id=""e45380dd694b0da5475422c8b896bfc82"">Identify the risks and conditions linked to workplace health issues.</li><li data-list-item-id=""ebef7e9a822c9a6169211824849c09892"">Develop strategies to reduce risks and limit exposure to hazardous environments.</li><li data-list-item-id=""ee1d931d68c20322d6be5cc64c57880d9"">Translate significant scientific discoveries into prevention measures and products that can effectively reduce work-related illnesses and injuries.</li></ul><p>The National Institute for Occupational Safety and Health (NIOSH) actively supports exploratory and developmental research projects (R21) that pursue:</p><ul><li data-list-item-id=""e173f9488beb787742d0de79ecf504477"">Innovative scientific concepts.</li><li data-list-item-id=""e55a2491aa9cadbb4af1c6e3dce5729ad"">New model systems.</li><li data-list-item-id=""e1af3eb7865c82778624088a0ace4bf3a"">Tools or technologies with the potential to make a meaningful impact on occupational safety and health.</li></ul><p>Through this NOFO, applicants will:</p><ul><li data-list-item-id=""ec244bb52d802b000eb44a00464a5dbf4"">Provide a clear and concise description of the specific occupational health burden the proposal addresses. &nbsp;</li><li data-list-item-id=""ef37199668a90ae496b10b85d422d0a50"">Demonstrate how the proposed research activities will lead to outputs that directly contribute to alleviating this burden.</li><li data-list-item-id=""ec86d71af2a9cf4d8bb7945440089709a"">Outline the expected outcomes and impacts of their research during the project and in the long term.&nbsp;</li></ul>","The R21 grant program is designed to advance our understanding of occupational diseases and injuries by focusing on the following three objectives:
  Identify the risks and conditions linked to workplace health issues.
 Develop strategies to reduce risks and limit exposure to hazardous environments.
 Translate significant scientific discoveries into prevention measures and products that can effectively reduce work-related illnesses and injuries.
  The National Institute for Occupational Safety and Health (NIOSH) actively supports exploratory and developmental research projects (R21) that pursue:
  Innovative scientific concepts.
 New model systems.
 Tools or technologies with the potential to make a meaningful impact on occupational safety and health.
  Through this NOFO, applicants will:
  Provide a clear and concise description of the specific occupational health burden the proposal addresses.  
 Demonstrate how the proposed research activities will lead to outputs that directly contribute to alleviating this burden.
 Outline the expected outcomes and impacts of their research during the project and in the long term.","NIOSH Exploratory/Developmental Grant Program (R21)
The R21 grant program is designed to advance our understanding of occupational diseases and injuries by focusing on the following three objectives:
  Identify the risks and conditions linked to workplace health issues.
 Develop strategies to reduce risks and limit exposure to hazardous environments.
 Translate significant scientific discoveries into prevention measures and products that can effectively reduce work-related illnesses and injuries.
  The National Institute for Occupational Safety and Health (NIOSH) actively supports exploratory and developmental research projects (R21) that pursue:
  Innovative scientific concepts.
 New model systems.
 Tools or technologies with the potential to make a meaningful impact on occupational safety and health.
  Through this NOFO, applicants will:
  Provide a clear and concise description of the specific occupational health burden the proposal addresses.  
 Demonstrate how the proposed research activities will lead to outputs that directly contribute to alleviating this burden.
 Outline the expected outcomes and impacts of their research during the project and in the long term.
Non-domestic (non-U.S.) Entities (Foreign Institutions) are not eligible to apply. Non-domestic (non-U.S.) components of U.S. Organizations are not eligible to apply. Foreign components, as defined in the HHS Grants Policy Statement, are not allowed.",False,,,False,False,False,False,False,False,,False,77.0,False,False,False,False,False,False,False,False,300000.0,award_ceiling,300000.0,True,False,False,False,False,False,2.39,False,,False,False,True,True,True,True,True,True,False,True,False,15,False,True,,False,False,False,False,1,True,False,True,activity code R21,True,False,False,False,,2026-09-30,2026-08-18,NIOSH Exploratory/Developmental Grant Program (R21),forecast,ok,2.0,none,none,"No named NCDHHS objective directly covers occupational safety and health research, so the funded activity does not align with any objective.",The R21 grant program is designed to advance our understanding of occupational diseases and injuries by focusing on the following three objectives:,lead,state_governments,DPH,4.0,"DPH handles disease prevention, epidemiology, and environmental health, so it is the closest fit, but it does not have an occupational safety and health research mandate.","NCDHHS lacks an occupational safety and health research program, so the R21 research grant would require capabilities and infrastructure the department does not currently have.",False,"No NCDHHS strategic objective covers occupational safety/health research; DPH lacks an occupational health research program, so this NIOSH R21 is not a fit.",[],True,True,lead,deepseek/deepseek-v4-pro,92b0344f579a,True,10.0,0.0,0.85,0.0,0.0,40.69,forecast_watchlist
113,008f5d36-a786-4494-9e6d-7adfb58f2823,NIOSH Support for Conferences and Scientific Meetings (R13 Clinical Trial Not Allowed),forecast,True,False,,008f5d36-a786-4494-9e6d-7adfb58f2823,RFA-OH-27-041,forecasted,HHS-CDC-HHSCDCERA,discretionary,,2026-07-22,,,2031-12-13,False,5.0,500000.0,0.0,20000.0,,,93.262|Occupational Safety and Health Program,grant,health,,state_governments;unrestricted;federally_recognized_native_american_tribal_governments;independent_school_districts;public_and_indian_housing_authorities;other_native_american_tribal_organizations;nonprofits_non_higher_education_without_501c3;for_profit_organizations_other_than_small_businesses;city_or_township_governments;private_institutions_of_higher_education;county_governments;special_district_governments;nonprofits_non_higher_education_with_501c3;small_businesses;public_and_state_institutions_of_higher_education,"Non-domestic (non-U.S.) Entities (Foreign Institutions) are not eligible to apply. Non-domestic (non-U.S.) components of U.S. Organizations are not eligible to apply. Foreign components, as defined in the HHS Grants Policy Statement, are not allowed.",Centers for Disease Control and Prevention - ERA,Department of Health and Human Services,"Sharon Chiou, PhD, Scientific Program Official
304-285-6029",schiou@cdc.gov,schiou@cdc.gov,2027-02-05,2027-04-12,"April 12, 2027, for New applications;Standard due dates apply for future due dates.All applications must be submitted no later than 11:59 pm local time of the applicant organization.",2027-08-02,2027-09-01,2027.0,,,https://simpler.grants.gov/opportunity/008f5d36-a786-4494-9e6d-7adfb58f2823,"<p>The purpose of the NIOSH Support for Conferences and Scientific Meetings (R13) program is to support high-quality scientific meetings, conferences, and workshops that are relevant to the NIOSH mission and that promote occupational safety and health. The conference program is an important part of the NIOSH mission. Applications should address and advance research topics in occupational safety and health that align with NIOSH program priorities. A conference or scientific meeting is a gathering, symposium, seminar, workshop, or other organized meeting in which participants meet in person or virtually to coordinate, exchange, and share information or to explore and clarify a specific topic, problem, or area of knowledge. Applications for training-only events will not be considered under this announcement.</p>","The purpose of the NIOSH Support for Conferences and Scientific Meetings (R13) program is to support high-quality scientific meetings, conferences, and workshops that are relevant to the NIOSH mission and that promote occupational safety and health. The conference program is an important part of the NIOSH mission. Applications should address and advance research topics in occupational safety and health that align with NIOSH program priorities. A conference or scientific meeting is a gathering, symposium, seminar, workshop, or other organized meeting in which participants meet in person or virtually to coordinate, exchange, and share information or to explore and clarify a specific topic, problem, or area of knowledge. Applications for training-only events will not be considered under this announcement.","NIOSH Support for Conferences and Scientific Meetings (R13 Clinical Trial Not Allowed)
The purpose of the NIOSH Support for Conferences and Scientific Meetings (R13) program is to support high-quality scientific meetings, conferences, and workshops that are relevant to the NIOSH mission and that promote occupational safety and health. The conference program is an important part of the NIOSH mission. Applications should address and advance research topics in occupational safety and health that align with NIOSH program priorities. A conference or scientific meeting is a gathering, symposium, seminar, workshop, or other organized meeting in which participants meet in person or virtually to coordinate, exchange, and share information or to explore and clarify a specific topic, problem, or area of knowledge. Applications for training-only events will not be considered under this announcement.
Non-domestic (non-U.S.) Entities (Foreign Institutions) are not eligible to apply. Non-domestic (non-U.S.) components of U.S. Organizations are not eligible to apply. Foreign components, as defined in the HHS Grants Policy Statement, are not allowed.",False,,,False,False,False,False,False,False,,False,128.0,False,False,False,False,False,False,False,False,100000.0,award_ceiling,20000.0,True,False,False,False,False,False,0.0,False,,False,False,True,True,True,True,True,True,False,True,False,15,False,True,,False,False,False,False,1,True,False,True,activity code R13,True,False,False,False,,2026-09-30,2026-08-18,NIOSH Support for Conferences and Scientific Meetings (R13 Clinical Trial Not Allowed),forecast,ok,3.0,G4,G4.O4,"The grant funds scientific meetings and conferences that can disseminate occupational safety and health knowledge, which partly supports the state and local public health workforce under G4.O4.","The purpose of the NIOSH Support for Conferences and Scientific Meetings (R13) program is to support high-quality scientific meetings, conferences, and workshops that are relevant to the NIOSH mission and that promote occupational safety and health.",lead,state_governments,DPH,4.0,"DPH has public health epidemiology and convening capacity, but occupational safety and health conferences are not an explicit core DPH program area.","The grant funds only conference and scientific meeting support rather than direct services or program implementation, limiting its value for NCDHHS priorities.",False,"NIOSH conference support is state-eligible but has weak fit with NCDHHS strategic goals and DPH occupational safety programming, so it is not worth pursuing.","[""Applications for training-only events will not be considered under this announcement."", ""Clinical Trial Not Allowed""]",True,True,lead,deepseek/deepseek-v4-pro,92b0344f579a,True,10.0,0.0,0.85,0.0,0.0,40.0,forecast_watchlist
114,84650d31-209c-4f65-9264-c872352a7eee,High-Priority Research in Tobacco Regulatory Science (Clinical Trial Optional),forecast,True,False,,84650d31-209c-4f65-9264-c872352a7eee,RFA-OD-26-006,forecasted,HHS-NIH11,discretionary,,2025-09-09,,,,False,8.0,7000000.0,,500000.0,,,93.077|Family Smoking Prevention and Tobacco Control Act Regulatory Research,grant,health,,special_district_governments;small_businesses;federally_recognized_native_american_tribal_governments;nonprofits_non_higher_education_with_501c3;city_or_township_governments;public_and_state_institutions_of_higher_education;other_native_american_tribal_organizations;independent_school_districts;nonprofits_non_higher_education_without_501c3;county_governments;state_governments;private_institutions_of_higher_education;for_profit_organizations_other_than_small_businesses;other;public_and_indian_housing_authorities,"Other Eligible ApplicantsIndian/Native American Tribal Governments (Other than Federally Recognized);U.S. Territory or Possession;Faith-based or Community-based Organizations;Regional Organizations;Non-domestic (non-U.S.) Entities (Foreign Institutions). Non-domestic (non-U.S.) components of U.S. OrganizationsForeign components, as defined in the NIH Grants Policy Statement",National Institutes of Health,Department of Health and Human Services,"Erik Rodriquez, Ph.D., M.P.H.
301-827-2830",TRSP@nih.gov,TRSP@nih.gov,2026-01-14,2026-05-04,,2026-12-04,2026-12-04,2027.0,,,https://simpler.grants.gov/opportunity/84650d31-209c-4f65-9264-c872352a7eee,"<p><span style=""background-color:white;"">The Tobacco Regulatory Science Program, participating NIH Institutes and Centers (ICs), and the United States Food and Drug Administration (FDA) Center for Tobacco Products (CTP) intend to issue a Notice of Funding Opportunity (NOFO) soliciting applications for High-Priority Research Projects in Tobacco Regulatory Science (Clinical Trial Optional).</span></p><p>The FDA and NIH share an interest in supporting research that could inform FDA's tobacco regulatory authorities. High-priority research encouraged by this NOFO is expected to provide additional scientific data to the research base to inform the regulation of tobacco products to protect public health. Although a vast and sound science base exists related to the Family Smoking Prevention and Tobacco Control Act (FSPTCA), Public Law 111-31, the NOFO will seek high-priority research that will provide additional science for the FDA to consider as it implements the FSPTCA.</p><p>In order to be considered responsive, research must (1) be within the regulatory authority of FDA CTP, (2) address one or <span style=""background-color:white;"">more of the following topics: Addiction, Behavior, Communications, Health Effects, Product Composition and Design, and/or Toxicity;&nbsp;</span>and (3) address all components within the subtopic(s) of the selected topic(s)<span style=""background-color:white;"">.</span></p><p><span style=""background-color:white;"">Awards will be administered by NIH using funds made available through FDA CTP and the FSPTCA. TRSP is authorized to forecast this opportunity under The Public Health Service Act and the FSPTCA, Public Law 111-31, 42 US Code 300u-3.</span></p>","The Tobacco Regulatory Science Program, participating NIH Institutes and Centers (ICs), and the United States Food and Drug Administration (FDA) Center for Tobacco Products (CTP) intend to issue a Notice of Funding Opportunity (NOFO) soliciting applications for High-Priority Research Projects in Tobacco Regulatory Science (Clinical Trial Optional). 
 The FDA and NIH share an interest in supporting research that could inform FDA's tobacco regulatory authorities. High-priority research encouraged by this NOFO is expected to provide additional scientific data to the research base to inform the regulation of tobacco products to protect public health. Although a vast and sound science base exists related to the Family Smoking Prevention and Tobacco Control Act (FSPTCA), Public Law 111-31, the NOFO will seek high-priority research that will provide additional science for the FDA to consider as it implements the FSPTCA.
 In order to be considered responsive, research must (1) be within the regulatory authority of FDA CTP, (2) address one or  more of the following topics: Addiction, Behavior, Communications, Health Effects, Product Composition and Design, and/or Toxicity;  and (3) address all components within the subtopic(s) of the selected topic(s) . 
  Awards will be administered by NIH using funds made available through FDA CTP and the FSPTCA. TRSP is authorized to forecast this opportunity under The Public Health Service Act and the FSPTCA, Public Law 111-31, 42 US Code 300u-3.","High-Priority Research in Tobacco Regulatory Science (Clinical Trial Optional)
The Tobacco Regulatory Science Program, participating NIH Institutes and Centers (ICs), and the United States Food and Drug Administration (FDA) Center for Tobacco Products (CTP) intend to issue a Notice of Funding Opportunity (NOFO) soliciting applications for High-Priority Research Projects in Tobacco Regulatory Science (Clinical Trial Optional). 
 The FDA and NIH share an interest in supporting research that could inform FDA's tobacco regulatory authorities. High-priority research encouraged by this NOFO is expected to provide additional scientific data to the research base to inform the regulation of tobacco products to protect public health. Although a vast and sound science base exists related to the Family Smoking Prevention and Tobacco Control Act (FSPTCA), Public Law 111-31, the NOFO will seek high-priority research that will provide additional science for the FDA to consider as it implements the FSPTCA.
 In order to be considered responsive, research must (1) be within the regulatory authority of FDA CTP, (2) address one or  more of the following topics: Addiction, Behavior, Communications, Health Effects, Product Composition and Design, and/or Toxicity;  and (3) address all components within the subtopic(s) of the selected topic(s) . 
  Awards will be administered by NIH using funds made available through FDA CTP and the FSPTCA. TRSP is authorized to forecast this opportunity under The Public Health Service Act and the FSPTCA, Public Law 111-31, 42 US Code 300u-3.
Other Eligible ApplicantsIndian/Native American Tribal Governments (Other than Federally Recognized);U.S. Territory or Possession;Faith-based or Community-based Organizations;Regional Organizations;Non-domestic (non-U.S.) Entities (Foreign Institutions). Non-domestic (non-U.S.) components of U.S. OrganizationsForeign components, as defined in the NIH Grants Policy Statement",False,,,False,False,False,False,False,False,,False,-259.0,True,True,False,False,False,False,False,False,875000.0,award_ceiling,500000.0,True,False,False,False,False,False,3.49,False,,False,False,True,True,True,True,True,True,False,False,True,15,False,True,,False,False,False,False,1,True,False,True,NIH opportunity,True,False,False,False,,2026-09-30,2026-08-18,High-Priority Research in Tobacco Regulatory Science (Clinical Trial Optional),forecast,ok,2.0,none,none,"The grant funds tobacco regulatory science to inform FDA product regulation, which is public-health relevant but does not directly advance a named NCDHHS strategic objective.",High-priority research encouraged by this NOFO is expected to provide additional scientific data to the research base to inform the regulation of tobacco products to protect public health.,lead,state_governments,DPH,3.0,"DPH has tobacco prevention and chronic disease expertise, but this NOFO requires specialized tobacco regulatory science and product research capacity that the division does not typically lead.",NCDHHS likely lacks the specialized tobacco regulatory science research infrastructure to compete as a lead applicant and would depend heavily on academic partners.,False,"Tobacco regulatory science research is outside NCDHHS's named objectives and service-delivery role; DPH would need academic partners, so it is not a strong fit.","[""Research must be within the regulatory authority of FDA CTP"", ""Research must address one or more of the topics: Addiction, Behavior, Communications, Health Effects, Product Composition and Design, and/or Toxicity"", ""Research must address all components within the selected topic subtopic(s)""]",True,True,lead,deepseek/deepseek-v4-pro,92b0344f579a,True,10.0,0.0,0.85,0.0,0.0,39.69,forecast_watchlist
115,25f595e2-1671-4aae-a760-e3487a3d282c,Strategies to Innovate EmeRgENcy Care Clinical Trials Network (SIREN) Infrastructure – Clinical Enrollment Hubs,forecast,True,False,,25f595e2-1671-4aae-a760-e3487a3d282c,RFA-NS-28-004,forecasted,HHS-NIH11,discretionary,,2026-08-13,,,,False,15.0,,,,,,93.853|Extramural Research Programs in the Neurosciences and Neurological Disorders,cooperative_agreement,health,,private_institutions_of_higher_education;other_native_american_tribal_organizations;public_and_indian_housing_authorities;county_governments;state_governments;public_and_state_institutions_of_higher_education;special_district_governments;city_or_township_governments;independent_school_districts;federally_recognized_native_american_tribal_governments;for_profit_organizations_other_than_small_businesses;nonprofits_non_higher_education_without_501c3;other;nonprofits_non_higher_education_with_501c3;small_businesses,Other Eligible ApplicantsIndian/Native American Tribal Governments (Other than Federally Recognized);Eligible Agencies of the Federal Government;U.S. Territory or Possession;Faith-based or Community-based Organizations;Regional Organizations;Non-domestic (non-U.S.) Entities (Foreign Institutions).,National Institutes of Health,Department of Health and Human Services,"NINDS Department of Emergency Medicine
Please contact via e-mail.",NINDS_SIREN@ninds.nih.gov,NINDS_SIREN@ninds.nih.gov,2027-01-04,2027-03-04,,2027-12-07,2028-03-04,2028.0,,,https://simpler.grants.gov/opportunity/25f595e2-1671-4aae-a760-e3487a3d282c,"<p>The National Institute of Neurological Disorders and Stroke (NINDS), in conjunction with The National Heart, Lung and Blood Institute (NHLBI), at the National Institutes of Health (NIH) seek to continue to support the Infrastructure for the Strategies to Innovate EmeRgENcy Care Clinical Trials Network (SIREN). The program will encourage applications for network clinical enrollment hubs to support the NIH SIREN clinical trial network. The SIREN Network performs clinical trials that impact the care of individuals with a non-stroke neurological and cardiovascular emergency in the pre-hospital or emergency department setting.&nbsp;The goal of SIREN is to improve the outcomes by identifying effective treatments given in the earliest stages of care.&nbsp;</p><p>Applications are not being solicited at this time.&nbsp; This notice is being provided to allow potential applicants sufficient time to develop meaningful collaborations and responsive applications for centers.&nbsp;</p>","The National Institute of Neurological Disorders and Stroke (NINDS), in conjunction with The National Heart, Lung and Blood Institute (NHLBI), at the National Institutes of Health (NIH) seek to continue to support the Infrastructure for the Strategies to Innovate EmeRgENcy Care Clinical Trials Network (SIREN). The program will encourage applications for network clinical enrollment hubs to support the NIH SIREN clinical trial network. The SIREN Network performs clinical trials that impact the care of individuals with a non-stroke neurological and cardiovascular emergency in the pre-hospital or emergency department setting. The goal of SIREN is to improve the outcomes by identifying effective treatments given in the earliest stages of care. 
 Applications are not being solicited at this time.  This notice is being provided to allow potential applicants sufficient time to develop meaningful collaborations and responsive applications for centers.","Strategies to Innovate EmeRgENcy Care Clinical Trials Network (SIREN) Infrastructure – Clinical Enrollment Hubs
The National Institute of Neurological Disorders and Stroke (NINDS), in conjunction with The National Heart, Lung and Blood Institute (NHLBI), at the National Institutes of Health (NIH) seek to continue to support the Infrastructure for the Strategies to Innovate EmeRgENcy Care Clinical Trials Network (SIREN). The program will encourage applications for network clinical enrollment hubs to support the NIH SIREN clinical trial network. The SIREN Network performs clinical trials that impact the care of individuals with a non-stroke neurological and cardiovascular emergency in the pre-hospital or emergency department setting. The goal of SIREN is to improve the outcomes by identifying effective treatments given in the earliest stages of care. 
 Applications are not being solicited at this time.  This notice is being provided to allow potential applicants sufficient time to develop meaningful collaborations and responsive applications for centers.
Other Eligible ApplicantsIndian/Native American Tribal Governments (Other than Federally Recognized);Eligible Agencies of the Federal Government;U.S. Territory or Possession;Faith-based or Community-based Organizations;Regional Organizations;Non-domestic (non-U.S.) Entities (Foreign Institutions).",False,,,False,False,False,False,False,False,,False,96.0,False,False,False,False,False,False,False,False,,unknown,,False,True,False,False,False,True,5.0,False,,False,False,True,True,True,True,True,True,False,False,True,15,False,True,,False,False,False,False,1,True,False,True,NIH opportunity,True,False,False,False,,2026-09-30,2026-08-18,Strategies to Innovate EmeRgENcy Care Clinical Trials Network (SIREN) Infrastructure – Clinical Enrollment Hubs,forecast,ok,2.0,none,none,"The grant funds emergency care clinical trial infrastructure, which does not directly implement a named NCDHHS strategic objective.",The SIREN Network performs clinical trials that impact the care of individuals with a non-stroke neurological and cardiovascular emergency in the pre-hospital or emergency department setting.,atypical,state_governments,none,2.0,No division operates emergency clinical trial enrollment hubs; DHSR regulates EMS but would not run a multi-site NIH clinical research network.,"The work requires hospital-based emergency department clinical trial operations that NCDHHS does not perform, so the agency would likely be a peripheral partner rather than a credible lead.",False,"Emergency care clinical trial infrastructure has no clear NCDHHS strategic objective or division owner; a state health department would be an atypical partner, not a lead.",[],True,True,atypical,deepseek/deepseek-v4-pro,92b0344f579a,True,10.0,0.0,0.85,0.0,0.0,39.41,forecast_watchlist
116,493ea282-9ea7-48d4-9567-8495dceb20d4,Infectious Diseases Clinical Trials Network (IDCTN),forecast,True,False,,493ea282-9ea7-48d4-9567-8495dceb20d4,RFA-AI-27-002,forecasted,HHS-NIH11,discretionary,,2025-11-18,,,,False,,29000000.0,,,,,93.855|Allergy and Infectious Diseases Research,cooperative_agreement,health,,small_businesses;private_institutions_of_higher_education;public_and_indian_housing_authorities;nonprofits_non_higher_education_without_501c3;city_or_township_governments;nonprofits_non_higher_education_with_501c3;other_native_american_tribal_organizations;for_profit_organizations_other_than_small_businesses;other;county_governments;special_district_governments;state_governments;independent_school_districts;public_and_state_institutions_of_higher_education;federally_recognized_native_american_tribal_governments,Other Eligible ApplicantsIndian/Native American Tribal Governments (Other than Federally Recognized);Eligible Agencies of the Federal Government;U.S. Territory or Possession;Faith-based or Community-based Organizations;Regional Organizations.,National Institutes of Health,Department of Health and Human Services,"Marina S. Lee, Ph.D.
240-627-3304",dmidclinicaltrials@niaid.nih.gov,dmidclinicaltrials@niaid.nih.gov,2026-03-13,2026-06-11,,2027-03-01,2027-03-01,2027.0,,,https://simpler.grants.gov/opportunity/493ea282-9ea7-48d4-9567-8495dceb20d4,"<p>The National Institute of Allergy and Infectious Diseases (NIAID) seeks to advance its mission by supporting a cooperative network to rapidly implement clinical trials that meet NIH and NIAID priorities. The network, comprised of the Clinical Trial Evaluation Units (CTEUs) and a Network Coordination Center (NCC), supports&nbsp;the evaluation of therapeutics, vaccines, biologics, diagnostics, and devices targeting infectious diseases, including emerging and chronic infections. The initiative gives the NIH the capabilities to conduct clinical trials and studies for public health priorities, where the timelines of a standard, unsolicited grant would not adequately address the needs of the United States population. The CTEUs provide the clinical infrastructure for implementing the clinical trials and studies. The NCC, comprised of leaders from the CTEUs in collaboration with NIAID, provides the administrative and organizational framework of the network, engages with experts in the field to&nbsp;solicit and generate innovative concepts for advancing public health&nbsp;while mentoring the next generation of clinical trialists.&nbsp;Grant authorities that allow NIAID to forecast this opportunity are as follows:&nbsp;Sections 301 and 405 of the Public Health Service Act as amended (42 USC 241 and 284) and under Federal Regulations 42 CFR Part 52 and 2 CFR Part 200.</p>","The National Institute of Allergy and Infectious Diseases (NIAID) seeks to advance its mission by supporting a cooperative network to rapidly implement clinical trials that meet NIH and NIAID priorities. The network, comprised of the Clinical Trial Evaluation Units (CTEUs) and a Network Coordination Center (NCC), supports the evaluation of therapeutics, vaccines, biologics, diagnostics, and devices targeting infectious diseases, including emerging and chronic infections. The initiative gives the NIH the capabilities to conduct clinical trials and studies for public health priorities, where the timelines of a standard, unsolicited grant would not adequately address the needs of the United States population. The CTEUs provide the clinical infrastructure for implementing the clinical trials and studies. The NCC, comprised of leaders from the CTEUs in collaboration with NIAID, provides the administrative and organizational framework of the network, engages with experts in the field to solicit and generate innovative concepts for advancing public health while mentoring the next generation of clinical trialists. Grant authorities that allow NIAID to forecast this opportunity are as follows: Sections 301 and 405 of the Public Health Service Act as amended (42 USC 241 and 284) and under Federal Regulations 42 CFR Part 52 and 2 CFR Part 200.","Infectious Diseases Clinical Trials Network (IDCTN)
The National Institute of Allergy and Infectious Diseases (NIAID) seeks to advance its mission by supporting a cooperative network to rapidly implement clinical trials that meet NIH and NIAID priorities. The network, comprised of the Clinical Trial Evaluation Units (CTEUs) and a Network Coordination Center (NCC), supports the evaluation of therapeutics, vaccines, biologics, diagnostics, and devices targeting infectious diseases, including emerging and chronic infections. The initiative gives the NIH the capabilities to conduct clinical trials and studies for public health priorities, where the timelines of a standard, unsolicited grant would not adequately address the needs of the United States population. The CTEUs provide the clinical infrastructure for implementing the clinical trials and studies. The NCC, comprised of leaders from the CTEUs in collaboration with NIAID, provides the administrative and organizational framework of the network, engages with experts in the field to solicit and generate innovative concepts for advancing public health while mentoring the next generation of clinical trialists. Grant authorities that allow NIAID to forecast this opportunity are as follows: Sections 301 and 405 of the Public Health Service Act as amended (42 USC 241 and 284) and under Federal Regulations 42 CFR Part 52 and 2 CFR Part 200.
Other Eligible ApplicantsIndian/Native American Tribal Governments (Other than Federally Recognized);Eligible Agencies of the Federal Government;U.S. Territory or Possession;Faith-based or Community-based Organizations;Regional Organizations.",False,,,False,False,False,False,False,False,,False,-201.0,True,True,False,False,False,False,False,False,,program_total,29000000.0,True,False,True,False,False,False,7.0,False,,False,False,True,True,True,True,True,True,False,False,True,15,False,True,,False,False,False,False,1,True,False,True,NIH opportunity,True,False,False,False,,2026-09-30,2026-08-18,Infectious Diseases Clinical Trials Network (IDCTN),forecast,ok,0.0,none,none,"No named NCDHHS objective directly covers NIH clinical trial research on infectious disease therapeutics, vaccines, biologics, diagnostics, or devices; the activity is trial infrastructure rather than the health access, child/family, behavioral health, workforce, or operational objectives listed.",supporting a cooperative network to rapidly implement clinical trials that meet NIH and NIAID priorities,atypical,state_governments,DPH,3.0,"DPH handles infectious disease surveillance, epidemiology, immunization, and public health preparedness, but it does not routinely operate NIH clinical trial units or a clinical trial coordination center.","NCDHHS is an eligible but atypical applicant for an NIH clinical trials network, and the program likely requires academic medical center trial capacity and federal research compliance that NCDHHS does not routinely have.",False,"Infectious disease clinical trial network is research infrastructure with no named strategic objective match; DPH lacks trial-coordination capacity, so this posting is not a strong NCDHHS fit.","[""Cooperative agreement funding instrument"", ""Requires Clinical Trial Evaluation Units and a Network Coordination Center as part of the network""]",True,True,atypical,deepseek/deepseek-v4-pro,92b0344f579a,True,10.0,0.0,0.85,0.0,0.0,38.82,forecast_watchlist
117,d07ebcd7-96cf-40cb-8ae3-f401b6274080,PRIMED-AI: Data-to-Model Academic-Industrial Partnerships (D2M-AIP) for Precision Medicine with AI: Integrating Imaging with Multimodal Data (UG3/UH3 Clinical Trial Optional),open,False,False,,d07ebcd7-96cf-40cb-8ae3-f401b6274080,RFA-RM-27-012,posted,HHS-NIH11,discretionary,,2026-06-30,2026-10-19,,2026-12-18,False,8.0,,,,,,93.310|Trans-NIH Research Support,cooperative_agreement,health,,state_governments;independent_school_districts;city_or_township_governments;special_district_governments;public_and_state_institutions_of_higher_education;federally_recognized_native_american_tribal_governments;nonprofits_non_higher_education_without_501c3;other;private_institutions_of_higher_education;other_native_american_tribal_organizations;small_businesses;public_and_indian_housing_authorities;nonprofits_non_higher_education_with_501c3;county_governments;for_profit_organizations_other_than_small_businesses,"Refer to Section III. Eligibility Information in the NOFO for additional information on eligibility.Foreign Organizations/International Collaborations:Non-domestic (non-U.S.) Entities (Foreign Organizations) are eligible to apply.Non-domestic (non-U.S.) components of U.S. Organizations are eligible to apply.Foreign components, as defined in the NIH Grants Policy Statement, are allowed.",National Institutes of Health,Department of Health and Human Services,"PRIMED-AI Program
ODPRIMED-AI@od.nih.gov",ODPRIMED-AI@od.nih.gov,ODPRIMED-AI@od.nih.gov,,,,,,,,,https://simpler.grants.gov/opportunity/d07ebcd7-96cf-40cb-8ae3-f401b6274080,"The overarching goal of this notice of funding opportunity (NOFO) and its companion opportunities is to establish the Precision Medicine with AI: Integrating Imaging with Multimodal Data (PRIMED-AI) Program to support development of innovative, reliable, cost-effective, and sustainable multimodal AI-based clinical decision support (CDS) tools. PRIMED-AI CDS tools are based on the integration of clinical imaging with other types of multimodal health data to enhance care for patients with a wide range of health conditions.  The PRIMED-AI Program seeks to catalyze the adoption of AI-based CDS tools into clinical workflows to enable novel personalized medicine strategies that address significant health challenges. The purpose of this Notice of Funding Opportunity (NOFO) is to catalyze the development and testing of Artificial Intelligence (AI)-enabled, image-centered, multimodal Clinical Decision Support (CDS) tools, developed in pursuance as Software as a Medical Device (SaMD). These projects are expected to have high potential for demonstrable, positive impact on patient outcomes and/or healthcare processes.","The overarching goal of this notice of funding opportunity (NOFO) and its companion opportunities is to establish the Precision Medicine with AI: Integrating Imaging with Multimodal Data (PRIMED-AI) Program to support development of innovative, reliable, cost-effective, and sustainable multimodal AI-based clinical decision support (CDS) tools. PRIMED-AI CDS tools are based on the integration of clinical imaging with other types of multimodal health data to enhance care for patients with a wide range of health conditions.  The PRIMED-AI Program seeks to catalyze the adoption of AI-based CDS tools into clinical workflows to enable novel personalized medicine strategies that address significant health challenges. The purpose of this Notice of Funding Opportunity (NOFO) is to catalyze the development and testing of Artificial Intelligence (AI)-enabled, image-centered, multimodal Clinical Decision Support (CDS) tools, developed in pursuance as Software as a Medical Device (SaMD). These projects are expected to have high potential for demonstrable, positive impact on patient outcomes and/or healthcare processes.","PRIMED-AI: Data-to-Model Academic-Industrial Partnerships (D2M-AIP) for Precision Medicine with AI: Integrating Imaging with Multimodal Data (UG3/UH3 Clinical Trial Optional)
The overarching goal of this notice of funding opportunity (NOFO) and its companion opportunities is to establish the Precision Medicine with AI: Integrating Imaging with Multimodal Data (PRIMED-AI) Program to support development of innovative, reliable, cost-effective, and sustainable multimodal AI-based clinical decision support (CDS) tools. PRIMED-AI CDS tools are based on the integration of clinical imaging with other types of multimodal health data to enhance care for patients with a wide range of health conditions.  The PRIMED-AI Program seeks to catalyze the adoption of AI-based CDS tools into clinical workflows to enable novel personalized medicine strategies that address significant health challenges. The purpose of this Notice of Funding Opportunity (NOFO) is to catalyze the development and testing of Artificial Intelligence (AI)-enabled, image-centered, multimodal Clinical Decision Support (CDS) tools, developed in pursuance as Software as a Medical Device (SaMD). These projects are expected to have high potential for demonstrable, positive impact on patient outcomes and/or healthcare processes.
Refer to Section III. Eligibility Information in the NOFO for additional information on eligibility.Foreign Organizations/International Collaborations:Non-domestic (non-U.S.) Entities (Foreign Organizations) are eligible to apply.Non-domestic (non-U.S.) components of U.S. Organizations are eligible to apply.Foreign components, as defined in the NIH Grants Policy Statement, are allowed.",False,2026-10-19,19.0,False,False,False,False,True,False,4.94,False,,False,False,False,False,False,False,False,False,,unknown,,False,True,False,False,False,True,5.0,False,,False,False,True,True,True,True,True,True,False,False,True,15,False,True,,False,False,False,False,1,True,False,True,activity code UG3,True,False,False,False,,2026-09-30,2026-08-18,PRIMED-AI: Data-to-Model Academic-Industrial Partnerships (D2M-AIP) for Precision Medicine with AI: Integrating Imaging with Multimodal Data (UG3/UH3 Clinical Trial Optional),open,ok,2.0,G5,G5.O1,"The grant funds development of multimodal AI-based clinical decision support tools, which is only tangentially related to G5.O1's emphasis on data integration and data-driven decision-making.","support development of innovative, reliable, cost-effective, and sustainable multimodal AI-based clinical decision support (CDS) tools.",atypical,state_governments,none,1.0,"No NCDHHS division has authority, clinical imaging data access, or software-as-a-medical-device AI development capacity to run this program.","NCDHHS lacks the clinical imaging data, AI/software-as-a-medical-device expertise, and academic-industry partner network needed to lead this work; state eligibility alone does not make it a fit.",False,"Weak fit with G5.O1; state governments are eligible but no NCDHHS division has clinical AI or imaging-data capacity, so not worth pursuing.","[""Program is structured as an academic-industrial partnership, so non-state academic and industry collaborators are expected.""]",True,True,atypical,deepseek/deepseek-v4-pro,92b0344f579a,True,10.0,0.15,1.0,0.0,0.0,38.41,open
118,bdd8e776-8fcc-4740-a784-2f8a95921e0a,Commercial Fishing Occupational Safety Training Project Grants (T03),open,False,False,,bdd8e776-8fcc-4740-a784-2f8a95921e0a,RFA-OH-22-006,posted,HHS-CDC-HHSCDCERA,discretionary,,2022-07-11,2028-01-31,Electronically submitted applications must be submitted no later than 11:59 pm ET on the listed application due date.,2029-01-31,True,20.0,3000000.0,250000.0,975000.0,,,93.262|Occupational Safety and Health Program,grant,health,,county_governments;city_or_township_governments;other_native_american_tribal_organizations;nonprofits_non_higher_education_without_501c3;small_businesses;public_and_indian_housing_authorities;special_district_governments;for_profit_organizations_other_than_small_businesses;state_governments;other;nonprofits_non_higher_education_with_501c3;federally_recognized_native_american_tribal_governments;independent_school_districts;public_and_state_institutions_of_higher_education;private_institutions_of_higher_education,"Independent School Districts
	Public Housing Authorities/Indian Housing Authorities
	Native American Tribal Organizations (other than Federally recognized tribal governments)
	Faith-based or Community-based Organizations
	Regional Organizations
	Bona Fide Agents: a Bona Fide Agent is an agency/organization identified by the state as eligible to submit an application under the state eligibility in lieu of a state application. If applying as a bona fide agent of a state or local government, a legal, binding agreement from the state or local government as documentation of the status is required. Attach with ""Other Attachment Forms"" when submitting via Grants.gov (https://www.grants.gov/ )
	Federally Funded Research and Development Centers (FFRDCs): FFRDCs are operated, managed, and/or administered by a university or consortium of universities, other not-for-profit or nonprofit organization, or an industrial firm, as an autonomous organization or as an identifiable separate operating unit of a parent organization. A FFRDC meets some special long-term research or development need which cannot be met as effectively by an agency's existing in-house or contractor resources. FFRDC's enable agencies to use private sector resources to accomplish tasks that are integral to the mission and operation of the sponsoring agency. For more information on FFRDCs, go to https://gov.ecfr.io/cgi-bin/searchECFR.",Centers for Disease Control and Prevention - ERA,Department of Health and Human Services,"Bridgette Garrett
bgarrett@cdc.gov",bgarrett@cdc.gov,bgarrett@cdc.gov,,,,,,,,,https://simpler.grants.gov/opportunity/bdd8e776-8fcc-4740-a784-2f8a95921e0a,"The goal of the training grant program is to enhance the quality and availability of safety training for United States commercial fishermen. Availability includes the frequency, geographic considerations, channels or partners of dissemination, culturally and/or educational appropriate training material, and other characteristics of a successful training program. As a result, the Coast Guard and NIOSH invite applications to support the development and implementation of training
and education programs that:


	develop and deliver training which addresses the needs of commercial fishermen in the United States
	provide qualified marine safety instructors, or otherwise accepted by the National Maritime Center instructors and faculty to conduct the training
	evaluate the effectiveness and impact of the training program on reducing injuries among fishermen
	coordinate with existing training programs and partnerships with industry fishermen, and agencies
	conform to 46 U.S.C. § 4502 (i) Safety Standards for commercial fishing safety training



In order to support and administer the grant program, the Coast Guard and NIOSH signed a Memorandum of Understanding on May 17, 2018. While the Coast Guard, along with the Occupational Safety and Health Administration (OSHA), provides regulatory oversight for safety and health matters within the commercial fishing industry, NIOSH is an agency operating under the Centers for Disease Control and Prevention (CDC) with the mission of generating new knowledge in occupational safety and health and transferring that knowledge into practice to prevent worker injury, illness and death. NIOSH conducts and funds scientific research, develops methods to prevent occupational hazards, develops guidance and authoritative recommendations, translates scientific knowledge into products and services, disseminates information, identifies factors underlying work-related disease and injury and responds to requests for workplace health hazard evaluations.","The goal of the training grant program is to enhance the quality and availability of safety training for United States commercial fishermen. Availability includes the frequency, geographic considerations, channels or partners of dissemination, culturally and/or educational appropriate training material, and other characteristics of a successful training program. As a result, the Coast Guard and NIOSH invite applications to support the development and implementation of training
and education programs that:


	develop and deliver training which addresses the needs of commercial fishermen in the United States
	provide qualified marine safety instructors, or otherwise accepted by the National Maritime Center instructors and faculty to conduct the training
	evaluate the effectiveness and impact of the training program on reducing injuries among fishermen
	coordinate with existing training programs and partnerships with industry fishermen, and agencies
	conform to 46 U.S.C. § 4502 (i) Safety Standards for commercial fishing safety training



In order to support and administer the grant program, the Coast Guard and NIOSH signed a Memorandum of Understanding on May 17, 2018. While the Coast Guard, along with the Occupational Safety and Health Administration (OSHA), provides regulatory oversight for safety and health matters within the commercial fishing industry, NIOSH is an agency operating under the Centers for Disease Control and Prevention (CDC) with the mission of generating new knowledge in occupational safety and health and transferring that knowledge into practice to prevent worker injury, illness and death. NIOSH conducts and funds scientific research, develops methods to prevent occupational hazards, develops guidance and authoritative recommendations, translates scientific knowledge into products and services, disseminates information, identifies factors underlying work-related disease and injury and responds to requests for workplace health hazard evaluations.","Commercial Fishing Occupational Safety Training Project Grants (T03)
The goal of the training grant program is to enhance the quality and availability of safety training for United States commercial fishermen. Availability includes the frequency, geographic considerations, channels or partners of dissemination, culturally and/or educational appropriate training material, and other characteristics of a successful training program. As a result, the Coast Guard and NIOSH invite applications to support the development and implementation of training
and education programs that:


	develop and deliver training which addresses the needs of commercial fishermen in the United States
	provide qualified marine safety instructors, or otherwise accepted by the National Maritime Center instructors and faculty to conduct the training
	evaluate the effectiveness and impact of the training program on reducing injuries among fishermen
	coordinate with existing training programs and partnerships with industry fishermen, and agencies
	conform to 46 U.S.C. § 4502 (i) Safety Standards for commercial fishing safety training



In order to support and administer the grant program, the Coast Guard and NIOSH signed a Memorandum of Understanding on May 17, 2018. While the Coast Guard, along with the Occupational Safety and Health Administration (OSHA), provides regulatory oversight for safety and health matters within the commercial fishing industry, NIOSH is an agency operating under the Centers for Disease Control and Prevention (CDC) with the mission of generating new knowledge in occupational safety and health and transferring that knowledge into practice to prevent worker injury, illness and death. NIOSH conducts and funds scientific research, develops methods to prevent occupational hazards, develops guidance and authoritative recommendations, translates scientific knowledge into products and services, disseminates information, identifies factors underlying work-related disease and injury and responds to requests for workplace health hazard evaluations.
Independent School Districts
	Public Housing Authorities/Indian Housing Authorities
	Native American Tribal Organizations (other than Federally recognized tribal governments)
	Faith-based or Community-based Organizations
	Regional Organizations
	Bona Fide Agents: a Bona Fide Agent is an agency/organization identified by the state as eligible to submit an application under the state eligibility in lieu of a state application. If applying as a bona fide agent of a state or local government, a legal, binding agreement from the state or local government as documentation of the status is required. Attach with ""Other Attachment Forms"" when submitting via Grants.gov (https://www.grants.gov/ )
	Federally Funded Research and Development Centers (FFRDCs): FFRDCs are operated, managed, and/or administered by a university or consortium of universities, other not-for-profit or nonprofit organization, or an industrial firm, as an autonomous organization or as an identifiable separate operating unit of a parent organization. A FFRDC meets some special long-term research or development need which cannot be met as effectively by an agency's existing in-house or contractor resources. FFRDC's enable agencies to use private sector resources to accomplish tasks that are integral to the mission and operation of the sponsoring agency. For more information on FFRDCs, go to https://gov.ecfr.io/cgi-bin/searchECFR.",False,2028-01-31,488.0,False,False,False,False,False,True,10.0,False,,False,False,False,False,False,False,False,False,150000.0,award_ceiling,975000.0,True,False,False,False,False,False,4.95,False,,True,False,True,True,True,True,True,True,False,False,True,15,False,True,,False,False,False,False,1,True,False,True,activity code T03,True,False,False,False,,2026-09-30,2026-08-18,Commercial Fishing Occupational Safety Training Project Grants (T03),open,ok,0.0,none,none,No NCDHHS strategic objective directly covers commercial fishing occupational safety training.,The goal of the training grant program is to enhance the quality and availability of safety training for United States commercial fishermen.,lead,state_governments,none,0.0,No NCDHHS division has maritime occupational safety training authority or existing commercial fishing safety partnerships.,"The program requires specialized maritime safety expertise and industry partnerships that NCDHHS does not have, making this a high-effort pursuit outside the agency's core health and human services role.",False,"No NCDHHS goal or division covers commercial fishing occupational safety; this maritime safety training grant fits labor or Sea Grant partners, not health and human services.","[""Requires qualified marine safety instructors or instructors accepted by the National Maritime Center"", ""Requires coordination with existing training programs and partnerships with industry fishermen and agencies"", ""Training must conform to 46 U.S.C. \u00a7 4502(i) safety standards"", ""Requires evaluation of training effectiveness and impact on reducing injuries among fishermen""]",True,True,lead,deepseek/deepseek-v4-pro,92b0344f579a,True,10.0,0.15,1.0,0.0,0.0,37.43,open
119,67e06df1-e563-43fa-8fd0-46f3cbbc9aef,Network of the National Library of Medicine Coordinating Center (U24 Clinical Trial Optional),forecast,True,False,,67e06df1-e563-43fa-8fd0-46f3cbbc9aef,RFA-LM-26-001,forecasted,HHS-NIH11,discretionary,,2026-02-11,,,,False,1.0,1500000.0,,1500000.0,,,93.879|Medical Library Assistance,cooperative_agreement,health,,small_businesses;public_and_state_institutions_of_higher_education;private_institutions_of_higher_education;other;public_and_indian_housing_authorities;nonprofits_non_higher_education_with_501c3;special_district_governments;federally_recognized_native_american_tribal_governments;city_or_township_governments;other_native_american_tribal_organizations;state_governments;independent_school_districts;for_profit_organizations_other_than_small_businesses;county_governments;nonprofits_non_higher_education_without_501c3,Other Eligible ApplicantsIndian/Native American Tribal Governments (Other than Federally Recognized);Eligible Agencies of the Federal Government;U.S. Territory or Possession;Faith-based or Community-based Organizations;Regional Organizations.,National Institutes of Health,Department of Health and Human Services,"NLM Extramural Programs
Please contact via e-mail.",NLMProgram@nih.gov,NLMProgram@nih.gov,2026-08-15,2026-12-15,,2027-07-01,2027-07-01,2026.0,,,https://simpler.grants.gov/opportunity/67e06df1-e563-43fa-8fd0-46f3cbbc9aef,"<p>The National Library of Medicine (NLM) intends to publish a Notice of Funding Opportunity (NOFO) to solicit applications for a Coordinating Center of the Network of the National Library of Medicine (NNLM).</p><p>Established in 1965 and organized geographically across the United States and its territories, the NNLM promotes and supports the initiatives, products, and services of the NLM and the National Institutes of Health (NIH). Over the years, the network has expanded its impact through strategic partnerships with a broad array of member organizations, including health sciences, hospital, academic, and public libraries; health professionals; data organizations; and community-based groups.</p><p>The NNLM’s core mission is to enable the effective use of—and contribution to—health information and data made available by the NLM and NIH. The network achieves this by providing professional development for librarians and information specialists, and by supporting access to health information and outreach through libraries and community organizations. A central emphasis of the NNLM is increasing awareness of and engagement with NIH programs and resources.</p><p>While the NNLM has traditionally focused on promoting NLM-specific products, it is now poised to expand its reach across the broader NIH community. The network will play a vital role in disseminating research findings, fostering community engagement and partnerships, and supporting participation in local clinical research. In doing so, the NNLM will enhance public understanding of NIH’s contributions and increase the use of NIH-supported information and data resources.</p><p>The NNLM consists of three major components: 1) the Network Coordinating Center (NCC), 2) Regional Medical Libraries (RMLs), and 3) the Network Training Center (NTC). This announcement specifically pertains to the NCC, with companion NOFOs forthcoming for RMLs and the NTC.</p><p>The NCC will be responsible for the administration, evaluation, communication, and coordination of the Network, working closely with the NTC and the RMLs. The NCC will design and implement efficient, transparent systems for coordination and oversight. It will manage network-wide evaluation activities, including the development of tools and systems for data collection and analysis, and will lead the common metrics initiative and related reporting. In addition, the NCC will oversee internal communication tools that support coordination and knowledge management, as well as public-facing platforms such as the NNLM website.</p><p>The NCC should have strong competencies in network management and evaluation, as well as evidence of creating strong partnerships with NIH and other organizations.</p><p>Grant authority that allows NLM&nbsp;to forecast this opportunity is as follows: Medical Library Assistance Act of 1965 (MLAA, P.L. 89-291).</p>","The National Library of Medicine (NLM) intends to publish a Notice of Funding Opportunity (NOFO) to solicit applications for a Coordinating Center of the Network of the National Library of Medicine (NNLM).
 Established in 1965 and organized geographically across the United States and its territories, the NNLM promotes and supports the initiatives, products, and services of the NLM and the National Institutes of Health (NIH). Over the years, the network has expanded its impact through strategic partnerships with a broad array of member organizations, including health sciences, hospital, academic, and public libraries; health professionals; data organizations; and community-based groups.
 The NNLM’s core mission is to enable the effective use of—and contribution to—health information and data made available by the NLM and NIH. The network achieves this by providing professional development for librarians and information specialists, and by supporting access to health information and outreach through libraries and community organizations. A central emphasis of the NNLM is increasing awareness of and engagement with NIH programs and resources.
 While the NNLM has traditionally focused on promoting NLM-specific products, it is now poised to expand its reach across the broader NIH community. The network will play a vital role in disseminating research findings, fostering community engagement and partnerships, and supporting participation in local clinical research. In doing so, the NNLM will enhance public understanding of NIH’s contributions and increase the use of NIH-supported information and data resources.
 The NNLM consists of three major components: 1) the Network Coordinating Center (NCC), 2) Regional Medical Libraries (RMLs), and 3) the Network Training Center (NTC). This announcement specifically pertains to the NCC, with companion NOFOs forthcoming for RMLs and the NTC.
 The NCC will be responsible for the administration, evaluation, communication, and coordination of the Network, working closely with the NTC and the RMLs. The NCC will design and implement efficient, transparent systems for coordination and oversight. It will manage network-wide evaluation activities, including the development of tools and systems for data collection and analysis, and will lead the common metrics initiative and related reporting. In addition, the NCC will oversee internal communication tools that support coordination and knowledge management, as well as public-facing platforms such as the NNLM website.
 The NCC should have strong competencies in network management and evaluation, as well as evidence of creating strong partnerships with NIH and other organizations.
 Grant authority that allows NLM to forecast this opportunity is as follows: Medical Library Assistance Act of 1965 (MLAA, P.L. 89-291).","Network of the National Library of Medicine Coordinating Center (U24 Clinical Trial Optional)
The National Library of Medicine (NLM) intends to publish a Notice of Funding Opportunity (NOFO) to solicit applications for a Coordinating Center of the Network of the National Library of Medicine (NNLM).
 Established in 1965 and organized geographically across the United States and its territories, the NNLM promotes and supports the initiatives, products, and services of the NLM and the National Institutes of Health (NIH). Over the years, the network has expanded its impact through strategic partnerships with a broad array of member organizations, including health sciences, hospital, academic, and public libraries; health professionals; data organizations; and community-based groups.
 The NNLM’s core mission is to enable the effective use of—and contribution to—health information and data made available by the NLM and NIH. The network achieves this by providing professional development for librarians and information specialists, and by supporting access to health information and outreach through libraries and community organizations. A central emphasis of the NNLM is increasing awareness of and engagement with NIH programs and resources.
 While the NNLM has traditionally focused on promoting NLM-specific products, it is now poised to expand its reach across the broader NIH community. The network will play a vital role in disseminating research findings, fostering community engagement and partnerships, and supporting participation in local clinical research. In doing so, the NNLM will enhance public understanding of NIH’s contributions and increase the use of NIH-supported information and data resources.
 The NNLM consists of three major components: 1) the Network Coordinating Center (NCC), 2) Regional Medical Libraries (RMLs), and 3) the Network Training Center (NTC). This announcement specifically pertains to the NCC, with companion NOFOs forthcoming for RMLs and the NTC.
 The NCC will be responsible for the administration, evaluation, communication, and coordination of the Network, working closely with the NTC and the RMLs. The NCC will design and implement efficient, transparent systems for coordination and oversight. It will manage network-wide evaluation activities, including the development of tools and systems for data collection and analysis, and will lead the common metrics initiative and related reporting. In addition, the NCC will oversee internal communication tools that support coordination and knowledge management, as well as public-facing platforms such as the NNLM website.
 The NCC should have strong competencies in network management and evaluation, as well as evidence of creating strong partnerships with NIH and other organizations.
 Grant authority that allows NLM to forecast this opportunity is as follows: Medical Library Assistance Act of 1965 (MLAA, P.L. 89-291).
Other Eligible ApplicantsIndian/Native American Tribal Governments (Other than Federally Recognized);Eligible Agencies of the Federal Government;U.S. Territory or Possession;Faith-based or Community-based Organizations;Regional Organizations.",False,,,False,False,False,False,False,False,,False,-46.0,True,False,True,False,False,False,False,False,1500000.0,award_ceiling,1500000.0,True,False,True,True,False,False,5.88,False,,False,False,True,True,True,True,True,True,False,False,True,15,False,True,,False,False,False,False,1,True,False,True,activity code U24,True,False,False,False,,2026-09-30,2026-08-18,Network of the National Library of Medicine Coordinating Center (U24 Clinical Trial Optional),forecast,ok,3.0,G5,G5.O1,"The Coordinating Center's data collection, evaluation, and common metrics work loosely fits NCDHHS's data-driven decision-making objective, but it is a national library-network role rather than NCDHHS data infrastructure.","The NCC will manage network-wide evaluation activities, including the development of tools and systems for data collection and analysis, and will lead the common metrics initiative and related reporting.",atypical,state_governments,none,1.0,"No division has a health-information-library or national coordinating-center mandate, and the work is outside NCDHHS's direct service and regulatory roles.","NCDHHS would be competing against established library and information-network organizations with NIH partnerships, and the grant is distant from state health service priorities.",False,"National library network coordinating center is outside NCDHHS's health service mission and divisional expertise; although state governments are eligible, operational fit is too low to pursue.","[""Must coordinate with the Network Training Center and Regional Medical Libraries"", ""Network-wide evaluation, data collection, and common metrics reporting required"", ""National scope and operation of public-facing platforms such as the NNLM website""]",False,True,atypical,deepseek/deepseek-v4-pro,92b0344f579a,True,10.0,0.0,0.85,0.0,5.0,36.55,forecast_watchlist
120,66b556a1-f978-4dbe-ae6b-4d23f799eb1a,NIOSH Small Research Grant Program (R03),forecast,True,False,,66b556a1-f978-4dbe-ae6b-4d23f799eb1a,RFA-OH-27-056,forecasted,HHS-CDC-HHSCDCERA,discretionary,,2026-07-23,,,2031-11-27,False,8.0,2000000.0,0.0,100000.0,,,93.262|Occupational Safety and Health Program,grant,health,,other_native_american_tribal_organizations;small_businesses;county_governments;nonprofits_non_higher_education_without_501c3;for_profit_organizations_other_than_small_businesses;public_and_state_institutions_of_higher_education;public_and_indian_housing_authorities;city_or_township_governments;special_district_governments;private_institutions_of_higher_education;state_governments;independent_school_districts;federally_recognized_native_american_tribal_governments;unrestricted;nonprofits_non_higher_education_with_501c3,"Non-domestic (non-U.S.) Entities (Foreign Institutions) are not eligible to apply. Non-domestic (non-U.S.) components of U.S. Organizations are not eligible to apply. Foreign components, as defined in the HHS Grants Policy Statement, are not allowed.",Centers for Disease Control and Prevention - ERA,Department of Health and Human Services,"Jessica MK Streit, PhD, CHES, Scientific Program Official
513-533-8107",jstreit@cdc.gov,jstreit@cdc.gov,2026-12-17,2027-02-16,for New applications. Standard due dates apply for future submissions. All applications must be submitted no later than 11:59 p.m. local time of the applicant organization.,2027-09-22,2027-10-21,2027.0,,,https://simpler.grants.gov/opportunity/66b556a1-f978-4dbe-ae6b-4d23f799eb1a,"<p>The purpose of the R03 grant program is (1) to develop an understanding of the risks and conditions associated with occupational diseases and injuries, (2) to explore methods for reducing risks and preventing or minimizing exposure to hazardous conditions in the workplace, and (3) to translate significant scientific findings into prevention practices and products that will effectively reduce work-related illnesses and injuries.</p><p>The NIOSH Small Research grant mechanism (R03) supports occupational safety and health research projects that can be carried out with limited resources, such as pilot and feasibility studies, secondary data analysis, or development of research methods.</p><p>Applicants must concisely describe the occupational health burden addressed in their proposal and must link the need for the proposed research activities to planned outputs that will help alleviate this burden. Applicants should clearly articulate the anticipated impacts of the proposed research, both during the project period and beyond.</p>","The purpose of the R03 grant program is (1) to develop an understanding of the risks and conditions associated with occupational diseases and injuries, (2) to explore methods for reducing risks and preventing or minimizing exposure to hazardous conditions in the workplace, and (3) to translate significant scientific findings into prevention practices and products that will effectively reduce work-related illnesses and injuries.
 The NIOSH Small Research grant mechanism (R03) supports occupational safety and health research projects that can be carried out with limited resources, such as pilot and feasibility studies, secondary data analysis, or development of research methods.
 Applicants must concisely describe the occupational health burden addressed in their proposal and must link the need for the proposed research activities to planned outputs that will help alleviate this burden. Applicants should clearly articulate the anticipated impacts of the proposed research, both during the project period and beyond.","NIOSH Small Research Grant Program (R03)
The purpose of the R03 grant program is (1) to develop an understanding of the risks and conditions associated with occupational diseases and injuries, (2) to explore methods for reducing risks and preventing or minimizing exposure to hazardous conditions in the workplace, and (3) to translate significant scientific findings into prevention practices and products that will effectively reduce work-related illnesses and injuries.
 The NIOSH Small Research grant mechanism (R03) supports occupational safety and health research projects that can be carried out with limited resources, such as pilot and feasibility studies, secondary data analysis, or development of research methods.
 Applicants must concisely describe the occupational health burden addressed in their proposal and must link the need for the proposed research activities to planned outputs that will help alleviate this burden. Applicants should clearly articulate the anticipated impacts of the proposed research, both during the project period and beyond.
Non-domestic (non-U.S.) Entities (Foreign Institutions) are not eligible to apply. Non-domestic (non-U.S.) components of U.S. Organizations are not eligible to apply. Foreign components, as defined in the HHS Grants Policy Statement, are not allowed.",False,,,False,False,False,False,False,False,,False,78.0,False,False,False,False,False,False,False,False,250000.0,award_ceiling,100000.0,True,False,False,False,False,False,0.0,False,,False,False,True,True,True,True,True,True,False,True,False,15,False,True,,False,False,False,False,1,True,False,True,activity code R03,True,False,False,False,,2026-09-30,2026-08-18,NIOSH Small Research Grant Program (R03),forecast,ok,2.0,none,none,"The grant funds occupational safety and health research, which is not among NCDHHS's named strategic objectives.",The NIOSH Small Research grant mechanism (R03) supports occupational safety and health research projects that can be carried out with limited resources,lead,state_governments,DPH,4.0,"DPH is the closest fit because it houses epidemiology, environmental health, and disease surveillance, but occupational health research is not a named DPH priority.","The grant addresses occupational safety and health research, which is outside NCDHHS's stated strategic goals and likely has a stronger home with universities or the state's labor agency.",False,"Eligible as a state agency but funds occupational safety research not named in NCDHHS goals, with no clear division fit; likely not worth pursuing.","[""Foreign components, as defined in the HHS Grants Policy Statement, are not allowed.""]",True,True,lead,deepseek/deepseek-v4-pro,92b0344f579a,True,10.0,0.0,0.85,0.0,0.0,36.47,forecast_watchlist
121,967f621e-4adc-4208-98d4-ae3b7671ad10,FDA Support for Conferences and Scientific Meetings (R13 Clinical Trial Not Allowed),forecast,True,False,,967f621e-4adc-4208-98d4-ae3b7671ad10,FOR-FD-23-015,forecasted,HHS-FDA,discretionary,,2022-07-27,,,,False,30.0,1000000.0,,,,,93.103|Food and Drug Administration Research,grant,science_technology_and_other_research_and_development;health;food_and_nutrition,,special_district_governments;other_native_american_tribal_organizations;city_or_township_governments;public_and_indian_housing_authorities;nonprofits_non_higher_education_without_501c3;for_profit_organizations_other_than_small_businesses;independent_school_districts;small_businesses;nonprofits_non_higher_education_with_501c3;federally_recognized_native_american_tribal_governments;state_governments;county_governments;public_and_state_institutions_of_higher_education;private_institutions_of_higher_education,"Non-domestic (non-U.S.) Entities (Foreign Institutions) are not eligible to apply.
Non-domestic (non-U.S.) components of U.S. Organizations are not eligible to apply.
Foreign components, as defined in the HHS Grants Policy Statement, are not allowed.",Food and Drug Administration,Department of Health and Human Services,"Janelle Fundersburg
Grants Management Specialist
301-796-2533",Janelle.Fundersburg@fda.hhs.gov,Janelle.Fundersburg@fda.hhs.gov,2022-10-13,2023-04-12,,,,2023.0,,,https://simpler.grants.gov/opportunity/967f621e-4adc-4208-98d4-ae3b7671ad10,"<p><span style=""color: black;"">The purpose of the FDA (R13) Scientific Conference Grant Program is to facilitate the provision of federal financial assistance in support of high-quality conferences and scientific meetings designed to research and investigate a topic clearly aligned with the FDA mission. The FDA recognizes the value of supporting high quality conferences and scientific meetings relevant to its mission and to the public health. A conference or scientific meeting is defined as a symposium, seminar, workshop, or any formal meeting, whether conducted face-to-face or virtually to exchange information and explore a defined subject, issue, or area of concern impacting the public's health within the scope of the FDA's mission. Permission to submit a conference grant application does not assure funding or funding at the level requested. FDA will not issue a conference grant award unless it can be issued before the conference start date.&nbsp;</span></p>","The purpose of the FDA (R13) Scientific Conference Grant Program is to facilitate the provision of federal financial assistance in support of high-quality conferences and scientific meetings designed to research and investigate a topic clearly aligned with the FDA mission. The FDA recognizes the value of supporting high quality conferences and scientific meetings relevant to its mission and to the public health. A conference or scientific meeting is defined as a symposium, seminar, workshop, or any formal meeting, whether conducted face-to-face or virtually to exchange information and explore a defined subject, issue, or area of concern impacting the public's health within the scope of the FDA's mission. Permission to submit a conference grant application does not assure funding or funding at the level requested. FDA will not issue a conference grant award unless it can be issued before the conference start date.","FDA Support for Conferences and Scientific Meetings (R13 Clinical Trial Not Allowed)
The purpose of the FDA (R13) Scientific Conference Grant Program is to facilitate the provision of federal financial assistance in support of high-quality conferences and scientific meetings designed to research and investigate a topic clearly aligned with the FDA mission. The FDA recognizes the value of supporting high quality conferences and scientific meetings relevant to its mission and to the public health. A conference or scientific meeting is defined as a symposium, seminar, workshop, or any formal meeting, whether conducted face-to-face or virtually to exchange information and explore a defined subject, issue, or area of concern impacting the public's health within the scope of the FDA's mission. Permission to submit a conference grant application does not assure funding or funding at the level requested. FDA will not issue a conference grant award unless it can be issued before the conference start date.
Non-domestic (non-U.S.) Entities (Foreign Institutions) are not eligible to apply.
Non-domestic (non-U.S.) components of U.S. Organizations are not eligible to apply.
Foreign components, as defined in the HHS Grants Policy Statement, are not allowed.",False,,,False,False,False,False,False,False,,False,-1448.0,True,True,False,False,False,False,False,False,33333.333333333336,average_award,33333.333333333336,True,False,False,False,False,False,0.0,False,,False,False,True,True,True,True,True,True,False,False,False,14,False,True,,False,False,False,False,1,True,False,True,activity code R13,True,False,False,False,,2026-09-30,2026-08-18,FDA Support for Conferences and Scientific Meetings (R13 Clinical Trial Not Allowed),forecast,ok,2.0,none,none,"The grant funds general scientific conference activities, not a named NCDHHS objective or direct service strategy.",The purpose of the FDA (R13) Scientific Conference Grant Program is to facilitate the provision of federal financial assistance in support of high-quality conferences and scientific meetings designed to research and investigate a topic clearly aligned with the FDA mission.,lead,state_governments,DPH,4.0,"DPH hosts public health conferences and could manage a scientific meeting, but this FDA mechanism is not part of its core programmatic authority.","The conference-only scope has an indirect, time-limited link to NCDHHS health services and may not justify the application effort.",False,General FDA conference support does not directly fund an NCDHHS strategic objective; state agencies are eligible but there is no clear programmatic fit.,"[""FDA will not issue a conference grant award unless it can be issued before the conference start date.""]",True,True,lead,deepseek/deepseek-v4-pro,92b0344f579a,True,10.0,0.0,0.85,0.0,0.0,36.47,forecast_watchlist
122,73f39ef2-101c-4f6a-bf77-30ebea1d8474,Short Courses on Innovative Methodologies and Approaches in the Behavioral and Social Sciences (R25 Clinical Trials Not Allowed),open,False,False,,73f39ef2-101c-4f6a-bf77-30ebea1d8474,RFA-OD-25-003,posted,HHS-NIH11,discretionary,,2025-03-12,2027-04-09,,2027-05-15,False,,200000.0,,200000.0,http://grants.nih.gov/grants/guide/rfa-files/RFA-OD-25-003.html,https://grants.nih.gov/grants/guide/rfa-files/RFA-OD-25-003.html,"93.233|National Center on Sleep Disorders Research;93.840|Translation and Implementation Science Research for Heart, Lung, Blood Diseases, and Sleep Disorders;93.242|Mental Health Research Grants;93.838|Lung Diseases Research;93.361|Nursing Research;93.279|Drug Use and Addiction Research Programs;93.847|Diabetes, Digestive, and Kidney Diseases Extramural Research;93.837|Cardiovascular Diseases Research;93.121|Oral Diseases and Disorders Research;93.313|NIH Office of Research on Women's Health;93.213|Research and Training in Complementary and Integrative Health;93.398|Cancer Research Manpower;93.839|Blood Diseases and Resources Research;93.173|Research Related to Deafness and Communication Disorders",grant,education;health;food_and_nutrition,,for_profit_organizations_other_than_small_businesses;small_businesses;federally_recognized_native_american_tribal_governments;state_governments;county_governments;nonprofits_non_higher_education_without_501c3;nonprofits_non_higher_education_with_501c3;city_or_township_governments;private_institutions_of_higher_education;independent_school_districts;special_district_governments;public_and_state_institutions_of_higher_education;other;public_and_indian_housing_authorities;other_native_american_tribal_organizations,"Other Eligible Applicants include the following:
 Alaska Native and Native Hawaiian Serving Institutions; Asian American Native American Pacific Islander Serving Institutions (AANAPISISs); Eligible Agencies of the Federal Government; Faith-based or Community-based Organizations; Hispanic-serving Institutions; Historically Black Colleges and Universities (HBCUs); Indian/Native American Tribal Governments (Other than Federally Recognized); Non-domestic (non-U.S.) Entities (Foreign Organizations); Regional Organizations; Tribally Controlled Colleges and Universities (TCCUs) ; U.S. Territory or Possession; Non-domestic (non-U.S.) Entities (Foreign Organizations) are not eligible to apply

Non-domestic (non-U.S.) components of U.S. Organizations are not eligible to apply.

Foreign components, as defined in the NIH Grants Policy Statement, are not allowed.",National Institutes of Health,Department of Health and Human Services,"NIH Grants Information
grantsinfo@nih.gov",grantsinfo@nih.gov,See Section VII. Agency Contacts within the full opportunity announcement for all other inquires.,,,,,,,,,https://simpler.grants.gov/opportunity/73f39ef2-101c-4f6a-bf77-30ebea1d8474,"The NIH Research Education Program (R25) supports research education activities in the mission areas of the NIH. The overarching goal of this R25 program is to support educational activities that complement and/or enhance the training of a workforce to meet the nations biomedical, behavioral and clinical research needs. To accomplish the stated over-arching goal, this FOA will support creative educational activities with a primary focus on:
Courses for Skills Development","The NIH Research Education Program (R25) supports research education activities in the mission areas of the NIH. The overarching goal of this R25 program is to support educational activities that complement and/or enhance the training of a workforce to meet the nations biomedical, behavioral and clinical research needs. To accomplish the stated over-arching goal, this FOA will support creative educational activities with a primary focus on:
Courses for Skills Development","Short Courses on Innovative Methodologies and Approaches in the Behavioral and Social Sciences (R25 Clinical Trials Not Allowed)
The NIH Research Education Program (R25) supports research education activities in the mission areas of the NIH. The overarching goal of this R25 program is to support educational activities that complement and/or enhance the training of a workforce to meet the nations biomedical, behavioral and clinical research needs. To accomplish the stated over-arching goal, this FOA will support creative educational activities with a primary focus on:
Courses for Skills Development
Other Eligible Applicants include the following:
 Alaska Native and Native Hawaiian Serving Institutions; Asian American Native American Pacific Islander Serving Institutions (AANAPISISs); Eligible Agencies of the Federal Government; Faith-based or Community-based Organizations; Hispanic-serving Institutions; Historically Black Colleges and Universities (HBCUs); Indian/Native American Tribal Governments (Other than Federally Recognized); Non-domestic (non-U.S.) Entities (Foreign Organizations); Regional Organizations; Tribally Controlled Colleges and Universities (TCCUs) ; U.S. Territory or Possession; Non-domestic (non-U.S.) Entities (Foreign Organizations) are not eligible to apply

Non-domestic (non-U.S.) components of U.S. Organizations are not eligible to apply.

Foreign components, as defined in the NIH Grants Policy Statement, are not allowed.",False,2027-04-09,191.0,False,False,False,False,False,True,10.0,False,,False,False,False,False,False,False,False,False,,award_ceiling,200000.0,True,False,False,False,False,False,1.51,False,,False,False,True,True,True,True,True,True,False,False,True,15,False,True,,False,False,False,False,14,True,False,True,activity code R25,True,False,False,False,,2026-09-30,2026-08-18,Short Courses on Innovative Methodologies and Approaches in the Behavioral and Social Sciences (R25 Clinical Trials Not Allowed),open,ok,1.0,none,none,The grant funds research education courses for the research workforce rather than directly advancing a named NCDHHS service-delivery objective.,Courses for Skills Development,lead,state_governments,none,0.0,No NCDHHS division has a research education mission or the academic infrastructure needed to run NIH R25 short courses.,"The R25 mechanism is designed for academic research-education institutions, so NCDHHS would be an atypical applicant with low likelihood of success and no natural implementation home.",False,"NIH research education grant for short courses in behavioral and social science; trains researchers rather than delivering services, so no division has a natural owner and review is not warranted.",[],True,True,lead,deepseek/deepseek-v4-pro,92b0344f579a,True,10.0,0.15,1.0,0.0,0.0,35.27,open
123,5a0b4ac7-5736-4698-ae7a-a12fca515956,Limited Competition: Chronic Kidney Diseases of UnceRtain Etiology (CKDu) in Agricultural Communities (CURE) Research Consortium- Field Epidemiology Sites,forecast,True,False,,5a0b4ac7-5736-4698-ae7a-a12fca515956,RFA-DK-27-130,forecasted,HHS-NIH11,discretionary,,2025-09-30,,,,False,5.0,6000000.0,,,,,"93.847|Diabetes, Digestive, and Kidney Diseases Extramural Research",cooperative_agreement,health,,federally_recognized_native_american_tribal_governments;county_governments;private_institutions_of_higher_education;state_governments;small_businesses;other;public_and_state_institutions_of_higher_education;other_native_american_tribal_organizations;for_profit_organizations_other_than_small_businesses;public_and_indian_housing_authorities,Other Eligible ApplicantsIndian/Native American Tribal Governments (Other than Federally Recognized);Eligible Agencies of the Federal Government;U.S. Territory or Possession;Faith-based or Community-based Organizations;Regional Organizations;Non-domestic (non-U.S.) Entities (Foreign Institutions).,National Institutes of Health,Department of Health and Human Services,"Susan Mendley
301.827.1861",susan.mendley@nih.gov,susan.mendley@nih.gov,2026-04-01,2026-07-01,,2027-01-01,2027-02-01,2027.0,,,https://simpler.grants.gov/opportunity/5a0b4ac7-5736-4698-ae7a-a12fca515956,"<p style=""margin-left:0in;"">The purpose of this funding opportunity is to advance the NIH mission by supporting the continuation of the Consortium to Study Chronic Kidney Disease of UnceRtain Etiology (CKDu) in Agricultural Communities (CURE).</p><p style=""margin-left:0in;"">Chronic Kidney Disease of Uncertain Etiology (CKDu) causes kidney failure in rural areas of many Low and Middle Income Countries, resulting in a large death toll among the young working age population. Environmental factors are suspected to be causative, but family and geographic clustering add consideration of unrecognized genetic susceptibility. The risk factors identified in other countries are encountered by U.S. patients, so this research will offer valuable insights into the development and progression of tubulointerstitial renal diseases, with broad implications for understanding kidney health and disease in the U.S.</p><p style=""margin-left:0in;"">NIDDK, NIEHS, and FIC have jointly funded a consortium that includes Field Epidemiology Sites, a Renal and Environmental Science Core, and a Data Coordinating Center to find causes and potential interventions for CKDu since 2021. This NOFO requests renewal applications for the Field Epidemiology Sites that will continue to identify, recruit, and retain participants in CKDu endemic areas, conduct study visits, and collect biological and environmental samples. Consortium members will continue to collaborate to maximize scientific opportunities and enable discovery science to understand the etiologies of CKDu, the exposures that initiate and affect progression of tubulointerstitial kidney disease, potential therapeutic targets, and future opportunities for public health interventions. The CURE Consortium will serve as a resource for ancillary studies.&nbsp;</p><p><i>This is a forecast for a limited competition Notice of Funding Opportunity (NOFO) that will invite application(s) from eligible organizations to apply. Application(s) will be peer-reviewed and only funded if meritorious.</i></p>","The purpose of this funding opportunity is to advance the NIH mission by supporting the continuation of the Consortium to Study Chronic Kidney Disease of UnceRtain Etiology (CKDu) in Agricultural Communities (CURE).
 Chronic Kidney Disease of Uncertain Etiology (CKDu) causes kidney failure in rural areas of many Low and Middle Income Countries, resulting in a large death toll among the young working age population. Environmental factors are suspected to be causative, but family and geographic clustering add consideration of unrecognized genetic susceptibility. The risk factors identified in other countries are encountered by U.S. patients, so this research will offer valuable insights into the development and progression of tubulointerstitial renal diseases, with broad implications for understanding kidney health and disease in the U.S.
 NIDDK, NIEHS, and FIC have jointly funded a consortium that includes Field Epidemiology Sites, a Renal and Environmental Science Core, and a Data Coordinating Center to find causes and potential interventions for CKDu since 2021. This NOFO requests renewal applications for the Field Epidemiology Sites that will continue to identify, recruit, and retain participants in CKDu endemic areas, conduct study visits, and collect biological and environmental samples. Consortium members will continue to collaborate to maximize scientific opportunities and enable discovery science to understand the etiologies of CKDu, the exposures that initiate and affect progression of tubulointerstitial kidney disease, potential therapeutic targets, and future opportunities for public health interventions. The CURE Consortium will serve as a resource for ancillary studies. 
  This is a forecast for a limited competition Notice of Funding Opportunity (NOFO) that will invite application(s) from eligible organizations to apply. Application(s) will be peer-reviewed and only funded if meritorious.","Limited Competition: Chronic Kidney Diseases of UnceRtain Etiology (CKDu) in Agricultural Communities (CURE) Research Consortium- Field Epidemiology Sites
The purpose of this funding opportunity is to advance the NIH mission by supporting the continuation of the Consortium to Study Chronic Kidney Disease of UnceRtain Etiology (CKDu) in Agricultural Communities (CURE).
 Chronic Kidney Disease of Uncertain Etiology (CKDu) causes kidney failure in rural areas of many Low and Middle Income Countries, resulting in a large death toll among the young working age population. Environmental factors are suspected to be causative, but family and geographic clustering add consideration of unrecognized genetic susceptibility. The risk factors identified in other countries are encountered by U.S. patients, so this research will offer valuable insights into the development and progression of tubulointerstitial renal diseases, with broad implications for understanding kidney health and disease in the U.S.
 NIDDK, NIEHS, and FIC have jointly funded a consortium that includes Field Epidemiology Sites, a Renal and Environmental Science Core, and a Data Coordinating Center to find causes and potential interventions for CKDu since 2021. This NOFO requests renewal applications for the Field Epidemiology Sites that will continue to identify, recruit, and retain participants in CKDu endemic areas, conduct study visits, and collect biological and environmental samples. Consortium members will continue to collaborate to maximize scientific opportunities and enable discovery science to understand the etiologies of CKDu, the exposures that initiate and affect progression of tubulointerstitial kidney disease, potential therapeutic targets, and future opportunities for public health interventions. The CURE Consortium will serve as a resource for ancillary studies. 
  This is a forecast for a limited competition Notice of Funding Opportunity (NOFO) that will invite application(s) from eligible organizations to apply. Application(s) will be peer-reviewed and only funded if meritorious.
Other Eligible ApplicantsIndian/Native American Tribal Governments (Other than Federally Recognized);Eligible Agencies of the Federal Government;U.S. Territory or Possession;Faith-based or Community-based Organizations;Regional Organizations;Non-domestic (non-U.S.) Entities (Foreign Institutions).",False,,,False,False,False,False,False,False,,False,-182.0,True,True,False,False,False,False,False,False,1200000.0,average_award,1200000.0,True,False,True,False,False,False,5.4,False,,False,False,True,True,True,False,True,True,False,False,True,10,False,False,,False,False,False,False,1,True,False,True,NIH opportunity,True,False,False,False,,2026-09-30,2026-08-18,Limited Competition: Chronic Kidney Diseases of UnceRtain Etiology (CKDu) in Agricultural Communities (CURE) Research Consortium- Field Epidemiology Sites,forecast,ok,2.0,G1,G1.O2,"The field epidemiology sites collect biological and environmental data on chronic kidney disease in agricultural/rural populations, which could inform NCDHHS health disparity tracking, though the grant is extramural research rather than direct service or dashboard work.","This NOFO requests renewal applications for the Field Epidemiology Sites that will continue to identify, recruit, and retain participants in CKDu endemic areas, conduct study visits, and collect biological and environmental samples.",unclear,state_governments,DPH,3.0,"DPH has relevant epidemiology, environmental health, and chronic disease surveillance capacity, but this would be international field research under a limited NIH consortium rather than routine state public health practice.","Limited competition means NCDHHS may not be eligible unless it is already a CURE field epidemiology site, and the focus on CKDu endemic areas in low- and middle-income countries limits direct value to North Carolina.",False,"Limited-competition NIH research renewal for CKDu field sites, mostly outside the U.S.; not a practical NCDHHS fit despite public-health overlap.","[""Limited competition renewal for existing CURE Field Epidemiology Sites"", ""Field work in CKDu endemic areas with biological and environmental sample collection""]",True,True,unclear,deepseek/deepseek-v4-pro,92b0344f579a,True,5.0,0.0,0.85,0.0,0.0,34.24,forecast_watchlist
124,f0f92216-2abf-4b7d-9ba9-9b1f554c5958,The Next Generation of the Clinical and Translational Science Awards Program Trial Innovation Network,forecast,True,False,,f0f92216-2abf-4b7d-9ba9-9b1f554c5958,PAR-28-007,forecasted,HHS-NIH11,discretionary,,2026-07-20,,,,False,,,,,,,93.350|National Center for Advancing Translational Sciences,cooperative_agreement,health,,nonprofits_non_higher_education_with_501c3;small_businesses;public_and_indian_housing_authorities;private_institutions_of_higher_education;city_or_township_governments;public_and_state_institutions_of_higher_education;other;other_native_american_tribal_organizations;nonprofits_non_higher_education_without_501c3;state_governments;federally_recognized_native_american_tribal_governments;county_governments;special_district_governments;for_profit_organizations_other_than_small_businesses;independent_school_districts,Other Eligible ApplicantsIndian/Native American Tribal Governments (Other than Federally Recognized);Eligible Agencies of the Federal Government;U.S. Territory or Possession;Faith-based or Community-based Organizations;Regional Organizations;,National Institutes of Health,Department of Health and Human Services,"Division of Clinical Innovation, NCATS
Please contact via e-mail.",tin@nih.gov,tin@nih.gov,2026-09-01,2027-01-25,,2027-12-15,2027-12-15,2028.0,,,https://simpler.grants.gov/opportunity/f0f92216-2abf-4b7d-9ba9-9b1f554c5958,"<p style=""margin-left:0px;"">The Clinical and Translational Science Awards Program Trial Innovation Network (TIN) is a collaborative initiative aimed at addressing critical roadblocks in the design and implementation of multi-center clinical trials. The goal of the TIN is to execute trials better, faster, and more cost-efficiently, as well as serve as a national laboratory to study, understand, and innovate the process of conducting multi-center clinical trials. The purpose of the issuance of the Next Generation of the TIN Notice of Funding Opportunity (NOFO) is to advance the science of clinical trials by developing and implementing innovative solutions to address challenges at the clinical trial and trial network levels. Topics of interest include, but are not limited to, safety monitoring tools and resources, trial leader training and mentorship, digital health technologies, genomic capacity, and disease progression modeling.&nbsp;</p><p style=""margin-left:0px;"">&nbsp;</p><p style=""margin-left:0px;"">Awards are made under the authorization of Sections 301 and 405 of the Public Health Service Act as amended (42 USC 241 and 284) and under Federal Regulations 42 CFR Part 52 and 2 CFR Part 200.</p><p style=""margin-left:0px;"">This is a Forecast that will invite applications from all eligible organizations to apply. Please see the Eligibility Section for additional information. In accordance with NIH standard peer-review processes, the applications will be peer-reviewed, and only meritorious applications will be considered for funding.&nbsp;</p>","The Clinical and Translational Science Awards Program Trial Innovation Network (TIN) is a collaborative initiative aimed at addressing critical roadblocks in the design and implementation of multi-center clinical trials. The goal of the TIN is to execute trials better, faster, and more cost-efficiently, as well as serve as a national laboratory to study, understand, and innovate the process of conducting multi-center clinical trials. The purpose of the issuance of the Next Generation of the TIN Notice of Funding Opportunity (NOFO) is to advance the science of clinical trials by developing and implementing innovative solutions to address challenges at the clinical trial and trial network levels. Topics of interest include, but are not limited to, safety monitoring tools and resources, trial leader training and mentorship, digital health technologies, genomic capacity, and disease progression modeling. 
  
 Awards are made under the authorization of Sections 301 and 405 of the Public Health Service Act as amended (42 USC 241 and 284) and under Federal Regulations 42 CFR Part 52 and 2 CFR Part 200.
 This is a Forecast that will invite applications from all eligible organizations to apply. Please see the Eligibility Section for additional information. In accordance with NIH standard peer-review processes, the applications will be peer-reviewed, and only meritorious applications will be considered for funding.","The Next Generation of the Clinical and Translational Science Awards Program Trial Innovation Network
The Clinical and Translational Science Awards Program Trial Innovation Network (TIN) is a collaborative initiative aimed at addressing critical roadblocks in the design and implementation of multi-center clinical trials. The goal of the TIN is to execute trials better, faster, and more cost-efficiently, as well as serve as a national laboratory to study, understand, and innovate the process of conducting multi-center clinical trials. The purpose of the issuance of the Next Generation of the TIN Notice of Funding Opportunity (NOFO) is to advance the science of clinical trials by developing and implementing innovative solutions to address challenges at the clinical trial and trial network levels. Topics of interest include, but are not limited to, safety monitoring tools and resources, trial leader training and mentorship, digital health technologies, genomic capacity, and disease progression modeling. 
  
 Awards are made under the authorization of Sections 301 and 405 of the Public Health Service Act as amended (42 USC 241 and 284) and under Federal Regulations 42 CFR Part 52 and 2 CFR Part 200.
 This is a Forecast that will invite applications from all eligible organizations to apply. Please see the Eligibility Section for additional information. In accordance with NIH standard peer-review processes, the applications will be peer-reviewed, and only meritorious applications will be considered for funding.
Other Eligible ApplicantsIndian/Native American Tribal Governments (Other than Federally Recognized);Eligible Agencies of the Federal Government;U.S. Territory or Possession;Faith-based or Community-based Organizations;Regional Organizations;",False,,,False,False,False,False,False,False,,False,-29.0,True,False,True,False,False,False,False,False,,unknown,,False,True,False,False,False,True,5.0,False,,False,False,True,True,True,True,True,True,False,False,True,15,False,True,,False,False,False,False,1,True,False,True,NIH opportunity,True,False,False,False,,2026-09-30,2026-08-18,The Next Generation of the Clinical and Translational Science Awards Program Trial Innovation Network,forecast,ok,2.0,G5,G5.O1,"The clinical-trial data tools, digital health technologies, and disease progression modeling have only an indirect link to G5.O1's data-driven decision-making and do not fund a named NCDHHS service strategy.","The goal of the TIN is to execute trials better, faster, and more cost-efficiently, as well as serve as a national laboratory to study, understand, and innovate the process of conducting multi-center clinical trials.",atypical,state_governments,none,0.0,"No NCDHHS division operates a clinical and translational science trial network or multi-center trial infrastructure, so this work falls outside the Department's existing role and authority.","NCDHHS likely lacks the academic medical center partnerships, clinical trial infrastructure, and research capacity needed for a credible lead application, so pursuit could consume substantial effort with low success probability.",False,"Supports clinical trial innovation, not NCDHHS health-service objectives; no division operates a trial network, so it is a poor fit despite state eligibility.",[],True,True,atypical,deepseek/deepseek-v4-pro,92b0344f579a,True,10.0,0.0,0.85,0.0,0.0,33.53,forecast_watchlist
125,fd5dfec0-8772-494f-a990-506b5e996d27,Urgent Competitive Revision to Existing NIH Grants and Cooperative Agreements (Urgent Supplement Clinical Trial Optional),forecast,True,False,,fd5dfec0-8772-494f-a990-506b5e996d27,PA-26-004,forecasted,HHS-NIH11,discretionary,,2026-03-04,,,,False,,,,,,,93.310|Trans-NIH Research Support,grant,health,,other_native_american_tribal_organizations;independent_school_districts;state_governments;for_profit_organizations_other_than_small_businesses;other;city_or_township_governments;special_district_governments;small_businesses;nonprofits_non_higher_education_with_501c3;public_and_indian_housing_authorities;county_governments;public_and_state_institutions_of_higher_education;private_institutions_of_higher_education;nonprofits_non_higher_education_without_501c3;federally_recognized_native_american_tribal_governments,Other Eligible ApplicantsIndian/Native American Tribal Governments (Other than Federally Recognized);Eligible Agencies of the Federal Government;U.S. Territory or Possession;Faith-based or Community-based Organizations;Regional Organizations;Non-domestic (non-U.S.) Entities (Foreign Institutions).,National Institutes of Health,Department of Health and Human Services,"Division of Grants Policy (DGP), Office of Policy for Extramural Research Administration (OPERA)
Please contact via email.",GrantsPolicy@od.nih.gov,GrantsPolicy@od.nih.gov,2026-05-01,2026-06-01,,2026-07-01,2026-07-01,2026.0,,,https://simpler.grants.gov/opportunity/fd5dfec0-8772-494f-a990-506b5e996d27,"<p>The National Institutes of Health (NIH) intends to issue a Notice of Funding opportunity to allow applications for competitive revisions of ongoing grants to address specific public health crises that were unforeseen when the original application was submitted. Once this Notice of Funding Opportunity (NOFO) is approved and issued, applications for Urgent Competitive Revisions will be routed directly to the NIH awarding component listed on the Notice of Award of the most recent parent award.&nbsp;</p><p>Only applications submitted in response to an Urgent Guide Notice published by an IC will be allowed to apply to the NOFO once it’s published.</p>","The National Institutes of Health (NIH) intends to issue a Notice of Funding opportunity to allow applications for competitive revisions of ongoing grants to address specific public health crises that were unforeseen when the original application was submitted. Once this Notice of Funding Opportunity (NOFO) is approved and issued, applications for Urgent Competitive Revisions will be routed directly to the NIH awarding component listed on the Notice of Award of the most recent parent award. 
 Only applications submitted in response to an Urgent Guide Notice published by an IC will be allowed to apply to the NOFO once it’s published.","Urgent Competitive Revision to Existing NIH Grants and Cooperative Agreements (Urgent Supplement Clinical Trial Optional)
The National Institutes of Health (NIH) intends to issue a Notice of Funding opportunity to allow applications for competitive revisions of ongoing grants to address specific public health crises that were unforeseen when the original application was submitted. Once this Notice of Funding Opportunity (NOFO) is approved and issued, applications for Urgent Competitive Revisions will be routed directly to the NIH awarding component listed on the Notice of Award of the most recent parent award. 
 Only applications submitted in response to an Urgent Guide Notice published by an IC will be allowed to apply to the NOFO once it’s published.
Other Eligible ApplicantsIndian/Native American Tribal Governments (Other than Federally Recognized);Eligible Agencies of the Federal Government;U.S. Territory or Possession;Faith-based or Community-based Organizations;Regional Organizations;Non-domestic (non-U.S.) Entities (Foreign Institutions).",False,,,False,False,False,False,False,False,,False,-152.0,True,True,False,False,False,False,False,False,,unknown,,False,True,False,False,False,True,5.0,False,,False,False,True,True,True,True,True,True,False,False,True,15,False,True,,False,False,False,False,1,True,False,True,NIH opportunity,True,False,False,False,,2026-09-30,2026-08-18,Urgent Competitive Revision to Existing NIH Grants and Cooperative Agreements (Urgent Supplement Clinical Trial Optional),forecast,ok,2.0,none,none,The grant broadly funds competitive revisions to existing NIH awards for unspecified public health crises and does not directly name an NCDHHS strategic objective.,address specific public health crises that were unforeseen when the original application was submitted,unclear,state_governments,none,1.0,"No NCDHHS division is a clear operational owner because this is a supplement to an existing NIH award, so any fit depends on the parent award subject and division.","NCDHHS may not hold an existing NIH award, so the agency cannot apply unless a division already has a qualifying parent grant and an active urgent guide notice.",False,"Does not fit: this is a restricted supplement for existing NIH research awards, not a standard state agency program; no clear NCDHHS division or objective.","[""Only existing NIH grant or cooperative agreement recipients can apply."", ""Applications must be submitted in response to an Urgent Guide Notice published by an NIH IC."", ""Applications are routed directly to the NIH awarding component on the most recent parent award.""]",True,True,unclear,deepseek/deepseek-v4-pro,92b0344f579a,True,5.0,0.0,0.85,0.0,0.0,27.65,forecast_watchlist
126,b44a8dff-ef17-4fc5-8f00-2526c8cce87f,Cooperative Agreement for Long Term Data Collection on Antimicrobial Use in Animals (U01) Clinical Trial Not Allowed,forecast,True,False,,b44a8dff-ef17-4fc5-8f00-2526c8cce87f,FOR-FD-24-011,forecasted,HHS-FDA,discretionary,,2023-11-29,,,,False,3.0,600000.0,,200000.0,,,93.103|Food and Drug Administration Research,cooperative_agreement,food_and_nutrition,,nonprofits_non_higher_education_with_501c3;independent_school_districts;public_and_state_institutions_of_higher_education;state_governments;private_institutions_of_higher_education;city_or_township_governments;nonprofits_non_higher_education_without_501c3;federally_recognized_native_american_tribal_governments;other_native_american_tribal_organizations;for_profit_organizations_other_than_small_businesses;county_governments;public_and_indian_housing_authorities;small_businesses;special_district_governments,,Food and Drug Administration,Department of Health and Human Services,"Janelle Fundersburg
Grants Management Specialist
301-798-2533",janelle.fundersburg@fda.hhs.gov,janelle.fundersburg@fda.hhs.gov,,,,,,2024.0,,,https://simpler.grants.gov/opportunity/b44a8dff-ef17-4fc5-8f00-2526c8cce87f,"<p>FDA announces the availability of fiscal year (FY) 2024 funds to support one or more projects to 1) collect antimicrobial use data from diverse animal sectors, including domestic livestock, poultry, companion animals (dogs, cats, and horses), and minor species (e.g., fish, sheep, goats, etc.) and 2) contribute&nbsp;to the development of data collection frameworks, including providing data and expertise as resources and a public-private partnership frameworks are established.</p><p><br></p><p>This grant will support the continued advancement of FDA's initiatives to support antimicrobial stewardship in veterinary settings. It will also support the National Action Plan objectives to engage the animal health community and relevant stakeholders to advance strategies intended to improve understanding of antimicrobial use and foster antimicrobial stewardship in animal agriculture.</p><p><br></p>","FDA announces the availability of fiscal year (FY) 2024 funds to support one or more projects to 1) collect antimicrobial use data from diverse animal sectors, including domestic livestock, poultry, companion animals (dogs, cats, and horses), and minor species (e.g., fish, sheep, goats, etc.) and 2) contribute to the development of data collection frameworks, including providing data and expertise as resources and a public-private partnership frameworks are established.
 

 This grant will support the continued advancement of FDA's initiatives to support antimicrobial stewardship in veterinary settings. It will also support the National Action Plan objectives to engage the animal health community and relevant stakeholders to advance strategies intended to improve understanding of antimicrobial use and foster antimicrobial stewardship in animal agriculture.","Cooperative Agreement for Long Term Data Collection on Antimicrobial Use in Animals (U01) Clinical Trial Not Allowed
FDA announces the availability of fiscal year (FY) 2024 funds to support one or more projects to 1) collect antimicrobial use data from diverse animal sectors, including domestic livestock, poultry, companion animals (dogs, cats, and horses), and minor species (e.g., fish, sheep, goats, etc.) and 2) contribute to the development of data collection frameworks, including providing data and expertise as resources and a public-private partnership frameworks are established.
 

 This grant will support the continued advancement of FDA's initiatives to support antimicrobial stewardship in veterinary settings. It will also support the National Action Plan objectives to engage the animal health community and relevant stakeholders to advance strategies intended to improve understanding of antimicrobial use and foster antimicrobial stewardship in animal agriculture.
",False,,,False,False,False,False,False,False,,True,,False,False,False,False,False,False,False,False,200000.0,award_ceiling,200000.0,True,False,False,True,False,False,1.51,False,,False,False,True,True,True,True,True,True,False,False,False,14,False,True,,False,False,False,False,1,True,False,True,activity code U01,True,False,False,True,,2026-09-30,2026-08-18,Cooperative Agreement for Long Term Data Collection on Antimicrobial Use in Animals (U01) Clinical Trial Not Allowed,forecast,ok,0.0,none,none,"The grant funds collection of antimicrobial use data in animals, which is not among NCDHHS's strategic goals or objectives for human health and human services.","collect antimicrobial use data from diverse animal sectors, including domestic livestock, poultry, companion animals (dogs, cats, and horses), and minor species (e.g., fish, sheep, goats, etc.)",lead,state_governments,none,0.0,"NCDHHS divisions administer human-services, public health, and Medicaid programs, and none has authority or routine operations in animal agriculture antimicrobial use data collection.","The grant is outside NCDHHS's core mission and authority, so pursuing it would divert limited federal-grants capacity to an agriculture and veterinary stewardship activity with no clear human-services return.",False,"This FDA grant funds animal antimicrobial-use data collection, not a named NCDHHS strategic goal or human-services division, and is outside NCDHHS authority.",[],True,True,lead,deepseek/deepseek-v4-pro,92b0344f579a,True,10.0,0.0,0.85,0.0,0.0,20.31,forecast_watchlist
127,a5fdd007-af1e-44d4-9397-3cd7d439e88b,NIEHS Worker Training Program’s SBIR E-Learning for HAZMAT and Emergency Response (R43/R44 Clinical Trial Not Allowed),forecast,True,False,,a5fdd007-af1e-44d4-9397-3cd7d439e88b,TEMP-30794,forecasted,HHS-NIH11,discretionary,,2025-05-21,,,,False,6.0,688000.0,,,,,93.142|NIEHS Hazardous Waste Worker Health and Safety Training,grant,health,,small_businesses,,National Institutes of Health,Department of Health and Human Services,"Sharon D. Beard
NIEHS
984-287-3237",beard1@niehs.nih.gov,beard1@niehs.nih.gov,2025-09-01,2025-11-20,,2026-06-01,2026-06-01,2026.0,,,https://simpler.grants.gov/opportunity/a5fdd007-af1e-44d4-9397-3cd7d439e88b,"<p>The National Institute of Environmental Health Sciences (<a href=""https://www.niehs.nih.gov/"" target=""_blank"" style=""color: rgb(31, 107, 178);"">NIEHS</a>) intends to publish a Notice of Funding Opportunity (NOFO) to solicit applications for the NIEHS Worker Training Program’s SBIR E-Learning for HAZMAT and Emergency Response (R43/R44 Clinical Trial Not Allowed).</p>
<p><strong>Purpose</strong></p>
<p>This Notice of Funding Opportunity Announcement (NOFO) encourages Small Business Innovation Research (SBIR) grant applications from small business concerns (SBCs) that propose to further the development of Technology-Enhanced Training Products for the health and safety training of hazardous materials (HAZMAT) workers; waste treatment personnel; skilled support personnel associated with an emergency/disaster; emergency responders in biological hazard response, infectious disease response, and medical waste cleanup; emergency responders in disasters; and worker resiliency training. Technology-Enhanced Training Products as defined by the Worker Training Program (WTP) include, but are not limited to, supporting training through various venues such as online training, mobile device training, augmented reality (AR), virtual reality (VR), and serious gaming. These advanced technologies complement all phases of training that can enhance, supplement, improve, and provide health and safety training for hazardous materials workers. These products must complement the goals and objectives of the&nbsp;<a href=""https://www.niehs.nih.gov/careers/hazmat/about_wetp"" target=""_blank"" style=""color: rgb(31, 107, 178);"">WTP</a>. The major objective of the NIEHS WTP is to prevent work related harm by training workers in how best to protect themselves and their communities from exposure to hazardous materials. The financial support for this initiative is provided by the NIEHS Worker Education and Training Branch SBIR funds.</p>
<p><strong>Initiative Details</strong></p>
<p>The&nbsp;<a href=""https://www.govinfo.gov/content/pkg/COMPS-894/pdf/COMPS-894.pdf"" target=""_blank"" style=""color: rgb(31, 107, 178);"">Superfund Amendments and Reauthorization Act of 1986 (SARA), Section126(g),&nbsp;</a>authorizes an assistance program for training and education of workers engaged in activities related to hazardous waste generation, removal, containment or emergency response and hazardous materials transportation and emergency response. The United States Congress assigned responsibility for administering this program to the NIEHS, an Institute of the National Institutes of Health (NIH) under the US Department of Health and Human Services (US DHHS).</p>
<p>This funding opportunity will solicit R43/R44 SBIR grant applications to provide support for the development of Technology-Enhanced Training Products for the health and safety training of workers exposed to hazardous materials. This consists of classroom, online, and practical health and safety training technologies for workers and their supervisors, who are engaged in activities related to hazardous materials, hazardous waste generation, treatment, storage, disposal, removal, containment, transportation, or emergency response. To assist organizations in the development of institutional competency to provide appropriate training and education to hazardous waste workers.</p>","The National Institute of Environmental Health Sciences ( NIEHS ) intends to publish a Notice of Funding Opportunity (NOFO) to solicit applications for the NIEHS Worker Training Program’s SBIR E-Learning for HAZMAT and Emergency Response (R43/R44 Clinical Trial Not Allowed).

  Purpose 

 This Notice of Funding Opportunity Announcement (NOFO) encourages Small Business Innovation Research (SBIR) grant applications from small business concerns (SBCs) that propose to further the development of Technology-Enhanced Training Products for the health and safety training of hazardous materials (HAZMAT) workers; waste treatment personnel; skilled support personnel associated with an emergency/disaster; emergency responders in biological hazard response, infectious disease response, and medical waste cleanup; emergency responders in disasters; and worker resiliency training. Technology-Enhanced Training Products as defined by the Worker Training Program (WTP) include, but are not limited to, supporting training through various venues such as online training, mobile device training, augmented reality (AR), virtual reality (VR), and serious gaming. These advanced technologies complement all phases of training that can enhance, supplement, improve, and provide health and safety training for hazardous materials workers. These products must complement the goals and objectives of the  WTP . The major objective of the NIEHS WTP is to prevent work related harm by training workers in how best to protect themselves and their communities from exposure to hazardous materials. The financial support for this initiative is provided by the NIEHS Worker Education and Training Branch SBIR funds.

  Initiative Details 

 The  Superfund Amendments and Reauthorization Act of 1986 (SARA), Section126(g),  authorizes an assistance program for training and education of workers engaged in activities related to hazardous waste generation, removal, containment or emergency response and hazardous materials transportation and emergency response. The United States Congress assigned responsibility for administering this program to the NIEHS, an Institute of the National Institutes of Health (NIH) under the US Department of Health and Human Services (US DHHS).

 This funding opportunity will solicit R43/R44 SBIR grant applications to provide support for the development of Technology-Enhanced Training Products for the health and safety training of workers exposed to hazardous materials. This consists of classroom, online, and practical health and safety training technologies for workers and their supervisors, who are engaged in activities related to hazardous materials, hazardous waste generation, treatment, storage, disposal, removal, containment, transportation, or emergency response. To assist organizations in the development of institutional competency to provide appropriate training and education to hazardous waste workers.","NIEHS Worker Training Program’s SBIR E-Learning for HAZMAT and Emergency Response (R43/R44 Clinical Trial Not Allowed)
The National Institute of Environmental Health Sciences ( NIEHS ) intends to publish a Notice of Funding Opportunity (NOFO) to solicit applications for the NIEHS Worker Training Program’s SBIR E-Learning for HAZMAT and Emergency Response (R43/R44 Clinical Trial Not Allowed).

  Purpose 

 This Notice of Funding Opportunity Announcement (NOFO) encourages Small Business Innovation Research (SBIR) grant applications from small business concerns (SBCs) that propose to further the development of Technology-Enhanced Training Products for the health and safety training of hazardous materials (HAZMAT) workers; waste treatment personnel; skilled support personnel associated with an emergency/disaster; emergency responders in biological hazard response, infectious disease response, and medical waste cleanup; emergency responders in disasters; and worker resiliency training. Technology-Enhanced Training Products as defined by the Worker Training Program (WTP) include, but are not limited to, supporting training through various venues such as online training, mobile device training, augmented reality (AR), virtual reality (VR), and serious gaming. These advanced technologies complement all phases of training that can enhance, supplement, improve, and provide health and safety training for hazardous materials workers. These products must complement the goals and objectives of the  WTP . The major objective of the NIEHS WTP is to prevent work related harm by training workers in how best to protect themselves and their communities from exposure to hazardous materials. The financial support for this initiative is provided by the NIEHS Worker Education and Training Branch SBIR funds.

  Initiative Details 

 The  Superfund Amendments and Reauthorization Act of 1986 (SARA), Section126(g),  authorizes an assistance program for training and education of workers engaged in activities related to hazardous waste generation, removal, containment or emergency response and hazardous materials transportation and emergency response. The United States Congress assigned responsibility for administering this program to the NIEHS, an Institute of the National Institutes of Health (NIH) under the US Department of Health and Human Services (US DHHS).

 This funding opportunity will solicit R43/R44 SBIR grant applications to provide support for the development of Technology-Enhanced Training Products for the health and safety training of workers exposed to hazardous materials. This consists of classroom, online, and practical health and safety training technologies for workers and their supervisors, who are engaged in activities related to hazardous materials, hazardous waste generation, treatment, storage, disposal, removal, containment, transportation, or emergency response. To assist organizations in the development of institutional competency to provide appropriate training and education to hazardous waste workers.
",False,,,False,False,False,False,False,False,,False,-394.0,True,True,False,False,False,False,False,False,114666.66666666669,average_award,114666.66666666669,True,False,False,False,False,False,0.3,False,,False,False,False,False,False,False,False,True,False,False,False,1,False,False,,False,False,False,False,1,True,False,True,activity code R43,True,False,False,True,,2026-09-30,2026-08-18,NIEHS Worker Training Program’s SBIR E-Learning for HAZMAT and Emergency Response (R43/R44 Clinical Trial Not Allowed),forecast,ok,4.0,G4,G4.O4,"The grant funds technology-enhanced health and safety training for HAZMAT and emergency-response workers, which partially advances support for the public health preparedness workforce.","development of Technology-Enhanced Training Products for the health and safety training of hazardous materials (HAZMAT) workers; waste treatment personnel; skilled support personnel associated with an emergency/disaster; emergency responders in biological hazard response, infectious disease response, and medical waste cleanup; emergency responders in disasters; and worker resiliency training.",ineligible,encourages Small Business Innovation Research (SBIR) grant applications from small business concerns (SBCs),DPH,4.0,"DPH's public health preparedness, environmental health, and local health department role is adjacent to emergency-response training, but the state would not lead an SBIR award.","NCDHHS is not an eligible SBIR applicant, so the grant's value depends on finding a North Carolina small business partner rather than direct state funding.",False,"NCDHHS is not eligible for this SBIR small-business grant; it could only be relevant as a partner, not an application owner.",[],True,True,ineligible,deepseek/deepseek-v4-pro,92b0344f579a,True,0.0,0.0,0.85,0.0,0.0,0.0,confirmed_ineligible
128,1079c77e-80b2-4b29-8731-d11c9c9680d2,Limited Competition: Resources and Workforce Development for the Regional Biocontainment Laboratories,forecast,True,False,,1079c77e-80b2-4b29-8731-d11c9c9680d2,RFA-AI-28-013,forecasted,HHS-NIH11,discretionary,,2026-06-24,,,,False,12.0,36000000.0,,,,,93.855|Allergy and Infectious Diseases Research,cooperative_agreement,health,,public_and_state_institutions_of_higher_education;private_institutions_of_higher_education,Eligible ApplicantsUniversity of Alabama at BirminghamTulane UniversityUniversity of TennesseeGeorge Mason UniversityDuke UniversityRutgers UniversityTufts UniversityUniversity of PittsburghUniversity of ChicagoUniversity of MissouriUniversity of LouisvilleColorado State University,National Institutes of Health,Department of Health and Human Services,"NIAID RBL-NBL (Division of Microbiology and Infectious Diseases)
Please contact via email.",NIAIDRBL-NBL@mail.nih.gov,NIAIDRBL-NBL@mail.nih.gov,2027-07-02,2027-09-30,,2028-08-01,2028-08-01,2028.0,,,https://simpler.grants.gov/opportunity/1079c77e-80b2-4b29-8731-d11c9c9680d2,"<p>The National Institute of Allergy and Infectious Diseases (NIAID) seeks to advance its mission by&nbsp;providing critical resources, staff and facilities support for the Regional Biocontainment Laboratories (RBLs). The RBLs provide biosafety level 2 and 3 (BSL-2/3) biocontainment facilities for research on&nbsp;infectious diseases. They play a critical role in public health emergency response by facilitating key activities related to infectious disease outbreaks and biosafety/biosecurity concerns. Congress has denoted the RBLs a NIAID research priority. This program will provide multi-year funding for facility maintenance, operations and biocontainment-specific training for personnel to maintain a capable BSL-3 level workforce in the United States. This is a Forecast for a Limited Competition that will invite application(s) from eligible organization(s) to apply. Please see the Eligibility Section for additional information. In accordance with NIH standard peer-review processes, the application(s) will be peer-reviewed, and only meritorious application(s) will be considered for funding. Grant authorities that allow NIAID to forecast this opportunity are as follows: Sections 301 and 405 of the Public Health Service Act as amended (42 USC 241 and 284) and under Federal Regulations 42 CFR Part 52 and 2 CFR Part 200.</p>","The National Institute of Allergy and Infectious Diseases (NIAID) seeks to advance its mission by providing critical resources, staff and facilities support for the Regional Biocontainment Laboratories (RBLs). The RBLs provide biosafety level 2 and 3 (BSL-2/3) biocontainment facilities for research on infectious diseases. They play a critical role in public health emergency response by facilitating key activities related to infectious disease outbreaks and biosafety/biosecurity concerns. Congress has denoted the RBLs a NIAID research priority. This program will provide multi-year funding for facility maintenance, operations and biocontainment-specific training for personnel to maintain a capable BSL-3 level workforce in the United States. This is a Forecast for a Limited Competition that will invite application(s) from eligible organization(s) to apply. Please see the Eligibility Section for additional information. In accordance with NIH standard peer-review processes, the application(s) will be peer-reviewed, and only meritorious application(s) will be considered for funding. Grant authorities that allow NIAID to forecast this opportunity are as follows: Sections 301 and 405 of the Public Health Service Act as amended (42 USC 241 and 284) and under Federal Regulations 42 CFR Part 52 and 2 CFR Part 200.","Limited Competition: Resources and Workforce Development for the Regional Biocontainment Laboratories
The National Institute of Allergy and Infectious Diseases (NIAID) seeks to advance its mission by providing critical resources, staff and facilities support for the Regional Biocontainment Laboratories (RBLs). The RBLs provide biosafety level 2 and 3 (BSL-2/3) biocontainment facilities for research on infectious diseases. They play a critical role in public health emergency response by facilitating key activities related to infectious disease outbreaks and biosafety/biosecurity concerns. Congress has denoted the RBLs a NIAID research priority. This program will provide multi-year funding for facility maintenance, operations and biocontainment-specific training for personnel to maintain a capable BSL-3 level workforce in the United States. This is a Forecast for a Limited Competition that will invite application(s) from eligible organization(s) to apply. Please see the Eligibility Section for additional information. In accordance with NIH standard peer-review processes, the application(s) will be peer-reviewed, and only meritorious application(s) will be considered for funding. Grant authorities that allow NIAID to forecast this opportunity are as follows: Sections 301 and 405 of the Public Health Service Act as amended (42 USC 241 and 284) and under Federal Regulations 42 CFR Part 52 and 2 CFR Part 200.
Eligible ApplicantsUniversity of Alabama at BirminghamTulane UniversityUniversity of TennesseeGeorge Mason UniversityDuke UniversityRutgers UniversityTufts UniversityUniversity of PittsburghUniversity of ChicagoUniversity of MissouriUniversity of LouisvilleColorado State University",False,,,False,False,False,False,False,False,,False,275.0,False,False,False,False,False,False,False,False,3000000.0,average_award,3000000.0,True,False,True,False,False,False,7.39,False,,False,False,False,False,True,False,False,False,False,False,False,2,False,False,,False,False,False,False,1,True,False,True,NIH opportunity,True,False,False,False,,2026-09-30,2026-08-18,Limited Competition: Resources and Workforce Development for the Regional Biocontainment Laboratories,forecast,ok,3.0,G4,G4.O4,"The grant funds biocontainment workforce training, which is only tangentially related to NCDHHS's public health workforce objective and is directed at university laboratories rather than state or local health agencies.","facility maintenance, operations and biocontainment-specific training for personnel to maintain a capable BSL-3 level workforce in the United States",ineligible,public_and_state_institutions_of_higher_education,none,0.0,No NCDHHS division operates the named Regional Biocontainment Laboratories or is eligible under the listed applicant types.,"NCDHHS is not eligible to apply because the competition is limited to specific universities, so the agency could only participate indirectly, if at all.",False,"NCDHHS is not eligible and the grant supports university biocontainment labs, not a direct NCDHHS strategic objective.",[],True,True,ineligible,deepseek/deepseek-v4-pro,92b0344f579a,True,0.0,0.0,0.85,0.0,0.0,0.0,confirmed_ineligible
129,65230579-1858-444e-97ad-677f1168c9b4,Tribal Institutional Review Board Establishment and Enhancement (TIRBEE) (R24 - Clinical Trial Not Allowed),open,False,False,,65230579-1858-444e-97ad-677f1168c9b4,PAR-24-260,posted,HHS-NIH11,discretionary,,2024-08-12,2027-01-27,,2027-03-04,False,,,,,http://grants.nih.gov/grants/guide/pa-files/PAR-24-260.html,https://grants.nih.gov/grants/guide/pa-files/PAR-24-260.html,93.859|Biomedical Research and Research Training,grant,health,,federally_recognized_native_american_tribal_governments;other,"Other Eligible Applicants include the following:
 Indian/Native American Tribal Governments (Other than Federally Recognized); Non-domestic (non-U.S.) Entities (Foreign Organizations) are not eligible to apply.

Non-domestic (non-U.S.) components of U.S. Organizations are not eligible to apply.

Foreign components, as defined in the NIH Grants Policy Statement, are allowed.",National Institutes of Health,Department of Health and Human Services,"NIH Grants Information
grantsinfo@nih.gov",grantsinfo@nih.gov,See Section VII. Agency Contacts within the full opportunity announcement for all other inquires.,,,,,,,,,https://simpler.grants.gov/opportunity/65230579-1858-444e-97ad-677f1168c9b4,"The purpose of the Tribal Institutional Review Board Establishment and Enhancement (TIRBEE) award is to support federally recognized American Indian/Alaska Native (AI/AN) Tribes, Tribal colleges and universities, Tribal health programs, or Tribal organizations(collectively, eligible Tribal entities) to establish Institutional Review Boards (IRBs) or enhance the capacity of existing Tribal IRBs.","The purpose of the Tribal Institutional Review Board Establishment and Enhancement (TIRBEE) award is to support federally recognized American Indian/Alaska Native (AI/AN) Tribes, Tribal colleges and universities, Tribal health programs, or Tribal organizations(collectively, eligible Tribal entities) to establish Institutional Review Boards (IRBs) or enhance the capacity of existing Tribal IRBs.","Tribal Institutional Review Board Establishment and Enhancement (TIRBEE) (R24 - Clinical Trial Not Allowed)
The purpose of the Tribal Institutional Review Board Establishment and Enhancement (TIRBEE) award is to support federally recognized American Indian/Alaska Native (AI/AN) Tribes, Tribal colleges and universities, Tribal health programs, or Tribal organizations(collectively, eligible Tribal entities) to establish Institutional Review Boards (IRBs) or enhance the capacity of existing Tribal IRBs.
Other Eligible Applicants include the following:
 Indian/Native American Tribal Governments (Other than Federally Recognized); Non-domestic (non-U.S.) Entities (Foreign Organizations) are not eligible to apply.

Non-domestic (non-U.S.) components of U.S. Organizations are not eligible to apply.

Foreign components, as defined in the NIH Grants Policy Statement, are allowed.",False,2027-01-27,119.0,False,False,False,False,False,True,10.0,False,,False,False,False,False,False,False,False,False,,unknown,,False,True,False,False,False,True,5.0,False,,False,False,False,False,False,False,True,False,False,False,True,2,False,False,,False,False,False,False,1,True,False,True,activity code R24,True,False,False,False,,2026-09-30,2026-08-18,Tribal Institutional Review Board Establishment and Enhancement (TIRBEE) (R24 - Clinical Trial Not Allowed),open,ok,3.0,G1,G1.O4,"The grant builds research oversight capacity for Tribal entities, which is tangentially aligned with investing in partner capacity to improve health access for underserved populations, but it is not a named NCDHHS strategy.","to support federally recognized American Indian/Alaska Native (AI/AN) Tribes, Tribal colleges and universities, Tribal health programs, or Tribal organizations(collectively, eligible Tribal entities) to establish Institutional Review Boards (IRBs) or enhance the capacity of existing Tribal IRBs",ineligible,"federally recognized American Indian/Alaska Native (AI/AN) Tribes, Tribal colleges and universities, Tribal health programs, or Tribal organizations(collectively, eligible Tribal entities)",none,0.0,"NCDHHS has no division that establishes or enhances tribal IRBs, and the state agency is not among the eligible applicant types.","NCDHHS is not an eligible applicant, so the grant cannot be pursued regardless of programmatic fit.",False,"NCDHHS is not an eligible applicant; TIRBEE is limited to Tribal entities, so the agency cannot apply.","[""Eligibility is limited to federally recognized AI/AN Tribes, Tribal colleges and universities, Tribal health programs, or Tribal organizations.""]",True,True,ineligible,deepseek/deepseek-v4-pro,92b0344f579a,True,0.0,0.15,1.0,0.0,0.0,0.0,confirmed_ineligible
130,fef48e8c-9db6-4bf2-9f84-6efb9924ef99,Notice of Intent to Publish a Funding Opportunity Announcement for NIEHS Worker Training Program’s Hazardous Materials Worker Health and Safety Training (U45 – Clinical Trials Not Allowed),forecast,True,False,,fef48e8c-9db6-4bf2-9f84-6efb9924ef99,TEMP-31337,forecasted,HHS-NIH11,discretionary,,2025-05-28,,,,False,5.0,6000000.0,,,,,93.142|NIEHS Hazardous Waste Worker Health and Safety Training,cooperative_agreement,health,,other_native_american_tribal_organizations;public_and_state_institutions_of_higher_education;nonprofits_non_higher_education_with_501c3;private_institutions_of_higher_education;federally_recognized_native_american_tribal_governments,,National Institutes of Health,Department of Health and Human Services,"Sharon Beard
National Institute of Environmental Health Sciences (NIEHS)
984-287-3237",beard1@niehs.nih.gov,beard1@niehs.nih.gov,2025-10-16,2025-11-25,,2026-06-01,2026-06-01,2026.0,,,https://simpler.grants.gov/opportunity/fef48e8c-9db6-4bf2-9f84-6efb9924ef99,"<p>The National Institute of Environmental Health Sciences (<a href=""https://www.niehs.nih.gov/"" target=""_blank"" style=""color: rgb(31, 107, 178);"">NIEHS</a>) intends to publish a Notice of Funding Opportunity (NOFO) to solicit applications for the NIEHS Worker Training Program’s Hazardous Materials Worker Health and Safety Training Program (U45 Clinical Trials Not Allowed).</p>
<p><br></p>
<p>The&nbsp;<a href=""https://www.govinfo.gov/content/pkg/COMPS-894/pdf/COMPS-894.pdf"" target=""_blank"" style=""color: rgb(31, 107, 178);"">Superfund Amendments and Reauthorization Act of 1986 (SARA), Section126(g),&nbsp;</a>authorizes an assistance program for training and education of workers engaged in activities related to hazardous waste generation, removal, containment or emergency response and hazardous materials transportation and emergency response. The United States Congress assigned responsibility for administering this program to the NIEHS, an Institute of the National Institutes of Health (NIH) under the US Department of Health and Human Services (US DHHS).</p>
<p><br></p>
<p>This funding opportunity will utilize the U45 activity code to provide support for the development of health and safety training of workers exposed to hazardous materials. This consists of classroom, online, and practical health and safety training for workers and their supervisors, who are engaged in activities related to hazardous materials, hazardous waste generation, treatment, storage, disposal, removal, containment, transportation, or emergency response. This&nbsp;NOFO&nbsp;lists three distinct program areas: Hazardous Waste Worker&nbsp;Training Program (<a href=""https://www.niehs.nih.gov/careers/hazmat/training_program_areas/hwwt"" target=""_blank"" style=""color: rgb(31, 107, 178);"">HWWTP</a>), the Environmental Career Worker&nbsp;Training Program (<a href=""https://www.niehs.nih.gov/careers/hazmat/training_program_areas/ecwtp"" target=""_blank"" style=""color: rgb(31, 107, 178);"">ECWTP</a>), and the Hazmat Disaster Preparedness Training Program (<a href=""https://www.niehs.nih.gov/careers/hazmat/training_program_areas/hdpt"" target=""_blank"" style=""color: rgb(31, 107, 178);"">HDPTP</a>).&nbsp;The core program is the HWWTP and is required in order to add the other two optional programs. Investigators with expertise and insights into this area of occupational health and safety education and training are encouraged to begin to consider applying for this new NOFO. In addition, collaborative investigations combining expertise in industrial hygiene and environmental exposures will be encouraged and these investigators should also begin considering applying for this application.&nbsp;</p>","The National Institute of Environmental Health Sciences ( NIEHS ) intends to publish a Notice of Funding Opportunity (NOFO) to solicit applications for the NIEHS Worker Training Program’s Hazardous Materials Worker Health and Safety Training Program (U45 Clinical Trials Not Allowed).

 


 The  Superfund Amendments and Reauthorization Act of 1986 (SARA), Section126(g),  authorizes an assistance program for training and education of workers engaged in activities related to hazardous waste generation, removal, containment or emergency response and hazardous materials transportation and emergency response. The United States Congress assigned responsibility for administering this program to the NIEHS, an Institute of the National Institutes of Health (NIH) under the US Department of Health and Human Services (US DHHS).

 


 This funding opportunity will utilize the U45 activity code to provide support for the development of health and safety training of workers exposed to hazardous materials. This consists of classroom, online, and practical health and safety training for workers and their supervisors, who are engaged in activities related to hazardous materials, hazardous waste generation, treatment, storage, disposal, removal, containment, transportation, or emergency response. This NOFO lists three distinct program areas: Hazardous Waste Worker Training Program ( HWWTP ), the Environmental Career Worker Training Program ( ECWTP ), and the Hazmat Disaster Preparedness Training Program ( HDPTP ). The core program is the HWWTP and is required in order to add the other two optional programs. Investigators with expertise and insights into this area of occupational health and safety education and training are encouraged to begin to consider applying for this new NOFO. In addition, collaborative investigations combining expertise in industrial hygiene and environmental exposures will be encouraged and these investigators should also begin considering applying for this application.","Notice of Intent to Publish a Funding Opportunity Announcement for NIEHS Worker Training Program’s Hazardous Materials Worker Health and Safety Training (U45 – Clinical Trials Not Allowed)
The National Institute of Environmental Health Sciences ( NIEHS ) intends to publish a Notice of Funding Opportunity (NOFO) to solicit applications for the NIEHS Worker Training Program’s Hazardous Materials Worker Health and Safety Training Program (U45 Clinical Trials Not Allowed).

 


 The  Superfund Amendments and Reauthorization Act of 1986 (SARA), Section126(g),  authorizes an assistance program for training and education of workers engaged in activities related to hazardous waste generation, removal, containment or emergency response and hazardous materials transportation and emergency response. The United States Congress assigned responsibility for administering this program to the NIEHS, an Institute of the National Institutes of Health (NIH) under the US Department of Health and Human Services (US DHHS).

 


 This funding opportunity will utilize the U45 activity code to provide support for the development of health and safety training of workers exposed to hazardous materials. This consists of classroom, online, and practical health and safety training for workers and their supervisors, who are engaged in activities related to hazardous materials, hazardous waste generation, treatment, storage, disposal, removal, containment, transportation, or emergency response. This NOFO lists three distinct program areas: Hazardous Waste Worker Training Program ( HWWTP ), the Environmental Career Worker Training Program ( ECWTP ), and the Hazmat Disaster Preparedness Training Program ( HDPTP ). The core program is the HWWTP and is required in order to add the other two optional programs. Investigators with expertise and insights into this area of occupational health and safety education and training are encouraged to begin to consider applying for this new NOFO. In addition, collaborative investigations combining expertise in industrial hygiene and environmental exposures will be encouraged and these investigators should also begin considering applying for this application.
",False,,,False,False,False,False,False,False,,False,-349.0,True,True,False,False,False,False,False,False,1200000.0,average_award,1200000.0,True,False,True,False,False,False,5.4,False,,False,False,False,False,True,True,True,False,False,False,False,5,False,False,,False,False,False,False,1,True,False,True,NIH opportunity,True,False,False,True,,2026-09-30,2026-08-18,Notice of Intent to Publish a Funding Opportunity Announcement for NIEHS Worker Training Program’s Hazardous Materials Worker Health and Safety Training (U45 – Clinical Trials Not Allowed),forecast,ok,1.0,none,none,"The grant funds health and safety training for hazardous materials workers, an occupational health activity that does not directly advance any named NCDHHS strategic objective.",This funding opportunity will utilize the U45 activity code to provide support for the development of health and safety training of workers exposed to hazardous materials.,ineligible,"other_native_american_tribal_organizations, public_and_state_institutions_of_higher_education, nonprofits_non_higher_education_with_501c3, private_institutions_of_higher_education, federally_recognized_native_american_tribal_governments",DPH,3.0,"DPH has environmental health and public health preparedness functions, but the program trains non-public-health hazardous materials workers and NCDHHS is not an eligible lead applicant.","NCDHHS is not among the eligible applicant types and the funded worker training sits outside the Department's named strategic objectives, so implementation would require an external partner with limited strategic return.",False,"Trains hazardous materials workers; NCDHHS is not an eligible applicant and the activity does not map to a named DHHS strategic objective, so this is not a fit.","[""Eligible applicant types are limited to listed non-state entities; NCDHHS is not included and would need an eligible partner."", ""The core Hazardous Waste Worker Training Program (HWWTP) is required in order to add the other two optional programs.""]",True,True,ineligible,deepseek/deepseek-v4-pro,92b0344f579a,True,0.0,0.0,0.85,0.0,0.0,0.0,confirmed_ineligible
