rank,grant_id,opportunity_title,track,is_forecast,hard_filtered,hard_filter_reason,opportunity_id,opportunity_number,opportunity_status,agency_code,category,category_explanation,post_date,close_date,close_date_description,archive_date,is_cost_sharing,expected_number_of_awards,estimated_total_program_funding,award_floor,award_ceiling,additional_info_url,additional_info_url_description,opportunity_assistance_listings,funding_instruments,funding_categories,funding_category_description,applicant_types,applicant_eligibility_description,agency_name,top_level_agency_name,agency_contact_description,agency_email_address,agency_email_address_description,forecasted_post_date,forecasted_close_date,forecasted_close_date_description,forecasted_award_date,forecasted_project_start_date,fiscal_year,created_at,updated_at,url,summary_description,summary_text,grant_text,close_date_placeholder,close_date_real,days_until_close,missing_deadline,expired,deadline_under_7_days,deadline_under_14_days,deadline_under_30_days,deadline_comfortable,deadline_score,forecast_missing_post_date,days_until_forecast_post,forecast_post_passed,forecast_close_passed,forecast_check_now,archive_date_passed,rolling_deadline,rolling_funds_limited,funding_zero_placeholder,funding_sentinel_placeholder,average_possible_award,financial_basis,award_value_usd,funding_known,missing_award_amount,large_award,few_awards,award_floor_gt_ceiling,financial_value_imputed,financial_value_score,cost_share_text_mention,cost_share_percent,requires_cost_share,cost_share_conflict,state_government_listed,local_government_listed,universities_listed,nonprofits_listed,tribal_listed,for_profit_listed,individuals_listed,unrestricted_listed,other_listed,n_applicant_types,applicant_types_blank,broad_eligibility,unknown_applicant_slugs,text_mentions_state_agency,text_individuals_only,text_higher_ed_only,text_tribal_only,n_assistance_listings,aln_is_hhs,administrative_notice,research_mechanism,research_mechanism_reason,federal_agency_is_hhs,missing_description,description_too_short,missing_eligibility_description,possible_duplicate_of,as_of_date,data_pulled_date,opportunity_title_layer3,track_layer3,status,strategic_alignment,matched_goal,matched_objective,strategic_reason,strategic_evidence_quote,applicant_role,eligibility_evidence_quote,owning_division,operational_fit,operational_reason,major_risk,recommended_for_review,one_line_rationale,restrictions,strategic_quote_verified,eligibility_quote_verified,applicant_role_verified,model,prompt_version,from_cache,eligibility_confidence_score,deadline_weight_used,weight_used,missing_deadline_penalty,strategic_evidence_penalty,final_score,score_status
1,1d55627c-531e-4a60-95e0-719b256179bf,HIV Care Grant Program - Part B States/Territories Formula and AIDS Drug Assistance Program Formula and AIDS Drug Assistance Program Supplemental Awards,forecast,True,False,,1d55627c-531e-4a60-95e0-719b256179bf,HRSA-27-063,forecasted,HHS-HRSA,discretionary,,2026-07-13,,,2026-11-29,False,54.0,1339700000.0,0.0,,,,93.917|HIV Care Formula Grants,grant,health,,state_governments;other;special_district_governments,"You can apply if:The 50 states, the District of Columbia, Guam, the Commonwealth of Puerto Rico, and the U.S. Virgin Islands are eligible to apply for Ryan White HIV/AIDS Program Part B Base, AIDS Drug Assistance Program Base, and Minority AIDS Initiative funding.The Northern Mariana Islands, American Samoa, the Federated States of Micronesia, the Republic of the Marshall Islands and the Republic of Palau are eligible to apply for Ryan White HIV/AIDS Program Base, AIDS Drug Assistance Program Base and Minority AIDS Initiative funding under Notice of Funding Opportunity HRSA-27-064.",Health Resources and Services Administration,Department of Health and Human Services,"Erin Nortrup
301-945-3972",ENortrup@hrsa.gov,ENortrup@hrsa.gov,2026-08-31,2026-10-30,"Electronically submitted applications must be submitted no later than 11:59 p.m., ET, on the listed application due date.",2027-04-01,2027-04-01,2027.0,,,https://simpler.grants.gov/opportunity/1d55627c-531e-4a60-95e0-719b256179bf,<p>The purpose of this program is to provide funding to states and territories to develop and/or enhance access to a comprehensive system of high-quality HIV care and treatment for low-income people with HIV.</p>,The purpose of this program is to provide funding to states and territories to develop and/or enhance access to a comprehensive system of high-quality HIV care and treatment for low-income people with HIV.,"HIV Care Grant Program - Part B States/Territories Formula and AIDS Drug Assistance Program Formula and AIDS Drug Assistance Program Supplemental Awards
The purpose of this program is to provide funding to states and territories to develop and/or enhance access to a comprehensive system of high-quality HIV care and treatment for low-income people with HIV.
You can apply if:The 50 states, the District of Columbia, Guam, the Commonwealth of Puerto Rico, and the U.S. Virgin Islands are eligible to apply for Ryan White HIV/AIDS Program Part B Base, AIDS Drug Assistance Program Base, and Minority AIDS Initiative funding.The Northern Mariana Islands, American Samoa, the Federated States of Micronesia, the Republic of the Marshall Islands and the Republic of Palau are eligible to apply for Ryan White HIV/AIDS Program Base, AIDS Drug Assistance Program Base and Minority AIDS Initiative funding under Notice of Funding Opportunity HRSA-27-064.",False,,,False,False,False,False,False,False,,False,-30.0,True,False,True,False,False,False,True,False,24809259.259259257,average_award,24809259.259259257,True,False,True,False,False,False,10.0,False,,False,False,True,True,False,False,False,False,False,False,True,3,False,False,,False,False,False,False,1,True,False,False,,True,False,False,False,,2026-09-30,2026-08-18,HIV Care Grant Program - Part B States/Territories Formula and AIDS Drug Assistance Program Formula and AIDS Drug Assistance Program Supplemental Awards,forecast,ok,9,G1,G1.O1,Funding a comprehensive HIV care and treatment system for low-income people with HIV directly advances G1.O1's aim to increase health access and reduce disparities for populations facing greater health challenges.,The purpose of this program is to provide funding to states and territories to develop and/or enhance access to a comprehensive system of high-quality HIV care and treatment for low-income people with HIV.,lead,"The 50 states, the District of Columbia, Guam, the Commonwealth of Puerto Rico, and the U.S. Virgin Islands are eligible to apply for Ryan White HIV/AIDS Program Part B Base, AIDS Drug Assistance Program Base, and Minority AIDS Initiative funding.",DPH,10,"DPH's disease prevention and surveillance, epidemiology, and population health responsibilities align directly with operating a statewide HIV care and treatment system for low-income people with HIV.","As a formula award, this may be an expected annual allocation rather than new discretionary funding, so the main burden is compliance and the amount is largely predetermined.",True,Core DPH work: Ryan White HIV care and AIDS Drug Assistance Program funding advances G1 health access for low-income North Carolinians with HIV.,[],True,True,lead,deepseek/deepseek-v4-pro,92b0344f579a,True,10.0,0.0,0.85,0.0,0.0,96.47,forecast_watchlist
2,f68cf378-43e2-49b9-a252-a7009c6b81cf,"Maternal, Infant, and Early Childhood Home Visiting Program (MIECHV)",forecast,True,False,,f68cf378-43e2-49b9-a252-a7009c6b81cf,HRSA-27-022,forecasted,HHS-HRSA,mandatory,,2026-08-10,,,2028-09-01,True,56.0,650400000.0,11614286.0,11614286.0,,,"93.870|Maternal, Infant and Early Childhood Home Visiting Grant",grant,health,,nonprofits_non_higher_education_with_501c3;other;state_governments,"All 50 states and 6 jurisdictions serving the District of Columbia, Puerto Rico, Guam, the U.S. Virgin Islands, the Commonwealth of the Northern Mariana Islands, and American Samoa. Nonprofit organizations currently funded are eligible to apply if the state/jurisdiction does not apply.",Health Resources and Services Administration,Department of Health and Human Services,"MIECHV Program
301-443-2170",HomeVisiting@hrsa.gov,HomeVisiting@hrsa.gov,2026-12-18,2027-03-18,"Electronically submitted applications must be submitted no later than 11:59 p.m., ET, on the listed application due date.",2027-08-31,2027-09-30,2027.0,,,https://simpler.grants.gov/opportunity/f68cf378-43e2-49b9-a252-a7009c6b81cf,"<p>The purpose of the Maternal, Infant, and Early Childhood Home Visiting (MIECHV) Program is to improve maternal and child health, early childhood development, and family well-being by providing pregnant&nbsp;women and families with young children&nbsp;voluntary, evidence-based home visiting services. &nbsp;</p>","The purpose of the Maternal, Infant, and Early Childhood Home Visiting (MIECHV) Program is to improve maternal and child health, early childhood development, and family well-being by providing pregnant women and families with young children voluntary, evidence-based home visiting services.","Maternal, Infant, and Early Childhood Home Visiting Program (MIECHV)
The purpose of the Maternal, Infant, and Early Childhood Home Visiting (MIECHV) Program is to improve maternal and child health, early childhood development, and family well-being by providing pregnant women and families with young children voluntary, evidence-based home visiting services.
All 50 states and 6 jurisdictions serving the District of Columbia, Puerto Rico, Guam, the U.S. Virgin Islands, the Commonwealth of the Northern Mariana Islands, and American Samoa. Nonprofit organizations currently funded are eligible to apply if the state/jurisdiction does not apply.",False,,,False,False,False,False,False,False,,False,79.0,False,False,False,False,False,False,False,False,11614285.714285716,award_ceiling,11614286.0,True,False,True,False,False,False,10.0,False,,True,False,True,False,False,True,False,False,False,False,True,3,False,False,,False,False,False,False,1,True,False,False,,True,False,False,False,,2026-09-30,2026-08-18,"Maternal, Infant, and Early Childhood Home Visiting Program (MIECHV)",forecast,ok,9,G2,G2.O4,"MIECHV home visiting directly advances G2.O4 by delivering voluntary, evidence-based services to pregnant women and families with young children to improve maternal and child health and birth outcomes.","improve maternal and child health, early childhood development, and family well-being by providing pregnant women and families with young children voluntary, evidence-based home visiting services.",lead,"All 50 states and 6 jurisdictions serving the District of Columbia, Puerto Rico, Guam, the U.S. Virgin Islands, the Commonwealth of the Northern Mariana Islands, and American Samoa.",DCFW,10,"DCFW's existing portfolio explicitly includes home visiting and early intervention, so administering this grant is an extension of current division work.","The eligibility structure allows currently funded nonprofit organizations to apply if the state does not, so NCDHHS could lose state leadership or face incumbent competition.",True,"MIECHV directly funds home visiting that improves maternal and child health and birth outcomes; NCDHHS's Child and Family Well-Being division already runs home visiting, making this a strong fit.",[],True,True,lead,deepseek/deepseek-v4-pro,92b0344f579a,True,10.0,0.0,0.85,0.0,0.0,96.47,forecast_watchlist
3,441d2761-0d9c-42ae-a3da-905ce4ed0ca4,Strengthening Services to Prevent the Infectious Disease Consequences of Drug Use,forecast,True,False,,441d2761-0d9c-42ae-a3da-905ce4ed0ca4,CDC-RFA-PS-27-0239,forecasted,HHS-CDC-NCHHSTP,discretionary,,2026-07-24,,,2027-06-23,False,2.0,82500000.0,0.0,,,,93.488|National Harm Reduction Technical Assistance and Syringe Services Program (SSP) Monitoring and Evaluation Funding Opportunity,cooperative_agreement,health,,for_profit_organizations_other_than_small_businesses;nonprofits_non_higher_education_with_501c3;city_or_township_governments;federally_recognized_native_american_tribal_governments;public_and_state_institutions_of_higher_education;nonprofits_non_higher_education_without_501c3;independent_school_districts;unrestricted;public_and_indian_housing_authorities;other_native_american_tribal_organizations;special_district_governments;county_governments;small_businesses;state_governments;private_institutions_of_higher_education,,Centers for Disease Control - NCHHSTP,Department of Health and Human Services,"Monica Adams
404-718-5092",ydy7@cdc.gov,ydy7@cdc.gov,2027-03-24,2027-05-24,Electronically submitted applications must be submitted no later than 11:59 pm ET on the listed application due date.,2027-08-30,2027-09-30,2027.0,,,https://simpler.grants.gov/opportunity/441d2761-0d9c-42ae-a3da-905ce4ed0ca4,"<p>This NOFO aims to strengthen services to prevent the infectious disease consequences of drug use in high impact settings serving people who use drugs (PWUD) through two components. Component 1 will improve service data by conducting a biennial survey of high-impact settings that serve PWUD to document capacity, needs, access, and service gaps. It will also improve timely local data on infectious disease consequences of drug use and the use of infectious disease testing, treatment, and prevention services at high-impact settings through a biennial biobehavioral survey of PWUD. Component 2 will increase support the availability and use of infectious disease testing, treatment and prevention services in high-impact settings serving PWUD. Applicants may apply for Component 1, Component 2, or both. Expected outcomes include enhanced capacity nationally and locally to use data to improve infectious disease testing, treatment and prevention services among PWUD, increased PWUD testing for HBV, HCV, and HIV, increased PWUD with hepatitis C who initiated treatment, and increased PWUD with HIV who engaged in care and treatment. This NOFO is in alignment with CDC priorities.&nbsp;</p>","This NOFO aims to strengthen services to prevent the infectious disease consequences of drug use in high impact settings serving people who use drugs (PWUD) through two components. Component 1 will improve service data by conducting a biennial survey of high-impact settings that serve PWUD to document capacity, needs, access, and service gaps. It will also improve timely local data on infectious disease consequences of drug use and the use of infectious disease testing, treatment, and prevention services at high-impact settings through a biennial biobehavioral survey of PWUD. Component 2 will increase support the availability and use of infectious disease testing, treatment and prevention services in high-impact settings serving PWUD. Applicants may apply for Component 1, Component 2, or both. Expected outcomes include enhanced capacity nationally and locally to use data to improve infectious disease testing, treatment and prevention services among PWUD, increased PWUD testing for HBV, HCV, and HIV, increased PWUD with hepatitis C who initiated treatment, and increased PWUD with HIV who engaged in care and treatment. This NOFO is in alignment with CDC priorities.","Strengthening Services to Prevent the Infectious Disease Consequences of Drug Use
This NOFO aims to strengthen services to prevent the infectious disease consequences of drug use in high impact settings serving people who use drugs (PWUD) through two components. Component 1 will improve service data by conducting a biennial survey of high-impact settings that serve PWUD to document capacity, needs, access, and service gaps. It will also improve timely local data on infectious disease consequences of drug use and the use of infectious disease testing, treatment, and prevention services at high-impact settings through a biennial biobehavioral survey of PWUD. Component 2 will increase support the availability and use of infectious disease testing, treatment and prevention services in high-impact settings serving PWUD. Applicants may apply for Component 1, Component 2, or both. Expected outcomes include enhanced capacity nationally and locally to use data to improve infectious disease testing, treatment and prevention services among PWUD, increased PWUD testing for HBV, HCV, and HIV, increased PWUD with hepatitis C who initiated treatment, and increased PWUD with HIV who engaged in care and treatment. This NOFO is in alignment with CDC priorities.
",False,,,False,False,False,False,False,False,,False,175.0,False,False,False,False,False,False,True,False,41250000.0,average_award,41250000.0,True,False,True,True,False,False,10.0,False,,False,False,True,True,True,True,True,True,False,True,False,15,False,True,,False,False,False,False,1,True,False,False,,True,False,False,True,,2026-09-30,2026-08-18,Strengthening Services to Prevent the Infectious Disease Consequences of Drug Use,forecast,ok,9,G3,G3.O4,"The grant directly funds infectious disease testing, treatment, prevention, and data improvements for people who use drugs, which advances harm reduction and the substance use crisis response under G3.O4.",strengthen services to prevent the infectious disease consequences of drug use in high impact settings serving people who use drugs (PWUD),lead,state_governments,DPH,9,"DPH already leads communicable disease prevention, HIV/HCV surveillance, and harm reduction-related public health work, so this grant is an extension of its existing infectious disease prevention role.","The biennial biobehavioral survey of people who use drugs requires specialized field data collection, privacy safeguards, and community partnerships that may exceed routine public health surveillance capacity.",True,"Directly funds infectious disease testing and harm reduction for people who use drugs, fitting DPH disease prevention and G3.O4 substance use crisis priorities.",[],True,True,lead,deepseek/deepseek-v4-pro,92b0344f579a,True,10.0,0.0,0.85,0.0,0.0,93.53,forecast_watchlist
4,8d272419-96d1-4898-9706-0d86a1e63c03,Preschool Development Grant Birth Through Five (PDG B-5) SMART Grant,forecast,True,False,,8d272419-96d1-4898-9706-0d86a1e63c03,HHS-2026-ACF-ECD-TP-0039,forecasted,HHS-ACF,discretionary,,2026-07-02,,,2026-12-17,True,25.0,224000000.0,500000.0,15000000.0,,,93.434|Every Student Succeeds Act/Preschool Development Grants,grant,income_security_and_social_services,,other;state_governments,Specific states and territories are eligible and will be identified in the NOFO.    Applications from individuals (including sole proprietorships) and foreign entities are not eligible and will be disqualified from the merit review and funding under this funding opportunity.,Administration for Children and Families,Department of Health and Human Services,"Richard Gonzales
202-401-5138",Richard.Gonzales@acf.hhs.gov,Richard.Gonzales@acf.hhs.gov,2026-09-17,2026-11-17,Electronically submitted applications must be submitted no later than 11:59 pm Eastern Standard Time on the listed application due date.,2026-12-22,2026-12-31,2026.0,,,https://simpler.grants.gov/opportunity/8d272419-96d1-4898-9706-0d86a1e63c03,"<p style=""margin-left:0px;"">The U.S. Department of Health and Human Services (HHS), Administration for Children and Families (ACF), seeks applications for the Preschool Development Grant Birth through Five (PDG B-5) SMART Grant: Strategic Measurement, Analytics, and Results using&nbsp;Technology.&nbsp; &nbsp;</p><p style=""margin-left:0px;"">This funding opportunity will support states and territories to make targeted, one-year investments in statewide early care and education (ECE) technology and analytic data infrastructure that advance PDG B-5 purposes, including strengthening coordination across the mixed-delivery system, improving program quality and access, supporting informed family choice, and using data to better understand and address the needs of children from birth through age five. &nbsp;Applicants will propose a focused, feasible investment that strengthens the state's ability to generate actionable information for decision-making and produces a measurable result by the end of the project period.&nbsp;</p>","The U.S. Department of Health and Human Services (HHS), Administration for Children and Families (ACF), seeks applications for the Preschool Development Grant Birth through Five (PDG B-5) SMART Grant: Strategic Measurement, Analytics, and Results using Technology.   
 This funding opportunity will support states and territories to make targeted, one-year investments in statewide early care and education (ECE) technology and analytic data infrastructure that advance PDG B-5 purposes, including strengthening coordination across the mixed-delivery system, improving program quality and access, supporting informed family choice, and using data to better understand and address the needs of children from birth through age five.  Applicants will propose a focused, feasible investment that strengthens the state's ability to generate actionable information for decision-making and produces a measurable result by the end of the project period.","Preschool Development Grant Birth Through Five (PDG B-5) SMART Grant
The U.S. Department of Health and Human Services (HHS), Administration for Children and Families (ACF), seeks applications for the Preschool Development Grant Birth through Five (PDG B-5) SMART Grant: Strategic Measurement, Analytics, and Results using Technology.   
 This funding opportunity will support states and territories to make targeted, one-year investments in statewide early care and education (ECE) technology and analytic data infrastructure that advance PDG B-5 purposes, including strengthening coordination across the mixed-delivery system, improving program quality and access, supporting informed family choice, and using data to better understand and address the needs of children from birth through age five.  Applicants will propose a focused, feasible investment that strengthens the state's ability to generate actionable information for decision-making and produces a measurable result by the end of the project period.
Specific states and territories are eligible and will be identified in the NOFO.    Applications from individuals (including sole proprietorships) and foreign entities are not eligible and will be disqualified from the merit review and funding under this funding opportunity.",False,,,False,False,False,False,False,False,,False,-13.0,True,False,True,False,False,False,False,False,8960000.0,award_ceiling,15000000.0,True,False,True,False,False,False,10.0,False,,True,False,True,False,False,False,False,False,False,False,True,2,False,False,,False,False,False,False,1,True,False,False,,True,False,False,False,,2026-09-30,2026-08-18,Preschool Development Grant Birth Through Five (PDG B-5) SMART Grant,forecast,ok,9,G5,G5.O1,"The grant funds statewide early care and education technology and analytic data infrastructure, which is a direct investment in the data infrastructure and data-driven decision-making called for in G5.O1.",statewide early care and education (ECE) technology and analytic data infrastructure,lead,Specific states and territories are eligible,DCDEE,9,"DCDEE already manages North Carolina's early childhood programs and data, so this technology and analytics grant is a natural extension of its existing authority and partners.","The one-year, targeted nature may fund only a short-term build and not cover ongoing maintenance or broader statewide scale-up.",True,"One-year federal grant would fund early childhood data and technology infrastructure, directly supporting G5.O1 and fitting DCDEE's early learning data role.","[""One-year project period"", ""Must produce a measurable result by the end of the project period"", ""Eligibility limited to specific states and territories identified in the NOFO""]",True,True,lead,deepseek/deepseek-v4-pro,92b0344f579a,True,10.0,0.0,0.85,0.0,0.0,93.53,forecast_watchlist
5,4911b8da-abec-4651-b3f1-3be87df6879b,National HIV Behavioral Surveillance,forecast,True,False,,4911b8da-abec-4651-b3f1-3be87df6879b,CDC-RFA-PS-27-0001,forecasted,HHS-CDC-NCHHSTP,discretionary,,2026-04-16,,,2026-10-01,False,20.0,73956220.0,0.0,,,,93.940|HIV Prevention and Surveillance Activities-Health Department Based,cooperative_agreement,health,,city_or_township_governments;state_governments;other;special_district_governments;county_governments,"Only these types of organizations may apply.•    State governments.•    County governments.•    City or township governments.•    District of Columbia government •    Territorial governments or their bona fide agents in the Commonwealth of Puerto Rico, the Virgin Islands, the Commonwealth of the Northern Marianna Islands, American Samoa, Guam, the Federated States of Micronesia, the Republic of the Marshall Islands, and the Republic of Palau•    Bona fide agents applying on behalf of state, territorial, and local government organizations.Governmental organizations must have the public health authority and/or legislative mandate to conduct HIV surveillance activities, which include gathering information on demographic characteristics, transmission category (mode of exposure), and all test results indicative of HIV infection. You must also have the experience, capacity, expertise, and resources to complete the comprehensive activities for this HIV behavioral surveillance program.",Centers for Disease Control - NCHHSTP,Department of Health and Human Services,"Kathryn Lee
404-639-6110",nhbs@cdc.gov,nhbs@cdc.gov,2026-07-03,2026-09-01,Electronically submitted applications must be submitted no later than 11:59 pm ET on the listed application due date.,2026-12-15,2027-01-01,2027.0,,,https://simpler.grants.gov/opportunity/4911b8da-abec-4651-b3f1-3be87df6879b,"<p>The purpose of this NOFO is to support ongoing bio-behavioral surveillance among populations disproportionately affected by HIV. Data will be collected on behavioral risk factors for HIV (e.g., sexual behaviors, drug use), HIV testing behaviors, use of prevention strategies (e.g., condoms, PrEP) and receipt of prevention services. All NHBS participants will be offered an HIV test and linked to appropriate prevention or care services based on test results. Findings from NHBS are used to evaluate and guide local and national HIV prevention programs by assessing exposure to and use of prevention strategies over time and by identifying gaps in provision of or access to HIV prevention services. The prevalence and trends of behavioral risk factors for HIV can be used to inform tailored testing, response, treatment, and other prevention efforts.</p>","The purpose of this NOFO is to support ongoing bio-behavioral surveillance among populations disproportionately affected by HIV. Data will be collected on behavioral risk factors for HIV (e.g., sexual behaviors, drug use), HIV testing behaviors, use of prevention strategies (e.g., condoms, PrEP) and receipt of prevention services. All NHBS participants will be offered an HIV test and linked to appropriate prevention or care services based on test results. Findings from NHBS are used to evaluate and guide local and national HIV prevention programs by assessing exposure to and use of prevention strategies over time and by identifying gaps in provision of or access to HIV prevention services. The prevalence and trends of behavioral risk factors for HIV can be used to inform tailored testing, response, treatment, and other prevention efforts.","National HIV Behavioral Surveillance
The purpose of this NOFO is to support ongoing bio-behavioral surveillance among populations disproportionately affected by HIV. Data will be collected on behavioral risk factors for HIV (e.g., sexual behaviors, drug use), HIV testing behaviors, use of prevention strategies (e.g., condoms, PrEP) and receipt of prevention services. All NHBS participants will be offered an HIV test and linked to appropriate prevention or care services based on test results. Findings from NHBS are used to evaluate and guide local and national HIV prevention programs by assessing exposure to and use of prevention strategies over time and by identifying gaps in provision of or access to HIV prevention services. The prevalence and trends of behavioral risk factors for HIV can be used to inform tailored testing, response, treatment, and other prevention efforts.
Only these types of organizations may apply.•    State governments.•    County governments.•    City or township governments.•    District of Columbia government •    Territorial governments or their bona fide agents in the Commonwealth of Puerto Rico, the Virgin Islands, the Commonwealth of the Northern Marianna Islands, American Samoa, Guam, the Federated States of Micronesia, the Republic of the Marshall Islands, and the Republic of Palau•    Bona fide agents applying on behalf of state, territorial, and local government organizations.Governmental organizations must have the public health authority and/or legislative mandate to conduct HIV surveillance activities, which include gathering information on demographic characteristics, transmission category (mode of exposure), and all test results indicative of HIV infection. You must also have the experience, capacity, expertise, and resources to complete the comprehensive activities for this HIV behavioral surveillance program.",False,,,False,False,False,False,False,False,,False,-89.0,True,True,False,False,False,False,True,False,3697811.0,average_award,3697811.0,True,False,True,False,False,False,7.84,False,,False,False,True,True,False,False,False,False,False,False,True,5,False,False,,True,False,False,False,1,True,False,False,,True,False,False,False,,2026-09-30,2026-08-18,National HIV Behavioral Surveillance,forecast,ok,9,G1,G1.O2,"The grant funds HIV behavioral surveillance data to track disparities and identify gaps in prevention access among disproportionately affected populations, which directly supports data-driven health equity tracking.",The purpose of this NOFO is to support ongoing bio-behavioral surveillance among populations disproportionately affected by HIV.,lead,State governments.,DPH,10,"DPH already conducts communicable disease surveillance, HIV prevention epidemiology, and works with local health departments, so this is an extension of existing public health surveillance work.","The program requires sustained field recruitment of hard-to-reach populations and delivery of HIV testing and linkage services, which may be operationally heavier than a typical data-only surveillance grant.",True,"Funds HIV behavioral surveillance to track disparities and guide prevention, directly fitting DPH's existing disease surveillance and epidemiology role.","[""All NHBS participants will be offered an HIV test and linked to appropriate prevention or care services based on test results.""]",True,True,lead,deepseek/deepseek-v4-pro,92b0344f579a,True,10.0,0.0,0.85,0.0,0.0,92.66,forecast_watchlist
6,0ff3ace3-70fb-4ef7-b6ba-b93a899a2707,Controlling and Preventing STIs in US Health Departments (CAP-STIs),forecast,True,False,,0ff3ace3-70fb-4ef7-b6ba-b93a899a2707,CDC-RFA-PS-27-0008,forecasted,HHS-CDC-NCHHSTP,discretionary,,2026-05-11,,,2026-11-30,False,59.0,500000000.0,0.0,,,,93.977|Sexually Transmitted Diseases (STD) Prevention and Control Grants,cooperative_agreement,health,,city_or_township_governments;other;state_governments;county_governments;special_district_governments,"All fifty (50) states, the District of Columbia, the US Virgin Islands and Puerto Rico are eligible to apply. To ensure implementation of STI control and prevention nationwide, CDC intends to fund all fifty states, the District of Columbia, the US Virgin Islands and Puerto Rico, non-competitively, according to a funding formula based on the respective jurisdiction""s population & morbidity of three reportable STIs (chlamydia, gonorrhea and primary & secondary syphilis).Section 318(c) of the Public Health Services Act, 42 USC 247c(c), provides that the Secretary of HHS may provide funding to ""States and, in consultation with the State health authority, to political subdivisions of States..."" to conduct STI prevention & control projects. This language allows CDC to fund cities in addition to their respective states.  Under the previous STI prevention & control funding opportunity PS19-1901 (& prior to that, PS14-1402), CDC funded the following cities based upon population, STI morbidity & organizational capacity: New York City, Philadelphia, Baltimore, Chicago, Los Angeles & San Francisco.To maximize the efficiency of program delivery, CDC may again fund a limited number of cities under this award. Funding for cities will be awarded competitively, based on the same criteria shown above for the state formula: population, STI morbidity, as well as organizational capacity. Directly funded cities must have a demonstrated capacity to report chlamydia, gonorrhea and syphilis surveillance data to CDC; an agreement with their parent state to apply separately for NOFO funding & to coordinate/collaborate appropriately following any funding; & data showing that the surrounding metropolitan statistical area (MSA) reported 2024 data showing:> or = to 500 cases of syphilis aged 15-44 reported in 2024 > or = 7500 cases of gonorrhea aged 15-44 reported in 2024 > or = to 15,000 cases of chlamydia aged 15-44 reported in 2024 > or = to 4 million residents estimated in 2024 Cities that apply for funding must submit their 2024 surveillance summary demonstrating the number of required cases & residents, a joint statement of collaboration/coordination with their respective state, or a letter indicating the city has notified the state of its application for funding of this award. In the event that cities do not compete successfully for the funding, all funds will be provided to the state, which will be responsible for distributing funds to its constituent cities as appropriate.",Centers for Disease Control - NCHHSTP,Department of Health and Human Services,"Mary McFarland
404.639.8309",xzm3@cdc.gov,You may also contact: Luke Shouse at zxz3@cdc.gov. (404) 639-4678,2026-09-01,2026-10-31,Electronically submitted applications must be submitted no later than 11:59 pm ET on the listed application due date.,2027-02-01,2027-03-01,2027.0,,,https://simpler.grants.gov/opportunity/0ff3ace3-70fb-4ef7-b6ba-b93a899a2707,"<p>CDC is funding programs that track, prevent, and control sexually transmitted infections (STI) in state, district, territorial, and city or county health departments.</p><p>The purpose of this NOFO is to track, prevent, and control three common STIs: syphilis, gonorrhea, and chlamydia.</p><p>The NOFO supports the goals of the Sexually Transmitted Infections National Strategic Plan 2021-2025:</p><ul style=""list-style-type:circle;""><li data-list-item-id=""e79cf983ba39763c23eda8aed158102f8"">Prevent new STIs.</li><li data-list-item-id=""e437a644cc861328b27303eb97c3183d7"">Improve the health of people by reducing adverse outcomes of STIs.</li><li data-list-item-id=""eafa674f30590fa4a2b36407909366a38"">Implement STI prevention technology and innovations more quickly.</li><li data-list-item-id=""ed171c07ec21ab10e660bc91b6d331024"">Reduce the impact of STIs in areas or populations disproportionately impacted by STIs.</li><li data-list-item-id=""e29b7cb9079311e0a57a0f69863d650b6"">Achieve integrated, coordinated efforts that address the STI epidemic.</li></ul><p>Local surveillance data will determine the priority populations for this NOFO. Each program should focus on populations that are disproportionately impacted by STI transmission.&nbsp;</p><p>To be successful with this NOFO, you will need to collaborate with partners to address interconnected comorbidities and sexual health.</p>","CDC is funding programs that track, prevent, and control sexually transmitted infections (STI) in state, district, territorial, and city or county health departments.
 The purpose of this NOFO is to track, prevent, and control three common STIs: syphilis, gonorrhea, and chlamydia.
 The NOFO supports the goals of the Sexually Transmitted Infections National Strategic Plan 2021-2025:
  Prevent new STIs.
 Improve the health of people by reducing adverse outcomes of STIs.
 Implement STI prevention technology and innovations more quickly.
 Reduce the impact of STIs in areas or populations disproportionately impacted by STIs.
 Achieve integrated, coordinated efforts that address the STI epidemic.
  Local surveillance data will determine the priority populations for this NOFO. Each program should focus on populations that are disproportionately impacted by STI transmission. 
 To be successful with this NOFO, you will need to collaborate with partners to address interconnected comorbidities and sexual health.","Controlling and Preventing STIs in US Health Departments (CAP-STIs)
CDC is funding programs that track, prevent, and control sexually transmitted infections (STI) in state, district, territorial, and city or county health departments.
 The purpose of this NOFO is to track, prevent, and control three common STIs: syphilis, gonorrhea, and chlamydia.
 The NOFO supports the goals of the Sexually Transmitted Infections National Strategic Plan 2021-2025:
  Prevent new STIs.
 Improve the health of people by reducing adverse outcomes of STIs.
 Implement STI prevention technology and innovations more quickly.
 Reduce the impact of STIs in areas or populations disproportionately impacted by STIs.
 Achieve integrated, coordinated efforts that address the STI epidemic.
  Local surveillance data will determine the priority populations for this NOFO. Each program should focus on populations that are disproportionately impacted by STI transmission. 
 To be successful with this NOFO, you will need to collaborate with partners to address interconnected comorbidities and sexual health.
All fifty (50) states, the District of Columbia, the US Virgin Islands and Puerto Rico are eligible to apply. To ensure implementation of STI control and prevention nationwide, CDC intends to fund all fifty states, the District of Columbia, the US Virgin Islands and Puerto Rico, non-competitively, according to a funding formula based on the respective jurisdiction""s population & morbidity of three reportable STIs (chlamydia, gonorrhea and primary & secondary syphilis).Section 318(c) of the Public Health Services Act, 42 USC 247c(c), provides that the Secretary of HHS may provide funding to ""States and, in consultation with the State health authority, to political subdivisions of States..."" to conduct STI prevention & control projects. This language allows CDC to fund cities in addition to their respective states.  Under the previous STI prevention & control funding opportunity PS19-1901 (& prior to that, PS14-1402), CDC funded the following cities based upon population, STI morbidity & organizational capacity: New York City, Philadelphia, Baltimore, Chicago, Los Angeles & San Francisco.To maximize the efficiency of program delivery, CDC may again fund a limited number of cities under this award. Funding for cities will be awarded competitively, based on the same criteria shown above for the state formula: population, STI morbidity, as well as organizational capacity. Directly funded cities must have a demonstrated capacity to report chlamydia, gonorrhea and syphilis surveillance data to CDC; an agreement with their parent state to apply separately for NOFO funding & to coordinate/collaborate appropriately following any funding; & data showing that the surrounding metropolitan statistical area (MSA) reported 2024 data showing:> or = to 500 cases of syphilis aged 15-44 reported in 2024 > or = 7500 cases of gonorrhea aged 15-44 reported in 2024 > or = to 15,000 cases of chlamydia aged 15-44 reported in 2024 > or = to 4 million residents estimated in 2024 Cities that apply for funding must submit their 2024 surveillance summary demonstrating the number of required cases & residents, a joint statement of collaboration/coordination with their respective state, or a letter indicating the city has notified the state of its application for funding of this award. In the event that cities do not compete successfully for the funding, all funds will be provided to the state, which will be responsible for distributing funds to its constituent cities as appropriate.",False,,,False,False,False,False,False,False,,False,-29.0,True,False,True,False,False,False,True,False,8474576.271186441,average_award,8474576.271186441,True,False,True,False,False,False,9.64,False,,False,False,True,True,False,False,False,False,False,False,True,5,False,False,,True,False,False,False,1,True,False,False,,True,False,False,False,,2026-09-30,2026-08-18,Controlling and Preventing STIs in US Health Departments (CAP-STIs),forecast,ok,8,G1,G1.O1,"This cooperative agreement funds state and local health departments to track, prevent, and control STIs among populations disproportionately impacted by STI transmission, directly supporting NCDHHS's goal of reducing health disparities.",Reduce the impact of STIs in areas or populations disproportionately impacted by STIs.,lead,"All fifty (50) states, the District of Columbia, the US Virgin Islands and Puerto Rico are eligible to apply.",DPH,10,"DPH already leads communicable disease surveillance, epidemiology, and prevention and works directly with local health departments, so STI prevention and control is squarely within its existing authority and partnerships.","Because CDC intends to fund all states non-competitively by formula based on population and STI morbidity, the award amount is largely predetermined and may be modest for North Carolina.",True,"CDC formula funds state health departments to track, prevent, and control syphilis, gonorrhea, and chlamydia; DPH already leads disease surveillance and prevention, so it fits well.","[""Requires collaboration with partners to address interconnected comorbidities and sexual health.""]",True,True,lead,deepseek/deepseek-v4-pro,92b0344f579a,True,10.0,0.0,0.85,0.0,0.0,92.31,forecast_watchlist
7,d9551b09-3a45-4dc1-a343-3f09521de9aa,"Fetal, Infant, and Child Death Review Program",forecast,True,False,,d9551b09-3a45-4dc1-a343-3f09521de9aa,HRSA-27-031,forecasted,HHS-HRSA,discretionary,,2026-07-31,,,2028-09-01,False,1.0,5149000.0,5149000.0,5149000.0,,,93.110|Special Projects of Regional and National Significance,cooperative_agreement,health,,county_governments;city_or_township_governments;public_and_state_institutions_of_higher_education;nonprofits_non_higher_education_with_501c3;public_and_indian_housing_authorities;other_native_american_tribal_organizations;federally_recognized_native_american_tribal_governments;state_governments;special_district_governments,,Health Resources and Services Administration,Department of Health and Human Services,"FICDR Program
301-443-2560",mchbdcafh@hrsa.gov,mchbdcafh@hrsa.gov,2026-11-21,2027-01-20,"Electronically submitted applications must be submitted no later than 11:59 p.m., ET, on the listed application due date.",2027-06-01,2027-07-01,2027.0,,,https://simpler.grants.gov/opportunity/d9551b09-3a45-4dc1-a343-3f09521de9aa,"<p><span style=""background-color:white;"">This program will support coordinated leadership and technical&nbsp;assistance&nbsp;to state, local, and tribal&nbsp;fetal&nbsp;infant and&nbsp;child&nbsp;death review&nbsp;(FICDR)&nbsp;teams to ensure a standardized and coordinated approach for quality fatality reviews, data collection, and dissemination of findings to inform&nbsp;review team practice and local </span>prevention strategies.&nbsp;</p>","This program will support coordinated leadership and technical assistance to state, local, and tribal fetal infant and child death review (FICDR) teams to ensure a standardized and coordinated approach for quality fatality reviews, data collection, and dissemination of findings to inform review team practice and local  prevention strategies.","Fetal, Infant, and Child Death Review Program
This program will support coordinated leadership and technical assistance to state, local, and tribal fetal infant and child death review (FICDR) teams to ensure a standardized and coordinated approach for quality fatality reviews, data collection, and dissemination of findings to inform review team practice and local  prevention strategies.
",False,,,False,False,False,False,False,False,,False,52.0,False,False,False,False,False,False,False,False,5149000.0,award_ceiling,5149000.0,True,False,True,True,False,False,8.56,False,,False,False,True,True,True,True,True,False,False,False,False,9,False,False,,False,False,False,False,1,True,False,False,,True,False,False,True,,2026-09-30,2026-08-18,"Fetal, Infant, and Child Death Review Program",forecast,ok,9,G2,G2.O4,"The grant funds fetal, infant, and child death review coordination and data use to inform prevention, which directly advances NCDHHS's objective to improve birth outcomes and reduce infant mortality.",fetal infant and child death review (FICDR) teams,lead,state_governments,DPH,9,"DPH houses maternal and child health, infant mortality reduction, and fatality review functions that align closely with this program.","The cooperative agreement may focus on coordination and technical assistance rather than direct prevention services, limiting immediate local impact.",True,State governments are eligible; the work directly supports DPH's maternal and child health role in reducing infant mortality through fatality review and prevention.,[],True,True,lead,deepseek/deepseek-v4-pro,92b0344f579a,True,10.0,0.0,0.85,0.0,0.0,90.99,forecast_watchlist
8,1613e128-508f-47e1-9bf2-e2c02e7d79b1,AIDS Drug Assistance Program (ADAP) Emergency Relief Funds (ERF),forecast,True,False,,1613e128-508f-47e1-9bf2-e2c02e7d79b1,HRSA-27-077,forecasted,HHS-HRSA,discretionary,,2026-07-13,,,2026-12-02,False,30.0,75000000.0,0.0,10000000.0,,,93.917|HIV Care Formula Grants,grant,health,,state_governments,,Health Resources and Services Administration,Department of Health and Human Services,"Glenn Clark
301.443.3692",GLClark@hrsa.gov,GLClark@hrsa.gov,2026-09-03,2026-11-02,"Electronically submitted applications must be submitted no later than 11:59 p.m., ET, on the listed application due date.",2027-04-01,2027-04-01,2027.0,,,https://simpler.grants.gov/opportunity/1613e128-508f-47e1-9bf2-e2c02e7d79b1,"<p>The purpose of this program is to provide funding to states/territories to prevent, reduce, or eliminate ADAP waiting lists or to address other ADAP shortfalls.</p>","The purpose of this program is to provide funding to states/territories to prevent, reduce, or eliminate ADAP waiting lists or to address other ADAP shortfalls.","AIDS Drug Assistance Program (ADAP) Emergency Relief Funds (ERF)
The purpose of this program is to provide funding to states/territories to prevent, reduce, or eliminate ADAP waiting lists or to address other ADAP shortfalls.
",False,,,False,False,False,False,False,False,,False,-27.0,True,False,True,False,False,False,False,False,2500000.0,award_ceiling,10000000.0,True,False,True,False,False,False,10.0,False,,False,False,True,False,False,False,False,False,False,False,False,1,False,False,,False,False,False,False,1,True,False,False,,True,False,False,True,,2026-09-30,2026-08-18,AIDS Drug Assistance Program (ADAP) Emergency Relief Funds (ERF),forecast,ok,8,G1,G1.O1,"ADAP emergency relief reduces HIV medication access barriers and waiting lists, advancing health access and reducing health disparities for a population that faces greater health challenges.","The purpose of this program is to provide funding to states/territories to prevent, reduce, or eliminate ADAP waiting lists or to address other ADAP shortfalls.",lead,state_governments,DPH,9,"DPH is responsible for disease prevention and surveillance, so a medication access program for HIV fits its existing communicable disease prevention role.","The announcement provides no funding amount, eligibility details, or application requirements, and emergency relief may be limited if North Carolina has no current ADAP waiting list or shortfall.",True,"DPH's disease prevention role fits; this grant reduces HIV medication waiting lists, directly supporting health access and equity for people with HIV.",[],True,True,lead,deepseek/deepseek-v4-pro,92b0344f579a,True,10.0,0.0,0.85,0.0,0.0,90.0,forecast_watchlist
9,be465a8b-8694-4eef-9801-5160a92c7cdf,Ryan White HIV/AIDS Program Part B States/Territories Supplemental Grant Program,forecast,True,False,,be465a8b-8694-4eef-9801-5160a92c7cdf,HRSA-27-070,forecasted,HHS-HRSA,discretionary,,2026-07-13,,,2027-04-14,False,30.0,48000000.0,0.0,9000000.0,,,93.917|HIV Care Formula Grants,grant,health,,state_governments,,Health Resources and Services Administration,Department of Health and Human Services,"Kibibi Matthews-Brown
301-443-1035",KMatthews-Brown@hrsa.gov,KMatthews-Brown@hrsa.gov,2027-01-14,2027-03-15,"Electronically submitted applications must be submitted no later than 11:59 p.m., ET, on the listed application due date.",2027-09-30,2027-09-30,2027.0,,,https://simpler.grants.gov/opportunity/be465a8b-8694-4eef-9801-5160a92c7cdf,<p>The purpose of this program is to supplement formula-based funding provided through the HIV Care Grant Program – RWHAP Part B States/Territories Formula and AIDS Drug Assistance Program (ADAP) Formula and ADAP Supplemental Awards Notice of Funding Opportunity.</p>,The purpose of this program is to supplement formula-based funding provided through the HIV Care Grant Program – RWHAP Part B States/Territories Formula and AIDS Drug Assistance Program (ADAP) Formula and ADAP Supplemental Awards Notice of Funding Opportunity.,"Ryan White HIV/AIDS Program Part B States/Territories Supplemental Grant Program
The purpose of this program is to supplement formula-based funding provided through the HIV Care Grant Program – RWHAP Part B States/Territories Formula and AIDS Drug Assistance Program (ADAP) Formula and ADAP Supplemental Awards Notice of Funding Opportunity.
",False,,,False,False,False,False,False,False,,False,106.0,False,False,False,False,False,False,False,False,1600000.0,award_ceiling,9000000.0,True,False,True,False,False,False,9.77,False,,False,False,True,False,False,False,False,False,False,False,False,1,False,False,,False,False,False,False,1,True,False,False,,True,False,False,True,,2026-09-30,2026-08-18,Ryan White HIV/AIDS Program Part B States/Territories Supplemental Grant Program,forecast,ok,8,G1,G1.O1,"Supplemental Ryan White Part B funding directly advances health access and reduces disparities for people with HIV, a population facing greater health challenges.",The purpose of this program is to supplement formula-based funding provided through the HIV Care Grant Program – RWHAP Part B States/Territories Formula and AIDS Drug Assistance Program (ADAP) Formula and ADAP Supplemental Awards Notice of Funding Opportunity.,lead,state_governments,DPH,9,DPH already manages communicable disease and HIV/STD programs and would administer Ryan White Part B services as an extension of that public health role.,"Because this is supplemental to existing RWHAP Part B formula funding, the award may be an incremental add-on with limited new flexibility rather than new program support.",True,"Supplements existing RWHAP Part B HIV care funding for low-income patients; DPH already runs HIV care programs, so this aligns with health-access goals.",[],True,True,lead,deepseek/deepseek-v4-pro,92b0344f579a,True,10.0,0.0,0.85,0.0,0.0,89.59,forecast_watchlist
10,3c36bc50-73ae-42ad-a727-fae640dad5c9,Comprehensive Suicide Prevention Program for States,forecast,True,False,,3c36bc50-73ae-42ad-a727-fae640dad5c9,CDC-RFA-CE-27-0024,forecasted,HHS-CDC-NCIPC,discretionary,,2026-07-27,,,2027-05-17,False,26.0,117500000.0,650000.0,1200000.0,,,93.136|Injury Prevention and Control Research and State and Community Based Programs,cooperative_agreement,health,,small_businesses;public_and_indian_housing_authorities;unrestricted;county_governments;federally_recognized_native_american_tribal_governments;special_district_governments;state_governments;nonprofits_non_higher_education_without_501c3;public_and_state_institutions_of_higher_education;private_institutions_of_higher_education;city_or_township_governments;other;nonprofits_non_higher_education_with_501c3;independent_school_districts;other_native_american_tribal_organizations;for_profit_organizations_other_than_small_businesses,"The NOFO award floor is $650,000. The award ceiling is $1,200,000. CDC will consider applications less than $650,000 or more than $1,200,000 nonresponsive. They will receive no further review.  Funding level and number of recipients will be based on availability of funds.  Eligible applications must include the following to be responsive:  1. 1 Letter of Commitment (LOC) from state or territorial health department leadership, on official letterhead, endorsing the proposed activities and confirming the department's ability to carry them out.2. 1 Letter of Support (LOS) from the jurisdiction's suicide-related morbidity and mortality surveillance data system manager, on official letterhead, confirming data access, support identifying Focus Prevention Areas (FPAs), and willingness to collaborate on data sharing and analyses.3. 1 LOS from the jurisdiction's suicide-related syndromic surveillance data system manager, on official letterhead, confirming data access and support tracking near real-time nonfatal suicide-related outcomes, such as suicide attempts and suicidal ideation, that may be of public health significance.4. 3 LOS from partner organizations assisting with proposed activities, one for each tier: Tier 1: community-based interventions; Tier 2:healthcare-related interventions; Tier 3:structural interventions. Each letter must describe specific planned roles and contributions. General statements of support are nonresponsive.5. 2 LOS from multi-sector partners, such as AFSP chapters, suicide prevention coalitions, or organizations working with survivors or people personally affected by suicide.  6. 1 preliminary program organizational chart showing required staffing: 0.25 FTE program manager, 0.75 FTE epidemiologist, 0.5 FTE behavioral specialist, 0.5 FTE communications specialist, and 0.5 FTE evaluation specialist.Applicants must submit the LOC, LOS, preliminary DUA, and organizational chart as PDFs in Grants.gov using these filenames: ""HealthDepartmentLeadership.LOC,"" ""SuicideDataManager.LoS,"" ""SyndromicDataManager.LoS,"" ""Tier1Partner.LoS,"" ""Tier2Partner.LoS,"" ""Tier3Partner.LoS,"" ""MultiSectorPartner1.LoS,"" ""MultiSectorPartner2.LoS,"" and ""Organizational Chart."" Applications that do not meet these criteria will be considered nonresponsive and will not move forward for review.",Centers for Disease Control - NCIPC,Department of Health and Human Services,"A.Philipose
Refer to Email address",CSP@cdc.gov,CSP@cdc.gov,2027-02-16,2027-04-17,Electronically submitted applications must be submitted no later than 11:59 pm ET on the listed application due date.,2027-08-15,2027-09-15,2027.0,,,https://simpler.grants.gov/opportunity/3c36bc50-73ae-42ad-a727-fae640dad5c9,"<p>This forecast is for CDC's Comprehensive Suicide Prevention Program for States, a cooperative agreement intended to support implementation and evaluation of a comprehensive public health approach to suicide prevention in the United States. Funded recipients will focus on one or more Focus Prevention Areas (FPAs), groups or settings identified through available data as experiencing a significant suicide burden, higher suicide morbidity or mortality rates or emerging suicide-related trends. Examples may include veterans, people living in rural areas, youth, older adults, men, and members of occupational groups at elevated risk, such as construction, agriculture and public safety workers.</p><p>Recipients will use timely and relevant data to identify FPAs, understand contributors to suicide and suicidal behavior, monitor emerging trends, and guide prevention planning and response. Recipients will also assess existing suicide prevention programs and gaps in their jurisdiction, strengthen and coordinate multi-sector partnerships, select and implement complementary prevention strategies and approaches with the best available evidence from CDC's Suicide Prevention Resource for Action and communicate programmatic and surveillance findings, progress, successes and lessons learned to partners and other key audiences.</p><p>The comprehensive approach is expected to include partnership development, data use, an asset and gap inventory, implementation of evidence-informed strategies or approaches, evaluation and communication activities. Recipients will evaluate their approach with a focus on continuous quality improvement, sustainability and measurable outcomes. Key outcomes include increased partner engagement, increased use of surveillance data for decision-making, improved coordination of comprehensive suicide prevention within the jurisdiction, reduced suicide risk factors and increased protective factors among selected FPAs, reduced suicide morbidity and a 5% reduction in suicide mortality among selected FPAs over the period of performance.</p><p>Applications are not being solicited at this time. This forecast is provided to allow potential applicants time to begin planning, review relevant data, identify potential FPAs and consider partnerships and prevention strategies that may align with this anticipated opportunity.</p>","This forecast is for CDC's Comprehensive Suicide Prevention Program for States, a cooperative agreement intended to support implementation and evaluation of a comprehensive public health approach to suicide prevention in the United States. Funded recipients will focus on one or more Focus Prevention Areas (FPAs), groups or settings identified through available data as experiencing a significant suicide burden, higher suicide morbidity or mortality rates or emerging suicide-related trends. Examples may include veterans, people living in rural areas, youth, older adults, men, and members of occupational groups at elevated risk, such as construction, agriculture and public safety workers.
 Recipients will use timely and relevant data to identify FPAs, understand contributors to suicide and suicidal behavior, monitor emerging trends, and guide prevention planning and response. Recipients will also assess existing suicide prevention programs and gaps in their jurisdiction, strengthen and coordinate multi-sector partnerships, select and implement complementary prevention strategies and approaches with the best available evidence from CDC's Suicide Prevention Resource for Action and communicate programmatic and surveillance findings, progress, successes and lessons learned to partners and other key audiences.
 The comprehensive approach is expected to include partnership development, data use, an asset and gap inventory, implementation of evidence-informed strategies or approaches, evaluation and communication activities. Recipients will evaluate their approach with a focus on continuous quality improvement, sustainability and measurable outcomes. Key outcomes include increased partner engagement, increased use of surveillance data for decision-making, improved coordination of comprehensive suicide prevention within the jurisdiction, reduced suicide risk factors and increased protective factors among selected FPAs, reduced suicide morbidity and a 5% reduction in suicide mortality among selected FPAs over the period of performance.
 Applications are not being solicited at this time. This forecast is provided to allow potential applicants time to begin planning, review relevant data, identify potential FPAs and consider partnerships and prevention strategies that may align with this anticipated opportunity.","Comprehensive Suicide Prevention Program for States
This forecast is for CDC's Comprehensive Suicide Prevention Program for States, a cooperative agreement intended to support implementation and evaluation of a comprehensive public health approach to suicide prevention in the United States. Funded recipients will focus on one or more Focus Prevention Areas (FPAs), groups or settings identified through available data as experiencing a significant suicide burden, higher suicide morbidity or mortality rates or emerging suicide-related trends. Examples may include veterans, people living in rural areas, youth, older adults, men, and members of occupational groups at elevated risk, such as construction, agriculture and public safety workers.
 Recipients will use timely and relevant data to identify FPAs, understand contributors to suicide and suicidal behavior, monitor emerging trends, and guide prevention planning and response. Recipients will also assess existing suicide prevention programs and gaps in their jurisdiction, strengthen and coordinate multi-sector partnerships, select and implement complementary prevention strategies and approaches with the best available evidence from CDC's Suicide Prevention Resource for Action and communicate programmatic and surveillance findings, progress, successes and lessons learned to partners and other key audiences.
 The comprehensive approach is expected to include partnership development, data use, an asset and gap inventory, implementation of evidence-informed strategies or approaches, evaluation and communication activities. Recipients will evaluate their approach with a focus on continuous quality improvement, sustainability and measurable outcomes. Key outcomes include increased partner engagement, increased use of surveillance data for decision-making, improved coordination of comprehensive suicide prevention within the jurisdiction, reduced suicide risk factors and increased protective factors among selected FPAs, reduced suicide morbidity and a 5% reduction in suicide mortality among selected FPAs over the period of performance.
 Applications are not being solicited at this time. This forecast is provided to allow potential applicants time to begin planning, review relevant data, identify potential FPAs and consider partnerships and prevention strategies that may align with this anticipated opportunity.
The NOFO award floor is $650,000. The award ceiling is $1,200,000. CDC will consider applications less than $650,000 or more than $1,200,000 nonresponsive. They will receive no further review.  Funding level and number of recipients will be based on availability of funds.  Eligible applications must include the following to be responsive:  1. 1 Letter of Commitment (LOC) from state or territorial health department leadership, on official letterhead, endorsing the proposed activities and confirming the department's ability to carry them out.2. 1 Letter of Support (LOS) from the jurisdiction's suicide-related morbidity and mortality surveillance data system manager, on official letterhead, confirming data access, support identifying Focus Prevention Areas (FPAs), and willingness to collaborate on data sharing and analyses.3. 1 LOS from the jurisdiction's suicide-related syndromic surveillance data system manager, on official letterhead, confirming data access and support tracking near real-time nonfatal suicide-related outcomes, such as suicide attempts and suicidal ideation, that may be of public health significance.4. 3 LOS from partner organizations assisting with proposed activities, one for each tier: Tier 1: community-based interventions; Tier 2:healthcare-related interventions; Tier 3:structural interventions. Each letter must describe specific planned roles and contributions. General statements of support are nonresponsive.5. 2 LOS from multi-sector partners, such as AFSP chapters, suicide prevention coalitions, or organizations working with survivors or people personally affected by suicide.  6. 1 preliminary program organizational chart showing required staffing: 0.25 FTE program manager, 0.75 FTE epidemiologist, 0.5 FTE behavioral specialist, 0.5 FTE communications specialist, and 0.5 FTE evaluation specialist.Applicants must submit the LOC, LOS, preliminary DUA, and organizational chart as PDFs in Grants.gov using these filenames: ""HealthDepartmentLeadership.LOC,"" ""SuicideDataManager.LoS,"" ""SyndromicDataManager.LoS,"" ""Tier1Partner.LoS,"" ""Tier2Partner.LoS,"" ""Tier3Partner.LoS,"" ""MultiSectorPartner1.LoS,"" ""MultiSectorPartner2.LoS,"" and ""Organizational Chart."" Applications that do not meet these criteria will be considered nonresponsive and will not move forward for review.",False,,,False,False,False,False,False,False,,False,139.0,False,False,False,False,False,False,False,False,4519230.769230769,award_ceiling,1200000.0,True,False,True,False,False,False,5.4,False,,False,False,True,True,True,True,True,True,False,True,True,16,False,True,,False,False,False,False,1,True,False,False,,True,False,False,False,,2026-09-30,2026-08-18,Comprehensive Suicide Prevention Program for States,forecast,ok,10,G3,G3.O3,"The grant directly funds implementation and evaluation of comprehensive suicide prevention, which is named in G3.O3's focus on suicide prevention and crisis services.",implementation and evaluation of a comprehensive public health approach to suicide prevention in the United States,lead,state_governments,DMHDDSUS,9,"DMHDDSUS already oversees mental health, substance use, crisis services, and 988, so it can lead a suicide prevention cooperative agreement, though it would need DPH surveillance data partnerships.","The application is administratively burdensome and unforgiving: missing any required commitment or support letter, staffing chart, or filename makes it nonresponsive, and it commits the state to a measurable 5% reduction in suicide mortality.",True,"Directly funds suicide prevention under G3.O3, fits DMHDDSUS crisis/988 work, but requires heavy data-sharing and partnership documentation and commits to measurable mortality reduction.","[""Must include 1 Letter of Commitment from state or territorial health department leadership endorsing the proposed activities and confirming ability to carry them out."", ""Must include multiple Letters of Support: suicide-related morbidity and mortality data manager, syndromic surveillance data manager, 3 tiered partner organizations, and 2 multi-sector partners."", ""Must submit preliminary DUA and organizational chart showing required staffing levels: 0.25 FTE program manager, 0.75 FTE epidemiologist, 0.5 FTE behavioral specialist, 0.5 FTE communications specialist, and 0.5 FTE evaluation specialist."", ""Applications with budget less than $650,000 or more than $1,200,000 are nonresponsive."", ""Applications must use required letters and organizational chart filenames; applications that do not meet these criteria are nonresponsive.""]",True,True,lead,deepseek/deepseek-v4-pro,92b0344f579a,True,10.0,0.0,0.85,0.0,0.0,88.94,forecast_watchlist
11,2e580529-c869-47d0-9aab-7d0e239ed5e8,"Integrated Viral Hepatitis Surveillance, Testing, Treatment, and Prevention Programs for Health Departments (IVH-STTP)",forecast,True,False,,2e580529-c869-47d0-9aab-7d0e239ed5e8,CDC-RFA-PS-27-0009,forecasted,HHS-CDC-NCHHSTP,discretionary,,2026-06-09,,,2027-01-08,False,60.0,450000000.0,0.0,,,,93.270|Viral Hepatitis Prevention and Control,cooperative_agreement,health,,city_or_township_governments;other;county_governments;special_district_governments;state_governments,"Eligible applicants include:  The 51 state health departments or their bona fide agents, including the District of Columbia.  Local health agencies or their bona fide agents.  If the city does not have a public health department, then the county covering the jurisdiction may apply (i.e., Los Angeles, CA covered by Los Angeles County and Phoenix, AZ covered by Maricopa County).  All U.S. territories  Bona fide agents must submit documentation that demonstrates their arrangement with the eligible applicant.",Centers for Disease Control - NCHHSTP,Department of Health and Human Services,"Clarisse Tsang
404-718-5360",mix4@cdc.gov,mix4@cdc.gov,2026-10-09,2026-12-09,Electronically submitted applications must be submitted no later than 11:59 pm ET on the listed application due date.,2027-04-01,2027-05-01,2027.0,,,https://simpler.grants.gov/opportunity/2e580529-c869-47d0-9aab-7d0e239ed5e8,"<p>This NOFO supports integrated viral hepatitis surveillance and prevention programs in states, territories, and large cities in the United States. Key strategies include viral hepatitis outbreak response and surveillance for hepatitis A, acute and chronic hepatitis B, and acute, chronic, and perinatal hepatitis C. Surveillance activities include developing and utilizing disease registries, conducting data matching, generating data summaries, utilizing data to monitor program progress and inform program activities and to enhance case investigations for data-to-care opportunities, and strengthening health department infrastructure to expand surveillance capacity. Prevention activities include supporting viral hepatitis elimination planning, partnerships, and coordination in high-impact and healthcare settings, increasing hepatitis B and hepatitis C testing, treatment, and service integration in high-impact settings, and developing perinatal hepatitis C programs. Expected outcomes include improved surveillance and reporting of viral hepatitis, improved strategic planning and partner collaboration in viral hepatitis elimination, and expanded access to viral hepatitis prevention, diagnosis, and treatment in high-impact settings.</p><p>This multi-component NOFO includes two required components and two optional components:</p><ul><li data-list-item-id=""e4f978afe97798cd6ba7680f67f6403d4"">Component 1: Outbreak Response and Surveillance (Required)</li><li data-list-item-id=""efa2d013e89763e910091d60bd23becba"">Component 2: Planning, Partnerships, and Promotion (Required)</li><li data-list-item-id=""e0a272fa1b1c925921473bdc610cc5411"">Component 3: Testing, Treatment, and Prevention (Optional)</li><li data-list-item-id=""ec21f27805167fb6792447b5264c99515"">Component 4: Perinatal Hepatitis C Program (Optional)</li></ul><p>This NOFO is alignment with CDC priorities.&nbsp;</p>","This NOFO supports integrated viral hepatitis surveillance and prevention programs in states, territories, and large cities in the United States. Key strategies include viral hepatitis outbreak response and surveillance for hepatitis A, acute and chronic hepatitis B, and acute, chronic, and perinatal hepatitis C. Surveillance activities include developing and utilizing disease registries, conducting data matching, generating data summaries, utilizing data to monitor program progress and inform program activities and to enhance case investigations for data-to-care opportunities, and strengthening health department infrastructure to expand surveillance capacity. Prevention activities include supporting viral hepatitis elimination planning, partnerships, and coordination in high-impact and healthcare settings, increasing hepatitis B and hepatitis C testing, treatment, and service integration in high-impact settings, and developing perinatal hepatitis C programs. Expected outcomes include improved surveillance and reporting of viral hepatitis, improved strategic planning and partner collaboration in viral hepatitis elimination, and expanded access to viral hepatitis prevention, diagnosis, and treatment in high-impact settings.
 This multi-component NOFO includes two required components and two optional components:
  Component 1: Outbreak Response and Surveillance (Required)
 Component 2: Planning, Partnerships, and Promotion (Required)
 Component 3: Testing, Treatment, and Prevention (Optional)
 Component 4: Perinatal Hepatitis C Program (Optional)
  This NOFO is alignment with CDC priorities.","Integrated Viral Hepatitis Surveillance, Testing, Treatment, and Prevention Programs for Health Departments (IVH-STTP)
This NOFO supports integrated viral hepatitis surveillance and prevention programs in states, territories, and large cities in the United States. Key strategies include viral hepatitis outbreak response and surveillance for hepatitis A, acute and chronic hepatitis B, and acute, chronic, and perinatal hepatitis C. Surveillance activities include developing and utilizing disease registries, conducting data matching, generating data summaries, utilizing data to monitor program progress and inform program activities and to enhance case investigations for data-to-care opportunities, and strengthening health department infrastructure to expand surveillance capacity. Prevention activities include supporting viral hepatitis elimination planning, partnerships, and coordination in high-impact and healthcare settings, increasing hepatitis B and hepatitis C testing, treatment, and service integration in high-impact settings, and developing perinatal hepatitis C programs. Expected outcomes include improved surveillance and reporting of viral hepatitis, improved strategic planning and partner collaboration in viral hepatitis elimination, and expanded access to viral hepatitis prevention, diagnosis, and treatment in high-impact settings.
 This multi-component NOFO includes two required components and two optional components:
  Component 1: Outbreak Response and Surveillance (Required)
 Component 2: Planning, Partnerships, and Promotion (Required)
 Component 3: Testing, Treatment, and Prevention (Optional)
 Component 4: Perinatal Hepatitis C Program (Optional)
  This NOFO is alignment with CDC priorities.
Eligible applicants include:  The 51 state health departments or their bona fide agents, including the District of Columbia.  Local health agencies or their bona fide agents.  If the city does not have a public health department, then the county covering the jurisdiction may apply (i.e., Los Angeles, CA covered by Los Angeles County and Phoenix, AZ covered by Maricopa County).  All U.S. territories  Bona fide agents must submit documentation that demonstrates their arrangement with the eligible applicant.",False,,,False,False,False,False,False,False,,False,9.0,False,False,False,False,False,False,True,False,7500000.0,average_award,7500000.0,True,False,True,False,False,False,9.38,False,,False,False,True,True,False,False,False,False,False,False,True,5,False,False,,True,False,False,False,1,True,False,False,,True,False,False,False,,2026-09-30,2026-08-18,"Integrated Viral Hepatitis Surveillance, Testing, Treatment, and Prevention Programs for Health Departments (IVH-STTP)",forecast,ok,8,G1,G1.O1,"The grant funds integrated viral hepatitis surveillance, testing, treatment, and prevention, which directly advances health access and reduces disparities for high-impact populations.","Expected outcomes include improved surveillance and reporting of viral hepatitis, improved strategic planning and partner collaboration in viral hepatitis elimination, and expanded access to viral hepatitis prevention, diagnosis, and treatment in high-impact settings.",lead,"The 51 state health departments or their bona fide agents, including the District of Columbia.",DPH,9,"DPH already leads communicable disease surveillance, epidemiology, and prevention programs, so viral hepatitis surveillance, testing, and prevention are an extension of its existing public health authority.","The cooperative agreement requires both outbreak response and surveillance plus planning and partnership components, which could strain DPH communicable disease capacity even before optional testing and perinatal components are considered.",True,"Directly supports Goal 1 health access; DPH already runs communicable disease surveillance and prevention, making it the natural lead for viral hepatitis work.","[""Applicants must implement two required components: Component 1 (Outbreak Response and Surveillance) and Component 2 (Planning, Partnerships, and Promotion).""]",True,True,lead,deepseek/deepseek-v4-pro,92b0344f579a,True,10.0,0.0,0.85,0.0,0.0,88.91,forecast_watchlist
12,91d0d477-b844-4189-8880-bd7a2876b24e,Surveillance and Case Control Study of Stillbirth and Birth Defects (SUCCSSBD),forecast,True,False,,91d0d477-b844-4189-8880-bd7a2876b24e,CDC-RFA-DD-27-0065,forecasted,HHS-CDC-NCBDDD,discretionary,,2026-08-17,,,2027-04-30,False,20.0,55000000.0,0.0,,,,93.073|Birth Defects and Developmental Disabilities - Prevention and Surveillance,cooperative_agreement,health,,for_profit_organizations_other_than_small_businesses;unrestricted;nonprofits_non_higher_education_without_501c3;public_and_indian_housing_authorities;other;nonprofits_non_higher_education_with_501c3;public_and_state_institutions_of_higher_education;federally_recognized_native_american_tribal_governments;city_or_township_governments;small_businesses;other_native_american_tribal_organizations;state_governments;private_institutions_of_higher_education;special_district_governments;independent_school_districts;county_governments,Not Applicable.,Centers for Disease Control - NCBDDD,Department of Health and Human Services,"Eileen McGowan
404-498-1014",osk0@cdc.gov,osk0@cdc.gov,2027-01-29,2027-03-31,Electronically submitted applications must be submitted no later than 11:59 pm ET on the listed application due date.,2027-07-01,2027-08-01,2027.0,,,https://simpler.grants.gov/opportunity/91d0d477-b844-4189-8880-bd7a2876b24e,"<p>Birth defects affect about three percent of all births in the United States and are a leading cause of infant mortality, morbidity, and healthcare costs; the causes of two-thirds of birth defects remain unknown. In addition, stillbirths (pregnancy loss at 20 or more weeks of gestation) are an under-evaluated public health issue. Over 20,000 pregnancies in the U.S. end in a stillbirth each year.</p><p>This notice of funding opportunity aims to advance the quality and timeliness of birth defects and stillbirth surveillance and support research on birth defects and stillbirths in the U.S. The purpose is to (1) evaluate the impact of data modernization using electronic case reporting (eCR) on birth defects data quality and timeliness; (2) conduct high quality&nbsp;stillbirth surveillance; and (3) utilize timely surveillance to support a case-control study to assess risk factors for birth defects and stillbirths. This supports agency goals to identify emerging threats to mothers and babies and prevent the occurrence of birth defects and stillbirths. CDC will fund three components under this NOFO. Applicants may apply for one or more components as long as the eligibility criteria for each component are met.</p><p>Three components are included to support SUCCSSBD:</p><p style=""margin-left:.75pt;"">Component A: Modernization of Birth Defects Surveillance</p><p style=""margin-left:.75pt;"">Component B: Stillbirth Surveillance</p><p style=""margin-left:.75pt;"">Component C: Birth Defects and Stillbirth Research&nbsp;</p>","Birth defects affect about three percent of all births in the United States and are a leading cause of infant mortality, morbidity, and healthcare costs; the causes of two-thirds of birth defects remain unknown. In addition, stillbirths (pregnancy loss at 20 or more weeks of gestation) are an under-evaluated public health issue. Over 20,000 pregnancies in the U.S. end in a stillbirth each year.
 This notice of funding opportunity aims to advance the quality and timeliness of birth defects and stillbirth surveillance and support research on birth defects and stillbirths in the U.S. The purpose is to (1) evaluate the impact of data modernization using electronic case reporting (eCR) on birth defects data quality and timeliness; (2) conduct high quality stillbirth surveillance; and (3) utilize timely surveillance to support a case-control study to assess risk factors for birth defects and stillbirths. This supports agency goals to identify emerging threats to mothers and babies and prevent the occurrence of birth defects and stillbirths. CDC will fund three components under this NOFO. Applicants may apply for one or more components as long as the eligibility criteria for each component are met.
 Three components are included to support SUCCSSBD:
 Component A: Modernization of Birth Defects Surveillance
 Component B: Stillbirth Surveillance
 Component C: Birth Defects and Stillbirth Research","Surveillance and Case Control Study of Stillbirth and Birth Defects (SUCCSSBD)
Birth defects affect about three percent of all births in the United States and are a leading cause of infant mortality, morbidity, and healthcare costs; the causes of two-thirds of birth defects remain unknown. In addition, stillbirths (pregnancy loss at 20 or more weeks of gestation) are an under-evaluated public health issue. Over 20,000 pregnancies in the U.S. end in a stillbirth each year.
 This notice of funding opportunity aims to advance the quality and timeliness of birth defects and stillbirth surveillance and support research on birth defects and stillbirths in the U.S. The purpose is to (1) evaluate the impact of data modernization using electronic case reporting (eCR) on birth defects data quality and timeliness; (2) conduct high quality stillbirth surveillance; and (3) utilize timely surveillance to support a case-control study to assess risk factors for birth defects and stillbirths. This supports agency goals to identify emerging threats to mothers and babies and prevent the occurrence of birth defects and stillbirths. CDC will fund three components under this NOFO. Applicants may apply for one or more components as long as the eligibility criteria for each component are met.
 Three components are included to support SUCCSSBD:
 Component A: Modernization of Birth Defects Surveillance
 Component B: Stillbirth Surveillance
 Component C: Birth Defects and Stillbirth Research
Not Applicable.",False,,,False,False,False,False,False,False,,False,121.0,False,False,False,False,False,False,True,False,2750000.0,average_award,2750000.0,True,False,True,False,False,False,7.2,False,,False,False,True,True,True,True,True,True,False,True,True,16,False,True,,False,False,False,False,1,True,False,False,,True,False,False,False,,2026-09-30,2026-08-18,Surveillance and Case Control Study of Stillbirth and Birth Defects (SUCCSSBD),forecast,ok,9,G2,G2.O4,"This cooperative agreement funds surveillance and case-control research to prevent birth defects and stillbirths, which are core adverse birth outcomes and infant mortality concerns under NCDHHS's women's health and birth outcomes objective.",prevent the occurrence of birth defects and stillbirths,lead,state_governments,DPH,9,"DPH already houses maternal and child health, epidemiology, vital-event surveillance, and birth defects surveillance/registry functions, so it could directly operate this CDC-funded surveillance and study.","The work is complex and infrastructure-heavy: it requires modernizing surveillance via electronic case reporting, conducting stillbirth surveillance, and supporting a case-control study, which is more than routine registry operations.",True,"CDC funds state birth defects and stillbirth surveillance and research, squarely fitting DPH maternal and child health epidemiology with no obvious state-eligibility barrier.",[],True,True,lead,deepseek/deepseek-v4-pro,92b0344f579a,True,10.0,0.0,0.85,0.0,0.0,88.59,forecast_watchlist
13,172926e9-5f18-4993-893d-ac73be5bbb9d,"Maternal-Child Surveillance and Partnerships for Action, Results, and Knowledge",forecast,True,False,,172926e9-5f18-4993-893d-ac73be5bbb9d,CDC-RFA-DD-27-0028,forecasted,HHS-CDC-NCBDDD,discretionary,,2026-07-24,,,2027-05-26,False,23.0,51000000.0,0.0,,,,93.073|Birth Defects and Developmental Disabilities - Prevention and Surveillance,cooperative_agreement,health,,nonprofits_non_higher_education_without_501c3;nonprofits_non_higher_education_with_501c3;private_institutions_of_higher_education;public_and_state_institutions_of_higher_education;county_governments;independent_school_districts;other;for_profit_organizations_other_than_small_businesses;small_businesses;other_native_american_tribal_organizations;unrestricted;special_district_governments;public_and_indian_housing_authorities;state_governments;city_or_township_governments;federally_recognized_native_american_tribal_governments,"The NOFO has three components: Component A, Component B, and Component C. Eligible applicants may apply for only one component. If an applicant submits multiple applications, all applications submitted by that applicant will be deemed non-responsive, and will not receive further review. In the ""Descriptive Title of Applicant's Project"" on the SF-424 form, applicants must identify the component and, as applicable, the strategies for which they are applying. Applicants that do not identify the applicable components and strategies on the SF-424 form will be deemed non-responsive and will not receive further review. Eligible applicants for Component A must have the public health authority, legislative mandate or otherwise show legal access to the requisite data to conduct clinic-based surveillance. This authority or access must allow unique and specific access to datasets from multiple data sources that are required to implement the activities outlined in this NOFO. Eligible applicants must upload this documentation as a PDF to www.grants.gov under ""Other Attachment Forms"" using the attachment name ""Legal Authority"".CDC will consider any application that does not include this required documentation as non-responsive, and it will receive no further review.  Eligible applicants for Component B must demonstrate their ability and capacity to identify and reach one or more target populations, which include people with FASDs, their families, and/or their communities, as well as clinical and public health professionals, who serve patients or clients who could be impacted by FASDs, across the United States. Applicants must also demonstrate their ability to develop new communication materials and continually identify and update resources that could be applied to one or more target populations, as well as quantify metrics of impact. Applicant's history of outreach to these populations should include, but may not be limited to, evidence-based educational information, resources, and support.Eligible applicants for Component C must be able to demonstrate ability to provide informatics and technical support to Component A applicants supporting standardized data collection, quality assurance, and timely data submission.",Centers for Disease Control - NCBDDD,Department of Health and Human Services,"Amanda Akosa
404-718-3409",kcq9@cdc.gov,kcq9@cdc.gov,2027-02-25,2027-04-26,Electronically submitted applications must be submitted no later than 11:59 pm ET on the listed application due date.,2027-09-01,2027-09-30,2027.0,,,https://simpler.grants.gov/opportunity/172926e9-5f18-4993-893d-ac73be5bbb9d,"<p>CDC proposes to allocate funds to implement Notice of Funding Opportunity (NOFO) DD-27-0028, <i>Maternal Child Surveillance and Partnerships for Action, Results, and Knowledge</i>. This NOFO will integrate maternal child health surveillance with national partnership activities to address key public health challenges including alcohol use during pregnancy, fetal alcohol spectrum disorders (FASDs), neonatal abstinence syndrome (NAS), and cytomegalovirus (CMV).&nbsp;</p><p>The NOFO will support entities with appropriate data authority and infrastructure to initiate, sustain, enhance, and/or expand clinical surveillance systems capturing data on pregnant women, infants, and/or children. Funding will prioritize improving data quality and enabling timely reporting and dissemination of evolving outcome data.</p><p>Funded entities participating in clinical surveillance will monitor prenatal exposures such as alcohol use and polysubstance use during pregnancy as well as conditions with significant public health impact such as FASDs, NAS, congenital CMV, and other outcomes. CDC will also fund entities with informatics expertise to provide technical assistance to funded entities conducting clinical surveillance, improve data quality, and support dissemination of data through visualizations. Furthermore, this clinical surveillance network could be leveraged to address emerging, reemerging, and persistent public health threats to pregnant women and infants.</p><p>In addition, this NOFO will invest in national partnership activities to prevent FASDs and improve early identification as well as support and care of affected infants and children. Activities may include serving as a national FASD resource; advancing evidence-based messaging; building clinical capacity through a holistic, lifespan approach; addressing regional, state, local, and/or tribal jurisdiction gaps; advancing coordination and translation of activities; and evaluating program strategies.&nbsp;</p><p>Together, these activities establish a combined framework that emphasizes data to action approaches that translate high quality surveillance data into prevention strategies, pathways to referral and support, and improved outcomes.</p>","CDC proposes to allocate funds to implement Notice of Funding Opportunity (NOFO) DD-27-0028,  Maternal Child Surveillance and Partnerships for Action, Results, and Knowledge . This NOFO will integrate maternal child health surveillance with national partnership activities to address key public health challenges including alcohol use during pregnancy, fetal alcohol spectrum disorders (FASDs), neonatal abstinence syndrome (NAS), and cytomegalovirus (CMV). 
 The NOFO will support entities with appropriate data authority and infrastructure to initiate, sustain, enhance, and/or expand clinical surveillance systems capturing data on pregnant women, infants, and/or children. Funding will prioritize improving data quality and enabling timely reporting and dissemination of evolving outcome data.
 Funded entities participating in clinical surveillance will monitor prenatal exposures such as alcohol use and polysubstance use during pregnancy as well as conditions with significant public health impact such as FASDs, NAS, congenital CMV, and other outcomes. CDC will also fund entities with informatics expertise to provide technical assistance to funded entities conducting clinical surveillance, improve data quality, and support dissemination of data through visualizations. Furthermore, this clinical surveillance network could be leveraged to address emerging, reemerging, and persistent public health threats to pregnant women and infants.
 In addition, this NOFO will invest in national partnership activities to prevent FASDs and improve early identification as well as support and care of affected infants and children. Activities may include serving as a national FASD resource; advancing evidence-based messaging; building clinical capacity through a holistic, lifespan approach; addressing regional, state, local, and/or tribal jurisdiction gaps; advancing coordination and translation of activities; and evaluating program strategies. 
 Together, these activities establish a combined framework that emphasizes data to action approaches that translate high quality surveillance data into prevention strategies, pathways to referral and support, and improved outcomes.","Maternal-Child Surveillance and Partnerships for Action, Results, and Knowledge
CDC proposes to allocate funds to implement Notice of Funding Opportunity (NOFO) DD-27-0028,  Maternal Child Surveillance and Partnerships for Action, Results, and Knowledge . This NOFO will integrate maternal child health surveillance with national partnership activities to address key public health challenges including alcohol use during pregnancy, fetal alcohol spectrum disorders (FASDs), neonatal abstinence syndrome (NAS), and cytomegalovirus (CMV). 
 The NOFO will support entities with appropriate data authority and infrastructure to initiate, sustain, enhance, and/or expand clinical surveillance systems capturing data on pregnant women, infants, and/or children. Funding will prioritize improving data quality and enabling timely reporting and dissemination of evolving outcome data.
 Funded entities participating in clinical surveillance will monitor prenatal exposures such as alcohol use and polysubstance use during pregnancy as well as conditions with significant public health impact such as FASDs, NAS, congenital CMV, and other outcomes. CDC will also fund entities with informatics expertise to provide technical assistance to funded entities conducting clinical surveillance, improve data quality, and support dissemination of data through visualizations. Furthermore, this clinical surveillance network could be leveraged to address emerging, reemerging, and persistent public health threats to pregnant women and infants.
 In addition, this NOFO will invest in national partnership activities to prevent FASDs and improve early identification as well as support and care of affected infants and children. Activities may include serving as a national FASD resource; advancing evidence-based messaging; building clinical capacity through a holistic, lifespan approach; addressing regional, state, local, and/or tribal jurisdiction gaps; advancing coordination and translation of activities; and evaluating program strategies. 
 Together, these activities establish a combined framework that emphasizes data to action approaches that translate high quality surveillance data into prevention strategies, pathways to referral and support, and improved outcomes.
The NOFO has three components: Component A, Component B, and Component C. Eligible applicants may apply for only one component. If an applicant submits multiple applications, all applications submitted by that applicant will be deemed non-responsive, and will not receive further review. In the ""Descriptive Title of Applicant's Project"" on the SF-424 form, applicants must identify the component and, as applicable, the strategies for which they are applying. Applicants that do not identify the applicable components and strategies on the SF-424 form will be deemed non-responsive and will not receive further review. Eligible applicants for Component A must have the public health authority, legislative mandate or otherwise show legal access to the requisite data to conduct clinic-based surveillance. This authority or access must allow unique and specific access to datasets from multiple data sources that are required to implement the activities outlined in this NOFO. Eligible applicants must upload this documentation as a PDF to www.grants.gov under ""Other Attachment Forms"" using the attachment name ""Legal Authority"".CDC will consider any application that does not include this required documentation as non-responsive, and it will receive no further review.  Eligible applicants for Component B must demonstrate their ability and capacity to identify and reach one or more target populations, which include people with FASDs, their families, and/or their communities, as well as clinical and public health professionals, who serve patients or clients who could be impacted by FASDs, across the United States. Applicants must also demonstrate their ability to develop new communication materials and continually identify and update resources that could be applied to one or more target populations, as well as quantify metrics of impact. Applicant's history of outreach to these populations should include, but may not be limited to, evidence-based educational information, resources, and support.Eligible applicants for Component C must be able to demonstrate ability to provide informatics and technical support to Component A applicants supporting standardized data collection, quality assurance, and timely data submission.",False,,,False,False,False,False,False,False,,False,148.0,False,False,False,False,False,False,True,False,2217391.304347826,average_award,2217391.304347826,True,False,True,False,False,False,6.73,False,,False,False,True,True,True,True,True,True,False,True,True,16,False,True,,False,False,False,False,1,True,False,False,,True,False,False,False,,2026-09-30,2026-08-18,"Maternal-Child Surveillance and Partnerships for Action, Results, and Knowledge",forecast,ok,9,G2,G2.O4,"Funds maternal-child clinical surveillance and partnerships targeting prenatal alcohol exposure, FASDs, NAS, and CMV to improve birth outcomes.","This NOFO will integrate maternal child health surveillance with national partnership activities to address key public health challenges including alcohol use during pregnancy, fetal alcohol spectrum disorders (FASDs), neonatal abstinence syndrome (NAS), and cytomegalovirus (CMV).",lead,state_governments,DPH,9,"DPH already operates maternal-child health surveillance, epidemiology, and birth defects tracking and could implement Component A clinic-based surveillance with existing public health authority.","CDC requires Component A applicants to prove legal access to multi-source clinic data, and any missing component or legal authority documentation makes the application non-responsive.",True,"CDC funds maternal-child surveillance for FASDs, NAS, and CMV; NCDHHS DPH already runs maternal-child health surveillance and could apply as Component A lead.","[""Applicants may apply for only one component; multiple applications will be deemed non-responsive."", ""Applicants must identify the component and applicable strategies on the SF-424 form or be deemed non-responsive."", ""Component A applicants must upload legal authority or data access documentation as a PDF to grants.gov under Other Attachment Forms.""]",True,True,lead,deepseek/deepseek-v4-pro,92b0344f579a,True,10.0,0.0,0.85,0.0,0.0,87.76,forecast_watchlist
14,477f11ad-e8c7-40ea-84f3-f5bec6e50e3b,Statewide Perinatal Quality Collaboratives: Improving Perinatal Care and Outcomes,forecast,True,False,,477f11ad-e8c7-40ea-84f3-f5bec6e50e3b,CDC-RFA-DP-27-0043,forecasted,HHS-CDC-NCCDPHP,discretionary,,2026-07-27,,,2027-06-02,False,39.0,83500000.0,0.0,,,,93.946|Cooperative Agreements to Support State-Based Safe Motherhood and Infant Health Initiative Programs,cooperative_agreement,health,,city_or_township_governments;public_and_state_institutions_of_higher_education;special_district_governments;public_and_indian_housing_authorities;federally_recognized_native_american_tribal_governments;small_businesses;independent_school_districts;county_governments;other_native_american_tribal_organizations;nonprofits_non_higher_education_with_501c3;unrestricted;for_profit_organizations_other_than_small_businesses;state_governments;private_institutions_of_higher_education;nonprofits_non_higher_education_without_501c3;other,"Bona fide agents applying on behalf of state, territorial, local, and tribal government organizations.",Centers for Disease Control - NCCDPHP,Department of Health and Human Services,"Tai N. Baker
770-488-5175",pqc@cdc.gov,pqc@cdc.gov,2027-03-04,2027-05-03,Electronically submitted applications must be submitted no later than 11:59 pm ET on the listed application due date.,2027-08-31,2027-09-30,2027.0,,,https://simpler.grants.gov/opportunity/477f11ad-e8c7-40ea-84f3-f5bec6e50e3b,"<p>The purpose of this multi-component NOFO is to improve the health of pregnant and postpartum women and their newborns through quality improvement.&nbsp; CDC will fund two components.&nbsp;</p><p>Component A will support state Perinatal Quality Collaboratives (PQCs).&nbsp; PQCs are state-based organizations that support quality improvement (QI) efforts in health facilities and whose approach has been successful in improving outcomes for moms and their babies.&nbsp; Key expected strategies for Component A include strengthening PQC capacity, conducting data-driven QI initiatives, building and strengthening data systems, and developing partnerships to improve coordination and alignment of perinatal QI initiatives.&nbsp;</p><p>Component B will support an organization to serve as the coordinating center for the National Network of PQCs (NNPQC).&nbsp; NNPQC supports all PQCs across the US, providing coordination, technical assistance and crucial opportunities for collaboration between PQCs and other relevant partners.&nbsp; &nbsp;Key expected strategies for Component B include understanding and strengthening PQC capacity, developing partnerships to improve coordination and alignment in efforts to support PQCs, fostering connections and collaborations among PQCs, and disseminating resources and best practices to PQCs and partners.</p><p>Expected outcomes include&nbsp;increased implementation of successful, data-driven QI initiatives,&nbsp;ultimately leading&nbsp;to improved healthcare services, increased&nbsp;continuity&nbsp;and coordination of healthcare services and improved health outcomes for women and newborns across the US.&nbsp;</p>","The purpose of this multi-component NOFO is to improve the health of pregnant and postpartum women and their newborns through quality improvement.  CDC will fund two components. 
 Component A will support state Perinatal Quality Collaboratives (PQCs).  PQCs are state-based organizations that support quality improvement (QI) efforts in health facilities and whose approach has been successful in improving outcomes for moms and their babies.  Key expected strategies for Component A include strengthening PQC capacity, conducting data-driven QI initiatives, building and strengthening data systems, and developing partnerships to improve coordination and alignment of perinatal QI initiatives. 
 Component B will support an organization to serve as the coordinating center for the National Network of PQCs (NNPQC).  NNPQC supports all PQCs across the US, providing coordination, technical assistance and crucial opportunities for collaboration between PQCs and other relevant partners.   Key expected strategies for Component B include understanding and strengthening PQC capacity, developing partnerships to improve coordination and alignment in efforts to support PQCs, fostering connections and collaborations among PQCs, and disseminating resources and best practices to PQCs and partners.
 Expected outcomes include increased implementation of successful, data-driven QI initiatives, ultimately leading to improved healthcare services, increased continuity and coordination of healthcare services and improved health outcomes for women and newborns across the US.","Statewide Perinatal Quality Collaboratives: Improving Perinatal Care and Outcomes
The purpose of this multi-component NOFO is to improve the health of pregnant and postpartum women and their newborns through quality improvement.  CDC will fund two components. 
 Component A will support state Perinatal Quality Collaboratives (PQCs).  PQCs are state-based organizations that support quality improvement (QI) efforts in health facilities and whose approach has been successful in improving outcomes for moms and their babies.  Key expected strategies for Component A include strengthening PQC capacity, conducting data-driven QI initiatives, building and strengthening data systems, and developing partnerships to improve coordination and alignment of perinatal QI initiatives. 
 Component B will support an organization to serve as the coordinating center for the National Network of PQCs (NNPQC).  NNPQC supports all PQCs across the US, providing coordination, technical assistance and crucial opportunities for collaboration between PQCs and other relevant partners.   Key expected strategies for Component B include understanding and strengthening PQC capacity, developing partnerships to improve coordination and alignment in efforts to support PQCs, fostering connections and collaborations among PQCs, and disseminating resources and best practices to PQCs and partners.
 Expected outcomes include increased implementation of successful, data-driven QI initiatives, ultimately leading to improved healthcare services, increased continuity and coordination of healthcare services and improved health outcomes for women and newborns across the US.
Bona fide agents applying on behalf of state, territorial, local, and tribal government organizations.",False,,,False,False,False,False,False,False,,False,155.0,False,False,False,False,False,False,True,False,2141025.641025641,average_award,2141025.641025641,True,False,True,False,False,False,6.65,False,,False,False,True,True,True,True,True,True,False,True,True,16,False,True,,False,False,False,False,1,True,False,False,,True,False,False,False,,2026-09-30,2026-08-18,Statewide Perinatal Quality Collaboratives: Improving Perinatal Care and Outcomes,forecast,ok,9,G2,G2.O4,"This NOFO funds state perinatal quality collaboratives that improve care for pregnant and postpartum women and newborns, directly supporting G2.O4's focus on improving women's health and birth outcomes.",The purpose of this multi-component NOFO is to improve the health of pregnant and postpartum women and their newborns through quality improvement.,lead,state_governments,DPH,9,"DPH already houses maternal and child health programs and quality improvement work, so this is an extension of its existing role.","The cooperative agreement's expected strategies include building data systems and developing partnerships, so it may carry substantial infrastructure and coordination burden before improving outcomes.",True,"Directly funds quality improvement for maternal and newborn outcomes, a DPH maternal-child health priority under G2.O4.",[],True,True,lead,deepseek/deepseek-v4-pro,92b0344f579a,True,10.0,0.0,0.85,0.0,0.0,87.62,forecast_watchlist
15,b9bdeaa2-068f-4aa9-960a-948c0b0a9bfd,"The Home Visiting Research, Improvement, Sustainability and Evaluation Center (HV-RISE)",forecast,True,False,,b9bdeaa2-068f-4aa9-960a-948c0b0a9bfd,HRSA-27-023,forecasted,HHS-HRSA,mandatory,,2026-08-10,,,2028-09-01,False,1.0,5000000.0,5000000.0,5000000.0,,,"93.870|Maternal, Infant and Early Childhood Home Visiting Grant",cooperative_agreement,health,,city_or_township_governments;state_governments;federally_recognized_native_american_tribal_governments;county_governments;nonprofits_non_higher_education_without_501c3;special_district_governments;for_profit_organizations_other_than_small_businesses;public_and_state_institutions_of_higher_education;small_businesses;private_institutions_of_higher_education;nonprofits_non_higher_education_with_501c3;other;other_native_american_tribal_organizations;independent_school_districts,"""Domestic"" means the 50 states, the District of Columbia, the Commonwealth of Puerto Rico, the Northern Mariana Islands, American Samoa, Guam, the U.S. Virgin Islands, the Federated States of Micronesia, the Republic of the Marshall Islands, and the Republic of Palau.",Health Resources and Services Administration,Department of Health and Human Services,"HV-RISE Program
301-443-2170",HomeVisiting@hrsa.gov,HomeVisiting@hrsa.gov,2026-11-17,2027-02-23,"Electronically submitted applications must be submitted no later than 11:59 p.m., ET, on the listed application due date.",2027-07-02,2027-08-01,2027.0,,,https://simpler.grants.gov/opportunity/b9bdeaa2-068f-4aa9-960a-948c0b0a9bfd,"<figure class=""table""><table><tbody><tr><td style=""vertical-align:top;width:312px;""><p>The Home Visiting Research, Improvement, Sustainability and Evaluation (HV-RISE) Center will improve the quality of home visiting services and outcomes for families by helping home visiting programs use research to improve practice, test small scale improvements, and expand what works.</p><p>&nbsp;</p><p>&nbsp;</p></td></tr></tbody></table></figure>","The Home Visiting Research, Improvement, Sustainability and Evaluation (HV-RISE) Center will improve the quality of home visiting services and outcomes for families by helping home visiting programs use research to improve practice, test small scale improvements, and expand what works.","The Home Visiting Research, Improvement, Sustainability and Evaluation Center (HV-RISE)
The Home Visiting Research, Improvement, Sustainability and Evaluation (HV-RISE) Center will improve the quality of home visiting services and outcomes for families by helping home visiting programs use research to improve practice, test small scale improvements, and expand what works.
""Domestic"" means the 50 states, the District of Columbia, the Commonwealth of Puerto Rico, the Northern Mariana Islands, American Samoa, Guam, the U.S. Virgin Islands, the Federated States of Micronesia, the Republic of the Marshall Islands, and the Republic of Palau.",False,,,False,False,False,False,False,False,,False,48.0,False,False,False,False,False,False,False,False,5000000.0,award_ceiling,5000000.0,True,False,True,True,False,False,8.49,False,,False,False,True,True,True,True,True,True,False,False,True,14,False,True,,False,False,False,False,1,True,False,False,,True,False,False,False,,2026-09-30,2026-08-18,"The Home Visiting Research, Improvement, Sustainability and Evaluation Center (HV-RISE)",forecast,ok,8,G2,G2.O4,"The center improves home visiting services that support maternal and infant health, which directly advances work to improve birth outcomes and early childhood well-being.",improve the quality of home visiting services and outcomes for families,lead,state_governments,DCFW,9,"DCFW already oversees home visiting and early intervention, so a home visiting research and improvement center fits its existing role and partners.","The cooperative agreement center may require national evaluation and research capacity rather than direct home visiting services, creating administrative and competitive risk.",True,"Funds a home visiting improvement center that advances G2.O4; DCFW already oversees home visiting, so a strong fit.",[],True,True,lead,deepseek/deepseek-v4-pro,92b0344f579a,True,10.0,0.0,0.85,0.0,0.0,87.34,forecast_watchlist
16,3fe27753-0c94-4aa0-b7fb-09712631f269,Infant-Toddler Court Program–State Awards,forecast,True,False,,3fe27753-0c94-4aa0-b7fb-09712631f269,HRSA-27-021,forecasted,HHS-HRSA,discretionary,,2026-08-07,,,2028-09-01,False,18.0,12600000.0,700000.0,700000.0,,,93.110|Special Projects of Regional and National Significance,cooperative_agreement,health,,independent_school_districts;federally_recognized_native_american_tribal_governments;state_governments;small_businesses;county_governments;special_district_governments;public_and_state_institutions_of_higher_education;other;nonprofits_non_higher_education_with_501c3;private_institutions_of_higher_education;other_native_american_tribal_organizations;for_profit_organizations_other_than_small_businesses;nonprofits_non_higher_education_without_501c3;city_or_township_governments,"Any domestic public or private entity, including an Indian tribe or tribal organization (as those terms are defined at 25 U.S.C. 5304) (formerly cited as 25 U.S.C. 450b)) is eligible to apply. See 42 CFR § 51a.3(a). Domestic faith-based and community-based organizations are also eligible to apply. If funded, for-profit organizations are prohibited from earning profit from the federal award (see 2 CFR 200 §400(g)).",Health Resources and Services Administration,Department of Health and Human Services,"ITCP State Award Program
301-443-2170",HomeVisiting@hrsa.gov,Maternal and Child Health Bureau - Division of Home Visiting and Early Childhood HomeVisiting@hrsa.gov,2027-01-21,2027-04-21,"Electronically submitted applications must be submitted no later than 11:59 p.m., ET, on the listed application due date.",2027-08-31,2027-09-30,2027.0,,,https://simpler.grants.gov/opportunity/3fe27753-0c94-4aa0-b7fb-09712631f269,"<p>The Infant-Toddler Court Program (ITCP) State Awards allow states and communities to support and expand use of enhanced child welfare practices in communities across the country that bring together courts, social services, and families to improve the safety, healthy development, and nurturing relationships of families with young children involved with child welfare. The ITCP State Awards support implementation of the evidence-based ITC approach in targeted communities. Awardees ensure successful implementation and expansion by spreading lessons learned to local teams in the state, tracking program outcomes, and training local ITC teams.</p>","The Infant-Toddler Court Program (ITCP) State Awards allow states and communities to support and expand use of enhanced child welfare practices in communities across the country that bring together courts, social services, and families to improve the safety, healthy development, and nurturing relationships of families with young children involved with child welfare. The ITCP State Awards support implementation of the evidence-based ITC approach in targeted communities. Awardees ensure successful implementation and expansion by spreading lessons learned to local teams in the state, tracking program outcomes, and training local ITC teams.","Infant-Toddler Court Program–State Awards
The Infant-Toddler Court Program (ITCP) State Awards allow states and communities to support and expand use of enhanced child welfare practices in communities across the country that bring together courts, social services, and families to improve the safety, healthy development, and nurturing relationships of families with young children involved with child welfare. The ITCP State Awards support implementation of the evidence-based ITC approach in targeted communities. Awardees ensure successful implementation and expansion by spreading lessons learned to local teams in the state, tracking program outcomes, and training local ITC teams.
Any domestic public or private entity, including an Indian tribe or tribal organization (as those terms are defined at 25 U.S.C. 5304) (formerly cited as 25 U.S.C. 450b)) is eligible to apply. See 42 CFR § 51a.3(a). Domestic faith-based and community-based organizations are also eligible to apply. If funded, for-profit organizations are prohibited from earning profit from the federal award (see 2 CFR 200 §400(g)).",False,,,False,False,False,False,False,False,,False,113.0,False,False,False,False,False,False,False,False,700000.0,award_ceiling,700000.0,True,False,False,False,False,False,4.23,False,,False,False,True,True,True,True,True,True,False,False,True,14,False,True,,False,False,False,False,1,True,False,False,,True,False,False,False,,2026-09-30,2026-08-18,Infant-Toddler Court Program–State Awards,forecast,ok,10,G2,G2.O2,"This grant directly funds enhanced child welfare practices for families with young children involved in child welfare, advancing G2.O2's focus on reforming child welfare to improve safety, permanency, and well-being.","The Infant-Toddler Court Program (ITCP) State Awards allow states and communities to support and expand use of enhanced child welfare practices in communities across the country that bring together courts, social services, and families to improve the safety, healthy development, and nurturing relationships of families with young children involved with child welfare.",lead,"Any domestic public or private entity, including an Indian tribe or tribal organization (as those terms are defined at 25 U.S.C. 5304) (formerly cited as 25 U.S.C. 450b)) is eligible to apply.",DSS,9,"DSS administers child welfare and county social services, so this grant extends its existing child welfare improvement work with courts and local agencies.","Success depends on active participation of local court systems, which are outside NCDHHS's direct authority; without court buy-in, implementation could stall.",True,"Directly funds child welfare practice improvements for infants and toddlers in court-involved families, aligning with DSS's child welfare reform goal.","[""Awardees must train local ITC teams and track program outcomes"", ""Implementation is in targeted communities""]",True,True,lead,deepseek/deepseek-v4-pro,92b0344f579a,True,10.0,0.0,0.85,0.0,0.0,86.88,forecast_watchlist
17,23b80a6d-ae96-4b02-b4ae-69093f8939d5,Core State Injury Prevention Program (Core SIPP),forecast,True,False,,23b80a6d-ae96-4b02-b4ae-69093f8939d5,CDC-RFA-CE-27-0039,forecasted,HHS-CDC-NCIPC,discretionary,,2026-07-30,,,2027-04-07,False,26.0,37000000.0,0.0,,,,93.136|Injury Prevention and Control Research and State and Community Based Programs,cooperative_agreement,health,,nonprofits_non_higher_education_with_501c3;other_native_american_tribal_organizations;independent_school_districts;state_governments;private_institutions_of_higher_education;for_profit_organizations_other_than_small_businesses;federally_recognized_native_american_tribal_governments;public_and_state_institutions_of_higher_education;special_district_governments;city_or_township_governments;small_businesses;county_governments;nonprofits_non_higher_education_without_501c3;public_and_indian_housing_authorities,"Bona fide agents are eligible to apply. For more information about bona fide agents, please see the CDC webpage on Expediting the Federal Grant Process with an Administrative Partner located at https://www.cdc.gov/publichealthgateway/grantsfunding/expediting.html#Q2. Applicants are expected to have current experience, partnerships and organizational capacity to complete planned activities. Eligible applications must include the following to demonstrate their capacity and be responsive:   One letter of commitment (LOC) from the state health department officer on official letterhead supporting proposed activities.One letter of support (LOS) from an organization representing the chosen population(s) with high rates of injury. An organizational chart is required. One letter of support (LOS) from entities within the state that own mortality and hospitalization data. The letter should state the nature of the applicant's ongoing access to these data (via MOA, contract, housed within the recipient organization, etc.).Documentation of access to the most recent primary data, to include 2023 or 2024 mortality and hospitalization data, is required. Access should be documented in labeled tables and provide a state/territory wide summary of 2023 or 2024 mortality and hospitalization data analyzed by age, sex, and cause. Documentation can include mortality and hospitalization State Injury Indicator data spreadsheets for 2023 or 2024.",Centers for Disease Control - NCIPC,Department of Health and Human Services,"Khiya Mullins
770-488-3911",coresipp@cdc.gov,coresipp@cdc.gov,2027-01-07,2027-03-08,Electronically submitted applications must be submitted no later than 11:59 pm ET on the listed application due date.,2027-07-02,2027-08-01,2027.0,,,https://simpler.grants.gov/opportunity/23b80a6d-ae96-4b02-b4ae-69093f8939d5,"<p>This forecast is for CDC's Core State Injury Prevention Program (Core SIPP), a cooperative agreement to<strong>&nbsp;</strong>support public health infrastructure, data, and partnerships to use data to identify potential risk and inform the implementation of strategies to prevent unintentional injury. Actions using the best available evidence are intended to increase protective factors and reduce risk factors for injuries and death. This approach includes engaging in robust state-based data and surveillance and strengthening strategic collaborations and partnerships. The overall goal of this approach is to inform public health action for injury prevention.&nbsp;</p><p>Recipients will focus on traumatic brain injury, older adult falls, and drowning, and are encouraged to examine their data to address identified priority injury topics of local concern that recipients do not currently receive CDC funding to address (e.g., transportation safety). Key outcomes include increased knowledge and use of emerging data sources, increased knowledge and translation of data, increased dissemination of surveillance data, increased community partnerships, and enhanced multi-sector partnerships. Additional outcomes include enhanced access to data and systems, increased use of data to identify populations with high rates of injury, increased capacity to strengthen communities, sustained injury prevention public health actions, increased adoption of continuous quality improvement practices, and strengthened coordination among partners to leverage and maximize resources.</p><p>Applications are not being solicited currently. This forecast is provided to allow potential applicants time to begin planning, review relevant data, and consider partnerships and prevention strategies that may align with this anticipated opportunity.</p>","This forecast is for CDC's Core State Injury Prevention Program (Core SIPP), a cooperative agreement to   support public health infrastructure, data, and partnerships to use data to identify potential risk and inform the implementation of strategies to prevent unintentional injury. Actions using the best available evidence are intended to increase protective factors and reduce risk factors for injuries and death. This approach includes engaging in robust state-based data and surveillance and strengthening strategic collaborations and partnerships. The overall goal of this approach is to inform public health action for injury prevention. 
 Recipients will focus on traumatic brain injury, older adult falls, and drowning, and are encouraged to examine their data to address identified priority injury topics of local concern that recipients do not currently receive CDC funding to address (e.g., transportation safety). Key outcomes include increased knowledge and use of emerging data sources, increased knowledge and translation of data, increased dissemination of surveillance data, increased community partnerships, and enhanced multi-sector partnerships. Additional outcomes include enhanced access to data and systems, increased use of data to identify populations with high rates of injury, increased capacity to strengthen communities, sustained injury prevention public health actions, increased adoption of continuous quality improvement practices, and strengthened coordination among partners to leverage and maximize resources.
 Applications are not being solicited currently. This forecast is provided to allow potential applicants time to begin planning, review relevant data, and consider partnerships and prevention strategies that may align with this anticipated opportunity.","Core State Injury Prevention Program (Core SIPP)
This forecast is for CDC's Core State Injury Prevention Program (Core SIPP), a cooperative agreement to   support public health infrastructure, data, and partnerships to use data to identify potential risk and inform the implementation of strategies to prevent unintentional injury. Actions using the best available evidence are intended to increase protective factors and reduce risk factors for injuries and death. This approach includes engaging in robust state-based data and surveillance and strengthening strategic collaborations and partnerships. The overall goal of this approach is to inform public health action for injury prevention. 
 Recipients will focus on traumatic brain injury, older adult falls, and drowning, and are encouraged to examine their data to address identified priority injury topics of local concern that recipients do not currently receive CDC funding to address (e.g., transportation safety). Key outcomes include increased knowledge and use of emerging data sources, increased knowledge and translation of data, increased dissemination of surveillance data, increased community partnerships, and enhanced multi-sector partnerships. Additional outcomes include enhanced access to data and systems, increased use of data to identify populations with high rates of injury, increased capacity to strengthen communities, sustained injury prevention public health actions, increased adoption of continuous quality improvement practices, and strengthened coordination among partners to leverage and maximize resources.
 Applications are not being solicited currently. This forecast is provided to allow potential applicants time to begin planning, review relevant data, and consider partnerships and prevention strategies that may align with this anticipated opportunity.
Bona fide agents are eligible to apply. For more information about bona fide agents, please see the CDC webpage on Expediting the Federal Grant Process with an Administrative Partner located at https://www.cdc.gov/publichealthgateway/grantsfunding/expediting.html#Q2. Applicants are expected to have current experience, partnerships and organizational capacity to complete planned activities. Eligible applications must include the following to demonstrate their capacity and be responsive:   One letter of commitment (LOC) from the state health department officer on official letterhead supporting proposed activities.One letter of support (LOS) from an organization representing the chosen population(s) with high rates of injury. An organizational chart is required. One letter of support (LOS) from entities within the state that own mortality and hospitalization data. The letter should state the nature of the applicant's ongoing access to these data (via MOA, contract, housed within the recipient organization, etc.).Documentation of access to the most recent primary data, to include 2023 or 2024 mortality and hospitalization data, is required. Access should be documented in labeled tables and provide a state/territory wide summary of 2023 or 2024 mortality and hospitalization data analyzed by age, sex, and cause. Documentation can include mortality and hospitalization State Injury Indicator data spreadsheets for 2023 or 2024.",False,,,False,False,False,False,False,False,,False,99.0,False,False,False,False,False,False,True,False,1423076.923076923,average_award,1423076.923076923,True,False,True,False,False,False,5.77,False,,False,False,True,True,True,True,True,True,False,False,False,14,False,True,,True,False,False,False,1,True,False,False,,True,False,False,False,,2026-09-30,2026-08-18,Core State Injury Prevention Program (Core SIPP),forecast,ok,9,G5,G5.O1,"The grant funds state-based public health data infrastructure, surveillance, and partnerships to inform injury prevention, directly supporting data-driven decision-making.",engaging in robust state-based data and surveillance and strengthening strategic collaborations and partnerships,lead,state_governments,DPH,9,DPH is the department's public health surveillance and epidemiology division and can host state injury data and prevention partnerships as an extension of its existing prevention work.,"It is currently only a forecast, so the final NOFO could change scope, data-access requirements, or eligibility before applications are accepted.",True,Strong fit for DPH; CDC funds state injury data and surveillance partnerships that advance NCDHHS data-driven decision-making under G5.O1.,"[""Letter of commitment from the state health department officer on official letterhead supporting proposed activities"", ""Letters of support from an organization representing the chosen population(s) and from entities that own mortality and hospitalization data"", ""Organizational chart required"", ""Documentation of access to the most recent primary data, to include 2023 or 2024 mortality and hospitalization data""]",True,True,lead,deepseek/deepseek-v4-pro,92b0344f579a,True,10.0,0.0,0.85,0.0,0.0,86.06,forecast_watchlist
18,d40414c8-6ebb-4e3a-a9e0-5bf7e0a40d63,Pregnancy and Postpartum Hypertension Control Initiative,forecast,True,False,,d40414c8-6ebb-4e3a-a9e0-5bf7e0a40d63,WH-AST-25-001,forecasted,HHS-OPHS,discretionary,,2024-08-01,,,,False,18.0,10000000.0,300000.0,550000.0,,,93.088|Advancing System Improvements for Key Issues in Women's Health,grant,health,,public_and_indian_housing_authorities;private_institutions_of_higher_education;for_profit_organizations_other_than_small_businesses;independent_school_districts;special_district_governments;public_and_state_institutions_of_higher_education;other_native_american_tribal_organizations;small_businesses;city_or_township_governments;federally_recognized_native_american_tribal_governments;nonprofits_non_higher_education_with_501c3;state_governments;nonprofits_non_higher_education_without_501c3;county_governments,,Office of the Assistant Secretary for Health,Department of Health and Human Services,"Hodan Eyow
202-690-7650",owhgrants@hhs.gov,owhgrants@hhs.gov,2025-04-30,2025-07-16,Applications must be submitted electronically no later than 6:00 pm Eastern Time.,2025-09-15,2025-09-30,2025.0,,,https://simpler.grants.gov/opportunity/d40414c8-6ebb-4e3a-a9e0-5bf7e0a40d63,"The Office on Women's Health (OWH) anticipates the availability of funding for an implementation and scaling project to build upon foundational work in managing hypertension by the HHS Hypertension Innovator Award (OWH), the Hypertension in Pregnancy Change Package (CDC), the National Hypertension Control Initiative (OMH, HRSA), the SMBP Forum and SMBP QI work (CDC), the CDC-supported National Hypertension Control Roundtable, and the HHS Federal Hypertension Control Leadership Council. The lessons generated from these endeavors will be deployed to achieve the current initiative’s primary aim to accelerate nation-wide implementation of SMBP (self-measured blood pressure) during pregnancy and postpartum. SMBP is a best practice defined as the regular measurement of blood pressure by the patient at home or other setting with clinical support. Based on a large body of evidence, SMBP is recommended in both national and international guidelines for the detection and control of HTN in adults and its use postpartum by AHRQ’s Systematic Review and Meta-Analysis on the Management of Postpartum Hypertensive Disorders of Pregnancy.This initiative is intended to serve as the catalyst to drive towards making SMBP a common and routine practice during pregnancy and postpartum.  With a special focus on underserved and rural communities, including maternity care deserts, the initiative seeks equitable detection and control of HTN, improved maternal and fetal outcomes, and reductions in admissions and morbidity from HTN-related complications.Applicants will need to demonstrate that they will be able to fully implement their projects within the first six months of the award. Recipients will be expected to evaluate processes and outcomes throughout the project to assess project effectiveness and impact over the period of performance.Over the course of the project, recipients will be expected to document and share project findings and results (e.g., data, best practices, lessons learned) with HHS and others interested in SMBP utilization during pregnancy and postpartum.We expect to fund awards in 12-month budget periods for a total period of performance up to 24 months. Recipients must submit a non-competing continuation (NCC) application for each budget period after the first. Continuation funding is contingent upon the availability of funds, satisfactory progress of the project, appropriate stewardship of federal funds, and the best interests of the government. Funding for all approved budget periods after the first is generally the same as the initial award amount subject to any offset with funds unused in the previous budget period. These projects are time-limited for the purpose of assessing the effectiveness of an approach or intervention toward reaching a desired outcome. We expect award recipients under this opportunity to consider approaches to sustainability beyond the end of the support provided by OWH. Any private (either profit or nonprofit) or public entity located in a State is eligible to apply for an award under this opportunity.  “State” includes, in addition to the several States, only the District of Columbia, Guam, the Commonwealth of Puerto Rico, the Northern Mariana Islands, the Virgin Islands, American Samoa, the Trust Territory of the Pacific Islands, and any agency or instrumentality thereof exclusive of local governments. (42 U.S.C. § 201(f) (PHS Act, Section 2(f)), 45 C.F.R. § 75.2). Eligible entities include private (either profit or nonprofit) or public faith-based organizations, community-based organizations, and American Indian/Alaska Native/Native American (AI/AN/NA) organizations.","The Office on Women's Health (OWH) anticipates the availability of funding for an implementation and scaling project to build upon foundational work in managing hypertension by the HHS Hypertension Innovator Award (OWH), the Hypertension in Pregnancy Change Package (CDC), the National Hypertension Control Initiative (OMH, HRSA), the SMBP Forum and SMBP QI work (CDC), the CDC-supported National Hypertension Control Roundtable, and the HHS Federal Hypertension Control Leadership Council. The lessons generated from these endeavors will be deployed to achieve the current initiative’s primary aim to accelerate nation-wide implementation of SMBP (self-measured blood pressure) during pregnancy and postpartum. SMBP is a best practice defined as the regular measurement of blood pressure by the patient at home or other setting with clinical support. Based on a large body of evidence, SMBP is recommended in both national and international guidelines for the detection and control of HTN in adults and its use postpartum by AHRQ’s Systematic Review and Meta-Analysis on the Management of Postpartum Hypertensive Disorders of Pregnancy.This initiative is intended to serve as the catalyst to drive towards making SMBP a common and routine practice during pregnancy and postpartum.  With a special focus on underserved and rural communities, including maternity care deserts, the initiative seeks equitable detection and control of HTN, improved maternal and fetal outcomes, and reductions in admissions and morbidity from HTN-related complications.Applicants will need to demonstrate that they will be able to fully implement their projects within the first six months of the award. Recipients will be expected to evaluate processes and outcomes throughout the project to assess project effectiveness and impact over the period of performance.Over the course of the project, recipients will be expected to document and share project findings and results (e.g., data, best practices, lessons learned) with HHS and others interested in SMBP utilization during pregnancy and postpartum.We expect to fund awards in 12-month budget periods for a total period of performance up to 24 months. Recipients must submit a non-competing continuation (NCC) application for each budget period after the first. Continuation funding is contingent upon the availability of funds, satisfactory progress of the project, appropriate stewardship of federal funds, and the best interests of the government. Funding for all approved budget periods after the first is generally the same as the initial award amount subject to any offset with funds unused in the previous budget period. These projects are time-limited for the purpose of assessing the effectiveness of an approach or intervention toward reaching a desired outcome. We expect award recipients under this opportunity to consider approaches to sustainability beyond the end of the support provided by OWH. Any private (either profit or nonprofit) or public entity located in a State is eligible to apply for an award under this opportunity.  “State” includes, in addition to the several States, only the District of Columbia, Guam, the Commonwealth of Puerto Rico, the Northern Mariana Islands, the Virgin Islands, American Samoa, the Trust Territory of the Pacific Islands, and any agency or instrumentality thereof exclusive of local governments. (42 U.S.C. § 201(f) (PHS Act, Section 2(f)), 45 C.F.R. § 75.2). Eligible entities include private (either profit or nonprofit) or public faith-based organizations, community-based organizations, and American Indian/Alaska Native/Native American (AI/AN/NA) organizations.","Pregnancy and Postpartum Hypertension Control Initiative
The Office on Women's Health (OWH) anticipates the availability of funding for an implementation and scaling project to build upon foundational work in managing hypertension by the HHS Hypertension Innovator Award (OWH), the Hypertension in Pregnancy Change Package (CDC), the National Hypertension Control Initiative (OMH, HRSA), the SMBP Forum and SMBP QI work (CDC), the CDC-supported National Hypertension Control Roundtable, and the HHS Federal Hypertension Control Leadership Council. The lessons generated from these endeavors will be deployed to achieve the current initiative’s primary aim to accelerate nation-wide implementation of SMBP (self-measured blood pressure) during pregnancy and postpartum. SMBP is a best practice defined as the regular measurement of blood pressure by the patient at home or other setting with clinical support. Based on a large body of evidence, SMBP is recommended in both national and international guidelines for the detection and control of HTN in adults and its use postpartum by AHRQ’s Systematic Review and Meta-Analysis on the Management of Postpartum Hypertensive Disorders of Pregnancy.This initiative is intended to serve as the catalyst to drive towards making SMBP a common and routine practice during pregnancy and postpartum.  With a special focus on underserved and rural communities, including maternity care deserts, the initiative seeks equitable detection and control of HTN, improved maternal and fetal outcomes, and reductions in admissions and morbidity from HTN-related complications.Applicants will need to demonstrate that they will be able to fully implement their projects within the first six months of the award. Recipients will be expected to evaluate processes and outcomes throughout the project to assess project effectiveness and impact over the period of performance.Over the course of the project, recipients will be expected to document and share project findings and results (e.g., data, best practices, lessons learned) with HHS and others interested in SMBP utilization during pregnancy and postpartum.We expect to fund awards in 12-month budget periods for a total period of performance up to 24 months. Recipients must submit a non-competing continuation (NCC) application for each budget period after the first. Continuation funding is contingent upon the availability of funds, satisfactory progress of the project, appropriate stewardship of federal funds, and the best interests of the government. Funding for all approved budget periods after the first is generally the same as the initial award amount subject to any offset with funds unused in the previous budget period. These projects are time-limited for the purpose of assessing the effectiveness of an approach or intervention toward reaching a desired outcome. We expect award recipients under this opportunity to consider approaches to sustainability beyond the end of the support provided by OWH. Any private (either profit or nonprofit) or public entity located in a State is eligible to apply for an award under this opportunity.  “State” includes, in addition to the several States, only the District of Columbia, Guam, the Commonwealth of Puerto Rico, the Northern Mariana Islands, the Virgin Islands, American Samoa, the Trust Territory of the Pacific Islands, and any agency or instrumentality thereof exclusive of local governments. (42 U.S.C. § 201(f) (PHS Act, Section 2(f)), 45 C.F.R. § 75.2). Eligible entities include private (either profit or nonprofit) or public faith-based organizations, community-based organizations, and American Indian/Alaska Native/Native American (AI/AN/NA) organizations.
",False,,,False,False,False,False,False,False,,False,-518.0,True,True,False,False,False,False,False,False,555555.5555555555,award_ceiling,550000.0,True,False,False,False,False,False,3.7,False,,False,False,True,True,True,True,True,True,False,False,False,14,False,True,,False,False,False,False,1,True,False,False,,True,False,False,True,,2026-09-30,2026-08-18,Pregnancy and Postpartum Hypertension Control Initiative,forecast,ok,10,G2,G2.O4,The grant directly funds improved maternal health and birth outcomes by scaling self-measured blood pressure during pregnancy and postpartum.,"With a special focus on underserved and rural communities, including maternity care deserts, the initiative seeks equitable detection and control of HTN, improved maternal and fetal outcomes, and reductions in admissions and morbidity from HTN-related complications.",lead,Any private (either profit or nonprofit) or public entity located in a State is eligible to apply for an award under this opportunity.,DPH,9,DPH already houses maternal and child health and chronic disease programs and can implement this through local health departments and safety-net partners.,"The initiative requires full implementation within six months and is time-limited to 24 months, so readiness and sustainability planning are immediate challenges.",True,Directly funds maternal health improvement under G2.O4; DPH can lead with local health partners.,"[""Must fully implement project within the first six months of award"", ""Must evaluate processes and outcomes throughout the project"", ""Must document and share findings and results with HHS and others"", ""Requires a non-competing continuation application for the second budget period"", ""Focus on underserved and rural communities, including maternity care deserts""]",True,True,lead,deepseek/deepseek-v4-pro,92b0344f579a,True,10.0,0.0,0.85,0.0,0.0,85.94,forecast_watchlist
19,02b2d236-f596-4aca-874d-b8e364156ddc,Rural Communities Opioid Response Program - Community Systems Development,forecast,True,False,,02b2d236-f596-4aca-874d-b8e364156ddc,HRSA-27-042,forecasted,HHS-HRSA,discretionary,,2026-08-14,,,2027-05-06,False,6.0,3000000.0,0.0,500000.0,https://www.hrsa.gov/rural-health/opioid-response,https://www.hrsa.gov/rural-health/opioid-response,93.690|Rural Communities Opioid Response Programs,grant,health,,state_governments;for_profit_organizations_other_than_small_businesses;public_and_state_institutions_of_higher_education;federally_recognized_native_american_tribal_governments;unrestricted;nonprofits_non_higher_education_with_501c3;independent_school_districts;nonprofits_non_higher_education_without_501c3;other_native_american_tribal_organizations;public_and_indian_housing_authorities;small_businesses;city_or_township_governments;county_governments;special_district_governments;private_institutions_of_higher_education,"You can apply if you are a domestic public or private, non-profit or for-profit entity. ""Domestic"" means the 50 states, the District of Columbia, the Commonwealth of Puerto Rico, the Northern Mariana Islands, American Samoa, Guam, the U.S. Virgin Islands, the Federated States of Micronesia, the Republic of the Marshall Islands, and the Republic of Palau.",Health Resources and Services Administration,Department of Health and Human Services,"Lynlee Tanner Stapleton
301-443-5764",ruralopioidresponse@hrsa.gov,ruralopioidresponse@hrsa.gov,2027-02-05,2027-04-06,"Electronically submitted applications must be submitted no later than 11:59 p.m., ET, on the listed application due date.",2027-08-01,2027-09-01,2027.0,,,https://simpler.grants.gov/opportunity/02b2d236-f596-4aca-874d-b8e364156ddc,"<p>The Rural Communities Opioid Response Program (RCORP) - Community Systems Development <span style=""background-color:rgba(0,0,0,0);"">provides funding to communities in rural areas to develop and/or expand behavioral health systems of care through formalized networks that expand operational and clinical service capacity regionally through coordinated implementation of evidence-based SUD prevention, treatment, recovery, and related services.</span></p>","The Rural Communities Opioid Response Program (RCORP) - Community Systems Development  provides funding to communities in rural areas to develop and/or expand behavioral health systems of care through formalized networks that expand operational and clinical service capacity regionally through coordinated implementation of evidence-based SUD prevention, treatment, recovery, and related services.","Rural Communities Opioid Response Program - Community Systems Development
The Rural Communities Opioid Response Program (RCORP) - Community Systems Development  provides funding to communities in rural areas to develop and/or expand behavioral health systems of care through formalized networks that expand operational and clinical service capacity regionally through coordinated implementation of evidence-based SUD prevention, treatment, recovery, and related services.
You can apply if you are a domestic public or private, non-profit or for-profit entity. ""Domestic"" means the 50 states, the District of Columbia, the Commonwealth of Puerto Rico, the Northern Mariana Islands, American Samoa, Guam, the U.S. Virgin Islands, the Federated States of Micronesia, the Republic of the Marshall Islands, and the Republic of Palau.",False,,,False,False,False,False,False,False,,False,128.0,False,False,False,False,False,False,False,False,500000.0,award_ceiling,500000.0,True,False,False,False,False,False,3.49,False,,False,False,True,True,True,True,True,True,False,True,False,15,False,True,,False,False,False,False,1,True,False,False,,True,False,False,False,,2026-09-30,2026-08-18,Rural Communities Opioid Response Program - Community Systems Development,forecast,ok,10,G3,G3.O4,"The grant directly funds evidence-based substance use disorder prevention, treatment, and recovery services, which is the core of NCDHHS's opioid and substance use crisis objective.","funding to communities in rural areas to develop and/or expand behavioral health systems of care through formalized networks that expand operational and clinical service capacity regionally through coordinated implementation of evidence-based SUD prevention, treatment, recovery, and related services.",lead,"You can apply if you are a domestic public or private, non-profit or for-profit entity.",DMHDDSUS,9,"DMHDDSUS already oversees substance use and opioid response services, so managing a rural SUD systems-development grant is an extension of its current work, though it would need rural network partners.","The grant requires formalized networks and targets rural communities, so NCDHHS would need strong local partnerships to implement it effectively.",True,"Directly funds rural substance use prevention, treatment, and recovery systems; strong fit with DMHDDSUS opioid/substance use work, though it requires rural network partners.","[""Rural area focus"", ""Formalized network requirement""]",True,True,lead,deepseek/deepseek-v4-pro,92b0344f579a,True,10.0,0.0,0.85,0.0,0.0,85.57,forecast_watchlist
20,ed62aa8d-6a01-4e52-931c-7c47f1facda6,Alliance for Innovation on Maternal Health (AIM) Capacity Program,forecast,True,False,,ed62aa8d-6a01-4e52-931c-7c47f1facda6,HRSA-27-028,forecasted,HHS-HRSA,discretionary,,2026-07-31,,,2028-09-01,False,35.0,8050000.0,0.0,230000.0,https://mchb.hrsa.gov/programs-impact/programs/alliance-innovation-maternal-health,https://mchb.hrsa.gov/programs-impact/programs/alliance-innovation-maternal-health,93.688|Innovation for Maternal Health,grant,health,,unrestricted,Applicants can apply if you are capable of carrying out data-driven maternal safety and quality improvement initiatives in the areas of obstetrics and gynecology or maternal health.,Health Resources and Services Administration,Department of Health and Human Services,"Alliance for Innovation on Maternal Health
301-945-3940",Wellwomancare@hrsa.gov,Maternal and Child Health Bureau – Division of Women's Health,2027-01-15,2027-03-17,"Electronically submitted applications must be submitted no later than 11:59 p.m., ET, on the listed application due date.",2027-08-02,2027-09-01,2027.0,,,https://simpler.grants.gov/opportunity/ed62aa8d-6a01-4e52-931c-7c47f1facda6,"<p>The purpose of the AIM Capacity program is to strengthen state, territorial, and Tribal capacity to implement, expand, and sustain AIM Patient Safety Bundles and associated resources across the United States. The program supports implementation of evidence-informed maternal safety practices to improve the quality and safety of maternity care, improve maternal health outcomes, and reduce preventable maternal mortality and severe maternal morbidity.</p>","The purpose of the AIM Capacity program is to strengthen state, territorial, and Tribal capacity to implement, expand, and sustain AIM Patient Safety Bundles and associated resources across the United States. The program supports implementation of evidence-informed maternal safety practices to improve the quality and safety of maternity care, improve maternal health outcomes, and reduce preventable maternal mortality and severe maternal morbidity.","Alliance for Innovation on Maternal Health (AIM) Capacity Program
The purpose of the AIM Capacity program is to strengthen state, territorial, and Tribal capacity to implement, expand, and sustain AIM Patient Safety Bundles and associated resources across the United States. The program supports implementation of evidence-informed maternal safety practices to improve the quality and safety of maternity care, improve maternal health outcomes, and reduce preventable maternal mortality and severe maternal morbidity.
Applicants can apply if you are capable of carrying out data-driven maternal safety and quality improvement initiatives in the areas of obstetrics and gynecology or maternal health.",False,,,False,False,False,False,False,False,,False,107.0,False,False,False,False,False,False,False,False,230000.0,award_ceiling,230000.0,True,False,False,False,False,False,1.81,False,,False,False,False,False,False,False,False,False,False,True,False,1,False,False,,False,False,False,False,1,True,False,False,,True,False,False,False,,2026-09-30,2026-08-18,Alliance for Innovation on Maternal Health (AIM) Capacity Program,forecast,ok,10,G2,G2.O4,"This grant directly funds implementation of maternal safety practices to reduce maternal mortality and morbidity, advancing NCDHHS's objective to improve women's health and birth outcomes.","The program supports implementation of evidence-informed maternal safety practices to improve the quality and safety of maternity care, improve maternal health outcomes, and reduce preventable maternal mortality and severe maternal morbidity.",lead,Applicants can apply if you are capable of carrying out data-driven maternal safety and quality improvement initiatives in the areas of obstetrics and gynecology or maternal health.,DPH,10,"DPH already leads maternal and child health and quality improvement initiatives, so implementing AIM maternal safety bundles is a direct extension of its existing work.","North Carolina may already have many AIM bundle elements in place, so the grant could add limited new capacity.",True,Directly funds maternal safety bundle implementation to reduce maternal mortality and severe morbidity; fits DPH's maternal health role and NCDHHS's birth outcomes goal.,[],True,True,lead,deepseek/deepseek-v4-pro,92b0344f579a,True,10.0,0.0,0.85,0.0,0.0,85.55,forecast_watchlist
21,51fa7e21-beca-497f-a0f1-bf175382f77f,Fiscal Year (FY) 2027 Service Area Competition (SAC),forecast,True,False,,51fa7e21-beca-497f-a0f1-bf175382f77f,HRSA-27-006,forecasted,HHS-HRSA,discretionary,,2026-07-31,,,2027-10-02,False,109.0,422424000.0,398400.0,22025000.0,,,93.224|Health Center Program,grant,health,,county_governments;public_and_indian_housing_authorities;other_native_american_tribal_organizations;nonprofits_non_higher_education_without_501c3;federally_recognized_native_american_tribal_governments;special_district_governments;city_or_township_governments;state_governments;nonprofits_non_higher_education_with_501c3,,Health Resources and Services Administration,Department of Health and Human Services,"Health Resources and Services Administration
301-594-4300",bphcfunding@hrsa.gov,bphcfunding@hrsa.gov,2026-08-21,2026-09-21,"Electronically submitted applications must be submitted no later than 11:59 p.m., ET, on the listed application due date.",2027-01-30,2027-02-01,2027.0,,,https://simpler.grants.gov/opportunity/51fa7e21-beca-497f-a0f1-bf175382f77f,"<p>The FY 2027 Health Center Program Service Area Competition (SAC) funding improves the health of medically underserved communities and populations by providing grants to support the delivery of comprehensive, high-quality preventive and primary health care services in the United States and its territories. For each SAC Notice of Funding Opportunity (NOFO), service areas available for competition are announced in the Service Area Announcement Table (SAAT). Throughout the year, we may announce additional service areas in a Service Area Competition-Additional Area (SAC-AA) if an awarded health center cannot continue to provide services in the funded service area.</p>","The FY 2027 Health Center Program Service Area Competition (SAC) funding improves the health of medically underserved communities and populations by providing grants to support the delivery of comprehensive, high-quality preventive and primary health care services in the United States and its territories. For each SAC Notice of Funding Opportunity (NOFO), service areas available for competition are announced in the Service Area Announcement Table (SAAT). Throughout the year, we may announce additional service areas in a Service Area Competition-Additional Area (SAC-AA) if an awarded health center cannot continue to provide services in the funded service area.","Fiscal Year (FY) 2027 Service Area Competition (SAC)
The FY 2027 Health Center Program Service Area Competition (SAC) funding improves the health of medically underserved communities and populations by providing grants to support the delivery of comprehensive, high-quality preventive and primary health care services in the United States and its territories. For each SAC Notice of Funding Opportunity (NOFO), service areas available for competition are announced in the Service Area Announcement Table (SAAT). Throughout the year, we may announce additional service areas in a Service Area Competition-Additional Area (SAC-AA) if an awarded health center cannot continue to provide services in the funded service area.
",False,,,False,False,False,False,False,False,,False,-40.0,True,True,False,False,False,False,False,False,3875449.541284404,award_ceiling,22025000.0,True,False,True,False,False,False,10.0,False,,False,False,True,True,False,True,True,False,False,False,False,9,False,False,,False,False,False,False,1,True,False,False,,True,False,False,True,,2026-09-30,2026-08-18,Fiscal Year (FY) 2027 Service Area Competition (SAC),forecast,ok,10,G1,G1.O3,"The SAC directly funds delivery of comprehensive primary and preventive care in medically underserved communities, matching G1.O3's focus on rural and underserved primary care.","improves the health of medically underserved communities and populations by providing grants to support the delivery of comprehensive, high-quality preventive and primary health care services",atypical,state_governments,ORH,5,"ORH's portfolio already includes rural and underserved primary care and safety-net clinics, but it does not directly operate a Health Center Program service area, which limits its ability to run this grant.","The competition may be limited to existing HRSA Health Center Program service areas, and NCDHHS may not currently operate an eligible service area, leaving no clear path to apply.",False,"Strong fit with rural and underserved primary care, but NCDHHS is not a typical health center operator and likely has no eligible service area.","[""Limited to service areas announced in the Service Area Announcement Table (SAAT).""]",True,True,atypical,deepseek/deepseek-v4-pro,92b0344f579a,True,10.0,0.0,0.85,0.0,0.0,85.29,forecast_watchlist
22,f931e3f2-28c6-4bcb-83ff-894bc6b2266c,"National Viral Hepatitis Education, Awareness, and Capacity Building for Communities and Providers",forecast,True,False,,f931e3f2-28c6-4bcb-83ff-894bc6b2266c,CDC-RFA-PS-27-0011,forecasted,HHS-CDC-NCHHSTP,discretionary,,2026-07-09,,,2027-07-01,False,2.0,5500000.0,0.0,,,,93.270|Viral Hepatitis Prevention and Control,cooperative_agreement,health,,nonprofits_non_higher_education_without_501c3;city_or_township_governments;independent_school_districts;small_businesses;private_institutions_of_higher_education;county_governments;federally_recognized_native_american_tribal_governments;public_and_state_institutions_of_higher_education;for_profit_organizations_other_than_small_businesses;nonprofits_non_higher_education_with_501c3;special_district_governments;public_and_indian_housing_authorities;other_native_american_tribal_organizations;state_governments,,Centers for Disease Control - NCHHSTP,Department of Health and Human Services,"Lindsey Sizemore
404-718-6541",ocr1@cdc.gov,ocr1@cdc.gov,2027-03-30,2027-06-01,Electronically submitted applications must be submitted no later than 11:59 pm ET on the listed application due date.,2027-08-31,2027-09-30,2027.0,,,https://simpler.grants.gov/opportunity/f931e3f2-28c6-4bcb-83ff-894bc6b2266c,"<p>In alignment with CDC's viral hepatitis strategic goals and current epidemiology, this Notice of Funding Opportunity (NOFO) will address the need for increasing awareness of viral hepatitis prevention, testing, and treatment options among populations disproportionately affected by hepatitis B and/or hepatitis C virus infections. The priority populations' needs will also be addressed by increasing healthcare professionals' competence in the evaluation and treatment of hepatitis B and/or hepatitis C virus infection. The outcomes of this NOFO will be achieved through two separate components. An organization may apply for one component or both components by submitting two separate applications, one for Part A and one for Part B. &nbsp;</p><ul><li data-list-item-id=""e70919499b88f14546b8d317404cad878"">Part A: Community Education, Awareness, and Capacity Building, and &nbsp;</li><li data-list-item-id=""e7c63f5cc35f8ca231fd1f67d2124d5d8"">Part B: Professional Education and Training. &nbsp;</li></ul><p>Strategies and activities conducted under each part may contribute to more people with hepatitis B and hepatitis C able to make informed health decisions and obtain proper care and treatment which can lead to decreased morbidity and mortality from hepatitis B and hepatitis C. &nbsp;</p><p>Part A strategies and activities focus on 1) leading, maintaining, and growing an existing coalition of public and private organizations serving populations disproportionately affected by hepatitis B and/or hepatitis C, 2) providing technical assistance and training to coalition members to deliver hepatitis B and/or hepatitis C educational outreach to disproportionately affected populations, and 3) building capacity of coalition members to conduct hepatitis B and/or hepatitis C virus infection testing and linkage to treatment in settings serving disproportionately affected populations. &nbsp;</p><p>Short-term outcomes include increasing capacity of the coalition to expand services to a larger number of populations disproportionately affected by hepatitis B and hepatitis C, increasing capacity of coalition members to deliver hepatitis B and/or hepatitis C educational outreach to disproportionately affected populations, and increasing testing for hepatitis B and/or hepatitis C virus infection among disproportionately affected populations. &nbsp;</p><p>Part B strategies and activities focus on 1) providing free comprehensive web-based, accurate, on-demand resources and trainings for healthcare professionals for hepatitis B and hepatitis C, and associated continuing education credits, and 2) actively marketing and promoting training and resources. &nbsp;</p><p>&nbsp;</p>","In alignment with CDC's viral hepatitis strategic goals and current epidemiology, this Notice of Funding Opportunity (NOFO) will address the need for increasing awareness of viral hepatitis prevention, testing, and treatment options among populations disproportionately affected by hepatitis B and/or hepatitis C virus infections. The priority populations' needs will also be addressed by increasing healthcare professionals' competence in the evaluation and treatment of hepatitis B and/or hepatitis C virus infection. The outcomes of this NOFO will be achieved through two separate components. An organization may apply for one component or both components by submitting two separate applications, one for Part A and one for Part B.  
  Part A: Community Education, Awareness, and Capacity Building, and  
 Part B: Professional Education and Training.  
  Strategies and activities conducted under each part may contribute to more people with hepatitis B and hepatitis C able to make informed health decisions and obtain proper care and treatment which can lead to decreased morbidity and mortality from hepatitis B and hepatitis C.  
 Part A strategies and activities focus on 1) leading, maintaining, and growing an existing coalition of public and private organizations serving populations disproportionately affected by hepatitis B and/or hepatitis C, 2) providing technical assistance and training to coalition members to deliver hepatitis B and/or hepatitis C educational outreach to disproportionately affected populations, and 3) building capacity of coalition members to conduct hepatitis B and/or hepatitis C virus infection testing and linkage to treatment in settings serving disproportionately affected populations.  
 Short-term outcomes include increasing capacity of the coalition to expand services to a larger number of populations disproportionately affected by hepatitis B and hepatitis C, increasing capacity of coalition members to deliver hepatitis B and/or hepatitis C educational outreach to disproportionately affected populations, and increasing testing for hepatitis B and/or hepatitis C virus infection among disproportionately affected populations.  
 Part B strategies and activities focus on 1) providing free comprehensive web-based, accurate, on-demand resources and trainings for healthcare professionals for hepatitis B and hepatitis C, and associated continuing education credits, and 2) actively marketing and promoting training and resources.","National Viral Hepatitis Education, Awareness, and Capacity Building for Communities and Providers
In alignment with CDC's viral hepatitis strategic goals and current epidemiology, this Notice of Funding Opportunity (NOFO) will address the need for increasing awareness of viral hepatitis prevention, testing, and treatment options among populations disproportionately affected by hepatitis B and/or hepatitis C virus infections. The priority populations' needs will also be addressed by increasing healthcare professionals' competence in the evaluation and treatment of hepatitis B and/or hepatitis C virus infection. The outcomes of this NOFO will be achieved through two separate components. An organization may apply for one component or both components by submitting two separate applications, one for Part A and one for Part B.  
  Part A: Community Education, Awareness, and Capacity Building, and  
 Part B: Professional Education and Training.  
  Strategies and activities conducted under each part may contribute to more people with hepatitis B and hepatitis C able to make informed health decisions and obtain proper care and treatment which can lead to decreased morbidity and mortality from hepatitis B and hepatitis C.  
 Part A strategies and activities focus on 1) leading, maintaining, and growing an existing coalition of public and private organizations serving populations disproportionately affected by hepatitis B and/or hepatitis C, 2) providing technical assistance and training to coalition members to deliver hepatitis B and/or hepatitis C educational outreach to disproportionately affected populations, and 3) building capacity of coalition members to conduct hepatitis B and/or hepatitis C virus infection testing and linkage to treatment in settings serving disproportionately affected populations.  
 Short-term outcomes include increasing capacity of the coalition to expand services to a larger number of populations disproportionately affected by hepatitis B and hepatitis C, increasing capacity of coalition members to deliver hepatitis B and/or hepatitis C educational outreach to disproportionately affected populations, and increasing testing for hepatitis B and/or hepatitis C virus infection among disproportionately affected populations.  
 Part B strategies and activities focus on 1) providing free comprehensive web-based, accurate, on-demand resources and trainings for healthcare professionals for hepatitis B and hepatitis C, and associated continuing education credits, and 2) actively marketing and promoting training and resources.
",False,,,False,False,False,False,False,False,,False,181.0,False,False,False,False,False,False,True,False,2750000.0,average_award,2750000.0,True,False,True,True,False,False,7.2,False,,False,False,True,True,True,True,True,True,False,False,False,14,False,True,,False,False,False,False,1,True,False,False,,True,False,False,True,,2026-09-30,2026-08-18,"National Viral Hepatitis Education, Awareness, and Capacity Building for Communities and Providers",forecast,ok,8,G1,G1.O4,"The grant directly funds coalition-based capacity building for community organizations serving populations disproportionately affected by hepatitis B and C, matching G1.O4's focus on investing in partner and community-based organization capacity.",building capacity of coalition members to conduct hepatitis B and/or hepatitis C virus infection testing and linkage to treatment in settings serving disproportionately affected populations.,lead,state_governments,DPH,9,"DPH already houses communicable disease prevention, surveillance, and local health department partnerships, making viral hepatitis education and provider training an extension of its existing public health role.","Part A requires leading and growing an existing hepatitis coalition, which could disadvantage NCDHHS if it lacks an established coalition of that kind.",True,"Builds DPH capacity to educate and test populations disproportionately affected by hepatitis B/C, advancing G1.O4 partner-capacity goals.","[""Part A requires leading, maintaining, and growing an existing coalition of public and private organizations serving populations disproportionately affected by hepatitis B and/or hepatitis C.""]",True,True,lead,deepseek/deepseek-v4-pro,92b0344f579a,True,10.0,0.0,0.85,0.0,0.0,85.06,forecast_watchlist
23,741f2935-18c1-4e3e-8f54-f30dc3a6ee80,Rural Maternity and Obstetrics Management Strategies Program,forecast,True,False,,741f2935-18c1-4e3e-8f54-f30dc3a6ee80,HRSA-27-047,forecasted,HHS-HRSA,discretionary,,2026-08-13,,,2028-09-30,False,2.0,2000000.0,0.0,1000000.0,,,93.912|Rural Healthcare Services Programs,cooperative_agreement,health,,private_institutions_of_higher_education;city_or_township_governments;county_governments;nonprofits_non_higher_education_without_501c3;other_native_american_tribal_organizations;independent_school_districts;nonprofits_non_higher_education_with_501c3;small_businesses;public_and_indian_housing_authorities;special_district_governments;state_governments;public_and_state_institutions_of_higher_education;federally_recognized_native_american_tribal_governments;for_profit_organizations_other_than_small_businesses,,Health Resources and Services Administration,Department of Health and Human Services,"Alexa Ofori
301-443-0835",RMOMS@hrsa.gov,RMOMS@hrsa.gov,2027-02-19,2027-04-20,"Electronically submitted applications must be submitted no later than 11:59 p.m., ET, on the listed application due date.",2027-08-30,2027-09-30,2027.0,,,https://simpler.grants.gov/opportunity/741f2935-18c1-4e3e-8f54-f30dc3a6ee80,<p>The purpose of the Rural Maternity and Obstetrics Management Strategies (Rural MOMS) program is to support collaborative improvement and innovation networks to improve access to and delivery of maternity and obstetrics care in rural areas.</p>,The purpose of the Rural Maternity and Obstetrics Management Strategies (Rural MOMS) program is to support collaborative improvement and innovation networks to improve access to and delivery of maternity and obstetrics care in rural areas.,"Rural Maternity and Obstetrics Management Strategies Program
The purpose of the Rural Maternity and Obstetrics Management Strategies (Rural MOMS) program is to support collaborative improvement and innovation networks to improve access to and delivery of maternity and obstetrics care in rural areas.
",False,,,False,False,False,False,False,False,,False,142.0,False,False,False,False,False,False,False,False,1000000.0,award_ceiling,1000000.0,True,False,True,True,False,False,5.0,False,,False,False,True,True,True,True,True,True,False,False,False,14,False,True,,False,False,False,False,1,True,False,False,,True,False,False,True,,2026-09-30,2026-08-18,Rural Maternity and Obstetrics Management Strategies Program,forecast,ok,9,G2,G2.O4,"The grant funds collaborative networks to improve rural maternity and obstetrics care, directly supporting NCDHHS's objective to improve women's health and birth outcomes.",support collaborative improvement and innovation networks to improve access to and delivery of maternity and obstetrics care in rural areas,lead,state_governments,DPH,9,"DPH already houses maternal and child health programs and works with local health departments, so this program is a direct extension of its existing work.",Building collaborative rural maternity networks will require sustained engagement from rural hospitals and providers facing workforce shortages and obstetric unit closures.,True,"Directly funds rural maternity and obstetrics access, aligning with NCDHHS maternal and child health goals; DPH could lead with ORH and local partners.",[],True,True,lead,deepseek/deepseek-v4-pro,92b0344f579a,True,10.0,0.0,0.85,0.0,0.0,84.71,forecast_watchlist
24,c30fddfd-2094-4cf0-ba21-04b6736fc755,Fiscal Year (FY) Service Area Competition (SAC),forecast,True,False,,c30fddfd-2094-4cf0-ba21-04b6736fc755,HRSA-27-007,forecasted,HHS-HRSA,discretionary,,2026-07-31,,,2027-10-02,False,80.0,288946000.0,566100.0,15336000.0,,,93.224|Health Center Program,grant,health,,city_or_township_governments;special_district_governments;other_native_american_tribal_organizations;nonprofits_non_higher_education_with_501c3;state_governments;county_governments;nonprofits_non_higher_education_without_501c3;public_and_indian_housing_authorities;federally_recognized_native_american_tribal_governments,,Health Resources and Services Administration,Department of Health and Human Services,"Health Resources and Services Administration
301-594-4300",bphcfunding@hrsa.gov,bphcfunding@hrsa.gov,2026-08-21,2026-09-21,"Electronically submitted applications must be submitted no later than 11:59 p.m., ET, on the listed application due date.",2027-02-01,2027-03-01,2027.0,,,https://simpler.grants.gov/opportunity/c30fddfd-2094-4cf0-ba21-04b6736fc755,"<p>The FY 2027 Health Center Program Service Area Competition (SAC) funding improves the health of medically underserved communities and populations by providing grants to support the delivery of comprehensive, high-quality preventive and primary health care services in the United States and its territories. For each SAC Notice of Funding Opportunity (NOFO), service areas available for competition are announced in the Service Area Announcement Table (SAAT). Throughout the year, we may announce additional service areas in a Service Area Competition-Additional Area (SAC-AA) if an awarded health center cannot continue to provide services in the funded service area.</p>","The FY 2027 Health Center Program Service Area Competition (SAC) funding improves the health of medically underserved communities and populations by providing grants to support the delivery of comprehensive, high-quality preventive and primary health care services in the United States and its territories. For each SAC Notice of Funding Opportunity (NOFO), service areas available for competition are announced in the Service Area Announcement Table (SAAT). Throughout the year, we may announce additional service areas in a Service Area Competition-Additional Area (SAC-AA) if an awarded health center cannot continue to provide services in the funded service area.","Fiscal Year (FY) Service Area Competition (SAC)
The FY 2027 Health Center Program Service Area Competition (SAC) funding improves the health of medically underserved communities and populations by providing grants to support the delivery of comprehensive, high-quality preventive and primary health care services in the United States and its territories. For each SAC Notice of Funding Opportunity (NOFO), service areas available for competition are announced in the Service Area Announcement Table (SAAT). Throughout the year, we may announce additional service areas in a Service Area Competition-Additional Area (SAC-AA) if an awarded health center cannot continue to provide services in the funded service area.
",False,,,False,False,False,False,False,False,,False,-40.0,True,True,False,False,False,False,False,False,3611825.0,award_ceiling,15336000.0,True,False,True,False,False,False,10.0,False,,False,False,True,True,False,True,True,False,False,False,False,9,False,False,,False,False,False,False,1,True,False,False,,True,False,False,True,,2026-09-30,2026-08-18,Fiscal Year (FY) Service Area Competition (SAC),forecast,ok,9,G1,G1.O3,"The grant directly funds comprehensive preventive and primary health care services in medically underserved communities, matching the rural and underserved primary care focus of G1.O3.","improves the health of medically underserved communities and populations by providing grants to support the delivery of comprehensive, high-quality preventive and primary health care services",atypical,state_governments,ORH,6,"ORH supports rural and safety-net primary care providers and shortage-area policy, but NCDHHS does not directly operate a Health Center Program service delivery site.","Health Center Program SAC applicants must directly operate a comprehensive primary care delivery site with a patient-majority governing board; NCDHHS lacks direct health center operations and would be an atypical, less competitive applicant.",False,"Strong health access alignment, but NCDHHS is an atypical direct health center operator and ORH does not run primary care clinics, so likely not a viable state application.","[""Service areas available for competition are limited to those announced in the Service Area Announcement Table (SAAT) or a Service Area Competition-Additional Area (SAC-AA)."", ""Competition is tied to a funded service area where an existing awarded health center cannot continue providing services.""]",True,True,atypical,deepseek/deepseek-v4-pro,92b0344f579a,True,10.0,0.0,0.85,0.0,0.0,84.71,forecast_watchlist
25,b3577f33-eee0-49fb-aeba-2ea0b02fe59e,Expanded Surveillance for Pediatric Infectious Diseases,forecast,True,False,,b3577f33-eee0-49fb-aeba-2ea0b02fe59e,RFA-IP-27-035,forecasted,HHS-CDC-HHSCDCERA,discretionary,,2026-07-28,,,2027-01-30,False,7.0,40000000.0,850000.0,1140000.0,,,"93.083|Prevention of Disease, Disability, and Death through Immunization and Control of Respiratory and Related Diseases",cooperative_agreement,health,,public_and_indian_housing_authorities;nonprofits_non_higher_education_without_501c3;federally_recognized_native_american_tribal_governments;special_district_governments;other_native_american_tribal_organizations;for_profit_organizations_other_than_small_businesses;independent_school_districts;public_and_state_institutions_of_higher_education;city_or_township_governments;nonprofits_non_higher_education_with_501c3;state_governments;county_governments;private_institutions_of_higher_education,,Centers for Disease Control and Prevention - ERA,Department of Health and Human Services,"Jamal Bankhead
404-718-4108",JBankhead@cdc.gov,JBankhead@cdc.gov,2026-10-30,2026-12-31,Electronically submitted applications must be submitted no later than 11:59 pm ET on the listed application due date.,2027-07-30,2027-09-01,2027.0,,,https://simpler.grants.gov/opportunity/b3577f33-eee0-49fb-aeba-2ea0b02fe59e,"<p>The purpose of this Notice of Funding Opportunity (NOFO) is to support a network of U.S. institutions that will conduct standardized, prospective, active surveillance of pediatric acute respiratory illness (ARI) and acute gastroenteritis (AGE). The network will focus on respiratory and enteric viruses among pediatric patients seeking healthcare.</p><p>In addition, the network will generate robust estimates of the effectiveness of influenza, rotavirus, respiratory syncytial virus (RSV) and other prevention products against respiratory and enteric viral illnesses in this population.</p><p>Recipients will identify AGE and ARI illnesses among patients seeking healthcare or diagnostic testing for acute illness among inpatient and emergency department populations. Recipients may also include patients seeking care in outpatient clinics, such as urgent care centers, as an optional activity.</p><p>This is a multi-component NOFO. You must apply for ComponentA (Core Component). You may also apply for one or more optional components.</p><p>Component A – Core Component (Required)</p><ul><li data-list-item-id=""e02453125fedf0a25d9b7c477f84130c1"">Support inpatient and emergency department pediatric surveillance</li><li data-list-item-id=""e2f9bf5ad3ad6fbd014a16035f28b2dee"">Follow the standardized protocol established by CDC</li></ul><p>Optional Components</p><ul><li data-list-item-id=""ef05879876da074312719f95290391a54"">Component B: Support outpatient pediatric surveillance</li><li data-list-item-id=""e35d0a2fc357242e0d09d2c9462e22566"">Component C: Study immune response and infection</li><li data-list-item-id=""ed957297655d6c1fcd7bc52f7dc1ad47b"">Component D: Study immune response and immunization</li></ul><p>Recipients will enroll patients meeting standard symptom criteria and confirm viral infections using approved molecular assays. The network will use the data to estimate prevention product effectiveness, hospitalization rates, and information on the natural history of medically attended diseases.</p><p>Findings of this NOFO will:</p><ul><li data-list-item-id=""ea84fc29ab8071c17c586a6bf9a80cbcc"">Improve best practices for diagnosis and treatment protocols</li><li data-list-item-id=""e4bba86c08c1ccfe8cf28cf1da2353793"">Inform prevention product recommendations</li><li data-list-item-id=""e8c0b6d0cb0f7e4fafec792b906f3a024"">Guide public health strategies</li><li data-list-item-id=""eec92d244743f85c8c220deb2d0abc3bf"">Reduce viral illness-associated hospitalizations and healthcare utilization among children</li></ul>","The purpose of this Notice of Funding Opportunity (NOFO) is to support a network of U.S. institutions that will conduct standardized, prospective, active surveillance of pediatric acute respiratory illness (ARI) and acute gastroenteritis (AGE). The network will focus on respiratory and enteric viruses among pediatric patients seeking healthcare.
 In addition, the network will generate robust estimates of the effectiveness of influenza, rotavirus, respiratory syncytial virus (RSV) and other prevention products against respiratory and enteric viral illnesses in this population.
 Recipients will identify AGE and ARI illnesses among patients seeking healthcare or diagnostic testing for acute illness among inpatient and emergency department populations. Recipients may also include patients seeking care in outpatient clinics, such as urgent care centers, as an optional activity.
 This is a multi-component NOFO. You must apply for ComponentA (Core Component). You may also apply for one or more optional components.
 Component A – Core Component (Required)
  Support inpatient and emergency department pediatric surveillance
 Follow the standardized protocol established by CDC
  Optional Components
  Component B: Support outpatient pediatric surveillance
 Component C: Study immune response and infection
 Component D: Study immune response and immunization
  Recipients will enroll patients meeting standard symptom criteria and confirm viral infections using approved molecular assays. The network will use the data to estimate prevention product effectiveness, hospitalization rates, and information on the natural history of medically attended diseases.
 Findings of this NOFO will:
  Improve best practices for diagnosis and treatment protocols
 Inform prevention product recommendations
 Guide public health strategies
 Reduce viral illness-associated hospitalizations and healthcare utilization among children","Expanded Surveillance for Pediatric Infectious Diseases
The purpose of this Notice of Funding Opportunity (NOFO) is to support a network of U.S. institutions that will conduct standardized, prospective, active surveillance of pediatric acute respiratory illness (ARI) and acute gastroenteritis (AGE). The network will focus on respiratory and enteric viruses among pediatric patients seeking healthcare.
 In addition, the network will generate robust estimates of the effectiveness of influenza, rotavirus, respiratory syncytial virus (RSV) and other prevention products against respiratory and enteric viral illnesses in this population.
 Recipients will identify AGE and ARI illnesses among patients seeking healthcare or diagnostic testing for acute illness among inpatient and emergency department populations. Recipients may also include patients seeking care in outpatient clinics, such as urgent care centers, as an optional activity.
 This is a multi-component NOFO. You must apply for ComponentA (Core Component). You may also apply for one or more optional components.
 Component A – Core Component (Required)
  Support inpatient and emergency department pediatric surveillance
 Follow the standardized protocol established by CDC
  Optional Components
  Component B: Support outpatient pediatric surveillance
 Component C: Study immune response and infection
 Component D: Study immune response and immunization
  Recipients will enroll patients meeting standard symptom criteria and confirm viral infections using approved molecular assays. The network will use the data to estimate prevention product effectiveness, hospitalization rates, and information on the natural history of medically attended diseases.
 Findings of this NOFO will:
  Improve best practices for diagnosis and treatment protocols
 Inform prevention product recommendations
 Guide public health strategies
 Reduce viral illness-associated hospitalizations and healthcare utilization among children
",False,,,False,False,False,False,False,False,,False,30.0,False,False,False,False,False,False,False,False,5714285.714285715,award_ceiling,1140000.0,True,False,True,False,False,False,5.28,False,,False,False,True,True,True,True,True,True,False,False,False,13,False,True,,False,False,False,False,1,True,False,False,,True,False,False,True,,2026-09-30,2026-08-18,Expanded Surveillance for Pediatric Infectious Diseases,forecast,ok,8,G5,G5.O1,"The grant funds standardized pediatric disease surveillance and generates data to inform diagnosis, treatment, prevention product recommendations, and public health strategies, directly supporting data-driven decision-making.","The purpose of this Notice of Funding Opportunity (NOFO) is to support a network of U.S. institutions that will conduct standardized, prospective, active surveillance of pediatric acute respiratory illness (ARI) and acute gastroenteritis (AGE).",lead,state_governments,DPH,10,"DPH already houses communicable disease surveillance, epidemiology, immunization, and maternal and child health programs, so this pediatric surveillance cooperative agreement is a natural extension of its existing public health authority.","The surveillance platform may require substantial data-sharing, specimen collection, and hospital/emergency department partnerships that NCDHHS would need to establish or expand beyond its current systems.",True,CDC-funded pediatric infectious disease surveillance fits DPH's disease surveillance and immunization role and supports data-driven prevention decisions under G5.O1.,"[""Must apply for Component A (Core Component)"", ""Must follow the standardized protocol established by CDC""]",True,True,lead,deepseek/deepseek-v4-pro,92b0344f579a,True,10.0,0.0,0.85,0.0,0.0,84.61,forecast_watchlist
26,cfc3f14d-a37a-4cf4-a5f4-420d7c3a78bb,Family Unification Program (FUP) Multi-Year NOFO,forecast,True,False,,cfc3f14d-a37a-4cf4-a5f4-420d7c3a78bb,PIH-2600-DC-0084,forecasted,HUD,discretionary,,2026-05-08,,,,False,10.0,5000000.0,0.0,1700000.0,https://www.hud.gov/helping-americans/housing-choice-vouchers-family,https://www.hud.gov/helping-americans/housing-choice-vouchers-family,14.880|Family Unification Program (FUP),grant,housing,,public_and_indian_housing_authorities,"Individuals, foreign entities, and sole proprietorship organizations are not eligible to compete for, or receive, awards made under this announcement.",Department of Housing and Urban Development,Department of Housing and Urban Development,"Family Unification Program
N/A",TBD,FUP NOFO mailbox,2026-08-12,2026-11-10,"Electronically submitted applications must be submitted no later than 11:59 p.m., ET, on the listed application due date.",2027-03-31,2027-05-01,2026.0,,,https://simpler.grants.gov/opportunity/cfc3f14d-a37a-4cf4-a5f4-420d7c3a78bb,"<p>The Family Unification Program (FUP) public housing authorities (PHAs) to partner with public child welfare agencies (PCWAs) to provide Housing Choice Voucher (HCV) assistance to two primary groups:</p><p>1. <strong>Families</strong>: Those for whom the lack of adequate housing is a primary factor in the imminent placement of a child (or children) in out-of-home care, or a delay in the discharge of a child to the family from out-of-home care.</p><p>2. <strong>Youth</strong>: Individuals<strong> </strong>at least 18 years old and not more than 24 years old (who have not reached their 25th&nbsp;birthday) who:</p><ul><li>Left foster care, or will leave foster care within 180 days, in accordance with a transition plan described in Section 475(5)(H) of the Social Security Act.&nbsp;</li><li>Are homeless or are at risk of becoming homeless at age 16 or older.</li></ul><p><strong>Voucher Duration</strong>:&nbsp;</p><ol><li><strong>Families</strong>: No time limit.</li><li><strong>Youth</strong>: Limited to 36 months (subject to Fostering Stable Housing Opportunities (FSHO) extensions)</li></ol><p><strong>FHSO Extensions</strong>:</p><p>Under Section 103 of Division Q of the Consolidated Appropriations Act, 2021 (Public Law: 116-260), FUP youth may receive an extension of the 36-month limit for up to an <strong>additional 24 months </strong>if they meet specific requirements.&nbsp;&nbsp;</p><ul><li><strong>Applicability</strong>: FSHO applies to FUP youth who first leased (or lease) a unit <u>after</u> December 27, 2020. This includes youth assisted with funding under this NOFO.&nbsp;&nbsp;</li><li><strong>Reference</strong>: See <a href=""https://www.federalregister.gov/documents/2022/01/24/2022-01285/implementation-of-the-fostering-stable-housing-opportunities-amendments"">FSHO implementation notice (87 FR 3570)</a>.&nbsp;</li></ul><p>&nbsp;</p>","The Family Unification Program (FUP) public housing authorities (PHAs) to partner with public child welfare agencies (PCWAs) to provide Housing Choice Voucher (HCV) assistance to two primary groups:
 1.  Families : Those for whom the lack of adequate housing is a primary factor in the imminent placement of a child (or children) in out-of-home care, or a delay in the discharge of a child to the family from out-of-home care.
 2.  Youth : Individuals   at least 18 years old and not more than 24 years old (who have not reached their 25th birthday) who:
  Left foster care, or will leave foster care within 180 days, in accordance with a transition plan described in Section 475(5)(H) of the Social Security Act. 
 Are homeless or are at risk of becoming homeless at age 16 or older.
   Voucher Duration : 
   Families : No time limit.
  Youth : Limited to 36 months (subject to Fostering Stable Housing Opportunities (FSHO) extensions)
   FHSO Extensions :
 Under Section 103 of Division Q of the Consolidated Appropriations Act, 2021 (Public Law: 116-260), FUP youth may receive an extension of the 36-month limit for up to an  additional 24 months  if they meet specific requirements.  
   Applicability : FSHO applies to FUP youth who first leased (or lease) a unit  after  December 27, 2020. This includes youth assisted with funding under this NOFO.  
  Reference : See  FSHO implementation notice (87 FR 3570) .","Family Unification Program (FUP) Multi-Year NOFO
The Family Unification Program (FUP) public housing authorities (PHAs) to partner with public child welfare agencies (PCWAs) to provide Housing Choice Voucher (HCV) assistance to two primary groups:
 1.  Families : Those for whom the lack of adequate housing is a primary factor in the imminent placement of a child (or children) in out-of-home care, or a delay in the discharge of a child to the family from out-of-home care.
 2.  Youth : Individuals   at least 18 years old and not more than 24 years old (who have not reached their 25th birthday) who:
  Left foster care, or will leave foster care within 180 days, in accordance with a transition plan described in Section 475(5)(H) of the Social Security Act. 
 Are homeless or are at risk of becoming homeless at age 16 or older.
   Voucher Duration : 
   Families : No time limit.
  Youth : Limited to 36 months (subject to Fostering Stable Housing Opportunities (FSHO) extensions)
   FHSO Extensions :
 Under Section 103 of Division Q of the Consolidated Appropriations Act, 2021 (Public Law: 116-260), FUP youth may receive an extension of the 36-month limit for up to an  additional 24 months  if they meet specific requirements.  
   Applicability : FSHO applies to FUP youth who first leased (or lease) a unit  after  December 27, 2020. This includes youth assisted with funding under this NOFO.  
  Reference : See  FSHO implementation notice (87 FR 3570) .
Individuals, foreign entities, and sole proprietorship organizations are not eligible to compete for, or receive, awards made under this announcement.",False,,,False,False,False,False,False,False,,False,-49.0,True,False,True,False,False,False,False,False,500000.0,award_ceiling,1700000.0,True,False,True,False,False,False,6.15,False,,False,False,False,False,False,False,False,False,False,False,False,1,False,False,,False,False,False,False,1,False,False,False,,False,False,False,False,,2026-09-30,2026-08-18,Family Unification Program (FUP) Multi-Year NOFO,forecast,ok,9,G2,G2.O2,"Funds Housing Choice Vouchers to prevent foster care placement or delay reunification and to house youth aging out of foster care, directly supporting child welfare safety, permanency, and well-being.","Those for whom the lack of adequate housing is a primary factor in the imminent placement of a child (or children) in out-of-home care, or a delay in the discharge of a child to the family from out-of-home care.",partner,public_and_indian_housing_authorities,DSS,8,"DSS is North Carolina's public child welfare agency and already oversees foster care, permanency, and out-of-home care, so it could serve as the required PCWA partner and identify or refer eligible families and youth.","NCDHHS cannot apply directly because only public and Indian housing authorities are eligible, so the Department would depend on a housing authority to lead and administer the award.",True,"Strong fit for DSS as the required child welfare partner, but only PHAs can apply; worth routing if a North Carolina housing authority will lead.","[""Applicants limited to public and Indian housing authorities"", ""Requires partnership with public child welfare agencies""]",True,True,partner,deepseek/deepseek-v4-pro,92b0344f579a,True,10.0,0.0,0.85,0.0,0.0,83.79,forecast_watchlist
27,9291f357-5202-4da7-8541-582c3becd270,Promoting Access with a Language Services Assistance Symbol,forecast,True,False,,9291f357-5202-4da7-8541-582c3becd270,MP-CPI-25-004,forecasted,HHS-OPHS,discretionary,,2024-08-01,,,,False,5.0,3000000.0,500000.0,600000.0,,,93.137|Community Programs to Improve Minority Health,grant,health,,public_and_state_institutions_of_higher_education;city_or_township_governments;special_district_governments;state_governments;nonprofits_non_higher_education_without_501c3;county_governments;independent_school_districts;other_native_american_tribal_organizations;public_and_indian_housing_authorities;federally_recognized_native_american_tribal_governments;nonprofits_non_higher_education_with_501c3,,Office of the Assistant Secretary for Health,Department of Health and Human Services,"Stacey Williams
240-453-8444",OMHGrants@hhs.gov,OMHGrants@hhs.gov,2025-04-23,2025-07-02,Applications must be submitted electronically no later than 6:00 pm Eastern Time.,2025-09-15,2025-09-30,2025.0,,,https://simpler.grants.gov/opportunity/9291f357-5202-4da7-8541-582c3becd270,"The Office of Minority Health announces the anticipated availability of funds for Fiscal Year (FY) 2025 under the authority of 42 U.S.C. § 300u-6 (Section 1707 of the Public Health Service Act) for demonstration projects that support and evaluate the use of a universal symbol to inform people about the availability of language assistance services in health settings. Demonstration projects are time-limited projects for the purpose of assessing the effectiveness of an approach or intervention toward reaching a desired outcome. We expect award recipients under this opportunity to consider approaches to sustainability beyond the end of the support provided by OMH. This initiative aligns with Make America Healthy Again Commission goals, and supports Executive Order 14224 by improving access to healthcare for new Americans with limited English proficiency, as well as individuals with communication disabilities.Individuals with limited English proficiency (LEP) and people with disabilities face barriers to health care and social services that increase their risk for poor health outcomes. Language assistance services are all oral, written, and signed language services needed to assist effective communication for individuals with LEP and people with disabilities. This initiative aligns with Make America Healthy Again Commission goals, and supports Executive Order 14224 by improving access to healthcare for new Americans with limited English proficiency, as well as individuals with communication disabilities.During Fiscal Year 2024, OMH is developing a universal symbol that will indicate the availability of language assistance services. We intend for funded projects to demonstrate the effectiveness of the universal symbol in raising awareness and prompting individuals to request language assistance services in health settings. OMH also expects funded projects to demonstrate progress towards health care communication related Healthy People 2030 objectives. Related information can be found at https://health.gov/healthypeople/objectives-and-data/browse-objectives/health-communication#:~:text=Developmental-,Health%20Care,-Increase%20the%20proportion. Eligible applicants include any private nonprofit or public entity located in a State. “State” includes, in addition to the several States, only the District of Columbia, Guam, the Commonwealth of Puerto Rico, the Northern Mariana Islands, the Virgin Islands, American Samoa, the Trust Territory of the Pacific Islands, and any agency or instrumentality thereof exclusive of local governments. (42 U.S.C. § 201(f) (PHS Act, Section 2(f)), 45 C.F.R. § 75.2). Eligible entities include private nonprofit or public faith-based organizations, community-based organizations, and American Indian/Alaska Native/Native American (AI/AN/NA) organizations. Recipients must not restrict participation in the project on the basis of race, color, religion, sex, national origin, or another protected characteristic.Applications must be submitted through Grants.gov, and applicants must have an active SAM.gov registration when submitting an application. Interested applicants are strongly encouraged to begin the registration process for both systems early.  We typically fund awards in 12-month budget periods. We may approve shorter budget periods or periods of performance to accommodate administrative factors or funding constraints. For multi-year projects, recipients must submit a non-competing continuation (NCC) application for each budget period after the first. Continuation funding is contingent upon the availability of funds, satisfactory progress of the project, appropriate stewardship of federal funds, and the best interests of the government. Funding for all approved budget periods after the first is generally the same as the initial award amount subject to any offset with funds unused in the previous budget period.","The Office of Minority Health announces the anticipated availability of funds for Fiscal Year (FY) 2025 under the authority of 42 U.S.C. § 300u-6 (Section 1707 of the Public Health Service Act) for demonstration projects that support and evaluate the use of a universal symbol to inform people about the availability of language assistance services in health settings. Demonstration projects are time-limited projects for the purpose of assessing the effectiveness of an approach or intervention toward reaching a desired outcome. We expect award recipients under this opportunity to consider approaches to sustainability beyond the end of the support provided by OMH. This initiative aligns with Make America Healthy Again Commission goals, and supports Executive Order 14224 by improving access to healthcare for new Americans with limited English proficiency, as well as individuals with communication disabilities.Individuals with limited English proficiency (LEP) and people with disabilities face barriers to health care and social services that increase their risk for poor health outcomes. Language assistance services are all oral, written, and signed language services needed to assist effective communication for individuals with LEP and people with disabilities. This initiative aligns with Make America Healthy Again Commission goals, and supports Executive Order 14224 by improving access to healthcare for new Americans with limited English proficiency, as well as individuals with communication disabilities.During Fiscal Year 2024, OMH is developing a universal symbol that will indicate the availability of language assistance services. We intend for funded projects to demonstrate the effectiveness of the universal symbol in raising awareness and prompting individuals to request language assistance services in health settings. OMH also expects funded projects to demonstrate progress towards health care communication related Healthy People 2030 objectives. Related information can be found at https://health.gov/healthypeople/objectives-and-data/browse-objectives/health-communication#:~:text=Developmental-,Health%20Care,-Increase%20the%20proportion. Eligible applicants include any private nonprofit or public entity located in a State. “State” includes, in addition to the several States, only the District of Columbia, Guam, the Commonwealth of Puerto Rico, the Northern Mariana Islands, the Virgin Islands, American Samoa, the Trust Territory of the Pacific Islands, and any agency or instrumentality thereof exclusive of local governments. (42 U.S.C. § 201(f) (PHS Act, Section 2(f)), 45 C.F.R. § 75.2). Eligible entities include private nonprofit or public faith-based organizations, community-based organizations, and American Indian/Alaska Native/Native American (AI/AN/NA) organizations. Recipients must not restrict participation in the project on the basis of race, color, religion, sex, national origin, or another protected characteristic.Applications must be submitted through Grants.gov, and applicants must have an active SAM.gov registration when submitting an application. Interested applicants are strongly encouraged to begin the registration process for both systems early.  We typically fund awards in 12-month budget periods. We may approve shorter budget periods or periods of performance to accommodate administrative factors or funding constraints. For multi-year projects, recipients must submit a non-competing continuation (NCC) application for each budget period after the first. Continuation funding is contingent upon the availability of funds, satisfactory progress of the project, appropriate stewardship of federal funds, and the best interests of the government. Funding for all approved budget periods after the first is generally the same as the initial award amount subject to any offset with funds unused in the previous budget period.","Promoting Access with a Language Services Assistance Symbol
The Office of Minority Health announces the anticipated availability of funds for Fiscal Year (FY) 2025 under the authority of 42 U.S.C. § 300u-6 (Section 1707 of the Public Health Service Act) for demonstration projects that support and evaluate the use of a universal symbol to inform people about the availability of language assistance services in health settings. Demonstration projects are time-limited projects for the purpose of assessing the effectiveness of an approach or intervention toward reaching a desired outcome. We expect award recipients under this opportunity to consider approaches to sustainability beyond the end of the support provided by OMH. This initiative aligns with Make America Healthy Again Commission goals, and supports Executive Order 14224 by improving access to healthcare for new Americans with limited English proficiency, as well as individuals with communication disabilities.Individuals with limited English proficiency (LEP) and people with disabilities face barriers to health care and social services that increase their risk for poor health outcomes. Language assistance services are all oral, written, and signed language services needed to assist effective communication for individuals with LEP and people with disabilities. This initiative aligns with Make America Healthy Again Commission goals, and supports Executive Order 14224 by improving access to healthcare for new Americans with limited English proficiency, as well as individuals with communication disabilities.During Fiscal Year 2024, OMH is developing a universal symbol that will indicate the availability of language assistance services. We intend for funded projects to demonstrate the effectiveness of the universal symbol in raising awareness and prompting individuals to request language assistance services in health settings. OMH also expects funded projects to demonstrate progress towards health care communication related Healthy People 2030 objectives. Related information can be found at https://health.gov/healthypeople/objectives-and-data/browse-objectives/health-communication#:~:text=Developmental-,Health%20Care,-Increase%20the%20proportion. Eligible applicants include any private nonprofit or public entity located in a State. “State” includes, in addition to the several States, only the District of Columbia, Guam, the Commonwealth of Puerto Rico, the Northern Mariana Islands, the Virgin Islands, American Samoa, the Trust Territory of the Pacific Islands, and any agency or instrumentality thereof exclusive of local governments. (42 U.S.C. § 201(f) (PHS Act, Section 2(f)), 45 C.F.R. § 75.2). Eligible entities include private nonprofit or public faith-based organizations, community-based organizations, and American Indian/Alaska Native/Native American (AI/AN/NA) organizations. Recipients must not restrict participation in the project on the basis of race, color, religion, sex, national origin, or another protected characteristic.Applications must be submitted through Grants.gov, and applicants must have an active SAM.gov registration when submitting an application. Interested applicants are strongly encouraged to begin the registration process for both systems early.  We typically fund awards in 12-month budget periods. We may approve shorter budget periods or periods of performance to accommodate administrative factors or funding constraints. For multi-year projects, recipients must submit a non-competing continuation (NCC) application for each budget period after the first. Continuation funding is contingent upon the availability of funds, satisfactory progress of the project, appropriate stewardship of federal funds, and the best interests of the government. Funding for all approved budget periods after the first is generally the same as the initial award amount subject to any offset with funds unused in the previous budget period.
",False,,,False,False,False,False,False,False,,False,-525.0,True,True,False,False,False,False,False,False,600000.0,award_ceiling,600000.0,True,False,False,False,False,False,3.89,False,,False,False,True,True,True,True,True,False,False,False,False,11,False,False,,False,False,False,False,1,True,False,False,,True,False,False,True,,2026-09-30,2026-08-18,Promoting Access with a Language Services Assistance Symbol,forecast,ok,10,G1,G1.O3,"The grant directly funds demonstration of a universal symbol to prompt requests for language assistance services, which is a named language-access barrier mitigation under G1.O3.",demonstration projects that support and evaluate the use of a universal symbol to inform people about the availability of language assistance services in health settings,lead,Eligible applicants include any private nonprofit or public entity located in a State.,DPH,8,"DPH already coordinates local health departments and public health access initiatives, so it can realistically pilot and evaluate the symbol in health settings.","The universal symbol was still being developed in FY2024, so the intervention is unproven and the likely 12-month demonstration period may yield limited evidence.",True,This grant directly funds language-access demonstrations aligned with G1.O3; DPH could run it through local health departments.,[],True,True,lead,deepseek/deepseek-v4-pro,92b0344f579a,True,10.0,0.0,0.85,0.0,0.0,83.34,forecast_watchlist
28,38e79010-c2a9-4d5f-bf81-cede591318e4,Centers of Excellence in Healthcare Quality and Safety,forecast,True,False,,38e79010-c2a9-4d5f-bf81-cede591318e4,CDC-RFA-CK-27-0007,forecasted,HHS-CDC-NCEZID,discretionary,,2026-04-21,,,2027-02-03,False,10.0,1100000000.0,3500000.0,22000000.0,,,"93.084|Prevention of Disease, Disability, and Death by Infectious Diseases",cooperative_agreement,health,,county_governments;city_or_township_governments;other;public_and_state_institutions_of_higher_education;small_businesses;special_district_governments;public_and_indian_housing_authorities;unrestricted;independent_school_districts;nonprofits_non_higher_education_without_501c3;federally_recognized_native_american_tribal_governments;other_native_american_tribal_organizations;private_institutions_of_higher_education;nonprofits_non_higher_education_with_501c3;state_governments;for_profit_organizations_other_than_small_businesses,Applicant organizations that request funding above the ceiling amount listed in Funding Details of this NOFO will be considered non-responsive and will not be passed along for further review.,Centers for Disease Control - NCEZID,Department of Health and Human Services,"Carla Doan
770-488-8354",gon5@cdc.gov,gon5@cdc.gov,2026-11-05,2027-01-04,Electronically submitted applications must be submitted no later than 11:59 pm ET on the listed application due date.,2027-05-04,2027-06-01,2027.0,,,https://simpler.grants.gov/opportunity/38e79010-c2a9-4d5f-bf81-cede591318e4,"<p>This Program will create a collaborative network of healthcare systems, facilities and public health partners to rapidly detect, respond to, and prevent threats to patient and healthcare worker safety. This Program will support work that improves the safety, quality and resilience of U.S. healthcare delivery.</p><p>The Program will be made up of healthcare systems inclusive of multiple facilities in a variety of settings, including acute care hospitals (particularly community hospitals, critical access, hospitals, and rural hospitals), long-term acute care hospitals, nursing homes, dialysis centers, emergency rooms and urgent care centers, outpatient facilities and home health providers.</p><p>The Program will include healthcare systems and facilities partnering with public health departments and other entities or groups with relevant expertise. However, each individual applicant is not expected to have all elements.</p><p>&nbsp;</p>","This Program will create a collaborative network of healthcare systems, facilities and public health partners to rapidly detect, respond to, and prevent threats to patient and healthcare worker safety. This Program will support work that improves the safety, quality and resilience of U.S. healthcare delivery.
 The Program will be made up of healthcare systems inclusive of multiple facilities in a variety of settings, including acute care hospitals (particularly community hospitals, critical access, hospitals, and rural hospitals), long-term acute care hospitals, nursing homes, dialysis centers, emergency rooms and urgent care centers, outpatient facilities and home health providers.
 The Program will include healthcare systems and facilities partnering with public health departments and other entities or groups with relevant expertise. However, each individual applicant is not expected to have all elements.","Centers of Excellence in Healthcare Quality and Safety
This Program will create a collaborative network of healthcare systems, facilities and public health partners to rapidly detect, respond to, and prevent threats to patient and healthcare worker safety. This Program will support work that improves the safety, quality and resilience of U.S. healthcare delivery.
 The Program will be made up of healthcare systems inclusive of multiple facilities in a variety of settings, including acute care hospitals (particularly community hospitals, critical access, hospitals, and rural hospitals), long-term acute care hospitals, nursing homes, dialysis centers, emergency rooms and urgent care centers, outpatient facilities and home health providers.
 The Program will include healthcare systems and facilities partnering with public health departments and other entities or groups with relevant expertise. However, each individual applicant is not expected to have all elements.
Applicant organizations that request funding above the ceiling amount listed in Funding Details of this NOFO will be considered non-responsive and will not be passed along for further review.",False,,,False,False,False,False,False,False,,False,36.0,False,False,False,False,False,False,False,False,110000000.0,award_ceiling,22000000.0,True,False,True,False,False,False,10.0,False,,False,False,True,True,True,True,True,True,False,True,True,16,False,True,,False,False,False,False,1,True,False,False,,True,False,False,False,,2026-09-30,2026-08-18,Centers of Excellence in Healthcare Quality and Safety,forecast,ok,6,G1,G1.O1,"The grant funds a collaborative healthcare and public health network to improve safety and quality in varied settings including rural hospitals, supporting structures that reduce health disparities.","This Program will create a collaborative network of healthcare systems, facilities and public health partners to rapidly detect, respond to, and prevent threats to patient and healthcare worker safety.",lead,state_governments,DPH,9,"DPH already leads disease prevention, surveillance, epidemiology, public health preparedness, and local health department coordination, so this healthcare-safety and infection-prevention network is an extension of existing work.","The Department does not directly operate most of the healthcare facilities named in the NOFO, so the program's value depends heavily on voluntary participation and coordination across independent hospitals and nursing homes.",True,"CDC-funded healthcare infection-prevention network aligns with DPH disease surveillance and rural health equity work; state agencies are eligible, so this merits review.","[""Requires a network of healthcare systems/facilities partnering with public health departments and other entities with relevant expertise.""]",True,True,lead,deepseek/deepseek-v4-pro,92b0344f579a,True,10.0,0.0,0.85,0.0,0.0,82.94,forecast_watchlist
29,6076b54f-ab56-4ed2-81f5-8b43c030a4c0,Fiscal Year (FY) 2027 Service Area Competition (SAC),forecast,True,False,,6076b54f-ab56-4ed2-81f5-8b43c030a4c0,HRSA-27-008,forecasted,HHS-HRSA,discretionary,,2026-07-31,,,2027-10-02,False,61.0,258338000.0,650000.0,10117000.0,,,93.224|Health Center Program,grant,health,,nonprofits_non_higher_education_with_501c3;state_governments;nonprofits_non_higher_education_without_501c3;county_governments;city_or_township_governments;public_and_indian_housing_authorities;federally_recognized_native_american_tribal_governments;other_native_american_tribal_organizations;special_district_governments,,Health Resources and Services Administration,Department of Health and Human Services,"Health Resources and Services Administration
301-594-4300",bphcfunding@hrsa.gov,bphcfunding@hrsa.gov,2026-08-21,2026-09-21,"Electronically submitted applications must be submitted no later than 11:59 p.m., ET, on the listed application due date.",2027-03-03,2027-04-01,2027.0,,,https://simpler.grants.gov/opportunity/6076b54f-ab56-4ed2-81f5-8b43c030a4c0,"<p>The FY 2027 Health Center Program Service Area Competition (SAC) funding improves the health of medically underserved communities and populations by providing grants to support the delivery of comprehensive, high-quality preventive and primary health care services in the United States and its territories. For each SAC Notice of Funding Opportunity (NOFO), service areas available for competition are announced in the Service Area Announcement Table (SAAT). Throughout the year, we may announce additional service areas in a Service Area Competition-Additional Area (SAC-AA) if an awarded health center cannot continue to provide services in the funded service area.</p>","The FY 2027 Health Center Program Service Area Competition (SAC) funding improves the health of medically underserved communities and populations by providing grants to support the delivery of comprehensive, high-quality preventive and primary health care services in the United States and its territories. For each SAC Notice of Funding Opportunity (NOFO), service areas available for competition are announced in the Service Area Announcement Table (SAAT). Throughout the year, we may announce additional service areas in a Service Area Competition-Additional Area (SAC-AA) if an awarded health center cannot continue to provide services in the funded service area.","Fiscal Year (FY) 2027 Service Area Competition (SAC)
The FY 2027 Health Center Program Service Area Competition (SAC) funding improves the health of medically underserved communities and populations by providing grants to support the delivery of comprehensive, high-quality preventive and primary health care services in the United States and its territories. For each SAC Notice of Funding Opportunity (NOFO), service areas available for competition are announced in the Service Area Announcement Table (SAAT). Throughout the year, we may announce additional service areas in a Service Area Competition-Additional Area (SAC-AA) if an awarded health center cannot continue to provide services in the funded service area.
",False,,,False,False,False,False,False,False,,False,-40.0,True,True,False,False,False,False,False,False,4235049.180327869,award_ceiling,10117000.0,True,False,True,False,False,False,10.0,False,,False,False,True,True,False,True,True,False,False,False,False,9,False,False,,False,False,False,False,1,True,False,False,,True,False,False,True,51fa7e21-beca-497f-a0f1-bf175382f77f,2026-09-30,2026-08-18,Fiscal Year (FY) 2027 Service Area Competition (SAC),forecast,ok,10,G1,G1.O3,"The grant directly funds preventive and primary health care services for medically underserved communities, matching NCDHHS's objective to mitigate barriers to rural and underserved primary care.","improves the health of medically underserved communities and populations by providing grants to support the delivery of comprehensive, high-quality preventive and primary health care services",lead,state_governments,ORH,4,"ORH supports rural and underserved primary care and safety-net clinics, but NCDHHS does not operate a health center, so running this direct service grant would require a new primary care delivery role.","NCDHHS is not a health center operator, so it would likely lack the existing patient base, provider network, and Health Center Program experience needed to compete for an announced service area.",False,"Strong primary-care alignment, but HRSA SAC funds health center operators in announced service areas; NCDHHS is not an operator, so likely not a state application.","[""Competition is limited to service areas announced in the Service Area Announcement Table (SAAT).""]",True,True,lead,deepseek/deepseek-v4-pro,92b0344f579a,True,10.0,0.0,0.85,0.0,0.0,82.35,forecast_watchlist
30,e511b41d-655a-4869-bfd3-09fbf0c33987,Holistic and Evidence-Informed Wellness for STI Prevention,forecast,True,False,,e511b41d-655a-4869-bfd3-09fbf0c33987,CDC-RFA-PS-27-0237,forecasted,HHS-CDC-NCHHSTP,discretionary,,2026-08-10,,,2027-06-30,False,1.0,3000000.0,0.0,,,,93.978|Sexually Transmitted Diseases (STD) Provider Education Grants,cooperative_agreement,health,,private_institutions_of_higher_education;other_native_american_tribal_organizations;public_and_state_institutions_of_higher_education;federally_recognized_native_american_tribal_governments;nonprofits_non_higher_education_without_501c3;public_and_indian_housing_authorities;unrestricted;special_district_governments;independent_school_districts;county_governments;nonprofits_non_higher_education_with_501c3;city_or_township_governments;state_governments,,Centers for Disease Control - NCHHSTP,Department of Health and Human Services,"Melissa Habel
404-639-6462",evh6@cdc.gov,evh6@cdc.gov,2027-03-29,2027-05-31,Electronically submitted applications must be submitted no later than 11:59 pm ET on the listed application due date.,2027-07-31,2027-08-30,2027.0,,,https://simpler.grants.gov/opportunity/e511b41d-655a-4869-bfd3-09fbf0c33987,"<p>STIs represent a serious public health and economic burden in the United States (U.S.), with approximately 2.2 million new infections occurring each year. As the nation's lead public health agency, the Centers for Disease Control and Prevention (CDC) has a unique responsibility to provide national leadership in STI prevention and control. To meet this challenge, CDC supports a comprehensive and integrated approach to STI prevention that goes beyond simply addressing the absence of disease. It empowers individuals to make healthy choices and build healthy relationships, as an approach to reducing STIs in the U.S. This whole-person approach focuses not just on physical health, but also considers the emotional, mental, and social well-being of the individual.&nbsp;</p><p>A key component of this approach is supporting a national coalition of sexual health and wellness expertise that allows for the strategic use of limited resources for STI prevention. The coalition brings together a range of organizations, clinical experts, and individuals committed to comprehensive and holistic sexual health and wellness frameworks for STI prevention.&nbsp; The goal is for them to work together to share clear, accurate information, promote quality sexual health care, and empower individuals and communities to make choices that improve health and reduce STI risk – with a particular focus on priority groups most affected by STIs.&nbsp;</p><p>This funding strengthens STI prevention efforts by supporting coalition management and the development, promotion, and dissemination of high-quality, evidence-based sexual health-related materials, resources, and tools to their partners, health care providers, and the public. Together, these efforts complement and supplement traditional STI prevention strategies, accelerating progress toward increasing timely diagnoses and treatment and reducing the STI morbidity in the U.S.</p>","STIs represent a serious public health and economic burden in the United States (U.S.), with approximately 2.2 million new infections occurring each year. As the nation's lead public health agency, the Centers for Disease Control and Prevention (CDC) has a unique responsibility to provide national leadership in STI prevention and control. To meet this challenge, CDC supports a comprehensive and integrated approach to STI prevention that goes beyond simply addressing the absence of disease. It empowers individuals to make healthy choices and build healthy relationships, as an approach to reducing STIs in the U.S. This whole-person approach focuses not just on physical health, but also considers the emotional, mental, and social well-being of the individual. 
 A key component of this approach is supporting a national coalition of sexual health and wellness expertise that allows for the strategic use of limited resources for STI prevention. The coalition brings together a range of organizations, clinical experts, and individuals committed to comprehensive and holistic sexual health and wellness frameworks for STI prevention.  The goal is for them to work together to share clear, accurate information, promote quality sexual health care, and empower individuals and communities to make choices that improve health and reduce STI risk – with a particular focus on priority groups most affected by STIs. 
 This funding strengthens STI prevention efforts by supporting coalition management and the development, promotion, and dissemination of high-quality, evidence-based sexual health-related materials, resources, and tools to their partners, health care providers, and the public. Together, these efforts complement and supplement traditional STI prevention strategies, accelerating progress toward increasing timely diagnoses and treatment and reducing the STI morbidity in the U.S.","Holistic and Evidence-Informed Wellness for STI Prevention
STIs represent a serious public health and economic burden in the United States (U.S.), with approximately 2.2 million new infections occurring each year. As the nation's lead public health agency, the Centers for Disease Control and Prevention (CDC) has a unique responsibility to provide national leadership in STI prevention and control. To meet this challenge, CDC supports a comprehensive and integrated approach to STI prevention that goes beyond simply addressing the absence of disease. It empowers individuals to make healthy choices and build healthy relationships, as an approach to reducing STIs in the U.S. This whole-person approach focuses not just on physical health, but also considers the emotional, mental, and social well-being of the individual. 
 A key component of this approach is supporting a national coalition of sexual health and wellness expertise that allows for the strategic use of limited resources for STI prevention. The coalition brings together a range of organizations, clinical experts, and individuals committed to comprehensive and holistic sexual health and wellness frameworks for STI prevention.  The goal is for them to work together to share clear, accurate information, promote quality sexual health care, and empower individuals and communities to make choices that improve health and reduce STI risk – with a particular focus on priority groups most affected by STIs. 
 This funding strengthens STI prevention efforts by supporting coalition management and the development, promotion, and dissemination of high-quality, evidence-based sexual health-related materials, resources, and tools to their partners, health care providers, and the public. Together, these efforts complement and supplement traditional STI prevention strategies, accelerating progress toward increasing timely diagnoses and treatment and reducing the STI morbidity in the U.S.
",False,,,False,False,False,False,False,False,,False,180.0,False,False,False,False,False,False,True,False,3000000.0,average_award,3000000.0,True,False,True,True,False,False,7.39,False,,False,False,True,True,True,True,True,False,False,True,False,13,False,True,,False,False,False,False,1,True,False,False,,True,False,False,True,,2026-09-30,2026-08-18,Holistic and Evidence-Informed Wellness for STI Prevention,forecast,ok,7,G1,G1.O1,"The grant funds evidence-based sexual health materials and provider education focused on groups most affected by STIs, directly supporting efforts to reduce health disparities and improve access to preventive sexual health information.","This funding strengthens STI prevention efforts by supporting coalition management and the development, promotion, and dissemination of high-quality, evidence-based sexual health-related materials, resources, and tools to their partners, health care providers, and the public.",lead,state_governments,DPH,9,"DPH already oversees disease prevention, surveillance, and public health communication, so STI prevention education and materials align closely with its existing public health mission.",The grant may focus on supporting a national coalition and disseminating materials rather than directly funding North Carolina-specific STI services or local implementation.,True,"Fits DPH's disease prevention mission, funding sexual health materials and provider education to reduce STIs, including among groups most affected; aligns with health access and disparity goals.",[],True,True,lead,deepseek/deepseek-v4-pro,92b0344f579a,True,10.0,0.0,0.85,0.0,0.0,81.86,forecast_watchlist
31,06024144-a58a-42d8-8813-75357d9bb7fe,Demonstration Projects for Whole-Person Health Models for Women Living with HIV in the South,forecast,True,False,,06024144-a58a-42d8-8813-75357d9bb7fe,CDC-RFA-PS-27-0061,forecasted,HHS-CDC-NCHHSTP,discretionary,,2026-07-29,,,2027-04-14,False,3.0,7500000.0,0.0,,,,93.940|HIV Prevention and Surveillance Activities-Health Department Based,cooperative_agreement,health,,for_profit_organizations_other_than_small_businesses;public_and_state_institutions_of_higher_education;city_or_township_governments;independent_school_districts;state_governments;small_businesses;special_district_governments;nonprofits_non_higher_education_with_501c3;nonprofits_non_higher_education_without_501c3;public_and_indian_housing_authorities;county_governments;federally_recognized_native_american_tribal_governments;private_institutions_of_higher_education;unrestricted;other_native_american_tribal_organizations,"Eligible applicants for this NOFO include Governments in the territories of the Commonwealth of Puerto Rico, the U.S. Virgin Islands, the Commonwealth of the Northern Mariana Islands, American Samoa, and Guam, as well as the Freely Associated States of the Federated States of Micronesia, the Republic of the Marshall Islands, and the Republic of Palau, or their bona fide agents, are also eligible to apply. Bona fide agents must submit documentation demonstrating their relationship with the eligible applicant. Acceptable documentation may include an authorizing statute, an executive designation letter, articles of incorporation or charter, or a binding agreement with the health department.",Centers for Disease Control - NCHHSTP,Department of Health and Human Services,"Jerris L. Raiford
770-488-0691",hrbnofo@cdc.gov,hrbnofo@cdc.gov,2027-01-14,2027-03-15,Electronically submitted applications must be submitted no later than 11:59 pm ET on the listed application due date.,2027-07-19,2027-08-01,2027.0,,,https://simpler.grants.gov/opportunity/06024144-a58a-42d8-8813-75357d9bb7fe,"<p>The purpose of this demonstration project is to support coordinated Clinic and Community Collaboratives (CCCs) to integrate HIV care with broader women's health services in jurisdictions with disproportionately high HIV disease burden to improve HIV-related outcomes, overall health, and quality of life among WWH. Organizations will be funded to implement 4 strategies: (1) Integrate HIV care with broader women's health services via Clinic and Community Collaborative (CCC). This includes screening, linkage, and navigation activities for chronic disease, behavioral health, women's health across the lifespan (i.e., gynecologic care, menopause, cervical/breast cancer screening, prenatal/ postpartum care), aging-related care, and quality of life (QOL)-related essential support services. CCCs will be comprised of clinics and federally qualified health centers (FQHCs), community-based organizations (CBOs), and local and state health departments (HDs) serving women in areas in the South with high HIV disease burden; (2) Provide services that are culturally and linguistically responsive; (3) Participate in a learning collaborative to share best practices and lessons learned; and (4) Strengthen program coordination between clinical, community, and public health partners for sustainability. Key outcomes of the project include an increased number of WWH who initiate rapid ART, are virally suppressed, screened for chronic disease and other preventive health needs, have met needs for behavioral health, aging-related, and other essential support services, increased coordination between clinical, community, and public health partners, and increased sustainability of integrated women's health service models.</p>","The purpose of this demonstration project is to support coordinated Clinic and Community Collaboratives (CCCs) to integrate HIV care with broader women's health services in jurisdictions with disproportionately high HIV disease burden to improve HIV-related outcomes, overall health, and quality of life among WWH. Organizations will be funded to implement 4 strategies: (1) Integrate HIV care with broader women's health services via Clinic and Community Collaborative (CCC). This includes screening, linkage, and navigation activities for chronic disease, behavioral health, women's health across the lifespan (i.e., gynecologic care, menopause, cervical/breast cancer screening, prenatal/ postpartum care), aging-related care, and quality of life (QOL)-related essential support services. CCCs will be comprised of clinics and federally qualified health centers (FQHCs), community-based organizations (CBOs), and local and state health departments (HDs) serving women in areas in the South with high HIV disease burden; (2) Provide services that are culturally and linguistically responsive; (3) Participate in a learning collaborative to share best practices and lessons learned; and (4) Strengthen program coordination between clinical, community, and public health partners for sustainability. Key outcomes of the project include an increased number of WWH who initiate rapid ART, are virally suppressed, screened for chronic disease and other preventive health needs, have met needs for behavioral health, aging-related, and other essential support services, increased coordination between clinical, community, and public health partners, and increased sustainability of integrated women's health service models.","Demonstration Projects for Whole-Person Health Models for Women Living with HIV in the South
The purpose of this demonstration project is to support coordinated Clinic and Community Collaboratives (CCCs) to integrate HIV care with broader women's health services in jurisdictions with disproportionately high HIV disease burden to improve HIV-related outcomes, overall health, and quality of life among WWH. Organizations will be funded to implement 4 strategies: (1) Integrate HIV care with broader women's health services via Clinic and Community Collaborative (CCC). This includes screening, linkage, and navigation activities for chronic disease, behavioral health, women's health across the lifespan (i.e., gynecologic care, menopause, cervical/breast cancer screening, prenatal/ postpartum care), aging-related care, and quality of life (QOL)-related essential support services. CCCs will be comprised of clinics and federally qualified health centers (FQHCs), community-based organizations (CBOs), and local and state health departments (HDs) serving women in areas in the South with high HIV disease burden; (2) Provide services that are culturally and linguistically responsive; (3) Participate in a learning collaborative to share best practices and lessons learned; and (4) Strengthen program coordination between clinical, community, and public health partners for sustainability. Key outcomes of the project include an increased number of WWH who initiate rapid ART, are virally suppressed, screened for chronic disease and other preventive health needs, have met needs for behavioral health, aging-related, and other essential support services, increased coordination between clinical, community, and public health partners, and increased sustainability of integrated women's health service models.
Eligible applicants for this NOFO include Governments in the territories of the Commonwealth of Puerto Rico, the U.S. Virgin Islands, the Commonwealth of the Northern Mariana Islands, American Samoa, and Guam, as well as the Freely Associated States of the Federated States of Micronesia, the Republic of the Marshall Islands, and the Republic of Palau, or their bona fide agents, are also eligible to apply. Bona fide agents must submit documentation demonstrating their relationship with the eligible applicant. Acceptable documentation may include an authorizing statute, an executive designation letter, articles of incorporation or charter, or a binding agreement with the health department.",False,,,False,False,False,False,False,False,,False,106.0,False,False,False,False,False,False,True,False,2500000.0,average_award,2500000.0,True,False,True,True,False,False,6.99,False,,False,False,True,True,True,True,True,True,False,True,False,15,False,True,,False,False,False,False,1,True,False,False,,True,False,False,False,,2026-09-30,2026-08-18,Demonstration Projects for Whole-Person Health Models for Women Living with HIV in the South,forecast,ok,8,G2,G2.O4,"The project directly funds integration of HIV care with women's health services, including prenatal and postpartum care, advancing NCDHHS's objective to improve women's health and birth outcomes.",Integrate HIV care with broader women's health services,lead,state_governments,DPH,8,DPH already operates HIV prevention and surveillance and maternal and child health programs and has the local health department and community partnerships needed to convene the collaborative.,"The cooperative agreement requires substantial multi-sector coordination and participation in a learning collaborative, which may be administratively heavy for the available award.",True,"Fits DPH's HIV prevention and maternal health roles and directly funds integrated HIV and women's health services, advancing G2.O4; review as lead applicant.","[""Requires formal Clinic and Community Collaboratives with clinics, federally qualified health centers, community-based organizations, and local and state health departments"", ""Requires participation in a learning collaborative"", ""Services must be culturally and linguistically responsive"", ""Geographic focus on Southern jurisdictions with high HIV disease burden""]",True,True,lead,deepseek/deepseek-v4-pro,92b0344f579a,True,10.0,0.0,0.85,0.0,0.0,81.75,forecast_watchlist
32,8bb15754-c013-462d-b305-f2a8dd116e08,Rural Health Network Development Program,forecast,True,False,,8bb15754-c013-462d-b305-f2a8dd116e08,HRSA-27-051,forecasted,HHS-HRSA,discretionary,,2026-08-13,,,2028-07-01,False,23.0,9000000.0,300000.0,500000.0,,,93.912|Rural Healthcare Services Programs,grant,health,,other_native_american_tribal_organizations;special_district_governments;for_profit_organizations_other_than_small_businesses;city_or_township_governments;public_and_state_institutions_of_higher_education;public_and_indian_housing_authorities;other;federally_recognized_native_american_tribal_governments;independent_school_districts;private_institutions_of_higher_education;small_businesses;nonprofits_non_higher_education_with_501c3;nonprofits_non_higher_education_without_501c3;county_governments;state_governments,"Eligible applicants include domestic public or private, non-profit or for-profit entities including:Domestic faith-based and community-based organizationsTribes and tribal organizationsFederally Qualified Health Centers (FQHCs)Community Health CentersRural Health Clinics (RHCs)Hospitals,Rural Emergency Hospitals (REH) The applicant organization may be located in a rural or urban area, but must have demonstrated experience serving, or capacity to serve, populations in rural areas.",Health Resources and Services Administration,Department of Health and Human Services,"Andrew Park
301-443-6849",RHND@hrsa.gov,RHND@hrsa.gov,2027-01-14,2027-03-16,"Electronically submitted applications must be submitted no later than 11:59 p.m., ET, on the listed application due date.",2027-06-01,2027-07-01,2027.0,,,https://simpler.grants.gov/opportunity/8bb15754-c013-462d-b305-f2a8dd116e08,"<p>The Rural Health Network Development program supports integrated health care networks that address health care needs of targeted rural communities.&nbsp; Applicants may choose between two funding tracts.</p><p>The <strong>Network Advancement Tract</strong> supports networks comprised of independent rural hospitals and clinics in integrated network collaboration. It bridges support to offset small scale structural barriers that make it difficult for rural providers to compete in an increasingly consolidated health care system landscape and is designed to help bring economic efficiencies to small independent rural entities by expanding and enhancing their ability to strengthen operations, preserve existing services, and build new lines of care through integrated network collaboration that preserves local autonomy.</p><p>The <strong>Network Development Tract</strong> supports nascent/early-stage integrated rural health care networks with funding to plan, develop, and carry out targeted operational or clinical service expansion activities.&nbsp; &nbsp;</p><p>Both tracts aim to expand access to care, improve coordination and quality, strengthen health outcomes, increase efficiency, and support a stronger rural health care system.</p>","The Rural Health Network Development program supports integrated health care networks that address health care needs of targeted rural communities.  Applicants may choose between two funding tracts.
 The  Network Advancement Tract  supports networks comprised of independent rural hospitals and clinics in integrated network collaboration. It bridges support to offset small scale structural barriers that make it difficult for rural providers to compete in an increasingly consolidated health care system landscape and is designed to help bring economic efficiencies to small independent rural entities by expanding and enhancing their ability to strengthen operations, preserve existing services, and build new lines of care through integrated network collaboration that preserves local autonomy.
 The  Network Development Tract  supports nascent/early-stage integrated rural health care networks with funding to plan, develop, and carry out targeted operational or clinical service expansion activities.   
 Both tracts aim to expand access to care, improve coordination and quality, strengthen health outcomes, increase efficiency, and support a stronger rural health care system.","Rural Health Network Development Program
The Rural Health Network Development program supports integrated health care networks that address health care needs of targeted rural communities.  Applicants may choose between two funding tracts.
 The  Network Advancement Tract  supports networks comprised of independent rural hospitals and clinics in integrated network collaboration. It bridges support to offset small scale structural barriers that make it difficult for rural providers to compete in an increasingly consolidated health care system landscape and is designed to help bring economic efficiencies to small independent rural entities by expanding and enhancing their ability to strengthen operations, preserve existing services, and build new lines of care through integrated network collaboration that preserves local autonomy.
 The  Network Development Tract  supports nascent/early-stage integrated rural health care networks with funding to plan, develop, and carry out targeted operational or clinical service expansion activities.   
 Both tracts aim to expand access to care, improve coordination and quality, strengthen health outcomes, increase efficiency, and support a stronger rural health care system.
Eligible applicants include domestic public or private, non-profit or for-profit entities including:Domestic faith-based and community-based organizationsTribes and tribal organizationsFederally Qualified Health Centers (FQHCs)Community Health CentersRural Health Clinics (RHCs)Hospitals,Rural Emergency Hospitals (REH) The applicant organization may be located in a rural or urban area, but must have demonstrated experience serving, or capacity to serve, populations in rural areas.",False,,,False,False,False,False,False,False,,False,106.0,False,False,False,False,False,False,False,False,391304.347826087,award_ceiling,500000.0,True,False,False,False,False,False,3.49,False,,False,False,True,True,True,True,True,True,False,False,True,15,False,True,,False,False,False,False,1,True,False,False,,True,False,False,False,,2026-09-30,2026-08-18,Rural Health Network Development Program,forecast,ok,8,G1,G1.O3,"This grant funds integrated rural health networks that expand access to care and strengthen rural health systems, directly supporting NCDHHS's work to mitigate barriers to rural and underserved primary care.","Both tracts aim to expand access to care, improve coordination and quality, strengthen health outcomes, increase efficiency, and support a stronger rural health care system.",lead,state_governments,ORH,10,"ORH already works with rural and underserved primary care providers, safety-net clinics, and rural hospitals, so this program is a direct extension of its existing role and partnerships.","Although state governments are listed as eligible, HRSA may favor provider-led networks with direct rural hospital or clinic participants, so ORH would need credible network partners and rural reach to win.",True,"Fits G1.O3 rural health access and ORH's existing rural and underserved primary care role; State governments are eligible, so the coordinator should route it to ORH.","[""The applicant organization may be located in a rural or urban area, but must have demonstrated experience serving, or capacity to serve, populations in rural areas.""]",True,True,lead,deepseek/deepseek-v4-pro,92b0344f579a,True,10.0,0.0,0.85,0.0,0.0,81.45,forecast_watchlist
33,44a089ce-dd0a-4cde-b6f4-c77d08d56a08,Rural Communities Opioid Response Program - Evaluation,forecast,True,False,,44a089ce-dd0a-4cde-b6f4-c77d08d56a08,HRSA-27-041,forecasted,HHS-HRSA,discretionary,,2026-08-14,,,2027-04-22,False,1.0,5000000.0,5000000.0,5000000.0,https://www.hrsa.gov/rural-health/opioid-response,https://www.hrsa.gov/rural-health/opioid-response,93.690|Rural Communities Opioid Response Programs,cooperative_agreement,health,,public_and_state_institutions_of_higher_education;nonprofits_non_higher_education_with_501c3;other_native_american_tribal_organizations;nonprofits_non_higher_education_without_501c3;state_governments;unrestricted;federally_recognized_native_american_tribal_governments;county_governments;for_profit_organizations_other_than_small_businesses;special_district_governments;public_and_indian_housing_authorities;city_or_township_governments;independent_school_districts;private_institutions_of_higher_education;small_businesses,"You can apply if you are a domestic public or private, non-profit or for-profit entity. ""Domestic"" means the 50 states, the District of Columbia, the Commonwealth of Puerto Rico, the Northern Mariana Islands, American Samoa, Guam, the U.S. Virgin Islands, the Federated States of Micronesia, the Republic of the Marshall Islands, and the Republic of Palau.",Health Resources and Services Administration,Department of Health and Human Services,"Lynlee Tanner Stapleton
301-443-5764",ruralopioidresponse@hrsa.gov,ruralopioidresponse@hrsa.gov,2027-01-23,2027-03-23,"Electronically submitted applications must be submitted no later than 11:59 p.m., ET, on the listed application due date.",2027-08-01,2027-09-01,2027.0,,,https://simpler.grants.gov/opportunity/44a089ce-dd0a-4cde-b6f4-c77d08d56a08,"<p>The purpose of the Rural Communities Opioid Response Program (RCORP) - Evaluation is to evaluate the impact of rural behavioral health strategies and methods employed under the RCORP initiative, and to develop evaluation tools and resources for use in rural communities to inform future community-led rural health initiatives</p>","The purpose of the Rural Communities Opioid Response Program (RCORP) - Evaluation is to evaluate the impact of rural behavioral health strategies and methods employed under the RCORP initiative, and to develop evaluation tools and resources for use in rural communities to inform future community-led rural health initiatives","Rural Communities Opioid Response Program - Evaluation
The purpose of the Rural Communities Opioid Response Program (RCORP) - Evaluation is to evaluate the impact of rural behavioral health strategies and methods employed under the RCORP initiative, and to develop evaluation tools and resources for use in rural communities to inform future community-led rural health initiatives
You can apply if you are a domestic public or private, non-profit or for-profit entity. ""Domestic"" means the 50 states, the District of Columbia, the Commonwealth of Puerto Rico, the Northern Mariana Islands, American Samoa, Guam, the U.S. Virgin Islands, the Federated States of Micronesia, the Republic of the Marshall Islands, and the Republic of Palau.",False,,,False,False,False,False,False,False,,False,115.0,False,False,False,False,False,False,False,False,5000000.0,award_ceiling,5000000.0,True,False,True,True,False,False,8.49,False,,False,False,True,True,True,True,True,True,False,True,False,15,False,True,,False,False,False,False,1,True,False,False,,True,False,False,False,,2026-09-30,2026-08-18,Rural Communities Opioid Response Program - Evaluation,forecast,ok,8,G3,G3.O5,"This grant funds evaluation of rural behavioral health strategies and development of evaluation tools, which directly strengthens behavioral health data and evaluation capacity under G3.O5.","evaluate the impact of rural behavioral health strategies and methods employed under the RCORP initiative, and to develop evaluation tools and resources for use in rural communities",lead,"You can apply if you are a domestic public or private, non-profit or for-profit entity.",DMHDDSUS,7,"DMHDDSUS oversees substance use and behavioral health services and can lead evaluation of rural opioid/substance use strategies, though it may need rural health and community partners.","It funds evaluation rather than direct opioid response services, so it would not bring treatment dollars to North Carolina and may be competitive with national evaluation/research organizations.",True,"Fits G3 behavioral health data goals; DMHDDSUS could lead an evaluation of rural opioid/substance use strategies, though funds evaluation rather than direct services.",[],True,True,lead,deepseek/deepseek-v4-pro,92b0344f579a,True,10.0,0.0,0.85,0.0,0.0,81.45,forecast_watchlist
34,88f12b64-0fbc-44ea-a689-57ed9e9fb9dd,Fiscal Year (FY) 2027 State and Regional Primary Care Association (PCA) Cooperative Agreements,forecast,True,False,,88f12b64-0fbc-44ea-a689-57ed9e9fb9dd,HRSA-27-014,forecasted,HHS-HRSA,discretionary,,2026-08-03,,,2027-02-24,False,52.0,76000000.0,790000.0,4900000.0,https://hrsa.my.site.com/support/s/,https://hrsa.my.site.com/support/s/,93.129|Technical and Non-Financial Assistance to Health Centers,cooperative_agreement,health,,county_governments;city_or_township_governments;other_native_american_tribal_organizations;small_businesses;state_governments;nonprofits_non_higher_education_with_501c3;nonprofits_non_higher_education_without_501c3;public_and_state_institutions_of_higher_education;special_district_governments;private_institutions_of_higher_education;for_profit_organizations_other_than_small_businesses;federally_recognized_native_american_tribal_governments,"Applications can be from the 50 states, the District of Columbia, the Commonwealth of Puerto Rico, the Northern Mariana Islands, American Samoa, Guam, the U.S. Virgin Islands, the Federated States of Micronesia, the Republic of the Marshall Islands, or the Republic of Palau.New organizations and organizations currently receiving funding as PCAs under Section 330(l) may submit applications.  Individuals are not eligible applicants under this NOFO.",Health Resources and Services Administration,Department of Health and Human Services,"Health Resources and Services Administration
301-594-4300",bphcfunding@hrsa.gov,bphcfunding@hrsa.gov,2026-11-16,2027-01-25,"Electronically submitted applications must be submitted no later than 11:59 p.m., ET, on the listed application due date.",2027-07-01,2027-07-01,2027.0,,,https://simpler.grants.gov/opportunity/88f12b64-0fbc-44ea-a689-57ed9e9fb9dd,"<p>The purpose of the Fiscal Year (FY) 2027 State and Regional Primary Care Association (PCA) program is to develop and deliver technical assistance (TA) that supports existing and potential Health Center Program award recipients and look-alikes (LALs), hereafter referred to as health centers, both directly and collaboratively with other HRSA-funded TA programs. PCAs will improve the health of medically vulnerable individuals and communities by:</p><ul><li data-list-item-id=""ec72f7d87f991e4eec0b8d0b6cd0e8268"">Increasing access to high-quality preventive and primary health care services.</li><li data-list-item-id=""ebe3ab7a472d648581da1fd5aa4f01d6c"">Improving chronic disease prevention and management to enhance the overall health of communities.</li><li data-list-item-id=""e913f0580d7c5f4c00d56c1232ac1777a"">Recruiting, retaining, and training a health center workforce.</li><li data-list-item-id=""ead5ae93ef8d5ff1a76a8c7e80c60b80d"">Preparing for, responding to, and recovering from emergent health events.</li><li data-list-item-id=""e723bfeee3b8dfaa2c571d085c80c1b63"">Implementing payer strategies, including value-based care delivery, to ensure high functioning, financially sustainable health centers.</li><li data-list-item-id=""e84c1a2f965bd2854060a48ed22c4d086"">Accelerating data-informed improvements to improve operations and clinical quality.&nbsp;</li></ul>","The purpose of the Fiscal Year (FY) 2027 State and Regional Primary Care Association (PCA) program is to develop and deliver technical assistance (TA) that supports existing and potential Health Center Program award recipients and look-alikes (LALs), hereafter referred to as health centers, both directly and collaboratively with other HRSA-funded TA programs. PCAs will improve the health of medically vulnerable individuals and communities by:
  Increasing access to high-quality preventive and primary health care services.
 Improving chronic disease prevention and management to enhance the overall health of communities.
 Recruiting, retaining, and training a health center workforce.
 Preparing for, responding to, and recovering from emergent health events.
 Implementing payer strategies, including value-based care delivery, to ensure high functioning, financially sustainable health centers.
 Accelerating data-informed improvements to improve operations and clinical quality.","Fiscal Year (FY) 2027 State and Regional Primary Care Association (PCA) Cooperative Agreements
The purpose of the Fiscal Year (FY) 2027 State and Regional Primary Care Association (PCA) program is to develop and deliver technical assistance (TA) that supports existing and potential Health Center Program award recipients and look-alikes (LALs), hereafter referred to as health centers, both directly and collaboratively with other HRSA-funded TA programs. PCAs will improve the health of medically vulnerable individuals and communities by:
  Increasing access to high-quality preventive and primary health care services.
 Improving chronic disease prevention and management to enhance the overall health of communities.
 Recruiting, retaining, and training a health center workforce.
 Preparing for, responding to, and recovering from emergent health events.
 Implementing payer strategies, including value-based care delivery, to ensure high functioning, financially sustainable health centers.
 Accelerating data-informed improvements to improve operations and clinical quality.
Applications can be from the 50 states, the District of Columbia, the Commonwealth of Puerto Rico, the Northern Mariana Islands, American Samoa, Guam, the U.S. Virgin Islands, the Federated States of Micronesia, the Republic of the Marshall Islands, or the Republic of Palau.New organizations and organizations currently receiving funding as PCAs under Section 330(l) may submit applications.  Individuals are not eligible applicants under this NOFO.",False,,,False,False,False,False,False,False,,False,47.0,False,False,False,False,False,False,False,False,1461538.4615384615,award_ceiling,4900000.0,True,False,True,False,False,False,8.45,False,,False,False,True,True,True,True,True,True,False,False,False,12,False,True,,False,False,False,False,1,True,False,False,,True,False,False,False,,2026-09-30,2026-08-18,Fiscal Year (FY) 2027 State and Regional Primary Care Association (PCA) Cooperative Agreements,forecast,ok,8,G1,G1.O3,"The grant funds technical assistance to increase access to primary care and support the health center workforce, which aligns with G1.O3's focus on rural and underserved primary care.",Increasing access to high-quality preventive and primary health care services.,lead,"Applications can be from the 50 states, the District of Columbia, the Commonwealth of Puerto Rico, the Northern Mariana Islands, American Samoa, Guam, the U.S. Virgin Islands, the Federated States of Micronesia, the Republic of the Marshall Islands, or the Republic of Palau.",ORH,7,"ORH already supports rural and underserved primary care, safety-net clinics, and health workforce shortage areas, so running a primary care association technical-assistance grant is an extension of that role.","The PCA role is likely already held by an established primary care association, so NCDHHS would need to build new TA infrastructure and compete with an existing partner.",True,Strong fit with ORH's rural primary care and safety-net role; North Carolina state government is eligible to apply.,"[""Requires delivering technical assistance collaboratively with other HRSA-funded TA programs.""]",True,True,lead,deepseek/deepseek-v4-pro,92b0344f579a,True,10.0,0.0,0.85,0.0,0.0,81.38,forecast_watchlist
35,6d44bb23-2a1f-4e12-8d72-c2b5b46195d4,Promoting Population Health through Increased Capacity in Alcohol Epidemiology & the Prevention of Excessive Alcohol Use,forecast,True,False,,6d44bb23-2a1f-4e12-8d72-c2b5b46195d4,CDC-RFA-DP-27-0072,forecasted,HHS-CDC-NCCDPHP,discretionary,,2026-08-14,,,2027-05-30,False,12.0,12035000.0,0.0,,,,93.845|Promoting Population Health through Increased Capacity in Alcohol Epidemiology,cooperative_agreement,health,,federally_recognized_native_american_tribal_governments;nonprofits_non_higher_education_without_501c3;other;city_or_township_governments;private_institutions_of_higher_education;for_profit_organizations_other_than_small_businesses;special_district_governments;public_and_indian_housing_authorities;other_native_american_tribal_organizations;nonprofits_non_higher_education_with_501c3;independent_school_districts;public_and_state_institutions_of_higher_education;small_businesses;state_governments;county_governments,"1. (Component 1 only) Applicants must be physically located and operate in the state or territory for which work is proposed. Applicants must specifically identify the state or territory in which they will work. Applicants with locations in multiple states or territories must select one state or territory, the state or territory in which that applicant is located. Applicants must provide a statement that identifies the state or territory in which the applicant will do the proposed work, evidence of operation in that state in the form of a mailing address, and must title this file ""Operational Jurisdiction"" and upload it as a PDF file at www.grants.gov. Applicants proposing to work in states or territories other than where the applicant is physically located and operates will be considered non-responsive and will not receive further review.2. Applicants may apply for Component 1 or Component 2, but not both. Applicants should clearly state which component they are applying for (C1 or C2) in their project title. Applicants who apply for both Component 1 and Component 2 will be considered non-responsive, and will not be entered into the review process.3. CDC will not accept and review applications with budgets greater than the ceiling of the award range ($200,000 for Component 1 and $400,000 for Component 2). Applications with budgets that exceed the ceiling of the award, which includes both direct and indirect costs, will be considered non-responsive, and will not be entered into the review process.",Centers for Disease Control - NCCDPHP,Department of Health and Human Services,"Sandi Brown
770-488-8237",iww1@cdc.gov,iww1@cdc.gov,2027-03-01,2027-04-30,Electronically submitted applications must be submitted no later than 11:59 pm ET on the listed application due date.,2027-08-31,2027-09-30,2027.0,,,https://simpler.grants.gov/opportunity/6d44bb23-2a1f-4e12-8d72-c2b5b46195d4,"<p>CDC announces the availability of fiscal year (FY) 2027 funds to implement CDC-RFA-DP-27-0072, Promoting Population Health through Increased Capacity in Alcohol Epidemiology and the Prevention of Excessive Alcohol Use. The purpose of this NOFO is to build state capacity in alcohol epidemiology and provide the tools and information needed to perform core public health functions related to excessive alcohol use prevention in states. This increased epidemiologic capacity will help build the public health infrastructure that is needed to reduce excessive alcohol use – a leading preventable cause of death in the U.S. The NOFO includes an additional component for the delivery of expert technical assistance and training on population-level evidence-based strategies for preventing excessive alcohol use and related harms in states and communities, such as those recommended by the Community Preventive Services Task Force. The period of performance is 5 years with a 12-month budget period and an anticipated award date of 8/31/2027.</p>","CDC announces the availability of fiscal year (FY) 2027 funds to implement CDC-RFA-DP-27-0072, Promoting Population Health through Increased Capacity in Alcohol Epidemiology and the Prevention of Excessive Alcohol Use. The purpose of this NOFO is to build state capacity in alcohol epidemiology and provide the tools and information needed to perform core public health functions related to excessive alcohol use prevention in states. This increased epidemiologic capacity will help build the public health infrastructure that is needed to reduce excessive alcohol use – a leading preventable cause of death in the U.S. The NOFO includes an additional component for the delivery of expert technical assistance and training on population-level evidence-based strategies for preventing excessive alcohol use and related harms in states and communities, such as those recommended by the Community Preventive Services Task Force. The period of performance is 5 years with a 12-month budget period and an anticipated award date of 8/31/2027.","Promoting Population Health through Increased Capacity in Alcohol Epidemiology & the Prevention of Excessive Alcohol Use
CDC announces the availability of fiscal year (FY) 2027 funds to implement CDC-RFA-DP-27-0072, Promoting Population Health through Increased Capacity in Alcohol Epidemiology and the Prevention of Excessive Alcohol Use. The purpose of this NOFO is to build state capacity in alcohol epidemiology and provide the tools and information needed to perform core public health functions related to excessive alcohol use prevention in states. This increased epidemiologic capacity will help build the public health infrastructure that is needed to reduce excessive alcohol use – a leading preventable cause of death in the U.S. The NOFO includes an additional component for the delivery of expert technical assistance and training on population-level evidence-based strategies for preventing excessive alcohol use and related harms in states and communities, such as those recommended by the Community Preventive Services Task Force. The period of performance is 5 years with a 12-month budget period and an anticipated award date of 8/31/2027.
1. (Component 1 only) Applicants must be physically located and operate in the state or territory for which work is proposed. Applicants must specifically identify the state or territory in which they will work. Applicants with locations in multiple states or territories must select one state or territory, the state or territory in which that applicant is located. Applicants must provide a statement that identifies the state or territory in which the applicant will do the proposed work, evidence of operation in that state in the form of a mailing address, and must title this file ""Operational Jurisdiction"" and upload it as a PDF file at www.grants.gov. Applicants proposing to work in states or territories other than where the applicant is physically located and operates will be considered non-responsive and will not receive further review.2. Applicants may apply for Component 1 or Component 2, but not both. Applicants should clearly state which component they are applying for (C1 or C2) in their project title. Applicants who apply for both Component 1 and Component 2 will be considered non-responsive, and will not be entered into the review process.3. CDC will not accept and review applications with budgets greater than the ceiling of the award range ($200,000 for Component 1 and $400,000 for Component 2). Applications with budgets that exceed the ceiling of the award, which includes both direct and indirect costs, will be considered non-responsive, and will not be entered into the review process.",False,,,False,False,False,False,False,False,,False,152.0,False,False,False,False,False,False,True,False,1002916.6666666666,average_award,1002916.6666666666,True,False,True,False,False,False,5.01,False,,False,False,True,True,True,True,True,True,False,False,True,15,False,True,,False,False,False,False,1,True,False,False,,True,False,False,False,,2026-09-30,2026-08-18,Promoting Population Health through Increased Capacity in Alcohol Epidemiology & the Prevention of Excessive Alcohol Use,forecast,ok,8,G3,G3.O4,"The grant funds alcohol epidemiology and population-level prevention of excessive alcohol use, which supports NCDHHS's objective to reduce substance use-related harm through public health prevention capacity.",The purpose of this NOFO is to build state capacity in alcohol epidemiology and provide the tools and information needed to perform core public health functions related to excessive alcohol use prevention in states.,lead,state_governments,DPH,9,"DPH already conducts disease surveillance, epidemiology, and chronic disease prevention, so building alcohol epidemiology capacity is an extension of its existing public health functions.","The NOFO requires applicants to choose either Component 1 or Component 2 but not both, so the state may have to choose between building its own alcohol epidemiology capacity and receiving external technical assistance.",True,Fits NCDHHS substance-use prevention goal and DPH epidemiology role; state eligible and CDC funding supports alcohol prevention infrastructure.,"[""Applicants must be physically located and operate in the state or territory for which work is proposed.""]",True,True,lead,deepseek/deepseek-v4-pro,92b0344f579a,True,10.0,0.0,0.85,0.0,0.0,81.19,forecast_watchlist
36,217a3975-7543-445d-9638-8026297a75c4,The National Network of STI Prevention Training Centers (NNPTC),forecast,True,False,,217a3975-7543-445d-9638-8026297a75c4,CDC-RFA-PS-27-0005,forecasted,HHS-CDC-NCHHSTP,discretionary,,2026-07-28,,,2027-07-31,False,8.0,32000000.0,350000.0,1000000.0,,,93.978|Sexually Transmitted Diseases (STD) Provider Education Grants,cooperative_agreement,health,,other_native_american_tribal_organizations;public_and_state_institutions_of_higher_education;for_profit_organizations_other_than_small_businesses;nonprofits_non_higher_education_without_501c3;special_district_governments;state_governments;nonprofits_non_higher_education_with_501c3;small_businesses;unrestricted;other;county_governments;public_and_indian_housing_authorities;independent_school_districts;city_or_township_governments;federally_recognized_native_american_tribal_governments;private_institutions_of_higher_education,Unrestricted eligibility,Centers for Disease Control - NCHHSTP,Department of Health and Human Services,"Alexandra (Allie) Coor
404-639-6423",acoor@cdc.gov,acoor@cdc.gov,2026-12-20,2027-02-20,Electronically submitted applications must be submitted no later than 11:59 pm ET on the listed application due date.,2027-06-01,2027-07-01,2027.0,,,https://simpler.grants.gov/opportunity/217a3975-7543-445d-9638-8026297a75c4,"<p>This NOFO will support the development and dissemination of education, training and technical assistance—emphasizing prevention strategies—for clinicians and disease intervention specialists to improve sexually transmitted infection (STI) patient care. &nbsp;The NOFO aims to improve the capacity of providers, clinical sites, and healthcare systems to diagnose, manage, treat and counsel individuals with and at-risk for STIs, in order to reduce STI morbidity and improve health on an individual, local and national level.</p>","This NOFO will support the development and dissemination of education, training and technical assistance—emphasizing prevention strategies—for clinicians and disease intervention specialists to improve sexually transmitted infection (STI) patient care.  The NOFO aims to improve the capacity of providers, clinical sites, and healthcare systems to diagnose, manage, treat and counsel individuals with and at-risk for STIs, in order to reduce STI morbidity and improve health on an individual, local and national level.","The National Network of STI Prevention Training Centers (NNPTC)
This NOFO will support the development and dissemination of education, training and technical assistance—emphasizing prevention strategies—for clinicians and disease intervention specialists to improve sexually transmitted infection (STI) patient care.  The NOFO aims to improve the capacity of providers, clinical sites, and healthcare systems to diagnose, manage, treat and counsel individuals with and at-risk for STIs, in order to reduce STI morbidity and improve health on an individual, local and national level.
Unrestricted eligibility",False,,,False,False,False,False,False,False,,False,81.0,False,False,False,False,False,False,False,False,4000000.0,award_ceiling,1000000.0,True,False,True,False,False,False,5.0,False,,False,False,True,True,True,True,True,True,False,True,True,16,False,True,,False,False,False,False,1,True,False,False,,True,False,False,False,,2026-09-30,2026-08-18,The National Network of STI Prevention Training Centers (NNPTC),forecast,ok,8,G1,G1.O4,"The grant invests directly in the capacity of clinical and public health partners to deliver STI prevention, diagnosis, treatment, and counseling.","education, training and technical assistance—emphasizing prevention strategies—for clinicians and disease intervention specialists to improve sexually transmitted infection (STI) patient care",lead,Unrestricted eligibility,DPH,9,"DPH already leads STD prevention, surveillance, and provider guidance and could operate a clinician and disease intervention specialist training center.","The NOFO supports a national/regional training network rather than direct North Carolina STI service delivery, potentially requiring multi-state reach and infrastructure.",True,"DPH already addresses STD prevention and provider guidance; this cooperative agreement would fund STI training capacity, aligning with health access and partner capacity goals.",[],True,True,lead,deepseek/deepseek-v4-pro,92b0344f579a,True,10.0,0.0,0.85,0.0,0.0,81.18,forecast_watchlist
37,13af439f-7405-4592-9a1e-18c4f7db7622,State Occupational Safety and Health Surveillance Program (U60),forecast,True,False,,13af439f-7405-4592-9a1e-18c4f7db7622,RFA-OH-27-050,forecasted,HHS-CDC-HHSCDCERA,discretionary,,2026-07-31,,,2027-01-29,False,25.0,40000000.0,150000.0,685000.0,,,93.262|Occupational Safety and Health Program,cooperative_agreement,health,,special_district_governments;other;city_or_township_governments;federally_recognized_native_american_tribal_governments;state_governments;other_native_american_tribal_organizations;county_governments,"Bona fide agents applying on behalf of state, territorial, local, and tribal government organizations.Bona fide agents must submit documentation that demonstrates their arrangement with the eligible applicant.",Centers for Disease Control and Prevention - ERA,Department of Health and Human Services,"Eduardo O'Neill
404-718-8844",EONeill@cdc.gov,EONeill@cdc.gov,2026-10-30,2026-12-30,Electronically submitted applications must be submitted no later than 11:59 pm ET on the listed application due date.,2027-06-01,2027-07-01,2027.0,,,https://simpler.grants.gov/opportunity/13af439f-7405-4592-9a1e-18c4f7db7622,"<p>NIOSH has provided financial and technical assistance to develop or expand state-level OSH surveillance capacity and infrastructure since the 1970s. From 2021-2026, NIOSH funded cooperative agreements in 23 states under announcement <a href=""https://grants.nih.gov/grants/guide/pa-files/PAR-20-312.html"">PAR-20-312</a>. These programs varied in scope and focus,&nbsp;each providing a level of occupational health expertise to the public health system in their state.&nbsp;Grantees included 19 state health departments, 2 state Departments of Labor, and 5 formal partnerships between state health departments and universities (bona fide agents).&nbsp;More information about these OSH surveillance programs is available on the&nbsp;<a href=""https://www.cdc.gov/niosh/extramural-programs/php/about/state-surveillance.html"">NIOSH&nbsp;Extramural Program website</a>.&nbsp;</p><p>With this funding announcement, NIOSH maintains its priority to develop OSH surveillance capacity within state and jurisdictional public health systems, utilizing public and other data sources such as electronic medical and laboratory reporting, hospital discharge databases, death records, cancer registries, and public health surveys. OSH surveillance, when coupled with other public health surveillance efforts, also provides the opportunity to assess the role of work in the overall health status of the U.S. population.</p><p>State public health agencies and their partners can link OSH surveillance findings with voluntary interventions, education, and outreach activities. While federal and state regulatory programs establish and enforce health and safety standards, they do not include all workplaces and may have limited jurisdictional authority. Through the application of <a href=""https://www.cdc.gov/public-health-gateway/php/about/index.html"">public health approaches</a>, state OSH surveillance programs can identify new problems, develop tailored interventions, encourage participation, and evaluate impacts with a broader scope and in ways that regulatory counterparts cannot. By working in partnership with NIOSH, these programs help fill critical gaps to protect the health and safety of <u>all</u> working people.&nbsp;</p>","NIOSH has provided financial and technical assistance to develop or expand state-level OSH surveillance capacity and infrastructure since the 1970s. From 2021-2026, NIOSH funded cooperative agreements in 23 states under announcement  PAR-20-312 . These programs varied in scope and focus, each providing a level of occupational health expertise to the public health system in their state. Grantees included 19 state health departments, 2 state Departments of Labor, and 5 formal partnerships between state health departments and universities (bona fide agents). More information about these OSH surveillance programs is available on the  NIOSH Extramural Program website . 
 With this funding announcement, NIOSH maintains its priority to develop OSH surveillance capacity within state and jurisdictional public health systems, utilizing public and other data sources such as electronic medical and laboratory reporting, hospital discharge databases, death records, cancer registries, and public health surveys. OSH surveillance, when coupled with other public health surveillance efforts, also provides the opportunity to assess the role of work in the overall health status of the U.S. population.
 State public health agencies and their partners can link OSH surveillance findings with voluntary interventions, education, and outreach activities. While federal and state regulatory programs establish and enforce health and safety standards, they do not include all workplaces and may have limited jurisdictional authority. Through the application of  public health approaches , state OSH surveillance programs can identify new problems, develop tailored interventions, encourage participation, and evaluate impacts with a broader scope and in ways that regulatory counterparts cannot. By working in partnership with NIOSH, these programs help fill critical gaps to protect the health and safety of  all  working people.","State Occupational Safety and Health Surveillance Program (U60)
NIOSH has provided financial and technical assistance to develop or expand state-level OSH surveillance capacity and infrastructure since the 1970s. From 2021-2026, NIOSH funded cooperative agreements in 23 states under announcement  PAR-20-312 . These programs varied in scope and focus, each providing a level of occupational health expertise to the public health system in their state. Grantees included 19 state health departments, 2 state Departments of Labor, and 5 formal partnerships between state health departments and universities (bona fide agents). More information about these OSH surveillance programs is available on the  NIOSH Extramural Program website . 
 With this funding announcement, NIOSH maintains its priority to develop OSH surveillance capacity within state and jurisdictional public health systems, utilizing public and other data sources such as electronic medical and laboratory reporting, hospital discharge databases, death records, cancer registries, and public health surveys. OSH surveillance, when coupled with other public health surveillance efforts, also provides the opportunity to assess the role of work in the overall health status of the U.S. population.
 State public health agencies and their partners can link OSH surveillance findings with voluntary interventions, education, and outreach activities. While federal and state regulatory programs establish and enforce health and safety standards, they do not include all workplaces and may have limited jurisdictional authority. Through the application of  public health approaches , state OSH surveillance programs can identify new problems, develop tailored interventions, encourage participation, and evaluate impacts with a broader scope and in ways that regulatory counterparts cannot. By working in partnership with NIOSH, these programs help fill critical gaps to protect the health and safety of  all  working people.
Bona fide agents applying on behalf of state, territorial, local, and tribal government organizations.Bona fide agents must submit documentation that demonstrates their arrangement with the eligible applicant.",False,,,False,False,False,False,False,False,,False,30.0,False,False,False,False,False,False,False,False,1600000.0,award_ceiling,685000.0,True,False,False,False,False,False,4.18,False,,False,False,True,True,False,False,True,False,False,False,True,7,False,False,,False,False,False,False,1,True,False,False,,True,False,False,False,,2026-09-30,2026-08-18,State Occupational Safety and Health Surveillance Program (U60),forecast,ok,8,G5,G5.O1,"The grant builds state occupational health surveillance capacity and data infrastructure using multiple public health data sources, which supports NCDHHS data-driven decision-making.","NIOSH maintains its priority to develop OSH surveillance capacity within state and jurisdictional public health systems, utilizing public and other data sources such as electronic medical and laboratory reporting, hospital discharge databases, death records, cancer registries, and public health surveys.",lead,"Bona fide agents applying on behalf of state, territorial, local, and tribal government organizations.",DPH,9,"DPH already conducts disease surveillance, epidemiology, and environmental health activities, so adding occupational health surveillance is an extension of current public health surveillance work.","Occupational health surveillance is not explicitly listed in NCDHHS strategic goals, so internal alignment and sustainability beyond the grant may be weak.",True,"CDC funds state occupational health surveillance; DPH already runs public health surveillance, so this is a strong capacity-building fit, though not tied to a named NCDHHS objective.",[],True,True,lead,deepseek/deepseek-v4-pro,92b0344f579a,True,10.0,0.0,0.85,0.0,0.0,79.73,forecast_watchlist
38,41024895-69ca-49fb-9312-128fc5316777,Improving Protection against Influenza and Other Respiratory Pathogens: the US Flu VE Network,forecast,True,False,,41024895-69ca-49fb-9312-128fc5316777,RFA-IP-27-026,forecasted,HHS-CDC-HHSCDCERA,discretionary,,2026-07-28,,,2027-01-30,False,6.0,75250000.0,1350000.0,3550000.0,,,"93.185|Immunization Research, Demonstration, Public Information and Education Training and Clinical Skills Improvement Projects",cooperative_agreement,health,,public_and_state_institutions_of_higher_education;independent_school_districts;other_native_american_tribal_organizations;city_or_township_governments;private_institutions_of_higher_education;nonprofits_non_higher_education_without_501c3;county_governments;special_district_governments;federally_recognized_native_american_tribal_governments;nonprofits_non_higher_education_with_501c3;state_governments;for_profit_organizations_other_than_small_businesses;public_and_indian_housing_authorities,,Centers for Disease Control and Prevention - ERA,Department of Health and Human Services,"Jocelyn Patterson Mosley
404-639-6437",jpatterson@cdc.gov,jpatterson@cdc.gov,2026-10-30,2026-12-31,Electronically submitted applications must be submitted no later than 11:59 pm ET on the listed application due date.,2027-08-31,2027-09-30,2027.0,,,https://simpler.grants.gov/opportunity/41024895-69ca-49fb-9312-128fc5316777,"<p>The purpose of this notice of funding opportunity (NOFO) is to continue the work of the US Influenza Vaccine Effectiveness (Flu VE) Network. Influenza and other respiratory pathogens are important causes of morbidity, mortality, and healthcare burden across the age spectrum. This network provides evidence needed to improve the effectiveness of influenza and other respiratory pathogen vaccines. You would propose work under this NOFO to include: 1) annual VE and correlates of protection surveillance from active enrollment and systematic respiratory pathogen testing of outpatients; 2) electronic acute respiratory illness and VE surveillance; 3) household transmission research studies; and 4) immunogenicity research studies. &nbsp;</p><p>This is a multi-component NOFO of Component A, B, C and D.&nbsp;The anticipated award number for each component is: five for Component A (VE and correlates of protection), one for Component B (Coordination and surge capacity), two for Component C (Household transmission studies) and three for Component D (Immunogenicity studies). You are required to apply for either Component A (VE and correlates of protection) or B (Coordination and surge capacity) but not both.&nbsp; If you apply for Component A, you may also apply for optional Components C (Household transmission studies) or D (Immunogenicity studies) or both.&nbsp; If you apply for Component B, you may also apply for optional Component D.</p><p>We expect to fund 5 sites for Component A up to $1,800,000 per site annually and 1 site for Component B up to $1,800,000 annually.&nbsp; Up to 2 sites selected for Component A may be awarded optional Component C to be funded up to $1,00,000 per site annually.&nbsp; Up to 3 sites selected for either Components A or B may be awarded optional Component D to be funded up to $750,000 per site annually.&nbsp;&nbsp;</p>","The purpose of this notice of funding opportunity (NOFO) is to continue the work of the US Influenza Vaccine Effectiveness (Flu VE) Network. Influenza and other respiratory pathogens are important causes of morbidity, mortality, and healthcare burden across the age spectrum. This network provides evidence needed to improve the effectiveness of influenza and other respiratory pathogen vaccines. You would propose work under this NOFO to include: 1) annual VE and correlates of protection surveillance from active enrollment and systematic respiratory pathogen testing of outpatients; 2) electronic acute respiratory illness and VE surveillance; 3) household transmission research studies; and 4) immunogenicity research studies.  
 This is a multi-component NOFO of Component A, B, C and D. The anticipated award number for each component is: five for Component A (VE and correlates of protection), one for Component B (Coordination and surge capacity), two for Component C (Household transmission studies) and three for Component D (Immunogenicity studies). You are required to apply for either Component A (VE and correlates of protection) or B (Coordination and surge capacity) but not both.  If you apply for Component A, you may also apply for optional Components C (Household transmission studies) or D (Immunogenicity studies) or both.  If you apply for Component B, you may also apply for optional Component D.
 We expect to fund 5 sites for Component A up to $1,800,000 per site annually and 1 site for Component B up to $1,800,000 annually.  Up to 2 sites selected for Component A may be awarded optional Component C to be funded up to $1,00,000 per site annually.  Up to 3 sites selected for either Components A or B may be awarded optional Component D to be funded up to $750,000 per site annually.","Improving Protection against Influenza and Other Respiratory Pathogens: the US Flu VE Network
The purpose of this notice of funding opportunity (NOFO) is to continue the work of the US Influenza Vaccine Effectiveness (Flu VE) Network. Influenza and other respiratory pathogens are important causes of morbidity, mortality, and healthcare burden across the age spectrum. This network provides evidence needed to improve the effectiveness of influenza and other respiratory pathogen vaccines. You would propose work under this NOFO to include: 1) annual VE and correlates of protection surveillance from active enrollment and systematic respiratory pathogen testing of outpatients; 2) electronic acute respiratory illness and VE surveillance; 3) household transmission research studies; and 4) immunogenicity research studies.  
 This is a multi-component NOFO of Component A, B, C and D. The anticipated award number for each component is: five for Component A (VE and correlates of protection), one for Component B (Coordination and surge capacity), two for Component C (Household transmission studies) and three for Component D (Immunogenicity studies). You are required to apply for either Component A (VE and correlates of protection) or B (Coordination and surge capacity) but not both.  If you apply for Component A, you may also apply for optional Components C (Household transmission studies) or D (Immunogenicity studies) or both.  If you apply for Component B, you may also apply for optional Component D.
 We expect to fund 5 sites for Component A up to $1,800,000 per site annually and 1 site for Component B up to $1,800,000 annually.  Up to 2 sites selected for Component A may be awarded optional Component C to be funded up to $1,00,000 per site annually.  Up to 3 sites selected for either Components A or B may be awarded optional Component D to be funded up to $750,000 per site annually.
",False,,,False,False,False,False,False,False,,False,30.0,False,False,False,False,False,False,False,False,12541666.666666666,award_ceiling,3550000.0,True,False,True,False,False,False,7.75,False,,False,False,True,True,True,True,True,True,False,False,False,13,False,True,,False,False,False,False,1,True,False,False,,True,False,False,True,,2026-09-30,2026-08-18,Improving Protection against Influenza and Other Respiratory Pathogens: the US Flu VE Network,forecast,ok,7,G1,G1.O2,"The grant funds respiratory pathogen surveillance and vaccine-effectiveness evidence, which would strengthen DPH's ability to track outcomes and use data to improve protection against influenza.",This network provides evidence needed to improve the effectiveness of influenza and other respiratory pathogen vaccines.,lead,state_governments,DPH,8,"DPH already leads immunization, disease surveillance, epidemiology, and public health laboratory work, so this CDC immunization research cooperative agreement is an extension of its core functions.","The network requires active enrollment and systematic respiratory pathogen testing of outpatients, which is clinical research infrastructure that may go beyond DPH's routine surveillance capacity.",True,CDC immunization research cooperative agreement aligned with DPH immunization and disease surveillance; generates vaccine-effectiveness evidence but requires clinical enrollment and lab capacity.,"[""You are required to apply for either Component A (VE and correlates of protection) or B (Coordination and surge capacity) but not both."", ""Funding instrument: cooperative_agreement""]",True,True,lead,deepseek/deepseek-v4-pro,92b0344f579a,True,10.0,0.0,0.85,0.0,0.0,79.56,forecast_watchlist
39,01a1f3ea-fac9-40f9-8414-6aa74edc8a21,Rural Health Network Development Planning Program,forecast,True,False,,01a1f3ea-fac9-40f9-8414-6aa74edc8a21,HRSA-27-048,forecasted,HHS-HRSA,discretionary,,2026-08-13,,,2028-07-01,False,10.0,1000000.0,0.0,100000.0,,,93.912|Rural Healthcare Services Programs,grant,health,,nonprofits_non_higher_education_with_501c3;for_profit_organizations_other_than_small_businesses;federally_recognized_native_american_tribal_governments;state_governments;independent_school_districts;public_and_state_institutions_of_higher_education;special_district_governments;other;private_institutions_of_higher_education;small_businesses;county_governments;city_or_township_governments,"All domestic public or private, non-profit or for-profit entities including domestic faith-based and community-based organizations, tribes and tribal organizations. The applicant organization may be located in a rural or urban area, but must have demonstrated experience serving, or capacity to serve, rural underserved populations.",Health Resources and Services Administration,Department of Health and Human Services,"Nkem Osian
301-443-2751",nosian@hrsa.gov,nosian@hrsa.gov,2027-01-23,2027-03-23,"Electronically submitted applications must be submitted no later than 11:59 p.m., ET, on the listed application due date.",2027-06-01,2027-07-01,2027.0,,,https://simpler.grants.gov/opportunity/01a1f3ea-fac9-40f9-8414-6aa74edc8a21,"<p>The Rural Health Network Development Planning Program supports the planning and development of rural integrated health care networks with specific focus on collaboration of entities to establish or improve local capacity and care coordination in underserved communities. Specifically, the program uses the concept of developing networks as a strategy for linking rural health care network participants together to achieve greater collective capacity to overcome local challenges, expand access and improve the quality of care in the rural communities these organizations serve. The program helps network participants work together on three legislative aims:&nbsp;</p><p>• Achieve efficiencies.&nbsp;</p><p>• Expand access to, coordinate, and improve the quality of basic health care services and associated health outcomes.&nbsp;</p><p>• Strengthen the rural health care system as a whole.&nbsp;</p><p>&nbsp;</p><p>The intent is that rural health networks will do the following:&nbsp;</p><p>• Expand access to care.&nbsp;</p><p>• Increase the use of health information technology.&nbsp;</p><p>• Explore alternative health care delivery models.&nbsp;</p><p>• Continue to achieve quality health care across the continuum of care.</p>","The Rural Health Network Development Planning Program supports the planning and development of rural integrated health care networks with specific focus on collaboration of entities to establish or improve local capacity and care coordination in underserved communities. Specifically, the program uses the concept of developing networks as a strategy for linking rural health care network participants together to achieve greater collective capacity to overcome local challenges, expand access and improve the quality of care in the rural communities these organizations serve. The program helps network participants work together on three legislative aims: 
 • Achieve efficiencies. 
 • Expand access to, coordinate, and improve the quality of basic health care services and associated health outcomes. 
 • Strengthen the rural health care system as a whole. 
  
 The intent is that rural health networks will do the following: 
 • Expand access to care. 
 • Increase the use of health information technology. 
 • Explore alternative health care delivery models. 
 • Continue to achieve quality health care across the continuum of care.","Rural Health Network Development Planning Program
The Rural Health Network Development Planning Program supports the planning and development of rural integrated health care networks with specific focus on collaboration of entities to establish or improve local capacity and care coordination in underserved communities. Specifically, the program uses the concept of developing networks as a strategy for linking rural health care network participants together to achieve greater collective capacity to overcome local challenges, expand access and improve the quality of care in the rural communities these organizations serve. The program helps network participants work together on three legislative aims: 
 • Achieve efficiencies. 
 • Expand access to, coordinate, and improve the quality of basic health care services and associated health outcomes. 
 • Strengthen the rural health care system as a whole. 
  
 The intent is that rural health networks will do the following: 
 • Expand access to care. 
 • Increase the use of health information technology. 
 • Explore alternative health care delivery models. 
 • Continue to achieve quality health care across the continuum of care.
All domestic public or private, non-profit or for-profit entities including domestic faith-based and community-based organizations, tribes and tribal organizations. The applicant organization may be located in a rural or urban area, but must have demonstrated experience serving, or capacity to serve, rural underserved populations.",False,,,False,False,False,False,False,False,,False,115.0,False,False,False,False,False,False,False,False,100000.0,award_ceiling,100000.0,True,False,False,False,False,False,0.0,False,,False,False,True,True,True,True,True,True,False,False,True,12,False,True,,False,False,False,False,1,True,False,False,,True,False,False,False,,2026-09-30,2026-08-18,Rural Health Network Development Planning Program,forecast,ok,9,G1,G1.O3,Directly advances G1.O3 by funding planning and development of rural integrated health care networks to expand access and coordinate care in underserved rural communities.,The Rural Health Network Development Planning Program supports the planning and development of rural integrated health care networks with specific focus on collaboration of entities to establish or improve local capacity and care coordination in underserved communities.,lead,state_governments,ORH,10,"ORH already focuses on rural and underserved primary care, safety-net clinics, rural hospitals, and health workforce shortage areas, so this planning grant fits its existing role.","It is a planning/network development grant, not direct service funding, so NCDHHS would need committed rural partners to turn the plan into improved access.",True,This HRSA planning grant aligns with NCDHHS's rural health access goal and ORH's role by funding rural network planning.,"[""Applicant organization must have demonstrated experience serving, or capacity to serve, rural underserved populations."", ""Program requires collaboration of entities/network participants, which adds coordination effort.""]",True,True,lead,deepseek/deepseek-v4-pro,92b0344f579a,True,10.0,0.0,0.85,0.0,0.0,78.82,forecast_watchlist
40,3a1c4127-9699-412d-8904-742bbf20a33a,Maternal and Child Health Encounters Networks (MCHEK),forecast,True,False,,3a1c4127-9699-412d-8904-742bbf20a33a,HRSA-27-038,forecasted,HHS-HRSA,discretionary,,2026-07-31,,,2028-09-01,False,1.0,1000000.0,1000000.0,1000000.0,,,93.110|Special Projects of Regional and National Significance,cooperative_agreement,health,,unrestricted,"Any domestic public or private entity, including an Indian tribe or tribal organization (as those terms are defined at 25 U.S.C. § 450b) is eligible to apply.",Health Resources and Services Administration,Department of Health and Human Services,"Maternal Child Health Bureau/Division of Services
301-443-5692",CYSHCN@hrsa.gov,ATTN: MCHEK,2026-12-18,2027-03-18,"Electronically submitted applications must be submitted no later than 11:59 p.m., ET, on the listed application due date.",2027-08-02,2027-09-01,2027.0,,,https://simpler.grants.gov/opportunity/3a1c4127-9699-412d-8904-742bbf20a33a,"<p style=""margin-left:0px;"">The purpose of this program is to improve maternal and infant outcomes by preventing contact with harmful materials before, during, and after pregnancy.&nbsp;</p><p style=""margin-left:0px;"">This program aims to improve maternal and infant health outcomes by preventing harmful exposures before, during, and after pregnancy. It supports a national expert-staffed call center that provides timely, evidence-based information and personalized counseling on medications, nutrition, foods, household products, and environmental exposures. By translating complex scientific evidence into clear, accessible guidance and leveraging emerging technologies, including artificial intelligence (AI), the program empowers women, families, and healthcare providers to make informed decisions that promote healthy pregnancies and improve maternal and infant outcomes.&nbsp;</p>","The purpose of this program is to improve maternal and infant outcomes by preventing contact with harmful materials before, during, and after pregnancy. 
 This program aims to improve maternal and infant health outcomes by preventing harmful exposures before, during, and after pregnancy. It supports a national expert-staffed call center that provides timely, evidence-based information and personalized counseling on medications, nutrition, foods, household products, and environmental exposures. By translating complex scientific evidence into clear, accessible guidance and leveraging emerging technologies, including artificial intelligence (AI), the program empowers women, families, and healthcare providers to make informed decisions that promote healthy pregnancies and improve maternal and infant outcomes.","Maternal and Child Health Encounters Networks (MCHEK)
The purpose of this program is to improve maternal and infant outcomes by preventing contact with harmful materials before, during, and after pregnancy. 
 This program aims to improve maternal and infant health outcomes by preventing harmful exposures before, during, and after pregnancy. It supports a national expert-staffed call center that provides timely, evidence-based information and personalized counseling on medications, nutrition, foods, household products, and environmental exposures. By translating complex scientific evidence into clear, accessible guidance and leveraging emerging technologies, including artificial intelligence (AI), the program empowers women, families, and healthcare providers to make informed decisions that promote healthy pregnancies and improve maternal and infant outcomes.
Any domestic public or private entity, including an Indian tribe or tribal organization (as those terms are defined at 25 U.S.C. § 450b) is eligible to apply.",False,,,False,False,False,False,False,False,,False,79.0,False,False,False,False,False,False,False,False,1000000.0,award_ceiling,1000000.0,True,False,True,True,False,False,5.0,False,,False,False,False,False,False,False,False,False,False,True,False,1,False,False,,False,False,False,False,1,True,False,False,,True,False,False,False,,2026-09-30,2026-08-18,Maternal and Child Health Encounters Networks (MCHEK),forecast,ok,9,G2,G2.O4,"The program directly advances G2.O4 by funding evidence-based counseling and information to prevent harmful exposures and improve maternal and infant outcomes before, during, and after pregnancy.","The purpose of this program is to improve maternal and infant outcomes by preventing contact with harmful materials before, during, and after pregnancy.",lead,"Any domestic public or private entity, including an Indian tribe or tribal organization (as those terms are defined at 25 U.S.C. § 450b) is eligible to apply.",DPH,7,"DPH has existing maternal and child health, WIC, and environmental health programs that align with the content, but operating a national expert-staffed call center with AI features would extend beyond its usual state-focused role.","The cooperative agreement likely expects a national expert-staffed call center and emerging AI technology, which could require capabilities and infrastructure NCDHHS does not currently operate at national scale.",True,Strong fit with G2.O4 maternal and infant health; DPH could apply but must weigh capacity to run a national expert-staffed call center with AI.,[],True,True,lead,deepseek/deepseek-v4-pro,92b0344f579a,True,10.0,0.0,0.85,0.0,0.0,78.82,forecast_watchlist
41,d05b15ba-864c-4255-a510-42d9fd966215,Fiscal Year (FY) 2027 Service Area Competition (SAC),forecast,True,False,,d05b15ba-864c-4255-a510-42d9fd966215,HRSA-27-005,forecasted,HHS-HRSA,discretionary,,2026-07-31,,,2027-10-02,False,85.0,470428300.0,1216000.0,19182000.0,,,93.224|Health Center Program,grant,health,,state_governments;public_and_indian_housing_authorities;other_native_american_tribal_organizations;nonprofits_non_higher_education_with_501c3;nonprofits_non_higher_education_without_501c3;city_or_township_governments;county_governments;special_district_governments;federally_recognized_native_american_tribal_governments,,Health Resources and Services Administration,Department of Health and Human Services,"Health Resources and Services Administration
301-594-4300",bphcfunding@hrsa.gov,bphcfunding@hrsa.gov,2026-08-21,2026-09-21,"Electronically submitted applications must be submitted no later than 11:59 p.m., ET, on the listed application due date.",2026-12-29,2027-01-01,2027.0,,,https://simpler.grants.gov/opportunity/d05b15ba-864c-4255-a510-42d9fd966215,"<p>The FY 2027 Health Center Program Service Area Competition (SAC) funding improves the health of medically underserved communities and populations by providing grants to support the delivery of comprehensive, high-quality preventive and primary health care services in the United States and its territories. For each SAC Notice of Funding Opportunity (NOFO), service areas available for competition are announced in the Service Area Announcement Table (SAAT). Throughout the year, we may announce additional service areas in a Service Area Competition-Additional Area (SAC-AA) if an awarded health center cannot continue to provide services in the funded service area.</p>","The FY 2027 Health Center Program Service Area Competition (SAC) funding improves the health of medically underserved communities and populations by providing grants to support the delivery of comprehensive, high-quality preventive and primary health care services in the United States and its territories. For each SAC Notice of Funding Opportunity (NOFO), service areas available for competition are announced in the Service Area Announcement Table (SAAT). Throughout the year, we may announce additional service areas in a Service Area Competition-Additional Area (SAC-AA) if an awarded health center cannot continue to provide services in the funded service area.","Fiscal Year (FY) 2027 Service Area Competition (SAC)
The FY 2027 Health Center Program Service Area Competition (SAC) funding improves the health of medically underserved communities and populations by providing grants to support the delivery of comprehensive, high-quality preventive and primary health care services in the United States and its territories. For each SAC Notice of Funding Opportunity (NOFO), service areas available for competition are announced in the Service Area Announcement Table (SAAT). Throughout the year, we may announce additional service areas in a Service Area Competition-Additional Area (SAC-AA) if an awarded health center cannot continue to provide services in the funded service area.
",False,,,False,False,False,False,False,False,,False,-40.0,True,True,False,False,False,False,False,False,5534450.588235294,award_ceiling,19182000.0,True,False,True,False,False,False,10.0,False,,False,False,True,True,False,True,True,False,False,False,False,9,False,False,,False,False,False,False,1,True,False,False,,True,False,False,True,51fa7e21-beca-497f-a0f1-bf175382f77f,2026-09-30,2026-08-18,Fiscal Year (FY) 2027 Service Area Competition (SAC),forecast,ok,9,G1,G1.O3,"The grant funds delivery of comprehensive preventive and primary health care to medically underserved communities, directly advancing NCDHHS's objective to mitigate barriers to rural and underserved primary care.","improves the health of medically underserved communities and populations by providing grants to support the delivery of comprehensive, high-quality preventive and primary health care services",atypical,state_governments,ORH,4,"ORH supports rural and underserved primary care and safety-net clinics, but it does not directly operate a comprehensive health center as the grantee would be required to do.","The Service Area Competition appears designed for existing health center operators in announced service areas, so NCDHHS likely lacks an eligible health center service area and would not be competitive as a state agency applicant.",False,"Strong G1.O3 alignment with rural and underserved primary care, but SAC funds existing health center service areas and NCDHHS is not a health center operator.","[""Service areas are limited to those announced in the Service Area Announcement Table (SAAT) or subsequent SAC-AA announcements.""]",True,True,atypical,deepseek/deepseek-v4-pro,92b0344f579a,True,10.0,0.0,0.85,0.0,0.0,78.82,forecast_watchlist
42,1c40eecf-764a-4c6f-ad1b-3d12cc9e43d0,Leading Edge Acceleration Projects for Health IT (LEAP),forecast,True,False,,1c40eecf-764a-4c6f-ad1b-3d12cc9e43d0,ONC-NAP-AX-22-001,forecasted,HHS-OS-ONC,discretionary,,2021-11-10,,,,False,2.0,,,,,,93.345|Leading Edge Acceleration Projects (LEAP) in Health Information Technology,cooperative_agreement,health,,public_and_state_institutions_of_higher_education;other_native_american_tribal_organizations;private_institutions_of_higher_education;nonprofits_non_higher_education_with_501c3;nonprofits_non_higher_education_without_501c3;for_profit_organizations_other_than_small_businesses;federally_recognized_native_american_tribal_governments,"This is a competitive funding opportunity open to public or non-profit privateinstitutions, such as a university, college, or a faith-based or community-based organization; units oflocal or state government, eligible agencies of the federal government, Indian/Native American TribalGovernments (federally recognized, other than federally recognized, and tribally designatedorganizations).For-profit organizations may participate in projects as members of a consortia or as a sub-recipientonly. Because the purpose of this NOFO is to improve health care in the United States, foreigninstitutions may participate in projects as members of a consortia or as a sub-recipient only.Applications submitted by for-profit organizations or foreign institutions will not be reviewed.Organizations described in section 501(c)4 of the Internal Revenue Code that engage in lobbyingactivities are not eligible.",Office of the National Coordinator,Department of Health and Human Services,"Carmel Halloun
Grantor
202-720-2919",oncgrants@hhs.gov,Grants Resource Mailbox,2023-03-01,,,,,2023.0,,,https://simpler.grants.gov/opportunity/1c40eecf-764a-4c6f-ad1b-3d12cc9e43d0,"<p>This Notice of Funding Opportunity (NOFO) seeks Leading Edge Acceleration Projects (LEAP) in Health Information Technology (Health IT) to address well-documented and fast emerging challenges inhibiting the development, use, and/or advancement of well-designed, interoperable health IT, which is scalable across the health care industry. Solutions are expected to further a new generation of health IT research and inform the development, implementation, and refinement of standards, methods, and techniques for overcoming major barriers and challenges in an innovative fashion as they are identified. It is critical that the field of health care innovate and leverage the latest technological advancements and breakthroughs far quicker than it currently does to optimize real-time solutions, especially in areas which are ripe for acceleration.  Additional information and guidance for FY23 funding will be released by way of a Special Emphasis Notice. </p>","This Notice of Funding Opportunity (NOFO) seeks Leading Edge Acceleration Projects (LEAP) in Health Information Technology (Health IT) to address well-documented and fast emerging challenges inhibiting the development, use, and/or advancement of well-designed, interoperable health IT, which is scalable across the health care industry. Solutions are expected to further a new generation of health IT research and inform the development, implementation, and refinement of standards, methods, and techniques for overcoming major barriers and challenges in an innovative fashion as they are identified. It is critical that the field of health care innovate and leverage the latest technological advancements and breakthroughs far quicker than it currently does to optimize real-time solutions, especially in areas which are ripe for acceleration.  Additional information and guidance for FY23 funding will be released by way of a Special Emphasis Notice.","Leading Edge Acceleration Projects for Health IT (LEAP)
This Notice of Funding Opportunity (NOFO) seeks Leading Edge Acceleration Projects (LEAP) in Health Information Technology (Health IT) to address well-documented and fast emerging challenges inhibiting the development, use, and/or advancement of well-designed, interoperable health IT, which is scalable across the health care industry. Solutions are expected to further a new generation of health IT research and inform the development, implementation, and refinement of standards, methods, and techniques for overcoming major barriers and challenges in an innovative fashion as they are identified. It is critical that the field of health care innovate and leverage the latest technological advancements and breakthroughs far quicker than it currently does to optimize real-time solutions, especially in areas which are ripe for acceleration.  Additional information and guidance for FY23 funding will be released by way of a Special Emphasis Notice.
This is a competitive funding opportunity open to public or non-profit privateinstitutions, such as a university, college, or a faith-based or community-based organization; units oflocal or state government, eligible agencies of the federal government, Indian/Native American TribalGovernments (federally recognized, other than federally recognized, and tribally designatedorganizations).For-profit organizations may participate in projects as members of a consortia or as a sub-recipientonly. Because the purpose of this NOFO is to improve health care in the United States, foreigninstitutions may participate in projects as members of a consortia or as a sub-recipient only.Applications submitted by for-profit organizations or foreign institutions will not be reviewed.Organizations described in section 501(c)4 of the Internal Revenue Code that engage in lobbyingactivities are not eligible.",False,,,False,False,False,False,False,False,,False,-1309.0,True,False,True,False,False,False,False,False,,unknown,,False,True,False,True,False,True,5.0,False,,False,False,False,False,True,True,True,True,False,False,False,7,False,False,,True,False,False,False,1,True,False,False,,True,False,False,False,,2026-09-30,2026-08-18,Leading Edge Acceleration Projects for Health IT (LEAP),forecast,ok,8,G5,G5.O1,"The grant funds development and advancement of interoperable health IT and standards, which directly supports the Department's objective to strengthen data infrastructure and integration for data-driven decision-making.","address well-documented and fast emerging challenges inhibiting the development, use, and/or advancement of well-designed, interoperable health IT, which is scalable across the health care industry.",lead,units oflocal or state government,OSEC,8,OSEC oversees department-wide data and IT and is the natural home for a health IT standards and interoperability project spanning multiple divisions.,"The FY23 funding focus will be released later through a Special Emphasis Notice, so the actual project priorities and fit are not yet known.",True,"LEAP funds interoperable health IT and standards, aligning with NCDHHS's data infrastructure objective; OSEC could pursue it, though FY23 priorities await a Special Emphasis Notice.","[""For-profit organizations may participate in projects as members of a consortia or as a sub-recipient only.""]",True,True,lead,deepseek/deepseek-v4-pro,92b0344f579a,True,10.0,0.0,0.85,0.0,0.0,78.24,forecast_watchlist
43,8b2aa3e2-733a-44d8-876e-56df42678c9a,Fiscal Year 2027 Regional Nutrition Hubs,forecast,True,False,,8b2aa3e2-733a-44d8-876e-56df42678c9a,HRSA-27-019,forecasted,HHS-HRSA,discretionary,,2026-07-30,,,2026-11-19,False,5.0,5000000.0,1000000.0,1000000.0,,,93.129|Technical and Non-Financial Assistance to Health Centers,cooperative_agreement,health,,other_native_american_tribal_organizations;public_and_state_institutions_of_higher_education;city_or_township_governments;public_and_indian_housing_authorities;small_businesses;nonprofits_non_higher_education_without_501c3;private_institutions_of_higher_education;for_profit_organizations_other_than_small_businesses;independent_school_districts;federally_recognized_native_american_tribal_governments;special_district_governments;state_governments;nonprofits_non_higher_education_with_501c3;county_governments,,Health Resources and Services Administration,Department of Health and Human Services,"Health Resources and Services Administration
3015944300",bphcfunding@hrsa.gov,bphcfunding@hrsa.gov,2026-09-01,2026-10-20,"Electronically submitted applications must be submitted no later than 11:59 p.m., ET, on the listed application due date.",2027-02-01,2027-02-01,2027.0,,,https://simpler.grants.gov/opportunity/8b2aa3e2-733a-44d8-876e-56df42678c9a,"<p style=""margin-left:.5in;"">Fiscal Year (FY) 2027 Regional Nutrition Hubs (RNH) will support region-specific technical assistance (TA) on expanding high-quality nutrition services to the Health Resources and Services Administration's (HRSA) Health Center Program (H80) award recipients and look-alikes (health centers). Nutrition services prevent, manage, and treat diseases and conditions through nutritional and food-based interventions.&nbsp;</p>","Fiscal Year (FY) 2027 Regional Nutrition Hubs (RNH) will support region-specific technical assistance (TA) on expanding high-quality nutrition services to the Health Resources and Services Administration's (HRSA) Health Center Program (H80) award recipients and look-alikes (health centers). Nutrition services prevent, manage, and treat diseases and conditions through nutritional and food-based interventions.","Fiscal Year 2027 Regional Nutrition Hubs
Fiscal Year (FY) 2027 Regional Nutrition Hubs (RNH) will support region-specific technical assistance (TA) on expanding high-quality nutrition services to the Health Resources and Services Administration's (HRSA) Health Center Program (H80) award recipients and look-alikes (health centers). Nutrition services prevent, manage, and treat diseases and conditions through nutritional and food-based interventions.
",False,,,False,False,False,False,False,False,,False,-29.0,True,False,True,False,False,False,False,False,1000000.0,award_ceiling,1000000.0,True,False,True,False,False,False,5.0,False,,False,False,True,True,True,True,True,True,False,False,False,14,False,True,,False,False,False,False,1,True,False,False,,True,False,False,True,,2026-09-30,2026-08-18,Fiscal Year 2027 Regional Nutrition Hubs,forecast,ok,8,G1,G1.O3,"The grant funds technical assistance to expand nutrition services in HRSA health centers, which strengthens underserved primary care access and reduces health disparities.",region-specific technical assistance (TA) on expanding high-quality nutrition services to the Health Resources and Services Administration's (HRSA) Health Center Program (H80) award recipients and look-alikes (health centers),lead,state_governments,ORH,8,"ORH already supports safety-net clinics and rural and underserved primary care, so hosting a nutrition technical assistance hub for HRSA health centers fits its existing provider-support role.","The grant funds technical assistance rather than direct services, and its regional hub structure may require serving health centers beyond North Carolina, which could stretch ORH's current capacity.",True,"Aligns with G1 health access by funding technical assistance to safety-net health centers on nutrition services, fitting ORH's clinic-support role.",[],True,True,lead,deepseek/deepseek-v4-pro,92b0344f579a,True,10.0,0.0,0.85,0.0,0.0,78.24,forecast_watchlist
44,9381a795-83da-40fa-9d6a-ee4c0f7b63be,Ryan White HIV/AIDS Program Part C Capacity Development Program,forecast,True,False,,9381a795-83da-40fa-9d6a-ee4c0f7b63be,HRSA-27-069,forecasted,HHS-HRSA,discretionary,,2026-07-13,,,2027-04-15,False,60.0,9000000.0,0.0,150000.0,,,93.918|Grants to Provide Outpatient Early Intervention Services with Respect to HIV Disease,grant,health,,city_or_township_governments;state_governments;special_district_governments;county_governments;federally_recognized_native_american_tribal_governments;other_native_american_tribal_organizations;private_institutions_of_higher_education;small_businesses;for_profit_organizations_other_than_small_businesses;nonprofits_non_higher_education_without_501c3;nonprofits_non_higher_education_with_501c3;public_and_state_institutions_of_higher_education,,Health Resources and Services Administration,Department of Health and Human Services,"Brian Fitzsimmons
301-945-9820",AskPartCCapacity@hrsa.gov,AskPartCCapacity@hrsa.gov,2027-01-15,2027-03-16,"Electronically submitted applications must be submitted no later than 11:59 p.m., ET, on the listed application due date.",2027-09-01,2027-09-01,2027.0,,,https://simpler.grants.gov/opportunity/9381a795-83da-40fa-9d6a-ee4c0f7b63be,"<p>The purpose of the program is to strengthen the capacity of community-based organizations to improve health outcomes and reduce HIV transmission, especially for people not yet in regular HIV care. The activities fall under two categories: HIV Care Innovation and Infrastructure Development. &nbsp;</p>","The purpose of the program is to strengthen the capacity of community-based organizations to improve health outcomes and reduce HIV transmission, especially for people not yet in regular HIV care. The activities fall under two categories: HIV Care Innovation and Infrastructure Development.","Ryan White HIV/AIDS Program Part C Capacity Development Program
The purpose of the program is to strengthen the capacity of community-based organizations to improve health outcomes and reduce HIV transmission, especially for people not yet in regular HIV care. The activities fall under two categories: HIV Care Innovation and Infrastructure Development.
",False,,,False,False,False,False,False,False,,False,107.0,False,False,False,False,False,False,False,False,150000.0,award_ceiling,150000.0,True,False,False,False,False,False,0.88,False,,False,False,True,True,True,True,True,True,False,False,False,12,False,True,,False,False,False,False,1,True,False,False,,True,False,False,True,,2026-09-30,2026-08-18,Ryan White HIV/AIDS Program Part C Capacity Development Program,forecast,ok,10,G1,G1.O4,"The grant directly invests in community-based organization capacity to improve HIV health outcomes and reduce transmission among people not yet in regular care, which advances G1.O4's focus on investing in community-based partner capacity.","strengthen the capacity of community-based organizations to improve health outcomes and reduce HIV transmission, especially for people not yet in regular HIV care",lead,state_governments,DPH,8,"DPH already manages communicable disease/HIV programs and works with local health departments and community clinics, so this capacity-building grant is an extension of its existing role, though it would require subrecipient management for community-based clinical services.","The program's stated purpose is to strengthen community-based organizations, so a state agency application may be atypical or less competitive and would likely require passing funds through to CBOs rather than delivering services directly.",True,Strong fit with G1.O4: funds capacity building for HIV-focused community organizations; DPH can apply as state government and manage through its HIV program.,[],True,True,lead,deepseek/deepseek-v4-pro,92b0344f579a,True,10.0,0.0,0.85,0.0,0.0,78.02,forecast_watchlist
45,6bc69d9c-87b7-4329-962c-16c8e3ad553d,Rural Residency Planning and Development Program,forecast,True,False,,6bc69d9c-87b7-4329-962c-16c8e3ad553d,HRSA-27-046,forecasted,HHS-HRSA,discretionary,,2026-08-07,,,2027-04-17,False,15.0,11250000.0,0.0,750000.0,,,93.746|Rural Residency Development Program,grant,health,,for_profit_organizations_other_than_small_businesses;small_businesses;other;federally_recognized_native_american_tribal_governments;private_institutions_of_higher_education;county_governments;state_governments;other_native_american_tribal_organizations;independent_school_districts;nonprofits_non_higher_education_with_501c3;unrestricted;nonprofits_non_higher_education_without_501c3;public_and_indian_housing_authorities;city_or_township_governments;public_and_state_institutions_of_higher_education;special_district_governments,"Only domestic organizations are eligible. ""Domestic"" means the 50 states, the District of Columbia, the Commonwealth of Puerto Rico, the Northern Mariana Islands, American Samoa, Guam, the U.S. Virgin Islands, the Federated States of Micronesia, the Republic of the Marshall Islands, and the Republic of Palau. Faith-based organizations are eligible.",Health Resources and Services Administration,Department of Health and Human Services,"Jason Steele
301-443-2203",ruralresidency@hrsa.gov,ruralresidency@hrsa.gov,2026-12-18,2027-03-18,"Electronically submitted applications must be submitted no later than 11:59 p.m., ET, on the listed application due date.",2027-07-01,2027-08-01,2027.0,,,https://simpler.grants.gov/opportunity/6bc69d9c-87b7-4329-962c-16c8e3ad553d,"<p style=""margin-left:0px;"">The Rural Residency Planning and Development (RRPD) program improves and expands rural health care access. It does this by developing new, accredited, sustainable rural residency programs, including rural track programs (RTPs). Newly created rural physician residency programs increase training and ultimately practice in rural areas to address physician shortages. The RRPD program provides start-up funding to create new rural residency programs in qualifying medical specialties. Long-term sustainability funding must come from viable and stable sources, such as Medicare, Medicaid, and other public or private sources. Qualifying medical specialties are:</p><ul style=""margin-left:0px;""><li data-list-item-id=""efa87dc46f6493c28c743558e89004495"">Family medicine.</li><li data-list-item-id=""ea5be0921534e23ce7e16adc327e7d607"">Internal medicine.</li><li data-list-item-id=""e1150283fca8ca0d71cd90d1ef1ec63ea"">Psychiatry.</li><li data-list-item-id=""e8509bcaeb6836b023540cb83c478a660"">General surgery.</li><li data-list-item-id=""e200c6f2e35d1eb327cbf5ad8a912c892"">Obstetrics and gynecology.</li></ul><p style=""margin-left:0px;"">For this notice of funding opportunity (NOFO), rural residency programs:</p><ul style=""margin-left:0px;""><li data-list-item-id=""e99eb21d89704f93a4e43339be3341487"">Are accredited physician residency programs.</li><li data-list-item-id=""eb7c3dde2b6c4ec3bba26a6098bd8b011"">Train residents in clinical training sites that are physically located in a rural area as defined by <a href=""https://data.hrsa.gov/topics/rural-health/rural-health-eligibility""><u>HRSA's Federal Office of Rural Health Policy (FORHP)</u></a> for greater than 50 percent of their total time in residency.</li><li data-list-item-id=""efb82c8640a039596a254a421db502302"">Focus on preparing physicians to practice in rural communities.&nbsp;</li></ul>","The Rural Residency Planning and Development (RRPD) program improves and expands rural health care access. It does this by developing new, accredited, sustainable rural residency programs, including rural track programs (RTPs). Newly created rural physician residency programs increase training and ultimately practice in rural areas to address physician shortages. The RRPD program provides start-up funding to create new rural residency programs in qualifying medical specialties. Long-term sustainability funding must come from viable and stable sources, such as Medicare, Medicaid, and other public or private sources. Qualifying medical specialties are:
  Family medicine.
 Internal medicine.
 Psychiatry.
 General surgery.
 Obstetrics and gynecology.
  For this notice of funding opportunity (NOFO), rural residency programs:
  Are accredited physician residency programs.
 Train residents in clinical training sites that are physically located in a rural area as defined by   HRSA's Federal Office of Rural Health Policy (FORHP)   for greater than 50 percent of their total time in residency.
 Focus on preparing physicians to practice in rural communities.","Rural Residency Planning and Development Program
The Rural Residency Planning and Development (RRPD) program improves and expands rural health care access. It does this by developing new, accredited, sustainable rural residency programs, including rural track programs (RTPs). Newly created rural physician residency programs increase training and ultimately practice in rural areas to address physician shortages. The RRPD program provides start-up funding to create new rural residency programs in qualifying medical specialties. Long-term sustainability funding must come from viable and stable sources, such as Medicare, Medicaid, and other public or private sources. Qualifying medical specialties are:
  Family medicine.
 Internal medicine.
 Psychiatry.
 General surgery.
 Obstetrics and gynecology.
  For this notice of funding opportunity (NOFO), rural residency programs:
  Are accredited physician residency programs.
 Train residents in clinical training sites that are physically located in a rural area as defined by   HRSA's Federal Office of Rural Health Policy (FORHP)   for greater than 50 percent of their total time in residency.
 Focus on preparing physicians to practice in rural communities.
Only domestic organizations are eligible. ""Domestic"" means the 50 states, the District of Columbia, the Commonwealth of Puerto Rico, the Northern Mariana Islands, American Samoa, Guam, the U.S. Virgin Islands, the Federated States of Micronesia, the Republic of the Marshall Islands, and the Republic of Palau. Faith-based organizations are eligible.",False,,,False,False,False,False,False,False,,False,79.0,False,False,False,False,False,False,False,False,750000.0,award_ceiling,750000.0,True,False,False,False,False,False,4.38,False,,False,False,True,True,True,True,True,True,False,True,True,16,False,True,,False,False,False,False,1,True,False,False,,True,False,False,False,,2026-09-30,2026-08-18,Rural Residency Planning and Development Program,forecast,ok,9,G1,G1.O3,"The grant directly funds development of rural residency programs that train physicians to practice in rural and underserved areas, advancing the rural primary care access strategy under G1.O3.","It does this by developing new, accredited, sustainable rural residency programs, including rural track programs (RTPs).",lead,state_governments,ORH,7,"ORH already focuses on rural health workforce shortages and safety-net providers, but it does not directly operate residency programs and would need clinical training partners to implement.","The grant provides only start-up funding, so the new rural residency program could fail after the grant if long-term Medicare, Medicaid, or other stable funding does not materialize.",True,Strong fit with G1.O3 rural primary care access and ORH workforce mission; could pursue with clinical partners but sustainability after start-up is key risk.,"[""Long-term sustainability funding must come from viable and stable sources, such as Medicare, Medicaid, and other public or private sources."", ""greater than 50 percent of their total time in residency""]",True,True,lead,deepseek/deepseek-v4-pro,92b0344f579a,True,10.0,0.0,0.85,0.0,0.0,77.73,forecast_watchlist
46,18c0a9f1-fe39-4c7a-8ffd-1d8c656d666f,Telehealth Nutrition Services Network Grant Program,forecast,True,False,,18c0a9f1-fe39-4c7a-8ffd-1d8c656d666f,HRSA-27-044,forecasted,HHS-HRSA,discretionary,,2026-07-22,,,2027-05-31,False,15.0,4500000.0,0.0,300000.0,,,93.468|Telehealth Direct Clinical Services,grant,health,,for_profit_organizations_other_than_small_businesses;small_businesses;independent_school_districts;public_and_state_institutions_of_higher_education;county_governments;nonprofits_non_higher_education_with_501c3;unrestricted;public_and_indian_housing_authorities;nonprofits_non_higher_education_without_501c3;federally_recognized_native_american_tribal_governments;private_institutions_of_higher_education;state_governments;city_or_township_governments;special_district_governments;other_native_american_tribal_organizations,,Health Resources and Services Administration,Department of Health and Human Services,"Carlos Mena
301-443-3198",cmena@hrsa.gov,cmena@hrsa.gov,2027-02-02,2027-05-01,"Electronically submitted applications must be submitted no later than 11:59 p.m., ET, on the listed application due date.",2027-08-01,2027-09-01,2027.0,,,https://simpler.grants.gov/opportunity/18c0a9f1-fe39-4c7a-8ffd-1d8c656d666f,<p>The Telehealth Nutrition Services Network Grant Program will support telehealth networks that improve access to quality health care services through telehealth technology. This program will use telehealth nutrition services to help prevent and manage chronic diseases.</p>,The Telehealth Nutrition Services Network Grant Program will support telehealth networks that improve access to quality health care services through telehealth technology. This program will use telehealth nutrition services to help prevent and manage chronic diseases.,"Telehealth Nutrition Services Network Grant Program
The Telehealth Nutrition Services Network Grant Program will support telehealth networks that improve access to quality health care services through telehealth technology. This program will use telehealth nutrition services to help prevent and manage chronic diseases.
",False,,,False,False,False,False,False,False,,False,125.0,False,False,False,False,False,False,False,False,300000.0,award_ceiling,300000.0,True,False,False,False,False,False,2.39,False,,False,False,True,True,True,True,True,True,False,True,False,15,False,True,,False,False,False,False,1,True,False,False,,True,False,False,True,,2026-09-30,2026-08-18,Telehealth Nutrition Services Network Grant Program,forecast,ok,9,G1,G1.O3,"This grant funds telehealth-delivered nutrition services to prevent and manage chronic diseases, directly supporting G1.O3's effort to mitigate barriers to health services through telehealth.",This program will use telehealth nutrition services to help prevent and manage chronic diseases.,lead,state_governments,DPH,8,"DPH already oversees chronic disease prevention and nutrition programs and works with local health departments, so it could extend those efforts through telehealth-delivered nutrition services.","The notice lacks eligibility and network requirements, so the application may carry hidden consortium, cost-sharing, or reporting obligations.",True,"Funds telehealth nutrition services to prevent chronic disease, aligning with G1.O3; DPH could lead if network requirements are manageable.",[],True,True,lead,deepseek/deepseek-v4-pro,92b0344f579a,True,10.0,0.0,0.85,0.0,0.0,77.16,forecast_watchlist
47,5f3dd026-e320-4834-a0fc-86d17021a346,Alliance for Innovation on Maternal Health (AIM) Technical Assistance Center,forecast,True,False,,5f3dd026-e320-4834-a0fc-86d17021a346,HRSA-27-027,forecasted,HHS-HRSA,discretionary,,2026-08-11,,,2028-09-01,False,1.0,3000000.0,0.0,3000000.0,https://mchb.hrsa.gov/programs-impact/programs/alliance-innovation-maternal-health,https://mchb.hrsa.gov/programs-impact/programs/alliance-innovation-maternal-health,93.688|Innovation for Maternal Health,cooperative_agreement,health,,unrestricted,"Eligible applicants include any domestic public or private entity. Domestic faith based and community-based organizations, tribes, and tribal organizations are also eligible to apply",Health Resources and Services Administration,Department of Health and Human Services,"Alliance for Innovation on Maternal Health TA Center
301-945-3940",Wellwomancare@hrsa.gov,Maternal and Child Health Bureau – Division of Women's Health,2026-10-14,2026-11-13,"Electronically submitted applications must be submitted no later than 11:59 p.m., ET, on the listed application due date.",2027-02-01,2027-03-01,2027.0,,,https://simpler.grants.gov/opportunity/5f3dd026-e320-4834-a0fc-86d17021a346,"<p>The purpose of the Alliance for Innovation on Maternal Health (AIM) program is to provide technical assistance to support all 50 states, the District of Columbia (D.C.), jurisdictions, U.S. territories, tribal communities, and birthing facilities that are participating in the AIM program. AIM is a quality improvement initiative to support best practices that make birth safer, improve maternal health outcomes, and save lives.</p>","The purpose of the Alliance for Innovation on Maternal Health (AIM) program is to provide technical assistance to support all 50 states, the District of Columbia (D.C.), jurisdictions, U.S. territories, tribal communities, and birthing facilities that are participating in the AIM program. AIM is a quality improvement initiative to support best practices that make birth safer, improve maternal health outcomes, and save lives.","Alliance for Innovation on Maternal Health (AIM) Technical Assistance Center
The purpose of the Alliance for Innovation on Maternal Health (AIM) program is to provide technical assistance to support all 50 states, the District of Columbia (D.C.), jurisdictions, U.S. territories, tribal communities, and birthing facilities that are participating in the AIM program. AIM is a quality improvement initiative to support best practices that make birth safer, improve maternal health outcomes, and save lives.
Eligible applicants include any domestic public or private entity. Domestic faith based and community-based organizations, tribes, and tribal organizations are also eligible to apply",False,,,False,False,False,False,False,False,,False,14.0,False,False,False,False,False,False,False,False,3000000.0,award_ceiling,3000000.0,True,False,True,True,False,False,7.39,False,,False,False,False,False,False,False,False,False,False,True,False,1,False,False,,False,False,False,False,1,True,False,False,,True,False,False,False,,2026-09-30,2026-08-18,Alliance for Innovation on Maternal Health (AIM) Technical Assistance Center,forecast,ok,9,G2,G2.O4,"The grant funds a maternal health quality improvement technical assistance center that supports best practices to make birth safer and improve maternal health outcomes, directly advancing NCDHHS's objective to improve women's health and birth outcomes.","AIM is a quality improvement initiative to support best practices that make birth safer, improve maternal health outcomes, and save lives.",atypical,any domestic public or private entity,DPH,5,"DPH has maternal and child health expertise, but this grant requires operating a national technical assistance center for all states and territories, which is broader than its state-focused authority.","NCDHHS would be applying to run a single national technical assistance center, competing with established national organizations and taking on nationwide responsibilities rather than deploying resources directly in North Carolina.",False,"Strong fit with G2.O4 maternal health, but this national TA center role is outside NCDHHS's state-focused operations and likely highly competitive.",[],True,True,atypical,deepseek/deepseek-v4-pro,92b0344f579a,True,10.0,0.0,0.85,0.0,0.0,77.16,forecast_watchlist
48,54c6b441-1759-42d7-ae62-fff1161497c0,National Training Center for Title X and Teen Pregnancy Prevention (TPP),forecast,True,False,,54c6b441-1759-42d7-ae62-fff1161497c0,PA-FPT-25-001,forecasted,HHS-OPHS,discretionary,,2024-08-07,,,,False,1.0,3500000.0,0.0,3500000.0,,,93.260|Family Planning Personnel Training,cooperative_agreement,health,,special_district_governments;public_and_indian_housing_authorities;city_or_township_governments;nonprofits_non_higher_education_with_501c3;federally_recognized_native_american_tribal_governments;nonprofits_non_higher_education_without_501c3;county_governments;independent_school_districts;state_governments;other_native_american_tribal_organizations;public_and_state_institutions_of_higher_education,,Office of the Assistant Secretary for Health,Department of Health and Human Services,"Iris Wong
(301) 284-6839",Iris.Wong@hhs.gov,Iris.Wong@hhs.gov,2025-04-25,2025-07-15,Applications must be submitted electronically no later than 6:00 pm Eastern Time.,2025-09-01,2025-09-30,2025.0,,,https://simpler.grants.gov/opportunity/54c6b441-1759-42d7-ae62-fff1161497c0,"We anticipate offering this opportunity in combination with AH-TPS-25-001 to operate a National Training Center that will provide training and technical assistance to all OPA-funded Title X family planning service delivery grantees and all OPA-funded Teen Pregnancy Prevention (TPP) Program recipients.  A parallel forecast is posted under AH-TPS-25-001. The funding level and eligibility described in each forecast is specific to that programs requirements. This forecast is for the Title X component. A single notice of funding opportunity will be posted with the details for both.A single application will be required covering PA-FPT-25-001 and AH-TSP-25-001. The application must be submitted under the PA-FPT-25-001 announcement in Grants.gov. The application will consist of 2 distinct parts; one for each program contributing to this opportunity.  To receive funding from the Title X program, you must be a public or private non-profit entity.  To receive funding from the TPP program, you must be a public or private (non-profit or for-profit) entity.  Two or more entities may work together to achieve eligibility for both programs. For example, a private non-profit and a private for-profit could apply as a legally recognized non-profit partnership or consortium that is registered in SAM.gov. Entities wishing to apply jointly without forming a legally recognized relationship should contact OASH_Grants@hhs.gov for instructions on how to prepare an application that will not be disqualified on eligibility grounds as soon as possible. At the time of application, both entities be able to demonstrate an ability to carry out the project together as separate entities, including any conflict resolution, over the entire expected period of performance.        Only one applicant will be funded.  We intend to award the project using 2 cooperative agreements (one funded under Title X and one funded under the Teen Pregnancy Prevention (TPP) Program). Together the two cooperative agreements together will constitute the National Training Center. Up to $3.5 M is available to address Title X key priority areas (CFDA 93.260) andUp to $1.5 M is available to address TPP key priority areas (CFDA 93.297).     For the Title X program - The goal of the funded training center is to ensure that personnel working in Title X have the knowledge, skills, and self-efficacy necessary to effectively run a Title X grant program and deliver high-quality family planning services.The funded training center will provide training and technical assistance for the Title X family planning service grantees focused on:Ensuring access to and implementation of high quality service delivery;Building capacity of the Title X workforce;Strengthening health information and technology; andBuilding financial sustainability.For the TPP Program - The goal of the funded training center is to ensure that personnel working on TPP-funded projects have the knowledge, skills, and self-efficacy necessary to effectively run a TPP funded project to make the greatest impact on communities.The funded training center will provide training and technical assistance for the TPP recipients focused on:Program design, implementation, and evaluation;Building the capacity of TPP project staff to effectively meet the goals of their TPP project;Engagement of key stakeholders in addressing teen pregnancy prevention in their communitiesBest practices in continuous quality improvement and evaluationCommunication, dissemination, and sustainability.We typically fund awards in 12-month budget periods. We may approve shorter budget periods or periods of performance to accommodate administrative factors or funding constraints. For multi-year projects, recipients must submit a non-competing continuation (NCC) application for each budget period after the first. Continuation funding is contingent upon the availability of funds, satisfactory progress of the project, appropriate stewardship of federal funds, and the best interests of the government. Funding for all approved budget periods after the first is generally the same as the initial award amount subject to any offset with funds unused in the previous budget period.","We anticipate offering this opportunity in combination with AH-TPS-25-001 to operate a National Training Center that will provide training and technical assistance to all OPA-funded Title X family planning service delivery grantees and all OPA-funded Teen Pregnancy Prevention (TPP) Program recipients.  A parallel forecast is posted under AH-TPS-25-001. The funding level and eligibility described in each forecast is specific to that programs requirements. This forecast is for the Title X component. A single notice of funding opportunity will be posted with the details for both.A single application will be required covering PA-FPT-25-001 and AH-TSP-25-001. The application must be submitted under the PA-FPT-25-001 announcement in Grants.gov. The application will consist of 2 distinct parts; one for each program contributing to this opportunity.  To receive funding from the Title X program, you must be a public or private non-profit entity.  To receive funding from the TPP program, you must be a public or private (non-profit or for-profit) entity.  Two or more entities may work together to achieve eligibility for both programs. For example, a private non-profit and a private for-profit could apply as a legally recognized non-profit partnership or consortium that is registered in SAM.gov. Entities wishing to apply jointly without forming a legally recognized relationship should contact OASH_Grants@hhs.gov for instructions on how to prepare an application that will not be disqualified on eligibility grounds as soon as possible. At the time of application, both entities be able to demonstrate an ability to carry out the project together as separate entities, including any conflict resolution, over the entire expected period of performance.        Only one applicant will be funded.  We intend to award the project using 2 cooperative agreements (one funded under Title X and one funded under the Teen Pregnancy Prevention (TPP) Program). Together the two cooperative agreements together will constitute the National Training Center. Up to $3.5 M is available to address Title X key priority areas (CFDA 93.260) andUp to $1.5 M is available to address TPP key priority areas (CFDA 93.297).     For the Title X program - The goal of the funded training center is to ensure that personnel working in Title X have the knowledge, skills, and self-efficacy necessary to effectively run a Title X grant program and deliver high-quality family planning services.The funded training center will provide training and technical assistance for the Title X family planning service grantees focused on:Ensuring access to and implementation of high quality service delivery;Building capacity of the Title X workforce;Strengthening health information and technology; andBuilding financial sustainability.For the TPP Program - The goal of the funded training center is to ensure that personnel working on TPP-funded projects have the knowledge, skills, and self-efficacy necessary to effectively run a TPP funded project to make the greatest impact on communities.The funded training center will provide training and technical assistance for the TPP recipients focused on:Program design, implementation, and evaluation;Building the capacity of TPP project staff to effectively meet the goals of their TPP project;Engagement of key stakeholders in addressing teen pregnancy prevention in their communitiesBest practices in continuous quality improvement and evaluationCommunication, dissemination, and sustainability.We typically fund awards in 12-month budget periods. We may approve shorter budget periods or periods of performance to accommodate administrative factors or funding constraints. For multi-year projects, recipients must submit a non-competing continuation (NCC) application for each budget period after the first. Continuation funding is contingent upon the availability of funds, satisfactory progress of the project, appropriate stewardship of federal funds, and the best interests of the government. Funding for all approved budget periods after the first is generally the same as the initial award amount subject to any offset with funds unused in the previous budget period.","National Training Center for Title X and Teen Pregnancy Prevention (TPP)
We anticipate offering this opportunity in combination with AH-TPS-25-001 to operate a National Training Center that will provide training and technical assistance to all OPA-funded Title X family planning service delivery grantees and all OPA-funded Teen Pregnancy Prevention (TPP) Program recipients.  A parallel forecast is posted under AH-TPS-25-001. The funding level and eligibility described in each forecast is specific to that programs requirements. This forecast is for the Title X component. A single notice of funding opportunity will be posted with the details for both.A single application will be required covering PA-FPT-25-001 and AH-TSP-25-001. The application must be submitted under the PA-FPT-25-001 announcement in Grants.gov. The application will consist of 2 distinct parts; one for each program contributing to this opportunity.  To receive funding from the Title X program, you must be a public or private non-profit entity.  To receive funding from the TPP program, you must be a public or private (non-profit or for-profit) entity.  Two or more entities may work together to achieve eligibility for both programs. For example, a private non-profit and a private for-profit could apply as a legally recognized non-profit partnership or consortium that is registered in SAM.gov. Entities wishing to apply jointly without forming a legally recognized relationship should contact OASH_Grants@hhs.gov for instructions on how to prepare an application that will not be disqualified on eligibility grounds as soon as possible. At the time of application, both entities be able to demonstrate an ability to carry out the project together as separate entities, including any conflict resolution, over the entire expected period of performance.        Only one applicant will be funded.  We intend to award the project using 2 cooperative agreements (one funded under Title X and one funded under the Teen Pregnancy Prevention (TPP) Program). Together the two cooperative agreements together will constitute the National Training Center. Up to $3.5 M is available to address Title X key priority areas (CFDA 93.260) andUp to $1.5 M is available to address TPP key priority areas (CFDA 93.297).     For the Title X program - The goal of the funded training center is to ensure that personnel working in Title X have the knowledge, skills, and self-efficacy necessary to effectively run a Title X grant program and deliver high-quality family planning services.The funded training center will provide training and technical assistance for the Title X family planning service grantees focused on:Ensuring access to and implementation of high quality service delivery;Building capacity of the Title X workforce;Strengthening health information and technology; andBuilding financial sustainability.For the TPP Program - The goal of the funded training center is to ensure that personnel working on TPP-funded projects have the knowledge, skills, and self-efficacy necessary to effectively run a TPP funded project to make the greatest impact on communities.The funded training center will provide training and technical assistance for the TPP recipients focused on:Program design, implementation, and evaluation;Building the capacity of TPP project staff to effectively meet the goals of their TPP project;Engagement of key stakeholders in addressing teen pregnancy prevention in their communitiesBest practices in continuous quality improvement and evaluationCommunication, dissemination, and sustainability.We typically fund awards in 12-month budget periods. We may approve shorter budget periods or periods of performance to accommodate administrative factors or funding constraints. For multi-year projects, recipients must submit a non-competing continuation (NCC) application for each budget period after the first. Continuation funding is contingent upon the availability of funds, satisfactory progress of the project, appropriate stewardship of federal funds, and the best interests of the government. Funding for all approved budget periods after the first is generally the same as the initial award amount subject to any offset with funds unused in the previous budget period.
",False,,,False,False,False,False,False,False,,False,-523.0,True,True,False,False,False,False,False,False,3500000.0,award_ceiling,3500000.0,True,False,True,True,False,False,7.72,False,,False,False,True,True,True,True,True,False,False,False,False,11,False,False,,False,False,False,False,1,True,False,False,,True,False,False,True,,2026-09-30,2026-08-18,National Training Center for Title X and Teen Pregnancy Prevention (TPP),forecast,ok,8,G2,G2.O4,"The grant funds training and technical assistance to ensure the Title X and teen pregnancy prevention workforce can deliver high-quality family planning and reproductive health services, directly supporting NCDHHS's maternal and child health objective.","The goal of the funded training center is to ensure that personnel working in Title X have the knowledge, skills, and self-efficacy necessary to effectively run a Title X grant program and deliver high-quality family planning services.",lead,"To receive funding from the Title X program, you must be a public or private non-profit entity.",DPH,6,"DPH already administers family planning, maternal and child health, and provider training, but running a national training center for all OPA Title X and TPP grantees would be a major expansion beyond state-level responsibilities.","The award is a single national training center for all OPA-funded Title X and TPP grantees, so NCDHHS would face strong national competition and must demonstrate capacity beyond North Carolina service delivery.",False,"Strong topical fit with DPH family planning, but national training-center scope and single-award competition make it a low-yield pursuit for a state health agency.","[""Requires a single application covering both the Title X and TPP components, submitted under PA-FPT-25-001."", ""Cooperative agreement with two awards; multi-year projects require non-competing continuation applications for each budget period after the first."", ""Joint applications without a legally recognized relationship must contact OASH_Grants@hhs.gov and demonstrate conflict resolution capacity over the entire expected period of performance.""]",True,True,lead,deepseek/deepseek-v4-pro,92b0344f579a,True,10.0,0.0,0.85,0.0,0.0,77.15,forecast_watchlist
49,54666d94-e0dc-44d3-90e6-6eb913f79ca9,Implementation Research on Coordinated Combinations of Community-Clinical Linkage Strategies for Diabetes Prevention and Management,forecast,True,False,,54666d94-e0dc-44d3-90e6-6eb913f79ca9,RFA-DP-27-051,forecasted,HHS-CDC-HHSCDCERA,discretionary,,2026-07-28,,,2027-04-21,False,4.0,10000000.0,500000.0,725000.0,,,93.945|Assistance Programs for Chronic Disease Prevention and Control,cooperative_agreement,health,,state_governments;nonprofits_non_higher_education_with_501c3;federally_recognized_native_american_tribal_governments;for_profit_organizations_other_than_small_businesses;county_governments;nonprofits_non_higher_education_without_501c3;city_or_township_governments;special_district_governments;independent_school_districts;other_native_american_tribal_organizations;public_and_state_institutions_of_higher_education;private_institutions_of_higher_education;public_and_indian_housing_authorities;small_businesses,,Centers for Disease Control and Prevention - ERA,Department of Health and Human Services,"Natalie Brown, MPH
404-639-4601",researchnofo@cdc.gov,researchnofo@cdc.gov,2027-01-21,2027-03-22,Electronically submitted applications must be submitted no later than 11:59 pm ET on the listed application due date.,2027-08-30,2027-09-30,2027.0,,,https://simpler.grants.gov/opportunity/54666d94-e0dc-44d3-90e6-6eb913f79ca9,"<p>Diabetes causes illness and death in the United States. It leads to high health care costs. People who use Federally Qualified Health Centers (FQHCs) and other safety-net clinics face greater risks. Many community-clinical linkage (CCL) strategies show benefits when used alone. We know less about how several strategies can be combined and coordinated. Using multiple strategies together may improve diabetes prevention and management in primary care.</p><p>This NOFO aims to find what helps or blocks the use of coordinated CCL strategies. We will identify factors that affect adoption, integration, and long-term success. Researchers will study real-world FHQC clinics. Practical evidence will guide best practices for diabetes prevention and management.</p>","Diabetes causes illness and death in the United States. It leads to high health care costs. People who use Federally Qualified Health Centers (FQHCs) and other safety-net clinics face greater risks. Many community-clinical linkage (CCL) strategies show benefits when used alone. We know less about how several strategies can be combined and coordinated. Using multiple strategies together may improve diabetes prevention and management in primary care.
 This NOFO aims to find what helps or blocks the use of coordinated CCL strategies. We will identify factors that affect adoption, integration, and long-term success. Researchers will study real-world FHQC clinics. Practical evidence will guide best practices for diabetes prevention and management.","Implementation Research on Coordinated Combinations of Community-Clinical Linkage Strategies for Diabetes Prevention and Management
Diabetes causes illness and death in the United States. It leads to high health care costs. People who use Federally Qualified Health Centers (FQHCs) and other safety-net clinics face greater risks. Many community-clinical linkage (CCL) strategies show benefits when used alone. We know less about how several strategies can be combined and coordinated. Using multiple strategies together may improve diabetes prevention and management in primary care.
 This NOFO aims to find what helps or blocks the use of coordinated CCL strategies. We will identify factors that affect adoption, integration, and long-term success. Researchers will study real-world FHQC clinics. Practical evidence will guide best practices for diabetes prevention and management.
",False,,,False,False,False,False,False,False,,False,113.0,False,False,False,False,False,False,False,False,2500000.0,award_ceiling,725000.0,True,False,False,False,False,False,4.3,False,,False,False,True,True,True,True,True,True,False,False,False,14,False,True,,False,False,False,False,1,True,False,False,,True,False,False,True,,2026-09-30,2026-08-18,Implementation Research on Coordinated Combinations of Community-Clinical Linkage Strategies for Diabetes Prevention and Management,forecast,ok,8,G1,G1.O3,"The NOFO funds research on coordinated community-clinical linkage strategies to improve diabetes prevention and management in safety-net primary care settings, directly supporting efforts to mitigate barriers in underserved primary care.",Using multiple strategies together may improve diabetes prevention and management in primary care.,lead,state_governments,DPH,8,"DPH already leads chronic disease prevention and control, diabetes-related programming, and relationships with local health departments and safety-net clinics, so this cooperative agreement would extend that work though with a research focus.","This is implementation research rather than direct program funding, so DPH may need academic or evaluation partners to carry out the required research activities.",True,"Fits DPH chronic disease prevention and control; CDC implementation research on diabetes community-clinical linkages in safety-net clinics aligns with health access goals, though it requires research capacity.",[],True,True,lead,deepseek/deepseek-v4-pro,92b0344f579a,True,10.0,0.0,0.85,0.0,0.0,77.0,forecast_watchlist
50,a73919b2-7a90-4735-8ec5-a67c08dea3ed,Ryan White HIV/AIDS Program (RWHAP) Integrated HIV/AIDS Planning Resource Allocation Cooperative Agreement,forecast,True,False,,a73919b2-7a90-4735-8ec5-a67c08dea3ed,HRSA-27-079,forecasted,HHS-HRSA,discretionary,,2026-07-13,,,2027-02-17,False,1.0,700000.0,0.0,700000.0,,,93.145|HIV-Related Training and Technical Assistance,cooperative_agreement,health,,nonprofits_non_higher_education_with_501c3;federally_recognized_native_american_tribal_governments;private_institutions_of_higher_education;other_native_american_tribal_organizations;city_or_township_governments;special_district_governments;state_governments;public_and_state_institutions_of_higher_education;county_governments,,Health Resources and Services Administration,Department of Health and Human Services,"April Snell
301.594.3804",Asnell@hrsa.gov,Asnell@hrsa.gov,2026-10-19,2027-01-18,"Electronically submitted applications must be submitted no later than 11:59 p.m., ET, on the listed application due date.",2027-07-01,2027-07-01,2027.0,,,https://simpler.grants.gov/opportunity/a73919b2-7a90-4735-8ec5-a67c08dea3ed,"<p>The purpose of this cooperative agreement is to provide tools, training and technical assistance (TA) to RWHAP Parts A and B recipients and their planning bodies to support integrated HIV prevention and care planning, maximizing resources and stregthening the system of HIV care and treatment.&nbsp;</p>","The purpose of this cooperative agreement is to provide tools, training and technical assistance (TA) to RWHAP Parts A and B recipients and their planning bodies to support integrated HIV prevention and care planning, maximizing resources and stregthening the system of HIV care and treatment.","Ryan White HIV/AIDS Program (RWHAP) Integrated HIV/AIDS Planning Resource Allocation Cooperative Agreement
The purpose of this cooperative agreement is to provide tools, training and technical assistance (TA) to RWHAP Parts A and B recipients and their planning bodies to support integrated HIV prevention and care planning, maximizing resources and stregthening the system of HIV care and treatment.
",False,,,False,False,False,False,False,False,,False,19.0,False,False,False,False,False,False,False,False,700000.0,award_ceiling,700000.0,True,False,False,True,False,False,4.23,False,,False,False,True,True,True,True,True,False,False,False,False,9,False,False,,False,False,False,False,1,True,False,False,,True,False,False,True,,2026-09-30,2026-08-18,Ryan White HIV/AIDS Program (RWHAP) Integrated HIV/AIDS Planning Resource Allocation Cooperative Agreement,forecast,ok,8,G1,G1.O1,"The grant funds integrated HIV prevention and care planning and resource allocation, which builds the structure needed to improve health access and reduce disparities for people living with HIV.","provide tools, training and technical assistance (TA) to RWHAP Parts A and B recipients and their planning bodies to support integrated HIV prevention and care planning, maximizing resources and stregthening the system of HIV care and treatment.",lead,state_governments,DPH,8,"DPH already administers Ryan White Part B and HIV care services, so this cooperative agreement is an extension of its existing communicable disease and HIV planning role.","It is a training and technical assistance cooperative agreement rather than direct service funding, so the scope may require serving RWHAP recipients beyond North Carolina and competing with established national TA providers.",True,Aligns with G1 health access by funding integrated HIV care planning; DPH already administers Ryan White Part B and could use this to strengthen statewide HIV services.,[],True,True,lead,deepseek/deepseek-v4-pro,92b0344f579a,True,10.0,0.0,0.85,0.0,0.0,76.88,forecast_watchlist
51,040e3cf3-0d44-4cfd-ac23-6b1d13c4d848,Infertility Training Center,forecast,True,False,,040e3cf3-0d44-4cfd-ac23-6b1d13c4d848,PA-FPT-25-002,forecasted,HHS-OPHS,discretionary,,2025-07-11,,,,False,1.0,1500000.0,,1500000.0,,,93.260|Family Planning Personnel Training,cooperative_agreement,health,,independent_school_districts;federally_recognized_native_american_tribal_governments;county_governments;other;public_and_state_institutions_of_higher_education;small_businesses;other_native_american_tribal_organizations;private_institutions_of_higher_education;state_governments;nonprofits_non_higher_education_without_501c3;public_and_indian_housing_authorities;city_or_township_governments;for_profit_organizations_other_than_small_businesses;special_district_governments;individuals;nonprofits_non_higher_education_with_501c3,Any public or private nonprofit entity is eligible to apply.,Office of the Assistant Secretary for Health,Department of Health and Human Services,"Amy Margolis
240-453-2820",amy.margolis@hhs.gov,Federal,2025-07-15,2025-08-15,,2025-09-30,2025-09-30,2025.0,,,https://simpler.grants.gov/opportunity/040e3cf3-0d44-4cfd-ac23-6b1d13c4d848,"<p><span style=""color: black;"">The purpose of this NOFO is to create an Infertility Training Center with available FY2025 funding under the authority of 42 U.S.C. § 300a–1 (Section 1003 of the Public Health Service Act). Through a competitive NOFO, OPA will seek applications to establish and operate an Infertility Training Center to support Title X-funded organizations in expanding and enhancing root cause infertility diagnostic treatments and referrals available to patients at Title X-funded clinics. Applicants may be a public or nonprofit private entity. All activities funded under this NOFO must be in compliance with the Title X statute, as well as the program regulations and legislative mandates, as applicable.&nbsp;The Infertility Training Center will provide training and technical assistance to Title X grantees to help them: to (1) educate on the root causes of infertility and the broad range of holistic infertility treatments and referrals available to patients both within and outside Title X-funded clinics; (2) promote access to robust body literacy education and fertility awareness-based methods to address root causes of infertility, such as reproductive health conditions, including endometriosis, polycystic ovary syndrome, and thyroid conditions, well before patients may be aware that they are experience challenges with fertility; (3) expand and enhance root cause infertility testing, treatments, and referrals available within Title X-funded clinics to enable patients to receive as many personalized and comprehensive infertility services needed as possible within the Title X-funded clinic for fertility restoration; (4) enhance referrals between Title X-funded clinics and root cause infertility specialists, including fertility awareness-based method trained professionals and minimally invasive surgeons, to ensure patient-centered care.&nbsp;&nbsp;</span></p>
<p><br></p>","The purpose of this NOFO is to create an Infertility Training Center with available FY2025 funding under the authority of 42 U.S.C. § 300a–1 (Section 1003 of the Public Health Service Act). Through a competitive NOFO, OPA will seek applications to establish and operate an Infertility Training Center to support Title X-funded organizations in expanding and enhancing root cause infertility diagnostic treatments and referrals available to patients at Title X-funded clinics. Applicants may be a public or nonprofit private entity. All activities funded under this NOFO must be in compliance with the Title X statute, as well as the program regulations and legislative mandates, as applicable. The Infertility Training Center will provide training and technical assistance to Title X grantees to help them: to (1) educate on the root causes of infertility and the broad range of holistic infertility treatments and referrals available to patients both within and outside Title X-funded clinics; (2) promote access to robust body literacy education and fertility awareness-based methods to address root causes of infertility, such as reproductive health conditions, including endometriosis, polycystic ovary syndrome, and thyroid conditions, well before patients may be aware that they are experience challenges with fertility; (3) expand and enhance root cause infertility testing, treatments, and referrals available within Title X-funded clinics to enable patients to receive as many personalized and comprehensive infertility services needed as possible within the Title X-funded clinic for fertility restoration; (4) enhance referrals between Title X-funded clinics and root cause infertility specialists, including fertility awareness-based method trained professionals and minimally invasive surgeons, to ensure patient-centered care.","Infertility Training Center
The purpose of this NOFO is to create an Infertility Training Center with available FY2025 funding under the authority of 42 U.S.C. § 300a–1 (Section 1003 of the Public Health Service Act). Through a competitive NOFO, OPA will seek applications to establish and operate an Infertility Training Center to support Title X-funded organizations in expanding and enhancing root cause infertility diagnostic treatments and referrals available to patients at Title X-funded clinics. Applicants may be a public or nonprofit private entity. All activities funded under this NOFO must be in compliance with the Title X statute, as well as the program regulations and legislative mandates, as applicable. The Infertility Training Center will provide training and technical assistance to Title X grantees to help them: to (1) educate on the root causes of infertility and the broad range of holistic infertility treatments and referrals available to patients both within and outside Title X-funded clinics; (2) promote access to robust body literacy education and fertility awareness-based methods to address root causes of infertility, such as reproductive health conditions, including endometriosis, polycystic ovary syndrome, and thyroid conditions, well before patients may be aware that they are experience challenges with fertility; (3) expand and enhance root cause infertility testing, treatments, and referrals available within Title X-funded clinics to enable patients to receive as many personalized and comprehensive infertility services needed as possible within the Title X-funded clinic for fertility restoration; (4) enhance referrals between Title X-funded clinics and root cause infertility specialists, including fertility awareness-based method trained professionals and minimally invasive surgeons, to ensure patient-centered care.
Any public or private nonprofit entity is eligible to apply.",False,,,False,False,False,False,False,False,,False,-442.0,True,True,False,False,False,False,False,False,1500000.0,award_ceiling,1500000.0,True,False,True,True,False,False,5.88,False,,False,False,True,True,True,True,True,True,True,False,True,16,False,True,,False,False,False,False,1,True,False,False,,True,False,False,False,,2026-09-30,2026-08-18,Infertility Training Center,forecast,ok,8,G2,G2.O4,"The grant funds training and technical assistance to help Title X clinics expand infertility testing, treatment, and referrals, which advances women's reproductive health and reproductive life planning.","expand and enhance root cause infertility testing, treatments, and referrals available within Title X-funded clinics",lead,Any public or private nonprofit entity is eligible to apply.,DPH,7,"DPH's existing family planning and Title X role provides relevant clinical and programmatic expertise, but creating and operating a national training center would be broader than its current direct-service work.","NCDHHS would need to stand up and operate a national training and technical assistance center, a competitive national role that may exceed current Title X direct-service capacity and may produce limited direct North Carolina service funding.",True,"Aligns with women's reproductive health and Title X family planning; DPH could lead, but national training center role is competitive and broader than direct service.","[""All activities funded under this NOFO must be in compliance with the Title X statute, as well as the program regulations and legislative mandates, as applicable.""]",True,True,lead,deepseek/deepseek-v4-pro,92b0344f579a,True,10.0,0.0,0.85,0.0,0.0,76.85,forecast_watchlist
52,910a75ad-0418-4091-a436-703280874498,Infant-Toddler Court Program–National Resource Center,forecast,True,False,,910a75ad-0418-4091-a436-703280874498,HRSA-27-020,forecasted,HHS-HRSA,discretionary,,2026-08-07,,,2028-09-01,False,1.0,6750000.0,6750000.0,6750000.0,,,93.110|Special Projects of Regional and National Significance,cooperative_agreement,health,,independent_school_districts;other;public_and_state_institutions_of_higher_education;for_profit_organizations_other_than_small_businesses;city_or_township_governments;other_native_american_tribal_organizations;nonprofits_non_higher_education_with_501c3;small_businesses;federally_recognized_native_american_tribal_governments;private_institutions_of_higher_education;county_governments;special_district_governments;nonprofits_non_higher_education_without_501c3;state_governments,"Any domestic public or private entity, including an Indian tribe or tribal organization (as those terms are defined at 25 U.S.C. 5304) (formerly cited as 25 U.S.C. 450b)) is eligible to apply. See 42 CFR § 51a.3(a). Domestic faith-based and community-based organizations are also eligible to apply. If funded, for-profit organizations are prohibited from earning profit from the federal award (see 2 CFR § 200.400(g)).",Health Resources and Services Administration,Department of Health and Human Services,"ITCP National Resource Center Program
301-443-2170",HomeVisiting@hrsa.gov,Maternal and Child Health Bureau - Division of Home Visiting and Early Childhood Systems,2027-01-21,2027-04-21,"Electronically submitted applications must be submitted no later than 11:59 p.m., ET, on the listed application due date.",2027-08-31,2027-09-30,2027.0,,,https://simpler.grants.gov/opportunity/910a75ad-0418-4091-a436-703280874498,"<figure class=""table""><table><tbody><tr><td style=""vertical-align:top;width:312px;""><p>The Infant-Toddler Court Program's (ITCP) National Resource Center (NRC) helps states and communities to strengthen and expand use of enhanced child welfare practices in communities across the country that bring together courts, social services, and families to improve the safety, healthy development, and nurturing relationships of families with young children involved with the child welfare system.&nbsp;</p><p>&nbsp;</p><p>&nbsp;</p><p>&nbsp;</p><p>&nbsp;</p><p>&nbsp;</p></td></tr></tbody></table></figure>","The Infant-Toddler Court Program's (ITCP) National Resource Center (NRC) helps states and communities to strengthen and expand use of enhanced child welfare practices in communities across the country that bring together courts, social services, and families to improve the safety, healthy development, and nurturing relationships of families with young children involved with the child welfare system.","Infant-Toddler Court Program–National Resource Center
The Infant-Toddler Court Program's (ITCP) National Resource Center (NRC) helps states and communities to strengthen and expand use of enhanced child welfare practices in communities across the country that bring together courts, social services, and families to improve the safety, healthy development, and nurturing relationships of families with young children involved with the child welfare system.
Any domestic public or private entity, including an Indian tribe or tribal organization (as those terms are defined at 25 U.S.C. 5304) (formerly cited as 25 U.S.C. 450b)) is eligible to apply. See 42 CFR § 51a.3(a). Domestic faith-based and community-based organizations are also eligible to apply. If funded, for-profit organizations are prohibited from earning profit from the federal award (see 2 CFR § 200.400(g)).",False,,,False,False,False,False,False,False,,False,113.0,False,False,False,False,False,False,False,False,6750000.0,award_ceiling,6750000.0,True,False,True,True,False,False,9.15,False,,False,False,True,True,True,True,True,True,False,False,True,14,False,True,,False,False,False,False,1,True,False,False,,True,False,False,False,,2026-09-30,2026-08-18,Infant-Toddler Court Program–National Resource Center,forecast,ok,8,G2,G2.O2,"The grant funds enhanced child welfare practices for infants, toddlers, and families involved with the child welfare system, which directly advances child welfare reform and well-being.","helps states and communities to strengthen and expand use of enhanced child welfare practices in communities across the country that bring together courts, social services, and families to improve the safety, healthy development, and nurturing relationships of families with young children involved with the child welfare system",lead,Any domestic public or private entity,DSS,5,"DSS oversees child welfare and could contribute relevant expertise, but operating a national resource center would be a new national technical assistance role beyond its usual state and county child welfare operations.","The award funds a national technical assistance center rather than direct North Carolina child welfare services, so benefits to North Carolina would be indirect and NCDHHS may not be competitive for a national center role.",False,"Strong child welfare alignment for DSS, but this cooperative agreement creates a national resource center, so it would not directly fund North Carolina services.",[],True,True,lead,deepseek/deepseek-v4-pro,92b0344f579a,True,10.0,0.0,0.85,0.0,0.0,76.74,forecast_watchlist
53,33b8d341-8908-46c1-95c1-a8af9be3ccc8,Rural Health Value Program,forecast,True,False,,33b8d341-8908-46c1-95c1-a8af9be3ccc8,HRSA-27-045,forecasted,HHS-HRSA,discretionary,,2026-08-07,,,2027-04-19,False,1.0,650000.0,0.0,650000.0,,,93.692|Rural Health Delivery Information Systems,cooperative_agreement,health,,county_governments;other;unrestricted;nonprofits_non_higher_education_with_501c3;federally_recognized_native_american_tribal_governments;city_or_township_governments;nonprofits_non_higher_education_without_501c3;other_native_american_tribal_organizations;private_institutions_of_higher_education;small_businesses;public_and_state_institutions_of_higher_education;independent_school_districts;for_profit_organizations_other_than_small_businesses;public_and_indian_housing_authorities;special_district_governments;state_governments,"Only domestic organizations are eligible. ""Domestic"" means the 50 states, the District of Columbia, the Commonwealth of Puerto Rico, the Northern Mariana Islands, American Samoa, Guam, the U.S. Virgin Islands, the Federated States of Micronesia, the Republic of the Marshall Islands, and the Republic of Palau. Faith-based organizations are eligible.",Health Resources and Services Administration,Department of Health and Human Services,"Lawrencia Afagbedzi
301-443-3196",lafagbedzi@hrsa.gov,lafagbedzi@hrsa.gov,2027-01-19,2027-03-20,"Electronically submitted applications must be submitted no later than 11:59 p.m., ET, on the listed application due date.",2027-07-01,2027-08-01,2027.0,,,https://simpler.grants.gov/opportunity/33b8d341-8908-46c1-95c1-a8af9be3ccc8,<p>The purpose of the Rural Health Value (RHV) Program is to fund one recipient to provide analysis and technical assistance (TA) for rural stakeholders to help them understand and engage in the value-based care landscape in the context of rural health care. The goal of this funding opportunity is to support the ability of rural providers to participate and succeed in current and emerging payment and delivery system models designed to provide value-based care.&nbsp;</p>,The purpose of the Rural Health Value (RHV) Program is to fund one recipient to provide analysis and technical assistance (TA) for rural stakeholders to help them understand and engage in the value-based care landscape in the context of rural health care. The goal of this funding opportunity is to support the ability of rural providers to participate and succeed in current and emerging payment and delivery system models designed to provide value-based care.,"Rural Health Value Program
The purpose of the Rural Health Value (RHV) Program is to fund one recipient to provide analysis and technical assistance (TA) for rural stakeholders to help them understand and engage in the value-based care landscape in the context of rural health care. The goal of this funding opportunity is to support the ability of rural providers to participate and succeed in current and emerging payment and delivery system models designed to provide value-based care.
Only domestic organizations are eligible. ""Domestic"" means the 50 states, the District of Columbia, the Commonwealth of Puerto Rico, the Northern Mariana Islands, American Samoa, Guam, the U.S. Virgin Islands, the Federated States of Micronesia, the Republic of the Marshall Islands, and the Republic of Palau. Faith-based organizations are eligible.",False,,,False,False,False,False,False,False,,False,111.0,False,False,False,False,False,False,False,False,650000.0,award_ceiling,650000.0,True,False,False,True,False,False,4.06,False,,False,False,True,True,True,True,True,True,False,True,True,16,False,True,,False,False,False,False,1,True,False,False,,True,False,False,False,,2026-09-30,2026-08-18,Rural Health Value Program,forecast,ok,8,G1,G1.O3,"The grant funds technical assistance that helps rural providers engage in value-based payment and delivery models, supporting the sustainability of rural and underserved primary care.",support the ability of rural providers to participate and succeed in current and emerging payment and delivery system models designed to provide value-based care,lead,state_governments,ORH,8,"ORH already supports rural hospitals, clinics, and workforce, so a rural value-based care technical assistance role is a close extension of its existing work.","Only one national cooperative agreement is expected, so NCDHHS would face winner-take-all competition from established national rural health TA organizations.",True,"Rural health value-based TA aligns with ORH and G1.O3; one-award national competition is the main risk, but ORH should review it.",[],True,True,lead,deepseek/deepseek-v4-pro,92b0344f579a,True,10.0,0.0,0.85,0.0,0.0,76.58,forecast_watchlist
54,6fc36162-1e77-4f38-8ceb-82a18531940c,Innovative Approaches for Reducing Disparities in Kidney Health,forecast,True,False,,6fc36162-1e77-4f38-8ceb-82a18531940c,MP-CPI-25-002,forecasted,HHS-OPHS,discretionary,,2024-08-01,,,,False,4.0,2000000.0,425000.0,500000.0,,,93.137|Community Programs to Improve  Minority Health Grant Program,grant,health,,nonprofits_non_higher_education_without_501c3;public_and_indian_housing_authorities;state_governments;city_or_township_governments;county_governments;nonprofits_non_higher_education_with_501c3;special_district_governments;public_and_state_institutions_of_higher_education;federally_recognized_native_american_tribal_governments;independent_school_districts;private_institutions_of_higher_education;other_native_american_tribal_organizations,,Office of the Assistant Secretary for Health,Department of Health and Human Services,"Alana Sutherland
301-945-3668",OMHGrants@hhs.gov,OMHGrants@hhs.gov,2024-11-21,2025-02-11,Applications must be submitted electronically no later than 6:00 pm Eastern Time.,2025-06-17,2025-07-01,2025.0,,,https://simpler.grants.gov/opportunity/6fc36162-1e77-4f38-8ceb-82a18531940c,"The Office of Minority Health announces the anticipated availability of funds for Fiscal Year (FY) 2025 under the authority of 42 U.S.C. § 300u-6 (Section 1707 of the Public Health Service Act) for demonstration projects that support adaptations of evidence-based/informed approaches to reduce disparities in chronic kidney disease (CKD) and related risk factors. Demonstration projects are time-limited projects for the purpose of assessing the effectiveness of an approach or intervention toward reaching a desired outcome. We expect award recipients under this opportunity to consider approaches to sustainability beyond the end of the support provided by OMH. Groups disproportionately affected by CKD may face barriers to health care and social services that increase their risk of poor health outcomes. We intend for funded projects to demonstrate that innovative community-based strategies can address social determinants of health (SDOH) and reduce health disparities in chronic kidney disease and related risk factors. OMH also expects projects to implement novel approaches that demonstrate progress toward CKD related Healthy People 2030 objectives. See https://health.gov/healthypeople/objectives-and-data/browse-objectives/chronic-kidney-disease for more information.Eligible applicants include any private nonprofit or public entity located in a State. “State” includes, in addition to the several States, only the District of Columbia, Guam, the Commonwealth of Puerto Rico, the Northern Mariana Islands, the Virgin Islands, American Samoa, the Trust Territory of the Pacific Islands, and any agency or instrumentality thereof exclusive of local governments. (42 U.S.C. § 201(f) (PHS Act, Section 2(f)), 45 C.F.R. § 75.2). Eligible entities include private nonprofit or public faith-based organizations, community-based organizations, and American Indian/Alaska Native/Native American (AI/AN/NA) organizations. Applications must be submitted through Grants.gov, and applicants must have an active SAM.gov registration when submitting an application. Interested applicants are strongly encouraged begin the registration process for both systems early.We typically fund awards in 12-month budget periods. We may approve shorter budget periods or periods of performance to accommodate administrative factors or funding constraints. For multi-year projects, recipients must submit a non-competing continuation (NCC) application for each budget period after the first. Continuation funding is contingent upon the availability of funds, satisfactory progress of the project, appropriate stewardship of federal funds, and the best interests of the government. Funding for all approved budget periods after the first is generally the same as the initial award amount subject to any offset with funds unused in the previous budget period.","The Office of Minority Health announces the anticipated availability of funds for Fiscal Year (FY) 2025 under the authority of 42 U.S.C. § 300u-6 (Section 1707 of the Public Health Service Act) for demonstration projects that support adaptations of evidence-based/informed approaches to reduce disparities in chronic kidney disease (CKD) and related risk factors. Demonstration projects are time-limited projects for the purpose of assessing the effectiveness of an approach or intervention toward reaching a desired outcome. We expect award recipients under this opportunity to consider approaches to sustainability beyond the end of the support provided by OMH. Groups disproportionately affected by CKD may face barriers to health care and social services that increase their risk of poor health outcomes. We intend for funded projects to demonstrate that innovative community-based strategies can address social determinants of health (SDOH) and reduce health disparities in chronic kidney disease and related risk factors. OMH also expects projects to implement novel approaches that demonstrate progress toward CKD related Healthy People 2030 objectives. See https://health.gov/healthypeople/objectives-and-data/browse-objectives/chronic-kidney-disease for more information.Eligible applicants include any private nonprofit or public entity located in a State. “State” includes, in addition to the several States, only the District of Columbia, Guam, the Commonwealth of Puerto Rico, the Northern Mariana Islands, the Virgin Islands, American Samoa, the Trust Territory of the Pacific Islands, and any agency or instrumentality thereof exclusive of local governments. (42 U.S.C. § 201(f) (PHS Act, Section 2(f)), 45 C.F.R. § 75.2). Eligible entities include private nonprofit or public faith-based organizations, community-based organizations, and American Indian/Alaska Native/Native American (AI/AN/NA) organizations. Applications must be submitted through Grants.gov, and applicants must have an active SAM.gov registration when submitting an application. Interested applicants are strongly encouraged begin the registration process for both systems early.We typically fund awards in 12-month budget periods. We may approve shorter budget periods or periods of performance to accommodate administrative factors or funding constraints. For multi-year projects, recipients must submit a non-competing continuation (NCC) application for each budget period after the first. Continuation funding is contingent upon the availability of funds, satisfactory progress of the project, appropriate stewardship of federal funds, and the best interests of the government. Funding for all approved budget periods after the first is generally the same as the initial award amount subject to any offset with funds unused in the previous budget period.","Innovative Approaches for Reducing Disparities in Kidney Health
The Office of Minority Health announces the anticipated availability of funds for Fiscal Year (FY) 2025 under the authority of 42 U.S.C. § 300u-6 (Section 1707 of the Public Health Service Act) for demonstration projects that support adaptations of evidence-based/informed approaches to reduce disparities in chronic kidney disease (CKD) and related risk factors. Demonstration projects are time-limited projects for the purpose of assessing the effectiveness of an approach or intervention toward reaching a desired outcome. We expect award recipients under this opportunity to consider approaches to sustainability beyond the end of the support provided by OMH. Groups disproportionately affected by CKD may face barriers to health care and social services that increase their risk of poor health outcomes. We intend for funded projects to demonstrate that innovative community-based strategies can address social determinants of health (SDOH) and reduce health disparities in chronic kidney disease and related risk factors. OMH also expects projects to implement novel approaches that demonstrate progress toward CKD related Healthy People 2030 objectives. See https://health.gov/healthypeople/objectives-and-data/browse-objectives/chronic-kidney-disease for more information.Eligible applicants include any private nonprofit or public entity located in a State. “State” includes, in addition to the several States, only the District of Columbia, Guam, the Commonwealth of Puerto Rico, the Northern Mariana Islands, the Virgin Islands, American Samoa, the Trust Territory of the Pacific Islands, and any agency or instrumentality thereof exclusive of local governments. (42 U.S.C. § 201(f) (PHS Act, Section 2(f)), 45 C.F.R. § 75.2). Eligible entities include private nonprofit or public faith-based organizations, community-based organizations, and American Indian/Alaska Native/Native American (AI/AN/NA) organizations. Applications must be submitted through Grants.gov, and applicants must have an active SAM.gov registration when submitting an application. Interested applicants are strongly encouraged begin the registration process for both systems early.We typically fund awards in 12-month budget periods. We may approve shorter budget periods or periods of performance to accommodate administrative factors or funding constraints. For multi-year projects, recipients must submit a non-competing continuation (NCC) application for each budget period after the first. Continuation funding is contingent upon the availability of funds, satisfactory progress of the project, appropriate stewardship of federal funds, and the best interests of the government. Funding for all approved budget periods after the first is generally the same as the initial award amount subject to any offset with funds unused in the previous budget period.
",False,,,False,False,False,False,False,False,,False,-678.0,True,True,False,False,False,False,False,False,500000.0,award_ceiling,500000.0,True,False,False,False,False,False,3.49,False,,False,False,True,True,True,True,True,False,False,False,False,12,False,True,,False,False,False,False,1,True,False,False,,True,False,False,True,,2026-09-30,2026-08-18,Innovative Approaches for Reducing Disparities in Kidney Health,forecast,ok,8,G1,G1.O1,"The grant directly funds demonstration projects to reduce health disparities in chronic kidney disease, which aligns with NCDHHS's objective to build structure for reducing health disparities across the Department.",demonstration projects that support adaptations of evidence-based/informed approaches to reduce disparities in chronic kidney disease (CKD) and related risk factors,lead,Eligible applicants include any private nonprofit or public entity located in a State.,DPH,8,"DPH already leads chronic disease prevention, minority health, and community-based interventions, so it could plausibly manage a kidney health disparities demonstration.","The project is a time-limited demonstration with an expectation to plan for sustainability beyond OMH support, which could require building new kidney-specific partnerships rather than funding existing services.",True,"This grant funds community projects to reduce kidney disease disparities, matching NCDHHS's goal to reduce health disparities; Public Health could lead it.","[""applicants must have an active SAM.gov registration when submitting an application"", ""For multi-year projects, recipients must submit a non-competing continuation (NCC) application for each budget period after the first.""]",True,True,lead,deepseek/deepseek-v4-pro,92b0344f579a,True,10.0,0.0,0.85,0.0,0.0,75.57,forecast_watchlist
55,010955ea-582f-4426-8345-f5d587cd6452,Development and Maintenance of Human and Animal Food Rapid Response Teams (U2F) Clinical Trials Not Allowed,forecast,True,False,,010955ea-582f-4426-8345-f5d587cd6452,FOR-FD-24-015,forecasted,HHS-FDA,discretionary,,2023-11-30,,,,False,4.0,,360000.0,1440000.0,,,93.103|Food and Drug Administration Research,cooperative_agreement;grant,food_and_nutrition;consumer_protection;agriculture,,county_governments;state_governments;other;city_or_township_governments;special_district_governments,"Governments
State Governments",Food and Drug Administration,Department of Health and Human Services,"Terrin Brown
Grantor
2404027610",terrin.brown@fda.hhs.gov,terrin.brown@fda.hhs.gov,,,,,,2024.0,,,https://simpler.grants.gov/opportunity/010955ea-582f-4426-8345-f5d587cd6452,"<p>The purpose of this FOA is to develop and maintain Rapid Response Teams (RRTs) to facilitate long-term improvements and innovation to the national integrated food safety system by unifying and coordinating federal/state/local human and animal food (HAF) emergency response efforts including:</p><p><br></p><p>1) Strengthening the link among epidemiology, lab and environmental health/regulatory components;</p><p><br></p><p>2) Improving States' regulatory and surveillance HAF protection programs to include using Incident Command System (ICS)/National Incident Management System (NIMS) principles and a Unified Command structure to conduct integrated responses to all-hazards HAF emergencies, rapidly identifying and removing tainted food from commerce, and conducting root cause investigations to inform future prevention efforts; and</p><p><br></p><p>3) Addressing supporting components, such as training, data sharing, data analysis, communications, continuous process improvement, and development of best practices and other resources to support national response capacity/capability development.</p>","The purpose of this FOA is to develop and maintain Rapid Response Teams (RRTs) to facilitate long-term improvements and innovation to the national integrated food safety system by unifying and coordinating federal/state/local human and animal food (HAF) emergency response efforts including:
 

 1) Strengthening the link among epidemiology, lab and environmental health/regulatory components;
 

 2) Improving States' regulatory and surveillance HAF protection programs to include using Incident Command System (ICS)/National Incident Management System (NIMS) principles and a Unified Command structure to conduct integrated responses to all-hazards HAF emergencies, rapidly identifying and removing tainted food from commerce, and conducting root cause investigations to inform future prevention efforts; and
 

 3) Addressing supporting components, such as training, data sharing, data analysis, communications, continuous process improvement, and development of best practices and other resources to support national response capacity/capability development.","Development and Maintenance of Human and Animal Food Rapid Response Teams (U2F) Clinical Trials Not Allowed
The purpose of this FOA is to develop and maintain Rapid Response Teams (RRTs) to facilitate long-term improvements and innovation to the national integrated food safety system by unifying and coordinating federal/state/local human and animal food (HAF) emergency response efforts including:
 

 1) Strengthening the link among epidemiology, lab and environmental health/regulatory components;
 

 2) Improving States' regulatory and surveillance HAF protection programs to include using Incident Command System (ICS)/National Incident Management System (NIMS) principles and a Unified Command structure to conduct integrated responses to all-hazards HAF emergencies, rapidly identifying and removing tainted food from commerce, and conducting root cause investigations to inform future prevention efforts; and
 

 3) Addressing supporting components, such as training, data sharing, data analysis, communications, continuous process improvement, and development of best practices and other resources to support national response capacity/capability development.
Governments
State Governments",False,,,False,False,False,False,False,False,,True,,False,False,False,False,False,False,False,False,,award_ceiling,1440000.0,True,False,True,False,False,False,5.79,False,,False,False,True,True,False,False,False,False,False,False,True,5,False,False,,True,False,False,False,1,True,False,False,,True,False,False,False,,2026-09-30,2026-08-18,Development and Maintenance of Human and Animal Food Rapid Response Teams (U2F) Clinical Trials Not Allowed,forecast,ok,6,G5,G5.O3,"The grant uses federal/state/local coordination and shared best-practice development to improve integrated food safety response, aligning with the operational goal of working across departments through shared processes and collaboration.",unifying and coordinating federal/state/local human and animal food (HAF) emergency response efforts,lead,State Governments,DPH,9,"DPH already houses the epidemiology, laboratory, environmental health, and local health department functions that this food-safety rapid response program would integrate.","Food safety emergency response is not explicitly named in NCDHHS strategic objectives, so it may compete poorly for limited state priority attention.",True,"State-eligible FDA grant for food safety rapid response teams; fits DPH epidemiology, lab, and environmental health coordination but has only indirect strategic objective alignment.",[],True,True,lead,deepseek/deepseek-v4-pro,92b0344f579a,True,10.0,0.0,0.85,0.0,0.0,75.51,forecast_watchlist
56,d6b0c5c6-bc62-4f60-938c-bee3a9a2b511,"Ryan White HIV/AIDS Program Part D - Women, Infants, Children and Youth Grant Supplemental Funding",forecast,True,False,,d6b0c5c6-bc62-4f60-938c-bee3a9a2b511,HRSA-27-068,forecasted,HHS-HRSA,discretionary,,2026-07-31,,,2027-09-30,False,20.0,3000000.0,0.0,200000.0,,,"93.153|Coordinated Services and Access to Research for Women, Infants, Children, and Youth",grant,health,,nonprofits_non_higher_education_without_501c3;small_businesses;other;federally_recognized_native_american_tribal_governments;city_or_township_governments;private_institutions_of_higher_education;other_native_american_tribal_organizations;special_district_governments;nonprofits_non_higher_education_with_501c3;state_governments;for_profit_organizations_other_than_small_businesses;public_and_state_institutions_of_higher_education;county_governments,"This competition is open to current RWHAP Part D grant recipients and new, eligible applicant organizations proposing to provide RWHAP Part D family-centered care in outpatient or ambulatory care settings to low income women, infants, children, and youth with HIV in the entire service area as identified in the FY 2027 NOFO.As identified in section 2671 of the Public Health Service (PHS) Act, eligible applicants include public and nonprofit private entities (including a health facility operated by or pursuant to a contract with the Indian Health Service) that provide family-centered care involving outpatient or ambulatory care for WICY with HIV.",Health Resources and Services Administration,Department of Health and Human Services,"Ijeamaka Ogbonna
301-945-9638",AskPartD@hrsa.gov,AskPartD@hrsa.gov,2026-12-04,2027-02-02,"Electronically submitted applications must be submitted no later than 11:59 p.m., ET, on the listed application due date.",2027-08-01,2027-08-01,2027.0,,,https://simpler.grants.gov/opportunity/d6b0c5c6-bc62-4f60-938c-bee3a9a2b511,"<p>The purpose of this supplemental funding is to strengthen organizational infrastructure and increase capacity to develop, enhance, or expand access to high quality family-centered HIV care services. The activities fall under two categories: HIV Care Innovation and Infrastructure Development.&nbsp;</p>","The purpose of this supplemental funding is to strengthen organizational infrastructure and increase capacity to develop, enhance, or expand access to high quality family-centered HIV care services. The activities fall under two categories: HIV Care Innovation and Infrastructure Development.","Ryan White HIV/AIDS Program Part D - Women, Infants, Children and Youth Grant Supplemental Funding
The purpose of this supplemental funding is to strengthen organizational infrastructure and increase capacity to develop, enhance, or expand access to high quality family-centered HIV care services. The activities fall under two categories: HIV Care Innovation and Infrastructure Development.
This competition is open to current RWHAP Part D grant recipients and new, eligible applicant organizations proposing to provide RWHAP Part D family-centered care in outpatient or ambulatory care settings to low income women, infants, children, and youth with HIV in the entire service area as identified in the FY 2027 NOFO.As identified in section 2671 of the Public Health Service (PHS) Act, eligible applicants include public and nonprofit private entities (including a health facility operated by or pursuant to a contract with the Indian Health Service) that provide family-centered care involving outpatient or ambulatory care for WICY with HIV.",False,,,False,False,False,False,False,False,,False,65.0,False,False,False,False,False,False,False,False,150000.0,award_ceiling,200000.0,True,False,False,False,False,False,1.51,False,,False,False,True,True,True,True,True,True,False,False,True,13,False,True,,False,False,False,False,1,True,False,False,,True,False,False,False,,2026-09-30,2026-08-18,"Ryan White HIV/AIDS Program Part D - Women, Infants, Children and Youth Grant Supplemental Funding",forecast,ok,8,G1,G1.O1,"The grant funds infrastructure and capacity to expand access to family-centered HIV care for low-income women, infants, children, and youth, which advances health access and reduces disparities.","The purpose of this supplemental funding is to strengthen organizational infrastructure and increase capacity to develop, enhance, or expand access to high quality family-centered HIV care services.",lead,state_governments,DPH,9,"DPH already manages communicable disease prevention, maternal and child health, and local public health partnerships, so expanding family-centered HIV care capacity fits its existing public health role.","NCDHHS may not be a current RWHAP Part D recipient or may not directly provide outpatient family-centered HIV care, making this a competitive new-applicant path rather than an easy supplemental add-on.",True,"Fits G1 health access and DPH communicable disease/maternal child health; state governments are eligible, but NCDHHS must provide Part D outpatient HIV care.","[""Must provide RWHAP Part D family-centered care in outpatient or ambulatory care settings to low income women, infants, children, and youth with HIV in the entire service area identified in the FY 2027 NOFO.""]",True,True,lead,deepseek/deepseek-v4-pro,92b0344f579a,True,10.0,0.0,0.85,0.0,0.0,75.02,forecast_watchlist
57,39dec6be-55d0-4622-9703-fd1b7909fb1c,Coordinating Center for Language Access Services,forecast,True,False,,39dec6be-55d0-4622-9703-fd1b7909fb1c,MP-CPI-25-003,forecasted,HHS-OPHS,discretionary,,2024-08-01,,,,False,1.0,700000.0,600000.0,700000.0,,,93.137|Community Programs to Improve Minority Health,grant,health,,nonprofits_non_higher_education_without_501c3;public_and_indian_housing_authorities;nonprofits_non_higher_education_with_501c3;county_governments;other_native_american_tribal_organizations;city_or_township_governments;special_district_governments;state_governments;federally_recognized_native_american_tribal_governments;public_and_state_institutions_of_higher_education;independent_school_districts,,Office of the Assistant Secretary for Health,Department of Health and Human Services,"Stacey Williams
240-453-8444",OMHGrants@hhs.gov,OMHGrants@hhs.gov,2025-04-21,2025-07-01,Applications must be submitted electronically no later than 6:00 pm Eastern Time.,2025-09-15,2025-09-30,2025.0,,,https://simpler.grants.gov/opportunity/39dec6be-55d0-4622-9703-fd1b7909fb1c,"The Office of Minority Health announces the anticipated availability of funds for Fiscal Year (FY) 2025 under the authority of 42 U.S.C. § 300u-6 (Section 1707 of the Public Health Service Act) for a demonstration project that supports the development of a National Coordinating Center for Language Access Services . Demonstration projects are time-limited projects for the purpose of assessing the effectiveness of an approach or intervention toward reaching a desired outcome. We expect award recipients under this opportunity to consider approaches to sustainability beyond the end of the support provided by OMH.  This initiative aligns with Make America Healthy Again Commission goals and supports Executive Order 14224 by improving new Americans’ access to healthcare.Individuals with limited English proficiency face barriers to health care and social services that increase their risk for poor health outcomes. We intend for the funded project to create a National Coordinating Center to connect health and human service professionals with qualified health language interpreters and translators to improve access to language services for individuals limited English proficiency. The funded project will develop technical components needed to host the Center, connect and engage a collaborative network of community-based organizations, and promote the Center nationally to health and human service organizations and agencies. OMH also expects the project to address gaps in access to language services and improve the quality of care and health outcomes for individuals with limited English proficiency. Eligible applicants include any private nonprofit or public entity located in a State. “State” includes, in addition to the several States, only the District of Columbia, Guam, the Commonwealth of Puerto Rico, the Northern Mariana Islands, the Virgin Islands, American Samoa, the Trust Territory of the Pacific Islands, and any agency or instrumentality thereof exclusive of local governments. (42 U.S.C. § 201(f) (PHS Act, Section 2(f)), 45 C.F.R. § 75.2). Eligible entities include private nonprofit or public faith-based organizations, community-based organizations, and American Indian/Alaska Native/Native American (AI/AN/NA) organizations. Award recipients must not restrict participation in the project on the basis of race, color, religion, sex, national origin, or another protected characteristic.Applications must be submitted through Grants.gov, and applicants must have an active SAM.gov registration when submitting an application.  Interested applicants are strongly encouraged begin the registration process for both systems early.","The Office of Minority Health announces the anticipated availability of funds for Fiscal Year (FY) 2025 under the authority of 42 U.S.C. § 300u-6 (Section 1707 of the Public Health Service Act) for a demonstration project that supports the development of a National Coordinating Center for Language Access Services . Demonstration projects are time-limited projects for the purpose of assessing the effectiveness of an approach or intervention toward reaching a desired outcome. We expect award recipients under this opportunity to consider approaches to sustainability beyond the end of the support provided by OMH.  This initiative aligns with Make America Healthy Again Commission goals and supports Executive Order 14224 by improving new Americans’ access to healthcare.Individuals with limited English proficiency face barriers to health care and social services that increase their risk for poor health outcomes. We intend for the funded project to create a National Coordinating Center to connect health and human service professionals with qualified health language interpreters and translators to improve access to language services for individuals limited English proficiency. The funded project will develop technical components needed to host the Center, connect and engage a collaborative network of community-based organizations, and promote the Center nationally to health and human service organizations and agencies. OMH also expects the project to address gaps in access to language services and improve the quality of care and health outcomes for individuals with limited English proficiency. Eligible applicants include any private nonprofit or public entity located in a State. “State” includes, in addition to the several States, only the District of Columbia, Guam, the Commonwealth of Puerto Rico, the Northern Mariana Islands, the Virgin Islands, American Samoa, the Trust Territory of the Pacific Islands, and any agency or instrumentality thereof exclusive of local governments. (42 U.S.C. § 201(f) (PHS Act, Section 2(f)), 45 C.F.R. § 75.2). Eligible entities include private nonprofit or public faith-based organizations, community-based organizations, and American Indian/Alaska Native/Native American (AI/AN/NA) organizations. Award recipients must not restrict participation in the project on the basis of race, color, religion, sex, national origin, or another protected characteristic.Applications must be submitted through Grants.gov, and applicants must have an active SAM.gov registration when submitting an application.  Interested applicants are strongly encouraged begin the registration process for both systems early.","Coordinating Center for Language Access Services
The Office of Minority Health announces the anticipated availability of funds for Fiscal Year (FY) 2025 under the authority of 42 U.S.C. § 300u-6 (Section 1707 of the Public Health Service Act) for a demonstration project that supports the development of a National Coordinating Center for Language Access Services . Demonstration projects are time-limited projects for the purpose of assessing the effectiveness of an approach or intervention toward reaching a desired outcome. We expect award recipients under this opportunity to consider approaches to sustainability beyond the end of the support provided by OMH.  This initiative aligns with Make America Healthy Again Commission goals and supports Executive Order 14224 by improving new Americans’ access to healthcare.Individuals with limited English proficiency face barriers to health care and social services that increase their risk for poor health outcomes. We intend for the funded project to create a National Coordinating Center to connect health and human service professionals with qualified health language interpreters and translators to improve access to language services for individuals limited English proficiency. The funded project will develop technical components needed to host the Center, connect and engage a collaborative network of community-based organizations, and promote the Center nationally to health and human service organizations and agencies. OMH also expects the project to address gaps in access to language services and improve the quality of care and health outcomes for individuals with limited English proficiency. Eligible applicants include any private nonprofit or public entity located in a State. “State” includes, in addition to the several States, only the District of Columbia, Guam, the Commonwealth of Puerto Rico, the Northern Mariana Islands, the Virgin Islands, American Samoa, the Trust Territory of the Pacific Islands, and any agency or instrumentality thereof exclusive of local governments. (42 U.S.C. § 201(f) (PHS Act, Section 2(f)), 45 C.F.R. § 75.2). Eligible entities include private nonprofit or public faith-based organizations, community-based organizations, and American Indian/Alaska Native/Native American (AI/AN/NA) organizations. Award recipients must not restrict participation in the project on the basis of race, color, religion, sex, national origin, or another protected characteristic.Applications must be submitted through Grants.gov, and applicants must have an active SAM.gov registration when submitting an application.  Interested applicants are strongly encouraged begin the registration process for both systems early.
",False,,,False,False,False,False,False,False,,False,-527.0,True,True,False,False,False,False,False,False,700000.0,award_ceiling,700000.0,True,False,False,True,False,False,4.23,False,,False,False,True,True,True,True,True,False,False,False,False,11,False,False,,False,False,False,False,1,True,False,False,,True,False,False,True,,2026-09-30,2026-08-18,Coordinating Center for Language Access Services,forecast,ok,8,G1,G1.O3,"The grant funds creation of a National Coordinating Center for Language Access Services, directly addressing G1.O3 by mitigating language barriers to health services for people with limited English proficiency.",We intend for the funded project to create a National Coordinating Center to connect health and human service professionals with qualified health language interpreters and translators to improve access to language services for individuals limited English proficiency.,lead,Eligible applicants include any private nonprofit or public entity located in a State.,OSEC,7,"OSEC runs centralized, cross-division initiatives and administrative/IT functions, so it could host a language access coordinating center, though the national network scope is broader than its usual state-focused role.","The project is national in scope, so NCDHHS would carry broad out-of-state coordination duties and sustainability risk without primarily benefiting North Carolinians.",True,"This grant directly funds language access services under G1.O3. NCDHHS is eligible as a public entity and could host the coordinating center through OSEC, though national scope adds operational demands.","[""Time-limited demonstration project; applicants are expected to consider sustainability beyond OMH support.""]",True,True,lead,deepseek/deepseek-v4-pro,92b0344f579a,True,10.0,0.0,0.85,0.0,0.0,73.94,forecast_watchlist
58,5686905a-446f-4b0d-8885-e1683d35c3f4,"Pilot Testing, Implementation, and Evaluation of the Cervical, Breast and Colorectal Cancer Clinical Decision Support Tools",forecast,True,False,,5686905a-446f-4b0d-8885-e1683d35c3f4,RFA-DP-27-036,forecasted,HHS-CDC-HHSCDCERA,discretionary,,2026-07-24,,,2027-04-22,False,2.0,7250000.0,0.0,,,,93.945|Assistance Programs for Chronic Disease Prevention and Control,cooperative_agreement,health,,public_and_indian_housing_authorities;unrestricted;nonprofits_non_higher_education_without_501c3;other;independent_school_districts;federally_recognized_native_american_tribal_governments;public_and_state_institutions_of_higher_education;county_governments;city_or_township_governments;small_businesses;nonprofits_non_higher_education_with_501c3;for_profit_organizations_other_than_small_businesses;special_district_governments;state_governments;private_institutions_of_higher_education;other_native_american_tribal_organizations,See Section III. Eligibility Information.,Centers for Disease Control and Prevention - ERA,Department of Health and Human Services,"Celeste Sanders, PhD
(770 )488-2536",researchnofo@cdc.gov,researchnofo@cdc.gov,2027-01-21,2027-03-23,Electronically submitted applications must be submitted no later than 11:59 pm ET on the listed application due date.,2027-08-30,2027-09-30,2027.0,,,https://simpler.grants.gov/opportunity/5686905a-446f-4b0d-8885-e1683d35c3f4,"<p>The Centers for Disease Control and Prevention's (CDC) National Center for Chronic Disease Prevention and Health Promotion is advancing the development of clinical decision support (CDS) tools designed to facilitate evidence-based cancer screening and management at the point of care. These CDS tools integrate up-to-date, computable guidelines into electronic health records systems to support clinicians in real-time clinical decision-making. The CDC has previously developed computer algorithms for cervical, breast, and colorectal cancers.</p><p>This NOFO has two components:</p><ol><li data-list-item-id=""ebf0a4d7c600bea3d145a2c8317502540""><strong><u>Component A.</u>&nbsp; Cervical Cancer Clinical Decision Support (CDS) tool:</strong> This component focuses on the system-wide implementation and evaluation of a publicly available cervical cancer CDS tool within a large health system. The primary objective is to enhance guideline-concordant screening and ensure timely follow-up and management after abnormal results. Applicants are expected to rigorously assess both the implementation processes and the efficacy of the tool in improving cervical cancer screening and management.<br>&nbsp;</li><li data-list-item-id=""e4e1ef0bab2e6d4433e9ca13d8dff7c54""><strong><u>Component B.</u>&nbsp; Breast and Colorectal Cancer CDS tools:</strong> This component aims to pilot test publicly available, interoperable CDS tools for breast and colorectal cancer screening. The scope includes technical integration of these tools into real-world electronic health record (EHR) systems within a large health system, comprehensive documentation of the implementation process, and empirical evaluation to assess the accuracy and impact of the tools.</li></ol><p style=""margin-left:.25in;"">&nbsp;</p><p>&nbsp;</p>","The Centers for Disease Control and Prevention's (CDC) National Center for Chronic Disease Prevention and Health Promotion is advancing the development of clinical decision support (CDS) tools designed to facilitate evidence-based cancer screening and management at the point of care. These CDS tools integrate up-to-date, computable guidelines into electronic health records systems to support clinicians in real-time clinical decision-making. The CDC has previously developed computer algorithms for cervical, breast, and colorectal cancers.
 This NOFO has two components:
    Component A.   Cervical Cancer Clinical Decision Support (CDS) tool:  This component focuses on the system-wide implementation and evaluation of a publicly available cervical cancer CDS tool within a large health system. The primary objective is to enhance guideline-concordant screening and ensure timely follow-up and management after abnormal results. Applicants are expected to rigorously assess both the implementation processes and the efficacy of the tool in improving cervical cancer screening and management.
 
   Component B.   Breast and Colorectal Cancer CDS tools:  This component aims to pilot test publicly available, interoperable CDS tools for breast and colorectal cancer screening. The scope includes technical integration of these tools into real-world electronic health record (EHR) systems within a large health system, comprehensive documentation of the implementation process, and empirical evaluation to assess the accuracy and impact of the tools.","Pilot Testing, Implementation, and Evaluation of the Cervical, Breast and Colorectal Cancer Clinical Decision Support Tools
The Centers for Disease Control and Prevention's (CDC) National Center for Chronic Disease Prevention and Health Promotion is advancing the development of clinical decision support (CDS) tools designed to facilitate evidence-based cancer screening and management at the point of care. These CDS tools integrate up-to-date, computable guidelines into electronic health records systems to support clinicians in real-time clinical decision-making. The CDC has previously developed computer algorithms for cervical, breast, and colorectal cancers.
 This NOFO has two components:
    Component A.   Cervical Cancer Clinical Decision Support (CDS) tool:  This component focuses on the system-wide implementation and evaluation of a publicly available cervical cancer CDS tool within a large health system. The primary objective is to enhance guideline-concordant screening and ensure timely follow-up and management after abnormal results. Applicants are expected to rigorously assess both the implementation processes and the efficacy of the tool in improving cervical cancer screening and management.
 
   Component B.   Breast and Colorectal Cancer CDS tools:  This component aims to pilot test publicly available, interoperable CDS tools for breast and colorectal cancer screening. The scope includes technical integration of these tools into real-world electronic health record (EHR) systems within a large health system, comprehensive documentation of the implementation process, and empirical evaluation to assess the accuracy and impact of the tools.
See Section III. Eligibility Information.",False,,,False,False,False,False,False,False,,False,113.0,False,False,False,False,False,False,True,False,3625000.0,average_award,3625000.0,True,False,True,True,False,False,7.8,False,,False,False,True,True,True,True,True,True,False,True,True,16,False,True,,False,False,False,False,1,True,False,False,,True,False,False,False,,2026-09-30,2026-08-18,"Pilot Testing, Implementation, and Evaluation of the Cervical, Breast and Colorectal Cancer Clinical Decision Support Tools",forecast,ok,7,G1,G1.O1,"It funds clinical decision support that enhances guideline-concordant cancer screening and follow-up, advancing health access and reducing cancer outcome disparities.",enhance guideline-concordant screening and ensure timely follow-up and management after abnormal results,lead,state_governments,DPH,6,"DPH leads chronic disease and cancer screening initiatives and can partner with large health systems, though EHR-based clinical decision support is outside its direct operational scope.","Core activities occur inside a large health system's EHR and clinical workflows, which NCDHHS does not directly control, creating partnership and data-sharing risks.",True,"Fits DPH's cancer screening and chronic disease work, but core EHR integration requires a large health system partner; worth routing to DPH for possible health-system collaboration.","[""Requires system-wide implementation within a large health system, so NCDHHS would need a health system partner for EHR integration.""]",True,True,lead,deepseek/deepseek-v4-pro,92b0344f579a,True,10.0,0.0,0.85,0.0,0.0,73.76,forecast_watchlist
59,73ff0209-aa1f-4f73-a3fc-ee97ee3710cf,Ryan White HIV/AIDS Program Part B AIDS Drug Assistance Program Training and Technical Assistance,forecast,True,False,,73ff0209-aa1f-4f73-a3fc-ee97ee3710cf,HRSA-27-078,forecasted,HHS-HRSA,discretionary,,2026-07-31,,,2027-02-19,False,1.0,750000.0,0.0,750000.0,,,93.145|HIV-Related Training and Technical Assistance,cooperative_agreement,health,,state_governments;other_native_american_tribal_organizations;special_district_governments;private_institutions_of_higher_education;nonprofits_non_higher_education_with_501c3;city_or_township_governments;county_governments;federally_recognized_native_american_tribal_governments;public_and_state_institutions_of_higher_education,,Health Resources and Services Administration,Department of Health and Human Services,"Glenn Clark
301.443.3692",GLClark@hrsa.gov,GLClark@hrsa.gov,2026-11-21,2027-01-20,"Electronically submitted applications must be submitted no later than 11:59 p.m., ET, on the listed application due date.",2027-07-01,2027-07-01,2027.0,,,https://simpler.grants.gov/opportunity/73ff0209-aa1f-4f73-a3fc-ee97ee3710cf,<p>The purpose of this funding is to build the capacity of ADAPs through tools and technical assistance to maximize the impact of ADAPs in improving the health outcomes of people with HIV in a changing health care environment.</p>,The purpose of this funding is to build the capacity of ADAPs through tools and technical assistance to maximize the impact of ADAPs in improving the health outcomes of people with HIV in a changing health care environment.,"Ryan White HIV/AIDS Program Part B AIDS Drug Assistance Program Training and Technical Assistance
The purpose of this funding is to build the capacity of ADAPs through tools and technical assistance to maximize the impact of ADAPs in improving the health outcomes of people with HIV in a changing health care environment.
",False,,,False,False,False,False,False,False,,False,52.0,False,False,False,False,False,False,False,False,750000.0,award_ceiling,750000.0,True,False,False,True,False,False,4.38,False,,False,False,True,True,True,True,True,False,False,False,False,9,False,False,,False,False,False,False,1,True,False,False,,True,False,False,True,,2026-09-30,2026-08-18,Ryan White HIV/AIDS Program Part B AIDS Drug Assistance Program Training and Technical Assistance,forecast,ok,7,G1,G1.O1,"This grant funds training and technical assistance to strengthen AIDS Drug Assistance Programs, building health access structures that improve outcomes for people with HIV, a population facing greater health challenges.",build the capacity of ADAPs through tools and technical assistance to maximize the impact of ADAPs in improving the health outcomes of people with HIV in a changing health care environment.,lead,state_governments,DPH,8,DPH administers North Carolina's Ryan White Part B and ADAP HIV care functions and has the HIV program expertise to deliver or coordinate training and technical assistance.,"The cooperative agreement would fund a national training and technical assistance role rather than direct North Carolina ADAP services, so state-specific benefit may be indirect and the competition may be broad.",True,"Builds ADAP capacity to improve HIV health outcomes; DPH already administers Ryan White/HIV care, so this aligns with health access goals.",[],True,True,lead,deepseek/deepseek-v4-pro,92b0344f579a,True,10.0,0.0,0.85,0.0,0.0,73.61,forecast_watchlist
60,1455416e-d0f8-4b17-8823-711db1ebc6f2,Making America Healthy Again by Addressing Dementia Disparities,forecast,True,False,,1455416e-d0f8-4b17-8823-711db1ebc6f2,MP-CPI-25-001,forecasted,HHS-OPHS,discretionary,,2024-08-01,,,,False,9.0,5000000.0,450000.0,600000.0,,,93.137|Community Programs to Improve Minority Health,grant,health,,special_district_governments;other_native_american_tribal_organizations;public_and_state_institutions_of_higher_education;city_or_township_governments;nonprofits_non_higher_education_with_501c3;nonprofits_non_higher_education_without_501c3;state_governments;county_governments;independent_school_districts;public_and_indian_housing_authorities;federally_recognized_native_american_tribal_governments,,Office of the Assistant Secretary for Health,Department of Health and Human Services,"Stacey Williams
240-453-8444",OMHGrants@hhs.gov,OMHGrants@hhs.gov,2025-04-14,2025-06-23,Applications must be submitted electronically no later than 6:00 pm Eastern Time.,2025-09-15,2025-09-30,2025.0,,,https://simpler.grants.gov/opportunity/1455416e-d0f8-4b17-8823-711db1ebc6f2,"The Office of Minority Health announces the anticipated availability of funds for Fiscal Year (FY) 2025 under the authority of 42 U.S.C. § 300u-6 (Section 1707 of the Public Health Service Act) for demonstration projects to support innovative evidence-based/informed and community-focused approaches that reduce disparities impacting brain health as people age. Demonstration projects are time-limited projects for the purpose of assessing the effectiveness of an approach or intervention toward reaching a desired outcome. We expect award recipients under this opportunity to consider approaches to sustainability beyond the end of the support provided by OMH.     Subjective cognitive decline (SCD) is self-reported confusion or memory loss and an early sign of Alzheimer's disease and dementia. Groups disproportionately affected by dementia and related chronic illnesses may face barriers to health care and social services that increase their risk of poor health outcomes. Projects funded under the initiative will use novel community-based strategies that address social determinants of health (SDOH) and risk factors in the environments where people live, work, learn play and worship. We intend for projects to reduce health disparities and demonstrate progress towards SCD-related Healthy People 2030 objectives. See https://health.gov/healthypeople/objectives-and-data/browse-objectives/dementias for more information. This initiative is in alignment with Make America Healthy Again Commission and the HHS Secretary’s health priorities for preventing and addressing chronic disease.Eligible applicants include any private nonprofit or public entity located in a State. “State” includes, in addition to the several States, only the District of Columbia, Guam, the Commonwealth of Puerto Rico, the Northern Mariana Islands, the Virgin Islands, American Samoa, the Trust Territory of the Pacific Islands, and any agency or instrumentality thereof exclusive of local governments. (42 U.S.C. § 201(f) (PHS Act, Section 2(f)), 45 C.F.R. § 75.2). Eligible entities include private nonprofit or public faith-based organizations, community-based organizations, and American Indian/Alaska Native/Native American (AI/AN/NA) organizations.  Recipients of awards must not restrict participation in the project on the basis of race, color, religion, sex, national origin, or other protected characteristic.Applications must be submitted through Grants.gov, and applicants must have an active SAM.gov registration when submitting an application. Interested applicants are strongly encouraged begin the registration process for both systems early.   We typically fund awards in 12-month budget periods. We may approve shorter budget periods or periods of performance to accommodate administrative factors or funding constraints. For multi-year projects, recipients must submit a non-competing continuation (NCC) application for each budget period after the first. Continuation funding is contingent upon the availability of funds, satisfactory progress of the project, appropriate stewardship of federal funds, and the best interests of the government. Funding for all approved budget periods after the first is generally the same as the initial award amount subject to any offset with funds unused in the previous budget period.","The Office of Minority Health announces the anticipated availability of funds for Fiscal Year (FY) 2025 under the authority of 42 U.S.C. § 300u-6 (Section 1707 of the Public Health Service Act) for demonstration projects to support innovative evidence-based/informed and community-focused approaches that reduce disparities impacting brain health as people age. Demonstration projects are time-limited projects for the purpose of assessing the effectiveness of an approach or intervention toward reaching a desired outcome. We expect award recipients under this opportunity to consider approaches to sustainability beyond the end of the support provided by OMH.     Subjective cognitive decline (SCD) is self-reported confusion or memory loss and an early sign of Alzheimer's disease and dementia. Groups disproportionately affected by dementia and related chronic illnesses may face barriers to health care and social services that increase their risk of poor health outcomes. Projects funded under the initiative will use novel community-based strategies that address social determinants of health (SDOH) and risk factors in the environments where people live, work, learn play and worship. We intend for projects to reduce health disparities and demonstrate progress towards SCD-related Healthy People 2030 objectives. See https://health.gov/healthypeople/objectives-and-data/browse-objectives/dementias for more information. This initiative is in alignment with Make America Healthy Again Commission and the HHS Secretary’s health priorities for preventing and addressing chronic disease.Eligible applicants include any private nonprofit or public entity located in a State. “State” includes, in addition to the several States, only the District of Columbia, Guam, the Commonwealth of Puerto Rico, the Northern Mariana Islands, the Virgin Islands, American Samoa, the Trust Territory of the Pacific Islands, and any agency or instrumentality thereof exclusive of local governments. (42 U.S.C. § 201(f) (PHS Act, Section 2(f)), 45 C.F.R. § 75.2). Eligible entities include private nonprofit or public faith-based organizations, community-based organizations, and American Indian/Alaska Native/Native American (AI/AN/NA) organizations.  Recipients of awards must not restrict participation in the project on the basis of race, color, religion, sex, national origin, or other protected characteristic.Applications must be submitted through Grants.gov, and applicants must have an active SAM.gov registration when submitting an application. Interested applicants are strongly encouraged begin the registration process for both systems early.   We typically fund awards in 12-month budget periods. We may approve shorter budget periods or periods of performance to accommodate administrative factors or funding constraints. For multi-year projects, recipients must submit a non-competing continuation (NCC) application for each budget period after the first. Continuation funding is contingent upon the availability of funds, satisfactory progress of the project, appropriate stewardship of federal funds, and the best interests of the government. Funding for all approved budget periods after the first is generally the same as the initial award amount subject to any offset with funds unused in the previous budget period.","Making America Healthy Again by Addressing Dementia Disparities
The Office of Minority Health announces the anticipated availability of funds for Fiscal Year (FY) 2025 under the authority of 42 U.S.C. § 300u-6 (Section 1707 of the Public Health Service Act) for demonstration projects to support innovative evidence-based/informed and community-focused approaches that reduce disparities impacting brain health as people age. Demonstration projects are time-limited projects for the purpose of assessing the effectiveness of an approach or intervention toward reaching a desired outcome. We expect award recipients under this opportunity to consider approaches to sustainability beyond the end of the support provided by OMH.     Subjective cognitive decline (SCD) is self-reported confusion or memory loss and an early sign of Alzheimer's disease and dementia. Groups disproportionately affected by dementia and related chronic illnesses may face barriers to health care and social services that increase their risk of poor health outcomes. Projects funded under the initiative will use novel community-based strategies that address social determinants of health (SDOH) and risk factors in the environments where people live, work, learn play and worship. We intend for projects to reduce health disparities and demonstrate progress towards SCD-related Healthy People 2030 objectives. See https://health.gov/healthypeople/objectives-and-data/browse-objectives/dementias for more information. This initiative is in alignment with Make America Healthy Again Commission and the HHS Secretary’s health priorities for preventing and addressing chronic disease.Eligible applicants include any private nonprofit or public entity located in a State. “State” includes, in addition to the several States, only the District of Columbia, Guam, the Commonwealth of Puerto Rico, the Northern Mariana Islands, the Virgin Islands, American Samoa, the Trust Territory of the Pacific Islands, and any agency or instrumentality thereof exclusive of local governments. (42 U.S.C. § 201(f) (PHS Act, Section 2(f)), 45 C.F.R. § 75.2). Eligible entities include private nonprofit or public faith-based organizations, community-based organizations, and American Indian/Alaska Native/Native American (AI/AN/NA) organizations.  Recipients of awards must not restrict participation in the project on the basis of race, color, religion, sex, national origin, or other protected characteristic.Applications must be submitted through Grants.gov, and applicants must have an active SAM.gov registration when submitting an application. Interested applicants are strongly encouraged begin the registration process for both systems early.   We typically fund awards in 12-month budget periods. We may approve shorter budget periods or periods of performance to accommodate administrative factors or funding constraints. For multi-year projects, recipients must submit a non-competing continuation (NCC) application for each budget period after the first. Continuation funding is contingent upon the availability of funds, satisfactory progress of the project, appropriate stewardship of federal funds, and the best interests of the government. Funding for all approved budget periods after the first is generally the same as the initial award amount subject to any offset with funds unused in the previous budget period.
",False,,,False,False,False,False,False,False,,False,-534.0,True,True,False,False,False,False,False,False,555555.5555555555,award_ceiling,600000.0,True,False,False,False,False,False,3.89,False,,False,False,True,True,True,True,True,False,False,False,False,11,False,False,,False,False,False,False,1,True,False,False,,True,False,False,True,,2026-09-30,2026-08-18,Making America Healthy Again by Addressing Dementia Disparities,forecast,ok,8,G1,G1.O3,"The grant directly funds community-based approaches that address barriers to health care and social services and social determinants of health to reduce dementia disparities, aligning with G1.O3's focus on mitigating barriers to health services for underserved groups.",demonstration projects to support innovative evidence-based/informed and community-focused approaches that reduce disparities impacting brain health as people age,lead,Eligible applicants include any private nonprofit or public entity located in a State.,DPH,7,"DPH already leads chronic disease prevention, health equity, and community-based interventions, so it could run a dementia-disparities demonstration with local partners and epidemiologic support.","This is a time-limited demonstration project with continuation funding contingent on federal priorities, and OMH expects sustainability planning beyond the grant period.",True,State-eligible minority health grant that fits G1/O3 by funding community strategies to reduce dementia disparities; DPH can lead using its chronic disease and health equity capacity.,"[""Applications must be submitted through Grants.gov, and applicants must have an active SAM.gov registration when submitting an application."", ""For multi-year projects, recipients must submit a non-competing continuation (NCC) application for each budget period after the first."", ""Recipients of awards must not restrict participation in the project on the basis of race, color, religion, sex, national origin, or other protected characteristic."", ""We expect award recipients under this opportunity to consider approaches to sustainability beyond the end of the support provided by OMH.""]",True,True,lead,deepseek/deepseek-v4-pro,92b0344f579a,True,10.0,0.0,0.85,0.0,0.0,73.34,forecast_watchlist
61,fedda8fc-2bb6-4237-b981-8cf04bfeedc5,Preventing Suicide and Interpersonal Violence Among Youth and Young Adults,forecast,True,False,,fedda8fc-2bb6-4237-b981-8cf04bfeedc5,RFA-CE-27-015,forecasted,HHS-CDC-HHSCDCERA,discretionary,,2026-07-09,,,2027-01-02,False,8.0,12000000.0,0.0,500000.0,,,93.136|Injury Prevention and Control Research and State and Community Based Programs,grant,health,,other_native_american_tribal_organizations;nonprofits_non_higher_education_without_501c3;nonprofits_non_higher_education_with_501c3;public_and_state_institutions_of_higher_education;private_institutions_of_higher_education;city_or_township_governments;federally_recognized_native_american_tribal_governments;county_governments;independent_school_districts;state_governments;for_profit_organizations_other_than_small_businesses;special_district_governments;unrestricted;other;public_and_indian_housing_authorities;small_businesses,Additional eligibility information to be included in the NOFO.,Centers for Disease Control and Prevention - ERA,Department of Health and Human Services,"Dr. Candis M. Hunter
770-488-1347",ncipc_erpo@cdc.gov,ncipc_erpo@cdc.gov,2026-10-01,2026-12-01,Electronically submitted applications must be submitted no later than 11:59 pm ET on the listed application due date.,2027-08-29,2027-09-30,2027.0,,,https://simpler.grants.gov/opportunity/fedda8fc-2bb6-4237-b981-8cf04bfeedc5,"<p>The Centers for Disease Control and Prevention's (CDC) National Center for Injury Prevention and Control (NCIPC) seeks investigator-initiated research proposals to evaluate primary prevention-focused approaches to reduce suicide and interpersonal violence among youth and young adults (ages 10 to 24 years).</p><p>This NOFO will support the evaluation of existing primary prevention approaches (i.e., approaches that are already developed and implemented or have been shown to be ready for implementation) that have not yet undergone rigorous evaluation. For this announcement, ""approaches"" can include programs, policies, or practices.</p><p>Applicants can propose to evaluate approaches that: &nbsp;</p><ul><li data-list-item-id=""e869b083987bd1520512ccf6520fbc318"">Reduce suicide-related outcomes, enhancing social connectedness and social cohesion at the community level</li><li data-list-item-id=""e6c8c34564d76c2979afef2e1111b097c"">Reduce or mitigate the impact of unhealthy behaviors or experiences in online spaces on suicide-related outcomes</li><li data-list-item-id=""e88043af589293206bea686b1146530a0"">Evaluate approaches to reduce the incidence and/or harm caused by technology-facilitated forms of interpersonal violence&nbsp;</li></ul>","The Centers for Disease Control and Prevention's (CDC) National Center for Injury Prevention and Control (NCIPC) seeks investigator-initiated research proposals to evaluate primary prevention-focused approaches to reduce suicide and interpersonal violence among youth and young adults (ages 10 to 24 years).
 This NOFO will support the evaluation of existing primary prevention approaches (i.e., approaches that are already developed and implemented or have been shown to be ready for implementation) that have not yet undergone rigorous evaluation. For this announcement, ""approaches"" can include programs, policies, or practices.
 Applicants can propose to evaluate approaches that:  
  Reduce suicide-related outcomes, enhancing social connectedness and social cohesion at the community level
 Reduce or mitigate the impact of unhealthy behaviors or experiences in online spaces on suicide-related outcomes
 Evaluate approaches to reduce the incidence and/or harm caused by technology-facilitated forms of interpersonal violence","Preventing Suicide and Interpersonal Violence Among Youth and Young Adults
The Centers for Disease Control and Prevention's (CDC) National Center for Injury Prevention and Control (NCIPC) seeks investigator-initiated research proposals to evaluate primary prevention-focused approaches to reduce suicide and interpersonal violence among youth and young adults (ages 10 to 24 years).
 This NOFO will support the evaluation of existing primary prevention approaches (i.e., approaches that are already developed and implemented or have been shown to be ready for implementation) that have not yet undergone rigorous evaluation. For this announcement, ""approaches"" can include programs, policies, or practices.
 Applicants can propose to evaluate approaches that:  
  Reduce suicide-related outcomes, enhancing social connectedness and social cohesion at the community level
 Reduce or mitigate the impact of unhealthy behaviors or experiences in online spaces on suicide-related outcomes
 Evaluate approaches to reduce the incidence and/or harm caused by technology-facilitated forms of interpersonal violence
Additional eligibility information to be included in the NOFO.",False,,,False,False,False,False,False,False,,False,1.0,False,False,False,False,False,False,False,False,1500000.0,award_ceiling,500000.0,True,False,False,False,False,False,3.49,False,,False,False,True,True,True,True,True,True,False,True,True,16,False,True,,False,False,False,False,1,True,False,False,,True,False,False,False,,2026-09-30,2026-08-18,Preventing Suicide and Interpersonal Violence Among Youth and Young Adults,forecast,ok,8,G3,G3.O3,"The grant funds evaluation of primary prevention approaches to reduce suicide among youth, which directly supports NCDHHS's suicide prevention objective under behavioral health crisis services.",evaluate primary prevention-focused approaches to reduce suicide and interpersonal violence among youth and young adults (ages 10 to 24 years).,lead,state_governments,DMHDDSUS,7,"DMHDDSUS already leads suicide prevention and crisis services, but this is an investigator-initiated research grant requiring evaluation research capacity.","The grant supports evaluation research rather than direct program implementation, so NCDHHS would need research/evaluation infrastructure or an academic partner to compete.",True,"CDC research grant to evaluate youth suicide prevention approaches; fits DMHDDSUS suicide prevention and crisis work, though it funds evaluation rather than services.",[],True,True,lead,deepseek/deepseek-v4-pro,92b0344f579a,True,10.0,0.0,0.85,0.0,0.0,72.63,forecast_watchlist
62,17ca70e3-ccb8-46b3-98ec-2808f8673f84,Healthy Tomorrows Partnership for Children Program (HTPCP),forecast,True,False,,17ca70e3-ccb8-46b3-98ec-2808f8673f84,HRSA-27-033,forecasted,HHS-HRSA,discretionary,,2026-08-11,,,2028-09-01,True,5.0,375000.0,75000.0,75000.0,,,93.110|Special Projects of Regional and National Significance,grant,health,,for_profit_organizations_other_than_small_businesses;special_district_governments;nonprofits_non_higher_education_with_501c3;nonprofits_non_higher_education_without_501c3;state_governments;independent_school_districts;private_institutions_of_higher_education;federally_recognized_native_american_tribal_governments;public_and_state_institutions_of_higher_education;city_or_township_governments;county_governments;other_native_american_tribal_organizations,,Health Resources and Services Administration,Department of Health and Human Services,"Healthy Tomorrows Partnership for Children Program
301-443-6825",HealthyTomorrows@hrsa.gov,Maternal and Child Health Bureau – Division of Maternal and Child Health Workforce Development,2026-11-06,2027-01-20,"Electronically submitted applications must be submitted no later than 11:59 p.m., ET, on the listed application due date.",2027-06-01,2027-07-01,2027.0,,,https://simpler.grants.gov/opportunity/17ca70e3-ccb8-46b3-98ec-2808f8673f84,"<p><span style=""background-color:rgba(0,0,0,0);"">The purpose of the Healthy Tomorrows Partnership for Children Program (HTPCP) is to support community-based projects that promote access to preventive clinical and public health services for children.</span></p>",The purpose of the Healthy Tomorrows Partnership for Children Program (HTPCP) is to support community-based projects that promote access to preventive clinical and public health services for children.,"Healthy Tomorrows Partnership for Children Program (HTPCP)
The purpose of the Healthy Tomorrows Partnership for Children Program (HTPCP) is to support community-based projects that promote access to preventive clinical and public health services for children.
",False,,,False,False,False,False,False,False,,False,37.0,False,False,False,False,False,False,False,False,75000.0,award_ceiling,75000.0,True,False,False,False,False,False,0.0,False,,True,False,True,True,True,True,True,True,False,False,False,12,False,True,,False,False,False,False,1,True,False,False,,True,False,False,True,,2026-09-30,2026-08-18,Healthy Tomorrows Partnership for Children Program (HTPCP),forecast,ok,8,G1,G1.O3,"The grant funds community-based projects that promote access to preventive clinical and public health services for children, which directly supports work to mitigate barriers to health services under G1.O3.",support community-based projects that promote access to preventive clinical and public health services for children,lead,state_governments,DPH,9,"DPH already oversees maternal and child health, preventive services, and local health department partnerships, so this grant is an extension of existing public health work.","HRSA's community-based emphasis may make NCDHHS a less natural lead than a local health department or community organization, and the summary lacks details on required partnerships.",True,Aligns with G1.O3 by promoting children's access to preventive clinical and public health services; DPH could lead with local partners.,[],True,True,lead,deepseek/deepseek-v4-pro,92b0344f579a,True,10.0,0.0,0.85,0.0,0.0,72.35,forecast_watchlist
63,2f432d16-a0c0-4144-9ec0-d79c6a65fc4d,Rigorously Evaluating Approaches to Prevent Child Sexual Abuse and Problematic Sexual Behavior among Youth,forecast,True,False,,2f432d16-a0c0-4144-9ec0-d79c6a65fc4d,RFA-CE-27-016,forecasted,HHS-CDC-HHSCDCERA,discretionary,,2026-07-10,,,2027-01-02,False,3.0,4800000.0,0.0,400000.0,,,93.136|Injury Prevention and Control Research and State and Community Based Programs,grant,health,,state_governments;special_district_governments;nonprofits_non_higher_education_without_501c3;federally_recognized_native_american_tribal_governments;nonprofits_non_higher_education_with_501c3;other;public_and_state_institutions_of_higher_education;unrestricted;public_and_indian_housing_authorities;private_institutions_of_higher_education;for_profit_organizations_other_than_small_businesses;other_native_american_tribal_organizations;small_businesses;independent_school_districts;city_or_township_governments;county_governments,Additional information to be provided in the NOFO.,Centers for Disease Control and Prevention - ERA,Department of Health and Human Services,"Dr. Candis M. Hunter
770-488-1347",ncipc_erpo@cdc.gov,ncipc_erpo@cdc.gov,2026-10-01,2026-12-01,Electronically submitted applications must be submitted no later than 11:59 pm ET on the listed application due date.,2027-08-29,2027-09-30,2027.0,,,https://simpler.grants.gov/opportunity/2f432d16-a0c0-4144-9ec0-d79c6a65fc4d,"<p>The Centers for Disease Control and Prevention's&nbsp;(CDC)&nbsp;National Center for Injury Prevention and Control (NCIPC) is&nbsp;soliciting&nbsp;investigator-initiated gold standard research proposals to rigorously evaluate programs and policies for their impact on primary prevention of child sexual abuse (CSA) or problematic sexual behavior (PSB) among youth. For the purposes of this NOFO:</p><ul><li data-list-item-id=""ed4b7e5d6ad5a3dd9102950b20b41e1a6"">CSA is defined as sexual victimization during childhood (younger than 18 years of age) perpetrated by an adult.</li><li data-list-item-id=""ed188d662b8149d8f1d09c28e3f4ae1f5"">PSB is defined as sexual behaviors among children (younger than&nbsp;18 years of age) that are not developmentally&nbsp;appropriate&nbsp;and have the potential to cause harm to the child or children involved (including behaviors that are unintentionally harmful or inappropriate as well as behaviors intended to cause harm).</li></ul><p>Research funded under this announcement will strengthen the evidence base for primary prevention of CSA and PSB.</p><p>Applicants must&nbsp;propose to&nbsp;rigorously evaluate a program or policy for primary prevention of CSA or PSB that addresses&nbsp;one&nbsp;of the following three research priorities:</p><ol><li data-list-item-id=""e80a909d715e8ebf71937bc5ab72f68ad"">Programs or policies focused on primary prevention of CSA or PSB in digital spaces (e.g., downloading or possession of illegal images of children, nonconsensual image sharing, use of artificial intelligence to create fake explicit images of children);</li><li data-list-item-id=""e7fd9ba6ca9a2e23a3d15bf42f0dcd0a5"">Programs or policies addressing the use of digital spaces for commercial sexual exploitation of children (CSEC) or sex trafficking (e.g., online recruitment of minors for sexual content creation, online advertisements&nbsp;soliciting&nbsp;minors for commercial sex acts, using technology to&nbsp;facilitate&nbsp;in-person meetings with minors for the purpose of sex);</li><li data-list-item-id=""eec59608285e0578a380aace0d4875e6a"">Organizational policy approaches focused on primary prevention of CSA or PSB in youth-serving organizations (e.g., community centers, youth development organizations, juvenile residential care facilities, faith-based organizations, group foster care).&nbsp;&nbsp;</li></ol>","The Centers for Disease Control and Prevention's (CDC) National Center for Injury Prevention and Control (NCIPC) is soliciting investigator-initiated gold standard research proposals to rigorously evaluate programs and policies for their impact on primary prevention of child sexual abuse (CSA) or problematic sexual behavior (PSB) among youth. For the purposes of this NOFO:
  CSA is defined as sexual victimization during childhood (younger than 18 years of age) perpetrated by an adult.
 PSB is defined as sexual behaviors among children (younger than 18 years of age) that are not developmentally appropriate and have the potential to cause harm to the child or children involved (including behaviors that are unintentionally harmful or inappropriate as well as behaviors intended to cause harm).
  Research funded under this announcement will strengthen the evidence base for primary prevention of CSA and PSB.
 Applicants must propose to rigorously evaluate a program or policy for primary prevention of CSA or PSB that addresses one of the following three research priorities:
  Programs or policies focused on primary prevention of CSA or PSB in digital spaces (e.g., downloading or possession of illegal images of children, nonconsensual image sharing, use of artificial intelligence to create fake explicit images of children);
 Programs or policies addressing the use of digital spaces for commercial sexual exploitation of children (CSEC) or sex trafficking (e.g., online recruitment of minors for sexual content creation, online advertisements soliciting minors for commercial sex acts, using technology to facilitate in-person meetings with minors for the purpose of sex);
 Organizational policy approaches focused on primary prevention of CSA or PSB in youth-serving organizations (e.g., community centers, youth development organizations, juvenile residential care facilities, faith-based organizations, group foster care).","Rigorously Evaluating Approaches to Prevent Child Sexual Abuse and Problematic Sexual Behavior among Youth
The Centers for Disease Control and Prevention's (CDC) National Center for Injury Prevention and Control (NCIPC) is soliciting investigator-initiated gold standard research proposals to rigorously evaluate programs and policies for their impact on primary prevention of child sexual abuse (CSA) or problematic sexual behavior (PSB) among youth. For the purposes of this NOFO:
  CSA is defined as sexual victimization during childhood (younger than 18 years of age) perpetrated by an adult.
 PSB is defined as sexual behaviors among children (younger than 18 years of age) that are not developmentally appropriate and have the potential to cause harm to the child or children involved (including behaviors that are unintentionally harmful or inappropriate as well as behaviors intended to cause harm).
  Research funded under this announcement will strengthen the evidence base for primary prevention of CSA and PSB.
 Applicants must propose to rigorously evaluate a program or policy for primary prevention of CSA or PSB that addresses one of the following three research priorities:
  Programs or policies focused on primary prevention of CSA or PSB in digital spaces (e.g., downloading or possession of illegal images of children, nonconsensual image sharing, use of artificial intelligence to create fake explicit images of children);
 Programs or policies addressing the use of digital spaces for commercial sexual exploitation of children (CSEC) or sex trafficking (e.g., online recruitment of minors for sexual content creation, online advertisements soliciting minors for commercial sex acts, using technology to facilitate in-person meetings with minors for the purpose of sex);
 Organizational policy approaches focused on primary prevention of CSA or PSB in youth-serving organizations (e.g., community centers, youth development organizations, juvenile residential care facilities, faith-based organizations, group foster care).
Additional information to be provided in the NOFO.",False,,,False,False,False,False,False,False,,False,1.0,False,False,False,False,False,False,False,False,1600000.0,award_ceiling,400000.0,True,False,False,True,False,False,3.01,False,,False,False,True,True,True,True,True,True,False,True,True,16,False,True,,False,False,False,False,1,True,False,False,,True,False,False,False,,2026-09-30,2026-08-18,Rigorously Evaluating Approaches to Prevent Child Sexual Abuse and Problematic Sexual Behavior among Youth,forecast,ok,8,G2,G2.O2,"The grant funds rigorous evaluation of child sexual abuse and problematic sexual behavior prevention programs and policies in youth-serving organizations, including group foster care, directly supporting child welfare safety and well-being.",rigorously evaluate programs and policies for their impact on primary prevention of child sexual abuse (CSA) or problematic sexual behavior (PSB) among youth,lead,state_governments,DSS,7,"DSS oversees child welfare and foster care and can partner with researchers to evaluate prevention policies in youth-serving settings, though it is not primarily a research division.","It is an investigator-initiated research grant rather than direct service funding, so it cannot pay for child welfare services and requires substantial evaluation and research capacity.",True,"CDC research grant to evaluate prevention of child sexual abuse and problematic sexual behavior aligns with DSS child welfare safety and foster care, but is research, not direct services.",[],True,True,lead,deepseek/deepseek-v4-pro,92b0344f579a,True,10.0,0.0,0.85,0.0,0.0,71.78,forecast_watchlist
64,f2ea8925-6244-47e8-8de5-ffe0007096e7,Preventing Violence Affecting Young Lives (PREVAYL 2.0),forecast,True,False,,f2ea8925-6244-47e8-8de5-ffe0007096e7,CDC-RFA-CE-27-0052,forecasted,HHS-CDC-NCIPC,discretionary,,2026-08-17,,,2027-06-02,False,10.0,2250000.0,450000.0,450000.0,,,93.136|Injury Prevention and Control Research and State and Community Based Programs,cooperative_agreement,health,,state_governments;county_governments;city_or_township_governments,,Centers for Disease Control - NCIPC,Department of Health and Human Services,"Ayana Stanley
770-488-3906",ing9@cdc.gov,ing9@cdc.gov,2027-03-03,2027-05-03,Electronically submitted applications must be submitted no later than 11:59 pm ET on the listed application due date.,2027-07-26,2027-09-01,2027.0,,,https://simpler.grants.gov/opportunity/f2ea8925-6244-47e8-8de5-ffe0007096e7,"<p style=""margin-left:0px;"">The purpose of this NOFO is to provide multiyear funding to state, territorial, tribal, and local health departments to <strong>implement and evaluate comprehensive primary prevention strategies that prevent multiple forms of violence</strong> and promote healthy development among adolescents and young adults. Building on the prior PREVAYL cooperative agreement, this NOFO emphasizes:&nbsp;</p><p style=""margin-left:0px;"">&nbsp;</p><ul style=""list-style-type:disc;margin-left:0px;""><li style=""margin-left:0px;"" data-list-item-id=""e00d033b2d5eb49d093b2e876632bdb92""><p style=""margin-left:0px;"">Improving <strong>data-driven decision-making</strong>, including surveillance, data linkage, and use of real-time data for prevention, evaluation and implementation science&nbsp;</p></li><li style=""margin-left:0px;"" data-list-item-id=""e00889545999c8e496f431b111259d8a2""><p style=""margin-left:0px;"">Building capacity and strengthening implementation and reach of evidence-based prevention strategies that address <strong>shared risk and protective factors</strong>&nbsp;</p></li><li style=""margin-left:0px;"" data-list-item-id=""e1393be9338f280fbf28b45e09da7c50b""><p style=""margin-left:0px;"">Advancing whole-child and whole-community violence prevention approaches that integrate <strong>youth mental health</strong> and <strong>family support</strong> strategies&nbsp;</p></li><li style=""margin-left:0px;"" data-list-item-id=""e00d3f7091d32818e01777f5395f85bc9""><p style=""margin-left:0px;"">Engaging in strategic collaboration through <strong>multisector partnerships</strong> to facilitate youth engagement, and build and support a skilled violence prevention workforce&nbsp;</p></li><li style=""margin-left:0px;"" data-list-item-id=""e80ec7a8032069bd5040ac9fbbb078e1b""><p style=""margin-left:0px;"">Prioritizing primary prevention of <strong>multiple forms of violence impacting youth </strong>including interpersonal violence, intimate partner/teen dating violence, bullying, community-based violence, online/technology-facilitated violence, and adverse childhood experiences (ACEs)&nbsp;</p></li></ul>","The purpose of this NOFO is to provide multiyear funding to state, territorial, tribal, and local health departments to  implement and evaluate comprehensive primary prevention strategies that prevent multiple forms of violence  and promote healthy development among adolescents and young adults. Building on the prior PREVAYL cooperative agreement, this NOFO emphasizes: 
  
   Improving  data-driven decision-making , including surveillance, data linkage, and use of real-time data for prevention, evaluation and implementation science 

  Building capacity and strengthening implementation and reach of evidence-based prevention strategies that address  shared risk and protective factors  

  Advancing whole-child and whole-community violence prevention approaches that integrate  youth mental health  and  family support  strategies 

  Engaging in strategic collaboration through  multisector partnerships  to facilitate youth engagement, and build and support a skilled violence prevention workforce 

  Prioritizing primary prevention of  multiple forms of violence impacting youth  including interpersonal violence, intimate partner/teen dating violence, bullying, community-based violence, online/technology-facilitated violence, and adverse childhood experiences (ACEs)","Preventing Violence Affecting Young Lives (PREVAYL 2.0)
The purpose of this NOFO is to provide multiyear funding to state, territorial, tribal, and local health departments to  implement and evaluate comprehensive primary prevention strategies that prevent multiple forms of violence  and promote healthy development among adolescents and young adults. Building on the prior PREVAYL cooperative agreement, this NOFO emphasizes: 
  
   Improving  data-driven decision-making , including surveillance, data linkage, and use of real-time data for prevention, evaluation and implementation science 

  Building capacity and strengthening implementation and reach of evidence-based prevention strategies that address  shared risk and protective factors  

  Advancing whole-child and whole-community violence prevention approaches that integrate  youth mental health  and  family support  strategies 

  Engaging in strategic collaboration through  multisector partnerships  to facilitate youth engagement, and build and support a skilled violence prevention workforce 

  Prioritizing primary prevention of  multiple forms of violence impacting youth  including interpersonal violence, intimate partner/teen dating violence, bullying, community-based violence, online/technology-facilitated violence, and adverse childhood experiences (ACEs)
",False,,,False,False,False,False,False,False,,False,154.0,False,False,False,False,False,False,False,False,225000.0,award_ceiling,450000.0,True,False,False,False,False,False,3.27,False,,False,False,True,True,False,False,False,False,False,False,False,3,False,False,,False,False,False,False,1,True,False,False,,True,False,False,True,,2026-09-30,2026-08-18,Preventing Violence Affecting Young Lives (PREVAYL 2.0),forecast,ok,7,G2,G2.O1,"The NOFO funds youth violence prevention and healthy development by integrating youth mental health and family support strategies, directly supporting behavioral and mental health needs of children and families.",Advancing whole-child and whole-community violence prevention approaches that integrate  youth mental health  and  family support  strategies,lead,"state, territorial, tribal, and local health departments",DPH,8,"DPH already leads state and local public health prevention, epidemiology, and surveillance, so implementing and evaluating a youth violence prevention cooperative agreement is an extension of its public health prevention role, with mental health components requiring cross-division coordination.","The broad multi-form violence prevention scope plus required surveillance, data linkage, evaluation, and multisector partnerships could create a heavy coordination and data burden for DPH without dedicated staffing.",True,"CDC funds state health departments to prevent youth violence and integrate youth mental health, fitting DPH prevention expertise and G2.O1 child/family mental health goals.",[],True,True,lead,deepseek/deepseek-v4-pro,92b0344f579a,True,10.0,0.0,0.85,0.0,0.0,71.65,forecast_watchlist
65,9accc70c-9683-4b78-bb7b-e8fdbcff1b47,Health Workforce Research Center (HWRC),forecast,True,False,,9accc70c-9683-4b78-bb7b-e8fdbcff1b47,HRSA-27-058,forecasted,HHS-HRSA,discretionary,,2026-07-08,,,2027-09-30,False,11.0,4950000.0,450000.0,900000.0,,,93.300|National Center for Health Workforce Analysis,cooperative_agreement,health,,other;private_institutions_of_higher_education;public_and_state_institutions_of_higher_education;state_governments,-State workforce investment board-Public health or health professions school-Academic health center-Appropriate public or private nonprofit entity,Health Resources and Services Administration,Department of Health and Human Services,"Yahtyng Sheu, PhD
301-443-1426",YSheu@hrsa.gov,YSheu@hrsa.gov,2027-01-08,2027-03-09,"Electronically submitted applications must be submitted no later than 11:59 p.m., ET, on the listed application due date.",2027-07-30,2027-09-01,2027.0,,,https://simpler.grants.gov/opportunity/9accc70c-9683-4b78-bb7b-e8fdbcff1b47,"<p style=""margin-left:0in;"">The Health Workforce Research Centers support research that helps decision-makers at the federal, state, and local levels understand health workforce needs.&nbsp;</p>","The Health Workforce Research Centers support research that helps decision-makers at the federal, state, and local levels understand health workforce needs.","Health Workforce Research Center (HWRC)
The Health Workforce Research Centers support research that helps decision-makers at the federal, state, and local levels understand health workforce needs.
-State workforce investment board-Public health or health professions school-Academic health center-Appropriate public or private nonprofit entity",False,,,False,False,False,False,False,False,,False,100.0,False,False,False,False,False,False,False,False,450000.0,award_ceiling,900000.0,True,False,False,False,False,False,4.77,False,,False,False,True,False,True,False,False,False,False,False,True,4,False,False,,False,False,False,False,1,True,False,False,,True,False,False,False,,2026-09-30,2026-08-18,Health Workforce Research Center (HWRC),forecast,ok,7,G4,G4.O4,"By funding research that helps state and local decision-makers understand health workforce needs, this grant advances G4.O4 to support the public health and child welfare workforce at state and local levels.","The Health Workforce Research Centers support research that helps decision-makers at the federal, state, and local levels understand health workforce needs.",lead,state_governments,ORH,7,"ORH already tracks health workforce shortage areas and supports safety-net providers, so a health workforce research center fits its existing role, though it may need an academic partner.","As a cooperative agreement research center, the award likely expects a national academic research infrastructure and may be a poor fit for a state operating agency without a university partner.",True,"Funds health workforce research that supports state workforce planning and rural shortage analysis, but likely fits academic partners; ORH should explore a partnered proposal.",[],True,True,lead,deepseek/deepseek-v4-pro,92b0344f579a,True,10.0,0.0,0.85,0.0,0.0,71.36,forecast_watchlist
66,5f45c3a4-a418-4723-948a-6643b32cba1a,Long-term health outcomes of people living with spina bifida,forecast,True,False,,5f45c3a4-a418-4723-948a-6643b32cba1a,CDC-RFA-DD-26-0222,forecasted,HHS-CDC-NCBDDD,discretionary,,2025-12-12,,,2026-11-25,False,19.0,3000000.0,100000.0,300000.0,,,93.073|Birth Defects and Developmental Disabilities - Prevention and Surveillance,cooperative_agreement,health,,county_governments;nonprofits_non_higher_education_without_501c3;city_or_township_governments;for_profit_organizations_other_than_small_businesses;nonprofits_non_higher_education_with_501c3;independent_school_districts;state_governments;small_businesses;special_district_governments;private_institutions_of_higher_education;public_and_state_institutions_of_higher_education;federally_recognized_native_american_tribal_governments,,Centers for Disease Control - NCBDDD,Department of Health and Human Services,"Stephanie Griswold
404-718-2623",eut6@cdc.gov,eut6@cdc.gov,2026-08-26,2026-10-26,Electronically submitted applications must be submitted no later than 11:59 pm ET on the listed application due date.,2027-01-15,2027-09-01,2026.0,,,https://simpler.grants.gov/opportunity/5f45c3a4-a418-4723-948a-6643b32cba1a,"<p>The purpose of component A (8-11 awardees) of this NOFO is to collect high-quality longitudinal data on children and adults with spina bifida (SB) who receive care in specialized spina bifida clinics participating in the National Spina Bifida Patient Registry (NSBPR). The purpose of component B (6-8 awardees) is to implement and evaluate the Urologic Management to Preserve Initial Renal Function Protocol for Young Children with Spina Bifida (UMPIRE) iterative protocol which aims to improve the management of the urinary and kidney systems in infants and young children with myelomeningocele. Building on existing longitudinal data collection, recipients will continue to collect data on patients with SB to better understand health outcomes after interventions and treatments, analyze the data and share findings to identify opportunities for improvement of care. An additional objective for Component B is to finalize the UMPIRE protocol for children 0-10 years old with myelomeningocele. Sources of data are specialty clinics that care for pediatric and adult patients with SB</p>","The purpose of component A (8-11 awardees) of this NOFO is to collect high-quality longitudinal data on children and adults with spina bifida (SB) who receive care in specialized spina bifida clinics participating in the National Spina Bifida Patient Registry (NSBPR). The purpose of component B (6-8 awardees) is to implement and evaluate the Urologic Management to Preserve Initial Renal Function Protocol for Young Children with Spina Bifida (UMPIRE) iterative protocol which aims to improve the management of the urinary and kidney systems in infants and young children with myelomeningocele. Building on existing longitudinal data collection, recipients will continue to collect data on patients with SB to better understand health outcomes after interventions and treatments, analyze the data and share findings to identify opportunities for improvement of care. An additional objective for Component B is to finalize the UMPIRE protocol for children 0-10 years old with myelomeningocele. Sources of data are specialty clinics that care for pediatric and adult patients with SB","Long-term health outcomes of people living with spina bifida
The purpose of component A (8-11 awardees) of this NOFO is to collect high-quality longitudinal data on children and adults with spina bifida (SB) who receive care in specialized spina bifida clinics participating in the National Spina Bifida Patient Registry (NSBPR). The purpose of component B (6-8 awardees) is to implement and evaluate the Urologic Management to Preserve Initial Renal Function Protocol for Young Children with Spina Bifida (UMPIRE) iterative protocol which aims to improve the management of the urinary and kidney systems in infants and young children with myelomeningocele. Building on existing longitudinal data collection, recipients will continue to collect data on patients with SB to better understand health outcomes after interventions and treatments, analyze the data and share findings to identify opportunities for improvement of care. An additional objective for Component B is to finalize the UMPIRE protocol for children 0-10 years old with myelomeningocele. Sources of data are specialty clinics that care for pediatric and adult patients with SB
",False,,,False,False,False,False,False,False,,False,-35.0,True,False,True,False,False,False,False,False,157894.73684210525,award_ceiling,300000.0,True,False,False,False,False,False,2.39,False,,False,False,True,True,True,True,True,True,False,False,False,12,False,True,,False,False,False,False,1,True,False,False,,True,False,False,True,,2026-09-30,2026-08-18,Long-term health outcomes of people living with spina bifida,forecast,ok,8,G1,G1.O2,"The grant funds longitudinal data collection and analysis on health outcomes for people with spina bifida, which supports tracking disparities and outcomes for a population facing greater health challenges.",collect high-quality longitudinal data on children and adults with spina bifida (SB) who receive care in specialized spina bifida clinics participating in the National Spina Bifida Patient Registry (NSBPR),lead,state_governments,DPH,7,"DPH already conducts birth defects surveillance and epidemiology, so managing or coordinating spina bifida registry data is an extension of its existing role.","Success depends on recruiting and retaining specialized spina bifida clinics already participating in the NSBPR, which NCDHHS does not directly operate.",True,This CDC cooperative agreement funds spina bifida registry data to improve care; it fits DPH surveillance and health access data goals.,[],True,True,lead,deepseek/deepseek-v4-pro,92b0344f579a,True,10.0,0.0,0.85,0.0,0.0,70.69,forecast_watchlist
67,14c2b96f-e210-4856-8901-f8278996198a,NARMS Cooperative Agreement Program to Strengthen Antibiotic Resistance Surveillance in Retail Food Specimens,forecast,True,False,,14c2b96f-e210-4856-8901-f8278996198a,FOR-FD-25-014,forecasted,HHS-FDA,discretionary,,2024-11-05,,,,False,30.0,,,4500000.0,,,93.103|Food and Drug Administration Research,cooperative_agreement,food_and_nutrition;agriculture;consumer_protection,,unrestricted;for_profit_organizations_other_than_small_businesses;special_district_governments;private_institutions_of_higher_education;independent_school_districts;small_businesses;city_or_township_governments;county_governments;other_native_american_tribal_organizations;state_governments;nonprofits_non_higher_education_with_501c3;nonprofits_non_higher_education_without_501c3;public_and_indian_housing_authorities;public_and_state_institutions_of_higher_education;federally_recognized_native_american_tribal_governments,,Food and Drug Administration,Department of Health and Human Services,"Terrin Brown
Grantor
2404027610",terrin.brown@fda.hhs.gov,terrin.brown@fda.hhs.gov,,,,,,2025.0,,,https://simpler.grants.gov/opportunity/14c2b96f-e210-4856-8901-f8278996198a,"<p>This Funding Opportunity Announcement (FOA) issued by the Food and Drug Administration (FDA), Center for Veterinary Medicine (CVM), builds upon the National Antimicrobial Resistance Monitoring System (NARMS) which was initiated in 1996 as one of the key activities in a national action plan to combat antibiotic resistance threats. The purpose of this FOA is to protect and promote public health by enhancing, strengthening and sustaining antibiotic resistance monitoring in retail food specimens within the NARMS program. The NARMS cooperative agreements is intended to improve the detection of antibiotic resistance among bacteria in food commodities, as well as expand to new sites to expand the scope of sampling. Measurable outcomes of the program will be in alignment with the NARMS Objectives.</p>","This Funding Opportunity Announcement (FOA) issued by the Food and Drug Administration (FDA), Center for Veterinary Medicine (CVM), builds upon the National Antimicrobial Resistance Monitoring System (NARMS) which was initiated in 1996 as one of the key activities in a national action plan to combat antibiotic resistance threats. The purpose of this FOA is to protect and promote public health by enhancing, strengthening and sustaining antibiotic resistance monitoring in retail food specimens within the NARMS program. The NARMS cooperative agreements is intended to improve the detection of antibiotic resistance among bacteria in food commodities, as well as expand to new sites to expand the scope of sampling. Measurable outcomes of the program will be in alignment with the NARMS Objectives.","NARMS Cooperative Agreement Program to Strengthen Antibiotic Resistance Surveillance in Retail Food Specimens
This Funding Opportunity Announcement (FOA) issued by the Food and Drug Administration (FDA), Center for Veterinary Medicine (CVM), builds upon the National Antimicrobial Resistance Monitoring System (NARMS) which was initiated in 1996 as one of the key activities in a national action plan to combat antibiotic resistance threats. The purpose of this FOA is to protect and promote public health by enhancing, strengthening and sustaining antibiotic resistance monitoring in retail food specimens within the NARMS program. The NARMS cooperative agreements is intended to improve the detection of antibiotic resistance among bacteria in food commodities, as well as expand to new sites to expand the scope of sampling. Measurable outcomes of the program will be in alignment with the NARMS Objectives.
",False,,,False,False,False,False,False,False,,True,,False,False,False,False,False,False,False,False,,award_ceiling,4500000.0,True,False,True,False,False,False,8.27,False,,False,False,True,True,True,True,True,True,False,True,False,15,False,True,,False,False,False,False,1,True,False,False,,True,False,False,True,,2026-09-30,2026-08-18,NARMS Cooperative Agreement Program to Strengthen Antibiotic Resistance Surveillance in Retail Food Specimens,forecast,ok,4,G5,G5.O1,"The grant funds a structured surveillance system that produces antimicrobial resistance data for public health decisions, supporting data-driven decision-making.","enhancing, strengthening and sustaining antibiotic resistance monitoring in retail food specimens within the NARMS program",lead,state_governments,DPH,8,"DPH already operates statewide disease surveillance, epidemiology, and laboratory services, so it could run retail food antibiotic resistance monitoring as an extension of its existing laboratory and epidemiology work.","It is a narrow, federally prescribed sampling and reporting program that may draw DPH laboratory and epidemiology capacity without directly advancing a named NCDHHS strategic objective.",True,"Fits DPH's existing disease surveillance and laboratory role in tracking antibiotic-resistant foodborne pathogens, though it does not map cleanly to a named strategic objective.",[],True,True,lead,deepseek/deepseek-v4-pro,92b0344f579a,True,10.0,0.0,0.85,0.0,0.0,69.89,forecast_watchlist
68,661eb5ae-2b77-4338-ae39-4405de5c59b0,CDC National Centers of Excellence in Youth Violence Prevention (YVPCs): Rigorous Evaluation of Prevention Approaches to Prevent and Reduce Youth Violence,forecast,True,False,,661eb5ae-2b77-4338-ae39-4405de5c59b0,RFA-CE-27-013,forecasted,HHS-CDC-HHSCDCERA,discretionary,,2026-07-02,,,2027-01-02,False,5.0,30000000.0,0.0,1200000.0,,,93.136|Injury Prevention and Control Research and State and Community Based Programs,grant,health,,nonprofits_non_higher_education_without_501c3;private_institutions_of_higher_education;for_profit_organizations_other_than_small_businesses;public_and_state_institutions_of_higher_education;other;state_governments;public_and_indian_housing_authorities;independent_school_districts;city_or_township_governments;special_district_governments;unrestricted;county_governments;small_businesses;nonprofits_non_higher_education_with_501c3;other_native_american_tribal_organizations;federally_recognized_native_american_tribal_governments,Additional Eligibility Information to be included in the NOFO,Centers for Disease Control and Prevention - ERA,Department of Health and Human Services,"Joyce Dieterly
404-718-5301",ncipc_erpo@cdc.gov,ncipc_erpo@cdc.gov,2026-10-01,2026-12-01,Electronically submitted applications must be submitted no later than 11:59 pm ET on the listed application due date.,2027-08-28,2027-09-30,2027.0,,,https://simpler.grants.gov/opportunity/661eb5ae-2b77-4338-ae39-4405de5c59b0,"<p>The Centers for Disease Control and Prevention’s (CDC) National Center for Injury Prevention and Control (NCIPC) seeks investigator-initiated research proposals to expand the evidence base for the prevention of&nbsp;violence&nbsp;among youth aged 10 to 24 years.</p><p>The purpose of this announcement is to fund the National Centers of Excellence in Youth Violence Prevention (or Youth Violence Prevention Centers; YVPCs) to continue to build the evidence-base for youth violence prevention approaches, build strong community collaboration and engagement to inform the research, and support&nbsp;training for early career researchers.&nbsp; The proposed YVPCs should focus activities on communities with rates of youth violence that are higher than the national average.</p><p>The YVPCs will address four core elements:<strong>&nbsp;</strong>1) Administrative Capacity:<strong>&nbsp;</strong>YPCS should&nbsp;establish a strong<strong>&nbsp;</strong>administrative infrastructure within the YVPC to support the effective implementation and evaluation of prevention approaches and the translation and dissemination of results.<strong>&nbsp;</strong>2) Research and Rigorous Evaluation: YVPCs should conduct a rigorous evaluation of at least two distinct violence prevention approaches. These approaches must address at least two of the priority research areas specified in the funding announcement to reduce rates of youth violence in the selected communities.&nbsp;3) Collaboration and Engagement: YVPCs should foster partnerships with local organizations and individuals who can provide insights and guidance to inform prevention and research activities. They should actively engage in efforts to share knowledge and collaborate on youth violence prevention efforts and establish a youth advisory council in each intervention community.<strong>&nbsp;</strong>4) Training and Education: YVPCs should integrate training activities for early career researchers in youth violence prevention. These activities should complement the YVPC’s implementation, evaluation, and research efforts and foster collaboration and engagement.</p>","The Centers for Disease Control and Prevention’s (CDC) National Center for Injury Prevention and Control (NCIPC) seeks investigator-initiated research proposals to expand the evidence base for the prevention of violence among youth aged 10 to 24 years.
 The purpose of this announcement is to fund the National Centers of Excellence in Youth Violence Prevention (or Youth Violence Prevention Centers; YVPCs) to continue to build the evidence-base for youth violence prevention approaches, build strong community collaboration and engagement to inform the research, and support training for early career researchers.  The proposed YVPCs should focus activities on communities with rates of youth violence that are higher than the national average.
 The YVPCs will address four core elements:   1) Administrative Capacity:   YPCS should establish a strong   administrative infrastructure within the YVPC to support the effective implementation and evaluation of prevention approaches and the translation and dissemination of results.   2) Research and Rigorous Evaluation: YVPCs should conduct a rigorous evaluation of at least two distinct violence prevention approaches. These approaches must address at least two of the priority research areas specified in the funding announcement to reduce rates of youth violence in the selected communities. 3) Collaboration and Engagement: YVPCs should foster partnerships with local organizations and individuals who can provide insights and guidance to inform prevention and research activities. They should actively engage in efforts to share knowledge and collaborate on youth violence prevention efforts and establish a youth advisory council in each intervention community.   4) Training and Education: YVPCs should integrate training activities for early career researchers in youth violence prevention. These activities should complement the YVPC’s implementation, evaluation, and research efforts and foster collaboration and engagement.","CDC National Centers of Excellence in Youth Violence Prevention (YVPCs): Rigorous Evaluation of Prevention Approaches to Prevent and Reduce Youth Violence
The Centers for Disease Control and Prevention’s (CDC) National Center for Injury Prevention and Control (NCIPC) seeks investigator-initiated research proposals to expand the evidence base for the prevention of violence among youth aged 10 to 24 years.
 The purpose of this announcement is to fund the National Centers of Excellence in Youth Violence Prevention (or Youth Violence Prevention Centers; YVPCs) to continue to build the evidence-base for youth violence prevention approaches, build strong community collaboration and engagement to inform the research, and support training for early career researchers.  The proposed YVPCs should focus activities on communities with rates of youth violence that are higher than the national average.
 The YVPCs will address four core elements:   1) Administrative Capacity:   YPCS should establish a strong   administrative infrastructure within the YVPC to support the effective implementation and evaluation of prevention approaches and the translation and dissemination of results.   2) Research and Rigorous Evaluation: YVPCs should conduct a rigorous evaluation of at least two distinct violence prevention approaches. These approaches must address at least two of the priority research areas specified in the funding announcement to reduce rates of youth violence in the selected communities. 3) Collaboration and Engagement: YVPCs should foster partnerships with local organizations and individuals who can provide insights and guidance to inform prevention and research activities. They should actively engage in efforts to share knowledge and collaborate on youth violence prevention efforts and establish a youth advisory council in each intervention community.   4) Training and Education: YVPCs should integrate training activities for early career researchers in youth violence prevention. These activities should complement the YVPC’s implementation, evaluation, and research efforts and foster collaboration and engagement.
Additional Eligibility Information to be included in the NOFO",False,,,False,False,False,False,False,False,,False,1.0,False,False,False,False,False,False,False,False,6000000.0,award_ceiling,1200000.0,True,False,True,False,False,False,5.4,False,,False,False,True,True,True,True,True,True,False,True,True,16,False,True,,False,False,False,False,1,True,False,False,,True,False,False,False,,2026-09-30,2026-08-18,CDC National Centers of Excellence in Youth Violence Prevention (YVPCs): Rigorous Evaluation of Prevention Approaches to Prevent and Reduce Youth Violence,forecast,ok,5,G2,none,"The grant funds prevention of violence among youth aged 10 to 24 years, which advances the broad child and family safety and well-being goal under G2, though it does not map directly to a named objective.",expand the evidence base for the prevention of violence among youth aged 10 to 24 years,lead,state_governments,DPH,8,"DPH already houses injury and violence prevention and epidemiology functions, so it could coordinate the community-focused evaluation and partnerships, likely with academic collaborators.","This is an investigator-initiated research center grant, so without an academic research partner NCDHHS may struggle to compete and comply with the rigorous evaluation requirements.",True,Fits DPH injury and violence prevention and G2 child well-being; research-heavy center grant likely requires academic partners.,"[""The proposed YVPCs should focus activities on communities with rates of youth violence that are higher than the national average."", ""YVPCs should conduct a rigorous evaluation of at least two distinct violence prevention approaches."", ""These approaches must address at least two of the priority research areas specified in the funding announcement to reduce rates of youth violence in the selected communities."", ""establish a youth advisory council in each intervention community"", ""YVPCs should integrate training activities for early career researchers in youth violence prevention.""]",True,True,lead,deepseek/deepseek-v4-pro,92b0344f579a,True,10.0,0.0,0.85,0.0,0.0,68.35,forecast_watchlist
69,785bf1c9-11f8-4133-b550-70bcd2df50a2,National Training Center for Title X and Teen Pregnancy Prevention (TPP),forecast,True,False,,785bf1c9-11f8-4133-b550-70bcd2df50a2,AH-TPS-25-001,forecasted,HHS-OPHS,discretionary,,2024-08-07,,,,False,1.0,1500000.0,0.0,1500000.0,,,93.297|Teenage Pregnancy Prevention Program,cooperative_agreement,health,,small_businesses;independent_school_districts;nonprofits_non_higher_education_without_501c3;private_institutions_of_higher_education;federally_recognized_native_american_tribal_governments;for_profit_organizations_other_than_small_businesses;special_district_governments;other_native_american_tribal_organizations;city_or_township_governments;nonprofits_non_higher_education_with_501c3;public_and_state_institutions_of_higher_education;county_governments;state_governments;public_and_indian_housing_authorities,,Office of the Assistant Secretary for Health,Department of Health and Human Services,"Elizabeth Moreno
(240) 453-6817",Elizabeth.Moreno@hhs.gov,Elizabeth.Moreno@hhs.gov,2025-04-25,2025-07-15,Applications must be submitted electronically no later than 6:00 pm Eastern Time.,2025-09-01,2025-09-30,2025.0,,,https://simpler.grants.gov/opportunity/785bf1c9-11f8-4133-b550-70bcd2df50a2,"We anticipate offering this opportunity in combination with AH-TPS-25-001 to operate a National Training Center that will provide training and technical assistance to all OPA-funded Title X family planning service delivery grantees and all OPA-funded Teen Pregnancy Prevention (TPP) Program recipients.  A parallel forecast is posted under AH-TPS-25-001. The funding level and eligibility described in each forecast is specific to that programs requirements. This forecast is for the Title X component. A single notice of funding opportunity will be posted with the details for both. A single application will be required covering PA-FPT-25-001 and AH-TSP-25-001. The application must be submitted under the PA-FPT-25-001 announcement in Grants.gov. The application will consist of 2 distinct parts; one for each program contributing to this opportunity.  To receive funding from the Title X program, you must be a public or private non-profit entity.  To receive funding from the TPP program, you must be a public or private (non-profit or for-profit) entity.  Two or more entities may work together to achieve eligibility for both programs. For example, a private non-profit and a private for-profit could apply as a legally recognized non-profit partnership or consortium that is registered in SAM.gov. Entities wishing to apply jointly without forming a legally recognized relationship should contact OASH_Grants@hhs.gov for instructions on how to prepare an application that will not be disqualified on eligibility grounds as soon as possible. At the time of application, both entities be able to demonstrate an ability to carry out the project together as separate entities, including any conflict resolution, over the entire expected period of performance.       Only one applicant will be funded.  We intend to award the project using 2 cooperative agreements (one funded under Title X and one funded under the Teen Pregnancy Prevention (TPP) Program). Together the two cooperative agreements together will constitute the National Training Center.Up to $3.5 M is available to address Title X key priority areas (CFDA 93.260) andUp to $1.5 M is available to address TPP key priority areas (CFDA 93.297).     For the Title X program - The goal of the funded training center is to ensure that personnel working in Title X have the knowledge, skills, and self-efficacy necessary to effectively run a Title X grant program and deliver high-quality family planning services.The funded training center will provide training and technical assistance for the Title X family planning service grantees focused on:Ensuring access to and implementation of high quality service delivery;Building capacity of the Title X workforce;Strengthening health information and technology; andBuilding financial sustainability.For the TPP Program - The goal of the funded training center is to ensure that personnel working on TPP-funded projects have the knowledge, skills, and self-efficacy necessary to effectively run a TPP funded project to make the greatest impact on communities.The funded training center will provide training and technical assistance for the TPP recipients focused on:Program design, implementation, and evaluation;Building the capacity of TPP project staff to effectively meet the goals of their TPP project;Engagement of key stakeholders in addressing teen pregnancy prevention in their communitiesBest practices in continuous quality improvement and evaluationCommunication, dissemination, and sustainability.We typically fund awards in 12-month budget periods. We may approve shorter budget periods or periods of performance to accommodate administrative factors or funding constraints. For multi-year projects, recipients must submit a non-competing continuation (NCC) application for each budget period after the first. Continuation funding is contingent upon the availability of funds, satisfactory progress of the project, appropriate stewardship of federal funds, and the best interests of the government. Funding for all approved budget periods after the first is generally the same as the initial award amount subject to any offset with funds unused in the previous budget period.","We anticipate offering this opportunity in combination with AH-TPS-25-001 to operate a National Training Center that will provide training and technical assistance to all OPA-funded Title X family planning service delivery grantees and all OPA-funded Teen Pregnancy Prevention (TPP) Program recipients.  A parallel forecast is posted under AH-TPS-25-001. The funding level and eligibility described in each forecast is specific to that programs requirements. This forecast is for the Title X component. A single notice of funding opportunity will be posted with the details for both. A single application will be required covering PA-FPT-25-001 and AH-TSP-25-001. The application must be submitted under the PA-FPT-25-001 announcement in Grants.gov. The application will consist of 2 distinct parts; one for each program contributing to this opportunity.  To receive funding from the Title X program, you must be a public or private non-profit entity.  To receive funding from the TPP program, you must be a public or private (non-profit or for-profit) entity.  Two or more entities may work together to achieve eligibility for both programs. For example, a private non-profit and a private for-profit could apply as a legally recognized non-profit partnership or consortium that is registered in SAM.gov. Entities wishing to apply jointly without forming a legally recognized relationship should contact OASH_Grants@hhs.gov for instructions on how to prepare an application that will not be disqualified on eligibility grounds as soon as possible. At the time of application, both entities be able to demonstrate an ability to carry out the project together as separate entities, including any conflict resolution, over the entire expected period of performance.       Only one applicant will be funded.  We intend to award the project using 2 cooperative agreements (one funded under Title X and one funded under the Teen Pregnancy Prevention (TPP) Program). Together the two cooperative agreements together will constitute the National Training Center.Up to $3.5 M is available to address Title X key priority areas (CFDA 93.260) andUp to $1.5 M is available to address TPP key priority areas (CFDA 93.297).     For the Title X program - The goal of the funded training center is to ensure that personnel working in Title X have the knowledge, skills, and self-efficacy necessary to effectively run a Title X grant program and deliver high-quality family planning services.The funded training center will provide training and technical assistance for the Title X family planning service grantees focused on:Ensuring access to and implementation of high quality service delivery;Building capacity of the Title X workforce;Strengthening health information and technology; andBuilding financial sustainability.For the TPP Program - The goal of the funded training center is to ensure that personnel working on TPP-funded projects have the knowledge, skills, and self-efficacy necessary to effectively run a TPP funded project to make the greatest impact on communities.The funded training center will provide training and technical assistance for the TPP recipients focused on:Program design, implementation, and evaluation;Building the capacity of TPP project staff to effectively meet the goals of their TPP project;Engagement of key stakeholders in addressing teen pregnancy prevention in their communitiesBest practices in continuous quality improvement and evaluationCommunication, dissemination, and sustainability.We typically fund awards in 12-month budget periods. We may approve shorter budget periods or periods of performance to accommodate administrative factors or funding constraints. For multi-year projects, recipients must submit a non-competing continuation (NCC) application for each budget period after the first. Continuation funding is contingent upon the availability of funds, satisfactory progress of the project, appropriate stewardship of federal funds, and the best interests of the government. Funding for all approved budget periods after the first is generally the same as the initial award amount subject to any offset with funds unused in the previous budget period.","National Training Center for Title X and Teen Pregnancy Prevention (TPP)
We anticipate offering this opportunity in combination with AH-TPS-25-001 to operate a National Training Center that will provide training and technical assistance to all OPA-funded Title X family planning service delivery grantees and all OPA-funded Teen Pregnancy Prevention (TPP) Program recipients.  A parallel forecast is posted under AH-TPS-25-001. The funding level and eligibility described in each forecast is specific to that programs requirements. This forecast is for the Title X component. A single notice of funding opportunity will be posted with the details for both. A single application will be required covering PA-FPT-25-001 and AH-TSP-25-001. The application must be submitted under the PA-FPT-25-001 announcement in Grants.gov. The application will consist of 2 distinct parts; one for each program contributing to this opportunity.  To receive funding from the Title X program, you must be a public or private non-profit entity.  To receive funding from the TPP program, you must be a public or private (non-profit or for-profit) entity.  Two or more entities may work together to achieve eligibility for both programs. For example, a private non-profit and a private for-profit could apply as a legally recognized non-profit partnership or consortium that is registered in SAM.gov. Entities wishing to apply jointly without forming a legally recognized relationship should contact OASH_Grants@hhs.gov for instructions on how to prepare an application that will not be disqualified on eligibility grounds as soon as possible. At the time of application, both entities be able to demonstrate an ability to carry out the project together as separate entities, including any conflict resolution, over the entire expected period of performance.       Only one applicant will be funded.  We intend to award the project using 2 cooperative agreements (one funded under Title X and one funded under the Teen Pregnancy Prevention (TPP) Program). Together the two cooperative agreements together will constitute the National Training Center.Up to $3.5 M is available to address Title X key priority areas (CFDA 93.260) andUp to $1.5 M is available to address TPP key priority areas (CFDA 93.297).     For the Title X program - The goal of the funded training center is to ensure that personnel working in Title X have the knowledge, skills, and self-efficacy necessary to effectively run a Title X grant program and deliver high-quality family planning services.The funded training center will provide training and technical assistance for the Title X family planning service grantees focused on:Ensuring access to and implementation of high quality service delivery;Building capacity of the Title X workforce;Strengthening health information and technology; andBuilding financial sustainability.For the TPP Program - The goal of the funded training center is to ensure that personnel working on TPP-funded projects have the knowledge, skills, and self-efficacy necessary to effectively run a TPP funded project to make the greatest impact on communities.The funded training center will provide training and technical assistance for the TPP recipients focused on:Program design, implementation, and evaluation;Building the capacity of TPP project staff to effectively meet the goals of their TPP project;Engagement of key stakeholders in addressing teen pregnancy prevention in their communitiesBest practices in continuous quality improvement and evaluationCommunication, dissemination, and sustainability.We typically fund awards in 12-month budget periods. We may approve shorter budget periods or periods of performance to accommodate administrative factors or funding constraints. For multi-year projects, recipients must submit a non-competing continuation (NCC) application for each budget period after the first. Continuation funding is contingent upon the availability of funds, satisfactory progress of the project, appropriate stewardship of federal funds, and the best interests of the government. Funding for all approved budget periods after the first is generally the same as the initial award amount subject to any offset with funds unused in the previous budget period.
",False,,,False,False,False,False,False,False,,False,-523.0,True,True,False,False,False,False,False,False,1500000.0,award_ceiling,1500000.0,True,False,True,True,False,False,5.88,False,,False,False,True,True,True,True,True,True,False,False,False,14,False,True,,False,False,False,False,1,True,False,False,,True,False,False,True,54c6b441-1759-42d7-ae62-fff1161497c0,2026-09-30,2026-08-18,National Training Center for Title X and Teen Pregnancy Prevention (TPP),forecast,ok,7,G2,G2.O4,"This grant builds the Title X family planning and teen pregnancy prevention workforce, which directly advances NCDHHS's goal of improving reproductive life planning and birth outcomes.",National Training Center for Title X and Teen Pregnancy Prevention (TPP),lead,"To receive funding from the Title X program, you must be a public or private non-profit entity.",DPH,5,"DPH has subject-matter expertise in family planning and adolescent health, but running a national training center for all OPA grantees is broader than its usual state-level role.","Only one applicant will be funded nationally, so NCDHHS would compete for a single national training center award outside its state-focused service delivery role.",True,"Funds a national training center for Title X family planning and teen pregnancy prevention; aligns with DPH reproductive health work, but national scope and single award make it competitive.","[""Single application must cover both Title X and TPP components in two distinct parts under PA-FPT-25-001"", ""National scope requires training and technical assistance for all OPA-funded Title X grantees and all OPA-funded TPP recipients""]",True,True,lead,deepseek/deepseek-v4-pro,92b0344f579a,True,10.0,0.0,0.85,0.0,0.0,67.44,forecast_watchlist
70,3b811770-3f95-4ee9-ac57-6fe99d2e8e01,Integrated Food Safety System Regulatory and Laboratory Training System National Coordination Center,forecast,True,False,,3b811770-3f95-4ee9-ac57-6fe99d2e8e01,FOR-FD-25-005,forecasted,HHS-FDA,discretionary,,2024-08-14,,,,False,1.0,,1500000.0,1500000.0,,,93.103|Food and Drug Administration Research,grant,consumer_protection;agriculture;food_and_nutrition,,other,"Section 1009 of the Federal Food, Drug, and Cosmetic Act, 21 USC § 399, limits eligibility to State, local, territorial, and tribal agencies and non-profit training entities that collaborate with 1 or more institutions of higher education.",Food and Drug Administration,Department of Health and Human Services,"Terrin Brown
Grantor
2404027610",terrin.brown@fda.hhs.gov,terrin.brown@fda.hhs.gov,,,,,,2025.0,,,https://simpler.grants.gov/opportunity/3b811770-3f95-4ee9-ac57-6fe99d2e8e01,"<p>The Office of Partnerships (OP) would like to develop a Notice of Funding Opportunity (NOFO) to award a $1.5M cooperative agreement to a non-profit entity to serve as the Integrated Food Safety System (IFSS) Regulatory and Laboratory Training System (RLTS) National Coordination Center (NCC). The NCC will provide day-to-day oversight to the RLTS. The RLTS will leverage the expertise and resources of all IFSS partners to improve access to high quality human and animal food regulatory and laboratory training and other learning resources.&nbsp;</p><p>• Oversee the day-to-day administration of the RLTS and implementation of the IFSS RLTS Strategic Plan and Implementation Plan.</p><p>• Oversee communications related to the IFSS RLTS.</p><p>• Update the strategic and implementation plans working with stakeholders.</p><p>• Complete standing up the governance structure and processes for the RLTS.</p><p>• Establish a process for stakeholders to recommend changes to training content, design, delivery, and alignment determination standards and policies.</p><p>• Recommend changes to course content, design, delivery, and alignment determination standards and policies to the IFSS RLTS SC for approval.</p><p>• Determine alignment of training content with the National Curriculum Standard (NCS) and other RLTS standards.</p><p>• Charge and oversee committees to develop/revise standards for training content, design, delivery, and alignment determinations and execute other deliverables.</p><p>• Issues sub-awards and contracts to assist in the execution of the RLTS, as needed.</p><p><br></p>","The Office of Partnerships (OP) would like to develop a Notice of Funding Opportunity (NOFO) to award a $1.5M cooperative agreement to a non-profit entity to serve as the Integrated Food Safety System (IFSS) Regulatory and Laboratory Training System (RLTS) National Coordination Center (NCC). The NCC will provide day-to-day oversight to the RLTS. The RLTS will leverage the expertise and resources of all IFSS partners to improve access to high quality human and animal food regulatory and laboratory training and other learning resources. 
 • Oversee the day-to-day administration of the RLTS and implementation of the IFSS RLTS Strategic Plan and Implementation Plan.
 • Oversee communications related to the IFSS RLTS.
 • Update the strategic and implementation plans working with stakeholders.
 • Complete standing up the governance structure and processes for the RLTS.
 • Establish a process for stakeholders to recommend changes to training content, design, delivery, and alignment determination standards and policies.
 • Recommend changes to course content, design, delivery, and alignment determination standards and policies to the IFSS RLTS SC for approval.
 • Determine alignment of training content with the National Curriculum Standard (NCS) and other RLTS standards.
 • Charge and oversee committees to develop/revise standards for training content, design, delivery, and alignment determinations and execute other deliverables.
 • Issues sub-awards and contracts to assist in the execution of the RLTS, as needed.","Integrated Food Safety System Regulatory and Laboratory Training System National Coordination Center
The Office of Partnerships (OP) would like to develop a Notice of Funding Opportunity (NOFO) to award a $1.5M cooperative agreement to a non-profit entity to serve as the Integrated Food Safety System (IFSS) Regulatory and Laboratory Training System (RLTS) National Coordination Center (NCC). The NCC will provide day-to-day oversight to the RLTS. The RLTS will leverage the expertise and resources of all IFSS partners to improve access to high quality human and animal food regulatory and laboratory training and other learning resources. 
 • Oversee the day-to-day administration of the RLTS and implementation of the IFSS RLTS Strategic Plan and Implementation Plan.
 • Oversee communications related to the IFSS RLTS.
 • Update the strategic and implementation plans working with stakeholders.
 • Complete standing up the governance structure and processes for the RLTS.
 • Establish a process for stakeholders to recommend changes to training content, design, delivery, and alignment determination standards and policies.
 • Recommend changes to course content, design, delivery, and alignment determination standards and policies to the IFSS RLTS SC for approval.
 • Determine alignment of training content with the National Curriculum Standard (NCS) and other RLTS standards.
 • Charge and oversee committees to develop/revise standards for training content, design, delivery, and alignment determinations and execute other deliverables.
 • Issues sub-awards and contracts to assist in the execution of the RLTS, as needed.
Section 1009 of the Federal Food, Drug, and Cosmetic Act, 21 USC § 399, limits eligibility to State, local, territorial, and tribal agencies and non-profit training entities that collaborate with 1 or more institutions of higher education.",False,,,False,False,False,False,False,False,,True,,False,False,False,False,False,False,False,False,,award_ceiling,1500000.0,True,False,True,True,False,False,5.88,False,,False,False,False,False,False,False,False,False,False,False,True,1,False,False,,False,False,False,False,1,True,False,False,,True,False,False,False,,2026-09-30,2026-08-18,Integrated Food Safety System Regulatory and Laboratory Training System National Coordination Center,forecast,ok,6,G4,G4.O4,"The grant funds national coordination of food regulatory and laboratory training, which aligns with NCDHHS's objective of supporting the public health workforce at state and local levels.",The RLTS will leverage the expertise and resources of all IFSS partners to improve access to high quality human and animal food regulatory and laboratory training and other learning resources.,atypical,"Section 1009 of the Federal Food, Drug, and Cosmetic Act, 21 USC § 399, limits eligibility to State, local, territorial, and tribal agencies and non-profit training entities that collaborate with 1 or more institutions of higher education.",DPH,6,"DPH oversees food safety and public health laboratory functions and could support training coordination, but serving as a national coordination center with sub-awards is broader than its usual state-level role.","The NOFO is written for a non-profit training entity as the national coordination center, so NCDHHS may be eligible but is not the intended or most competitive applicant.",False,"This national food-safety training coordination center is intended for a non-profit and does not directly fund NCDHHS food safety operations, so likely not worth pursuing.",[],True,True,atypical,deepseek/deepseek-v4-pro,92b0344f579a,True,10.0,0.0,0.85,0.0,0.0,66.85,forecast_watchlist
71,a36c6294-903e-4aa3-80c9-914060a60380,Drug-Free Communities (DFC) Support Program – NEW (Year 1),forecast,True,False,,a36c6294-903e-4aa3-80c9-914060a60380,CDC-RFA-CE-27-0058,forecasted,HHS-CDC-NCIPC,discretionary,,2026-07-28,,,2027-04-30,True,50.0,31250000.0,0.0,125000.0,,,93.276|Drug-Free Communities Support Program Grants,grant,health,,unrestricted;other_native_american_tribal_organizations;federally_recognized_native_american_tribal_governments;public_and_state_institutions_of_higher_education;independent_school_districts;private_institutions_of_higher_education;city_or_township_governments;nonprofits_non_higher_education_with_501c3;nonprofits_non_higher_education_without_501c3;county_governments;other;special_district_governments,"Nonprofits having a 501(c)(3) status with the IRS, other than institutions of higher education. A DFC legal applicant (an organization applying on behalf of a coalition, the coalition, or the applicant coalition) must reside within the United States and/or the U.S. territories.Additional Information on Eligibility: Eligible applicants are community-based coalitions addressing youth substance use that have not yet previously received a DFC grant. Applicants must be a nonprofit (as defined by the IRS as a 501(c) organization); or an entity that the Administrator determines to be appropriate; or part of, or is associated with an established legally recognized domestic, public or private nonprofit organization. For example, state and local governments, federally recognized tribes, state-recognized tribes, urban Indian organizations (as defined in Pub. L. No. 94-437), public or private universities and colleges, professional associations, voluntary organizations, self-help groups, consumer and provider services-oriented constituency groups, community- and faith-based organizations, and tribal organizations. (Pub. L. No. 114-198 Sec 103). For the purposes of this NOFO and the DFC Support Program, a coalition is defined as a community-based formal arrangement for cooperation and collaboration among groups or sectors of a community in which each group retains its identity, but all agree to work together toward a common goal of building a safe, healthy, and drug-free community.",Centers for Disease Control - NCIPC,Department of Health and Human Services,"Christi Jones
000-000-0000",DFC_NOFO@cdc.gov,DFC_NOFO@cdc.gov,2027-01-26,2027-03-31,Electronically submitted applications must be submitted no later than 11:59 pm ET on the listed application due date.,2027-08-30,2027-09-30,2027.0,,,https://simpler.grants.gov/opportunity/a36c6294-903e-4aa3-80c9-914060a60380,"<p>The Drug-Free Communities (DFC) Support Program was created by the Drug-Free Communities Act of 1997 (Public Law 105-20). The Executive Office of the President, Office of National Drug Control Policy (ONDCP), and the Department of Health and Human Services (HHS), Centers for Disease Control and Prevention (CDC), National Center for Injury Prevention and Control (NCIPC) are accepting applications for Fiscal Year (FY) 2027 Drug-Free Communities (DFC) Support Program grants. The purpose of the DFC Support Program is to establish and strengthen collaboration to support the efforts of community coalitions working to prevent youth substance use. By statute, the DFC Support Program has two goals: 1) Establish and strengthen collaboration among communities, public and private non-profit agencies, as well as federal, state, local, and tribal governments to support the efforts of community coalitions working to prevent and reduce substance abuse among youth (individuals 18 years of age and younger). 2) Reduce substance abuse among youth and, over time, reduce substance abuse among adults by addressing the factors in a community that increase the risk of substance abuse and promoting the factors that minimize the risk of substance abuse.</p>","The Drug-Free Communities (DFC) Support Program was created by the Drug-Free Communities Act of 1997 (Public Law 105-20). The Executive Office of the President, Office of National Drug Control Policy (ONDCP), and the Department of Health and Human Services (HHS), Centers for Disease Control and Prevention (CDC), National Center for Injury Prevention and Control (NCIPC) are accepting applications for Fiscal Year (FY) 2027 Drug-Free Communities (DFC) Support Program grants. The purpose of the DFC Support Program is to establish and strengthen collaboration to support the efforts of community coalitions working to prevent youth substance use. By statute, the DFC Support Program has two goals: 1) Establish and strengthen collaboration among communities, public and private non-profit agencies, as well as federal, state, local, and tribal governments to support the efforts of community coalitions working to prevent and reduce substance abuse among youth (individuals 18 years of age and younger). 2) Reduce substance abuse among youth and, over time, reduce substance abuse among adults by addressing the factors in a community that increase the risk of substance abuse and promoting the factors that minimize the risk of substance abuse.","Drug-Free Communities (DFC) Support Program – NEW (Year 1)
The Drug-Free Communities (DFC) Support Program was created by the Drug-Free Communities Act of 1997 (Public Law 105-20). The Executive Office of the President, Office of National Drug Control Policy (ONDCP), and the Department of Health and Human Services (HHS), Centers for Disease Control and Prevention (CDC), National Center for Injury Prevention and Control (NCIPC) are accepting applications for Fiscal Year (FY) 2027 Drug-Free Communities (DFC) Support Program grants. The purpose of the DFC Support Program is to establish and strengthen collaboration to support the efforts of community coalitions working to prevent youth substance use. By statute, the DFC Support Program has two goals: 1) Establish and strengthen collaboration among communities, public and private non-profit agencies, as well as federal, state, local, and tribal governments to support the efforts of community coalitions working to prevent and reduce substance abuse among youth (individuals 18 years of age and younger). 2) Reduce substance abuse among youth and, over time, reduce substance abuse among adults by addressing the factors in a community that increase the risk of substance abuse and promoting the factors that minimize the risk of substance abuse.
Nonprofits having a 501(c)(3) status with the IRS, other than institutions of higher education. A DFC legal applicant (an organization applying on behalf of a coalition, the coalition, or the applicant coalition) must reside within the United States and/or the U.S. territories.Additional Information on Eligibility: Eligible applicants are community-based coalitions addressing youth substance use that have not yet previously received a DFC grant. Applicants must be a nonprofit (as defined by the IRS as a 501(c) organization); or an entity that the Administrator determines to be appropriate; or part of, or is associated with an established legally recognized domestic, public or private nonprofit organization. For example, state and local governments, federally recognized tribes, state-recognized tribes, urban Indian organizations (as defined in Pub. L. No. 94-437), public or private universities and colleges, professional associations, voluntary organizations, self-help groups, consumer and provider services-oriented constituency groups, community- and faith-based organizations, and tribal organizations. (Pub. L. No. 114-198 Sec 103). For the purposes of this NOFO and the DFC Support Program, a coalition is defined as a community-based formal arrangement for cooperation and collaboration among groups or sectors of a community in which each group retains its identity, but all agree to work together toward a common goal of building a safe, healthy, and drug-free community.",False,,,False,False,False,False,False,False,,False,118.0,False,False,False,False,False,False,False,False,625000.0,award_ceiling,125000.0,True,False,False,False,False,False,0.48,False,,True,False,False,True,True,True,True,False,False,True,True,12,False,True,,False,False,False,False,1,True,False,False,,True,False,False,False,,2026-09-30,2026-08-18,Drug-Free Communities (DFC) Support Program – NEW (Year 1),forecast,ok,7,G3,G3.O4,"Funds community coalitions that prevent youth substance use, which supports NCDHHS substance use prevention and resilience work under G3.O4.",The purpose of the DFC Support Program is to establish and strengthen collaboration to support the efforts of community coalitions working to prevent youth substance use.,atypical,state and local governments,DMHDDSUS,8,"DMHDDSUS already oversees substance use prevention, treatment, and recovery funding and could manage a community coalition-based youth substance use prevention grant through its existing provider network.","NCDHHS is not itself a community coalition and the applicant types do not list state governments, so pursuit would depend on serving as a fiscal agent for a first-time coalition.",False,"Strong youth substance-use prevention fit for DMHDDSUS, but requires community coalitions and state agencies are not standard applicants; pursue only as a partner/fiscal agent.","[""Eligible applicants are community-based coalitions addressing youth substance use that have not yet previously received a DFC grant"", ""A DFC legal applicant (an organization applying on behalf of a coalition, the coalition, or the applicant coalition) must reside within the United States and/or the U.S. territories"", ""Applicants must be a nonprofit (as defined by the IRS as a 501(c) organization); or an entity that the Administrator determines to be appropriate; or part of, or is associated with an established legally recognized domestic, public or private nonprofit organization""]",True,True,atypical,deepseek/deepseek-v4-pro,92b0344f579a,True,10.0,0.0,0.85,0.0,0.0,66.73,forecast_watchlist
72,cacb4ffa-0f3a-4794-8df6-0af933d88f0c,Research Grants to Rigorously Evaluate Innovative and Promising Approaches to Prevent Firearm-Related Violence and Injuries,forecast,True,False,,cacb4ffa-0f3a-4794-8df6-0af933d88f0c,RFA-CE-27-014,forecasted,HHS-CDC-HHSCDCERA,discretionary,,2026-07-09,,,2027-01-02,False,12.0,13500000.0,0.0,650000.0,,,93.136|Injury Prevention and Control Research and State and Community Based Programs,grant,health,,state_governments;federally_recognized_native_american_tribal_governments;special_district_governments;independent_school_districts;public_and_state_institutions_of_higher_education;city_or_township_governments;for_profit_organizations_other_than_small_businesses;small_businesses;unrestricted;county_governments;nonprofits_non_higher_education_with_501c3;other_native_american_tribal_organizations;other;private_institutions_of_higher_education;nonprofits_non_higher_education_without_501c3;public_and_indian_housing_authorities,Faith Based OrganizationsAdditional Eligibility Information to be included in the NOFO,Centers for Disease Control and Prevention - ERA,Department of Health and Human Services,"Joyce Dieterly
404-718-5301",ncipc_erpo@cdc.gov,ncipc_erpo@cdc.gov,2026-10-01,2026-12-01,Electronically submitted applications must be submitted no later than 11:59 pm ET on the listed application due date.,2027-08-28,2027-09-30,2027.0,,,https://simpler.grants.gov/opportunity/cacb4ffa-0f3a-4794-8df6-0af933d88f0c,"<p>&nbsp;The Centers for Disease Control and Prevention’s (CDC) National Center for Injury Prevention and Control (NCIPC or the Injury Center) is soliciting investigator-initiated research to rigorously evaluate the effectiveness of innovative and promising approaches to prevent all forms of firearm-related injuries, deaths, violence, or crime without infringing on the rights of legal firearm owners. For this announcement such forms include:&nbsp;Mass shooting incidents,&nbsp;Defensive gun use incidents, Firearm-related homicides and assaults, Firearm-related suicides and self-harm, Unintentional firearm deaths and injuries, Firearm-related crime.</p><p>This NOFO offers <strong>Funding Option A</strong> or <strong>B</strong> to address the research objective. Applicants may submit a research proposal under either Funding Option A or B (not both).</p><p><strong>Funding Option A</strong> will support research projects that rely on existing data to evaluate effectiveness and that do not support implementing prevention activities. These projects will be funded up to $350,000 per year (direct and indirect costs) for a period of performance up to 2 years.</p><p><strong>Funding Option B</strong> will support research projects that require new data collection and/or implementation of prevention activities to evaluate effectiveness. These projects will be funded up to $650,000 per year (direct and indirect costs) for a period of performance up to 3 years.</p><p>Investigations&nbsp;could,&nbsp;<u>for example</u>, conduct research to evaluate the effectiveness and/or test the effects of scaling up, expanding, or improving approaches:&nbsp;1)&nbsp;​To prevent mass shooting incidents, suicide/self-harm firearm injuries, firearm-related assaults and homicides, unintentional firearm deaths and injuries, and firearm-related crime;&nbsp;2)&nbsp;​To study defensive gun use&nbsp;as a strategy for prevention of injuries, deaths, and crime&nbsp;3) ​For different population groups (e.g., children, youth, young adults, active-duty military/veterans, rural communities, tribal populations, and those at risk of harming themselves or others, including in situations of family and intimate partner violence); 4)&nbsp;​For different settings (e.g., rural/urban, home, school, neighborhood, community, online) that can be&nbsp;leveraged&nbsp;to prevent firearm-related injuries and crime; 5)&nbsp;​For addressing various individual, peer/family, community and societal risk and protective factors including approaches that address the community&nbsp;factors&nbsp;that contribute to firearm-related injuries, violence, deaths, and crime.&nbsp;</p>","The Centers for Disease Control and Prevention’s (CDC) National Center for Injury Prevention and Control (NCIPC or the Injury Center) is soliciting investigator-initiated research to rigorously evaluate the effectiveness of innovative and promising approaches to prevent all forms of firearm-related injuries, deaths, violence, or crime without infringing on the rights of legal firearm owners. For this announcement such forms include: Mass shooting incidents, Defensive gun use incidents, Firearm-related homicides and assaults, Firearm-related suicides and self-harm, Unintentional firearm deaths and injuries, Firearm-related crime.
 This NOFO offers  Funding Option A  or  B  to address the research objective. Applicants may submit a research proposal under either Funding Option A or B (not both).
  Funding Option A  will support research projects that rely on existing data to evaluate effectiveness and that do not support implementing prevention activities. These projects will be funded up to $350,000 per year (direct and indirect costs) for a period of performance up to 2 years.
  Funding Option B  will support research projects that require new data collection and/or implementation of prevention activities to evaluate effectiveness. These projects will be funded up to $650,000 per year (direct and indirect costs) for a period of performance up to 3 years.
 Investigations could,  for example , conduct research to evaluate the effectiveness and/or test the effects of scaling up, expanding, or improving approaches: 1) ​To prevent mass shooting incidents, suicide/self-harm firearm injuries, firearm-related assaults and homicides, unintentional firearm deaths and injuries, and firearm-related crime; 2) ​To study defensive gun use as a strategy for prevention of injuries, deaths, and crime 3) ​For different population groups (e.g., children, youth, young adults, active-duty military/veterans, rural communities, tribal populations, and those at risk of harming themselves or others, including in situations of family and intimate partner violence); 4) ​For different settings (e.g., rural/urban, home, school, neighborhood, community, online) that can be leveraged to prevent firearm-related injuries and crime; 5) ​For addressing various individual, peer/family, community and societal risk and protective factors including approaches that address the community factors that contribute to firearm-related injuries, violence, deaths, and crime.","Research Grants to Rigorously Evaluate Innovative and Promising Approaches to Prevent Firearm-Related Violence and Injuries
The Centers for Disease Control and Prevention’s (CDC) National Center for Injury Prevention and Control (NCIPC or the Injury Center) is soliciting investigator-initiated research to rigorously evaluate the effectiveness of innovative and promising approaches to prevent all forms of firearm-related injuries, deaths, violence, or crime without infringing on the rights of legal firearm owners. For this announcement such forms include: Mass shooting incidents, Defensive gun use incidents, Firearm-related homicides and assaults, Firearm-related suicides and self-harm, Unintentional firearm deaths and injuries, Firearm-related crime.
 This NOFO offers  Funding Option A  or  B  to address the research objective. Applicants may submit a research proposal under either Funding Option A or B (not both).
  Funding Option A  will support research projects that rely on existing data to evaluate effectiveness and that do not support implementing prevention activities. These projects will be funded up to $350,000 per year (direct and indirect costs) for a period of performance up to 2 years.
  Funding Option B  will support research projects that require new data collection and/or implementation of prevention activities to evaluate effectiveness. These projects will be funded up to $650,000 per year (direct and indirect costs) for a period of performance up to 3 years.
 Investigations could,  for example , conduct research to evaluate the effectiveness and/or test the effects of scaling up, expanding, or improving approaches: 1) ​To prevent mass shooting incidents, suicide/self-harm firearm injuries, firearm-related assaults and homicides, unintentional firearm deaths and injuries, and firearm-related crime; 2) ​To study defensive gun use as a strategy for prevention of injuries, deaths, and crime 3) ​For different population groups (e.g., children, youth, young adults, active-duty military/veterans, rural communities, tribal populations, and those at risk of harming themselves or others, including in situations of family and intimate partner violence); 4) ​For different settings (e.g., rural/urban, home, school, neighborhood, community, online) that can be leveraged to prevent firearm-related injuries and crime; 5) ​For addressing various individual, peer/family, community and societal risk and protective factors including approaches that address the community factors that contribute to firearm-related injuries, violence, deaths, and crime.
Faith Based OrganizationsAdditional Eligibility Information to be included in the NOFO",False,,,False,False,False,False,False,False,,False,1.0,False,False,False,False,False,False,False,False,1125000.0,award_ceiling,650000.0,True,False,False,False,False,False,4.06,False,,False,False,True,True,True,True,True,True,False,True,True,16,False,True,,False,False,False,False,1,True,False,False,,True,False,False,False,,2026-09-30,2026-08-18,Research Grants to Rigorously Evaluate Innovative and Promising Approaches to Prevent Firearm-Related Violence and Injuries,forecast,ok,6,G3,G3.O3,"The grant funds rigorous evaluation of approaches to prevent firearm-related suicides and self-harm, which can inform suicide prevention strategies in the behavioral health crisis system.",Firearm-related suicides and self-harm,lead,state_governments,DPH,7,"DPH oversees injury and violence prevention and epidemiology, so it could manage a CDC-funded firearm injury prevention research project.","The grant supports evaluation research rather than direct services, and NCDHHS may lack a dedicated firearm injury research team, limiting near-term program value.",True,CDC research funding for firearm injury prevention fits DPH's injury and violence prevention role; moderate alignment with suicide prevention and evaluation capacity.,[],True,True,lead,deepseek/deepseek-v4-pro,92b0344f579a,True,10.0,0.0,0.85,0.0,0.0,66.58,forecast_watchlist
73,401d247c-a24c-4161-82b1-b9348f732bb8,Rapid Response Team (RRT) Cooperative Agreement,forecast,True,False,,401d247c-a24c-4161-82b1-b9348f732bb8,FOR-FD-23-016,forecasted,HHS-FDA,discretionary,,2022-07-28,,,,False,25.0,8250000.0,,,,,93.103|Food and Drug Administration Research,cooperative_agreement,food_and_nutrition;consumer_protection;information_and_statistics,,independent_school_districts;other_native_american_tribal_organizations;special_district_governments;public_and_indian_housing_authorities;nonprofits_non_higher_education_without_501c3;nonprofits_non_higher_education_with_501c3;federally_recognized_native_american_tribal_governments;public_and_state_institutions_of_higher_education;private_institutions_of_higher_education;small_businesses;state_governments;for_profit_organizations_other_than_small_businesses;county_governments,,Food and Drug Administration,Department of Health and Human Services,"Janelle Fundersburg
Grantor
301-798-2533",janelle.fundersburg@fda.hhs.gov,janelle.fundersburg@fda.hhs.gov,2022-09-01,2022-12-01,,2023-07-01,,2023.0,,,https://simpler.grants.gov/opportunity/401d247c-a24c-4161-82b1-b9348f732bb8,"<p>The purpose of the NOFO is to facilitate long-term improvements and innovation to the national integrated food safety system by unifying and coordinating federal/state/local human and animal food (HAF) emergency response efforts including:</p><p><br></p><p>1) Strengthening the link among epidemiology, lab, and environmental health/regulatory components;</p><p><br></p><p>2) Improving States' regulatory and surveillance HAF protection programs to include using Incident Command System (ICS)/National Incident Management System (NIMS) principles and a Unified Command structure to conduct integrated responses to all-hazards HAF emergencies, rapidly identifying and removing tainted food from commerce, and conducting root cause investigations to inform future prevention efforts; and</p><p><br></p><p>3) Addressing supporting components, such as training, data sharing, data analysis, communications, continuous process improvement, and development of best practices and other resources to support national capacity/capability development..&nbsp;&nbsp;&nbsp;</p>","The purpose of the NOFO is to facilitate long-term improvements and innovation to the national integrated food safety system by unifying and coordinating federal/state/local human and animal food (HAF) emergency response efforts including:
 

 1) Strengthening the link among epidemiology, lab, and environmental health/regulatory components;
 

 2) Improving States' regulatory and surveillance HAF protection programs to include using Incident Command System (ICS)/National Incident Management System (NIMS) principles and a Unified Command structure to conduct integrated responses to all-hazards HAF emergencies, rapidly identifying and removing tainted food from commerce, and conducting root cause investigations to inform future prevention efforts; and
 

 3) Addressing supporting components, such as training, data sharing, data analysis, communications, continuous process improvement, and development of best practices and other resources to support national capacity/capability development..","Rapid Response Team (RRT) Cooperative Agreement
The purpose of the NOFO is to facilitate long-term improvements and innovation to the national integrated food safety system by unifying and coordinating federal/state/local human and animal food (HAF) emergency response efforts including:
 

 1) Strengthening the link among epidemiology, lab, and environmental health/regulatory components;
 

 2) Improving States' regulatory and surveillance HAF protection programs to include using Incident Command System (ICS)/National Incident Management System (NIMS) principles and a Unified Command structure to conduct integrated responses to all-hazards HAF emergencies, rapidly identifying and removing tainted food from commerce, and conducting root cause investigations to inform future prevention efforts; and
 

 3) Addressing supporting components, such as training, data sharing, data analysis, communications, continuous process improvement, and development of best practices and other resources to support national capacity/capability development..
",False,,,False,False,False,False,False,False,,False,-1490.0,True,True,False,False,False,False,False,False,330000.0,average_award,330000.0,True,False,False,False,False,False,2.59,False,,False,False,True,True,True,True,True,True,False,False,False,13,False,True,,False,False,False,False,1,True,False,False,,True,False,False,True,,2026-09-30,2026-08-18,Rapid Response Team (RRT) Cooperative Agreement,forecast,ok,5,G5,G5.O1,"The grant's supporting data sharing, data analysis, and continuous process improvement components advance operational data-driven decision-making, although the core food-safety emergency response mission is not an explicit NCDHHS strategic objective.","data sharing, data analysis, communications, continuous process improvement",lead,state_governments,DPH,9,"DPH already coordinates epidemiology, environmental health, laboratory, and public health preparedness functions, so this food-safety emergency response cooperative agreement would extend existing work.","The food-safety emergency response purpose is not named in NCDHHS's strategic goals, so it may compete poorly for internal priority despite fitting DPH's existing role.",True,"Fits DPH's existing food-safety and preparedness role and partly aligns with G5.O1 data sharing, but food safety is not a named strategic priority.",[],True,True,lead,deepseek/deepseek-v4-pro,92b0344f579a,True,10.0,0.0,0.85,0.0,0.0,66.34,forecast_watchlist
74,2288fb30-cdca-431b-b6a8-7b30e611fdab,Partnership for Disaster Health Response System,forecast,True,False,,2288fb30-cdca-431b-b6a8-7b30e611fdab,EP-HIT-22-002,forecasted,HHS-OS-ASPR,discretionary,,2021-10-25,,,,False,1.0,3000000.0,3000000.0,3000000.0,,,93.817|Hospital Preparedness Program (HPP) Ebola Preparedness and Response Activities,cooperative_agreement,disaster_prevention_and_relief,,other,"Hospitals, local health care facilities, political subdivisions, states, emergency medical services organizations, emergency management organizations",Assistant Secretary for Preparedness and Response,Department of Health and Human Services,"Virginia Simmons
Chief Grants Management Officer
202-260-0400",virginia.simmons@hhs.gov,Assistant Secretary for Preparedness and Response,2021-10-25,2022-08-01,,2022-09-30,2022-09-30,2022.0,,,https://simpler.grants.gov/opportunity/2288fb30-cdca-431b-b6a8-7b30e611fdab,"<p>Funding for one demonstration project that will help identify issues, develop leading practices, and demonstrate the potential effectiveness and viability of the RDHRS concept. The RDHRS structure is conceptualized as a tiered system that builds upon the existing Medical Surge Capacity and Capability (MSCC) foundation for local medical response (e.g., trauma systems and HCCs) by enhancing coordination mechanisms and incorporating discrete clinical and administrative capabilities at the state and regional levels. The RDHRS is not intended to alter or displace current local patient referral patterns, but is instead intended to define the delivery of clinical care when the existing referral patterns and health care delivery capacity and capabilities are exceeded by catastrophic events (requiring either redistribution of patients, importation of resources, or resource utilization guidelines). Additionally, the RDHRS is intended to provide additional health care integration and expertise into preparedness and response structures.</p>","Funding for one demonstration project that will help identify issues, develop leading practices, and demonstrate the potential effectiveness and viability of the RDHRS concept. The RDHRS structure is conceptualized as a tiered system that builds upon the existing Medical Surge Capacity and Capability (MSCC) foundation for local medical response (e.g., trauma systems and HCCs) by enhancing coordination mechanisms and incorporating discrete clinical and administrative capabilities at the state and regional levels. The RDHRS is not intended to alter or displace current local patient referral patterns, but is instead intended to define the delivery of clinical care when the existing referral patterns and health care delivery capacity and capabilities are exceeded by catastrophic events (requiring either redistribution of patients, importation of resources, or resource utilization guidelines). Additionally, the RDHRS is intended to provide additional health care integration and expertise into preparedness and response structures.","Partnership for Disaster Health Response System
Funding for one demonstration project that will help identify issues, develop leading practices, and demonstrate the potential effectiveness and viability of the RDHRS concept. The RDHRS structure is conceptualized as a tiered system that builds upon the existing Medical Surge Capacity and Capability (MSCC) foundation for local medical response (e.g., trauma systems and HCCs) by enhancing coordination mechanisms and incorporating discrete clinical and administrative capabilities at the state and regional levels. The RDHRS is not intended to alter or displace current local patient referral patterns, but is instead intended to define the delivery of clinical care when the existing referral patterns and health care delivery capacity and capabilities are exceeded by catastrophic events (requiring either redistribution of patients, importation of resources, or resource utilization guidelines). Additionally, the RDHRS is intended to provide additional health care integration and expertise into preparedness and response structures.
Hospitals, local health care facilities, political subdivisions, states, emergency medical services organizations, emergency management organizations",False,,,False,False,False,False,False,False,,False,-1801.0,True,True,False,False,False,False,False,False,3000000.0,award_ceiling,3000000.0,True,False,True,True,False,False,7.39,False,,False,False,False,False,False,False,False,False,False,False,True,1,False,False,,False,False,False,False,1,True,False,False,,True,False,False,False,,2026-09-30,2026-08-18,Partnership for Disaster Health Response System,forecast,ok,5,G5,G5.O3,"The grant funds enhanced coordination and health care integration into preparedness and response structures, which aligns with cross-departmental shared processes and collaboration.","The RDHRS structure is conceptualized as a tiered system that builds upon the existing Medical Surge Capacity and Capability (MSCC) foundation for local medical response (e.g., trauma systems and HCCs) by enhancing coordination mechanisms and incorporating discrete clinical and administrative capabilities at the state and regional levels.",lead,states,DPH,9,DPH houses public health preparedness and response and already coordinates with health care coalitions and local health departments.,"It is a single demonstration of an unproven RDHRS concept, so it may produce a model rather than ongoing funding or direct service capacity.",True,"Fits DPH's public health preparedness role; ASPR disaster health response demonstration would advance G5 cross-department coordination, though it is a single demonstration project.",[],True,False,unclear,deepseek/deepseek-v4-pro,92b0344f579a,True,5.0,0.0,0.85,0.0,0.0,65.98,forecast_watchlist
75,b9befe54-117a-40b1-ba53-91ec6954b1c8,Family-to-Family Health Information Centers (F2F HIC),forecast,True,False,,b9befe54-117a-40b1-ba53-91ec6954b1c8,HRSA-27-057,forecasted,HHS-HRSA,mandatory,,2026-07-31,,,2028-09-01,False,59.0,5708250.0,96750.0,96750.0,,,93.504|Family to Family Health Information Centers,grant,health,,public_and_state_institutions_of_higher_education;nonprofits_non_higher_education_with_501c3;city_or_township_governments;federally_recognized_native_american_tribal_governments;other_native_american_tribal_organizations;small_businesses;public_and_indian_housing_authorities;county_governments;independent_school_districts;for_profit_organizations_other_than_small_businesses;private_institutions_of_higher_education;nonprofits_non_higher_education_without_501c3;state_governments;special_district_governments;other,"Eligible applicants include any domestic public or private entity. Domestic faith-based and community-based organizations, tribes, and tribal organizations are eligible to apply. Eligibility for this funding opportunity is limited to applicants within the 50 states, the District of Columbia, the five U.S. Territories (American Samoa, Guam, Puerto Rico, the Northern Mariana Islands and the U.S. Virgin Islands) and entities that will serve American Indian and/or Alaska Native tribes.",Health Resources and Services Administration,Department of Health and Human Services,"MCHB/DSCSHN - F2F HIC
301-443-5692",CYSHCN@hrsa.gov,ATTN: F2F HIC,2026-10-20,2026-12-19,"Electronically submitted applications must be submitted no later than 11:59 p.m., ET, on the listed application due date.",2027-05-03,2027-06-01,2027.0,,,https://simpler.grants.gov/opportunity/b9befe54-117a-40b1-ba53-91ec6954b1c8,"<p style=""margin-left:0px;"">The purpose of this program is to provide information, education, technical assistance, and peer support to families of children and youth with special health care needs (CYSHCN) and the professionals who serve them so that CYSHCN and their families can better navigate complex systems to receive needed services and improve their health and well-being.&nbsp;</p><p style=""margin-left:0px;"">&nbsp;</p>","The purpose of this program is to provide information, education, technical assistance, and peer support to families of children and youth with special health care needs (CYSHCN) and the professionals who serve them so that CYSHCN and their families can better navigate complex systems to receive needed services and improve their health and well-being.","Family-to-Family Health Information Centers (F2F HIC)
The purpose of this program is to provide information, education, technical assistance, and peer support to families of children and youth with special health care needs (CYSHCN) and the professionals who serve them so that CYSHCN and their families can better navigate complex systems to receive needed services and improve their health and well-being.
Eligible applicants include any domestic public or private entity. Domestic faith-based and community-based organizations, tribes, and tribal organizations are eligible to apply. Eligibility for this funding opportunity is limited to applicants within the 50 states, the District of Columbia, the five U.S. Territories (American Samoa, Guam, Puerto Rico, the Northern Mariana Islands and the U.S. Virgin Islands) and entities that will serve American Indian and/or Alaska Native tribes.",False,,,False,False,False,False,False,False,,False,20.0,False,False,False,False,False,False,False,False,96750.0,award_ceiling,96750.0,True,False,False,False,False,False,0.0,False,,False,False,True,True,True,True,True,True,False,False,True,15,False,True,,False,False,False,False,1,True,False,False,,True,False,False,False,,2026-09-30,2026-08-18,Family-to-Family Health Information Centers (F2F HIC),forecast,ok,7,G2,G2.O1,"This grant would help families of children and youth with special health care needs navigate complex health and service systems, supporting G2.O1's inclusion of specialty care for children with complex needs.","provide information, education, technical assistance, and peer support to families of children and youth with special health care needs (CYSHCN) and the professionals who serve them so that CYSHCN and their families can better navigate complex systems to receive needed services",lead,Eligible applicants include any domestic public or private entity.,DPH,8,"DPH already administers maternal and child health and Title V children and youth with special health care needs work, so an F2F HIC would extend its existing family support and care-navigation role.","The program is a family-to-family peer support model, so a state health department may be an atypical lead and would need to demonstrate authentic family partnership and leadership to compete.",True,Funds family peer navigation for children with special health care needs; aligns with child and family well-being and DPH's Title V CYSHCN role.,"[""Geographic eligibility limited to the 50 states, the District of Columbia, the five U.S. Territories, and entities that will serve American Indian and/or Alaska Native tribes.""]",True,True,lead,deepseek/deepseek-v4-pro,92b0344f579a,True,10.0,0.0,0.85,0.0,0.0,65.88,forecast_watchlist
76,b9c2ac9d-d8f0-45eb-9c6e-3b7446d01802,Women's Initiative for Screening and Health (WISH),forecast,True,False,,b9c2ac9d-d8f0-45eb-9c6e-3b7446d01802,HRSA-27-072,forecasted,HHS-HRSA,discretionary,,2026-08-12,,,2028-08-01,False,1.0,1000000.0,0.0,1000000.0,,,93.110|Special Projects of Regional and National Significance,cooperative_agreement,health,,special_district_governments;nonprofits_non_higher_education_without_501c3;for_profit_organizations_other_than_small_businesses;state_governments;private_institutions_of_higher_education;independent_school_districts;other_native_american_tribal_organizations;public_and_indian_housing_authorities;public_and_state_institutions_of_higher_education;federally_recognized_native_american_tribal_governments;small_businesses;county_governments;nonprofits_non_higher_education_with_501c3;city_or_township_governments,,Health Resources and Services Administration,Department of Health and Human Services,"Maternal and Child Health Bureau
​​301-443-5692​",​​wellwomancare@hrsa.gov​,​​wellwomancare@hrsa.gov​,2026-08-21,2026-09-20,"Electronically submitted applications must be submitted no later than 11:59 p.m., ET, on the listed application due date.",2027-01-30,2027-03-01,2027.0,,,https://simpler.grants.gov/opportunity/b9c2ac9d-d8f0-45eb-9c6e-3b7446d01802,"<p>The purpose of Women's Initiative for Screening and Health (WISH) is to improve women’s health across the lifespan by increasing access to and availability of preventive health services. Through a multidisciplinary coalition of healthcare providers, academic institutions, and patient-centered organizations, WISH drives a comprehensive strategy to: (1) review and recommend evidence-based updates to the HRSA-supported women’s preventive service guidelines (Guidelines), (2) raise awareness and knowledge of the (Guidelines), and (3) increase adoption and use of the Guidelines in clinical practice.&nbsp;</p>","The purpose of Women's Initiative for Screening and Health (WISH) is to improve women’s health across the lifespan by increasing access to and availability of preventive health services. Through a multidisciplinary coalition of healthcare providers, academic institutions, and patient-centered organizations, WISH drives a comprehensive strategy to: (1) review and recommend evidence-based updates to the HRSA-supported women’s preventive service guidelines (Guidelines), (2) raise awareness and knowledge of the (Guidelines), and (3) increase adoption and use of the Guidelines in clinical practice.","Women's Initiative for Screening and Health (WISH)
The purpose of Women's Initiative for Screening and Health (WISH) is to improve women’s health across the lifespan by increasing access to and availability of preventive health services. Through a multidisciplinary coalition of healthcare providers, academic institutions, and patient-centered organizations, WISH drives a comprehensive strategy to: (1) review and recommend evidence-based updates to the HRSA-supported women’s preventive service guidelines (Guidelines), (2) raise awareness and knowledge of the (Guidelines), and (3) increase adoption and use of the Guidelines in clinical practice.
",False,,,False,False,False,False,False,False,,False,-40.0,True,True,False,False,False,False,False,False,1000000.0,award_ceiling,1000000.0,True,False,True,True,False,False,5.0,False,,False,False,True,True,True,True,True,True,False,False,False,14,False,True,,False,False,False,False,1,True,False,False,,True,False,False,True,,2026-09-30,2026-08-18,Women's Initiative for Screening and Health (WISH),forecast,ok,7,G2,G2.O4,"The grant funds evidence-based women's preventive service guidelines and their adoption in clinical practice, which supports NCDHHS's objective to improve women's health and birth outcomes through prevention.",The purpose of Women's Initiative for Screening and Health (WISH) is to improve women’s health across the lifespan by increasing access to and availability of preventive health services.,atypical,state_governments,DPH,5,"DPH has existing women's health, maternal and child health, and clinical prevention programs, but it is not the typical convener of a national coalition that updates federal preventive services guidelines.","This grant is designed for a national guideline-setting coalition, so a state health department would be an atypical lead and direct North Carolina impact may be limited.",False,"Aligns with women's health and preventive services, but it funds a national guideline-setting coalition, making NCDHHS an atypical lead and limiting direct NC service impact.","[""Requires a multidisciplinary coalition of healthcare providers, academic institutions, and patient-centered organizations"", ""Cooperative agreement with substantial federal involvement""]",True,True,atypical,deepseek/deepseek-v4-pro,92b0344f579a,True,10.0,0.0,0.85,0.0,0.0,65.88,forecast_watchlist
77,eaef2942-a374-4ef2-bd3b-5d672083dfce,Drug-Free Communities (DFC) Support Program – Competing Continuation (Year 6),forecast,True,False,,eaef2942-a374-4ef2-bd3b-5d672083dfce,CDC-RFA-CE22-22050601CONT27,forecasted,HHS-CDC-NCIPC,discretionary,,2026-07-28,,,2026-12-18,True,50.0,31250000.0,0.0,125000.0,,,93.276|Drug-Free Communities Support Program Grants,grant,health,,other;city_or_township_governments;nonprofits_non_higher_education_with_501c3;private_institutions_of_higher_education;special_district_governments;federally_recognized_native_american_tribal_governments;independent_school_districts;public_and_state_institutions_of_higher_education;county_governments;nonprofits_non_higher_education_without_501c3;other_native_american_tribal_organizations,"Eligible applicants are community-based coalitions addressing youth substance use that have previously received a DFC grant (Year 1–5), have experienced a lapse in funding, or have concluded the first five-year funding cycle and are applying for a second five-year funding cycle.A DFC legal applicant (an organization applying on behalf of a coalition, the coalition, or the applicant coalition) must reside within the United States and/or the U.S. territories.Applicants must be a nonprofit (as defined by the IRS as a 501(c) organization); or an entity that the Administrator determines to be appropriate; or part of, or is associated with an established legally recognized domestic, public or private nonprofit organization.These entities can include state and local governments, federally recognized tribes, state-recognized tribes, urban Indian organizations (as defined in Pub. L. No. 94-437), public or private universities and colleges, professional associations, voluntary organizations, self-help groups, consumer and provider services-oriented constituency groups, community- and faith-based organizations, and tribal organizations. (Pub. L. No. 114-198 Sec 103).For the purposes of this NOFO and the DFC Support Program, a coalition is defined as a community-based formal arrangement for cooperation and collaboration among groups or sectors of a community in which each group retains its identity, but all agree to work together toward a common goal of building a safe, healthy, and drug-free community.",Centers for Disease Control - NCIPC,Department of Health and Human Services,"Christi Jones
000-000-0000",DFC_NOFO@cdc.gov,DFC_NOFO@cdc.gov,2026-09-19,2026-11-18,Electronically submitted applications must be submitted no later than 11:59 pm ET on the listed application due date.,2027-08-30,2027-09-30,2027.0,,,https://simpler.grants.gov/opportunity/eaef2942-a374-4ef2-bd3b-5d672083dfce,"<p>The Drug-Free Communities (DFC) Support Program was created by the Drug-Free Communities Act of 1997 (Public Law 105-20). The Executive Office of the President, Office of National Drug Control Policy (ONDCP), and the Department of Health and Human Services (HHS), Centers for Disease Control and Prevention (CDC), National Center for Injury Prevention and Control (NCIPC) are accepting applications for Fiscal Year (FY) 2026 Drug-Free Communities (DFC) Support Program Grants.<br>The purpose of the DFC Support Program is to establish and strengthen collaborations to support the efforts of community coalitions working to prevent and reduce substance use among youth.<br>By statute, the DFC Support Program has two goals: 1) Establish and strengthen the collaboration among communities, public and private non-profit agencies, as well as federal, state, local, and tribal governments to support the efforts of community coalitions working to prevent and reduce substance use among youth (individuals 18 years of age and younger).<br>2) Reduce substance use among youth and, over time, reduce substance use among adults by addressing the factors in a community that increases the risk of substance use and promoting the factors that minimize the risk of substance use.<br>This funding opportunity will fund applicants who have concluded the first (Year 1 – 5) funding cycle or have experienced a lapse in funding.</p>","The Drug-Free Communities (DFC) Support Program was created by the Drug-Free Communities Act of 1997 (Public Law 105-20). The Executive Office of the President, Office of National Drug Control Policy (ONDCP), and the Department of Health and Human Services (HHS), Centers for Disease Control and Prevention (CDC), National Center for Injury Prevention and Control (NCIPC) are accepting applications for Fiscal Year (FY) 2026 Drug-Free Communities (DFC) Support Program Grants.
The purpose of the DFC Support Program is to establish and strengthen collaborations to support the efforts of community coalitions working to prevent and reduce substance use among youth.
By statute, the DFC Support Program has two goals: 1) Establish and strengthen the collaboration among communities, public and private non-profit agencies, as well as federal, state, local, and tribal governments to support the efforts of community coalitions working to prevent and reduce substance use among youth (individuals 18 years of age and younger).
2) Reduce substance use among youth and, over time, reduce substance use among adults by addressing the factors in a community that increases the risk of substance use and promoting the factors that minimize the risk of substance use.
This funding opportunity will fund applicants who have concluded the first (Year 1 – 5) funding cycle or have experienced a lapse in funding.","Drug-Free Communities (DFC) Support Program – Competing Continuation (Year 6)
The Drug-Free Communities (DFC) Support Program was created by the Drug-Free Communities Act of 1997 (Public Law 105-20). The Executive Office of the President, Office of National Drug Control Policy (ONDCP), and the Department of Health and Human Services (HHS), Centers for Disease Control and Prevention (CDC), National Center for Injury Prevention and Control (NCIPC) are accepting applications for Fiscal Year (FY) 2026 Drug-Free Communities (DFC) Support Program Grants.
The purpose of the DFC Support Program is to establish and strengthen collaborations to support the efforts of community coalitions working to prevent and reduce substance use among youth.
By statute, the DFC Support Program has two goals: 1) Establish and strengthen the collaboration among communities, public and private non-profit agencies, as well as federal, state, local, and tribal governments to support the efforts of community coalitions working to prevent and reduce substance use among youth (individuals 18 years of age and younger).
2) Reduce substance use among youth and, over time, reduce substance use among adults by addressing the factors in a community that increases the risk of substance use and promoting the factors that minimize the risk of substance use.
This funding opportunity will fund applicants who have concluded the first (Year 1 – 5) funding cycle or have experienced a lapse in funding.
Eligible applicants are community-based coalitions addressing youth substance use that have previously received a DFC grant (Year 1–5), have experienced a lapse in funding, or have concluded the first five-year funding cycle and are applying for a second five-year funding cycle.A DFC legal applicant (an organization applying on behalf of a coalition, the coalition, or the applicant coalition) must reside within the United States and/or the U.S. territories.Applicants must be a nonprofit (as defined by the IRS as a 501(c) organization); or an entity that the Administrator determines to be appropriate; or part of, or is associated with an established legally recognized domestic, public or private nonprofit organization.These entities can include state and local governments, federally recognized tribes, state-recognized tribes, urban Indian organizations (as defined in Pub. L. No. 94-437), public or private universities and colleges, professional associations, voluntary organizations, self-help groups, consumer and provider services-oriented constituency groups, community- and faith-based organizations, and tribal organizations. (Pub. L. No. 114-198 Sec 103).For the purposes of this NOFO and the DFC Support Program, a coalition is defined as a community-based formal arrangement for cooperation and collaboration among groups or sectors of a community in which each group retains its identity, but all agree to work together toward a common goal of building a safe, healthy, and drug-free community.",False,,,False,False,False,False,False,False,,False,-11.0,True,False,True,False,False,False,False,False,625000.0,award_ceiling,125000.0,True,False,False,False,False,False,0.48,False,,True,False,False,True,True,True,True,False,False,False,True,11,False,False,,False,False,False,False,1,True,False,False,,True,False,False,False,,2026-09-30,2026-08-18,Drug-Free Communities (DFC) Support Program – Competing Continuation (Year 6),forecast,ok,8,G3,G3.O4,"The grant funds community coalitions working to prevent and reduce youth substance use, which directly supports NCDHHS's objective to turn the tide on the substance use crisis.",The purpose of the DFC Support Program is to establish and strengthen collaborations to support the efforts of community coalitions working to prevent and reduce substance use among youth.,atypical,These entities can include state and local governments,DMHDDSUS,6,"DMHDDSUS oversees substance use and opioid services and could support community prevention coalitions, but DFC requires a community-based coalition legal applicant rather than a typical state-operated program.","This is a competing continuation for existing community coalitions, so NCDHHS would need to identify an eligible coalition and serve as its legal applicant rather than operate a state-run program.",False,"Fits substance use prevention under G3.O4 but is a continuation for existing community coalitions, making NCDHHS an atypical applicant rather than the primary audience.","[""Funding is limited to applicants that have concluded the first DFC funding cycle or experienced a lapse in funding."", ""The DFC legal applicant must reside within the United States and/or U.S. territories.""]",True,True,atypical,deepseek/deepseek-v4-pro,92b0344f579a,True,10.0,0.0,0.85,0.0,0.0,64.38,forecast_watchlist
78,4e2240c3-a6ef-4034-be00-8d27dca92c4a,Continuing Enhanced National Surveillance for Prion Diseases in the United States,forecast,True,False,,4e2240c3-a6ef-4034-be00-8d27dca92c4a,CDC-RFA-CK-27-0046,forecasted,HHS-CDC-NCEZID,discretionary,,2026-07-10,,,2027-04-26,False,1.0,25000000.0,3000000.0,25000000.0,,,93.317|Emerging Infections Programs,cooperative_agreement,health,,small_businesses;other_native_american_tribal_organizations;for_profit_organizations_other_than_small_businesses;state_governments;nonprofits_non_higher_education_without_501c3;county_governments;federally_recognized_native_american_tribal_governments;independent_school_districts;public_and_state_institutions_of_higher_education;city_or_township_governments;private_institutions_of_higher_education;unrestricted;special_district_governments;nonprofits_non_higher_education_with_501c3,,Centers for Disease Control - NCEZID,Department of Health and Human Services,"Lisa Angel
404-639-1083",langel@cdc.gov,langel@cdc.gov,2026-12-29,2027-03-27,Electronically submitted applications must be submitted no later than 11:59 pm ET on the listed application due date.,2027-08-31,2027-08-31,2027.0,,,https://simpler.grants.gov/opportunity/4e2240c3-a6ef-4034-be00-8d27dca92c4a,"<p>The CDC announces the availability of FY 2027 funds for a cooperative agreement to continue enhanced national surveillance for human prion diseases, also known as transmissible spongiform encephalopathies (TSEs), in the United States. The purpose is to continue an active surveillance program to help confirm suspected and clinically diagnosed cases of human prion disease and to monitor the occurrence of potentially emerging human prion diseases in the United States. Outcomes are enhanced national surveillance for always fatal human prion diseases through improved diagnoses and continued monitoring for emerging or new prion diseases in the United States. These outcomes are accomplished through the funding of a specialized center to conduct state-of-the-art diagnostic techniques. Prion diseases can only be confirmed through brain tissue analyses, and many facilities lack the expertise and/or the willingness, due to infection control concerns, to handle and accurately diagnose specimens from suspected cases. Since 1997, the Centers for Disease Control and Prevention (CDC) has funded a center to provide prion disease diagnostic services, which has allowed for disease confirmation, evaluation of disease trends over time, and identification of disease subtypes. Data have been shared with CDC experts who partner with center staff, providing guidance and epidemiological knowledge. This collaboration has contributed to accurate national surveillance findings and helped to provide confidence that novel prion diseases, such as a human form of the animal prion disease, chronic wasting disease, have not been occurring in the country.</p>","The CDC announces the availability of FY 2027 funds for a cooperative agreement to continue enhanced national surveillance for human prion diseases, also known as transmissible spongiform encephalopathies (TSEs), in the United States. The purpose is to continue an active surveillance program to help confirm suspected and clinically diagnosed cases of human prion disease and to monitor the occurrence of potentially emerging human prion diseases in the United States. Outcomes are enhanced national surveillance for always fatal human prion diseases through improved diagnoses and continued monitoring for emerging or new prion diseases in the United States. These outcomes are accomplished through the funding of a specialized center to conduct state-of-the-art diagnostic techniques. Prion diseases can only be confirmed through brain tissue analyses, and many facilities lack the expertise and/or the willingness, due to infection control concerns, to handle and accurately diagnose specimens from suspected cases. Since 1997, the Centers for Disease Control and Prevention (CDC) has funded a center to provide prion disease diagnostic services, which has allowed for disease confirmation, evaluation of disease trends over time, and identification of disease subtypes. Data have been shared with CDC experts who partner with center staff, providing guidance and epidemiological knowledge. This collaboration has contributed to accurate national surveillance findings and helped to provide confidence that novel prion diseases, such as a human form of the animal prion disease, chronic wasting disease, have not been occurring in the country.","Continuing Enhanced National Surveillance for Prion Diseases in the United States
The CDC announces the availability of FY 2027 funds for a cooperative agreement to continue enhanced national surveillance for human prion diseases, also known as transmissible spongiform encephalopathies (TSEs), in the United States. The purpose is to continue an active surveillance program to help confirm suspected and clinically diagnosed cases of human prion disease and to monitor the occurrence of potentially emerging human prion diseases in the United States. Outcomes are enhanced national surveillance for always fatal human prion diseases through improved diagnoses and continued monitoring for emerging or new prion diseases in the United States. These outcomes are accomplished through the funding of a specialized center to conduct state-of-the-art diagnostic techniques. Prion diseases can only be confirmed through brain tissue analyses, and many facilities lack the expertise and/or the willingness, due to infection control concerns, to handle and accurately diagnose specimens from suspected cases. Since 1997, the Centers for Disease Control and Prevention (CDC) has funded a center to provide prion disease diagnostic services, which has allowed for disease confirmation, evaluation of disease trends over time, and identification of disease subtypes. Data have been shared with CDC experts who partner with center staff, providing guidance and epidemiological knowledge. This collaboration has contributed to accurate national surveillance findings and helped to provide confidence that novel prion diseases, such as a human form of the animal prion disease, chronic wasting disease, have not been occurring in the country.
",False,,,False,False,False,False,False,False,,False,90.0,False,False,False,False,False,False,False,False,25000000.0,award_ceiling,25000000.0,True,False,True,True,False,False,10.0,False,,False,False,True,True,True,True,True,True,False,True,False,14,False,True,,False,False,False,False,1,True,False,False,,True,False,False,True,,2026-09-30,2026-08-18,Continuing Enhanced National Surveillance for Prion Diseases in the United States,forecast,ok,4,G5,G5.O1,"The grant funds enhanced national prion disease surveillance and diagnostic data collection, which could support data-driven public health decision-making.",The purpose is to continue an active surveillance program to help confirm suspected and clinically diagnosed cases of human prion disease and to monitor the occurrence of potentially emerging human prion diseases in the United States.,lead,state_governments,DPH,5,"DPH conducts disease surveillance and laboratory work, but this award requires a specialized national prion diagnostic center that is not a routine NCDHHS laboratory function.","The cooperative agreement likely continues an existing CDC-funded national center, so NCDHHS would face strong incumbency and would need specialized prion diagnostic laboratory capacity it may not have.",False,Low strategic fit; national prion diagnostic surveillance is not a named NCDHHS objective and requires specialized lab capacity beyond DPH's routine disease surveillance.,[],True,True,lead,deepseek/deepseek-v4-pro,92b0344f579a,True,10.0,0.0,0.85,0.0,0.0,64.12,forecast_watchlist
79,5eee2aa1-5761-4fdb-a0d0-835245a05a86,FDA OMHHE Convener for Racial & Ethnic minority Acceleration Consortium for Health Equity (REACH),forecast,True,False,,5eee2aa1-5761-4fdb-a0d0-835245a05a86,FOR-FD-23-006,forecasted,HHS-FDA,discretionary,,2022-07-06,,,,False,1.0,,,,,,93.103|Food and Drug Administration Research,cooperative_agreement,science_technology_and_other_research_and_development,,public_and_indian_housing_authorities;other_native_american_tribal_organizations;city_or_township_governments;state_governments;for_profit_organizations_other_than_small_businesses;nonprofits_non_higher_education_with_501c3;nonprofits_non_higher_education_without_501c3;private_institutions_of_higher_education;special_district_governments;small_businesses;public_and_state_institutions_of_higher_education;independent_school_districts;county_governments;federally_recognized_native_american_tribal_governments,,Food and Drug Administration,Department of Health and Human Services,"Shashi Malhotra
Grants Management Specialist
2404027592",shashi.malhotra@fda.hhs.gov,shashi.malhotra@fda.hhs.gov,2023-01-03,2023-03-03,,,,2023.0,,,https://simpler.grants.gov/opportunity/5eee2aa1-5761-4fdb-a0d0-835245a05a86,"<p>The goal of this FOA is to support a convener for FDA OMHHE's Racial &amp; Ethnic minority Acceleration Consortium for Health Equity (REACH). REACH, supported through a separate FOA, will consist of 5-8 multi-project cooperative agreement (U01) awardees that will strengthen and advance minority health and health equity regulatory needs by supporting communications, research, and collaboration on diseases and conditions that disproportionately impact racial and ethnic minority populations, as well as prepare for and proactively respond to existing/emerging threats that impact racial and ethnic minority and other underrepresented or undeserved communities.</p><p><br></p><p>The REACH convener supported by this FOA will be responsible for: coordinating cross-REACH data integration, analysis, and visualization; coordinating convening, workshops, and fostering collaborations amongst REACH investigators by managing the REACH subcommittees and an infrastructure to support collaborative studies.</p>","The goal of this FOA is to support a convener for FDA OMHHE's Racial & Ethnic minority Acceleration Consortium for Health Equity (REACH). REACH, supported through a separate FOA, will consist of 5-8 multi-project cooperative agreement (U01) awardees that will strengthen and advance minority health and health equity regulatory needs by supporting communications, research, and collaboration on diseases and conditions that disproportionately impact racial and ethnic minority populations, as well as prepare for and proactively respond to existing/emerging threats that impact racial and ethnic minority and other underrepresented or undeserved communities.
 

 The REACH convener supported by this FOA will be responsible for: coordinating cross-REACH data integration, analysis, and visualization; coordinating convening, workshops, and fostering collaborations amongst REACH investigators by managing the REACH subcommittees and an infrastructure to support collaborative studies.","FDA OMHHE Convener for Racial & Ethnic minority Acceleration Consortium for Health Equity (REACH)
The goal of this FOA is to support a convener for FDA OMHHE's Racial & Ethnic minority Acceleration Consortium for Health Equity (REACH). REACH, supported through a separate FOA, will consist of 5-8 multi-project cooperative agreement (U01) awardees that will strengthen and advance minority health and health equity regulatory needs by supporting communications, research, and collaboration on diseases and conditions that disproportionately impact racial and ethnic minority populations, as well as prepare for and proactively respond to existing/emerging threats that impact racial and ethnic minority and other underrepresented or undeserved communities.
 

 The REACH convener supported by this FOA will be responsible for: coordinating cross-REACH data integration, analysis, and visualization; coordinating convening, workshops, and fostering collaborations amongst REACH investigators by managing the REACH subcommittees and an infrastructure to support collaborative studies.
",False,,,False,False,False,False,False,False,,False,-1366.0,True,True,False,False,False,False,False,False,,unknown,,False,True,False,True,False,True,5.0,False,,False,False,True,True,True,True,True,True,False,False,False,14,False,True,,False,False,False,False,1,True,False,False,,True,False,False,True,,2026-09-30,2026-08-18,FDA OMHHE Convener for Racial & Ethnic minority Acceleration Consortium for Health Equity (REACH),forecast,ok,7,G1,G1.O1,"The convener role builds a collaborative and data-sharing structure focused on reducing health disparities for racial and ethnic minority populations, matching G1.O1's emphasis on health equity infrastructure.","strengthen and advance minority health and health equity regulatory needs by supporting communications, research, and collaboration on diseases and conditions that disproportionately impact racial and ethnic minority populations",lead,state_governments,OSEC,3,"OSEC's department-wide data and health-equity coordination partially matches the convener duties, but the FDA regulatory research focus and national consortium are outside NCDHHS's core authority and experience.",Limited direct benefit to North Carolina residents because the award funds national FDA regulatory research coordination rather than state health program delivery.,False,Aligns with health-equity and data-sharing goals but funds a national FDA research consortium convener outside DHHS's core state service role.,[],True,True,lead,deepseek/deepseek-v4-pro,92b0344f579a,True,10.0,0.0,0.85,0.0,0.0,60.0,forecast_watchlist
80,9f506d94-0ad4-4b56-998d-4ddb82ce92b9,Cooperative Agreement to Support Effective Dissemination of Clinical Practice Guidelines,forecast,True,False,,9f506d94-0ad4-4b56-998d-4ddb82ce92b9,FOR-FD-25-010,forecasted,HHS-FDA,discretionary,,2024-08-14,,,,False,1.0,,1000000.0,1000000.0,,,93.103|Food and Drug Administration Research,cooperative_agreement,agriculture;food_and_nutrition;consumer_protection,,public_and_state_institutions_of_higher_education;private_institutions_of_higher_education;public_and_indian_housing_authorities;nonprofits_non_higher_education_without_501c3;for_profit_organizations_other_than_small_businesses;county_governments;unrestricted;small_businesses;other_native_american_tribal_organizations;independent_school_districts;state_governments;federally_recognized_native_american_tribal_governments;nonprofits_non_higher_education_with_501c3;city_or_township_governments;special_district_governments,,Food and Drug Administration,Department of Health and Human Services,"Terrin Brown
Grantor
2404027610",terrin.brown@fda.hhs.gov,terrin.brown@fda.hhs.gov,,,,,,2025.0,,,https://simpler.grants.gov/opportunity/9f506d94-0ad4-4b56-998d-4ddb82ce92b9,"<p>To support dissemination of clinical practice guidelines, particularly those whose development was previously supported by FDA cooperative agreements. Applicants must propose a comprehensive plan to develop, evaluate, and distribute materials to facilitate dissemination, with a focus on equity.</p>","To support dissemination of clinical practice guidelines, particularly those whose development was previously supported by FDA cooperative agreements. Applicants must propose a comprehensive plan to develop, evaluate, and distribute materials to facilitate dissemination, with a focus on equity.","Cooperative Agreement to Support Effective Dissemination of Clinical Practice Guidelines
To support dissemination of clinical practice guidelines, particularly those whose development was previously supported by FDA cooperative agreements. Applicants must propose a comprehensive plan to develop, evaluate, and distribute materials to facilitate dissemination, with a focus on equity.
",False,,,False,False,False,False,False,False,,True,,False,False,False,False,False,False,False,False,,award_ceiling,1000000.0,True,False,True,True,False,False,5.0,False,,False,False,True,True,True,True,True,True,False,True,False,15,False,True,,False,False,False,False,1,True,False,False,,True,False,False,True,,2026-09-30,2026-08-18,Cooperative Agreement to Support Effective Dissemination of Clinical Practice Guidelines,forecast,ok,5,G1,G1.O1,The project's explicit focus on equity in clinical guideline dissemination supports G1.O1's goal of building structures to reduce health disparities and increase health access.,"To support dissemination of clinical practice guidelines, particularly those whose development was previously supported by FDA cooperative agreements.",lead,state_governments,DPH,5,"DPH could manage dissemination of clinical guidance through its clinical and health-equity programs, but this FDA guideline-specific work is outside its core public health functions.",The grant targets dissemination of guidelines previously supported by FDA cooperative agreements; NCDHHS may not have such products or established clinical specialty networks.,False,"FDA clinical-guideline dissemination is a moderate equity fit for DPH, but NCDHHS likely lacks FDA-supported guidelines and clinical networks to be competitive.",[],True,True,lead,deepseek/deepseek-v4-pro,92b0344f579a,True,10.0,0.0,0.85,0.0,0.0,58.82,forecast_watchlist
81,188aac01-0056-4dd0-9bde-54cf6ddf113c,Radiation Exposure Screening and Education Program,forecast,True,False,,188aac01-0056-4dd0-9bde-54cf6ddf113c,HRSA-27-039,forecasted,HHS-HRSA,discretionary,,2026-08-13,,,2028-09-01,False,8.0,3889000.0,250000.0,500000.0,,,"93.257|Grants for Education, Prevention, and Early Detection of Radiogenic Cancers and Diseases",grant,health,,county_governments;state_governments;public_and_state_institutions_of_higher_education;federally_recognized_native_american_tribal_governments;private_institutions_of_higher_education;small_businesses;city_or_township_governments;for_profit_organizations_other_than_small_businesses;nonprofits_non_higher_education_with_501c3;independent_school_districts;nonprofits_non_higher_education_without_501c3;special_district_governments,Successful applications must target populations located in the states cited in the Radiation Exposure Compensation Act.,Health Resources and Services Administration,Department of Health and Human Services,"Sachi Khushu
301-443-2466",FORHPRESEP@hrsa.gov,FORHPRESEP@hrsa.gov,2027-03-30,2027-05-25,"Electronically submitted applications must be submitted no later than 11:59 p.m., ET, on the listed application due date.",2027-08-01,2027-09-01,2027.0,,,https://simpler.grants.gov/opportunity/188aac01-0056-4dd0-9bde-54cf6ddf113c,<p>This program supports organizations to screen and educate people exposed to radiation related to the mining of uranium and U.S. testing of nuclear weapons.</p>,This program supports organizations to screen and educate people exposed to radiation related to the mining of uranium and U.S. testing of nuclear weapons.,"Radiation Exposure Screening and Education Program
This program supports organizations to screen and educate people exposed to radiation related to the mining of uranium and U.S. testing of nuclear weapons.
Successful applications must target populations located in the states cited in the Radiation Exposure Compensation Act.",False,,,False,False,False,False,False,False,,False,181.0,False,False,False,False,False,False,False,False,486125.0,award_ceiling,500000.0,True,False,False,False,False,False,3.49,False,,False,False,True,True,True,True,True,True,False,False,False,12,False,True,,False,False,False,False,1,True,False,False,,True,False,False,False,,2026-09-30,2026-08-18,Radiation Exposure Screening and Education Program,forecast,ok,5,G1,G1.O1,"The grant funds screening and education for radiation-exposed people, a higher-risk population, supporting health access and disparity reduction under Goal 1.",This program supports organizations to screen and educate people exposed to radiation related to the mining of uranium and U.S. testing of nuclear weapons.,lead,state_governments,DPH,5,"DPH's environmental health and epidemiology role could house a radiation-exposure screening and education program, though it is a specialized and likely new activity.","North Carolina may not be a RECA state, so NCDHHS may lack a local eligible target population and would need to justify or establish out-of-state service delivery.",False,"Targets populations in Radiation Exposure Compensation Act states; North Carolina may not be covered, limiting fit despite DPH's public health relevance.","[""Must target populations located in the states cited in the Radiation Exposure Compensation Act.""]",True,True,lead,deepseek/deepseek-v4-pro,92b0344f579a,True,10.0,0.0,0.85,0.0,0.0,56.16,forecast_watchlist
82,53a50b75-bff2-46ac-835b-e5f063f44959,Identify and Evaluate Potential Risk Factors for Amyotrophic Lateral Sclerosis (ALS),forecast,True,False,,53a50b75-bff2-46ac-835b-e5f063f44959,RFA-TS-27-018,forecasted,HHS-CDC-HHSCDCERA,discretionary,,2026-07-08,,,,False,3.0,4500000.0,0.0,500000.0,,,93.061|Innovations in Applied Public Health Research,cooperative_agreement,health,,nonprofits_non_higher_education_without_501c3;independent_school_districts;public_and_indian_housing_authorities;federally_recognized_native_american_tribal_governments;unrestricted;state_governments;nonprofits_non_higher_education_with_501c3;public_and_state_institutions_of_higher_education;special_district_governments;private_institutions_of_higher_education;city_or_township_governments;other_native_american_tribal_organizations;county_governments;other,Additional Eligibility Information to be included in the NOFO.,Centers for Disease Control and Prevention - ERA,Department of Health and Human Services,"Dr. Candis Hunter
770-488-1347",ncipc_erpo@cdc.gov,ncipc_erpo@cdc.gov,2026-10-01,2026-12-01,Electronically submitted applications must be submitted no later than 11:59 pm ET on the listed application due date.,2027-08-29,2027-09-30,2027.0,,,https://simpler.grants.gov/opportunity/53a50b75-bff2-46ac-835b-e5f063f44959,"<p>CDC/ATSDR is inviting research proposals to study risk factors for Amyotrophic Lateral Sclerosis (ALS). Studies on military service, contact sports, traumatic brain injury, neuroinflammation, and infections agents and exposures are encouraged. Funding will be for four funding options: Option A - Support research with strong existing evidence such as studies on known environmental or genetic risk factors, research that improves past studies with better data, or investigations linking risk factors to ALS diagnosis and treatment; Option B - Support new and exploratory research on ALS risk factors such as studies on risk factors with little existing evidence or research using innovative methods; Option C - Understand ALS risk in affected populations, such as studies involving military veterans or investigations of ALS risk factors impacting this population; Option D - Analyze biological samples from the Guamanian ALS cluster such as investigation of disease mechanisms and environmental factors, exposure routes, genetic studies and biomarkers and how this could lead to mitigation therapeutics, diagnostics or prevention.&nbsp;&nbsp;</p>","CDC/ATSDR is inviting research proposals to study risk factors for Amyotrophic Lateral Sclerosis (ALS). Studies on military service, contact sports, traumatic brain injury, neuroinflammation, and infections agents and exposures are encouraged. Funding will be for four funding options: Option A - Support research with strong existing evidence such as studies on known environmental or genetic risk factors, research that improves past studies with better data, or investigations linking risk factors to ALS diagnosis and treatment; Option B - Support new and exploratory research on ALS risk factors such as studies on risk factors with little existing evidence or research using innovative methods; Option C - Understand ALS risk in affected populations, such as studies involving military veterans or investigations of ALS risk factors impacting this population; Option D - Analyze biological samples from the Guamanian ALS cluster such as investigation of disease mechanisms and environmental factors, exposure routes, genetic studies and biomarkers and how this could lead to mitigation therapeutics, diagnostics or prevention.","Identify and Evaluate Potential Risk Factors for Amyotrophic Lateral Sclerosis (ALS)
CDC/ATSDR is inviting research proposals to study risk factors for Amyotrophic Lateral Sclerosis (ALS). Studies on military service, contact sports, traumatic brain injury, neuroinflammation, and infections agents and exposures are encouraged. Funding will be for four funding options: Option A - Support research with strong existing evidence such as studies on known environmental or genetic risk factors, research that improves past studies with better data, or investigations linking risk factors to ALS diagnosis and treatment; Option B - Support new and exploratory research on ALS risk factors such as studies on risk factors with little existing evidence or research using innovative methods; Option C - Understand ALS risk in affected populations, such as studies involving military veterans or investigations of ALS risk factors impacting this population; Option D - Analyze biological samples from the Guamanian ALS cluster such as investigation of disease mechanisms and environmental factors, exposure routes, genetic studies and biomarkers and how this could lead to mitigation therapeutics, diagnostics or prevention.
Additional Eligibility Information to be included in the NOFO.",False,,,False,False,False,False,False,False,,False,1.0,False,False,False,False,False,False,False,False,1500000.0,award_ceiling,500000.0,True,False,False,True,False,False,3.49,False,,False,False,True,True,True,True,True,False,False,True,True,14,False,True,,False,False,False,False,1,True,False,False,,True,False,False,False,,2026-09-30,2026-08-18,Identify and Evaluate Potential Risk Factors for Amyotrophic Lateral Sclerosis (ALS),forecast,ok,2,none,none,"The grant funds ALS risk-factor research, which does not directly advance any named NCDHHS strategic objective and only generally overlaps with DPH epidemiology.",CDC/ATSDR is inviting research proposals to study risk factors for Amyotrophic Lateral Sclerosis (ALS).,lead,state_governments,DPH,5,"DPH has epidemiology and environmental health capacity that could support ALS risk-factor research, but it is not an established ALS research program and would likely need academic partners.","This ALS-specific research is outside NCDHHS's named strategic priorities, so the grant could consume DPH epidemiological and laboratory capacity for a topic with little direct state return.",False,"Eligible CDC research, but ALS risk factors do not match a named NCDHHS objective; DPH has relevant capacity but this would be a low-priority, resource-intensive pursuit.",[],True,True,lead,deepseek/deepseek-v4-pro,92b0344f579a,True,10.0,0.0,0.85,0.0,0.0,45.57,forecast_watchlist
83,53a9668b-46cf-44c9-af8c-b5011200eb65,Preservation and Reinvestment Initiative for Community Enhancement (PRICE),forecast,True,False,,53a9668b-46cf-44c9-af8c-b5011200eb65,CPD-2600-DC-0099,forecasted,HUD,discretionary,,2026-04-27,,,,False,3.0,10000000.0,1000000.0,5000000.0,https://hud.gov/program_offices/comm_planning/price,https://hud.gov/program_offices/comm_planning/price,14.024|Community Development Block Grant- PRICE Competition,grant,community_development,,other;federally_recognized_native_american_tribal_governments;other_native_american_tribal_organizations;unrestricted;state_governments;county_governments;city_or_township_governments,"Other eligible applicants include multi-jurisdictional entities, metropolitan planning organizations, resident-controlled MHCs, cooperatives, non-profit entities (including consortia of non-profit entities), CDFIs, Tribal Applicants, and entities that partner with one or several residents of such eligible Manufactured Housing Communities or that propose to implement a grant program that would assist residents of such eligible Manufactured Housing Communities.  Individuals, foreign entities, and sole proprietorship organizations are not eligible to compete for, or receive, awards made under this announcement.",Department of Housing and Urban Development,Department of Housing and Urban Development,"B. Cory Schwartz
202-402-4105",PRICE@HUD.gov,PRICE@HUD.gov,2026-08-17,2026-10-19,"Electronically submitted applications must be submitted no later than 11:59 p.m., ET, on the listed application due date.",2026-12-15,2026-12-16,2026.0,,,https://simpler.grants.gov/opportunity/53a9668b-46cf-44c9-af8c-b5011200eb65,"<p>HUD is issuing the Preservation and Reinvestment Initiative for Community Enhancement (PRICE) competition NOFO to preserve long-term housing affordability for residents of manufactured housing or an MHC, to redevelop MHCs, and to primarily benefit low- and moderate-income (LMI) residents. Congress appropriated in FY2025 these competitive grants to preserve and revitalize manufactured housing and eligible manufactured housing communities and directed HUD to undertake a competition under title I of the Housing and Community Development Act of 1974, as amended (42 U.S.C. 5301 et seq.).&nbsp;</p>","HUD is issuing the Preservation and Reinvestment Initiative for Community Enhancement (PRICE) competition NOFO to preserve long-term housing affordability for residents of manufactured housing or an MHC, to redevelop MHCs, and to primarily benefit low- and moderate-income (LMI) residents. Congress appropriated in FY2025 these competitive grants to preserve and revitalize manufactured housing and eligible manufactured housing communities and directed HUD to undertake a competition under title I of the Housing and Community Development Act of 1974, as amended (42 U.S.C. 5301 et seq.).","Preservation and Reinvestment Initiative for Community Enhancement (PRICE)
HUD is issuing the Preservation and Reinvestment Initiative for Community Enhancement (PRICE) competition NOFO to preserve long-term housing affordability for residents of manufactured housing or an MHC, to redevelop MHCs, and to primarily benefit low- and moderate-income (LMI) residents. Congress appropriated in FY2025 these competitive grants to preserve and revitalize manufactured housing and eligible manufactured housing communities and directed HUD to undertake a competition under title I of the Housing and Community Development Act of 1974, as amended (42 U.S.C. 5301 et seq.).
Other eligible applicants include multi-jurisdictional entities, metropolitan planning organizations, resident-controlled MHCs, cooperatives, non-profit entities (including consortia of non-profit entities), CDFIs, Tribal Applicants, and entities that partner with one or several residents of such eligible Manufactured Housing Communities or that propose to implement a grant program that would assist residents of such eligible Manufactured Housing Communities.  Individuals, foreign entities, and sole proprietorship organizations are not eligible to compete for, or receive, awards made under this announcement.",False,,,False,False,False,False,False,False,,False,-44.0,True,False,True,False,False,False,False,False,3333333.333333333,award_ceiling,5000000.0,True,False,True,True,False,False,8.49,False,,False,False,True,True,False,False,True,False,False,True,True,7,False,False,,False,False,False,False,1,False,False,False,,False,False,False,False,,2026-09-30,2026-08-18,Preservation and Reinvestment Initiative for Community Enhancement (PRICE),forecast,ok,2,none,none,"The grant funds manufactured housing preservation and redevelopment for low- and moderate-income residents, which may indirectly touch health-related social determinants but does not directly fund a named NCDHHS strategy.","preserve long-term housing affordability for residents of manufactured housing or an MHC, to redevelop MHCs, and to primarily benefit low- and moderate-income (LMI) residents",lead,state_governments,none,1,"NCDHHS has no division with authority or experience in manufactured housing community redevelopment or CDBG-funded community development, so this would be outside its existing operations.","NCDHHS would be an atypical lead for a HUD CDBG housing redevelopment program, with no housing or community development division and no CDBG implementation track record.",False,"This funds manufactured housing preservation and redevelopment under HUD CDBG, a housing function outside NCDHHS's health and human services objectives and divisions.","[""Funds must primarily benefit low- and moderate-income (LMI) residents"", ""Funds must be used to preserve long-term housing affordability for residents of manufactured housing or an MHC, or to redevelop MHCs""]",True,True,lead,deepseek/deepseek-v4-pro,92b0344f579a,True,10.0,0.0,0.85,0.0,0.0,42.63,forecast_watchlist
84,74c7ed49-a225-421f-aaed-af3139bd4fb9,Eviction Protection Grant Program,forecast,True,False,,74c7ed49-a225-421f-aaed-af3139bd4fb9,PDR-2600-DC-0079,forecasted,HUD,discretionary,,2026-07-10,,,,False,16.0,27500000.0,500000.0,2000000.0,https://www.huduser.gov/portal/eviction-protection-grant.html,https://www.huduser.gov/portal/eviction-protection-grant.html,14.537|Eviction Protection Grant Program,grant,housing,,nonprofits_non_higher_education_with_501c3;county_governments;other_native_american_tribal_organizations;special_district_governments;other;nonprofits_non_higher_education_without_501c3;city_or_township_governments;federally_recognized_native_american_tribal_governments;public_and_state_institutions_of_higher_education;state_governments;private_institutions_of_higher_education,"Within the categories of eligible entities, you must be a nonprofit organization or government entity. Examples of entities that may be eligible, if requirements are met, include: 1) legal aid or legal clinic provider, 2) private nonprofit or state institution of higher education, 3) housing counseling or other social service organization that provides legal assistance, and 4) local, state, or tribal agency or court. Individuals, foreign entities, and sole proprietorship organizations, for-profit private institutions of higher education, Public Housing Agencies (PHAs), and Tribally Designated Housing Entities (TDHEs) are not eligible to compete for, or receive, awards made under this announcement.",Department of Housing and Urban Development,Department of Housing and Urban Development,"Office of Policy Development & Research
Please contact us via email with any questions about this announcement.",researchpartnerships@hud.gov,researchpartnerships@hud.gov,2026-12-17,2027-02-17,"Electronically submitted applications must be submitted no later than 11:59 p.m., ET, on the listed application due date.",2027-09-30,2027-10-01,2026.0,,,https://simpler.grants.gov/opportunity/74c7ed49-a225-421f-aaed-af3139bd4fb9,"<p>The Eviction Protection Grant Program (EPGP) will provide competitive awards to approximately 16 eligible nonprofit organizations and government entities to provide no cost legal assistance (including assistance related to pretrial activities, trial activities, post-trial activities and alternative dispute resolution) to low-income tenants at risk of or subject to eviction.</p>","The Eviction Protection Grant Program (EPGP) will provide competitive awards to approximately 16 eligible nonprofit organizations and government entities to provide no cost legal assistance (including assistance related to pretrial activities, trial activities, post-trial activities and alternative dispute resolution) to low-income tenants at risk of or subject to eviction.","Eviction Protection Grant Program
The Eviction Protection Grant Program (EPGP) will provide competitive awards to approximately 16 eligible nonprofit organizations and government entities to provide no cost legal assistance (including assistance related to pretrial activities, trial activities, post-trial activities and alternative dispute resolution) to low-income tenants at risk of or subject to eviction.
Within the categories of eligible entities, you must be a nonprofit organization or government entity. Examples of entities that may be eligible, if requirements are met, include: 1) legal aid or legal clinic provider, 2) private nonprofit or state institution of higher education, 3) housing counseling or other social service organization that provides legal assistance, and 4) local, state, or tribal agency or court. Individuals, foreign entities, and sole proprietorship organizations, for-profit private institutions of higher education, Public Housing Agencies (PHAs), and Tribally Designated Housing Entities (TDHEs) are not eligible to compete for, or receive, awards made under this announcement.",False,,,False,False,False,False,False,False,,False,78.0,False,False,False,False,False,False,False,False,1718750.0,award_ceiling,2000000.0,True,False,True,False,False,False,6.51,False,,False,False,True,True,True,True,True,False,False,False,True,11,False,False,,False,False,False,False,1,False,False,False,,False,False,False,False,,2026-09-30,2026-08-18,Eviction Protection Grant Program,forecast,ok,2,none,none,"Eviction prevention affects housing stability, a social determinant of health, but it does not directly advance any named NCDHHS strategic objective.","provide no cost legal assistance (including assistance related to pretrial activities, trial activities, post-trial activities and alternative dispute resolution) to low-income tenants at risk of or subject to eviction",lead,"local, state, or tribal agency or court",none,2,"No NCDHHS division has authority or existing expertise in civil legal aid or eviction defense, though health and human services staff could refer clients.","NCDHHS would be competing outside its core health and human services mission against specialized legal aid organizations, with no internal legal aid infrastructure.",False,"Funds eviction legal assistance, not NCDHHS health or human services programs; no division has housing legal aid authority, so poor fit despite state eligibility.",[],True,True,lead,deepseek/deepseek-v4-pro,92b0344f579a,True,10.0,0.0,0.85,0.0,0.0,42.08,forecast_watchlist
85,f3ba2089-bbc7-4029-8b05-d6d11354d6db,GPD Grant Forecast,forecast,True,False,,f3ba2089-bbc7-4029-8b05-d6d11354d6db,VA-GPD-FORECAST-FY2026-FY2028,forecasted,VA-HPGPDP,discretionary,,2024-10-03,,,,False,,,,,https://www.va.gov/HOMELESS/docs/GPD/FactSheet-GPDGrantFundingTypes-July2022.pdf,GPD Fact sheet,64.024|VA Homeless Providers Grant and Per Diem Program,grant,housing,THIS IS NOT A NOTICE OF FUNDING. THIS IS A GENERAL FORECAST ONLY.,city_or_township_governments;special_district_governments;county_governments;state_governments;federally_recognized_native_american_tribal_governments;public_and_indian_housing_authorities;nonprofits_non_higher_education_with_501c3,THIS IS NOT A NOTICE OF FUNDING. THIS IS A GENERAL FORECAST ONLY.,Homeless Providers Grant and Per Diem Program,Department of Veterans Affairs,"GPD Program Office
GPDgrants@va.gov",GPDgrants@va.gov,GPDgrants@va.gov,,,THIS IS NOT A NOTICE OF FUNDING. THIS IS A GENERAL FORECAST ONLY.,,,2026.0,,,https://simpler.grants.gov/opportunity/f3ba2089-bbc7-4029-8b05-d6d11354d6db,"<p>THIS IS NOT A NOTICE OF FUNDING. THIS IS A GENERAL FORECAST ONLY.</p> 
<p><strong><u>Grant and Per Diem (GPD) Program Introduction</u></strong></p> 
<p>The GPD Program is VA’s largest transitional housing program for Veterans experiencing homelessness and is permanently authorized under Public Law 109-461.</p> 
<p>Since 1994, the GPD Program has awarded grants to community-based organizations to provide transitional housing with wraparound supportive services to assist vulnerable Veterans move into permanent housing. The grants are designed to meet Veterans at various stages as they move to stable housing. Community-based organizations receiving GPD grants offer focused transitional housing services through a variety of housing models targeted to different populations and needs of Veterans. The GPD program plays a vital role in the continuum of homeless services by providing supportive services to those Veterans who would otherwise be among the unsheltered homeless population. The result of GPD programs is that Veterans achieve residential stability, increase their skill levels and/or income, and obtain greater self-determination.</p> 
<p><strong><u>Types of GPD Grants</u></strong></p> 
<p><strong>Transitional housing grants:</strong></p> 
<p><em>Per Diem Only (PDO) grants</em> provide funding in the form of per diem payments to reimburse grantees for the cost of care provided to Veterans in transitional supportive housing.</p> 
<p><em>Special Need grants</em> target housing and services to specific populations of Veterans (e.g., women, Veterans with chronic mental illness, frail elderly Veterans, Veterans caring for minor dependents, terminally ill Veterans).</p> 
<p><em>Transition-In-Place (TIP) grants </em>offer Veteran residents housing in which supportive services transition out of the residence over time, rather than the resident. Upon completion of the TIP services, the resident retains the unit as their permanent housing with no requirement to move.</p> 
<p><strong>Other types of grants:</strong></p> 
<p><em>Case Management grants </em>support Veterans who were previously experiencing homelessness or who are at risk for homelessness so that they may obtain or retain permanent housing.</p> 
<p><em>Capital grants </em>support the costs of acquiring, renovating, or constructing facilities and are only offered intermittently to improve existing facilities or to develop new transitional housing depending on VA's priorities and funding availability.</p> 
<p><strong>Lists of current grantees</strong> are available on the <a href=""https://www.va.gov/homeless/gpd.asp"" target=""_blank"">GPD website</a>.</p> 
<p><strong><u>How to Apply for GPD Funding</u></strong></p> 
<p>Not all grant types are available annually. When available, notices of funding can be found at the following locations: <a href=""http://www.grants.gov/"" target=""_blank"">www.grants.gov</a> and <a href=""https://www.va.gov/homeless/gpd.asp"" target=""_blank"">https://www.va.gov/homeless/gpd.asp</a>.</p> 
<p>Application instructions are provided in each notice of funding.</p> 
<p>Each notice of funding will clarify specific eligibility criteria, application requirements, funding limitations, and other requirements.</p> 
<p>Applications are submitted through an online portal that is only available when there is an open notice of funding.</p> 
<p>Potential applicants who wish to see what was required for previous applications may review past notices of funding, available on the <a href=""https://www.va.gov/HOMELESS/GPD_ProviderWebsite.asp"" target=""_blank"">GPD provider website</a> and <a target=""_blank"">www.grants.gov</a>. Past notices of funding are not a guarantee of future requirements.</p> 
<p><strong><u>Tentative Estimated GPD Award Schedule</u></strong></p> 
<p>Specific dates are not able to be forecast.</p> 
<p>The follow tentative approximations are provided for general planning purposes.</p> 
<p><strong>FY 2026</strong></p> 
<p>Case Management – GPD tentatively expects to offer a notice of funding around FY 2025 for case management awards starting approximately in FY 2026.</p> 
<p><strong>FY 2027</strong></p> 
<p>PDO – GPD tentatively expects to offer a notice of funding around FY 2026 for PDO awards starting approximately in FY 2027.</p> 
<p>TIP – GPD tentatively expects to offer a notice of funding around FY 2026 for TIP awards starting approximately in FY 2027.</p> 
<p><strong>FY 2028</strong></p> 
<p>GPD tentatively does not expect to offer a notice of funding for this timeframe. GPD may update this forecast closer to the time.</p> 
<p>THIS IS NOT A NOTICE OF FUNDING. THIS IS A GENERAL FORECAST ONLY.</p>","THIS IS NOT A NOTICE OF FUNDING. THIS IS A GENERAL FORECAST ONLY.
 
   Grant and Per Diem (GPD) Program Introduction  
 
 The GPD Program is VA’s largest transitional housing program for Veterans experiencing homelessness and is permanently authorized under Public Law 109-461.
 
 Since 1994, the GPD Program has awarded grants to community-based organizations to provide transitional housing with wraparound supportive services to assist vulnerable Veterans move into permanent housing. The grants are designed to meet Veterans at various stages as they move to stable housing. Community-based organizations receiving GPD grants offer focused transitional housing services through a variety of housing models targeted to different populations and needs of Veterans. The GPD program plays a vital role in the continuum of homeless services by providing supportive services to those Veterans who would otherwise be among the unsheltered homeless population. The result of GPD programs is that Veterans achieve residential stability, increase their skill levels and/or income, and obtain greater self-determination.
 
   Types of GPD Grants  
 
  Transitional housing grants: 
 
  Per Diem Only (PDO) grants  provide funding in the form of per diem payments to reimburse grantees for the cost of care provided to Veterans in transitional supportive housing.
 
  Special Need grants  target housing and services to specific populations of Veterans (e.g., women, Veterans with chronic mental illness, frail elderly Veterans, Veterans caring for minor dependents, terminally ill Veterans).
 
  Transition-In-Place (TIP) grants  offer Veteran residents housing in which supportive services transition out of the residence over time, rather than the resident. Upon completion of the TIP services, the resident retains the unit as their permanent housing with no requirement to move.
 
  Other types of grants: 
 
  Case Management grants  support Veterans who were previously experiencing homelessness or who are at risk for homelessness so that they may obtain or retain permanent housing.
 
  Capital grants  support the costs of acquiring, renovating, or constructing facilities and are only offered intermittently to improve existing facilities or to develop new transitional housing depending on VA's priorities and funding availability.
 
  Lists of current grantees  are available on the  GPD website .
 
   How to Apply for GPD Funding  
 
 Not all grant types are available annually. When available, notices of funding can be found at the following locations:  www.grants.gov  and  https://www.va.gov/homeless/gpd.asp .
 
 Application instructions are provided in each notice of funding.
 
 Each notice of funding will clarify specific eligibility criteria, application requirements, funding limitations, and other requirements.
 
 Applications are submitted through an online portal that is only available when there is an open notice of funding.
 
 Potential applicants who wish to see what was required for previous applications may review past notices of funding, available on the  GPD provider website  and  www.grants.gov . Past notices of funding are not a guarantee of future requirements.
 
   Tentative Estimated GPD Award Schedule  
 
 Specific dates are not able to be forecast.
 
 The follow tentative approximations are provided for general planning purposes.
 
  FY 2026 
 
 Case Management – GPD tentatively expects to offer a notice of funding around FY 2025 for case management awards starting approximately in FY 2026.
 
  FY 2027 
 
 PDO – GPD tentatively expects to offer a notice of funding around FY 2026 for PDO awards starting approximately in FY 2027.
 
 TIP – GPD tentatively expects to offer a notice of funding around FY 2026 for TIP awards starting approximately in FY 2027.
 
  FY 2028 
 
 GPD tentatively does not expect to offer a notice of funding for this timeframe. GPD may update this forecast closer to the time.
 
 THIS IS NOT A NOTICE OF FUNDING. THIS IS A GENERAL FORECAST ONLY.","GPD Grant Forecast
THIS IS NOT A NOTICE OF FUNDING. THIS IS A GENERAL FORECAST ONLY.
 
   Grant and Per Diem (GPD) Program Introduction  
 
 The GPD Program is VA’s largest transitional housing program for Veterans experiencing homelessness and is permanently authorized under Public Law 109-461.
 
 Since 1994, the GPD Program has awarded grants to community-based organizations to provide transitional housing with wraparound supportive services to assist vulnerable Veterans move into permanent housing. The grants are designed to meet Veterans at various stages as they move to stable housing. Community-based organizations receiving GPD grants offer focused transitional housing services through a variety of housing models targeted to different populations and needs of Veterans. The GPD program plays a vital role in the continuum of homeless services by providing supportive services to those Veterans who would otherwise be among the unsheltered homeless population. The result of GPD programs is that Veterans achieve residential stability, increase their skill levels and/or income, and obtain greater self-determination.
 
   Types of GPD Grants  
 
  Transitional housing grants: 
 
  Per Diem Only (PDO) grants  provide funding in the form of per diem payments to reimburse grantees for the cost of care provided to Veterans in transitional supportive housing.
 
  Special Need grants  target housing and services to specific populations of Veterans (e.g., women, Veterans with chronic mental illness, frail elderly Veterans, Veterans caring for minor dependents, terminally ill Veterans).
 
  Transition-In-Place (TIP) grants  offer Veteran residents housing in which supportive services transition out of the residence over time, rather than the resident. Upon completion of the TIP services, the resident retains the unit as their permanent housing with no requirement to move.
 
  Other types of grants: 
 
  Case Management grants  support Veterans who were previously experiencing homelessness or who are at risk for homelessness so that they may obtain or retain permanent housing.
 
  Capital grants  support the costs of acquiring, renovating, or constructing facilities and are only offered intermittently to improve existing facilities or to develop new transitional housing depending on VA's priorities and funding availability.
 
  Lists of current grantees  are available on the  GPD website .
 
   How to Apply for GPD Funding  
 
 Not all grant types are available annually. When available, notices of funding can be found at the following locations:  www.grants.gov  and  https://www.va.gov/homeless/gpd.asp .
 
 Application instructions are provided in each notice of funding.
 
 Each notice of funding will clarify specific eligibility criteria, application requirements, funding limitations, and other requirements.
 
 Applications are submitted through an online portal that is only available when there is an open notice of funding.
 
 Potential applicants who wish to see what was required for previous applications may review past notices of funding, available on the  GPD provider website  and  www.grants.gov . Past notices of funding are not a guarantee of future requirements.
 
   Tentative Estimated GPD Award Schedule  
 
 Specific dates are not able to be forecast.
 
 The follow tentative approximations are provided for general planning purposes.
 
  FY 2026 
 
 Case Management – GPD tentatively expects to offer a notice of funding around FY 2025 for case management awards starting approximately in FY 2026.
 
  FY 2027 
 
 PDO – GPD tentatively expects to offer a notice of funding around FY 2026 for PDO awards starting approximately in FY 2027.
 
 TIP – GPD tentatively expects to offer a notice of funding around FY 2026 for TIP awards starting approximately in FY 2027.
 
  FY 2028 
 
 GPD tentatively does not expect to offer a notice of funding for this timeframe. GPD may update this forecast closer to the time.
 
 THIS IS NOT A NOTICE OF FUNDING. THIS IS A GENERAL FORECAST ONLY.
THIS IS NOT A NOTICE OF FUNDING. THIS IS A GENERAL FORECAST ONLY.",False,,,False,False,False,False,False,False,,True,,False,False,False,False,False,False,False,False,,unknown,,False,True,False,False,False,True,5.0,False,,False,False,True,True,False,True,True,False,False,False,False,7,False,False,,False,False,False,False,1,False,False,False,,False,False,False,False,,2026-09-30,2026-08-18,GPD Grant Forecast,forecast,ok,3,G1,G1.O4,"The grant funds community-based organizations to provide supportive housing for homeless veterans, a vulnerable population, which aligns broadly with the Department's objective to invest in community-based partner capacity and reduce health access barriers.",provide transitional housing with wraparound supportive services to assist vulnerable Veterans move into permanent housing,atypical,state_governments,none,1,"No listed NCDHHS division operates VA-funded transitional housing for veterans, so the program would require new infrastructure rather than extending an existing function.","This is only a forecast, not an open notice of funding, and NCDHHS is not a traditional GPD provider, so staff effort could be spent on an opportunity the agency likely would not lead.",False,No open NOFO and no clear NCDHHS division; VA-funded veteran transitional housing is outside current agency programs.,[],True,True,atypical,deepseek/deepseek-v4-pro,92b0344f579a,True,10.0,0.0,0.85,0.0,0.0,40.0,forecast_watchlist
86,09d605ff-216d-436e-94b6-cb9cc5aaf868,Data Standards for Tobacco Research and Scientific Review Phase 2,forecast,True,False,,09d605ff-216d-436e-94b6-cb9cc5aaf868,FOR-FD-23-027,forecasted,HHS-FDA,discretionary,,2023-05-04,,,,False,2.0,400000.0,,,,,93.103|Food and Drug Administration Research,cooperative_agreement,consumer_protection;agriculture;food_and_nutrition,,special_district_governments;small_businesses;independent_school_districts;private_institutions_of_higher_education;public_and_state_institutions_of_higher_education;federally_recognized_native_american_tribal_governments;for_profit_organizations_other_than_small_businesses;nonprofits_non_higher_education_without_501c3;city_or_township_governments;state_governments;county_governments;nonprofits_non_higher_education_with_501c3;other_native_american_tribal_organizations;public_and_indian_housing_authorities,,Food and Drug Administration,Department of Health and Human Services,"Rene A Vasquez
Grants Management Specialist
301-796-3546",rene.vasquez@fda.hhs.gov,WORK EMAIL,2023-10-01,2023-12-01,,,2024-05-01,2024.0,,,https://simpler.grants.gov/opportunity/09d605ff-216d-436e-94b6-cb9cc5aaf868,"<p>To support high-quality tobacco research, streamline scientific review, and evaluation, and ultimately, improve public health outcomes related to tobacco use, the Center for Tobacco Products (CTP) at the Food and Drug Administration (FDA) is welcoming applications for data standards and terminologies development projects.&nbsp;The primary objective is to support open, consensus-based, data standards for use in studies of tobacco products.&nbsp;Secondary objective is to promote and educate federal regulators, tobacco industry, and global organizations on the use of standardized data to facilitate data sharing, integration, and analysis.&nbsp;Projects may focus on solutions to data standards and terminologies development and implementation challenges and/or on specific concepts, domains, or areas where standardization is needed.&nbsp;</p>","To support high-quality tobacco research, streamline scientific review, and evaluation, and ultimately, improve public health outcomes related to tobacco use, the Center for Tobacco Products (CTP) at the Food and Drug Administration (FDA) is welcoming applications for data standards and terminologies development projects. The primary objective is to support open, consensus-based, data standards for use in studies of tobacco products. Secondary objective is to promote and educate federal regulators, tobacco industry, and global organizations on the use of standardized data to facilitate data sharing, integration, and analysis. Projects may focus on solutions to data standards and terminologies development and implementation challenges and/or on specific concepts, domains, or areas where standardization is needed.","Data Standards for Tobacco Research and Scientific Review Phase 2
To support high-quality tobacco research, streamline scientific review, and evaluation, and ultimately, improve public health outcomes related to tobacco use, the Center for Tobacco Products (CTP) at the Food and Drug Administration (FDA) is welcoming applications for data standards and terminologies development projects. The primary objective is to support open, consensus-based, data standards for use in studies of tobacco products. Secondary objective is to promote and educate federal regulators, tobacco industry, and global organizations on the use of standardized data to facilitate data sharing, integration, and analysis. Projects may focus on solutions to data standards and terminologies development and implementation challenges and/or on specific concepts, domains, or areas where standardization is needed.
",False,,,False,False,False,False,False,False,,False,-1095.0,True,True,False,False,False,False,False,False,200000.0,average_award,200000.0,True,False,False,True,False,False,1.51,False,,False,False,True,True,True,True,True,True,False,False,False,14,False,True,,False,False,False,False,1,True,False,False,,True,False,False,True,,2026-09-30,2026-08-18,Data Standards for Tobacco Research and Scientific Review Phase 2,forecast,ok,3,G5,G5.O1,"The grant funds consensus-based data standards and terminologies, which is adjacent to G5.O1's focus on data infrastructure and integration for data-driven decision-making.","The primary objective is to support open, consensus-based, data standards for use in studies of tobacco products.",lead,state_governments,DPH,3,"DPH houses tobacco prevention and chronic disease surveillance, so it could engage with tobacco research data standards, though the work is more specialized than its usual programs.","The project focuses on national and global data standards for tobacco product research and FDA scientific review, which is outside NCDHHS's direct service role and may offer limited state-level value.",False,Specialized FDA data-standards project for tobacco research with little direct tie to NCDHHS essential services; DPH could apply but value is low.,[],True,True,lead,deepseek/deepseek-v4-pro,92b0344f579a,True,10.0,0.0,0.85,0.0,0.0,39.72,forecast_watchlist
87,b8b51aae-68fc-448a-bbca-5fbfd229a841,Manufactured Foods Flexible Funding Model (MF-FFM),forecast,True,False,,b8b51aae-68fc-448a-bbca-5fbfd229a841,FOR-FD-23-014,forecasted,HHS-FDA,discretionary,,2022-07-21,,,,False,50.0,,,,,,93.103|Food and Drug Administration Research,cooperative_agreement,consumer_protection;food_and_nutrition;agriculture,,other;state_governments,"Section 1009 of the Federal Food, Drug, and Cosmetic Act, 21 USC §  399, limits eligibility to State, local, territorial, and tribal agencies and non-profit training entities that collaborate with 1 or more institutions of higher education.  Competition is limited to these national organizations/associations for the following reasons: 

Limited competition ensures the applicant has responsibility and authority for food regulation in their respective jurisdictions. The contract must be maintained in satisfactory condition.  Awardees must have or be willing to enter into a 20.88 information disclosure agreement with the FDA and will be required to have at least a commissioning certificate (or be willing to procure one) in order to facilitate information sharing between other States and FDA.",Food and Drug Administration,Department of Health and Human Services,"Gordana Zuber
Grant Management Specialist
301-348-1747",gordana.zuber@fda.hhs.gov,Work Email: gordana.zuber@fda.hhs.gov,,,,,2023-07-01,2023.0,,,https://simpler.grants.gov/opportunity/b8b51aae-68fc-448a-bbca-5fbfd229a841,"<p>The purpose of the NOFO is to advance efforts for a nationally integrated food safety system (IFSS) by supporting Manufactured Food Regulatory Program Standards (MFRPS), dietary supplement safety and oversight programs, improved state compliance and enforcement infrastructure, and state Food Protection Task Force (FPTF) programs.&nbsp;&nbsp;The MFRPS are intended to ensure that State manufactured food regulatory programs develop and maintain best practices for a high-quality regulatory program. Also, the program standards are intended to enhance food safety by establishing a uniform basis for measuring and improving the performance of manufactured food regulatory programs in the United States.&nbsp;</p>","The purpose of the NOFO is to advance efforts for a nationally integrated food safety system (IFSS) by supporting Manufactured Food Regulatory Program Standards (MFRPS), dietary supplement safety and oversight programs, improved state compliance and enforcement infrastructure, and state Food Protection Task Force (FPTF) programs.  The MFRPS are intended to ensure that State manufactured food regulatory programs develop and maintain best practices for a high-quality regulatory program. Also, the program standards are intended to enhance food safety by establishing a uniform basis for measuring and improving the performance of manufactured food regulatory programs in the United States.","Manufactured Foods Flexible Funding Model (MF-FFM)
The purpose of the NOFO is to advance efforts for a nationally integrated food safety system (IFSS) by supporting Manufactured Food Regulatory Program Standards (MFRPS), dietary supplement safety and oversight programs, improved state compliance and enforcement infrastructure, and state Food Protection Task Force (FPTF) programs.  The MFRPS are intended to ensure that State manufactured food regulatory programs develop and maintain best practices for a high-quality regulatory program. Also, the program standards are intended to enhance food safety by establishing a uniform basis for measuring and improving the performance of manufactured food regulatory programs in the United States.
Section 1009 of the Federal Food, Drug, and Cosmetic Act, 21 USC §  399, limits eligibility to State, local, territorial, and tribal agencies and non-profit training entities that collaborate with 1 or more institutions of higher education.  Competition is limited to these national organizations/associations for the following reasons: 

Limited competition ensures the applicant has responsibility and authority for food regulation in their respective jurisdictions. The contract must be maintained in satisfactory condition.  Awardees must have or be willing to enter into a 20.88 information disclosure agreement with the FDA and will be required to have at least a commissioning certificate (or be willing to procure one) in order to facilitate information sharing between other States and FDA.",False,,,False,False,False,False,False,False,,True,,False,False,False,False,False,False,False,False,,unknown,,False,True,False,False,False,True,5.0,False,,False,False,True,False,False,False,False,False,False,False,True,2,False,False,,False,False,False,False,1,True,False,False,,True,False,False,False,,2026-09-30,2026-08-18,Manufactured Foods Flexible Funding Model (MF-FFM),forecast,ok,2,none,none,"The funded activity strengthens state manufactured food regulatory programs, which is a public health protection function but not named in any NCDHHS strategic objective.","supporting Manufactured Food Regulatory Program Standards (MFRPS), dietary supplement safety and oversight programs, improved state compliance and enforcement infrastructure, and state Food Protection Task Force (FPTF) programs.",lead,"State, local, territorial, and tribal agencies",none,2,No NCDHHS division has explicit authority over manufactured food regulatory programs; this function is typically outside DHHS and likely sits with the North Carolina Department of Agriculture and Consumer Services.,"NCDHHS likely lacks the regulatory authority and programmatic ownership for manufactured food inspections, so the agency may be an unsuitable lead applicant despite state-government eligibility.",False,"Food safety regulatory program likely belongs to the Department of Agriculture, not NCDHHS; no clear strategic objective or division owner, so not worth pursuing.","[""must have or be willing to enter into a 20.88 information disclosure agreement with the FDA"", ""required to have at least a commissioning certificate (or be willing to procure one)""]",True,True,lead,deepseek/deepseek-v4-pro,92b0344f579a,True,10.0,0.0,0.85,0.0,0.0,39.41,forecast_watchlist
88,02a44bff-94d2-406d-abc3-1d90a285491b,DHQP Global NOFO,forecast,True,False,,02a44bff-94d2-406d-abc3-1d90a285491b,CDC-RFA-CK-27-0244,forecasted,HHS-CDC-NCEZID,discretionary,,2026-08-03,,,2027-06-19,False,30.0,60000000.0,0.0,,,,"93.318|Protecting and Improving Health Globally: Building and Strengthening Public Health Impact, Systems, Capacity and Security",cooperative_agreement,health,,for_profit_organizations_other_than_small_businesses;special_district_governments;private_institutions_of_higher_education;public_and_indian_housing_authorities;nonprofits_non_higher_education_with_501c3;unrestricted;small_businesses;city_or_township_governments;independent_school_districts;state_governments;other;nonprofits_non_higher_education_without_501c3;other_native_american_tribal_organizations;public_and_state_institutions_of_higher_education;county_governments;federally_recognized_native_american_tribal_governments,Open to any type of entity,Centers for Disease Control - NCEZID,Department of Health and Human Services,"Karima Hunter
000-000-0000",CK270244@cdc.gov,CK270244@cdc.gov,2027-03-21,2027-05-20,Electronically submitted applications must be submitted no later than 11:59 pm ET on the listed application due date.,2027-08-31,2027-09-30,2027.0,,,https://simpler.grants.gov/opportunity/02a44bff-94d2-406d-abc3-1d90a285491b,"<p>The proposed international hybrid Notice of Funding Opportunity (NOFO) will link non-research implementation with targeted research that advances CDC's mission to address antimicrobial resistance (AR) across multiple bacterial and fungal pathogens, healthcare-associated infections (HAIs), and emerging infectious disease threats including viral pathogens across healthcare, community, and environmental settings in low and middle-income countries. AR and HAI remain urgent global threats, with substantial mortality and economic impact. Building on CDC's Global AR Laboratory and Response Network, HAI surveillance and prevention networks, and other collaborating programs, the NOFO seeks to strengthen detection, surveillance, prevention, and response systems to reduce illness and death, stop the spread of AR, protect healthcare workers and patients, and lower costs through robust infection prevention and control (IPC) and antimicrobial stewardship.</p>","The proposed international hybrid Notice of Funding Opportunity (NOFO) will link non-research implementation with targeted research that advances CDC's mission to address antimicrobial resistance (AR) across multiple bacterial and fungal pathogens, healthcare-associated infections (HAIs), and emerging infectious disease threats including viral pathogens across healthcare, community, and environmental settings in low and middle-income countries. AR and HAI remain urgent global threats, with substantial mortality and economic impact. Building on CDC's Global AR Laboratory and Response Network, HAI surveillance and prevention networks, and other collaborating programs, the NOFO seeks to strengthen detection, surveillance, prevention, and response systems to reduce illness and death, stop the spread of AR, protect healthcare workers and patients, and lower costs through robust infection prevention and control (IPC) and antimicrobial stewardship.","DHQP Global NOFO
The proposed international hybrid Notice of Funding Opportunity (NOFO) will link non-research implementation with targeted research that advances CDC's mission to address antimicrobial resistance (AR) across multiple bacterial and fungal pathogens, healthcare-associated infections (HAIs), and emerging infectious disease threats including viral pathogens across healthcare, community, and environmental settings in low and middle-income countries. AR and HAI remain urgent global threats, with substantial mortality and economic impact. Building on CDC's Global AR Laboratory and Response Network, HAI surveillance and prevention networks, and other collaborating programs, the NOFO seeks to strengthen detection, surveillance, prevention, and response systems to reduce illness and death, stop the spread of AR, protect healthcare workers and patients, and lower costs through robust infection prevention and control (IPC) and antimicrobial stewardship.
Open to any type of entity",False,,,False,False,False,False,False,False,,False,172.0,False,False,False,False,False,False,True,False,2000000.0,average_award,2000000.0,True,False,True,False,False,False,6.51,False,,False,False,True,True,True,True,True,True,False,True,True,16,False,True,,False,False,False,False,1,True,False,False,,True,False,False,False,,2026-09-30,2026-08-18,DHQP Global NOFO,forecast,ok,2,none,none,"The funded activity supports global antimicrobial resistance, healthcare-associated infection, and emerging infectious disease surveillance in low- and middle-income countries, which is not linked to any NCDHHS strategic goal or objective focused on North Carolina residents.","The proposed international hybrid Notice of Funding Opportunity (NOFO) will link non-research implementation with targeted research that advances CDC's mission to address antimicrobial resistance (AR) across multiple bacterial and fungal pathogens, healthcare-associated infections (HAIs), and emerging infectious disease threats including viral pathogens across healthcare, community, and environmental settings in low and middle-income countries.",atypical,Open to any type of entity,none,1,No NCDHHS division has authority or a state-level mission to implement international antimicrobial resistance and healthcare-associated infection programs in low- and middle-income countries.,"The grant funds work in low- and middle-income countries, so it would not directly improve health outcomes for North Carolinians and would be outside NCDHHS's normal state-level authority.",False,"Global CDC grant for antibiotic-resistant infections in low- and middle-income countries has no state-level objective or clear NCDHHS division owner, so it is not a fit.","[""Geographic scope limited to low and middle-income countries""]",True,True,atypical,deepseek/deepseek-v4-pro,92b0344f579a,True,10.0,0.0,0.85,0.0,0.0,39.14,forecast_watchlist
89,f5a53385-ab1a-4996-b573-541150843d0b,Military and Civilian Partnership for Trauma Readiness Grant Program/Mission Zero,forecast,True,False,,f5a53385-ab1a-4996-b573-541150843d0b,EP-HIT-25-02,forecasted,HHS-ASPR,discretionary,,2025-01-15,,,,False,30.0,4000000.0,,4000000.0,,,93.078|Strengthening Emergency Care Delivery in the United States Healthcare System through Health Information and Promotion,cooperative_agreement,disaster_prevention_and_relief,,nonprofits_non_higher_education_with_501c3,Hospitals,Admin for Strategic Preparedness and Response,Department of Health and Human Services,"Leslie Beck
301-346-4857",leslie.beck@hhs.gov,Office,2025-01-15,2025-04-14,,2025-08-01,2025-08-01,2025.0,,,https://simpler.grants.gov/opportunity/f5a53385-ab1a-4996-b573-541150843d0b,"<p>Section 1291 of the Public Health Service (PHS) Act (42 U.S.C. 300d-91), as amended by the section 204 of the Pandemic and All-Hazards Preparedness and Advancing Innovation Act of 2019, authorizes the award of grants to:</p>
<p><br></p>
<p>·&nbsp;&nbsp;&nbsp;&nbsp;&nbsp;&nbsp;No more than 30 eligible high-acuity trauma centers to enable military trauma teams to provide, on a full-time basis, trauma care and related acute care at such trauma centers</p>
<p>·&nbsp;&nbsp;&nbsp;&nbsp;&nbsp;&nbsp;Eligible trauma centers to enable military trauma care providers to provide trauma care and related acute care at such trauma centers</p>
<p><br></p>
<p>Also known as the “Mission Zero Act (MZA)” provision, the goal is to build military-civilian partnerships (MCPs) that will improve the nation's response to public health &amp; medical emergencies. The Secretary of the Department of Health and Human Services (HHS), acting through the Administration for Preparedness and Response and in consultation with the Secretary of Defense (SECDEF), awards the grants subject to the availability of funds.</p>&nbsp;
<p><br></p>","Section 1291 of the Public Health Service (PHS) Act (42 U.S.C. 300d-91), as amended by the section 204 of the Pandemic and All-Hazards Preparedness and Advancing Innovation Act of 2019, authorizes the award of grants to:

 


 ·      No more than 30 eligible high-acuity trauma centers to enable military trauma teams to provide, on a full-time basis, trauma care and related acute care at such trauma centers

 ·      Eligible trauma centers to enable military trauma care providers to provide trauma care and related acute care at such trauma centers

 


 Also known as the “Mission Zero Act (MZA)” provision, the goal is to build military-civilian partnerships (MCPs) that will improve the nation's response to public health & medical emergencies. The Secretary of the Department of Health and Human Services (HHS), acting through the Administration for Preparedness and Response and in consultation with the Secretary of Defense (SECDEF), awards the grants subject to the availability of funds.","Military and Civilian Partnership for Trauma Readiness Grant Program/Mission Zero
Section 1291 of the Public Health Service (PHS) Act (42 U.S.C. 300d-91), as amended by the section 204 of the Pandemic and All-Hazards Preparedness and Advancing Innovation Act of 2019, authorizes the award of grants to:

 


 ·      No more than 30 eligible high-acuity trauma centers to enable military trauma teams to provide, on a full-time basis, trauma care and related acute care at such trauma centers

 ·      Eligible trauma centers to enable military trauma care providers to provide trauma care and related acute care at such trauma centers

 


 Also known as the “Mission Zero Act (MZA)” provision, the goal is to build military-civilian partnerships (MCPs) that will improve the nation's response to public health & medical emergencies. The Secretary of the Department of Health and Human Services (HHS), acting through the Administration for Preparedness and Response and in consultation with the Secretary of Defense (SECDEF), awards the grants subject to the availability of funds.
Hospitals",False,,,False,False,False,False,False,False,,False,-623.0,True,True,False,False,False,False,False,False,133333.33333333334,award_ceiling,4000000.0,True,False,True,False,False,False,8.01,False,,False,False,False,False,False,True,False,False,False,False,False,1,False,False,,False,False,False,False,1,True,False,False,,True,False,False,False,,2026-09-30,2026-08-18,Military and Civilian Partnership for Trauma Readiness Grant Program/Mission Zero,forecast,ok,2,none,none,"The grant funds hospital-based trauma readiness through military-civilian partnerships, which is not a named NCDHHS strategic objective.",Military and Civilian Partnership for Trauma Readiness Grant Program/Mission Zero,ineligible,Hospitals,none,0,"No NCDHHS division operates or directly funds high-acuity trauma centers, and the agency is not an eligible applicant type.","NCDHHS is not an eligible applicant, so there is likely no state application path to pursue.",False,"NCDHHS is not eligible; grant funds hospital trauma centers through military-civilian partnerships, so no state application path.","[""Limited to no more than 30 eligible high-acuity trauma centers"", ""Requires military-civilian partnership with military trauma teams or military trauma care providers""]",True,False,ineligible,deepseek/deepseek-v4-pro,92b0344f579a,True,5.0,0.0,0.85,0.0,0.0,30.02,forecast_watchlist
90,806f4939-5a1c-41b5-83e4-45d57153633d,NIOSH Support for Conferences and Scientific Meetings (U13 Clinical Trial Not Allowed),forecast,True,False,,806f4939-5a1c-41b5-83e4-45d57153633d,RFA-OH-27-042,forecasted,HHS-CDC-HHSCDCERA,discretionary,,2026-07-22,,,2031-12-13,False,4.0,600000.0,0.0,30000.0,,,93.262|Occupational Safety and Health Program,cooperative_agreement,health,,city_or_township_governments;nonprofits_non_higher_education_without_501c3;unrestricted;county_governments;for_profit_organizations_other_than_small_businesses;public_and_indian_housing_authorities;nonprofits_non_higher_education_with_501c3;state_governments;special_district_governments;other_native_american_tribal_organizations;federally_recognized_native_american_tribal_governments;independent_school_districts;private_institutions_of_higher_education;public_and_state_institutions_of_higher_education;small_businesses,"Non-domestic (non-U.S.) Entities (Foreign Institutions) are not eligible to apply. Non-domestic (non-U.S.) components of U.S. Organizations are not eligible to apply. Foreign components, as defined in the HHS Grants Policy Statement, are not allowed.",Centers for Disease Control and Prevention - ERA,Department of Health and Human Services,"Sharon Chiou, PhD, Scientific Program Official
304-285-6029",schiou@cdc.gov,schiou@cdc.gov,2027-02-05,2027-04-12,"April 12, 2027, for New applications;Standard due dates apply for future due dates.All applications must be submitted no later than 11:59 pm local time of the applicant organization.",2027-08-02,2027-09-01,2027.0,,,https://simpler.grants.gov/opportunity/806f4939-5a1c-41b5-83e4-45d57153633d,"<p>The purpose of the NIOSH Support for Conferences and Scientific Meetings (U13) program is to support high-quality scientific meetings, conferences, and workshops that are relevant to the NIOSH mission and that promote occupational safety and health. The conference program is an important part of the NIOSH mission. Applications should address and advance research topics in occupational safety and health that align with NIOSH program priorities. A conference or scientific meeting is a gathering, symposium, seminar, workshop, or other organized meeting in which participants meet in person or virtually to coordinate, exchange, and share information or to explore and clarify a specific topic, problem, or area of knowledge. This cooperative agreement is used when substantial federal scientific or programmatic involvement is expected, and federal staff may assist, guide, coordinate, or participate in project activities before and after the award. Applications for training-only events will not be considered under this announcement.</p>","The purpose of the NIOSH Support for Conferences and Scientific Meetings (U13) program is to support high-quality scientific meetings, conferences, and workshops that are relevant to the NIOSH mission and that promote occupational safety and health. The conference program is an important part of the NIOSH mission. Applications should address and advance research topics in occupational safety and health that align with NIOSH program priorities. A conference or scientific meeting is a gathering, symposium, seminar, workshop, or other organized meeting in which participants meet in person or virtually to coordinate, exchange, and share information or to explore and clarify a specific topic, problem, or area of knowledge. This cooperative agreement is used when substantial federal scientific or programmatic involvement is expected, and federal staff may assist, guide, coordinate, or participate in project activities before and after the award. Applications for training-only events will not be considered under this announcement.","NIOSH Support for Conferences and Scientific Meetings (U13 Clinical Trial Not Allowed)
The purpose of the NIOSH Support for Conferences and Scientific Meetings (U13) program is to support high-quality scientific meetings, conferences, and workshops that are relevant to the NIOSH mission and that promote occupational safety and health. The conference program is an important part of the NIOSH mission. Applications should address and advance research topics in occupational safety and health that align with NIOSH program priorities. A conference or scientific meeting is a gathering, symposium, seminar, workshop, or other organized meeting in which participants meet in person or virtually to coordinate, exchange, and share information or to explore and clarify a specific topic, problem, or area of knowledge. This cooperative agreement is used when substantial federal scientific or programmatic involvement is expected, and federal staff may assist, guide, coordinate, or participate in project activities before and after the award. Applications for training-only events will not be considered under this announcement.
Non-domestic (non-U.S.) Entities (Foreign Institutions) are not eligible to apply. Non-domestic (non-U.S.) components of U.S. Organizations are not eligible to apply. Foreign components, as defined in the HHS Grants Policy Statement, are not allowed.",False,,,False,False,False,False,False,False,,False,128.0,False,False,False,False,False,False,False,False,150000.0,award_ceiling,30000.0,True,False,False,False,False,False,0.0,False,,False,False,True,True,True,True,True,True,False,True,False,15,False,True,,False,False,False,False,1,True,False,False,,True,False,False,False,,2026-09-30,2026-08-18,NIOSH Support for Conferences and Scientific Meetings (U13 Clinical Trial Not Allowed),forecast,ok,2,none,none,"The grant funds occupational safety and health conferences, which are not tied to a named NCDHHS strategic objective.","support high-quality scientific meetings, conferences, and workshops that are relevant to the NIOSH mission and that promote occupational safety and health",lead,state_governments,none,1,"No NCDHHS division has an explicit occupational safety and health research or conference mandate, so the program falls outside the Department's existing roles.","The grant only supports conferences and scientific meetings, not direct health services, and NCDHHS lacks a clear occupational safety and health owner, so it could require new relationships with low strategic return.",False,"Supports occupational safety and health conferences, which do not align with a named NCDHHS objective or clear division; state agencies are eligible but fit is weak.","[""Substantial federal scientific or programmatic involvement under cooperative agreement"", ""Training-only events will not be considered""]",True,True,lead,deepseek/deepseek-v4-pro,92b0344f579a,True,10.0,0.0,0.85,0.0,0.0,27.65,forecast_watchlist
91,22cd6481-2f7c-4e91-9706-9e5c6f47978d,Ensuring Research Integrity - Research on Research Integrity (RRI),forecast,True,False,,22cd6481-2f7c-4e91-9706-9e5c6f47978d,IR-ORI-25-001-117335,forecasted,HHS-OPHS,discretionary,,2025-07-17,,,,False,2.0,500000.0,150000.0,250000.0,,,93.085|Research on Research Integrity,grant,regional_development,,other,"Universities, hospitals, laboratories, other public or private institutions, and individuals are eligible to apply for an award under this announcement.
Faith-based organizations and community-based organizations are eligible to apply.
American Indian, Alaska Native, Native Hawaiian, and Pacific Islander organizations are eligible to apply.
Additional examples of eligible entities include:
• State governments
• County governments
• City or township governments
• Special district governments
• Independent school districts
• Public and State controlled institutions of higher education
• Native American tribal governments (Federally recognized)
• Public housing authorities/Indian housing authorities
• Native American tribal organizations (other than Federally recognized tribal governments)
• Nonprofits having a 501(c)(3) status with the IRS, other than institutions of higher education
• Nonprofits without 501(c)(3) status with the IRS, other than institutions of higher education
• Private institutions of higher education
• Individuals
• For profit organizations other than small businesses
• Small businesses",Office of the Assistant Secretary for Health,Department of Health and Human Services,"Armineh Ghazarian
Office of Research Integrity
Email: Armineh.Ghazarian@hhs.gov
240-453-8822",Armineh.Ghazarian@hhs.gov,Federal,2025-07-17,2025-07-30,,2025-09-15,2025-09-30,2025.0,,,https://simpler.grants.gov/opportunity/22cd6481-2f7c-4e91-9706-9e5c6f47978d,"<p>The Office of Research Integrity anticipates making award(s) for Fiscal Year (FY) 2025 under the authority of 42 U.S.C. § 241 (Section 301 of the Public Health Service Act).</p><p>Institutions applying for or receiving Public Health Service (PHS) support for biomedical or behavioral research, biomedical or behavioral research training, or activities related to that research or research training are required to “[f]oster a research environment that promotes research integrity and the responsible conduct of research, discourages research misconduct, and deals promptly with allegations or evidence of possible research misconduct.” 42 C.F.R. § 93.300(c). Core to ORI’s mission is the support of education and outreach activities that aid PHS-funded research institutions in their efforts “to teach the responsible conduct of research, promote research integrity, prevent research misconduct, and . . . respond effectively to allegations of research misconduct[.]” (65 Fed. Reg. 30,600, 30,601 (May 12, 2000)).</p><p>Our Research on Research Integrity Grant Program contributes to this mission by supporting projects that foster empirical research on societal, organizational, behavioral, group, and individual factors that affect, both positively and negatively, integrity in research with a focus on the identification of the root causes of research misconduct and driving factors for research integrity in compliance with 42 C.F.R. Part 93.</p>","The Office of Research Integrity anticipates making award(s) for Fiscal Year (FY) 2025 under the authority of 42 U.S.C. § 241 (Section 301 of the Public Health Service Act).
 Institutions applying for or receiving Public Health Service (PHS) support for biomedical or behavioral research, biomedical or behavioral research training, or activities related to that research or research training are required to “[f]oster a research environment that promotes research integrity and the responsible conduct of research, discourages research misconduct, and deals promptly with allegations or evidence of possible research misconduct.” 42 C.F.R. § 93.300(c). Core to ORI’s mission is the support of education and outreach activities that aid PHS-funded research institutions in their efforts “to teach the responsible conduct of research, promote research integrity, prevent research misconduct, and . . . respond effectively to allegations of research misconduct[.]” (65 Fed. Reg. 30,600, 30,601 (May 12, 2000)).
 Our Research on Research Integrity Grant Program contributes to this mission by supporting projects that foster empirical research on societal, organizational, behavioral, group, and individual factors that affect, both positively and negatively, integrity in research with a focus on the identification of the root causes of research misconduct and driving factors for research integrity in compliance with 42 C.F.R. Part 93.","Ensuring Research Integrity - Research on Research Integrity (RRI)
The Office of Research Integrity anticipates making award(s) for Fiscal Year (FY) 2025 under the authority of 42 U.S.C. § 241 (Section 301 of the Public Health Service Act).
 Institutions applying for or receiving Public Health Service (PHS) support for biomedical or behavioral research, biomedical or behavioral research training, or activities related to that research or research training are required to “[f]oster a research environment that promotes research integrity and the responsible conduct of research, discourages research misconduct, and deals promptly with allegations or evidence of possible research misconduct.” 42 C.F.R. § 93.300(c). Core to ORI’s mission is the support of education and outreach activities that aid PHS-funded research institutions in their efforts “to teach the responsible conduct of research, promote research integrity, prevent research misconduct, and . . . respond effectively to allegations of research misconduct[.]” (65 Fed. Reg. 30,600, 30,601 (May 12, 2000)).
 Our Research on Research Integrity Grant Program contributes to this mission by supporting projects that foster empirical research on societal, organizational, behavioral, group, and individual factors that affect, both positively and negatively, integrity in research with a focus on the identification of the root causes of research misconduct and driving factors for research integrity in compliance with 42 C.F.R. Part 93.
Universities, hospitals, laboratories, other public or private institutions, and individuals are eligible to apply for an award under this announcement.
Faith-based organizations and community-based organizations are eligible to apply.
American Indian, Alaska Native, Native Hawaiian, and Pacific Islander organizations are eligible to apply.
Additional examples of eligible entities include:
• State governments
• County governments
• City or township governments
• Special district governments
• Independent school districts
• Public and State controlled institutions of higher education
• Native American tribal governments (Federally recognized)
• Public housing authorities/Indian housing authorities
• Native American tribal organizations (other than Federally recognized tribal governments)
• Nonprofits having a 501(c)(3) status with the IRS, other than institutions of higher education
• Nonprofits without 501(c)(3) status with the IRS, other than institutions of higher education
• Private institutions of higher education
• Individuals
• For profit organizations other than small businesses
• Small businesses",False,,,False,False,False,False,False,False,,False,-440.0,True,True,False,False,False,False,False,False,250000.0,award_ceiling,250000.0,True,False,False,True,False,False,1.99,False,,False,False,False,False,False,False,False,False,False,False,True,1,False,False,,True,False,False,False,1,True,False,False,,True,False,False,False,,2026-09-30,2026-08-18,Ensuring Research Integrity - Research on Research Integrity (RRI),forecast,ok,0,none,none,"The funded activity focuses on research integrity and research misconduct, which is not part of any NCDHHS strategic objective.","foster empirical research on societal, organizational, behavioral, group, and individual factors that affect, both positively and negatively, integrity in research with a focus on the identification of the root causes of research misconduct and driving factors for research integrity",atypical,State governments,none,0,"No NCDHHS division currently conducts research on research integrity or oversees PHS research compliance, so this would be an off-mission add-on rather than an extension of existing work.","NCDHHS is not a research-integrity organization and likely lacks the academic research infrastructure needed to carry out the project, so the grant would divert effort from core health and human services work.",False,"Funds research-integrity studies, not health services; NCDHHS lacks a research-integrity mission or division, so it would not advance our strategic goals.",[],True,True,atypical,deepseek/deepseek-v4-pro,92b0344f579a,True,10.0,0.0,0.85,0.0,0.0,21.16,forecast_watchlist
92,b2c6980b-352b-469e-b48e-807b1019329f,NIOSH Miner Safety and Health Training Program - Western United States – U60,forecast,True,False,,b2c6980b-352b-469e-b48e-807b1019329f,RFA-OH-27-045,forecasted,HHS-CDC-HHSCDCERA,discretionary,,2026-07-17,,,2027-10-06,False,2.0,2500000.0,0.0,250000.0,,,93.262|Occupational Safety and Health Program,cooperative_agreement,health,,other_native_american_tribal_organizations;state_governments;city_or_township_governments;small_businesses;county_governments;independent_school_districts;federally_recognized_native_american_tribal_governments;public_and_indian_housing_authorities;for_profit_organizations_other_than_small_businesses;public_and_state_institutions_of_higher_education;unrestricted;nonprofits_non_higher_education_without_501c3;special_district_governments;private_institutions_of_higher_education;nonprofits_non_higher_education_with_501c3,"Non-domestic (non-U.S.) Entities (Foreign Institutions) are not eligible to apply. Non-domestic (non-U.S.) components of U.S. Organizations are not eligible to apply. Foreign components, as defined in the HHS Grants Policy Statement, are not allowed.",Centers for Disease Control and Prevention - ERA,Department of Health and Human Services,"Maria Lioce, MD, Scientific Program Official
404-498-2575",MLioce@cdc.gov,MLioce@cdc.gov,2026-10-27,2027-01-26,"January 26, 2027; October 05, 2027. All applications must be submitted no later than 11:59 pm local time of the applicant's organization.",2027-08-02,2027-09-01,2027.0,,,https://simpler.grants.gov/opportunity/b2c6980b-352b-469e-b48e-807b1019329f,"<p><strong>Background</strong></p><p>Despite advances in technology and improvements in work environments, mining remains one of the most challenging and hazardous occupations in the United States. The industry continues to experience a fatality rate nearly three times higher than the national average for all industries, according to the U.S. Bureau of Labor Statistics (BLS).&nbsp;</p><p>Public MSHA data show that in 2025, the U.S. mining sector employed 372,899 workers and operated 12,600 mining sites nationwide. That year, the industry reported 33 fatalities, and the fatality rate for 2015–2025 ranged between 8 and 16 per 100,000 FTE. MSHA reported that the overall mining industry's all-injury rate reached 1.74 injuries per 200,000 hours worked in 2025.</p><p><strong>Purpose</strong></p><p>The purpose of this Notice of Funding Opportunity (NOFO) is to enhance the quality, relevance, and availability of health and safety training for miners in the Western United States. Availability includes training frequency, geographic access, delivery methods and partnerships, and the cultural and educational appropriateness of materials. This NOFO is intended to complement, not duplicate existing MSHA, OSHA, and state-supported training programs and to address unmet needs specific to Western mining operations.&nbsp;</p><p>For this announcement, the Western Region States are defined as the states included in the NIOSH Western States Division (WSD) geographic area. These states are: Alaska, Arizona, California, Colorado, Hawaii, Idaho, Montana, Nevada, New Mexico, Oregon, Utah, Washington, Wyoming, North Dakota, South Dakota, Nebraska, Kansas, Oklahoma, and Texas.&nbsp;</p><p><strong>Objectives</strong></p><p>Under this NOFO, applicants are expected to develop and implement training and education programs that:</p><ul><li data-list-item-id=""e5160800adaefbbb4937369841d030952"">Identify and address specific health and safety training needs of miners in the Western United States.</li><li data-list-item-id=""edc41d734faa3f5f67e08cdf4956a487d"">Develop and deliver miner health and safety training through qualified instructors or faculty (excluding emergency response and hazmat training).</li><li data-list-item-id=""e9f714d12332be4cbf7b49f70c8c8b3ba"">Create and implement ""train-the-trainer"" programs to expand regional training capacity.</li><li data-list-item-id=""edfb09b9cdb53eb5da0aa5c2d41b78839"">Increase the number of qualified instructors with the technical and practical expertise needed for high quality training.</li><li data-list-item-id=""eac03663385dd3a4407d8400962a46ade"">Evaluate training effectiveness and impact, including improvements in knowledge, behaviors, practices, and injury or illness prevention.</li><li data-list-item-id=""ed7ee620880b8856fb8682fbc1c149f94"">Collaborate with existing MSHA, OSHA, state, industry, and academic programs to avoid duplication and maximize impact.</li><li data-list-item-id=""ea6b92db52abde14876e365005ab7fe77"">Ensure training content and delivery align with MSHA and OSHA guidelines and do not replicate training already available through federal or NIOSH-funded programs.</li></ul>","Background 
 Despite advances in technology and improvements in work environments, mining remains one of the most challenging and hazardous occupations in the United States. The industry continues to experience a fatality rate nearly three times higher than the national average for all industries, according to the U.S. Bureau of Labor Statistics (BLS). 
 Public MSHA data show that in 2025, the U.S. mining sector employed 372,899 workers and operated 12,600 mining sites nationwide. That year, the industry reported 33 fatalities, and the fatality rate for 2015–2025 ranged between 8 and 16 per 100,000 FTE. MSHA reported that the overall mining industry's all-injury rate reached 1.74 injuries per 200,000 hours worked in 2025.
  Purpose 
 The purpose of this Notice of Funding Opportunity (NOFO) is to enhance the quality, relevance, and availability of health and safety training for miners in the Western United States. Availability includes training frequency, geographic access, delivery methods and partnerships, and the cultural and educational appropriateness of materials. This NOFO is intended to complement, not duplicate existing MSHA, OSHA, and state-supported training programs and to address unmet needs specific to Western mining operations. 
 For this announcement, the Western Region States are defined as the states included in the NIOSH Western States Division (WSD) geographic area. These states are: Alaska, Arizona, California, Colorado, Hawaii, Idaho, Montana, Nevada, New Mexico, Oregon, Utah, Washington, Wyoming, North Dakota, South Dakota, Nebraska, Kansas, Oklahoma, and Texas. 
  Objectives 
 Under this NOFO, applicants are expected to develop and implement training and education programs that:
  Identify and address specific health and safety training needs of miners in the Western United States.
 Develop and deliver miner health and safety training through qualified instructors or faculty (excluding emergency response and hazmat training).
 Create and implement ""train-the-trainer"" programs to expand regional training capacity.
 Increase the number of qualified instructors with the technical and practical expertise needed for high quality training.
 Evaluate training effectiveness and impact, including improvements in knowledge, behaviors, practices, and injury or illness prevention.
 Collaborate with existing MSHA, OSHA, state, industry, and academic programs to avoid duplication and maximize impact.
 Ensure training content and delivery align with MSHA and OSHA guidelines and do not replicate training already available through federal or NIOSH-funded programs.","NIOSH Miner Safety and Health Training Program - Western United States – U60
Background 
 Despite advances in technology and improvements in work environments, mining remains one of the most challenging and hazardous occupations in the United States. The industry continues to experience a fatality rate nearly three times higher than the national average for all industries, according to the U.S. Bureau of Labor Statistics (BLS). 
 Public MSHA data show that in 2025, the U.S. mining sector employed 372,899 workers and operated 12,600 mining sites nationwide. That year, the industry reported 33 fatalities, and the fatality rate for 2015–2025 ranged between 8 and 16 per 100,000 FTE. MSHA reported that the overall mining industry's all-injury rate reached 1.74 injuries per 200,000 hours worked in 2025.
  Purpose 
 The purpose of this Notice of Funding Opportunity (NOFO) is to enhance the quality, relevance, and availability of health and safety training for miners in the Western United States. Availability includes training frequency, geographic access, delivery methods and partnerships, and the cultural and educational appropriateness of materials. This NOFO is intended to complement, not duplicate existing MSHA, OSHA, and state-supported training programs and to address unmet needs specific to Western mining operations. 
 For this announcement, the Western Region States are defined as the states included in the NIOSH Western States Division (WSD) geographic area. These states are: Alaska, Arizona, California, Colorado, Hawaii, Idaho, Montana, Nevada, New Mexico, Oregon, Utah, Washington, Wyoming, North Dakota, South Dakota, Nebraska, Kansas, Oklahoma, and Texas. 
  Objectives 
 Under this NOFO, applicants are expected to develop and implement training and education programs that:
  Identify and address specific health and safety training needs of miners in the Western United States.
 Develop and deliver miner health and safety training through qualified instructors or faculty (excluding emergency response and hazmat training).
 Create and implement ""train-the-trainer"" programs to expand regional training capacity.
 Increase the number of qualified instructors with the technical and practical expertise needed for high quality training.
 Evaluate training effectiveness and impact, including improvements in knowledge, behaviors, practices, and injury or illness prevention.
 Collaborate with existing MSHA, OSHA, state, industry, and academic programs to avoid duplication and maximize impact.
 Ensure training content and delivery align with MSHA and OSHA guidelines and do not replicate training already available through federal or NIOSH-funded programs.
Non-domestic (non-U.S.) Entities (Foreign Institutions) are not eligible to apply. Non-domestic (non-U.S.) components of U.S. Organizations are not eligible to apply. Foreign components, as defined in the HHS Grants Policy Statement, are not allowed.",False,,,False,False,False,False,False,False,,False,27.0,False,False,False,False,False,False,False,False,1250000.0,award_ceiling,250000.0,True,False,False,True,False,False,1.99,False,,False,False,True,True,True,True,True,True,False,True,False,15,False,True,,False,False,False,False,1,True,False,False,,True,False,False,False,,2026-09-30,2026-08-18,NIOSH Miner Safety and Health Training Program - Western United States – U60,forecast,ok,0,none,none,"The grant funds miner safety and health training in the Western United States, which does not advance any NCDHHS strategic goal or objective for North Carolinians.","The purpose of this Notice of Funding Opportunity (NOFO) is to enhance the quality, relevance, and availability of health and safety training for miners in the Western United States.",atypical,state_governments,none,0,"No NCDHHS division has a mining safety training mandate or Western-region presence, so the program would be outside existing agency operations and geographic scope.","The grant is targeted to Western-state miners, and NCDHHS has no mining safety program or regional presence, making it a poor strategic fit despite state government eligibility.",False,"Funds miner safety training in Western states, not North Carolina; no NCDHHS division has mining safety authority, so this is outside our mission.","[""Geographic focus is the Western United States; North Carolina is not among the listed Western Region States."", ""Expected collaboration with existing MSHA, OSHA, state, industry, and academic programs.""]",True,True,atypical,deepseek/deepseek-v4-pro,92b0344f579a,True,10.0,0.0,0.85,0.0,0.0,21.16,forecast_watchlist
93,c7d4fdfb-bb99-4717-a08f-27b0ef4f1daa,Chronic Care Telehealth Centers of Excellence Program,forecast,True,False,,c7d4fdfb-bb99-4717-a08f-27b0ef4f1daa,HRSA-27-055,forecasted,HHS-HRSA,discretionary,,2026-07-22,,,2027-06-02,False,5.0,19000000.0,0.0,3800000.0,,,93.467|Telehealth Centers of Excellence,cooperative_agreement,health,,public_and_state_institutions_of_higher_education;private_institutions_of_higher_education,Academic Medical Centers.,Health Resources and Services Administration,Department of Health and Human Services,"Tracy Tendo
240-706-3460",TTendo@hrsa.gov,TTendo@hrsa.gov,2027-02-01,2027-05-03,"Electronically submitted applications must be submitted no later than 11:59 p.m., ET, on the listed application due date.",2027-08-01,2027-09-01,2027.0,,,https://simpler.grants.gov/opportunity/c7d4fdfb-bb99-4717-a08f-27b0ef4f1daa,"<p>The Chronic Care Telehealth Centers for Excellence Program will fund academic medical centers to integrate innovative telehealth technologies into the full spectrum of services included in chronic care models, including but not limited to, chronic disease prevention and management, and the treatment for acute episodes that result from long-term morbidity. These centers will disseminate findings through research publications and will serve as national models for integrating telehealth technology into chronic care services.</p>","The Chronic Care Telehealth Centers for Excellence Program will fund academic medical centers to integrate innovative telehealth technologies into the full spectrum of services included in chronic care models, including but not limited to, chronic disease prevention and management, and the treatment for acute episodes that result from long-term morbidity. These centers will disseminate findings through research publications and will serve as national models for integrating telehealth technology into chronic care services.","Chronic Care Telehealth Centers of Excellence Program
The Chronic Care Telehealth Centers for Excellence Program will fund academic medical centers to integrate innovative telehealth technologies into the full spectrum of services included in chronic care models, including but not limited to, chronic disease prevention and management, and the treatment for acute episodes that result from long-term morbidity. These centers will disseminate findings through research publications and will serve as national models for integrating telehealth technology into chronic care services.
Academic Medical Centers.",False,,,False,False,False,False,False,False,,False,124.0,False,False,False,False,False,False,False,False,3800000.0,award_ceiling,3800000.0,True,False,True,False,False,False,7.9,False,,False,False,False,False,True,False,False,False,False,False,False,2,False,False,,False,False,False,False,1,True,False,False,,True,False,False,False,,2026-09-30,2026-08-18,Chronic Care Telehealth Centers of Excellence Program,forecast,ok,9,G1,G1.O3,"The grant funds academic medical centers to integrate telehealth technology into chronic care models, directly advancing telehealth as a way to reduce barriers to health services.",integrate innovative telehealth technologies into the full spectrum of services included in chronic care models,ineligible,Academic Medical Centers.,none,0,"No NCDHHS division is an academic medical center, so the agency cannot realistically serve as the applicant for this cooperative agreement.",NCDHHS is not an academic medical center and is therefore ineligible to apply as the lead applicant.,False,"Eligibility is limited to academic medical centers, so NCDHHS cannot apply despite the program's clear alignment with telehealth access goals.","[""Eligible applicants are limited to academic medical centers.""]",True,True,ineligible,deepseek/deepseek-v4-pro,92b0344f579a,True,0.0,0.0,0.85,0.0,0.0,0.0,confirmed_ineligible
94,3f9ac6df-edb0-4f4e-8b2b-2270232ca82c,Direct-to-Consumer Distribution of HIV and other STI Self-Tests,forecast,True,False,,3f9ac6df-edb0-4f4e-8b2b-2270232ca82c,CDC-RFA-PS-27-0037,forecasted,HHS-CDC-NCHHSTP,discretionary,,2026-07-27,,,2027-09-30,False,1.0,75000000.0,0.0,,,,93.940|HIV Prevention and Surveillance Activities-Health Department Based,cooperative_agreement,health,,nonprofits_non_higher_education_with_501c3;nonprofits_non_higher_education_without_501c3;private_institutions_of_higher_education;for_profit_organizations_other_than_small_businesses;public_and_state_institutions_of_higher_education,,Centers for Disease Control - NCHHSTP,Department of Health and Human Services,"Jessica Keralis
(301) 458-4132",HRBNOFO@cdc.gov,HRBNOFO@cdc.gov,2027-03-22,2027-05-21,Electronically submitted applications must be submitted no later than 11:59 pm ET on the listed application due date.,2027-08-30,2027-09-30,2027.0,,,https://simpler.grants.gov/opportunity/3f9ac6df-edb0-4f4e-8b2b-2270232ca82c,"<p>The purpose of this notice of funding opportunity (NOFO) is to optimize the recipient's existing web-based ordering portal and distribution program to provide at least 1.5 million HIV and other STI self-tests to communities with a high burden of HIV. The use of the program's HIV and other STI self-tests and of resources for treatment and preventive services will increase awareness of HIV and other STI infection, prevent new infections, decrease HIV and other STI transmission, and improve overall health and well-being of users.</p><p>&nbsp;</p>","The purpose of this notice of funding opportunity (NOFO) is to optimize the recipient's existing web-based ordering portal and distribution program to provide at least 1.5 million HIV and other STI self-tests to communities with a high burden of HIV. The use of the program's HIV and other STI self-tests and of resources for treatment and preventive services will increase awareness of HIV and other STI infection, prevent new infections, decrease HIV and other STI transmission, and improve overall health and well-being of users.","Direct-to-Consumer Distribution of HIV and other STI Self-Tests
The purpose of this notice of funding opportunity (NOFO) is to optimize the recipient's existing web-based ordering portal and distribution program to provide at least 1.5 million HIV and other STI self-tests to communities with a high burden of HIV. The use of the program's HIV and other STI self-tests and of resources for treatment and preventive services will increase awareness of HIV and other STI infection, prevent new infections, decrease HIV and other STI transmission, and improve overall health and well-being of users.
",False,,,False,False,False,False,False,False,,False,173.0,False,False,False,False,False,False,True,False,75000000.0,average_award,75000000.0,True,False,True,True,False,False,10.0,False,,False,False,False,False,True,True,False,True,False,False,False,5,False,False,,False,False,False,False,1,True,False,False,,True,False,False,True,,2026-09-30,2026-08-18,Direct-to-Consumer Distribution of HIV and other STI Self-Tests,forecast,ok,8,G1,G1.O3,"Funding direct-to-consumer HIV and STI self-tests reduces barriers to testing for communities with a high burden of HIV, advancing health access and disparity-reduction objectives under G1.O3.",provide at least 1.5 million HIV and other STI self-tests to communities with a high burden of HIV,ineligible,"nonprofits_non_higher_education_with_501c3, nonprofits_non_higher_education_without_501c3, private_institutions_of_higher_education, for_profit_organizations_other_than_small_businesses, public_and_state_institutions_of_higher_education",DPH,9,"DPH already manages HIV/STI prevention and surveillance and would be the natural owner, but the applicant-type limits appear to exclude state health departments.","State health departments are absent from the listed applicant types, making NCDHHS ineligible as a lead applicant despite the strong programmatic fit.",False,"Strong fit with DPH's HIV/STI prevention work, but CDC's applicant types exclude state health departments, so NCDHHS cannot apply as lead.",[],True,True,ineligible,deepseek/deepseek-v4-pro,92b0344f579a,True,0.0,0.0,0.85,0.0,0.0,0.0,confirmed_ineligible
95,fc3aee16-137d-4fb2-87db-2664499e7c5b,Teaching Health Center Graduate Medical Education (THCGME) Program,forecast,True,False,,fc3aee16-137d-4fb2-87db-2664499e7c5b,HRSA-27-084,forecasted,HHS-HRSA,mandatory,,2026-07-27,,,2027-09-30,False,12.0,16000000.0,160000.0,960000.0,,,93.530|Teaching Health Center Graduate Medical Education Payment,grant,health,,other;nonprofits_non_higher_education_without_501c3;unrestricted;other_native_american_tribal_organizations;nonprofits_non_higher_education_with_501c3,"An eligible entity is a community-based ambulatory patient care center that operates an accredited primary care residency program, individually or through a graduate medical education (GME) consortium. Eligible primary care residency program specialties include the following: Family Medicine, Internal Medicine, Pediatrics, Internal Medicine-Pediatrics, Obstetrics/Gynecology, Psychiatry, Geriatrics, General Dentistry, and Pediatric Dentistry.  The THCGME Program provides an interim payment rate of $160,000 per resident full-time equivalent (FTE) to increase the number of primary care medical and dental residency position in community-based setting.Through this opportunity, payments will be made to support new resident FTE positions for new programs at eligible community-based ambulatory patient care centers. New Teaching Health Centers (THCs) are those applicants seeking funding for residency programs that have never received payment under the HRSA THCGME Program for the applicable residency program in any previous fiscal year. Under this model, a new THC program could apply to receive an award for its initial class of FTEs under the establishment awards type, and in the future apply for a maintenance award to sustain that number of FTEs and for an expansion award to increase that number of FTEs. As described in 340H(h)(2)(B), all resident FTEs for whom THCGME support is requested must be above the program's resident FTE baseline and must not put the program above the number approved by or awaiting approval by, the relevant accrediting body.Eligible entities include:   Federally qualified health centers, as defined in section 1905(l)(2)(B) of the Social Security Act [42 U.S.C. 1396d(l)(2)(B)];  Community mental health centers, as defined in section 1861(ff)(3)(B) of the Social Security Act [42 U.S.C. 1395x(ff)(3)(B)];  Rural health clinics, as defined in section 1861(aa)(2) of the Social Security Act [42 U.S.C. 1395x(aa)(2)];  Health centers operated by the Indian Health Service, an Indian tribe or tribal organization, or an urban Indian organization (as defined in section 4 of the Indian Health Care Improvement Act [25 U.S.C. 1603]);   An entity receiving funds under Title X of the PHS Act;  A community-based GME consortium that operates an accredited primary care residency program.",Health Resources and Services Administration,Department of Health and Human Services,"Xiomara Santana, MPH
301-480-2777",xsantana@hrsa.gov,xsantana@hrsa.gov,2026-09-14,2026-11-16,"Electronically submitted applications must be submitted no later than 11:59 p.m., ET, on the listed application due date.",2027-06-01,2027-07-01,2027.0,,,https://simpler.grants.gov/opportunity/fc3aee16-137d-4fb2-87db-2664499e7c5b,"<p>The purpose of the THCGME Program is to prepare residents to provide high-quality care,&nbsp;particularly in rural and medically underserved communities, while developing the competencies they need to serve a wide range of populations and communities. The THCGME does this by providing funding to support the training of residents in HRSA-supported primary care residency training programs in community-based ambulatory patient care centers.&nbsp;</p>","The purpose of the THCGME Program is to prepare residents to provide high-quality care, particularly in rural and medically underserved communities, while developing the competencies they need to serve a wide range of populations and communities. The THCGME does this by providing funding to support the training of residents in HRSA-supported primary care residency training programs in community-based ambulatory patient care centers.","Teaching Health Center Graduate Medical Education (THCGME) Program
The purpose of the THCGME Program is to prepare residents to provide high-quality care, particularly in rural and medically underserved communities, while developing the competencies they need to serve a wide range of populations and communities. The THCGME does this by providing funding to support the training of residents in HRSA-supported primary care residency training programs in community-based ambulatory patient care centers.
An eligible entity is a community-based ambulatory patient care center that operates an accredited primary care residency program, individually or through a graduate medical education (GME) consortium. Eligible primary care residency program specialties include the following: Family Medicine, Internal Medicine, Pediatrics, Internal Medicine-Pediatrics, Obstetrics/Gynecology, Psychiatry, Geriatrics, General Dentistry, and Pediatric Dentistry.  The THCGME Program provides an interim payment rate of $160,000 per resident full-time equivalent (FTE) to increase the number of primary care medical and dental residency position in community-based setting.Through this opportunity, payments will be made to support new resident FTE positions for new programs at eligible community-based ambulatory patient care centers. New Teaching Health Centers (THCs) are those applicants seeking funding for residency programs that have never received payment under the HRSA THCGME Program for the applicable residency program in any previous fiscal year. Under this model, a new THC program could apply to receive an award for its initial class of FTEs under the establishment awards type, and in the future apply for a maintenance award to sustain that number of FTEs and for an expansion award to increase that number of FTEs. As described in 340H(h)(2)(B), all resident FTEs for whom THCGME support is requested must be above the program's resident FTE baseline and must not put the program above the number approved by or awaiting approval by, the relevant accrediting body.Eligible entities include:   Federally qualified health centers, as defined in section 1905(l)(2)(B) of the Social Security Act [42 U.S.C. 1396d(l)(2)(B)];  Community mental health centers, as defined in section 1861(ff)(3)(B) of the Social Security Act [42 U.S.C. 1395x(ff)(3)(B)];  Rural health clinics, as defined in section 1861(aa)(2) of the Social Security Act [42 U.S.C. 1395x(aa)(2)];  Health centers operated by the Indian Health Service, an Indian tribe or tribal organization, or an urban Indian organization (as defined in section 4 of the Indian Health Care Improvement Act [25 U.S.C. 1603]);   An entity receiving funds under Title X of the PHS Act;  A community-based GME consortium that operates an accredited primary care residency program.",False,,,False,False,False,False,False,False,,False,-16.0,True,False,True,False,False,False,False,False,1333333.3333333333,award_ceiling,960000.0,True,False,False,False,False,False,4.91,False,,False,False,False,False,False,True,True,False,False,True,True,5,False,False,,False,False,False,False,1,True,False,False,,True,False,False,False,8b2ad75c-3341-42c5-806d-f468c9e3e28f,2026-09-30,2026-08-18,Teaching Health Center Graduate Medical Education (THCGME) Program,forecast,ok,8,G1,G1.O3,"THCGME supports primary care residency training in community-based settings, preparing residents for rural and medically underserved communities, which directly advances efforts to strengthen rural and underserved primary care.","prepare residents to provide high-quality care, particularly in rural and medically underserved communities",ineligible,"An eligible entity is a community-based ambulatory patient care center that operates an accredited primary care residency program, individually or through a graduate medical education (GME) consortium.",ORH,4,"ORH supports rural primary care and safety-net clinics, but it is not an eligible community-based ambulatory care center and does not operate accredited residency programs.","NCDHHS is not among the eligible community-based ambulatory care centers, so a state agency cannot apply for or directly receive this funding.",False,"Strongly aligns with rural primary care access (G1.O3), but NCDHHS is not an eligible community-based ambulatory care center and cannot apply.",[],True,True,ineligible,deepseek/deepseek-v4-pro,92b0344f579a,True,0.0,0.0,0.85,0.0,0.0,0.0,confirmed_ineligible
96,fc665e54-0a33-4b8d-910d-a8c912926219,Health Equity Data Access Program (HEDAP),forecast,True,False,,fc665e54-0a33-4b8d-910d-a8c912926219,CMS-2L2-25-001,forecasted,HHS-CMS,discretionary,,2024-07-25,,,,False,6.0,,0.0,90000.0,,,93.695|Health Equity Data Access Program,grant,health,,public_and_state_institutions_of_higher_education;nonprofits_non_higher_education_with_501c3;private_institutions_of_higher_education,,Center for Medicare and Medicaid Services,Department of Health and Human Services,"HEResearch@cms.hhs.gov
HEResearch@cms.hhs.gov",HEResearch@cms.hhs.gov,HEResearch@cms.hhs.gov,,,,,,2025.0,,,https://simpler.grants.gov/opportunity/fc665e54-0a33-4b8d-910d-a8c912926219,"<p>The Health Equity Data Access program (HEDAP) provides funding for six (6) “seats” in the <a href=""https://www.resdac.org/cms-virtual-research-data-center-vrdc"" target=""_blank"">CMS Virtual Research Data Center (VRDC).</a> The VRDC assists researchers in gaining access to CMS restricted data for minority health research. Seats, in this context are defined as an individual user with VRDC access. These researchers will conduct health services research on health care topics such as physical health, oral health, behavioral health, population health, and social determinants of health focusing on, but not limited to, racial and ethnic minority groups; people with disabilities; members of the lesbian, gay, bisexual, transgender, and queer (LGBTQ+) community; individuals with limited English proficiency; individuals residing in rural areas; and individuals (including children, youth, and families) adversely affected by persistent poverty or inequality. The HEDAP supports specific applied research projects that relate to creative and innovative methods utilizing CMS data to identify, document, assess, and evaluate health disparities among Medicare and Medicaid and CHIP enrollees.&nbsp;</p>
<p>&nbsp;</p>
<p>The project should enhance the capacity of the researcher to understand and utilize CMS data in future research projects. Additionally, HEDAP encourages cutting-edge proposals that explore intersectionality. “Intersectionality” <a href=""https://www.cdc.gov/healthcommunication/HealthEquityGuidingPrinciples.pdf"" target=""_blank"">means that people belong to more than one group and, therefore, may have overlapping health and social inequities, as well as overlapping strengths and assets</a>.&nbsp;</p>
<p>&nbsp;</p>
<p>Results of the HEDAP will provide CMS and its partners, (e.g. Quality Improvement Organizations, Hospital Engagement Networks, and other stakeholders) with actionable information on the subgroups of enrollees. This will aid the efforts of CMS and its agents to identify and eradicate health disparities in underserved populations.&nbsp;</p>
<p>&nbsp;</p>
<p>VRDC seat access will be funded for a period of 36 months each, based on the availability of funds.</p>
<p>&nbsp;</p>","The Health Equity Data Access program (HEDAP) provides funding for six (6) “seats” in the  CMS Virtual Research Data Center (VRDC).  The VRDC assists researchers in gaining access to CMS restricted data for minority health research. Seats, in this context are defined as an individual user with VRDC access. These researchers will conduct health services research on health care topics such as physical health, oral health, behavioral health, population health, and social determinants of health focusing on, but not limited to, racial and ethnic minority groups; people with disabilities; members of the lesbian, gay, bisexual, transgender, and queer (LGBTQ+) community; individuals with limited English proficiency; individuals residing in rural areas; and individuals (including children, youth, and families) adversely affected by persistent poverty or inequality. The HEDAP supports specific applied research projects that relate to creative and innovative methods utilizing CMS data to identify, document, assess, and evaluate health disparities among Medicare and Medicaid and CHIP enrollees. 

  

 The project should enhance the capacity of the researcher to understand and utilize CMS data in future research projects. Additionally, HEDAP encourages cutting-edge proposals that explore intersectionality. “Intersectionality”  means that people belong to more than one group and, therefore, may have overlapping health and social inequities, as well as overlapping strengths and assets . 

  

 Results of the HEDAP will provide CMS and its partners, (e.g. Quality Improvement Organizations, Hospital Engagement Networks, and other stakeholders) with actionable information on the subgroups of enrollees. This will aid the efforts of CMS and its agents to identify and eradicate health disparities in underserved populations. 

  

 VRDC seat access will be funded for a period of 36 months each, based on the availability of funds.","Health Equity Data Access Program (HEDAP)
The Health Equity Data Access program (HEDAP) provides funding for six (6) “seats” in the  CMS Virtual Research Data Center (VRDC).  The VRDC assists researchers in gaining access to CMS restricted data for minority health research. Seats, in this context are defined as an individual user with VRDC access. These researchers will conduct health services research on health care topics such as physical health, oral health, behavioral health, population health, and social determinants of health focusing on, but not limited to, racial and ethnic minority groups; people with disabilities; members of the lesbian, gay, bisexual, transgender, and queer (LGBTQ+) community; individuals with limited English proficiency; individuals residing in rural areas; and individuals (including children, youth, and families) adversely affected by persistent poverty or inequality. The HEDAP supports specific applied research projects that relate to creative and innovative methods utilizing CMS data to identify, document, assess, and evaluate health disparities among Medicare and Medicaid and CHIP enrollees. 

  

 The project should enhance the capacity of the researcher to understand and utilize CMS data in future research projects. Additionally, HEDAP encourages cutting-edge proposals that explore intersectionality. “Intersectionality”  means that people belong to more than one group and, therefore, may have overlapping health and social inequities, as well as overlapping strengths and assets . 

  

 Results of the HEDAP will provide CMS and its partners, (e.g. Quality Improvement Organizations, Hospital Engagement Networks, and other stakeholders) with actionable information on the subgroups of enrollees. This will aid the efforts of CMS and its agents to identify and eradicate health disparities in underserved populations. 

  

 VRDC seat access will be funded for a period of 36 months each, based on the availability of funds.
",False,,,False,False,False,False,False,False,,True,,False,False,False,False,False,False,False,False,,award_ceiling,90000.0,True,False,False,False,False,False,0.0,False,,False,False,False,False,True,True,False,False,False,False,False,3,False,False,,False,False,False,False,1,True,False,False,,True,False,False,True,,2026-09-30,2026-08-18,Health Equity Data Access Program (HEDAP),forecast,ok,8,G1,G1.O2,"The grant funds CMS data analysis to identify and evaluate health disparities among Medicare and Medicaid/CHIP enrollees, directly supporting the Department's goal of using data to track disparities and outcomes.","identify, document, assess, and evaluate health disparities among Medicare and Medicaid and CHIP enrollees",ineligible,"public_and_state_institutions_of_higher_education, nonprofits_non_higher_education_with_501c3, private_institutions_of_higher_education",MEDICAID,4,"NC Medicaid would be the natural internal partner for CMS enrollee data, but this grant is structured for external researchers and would not be run as a Department program.","NCDHHS is not an eligible applicant, so the Department cannot lead and would only have indirect value through a university partner.",False,"NCDHHS is not an eligible applicant; funds researcher access to CMS data rather than Department programs, though the topic aligns with health equity data.",[],True,True,ineligible,deepseek/deepseek-v4-pro,92b0344f579a,True,0.0,0.0,0.85,0.0,0.0,0.0,confirmed_ineligible
97,8b2ad75c-3341-42c5-806d-f468c9e3e28f,Teaching Health Center Graduate Medical Education (THCGME) Program,forecast,True,False,,8b2ad75c-3341-42c5-806d-f468c9e3e28f,HRSA-27-017,forecasted,HHS-HRSA,mandatory,,2026-07-08,,,2027-09-30,False,12.0,20960000.0,320000.0,2880000.0,,,93.530|Teaching Health Center Graduate Medical Education Payment,grant,health,,other,"Existing HRSA THCGME Program payment recipients must continue to meet the program's eligibility requirements to remain eligible for HRSA THCGME funding. Applicants must be community based, ambulatory patient care center that operates an accredited primary care residency program. They may operate directly or through a graduate medical education (GME) consortium. The residency program must be in one ore more of the following specialties/disciplines:Family Medicine  Internal Medicine  Pediatrics  Internal Medicine-Pediatrics  Obstetrics and Gynecology  Psychiatry  General Dentistry  Pediatric Dentistry  Geriatrics Program payment recipients that fail to meet any eligibility criteria will not be considered for funding under this announcement.",Health Resources and Services Administration,Department of Health and Human Services,"Xiomara Santana, MPH
301-480-2777",xsantana@hrsa.gov,xsantana@hrsa.gov,2026-07-31,2026-09-29,"Electronically submitted applications must be submitted no later than 11:59 p.m., ET, on the listed application due date.",2027-06-01,2027-07-01,2027.0,,,https://simpler.grants.gov/opportunity/8b2ad75c-3341-42c5-806d-f468c9e3e28f,"<p><span style=""background-color:transparent;"">The purpose of the THCGME Program is to provide maintenance funding to support the training of residents in existing HRSA-supported primary care residency training programs in community-based ambulatory patient care centers. These programs will prepare residents to provide </span>high-quality care, particularly in rural and medically vulnerable communities, and develop competencies to serve a wide range of populations and communities.</p>","The purpose of the THCGME Program is to provide maintenance funding to support the training of residents in existing HRSA-supported primary care residency training programs in community-based ambulatory patient care centers. These programs will prepare residents to provide  high-quality care, particularly in rural and medically vulnerable communities, and develop competencies to serve a wide range of populations and communities.","Teaching Health Center Graduate Medical Education (THCGME) Program
The purpose of the THCGME Program is to provide maintenance funding to support the training of residents in existing HRSA-supported primary care residency training programs in community-based ambulatory patient care centers. These programs will prepare residents to provide  high-quality care, particularly in rural and medically vulnerable communities, and develop competencies to serve a wide range of populations and communities.
Existing HRSA THCGME Program payment recipients must continue to meet the program's eligibility requirements to remain eligible for HRSA THCGME funding. Applicants must be community based, ambulatory patient care center that operates an accredited primary care residency program. They may operate directly or through a graduate medical education (GME) consortium. The residency program must be in one ore more of the following specialties/disciplines:Family Medicine  Internal Medicine  Pediatrics  Internal Medicine-Pediatrics  Obstetrics and Gynecology  Psychiatry  General Dentistry  Pediatric Dentistry  Geriatrics Program payment recipients that fail to meet any eligibility criteria will not be considered for funding under this announcement.",False,,,False,False,False,False,False,False,,False,-61.0,True,True,False,False,False,False,False,False,1746666.6666666667,award_ceiling,2880000.0,True,False,True,False,False,False,7.3,False,,False,False,False,False,False,False,False,False,False,False,True,1,False,False,,False,False,False,False,1,True,False,False,,True,False,False,False,,2026-09-30,2026-08-18,Teaching Health Center Graduate Medical Education (THCGME) Program,forecast,ok,8,G1,G1.O3,"This grant funds primary care residency training in community-based settings, directly expanding the rural and underserved primary care workforce that G1.O3 aims to support.",particularly in rural and medically vulnerable communities,ineligible,"Applicants must be community based, ambulatory patient care center that operates an accredited primary care residency program",none,0,"No NCDHHS division is an existing HRSA THCGME payment recipient or a community-based ambulatory patient care center, so this is outside the agency's direct authority.","The agency is not an eligible applicant, so NCDHHS could only support an external teaching health center partner rather than apply directly.",False,"Ineligible: HRSA limits applicants to existing community-based ambulatory patient care centers with accredited primary care residencies, not state agencies; despite rural primary care alignment, NCDHHS cannot apply.",[],True,True,ineligible,deepseek/deepseek-v4-pro,92b0344f579a,True,0.0,0.0,0.85,0.0,0.0,0.0,confirmed_ineligible
98,593a83b5-e3a6-4ef4-a1a4-07121d5accb9,Ending the HIV/HCV Epidemics in Indian Country,forecast,True,False,,593a83b5-e3a6-4ef4-a1a4-07121d5accb9,HHS-2026-IHS-ETHIC-0001,forecasted,HHS-IHS,discretionary,,2025-08-14,,,,False,26.0,14000000.0,,,https://www.ihs.gov/dgm/funding/,https://www.ihs.gov/dgm/funding/,93.899|Minority HIV/AIDS Fund (MHAF),cooperative_agreement,health,,other_native_american_tribal_organizations;federally_recognized_native_american_tribal_governments;other,"(Other - Urban Indian organizations - Urban Indian organization as defined by 25 U.S.C. 1603(29), that is currently administering a contract or receiving an award pursuant to 25 U.S.C. 1653. The term ""Urban Indian organization"" means a nonprofit corporate body situated in an urban center, governed by an urban Indian controlled board of directors, and providing for the maximum participation of all interested Indian groups and individuals, which body is capable of legally cooperating with other public and private entities for the purpose of performing the activities described in 25 U.S.C. 1653(a). You must provide proof of nonprofit status. See attachments.)",Indian Health Service,Department of Health and Human Services,"Division of Grants Management
301-443-5204",dgm@ihs.gov,dgm@ihs.gov,2026-05-19,2026-07-31,"This is only a forecast. The synopsis and application package are not yet posted, and we have not yet finalized the application due date. This opportunity will be updated when it is published in Grants.gov",2026-08-31,2026-09-01,2026.0,,,https://simpler.grants.gov/opportunity/593a83b5-e3a6-4ef4-a1a4-07121d5accb9,"<p>The purpose of this program is to support communities to directly increase the diagnoses, treatment, and prevention of HIV, HCV, and syphilis. Successful applicants will work toward a re-duction of new HIV infections and relevant co-morbidities, specifically syphilis and HCV infections; improve HIV/HCV/syphilis-related health outcomes; and reduce HIV/HCV/syphilis-related health disparities among the AI/AN population. In four separate but related parts, this initiative aims to implement effective and innovative strategies, interventions, approaches, and services to reduce new HIV/HCV/syphilis infections among AI/AN communities in the U.S. This initiative’s overarching goals are to: (1) Reduce new HIV, HCV, and syphilis infections to less than 3,000 per year by 2030; and (2) achieve a 90 percent reduction in new HCV infections and a 65 percent reduction in mortality, compared to a 2015 baseline.</p>","The purpose of this program is to support communities to directly increase the diagnoses, treatment, and prevention of HIV, HCV, and syphilis. Successful applicants will work toward a re-duction of new HIV infections and relevant co-morbidities, specifically syphilis and HCV infections; improve HIV/HCV/syphilis-related health outcomes; and reduce HIV/HCV/syphilis-related health disparities among the AI/AN population. In four separate but related parts, this initiative aims to implement effective and innovative strategies, interventions, approaches, and services to reduce new HIV/HCV/syphilis infections among AI/AN communities in the U.S. This initiative’s overarching goals are to: (1) Reduce new HIV, HCV, and syphilis infections to less than 3,000 per year by 2030; and (2) achieve a 90 percent reduction in new HCV infections and a 65 percent reduction in mortality, compared to a 2015 baseline.","Ending the HIV/HCV Epidemics in Indian Country
The purpose of this program is to support communities to directly increase the diagnoses, treatment, and prevention of HIV, HCV, and syphilis. Successful applicants will work toward a re-duction of new HIV infections and relevant co-morbidities, specifically syphilis and HCV infections; improve HIV/HCV/syphilis-related health outcomes; and reduce HIV/HCV/syphilis-related health disparities among the AI/AN population. In four separate but related parts, this initiative aims to implement effective and innovative strategies, interventions, approaches, and services to reduce new HIV/HCV/syphilis infections among AI/AN communities in the U.S. This initiative’s overarching goals are to: (1) Reduce new HIV, HCV, and syphilis infections to less than 3,000 per year by 2030; and (2) achieve a 90 percent reduction in new HCV infections and a 65 percent reduction in mortality, compared to a 2015 baseline.
(Other - Urban Indian organizations - Urban Indian organization as defined by 25 U.S.C. 1603(29), that is currently administering a contract or receiving an award pursuant to 25 U.S.C. 1653. The term ""Urban Indian organization"" means a nonprofit corporate body situated in an urban center, governed by an urban Indian controlled board of directors, and providing for the maximum participation of all interested Indian groups and individuals, which body is capable of legally cooperating with other public and private entities for the purpose of performing the activities described in 25 U.S.C. 1653(a). You must provide proof of nonprofit status. See attachments.)",False,,,False,False,False,False,False,False,,False,-134.0,True,True,False,False,False,False,False,False,538461.5384615385,average_award,538461.5384615385,True,False,False,False,False,False,3.66,False,,False,False,False,False,False,False,True,False,False,False,True,3,False,False,,False,False,False,False,1,True,False,False,,True,False,False,False,,2026-09-30,2026-08-18,Ending the HIV/HCV Epidemics in Indian Country,forecast,ok,7,G1,G1.O1,"The grant directly funds community-based strategies to reduce HIV/HCV/syphilis-related health disparities among an underserved population, aligning with G1.O1's focus on building structures to reduce health disparities.",reduce HIV/HCV/syphilis-related health disparities among the AI/AN population,ineligible,"Urban Indian organization as defined by 25 U.S.C. 1603(29), that is currently administering a contract or receiving an award pursuant to 25 U.S.C. 1653.",DPH,4,"DPH has relevant HIV/HCV/STI prevention and surveillance capacity, but the grant is limited to tribal and urban Indian organization applicants, not state agencies.","NCDHHS appears ineligible as a state agency because eligible applicant types are tribal governments, tribal organizations, and urban Indian organizations.",False,"Eligible applicants are tribes, tribal organizations, and urban Indian organizations, so NCDHHS cannot lead; despite relevance to HIV/HCV disparities, this is not a state-agency fit.","[""Limited to American Indian/Alaska Native communities and Indian Country"", ""Eligible applicants are federally recognized tribes, tribal organizations, or urban Indian organizations"", ""Urban Indian organizations must provide proof of nonprofit status""]",True,True,ineligible,deepseek/deepseek-v4-pro,92b0344f579a,True,0.0,0.0,0.85,0.0,0.0,0.0,confirmed_ineligible
99,16dd4363-d3e1-44e7-81b8-eaf8f573d0d1,Maternal and Child Health (MCH) Nutrition Training Program,forecast,True,False,,16dd4363-d3e1-44e7-81b8-eaf8f573d0d1,HRSA-27-036,forecasted,HHS-HRSA,discretionary,,2026-07-31,,,2027-02-19,False,16.0,10350000.0,550000.0,735000.0,,,93.110|Special Projects of Regional and National Significance,grant,health,,public_and_state_institutions_of_higher_education;other,"Domestic* non-profit private institutions of higher education are eligible to apply.  Individuals are not eligible applicants under this NOFO.  *""Domestic"" means the 50 states, the District of Columbia, the Commonwealth of Puerto Rico, the Northern Mariana Islands, American Samoa, Guam, the U.S. Virgin Islands, the Federated States of Micronesia, the Republic of the Marshall Islands, and the Republic of Palau.",Health Resources and Services Administration,Department of Health and Human Services,"Maternal and Child Health (MCH) Nutrition Training Program
301-443-6392",MCHNutritionTraining@hrsa.gov,Maternal and Child Health Bureau,2026-11-20,2027-01-20,"Electronically submitted applications must be submitted no later than 11:59 p.m., ET, on the listed application due date.",2027-06-01,2027-07-01,2027.0,,,https://simpler.grants.gov/opportunity/16dd4363-d3e1-44e7-81b8-eaf8f573d0d1,"<p>The purpose of this program is to improve the nutrition and overall well-being of mothers, children, and families. MCH Nutrition Training Programs will provide interdisciplinary graduate education to build a skilled workforce, provide technical assistance to state Title V and other MCH programs, expand nutrition education and career pathways, and improve access to high-quality nutrition services through trainee placements and practicums at health centers.&nbsp;</p>","The purpose of this program is to improve the nutrition and overall well-being of mothers, children, and families. MCH Nutrition Training Programs will provide interdisciplinary graduate education to build a skilled workforce, provide technical assistance to state Title V and other MCH programs, expand nutrition education and career pathways, and improve access to high-quality nutrition services through trainee placements and practicums at health centers.","Maternal and Child Health (MCH) Nutrition Training Program
The purpose of this program is to improve the nutrition and overall well-being of mothers, children, and families. MCH Nutrition Training Programs will provide interdisciplinary graduate education to build a skilled workforce, provide technical assistance to state Title V and other MCH programs, expand nutrition education and career pathways, and improve access to high-quality nutrition services through trainee placements and practicums at health centers.
Domestic* non-profit private institutions of higher education are eligible to apply.  Individuals are not eligible applicants under this NOFO.  *""Domestic"" means the 50 states, the District of Columbia, the Commonwealth of Puerto Rico, the Northern Mariana Islands, American Samoa, Guam, the U.S. Virgin Islands, the Federated States of Micronesia, the Republic of the Marshall Islands, and the Republic of Palau.",False,,,False,False,False,False,False,False,,False,51.0,False,False,False,False,False,False,False,False,646875.0,award_ceiling,735000.0,True,False,False,False,False,False,4.33,False,,False,False,False,False,True,False,False,False,False,False,True,2,False,False,,False,False,False,False,1,True,False,False,,True,False,False,False,,2026-09-30,2026-08-18,Maternal and Child Health (MCH) Nutrition Training Program,forecast,ok,7,G2,G2.O3,"The program would train maternal and child health nutrition professionals and improve nutrition services for mothers, children, and families, which aligns with increasing food security and nutrition access for children and families through WIC and related supports.","improve the nutrition and overall well-being of mothers, children, and families",ineligible,Domestic* non-profit private institutions of higher education are eligible to apply.,none,0,"No NCDHHS division is eligible to apply because HRSA limits applicants to private non-profit institutions of higher education, even though DPH has related maternal and child health nutrition responsibilities.","NCDHHS is not an eligible applicant, so the agency could only participate as a partner or technical assistance recipient if a private university takes the lead.",False,"NCDHHS cannot apply directly; HRSA limits eligibility to private non-profit universities, so this does not fit an agency-owned application despite aligning with maternal child nutrition priorities.",[],True,True,ineligible,deepseek/deepseek-v4-pro,92b0344f579a,True,0.0,0.0,0.85,0.0,0.0,0.0,confirmed_ineligible
100,7472b3bc-2bef-4494-854d-146821158d74,Centers of Excellence (COE),forecast,True,False,,7472b3bc-2bef-4494-854d-146821158d74,HRSA-27-062,forecasted,HHS-HRSA,discretionary,,2026-07-22,,,2027-09-30,False,22.0,12100000.0,1.0,686000.0,,,93.157|Centers of Excellence,grant,health,,public_and_state_institutions_of_higher_education;private_institutions_of_higher_education,"Eligible entities are accredited allopathic schools of medicine, osteopathic medicine, dentistry, pharmacy, and graduate programs in behavioral or mental health.",Health Resources and Services Administration,Department of Health and Human Services,"CDR Lorener Brayboy
301-287-0036",lbrayboy@hrsa.gov,lbrayboy@hrsa.gov,2026-12-02,2027-02-02,"Electronically submitted applications must be submitted no later than 11:59 p.m., ET, on the listed application due date.",2027-06-01,2027-07-01,2027.0,,,https://simpler.grants.gov/opportunity/7472b3bc-2bef-4494-854d-146821158d74,"<p>The Centers of Excellence Program provides grants to health professions schools and other public and nonprofit health or educational entities to assist schools in supporting programs of excellence in health professions education for under-represented minority individuals.&nbsp;</p><p>By statute, the Centers of Excellence Program awards funding to organizations to operate programs that establish, strengthen, and expand activities to enhance the academic performance of underrepresented minority students and improve information resources, clinical education, curricula related to minority health issues. Through strategic partnerships, grant recipients develop a large competitive applicant pool, establish a pipeline for health professions careers, enhance academic performance, expand the capacity of schools to recruit faculty, and provide training to students at community-based health facilities. Additionally, the Centers of Excellence Program supports faculty and student research on health issues particularly affecting underrepresented minority groups.</p>","The Centers of Excellence Program provides grants to health professions schools and other public and nonprofit health or educational entities to assist schools in supporting programs of excellence in health professions education for under-represented minority individuals. 
 By statute, the Centers of Excellence Program awards funding to organizations to operate programs that establish, strengthen, and expand activities to enhance the academic performance of underrepresented minority students and improve information resources, clinical education, curricula related to minority health issues. Through strategic partnerships, grant recipients develop a large competitive applicant pool, establish a pipeline for health professions careers, enhance academic performance, expand the capacity of schools to recruit faculty, and provide training to students at community-based health facilities. Additionally, the Centers of Excellence Program supports faculty and student research on health issues particularly affecting underrepresented minority groups.","Centers of Excellence (COE)
The Centers of Excellence Program provides grants to health professions schools and other public and nonprofit health or educational entities to assist schools in supporting programs of excellence in health professions education for under-represented minority individuals. 
 By statute, the Centers of Excellence Program awards funding to organizations to operate programs that establish, strengthen, and expand activities to enhance the academic performance of underrepresented minority students and improve information resources, clinical education, curricula related to minority health issues. Through strategic partnerships, grant recipients develop a large competitive applicant pool, establish a pipeline for health professions careers, enhance academic performance, expand the capacity of schools to recruit faculty, and provide training to students at community-based health facilities. Additionally, the Centers of Excellence Program supports faculty and student research on health issues particularly affecting underrepresented minority groups.
Eligible entities are accredited allopathic schools of medicine, osteopathic medicine, dentistry, pharmacy, and graduate programs in behavioral or mental health.",False,,,False,False,False,False,False,False,,False,63.0,False,False,False,False,False,False,False,False,550000.0,award_ceiling,686000.0,True,False,False,False,False,False,4.18,False,,False,False,False,False,True,False,False,False,False,False,False,2,False,False,,False,False,False,False,1,True,False,False,,True,False,False,False,,2026-09-30,2026-08-18,Centers of Excellence (COE),forecast,ok,7,G1,G1.O1,"The grant funds health professions education programs for underrepresented minority students, which builds a workforce better able to reduce health disparities.",programs of excellence in health professions education for under-represented minority individuals,ineligible,"Eligible entities are accredited allopathic schools of medicine, osteopathic medicine, dentistry, pharmacy, and graduate programs in behavioral or mental health.",none,0,"NCDHHS divisions do not operate accredited health professions schools or graduate programs, so the Department cannot serve as the applicant or implement the required educational program.",NCDHHS appears ineligible because only accredited health professions schools and graduate programs in specific fields may apply.,False,"Only accredited health professions schools and graduate health programs are eligible; NCDHHS is not such an institution, so it cannot apply.",[],True,True,ineligible,deepseek/deepseek-v4-pro,92b0344f579a,True,0.0,0.0,0.85,0.0,0.0,0.0,confirmed_ineligible
101,1c7b3701-9028-4d4f-8c74-e9f1aa1b2194,Food Safety Capacity and Infrastructure Building (U2F),forecast,True,False,,1c7b3701-9028-4d4f-8c74-e9f1aa1b2194,FOR-FD-25-019,forecasted,HHS-FDA,discretionary,,2025-07-11,,,,False,1.0,1000000.0,,1000000.0,,,93.103|Food and Drug Administration Research,cooperative_agreement,agriculture;consumer_protection;food_and_nutrition,,other,Only current recipients under RFA-FD-20-023 are eligible to apply for this funding opportunity.,Food and Drug Administration,Department of Health and Human Services,"Danielle Head
301-796-2984",danielle.head@fda.hhs.gov,Business Email Address,,,,,,2025.0,,,https://simpler.grants.gov/opportunity/1c7b3701-9028-4d4f-8c74-e9f1aa1b2194,"<p><span style=""color: rgb(51, 51, 51);"">The purpose of this funding opportunity is to support the development, support, and promotion of innovative information sharing and research tools hosted on the Integrated Food Safety System (IFSS) collaboration/research portal, which serves as a critical federal-state collaboration portal to advance food safety and public health.</span></p>","The purpose of this funding opportunity is to support the development, support, and promotion of innovative information sharing and research tools hosted on the Integrated Food Safety System (IFSS) collaboration/research portal, which serves as a critical federal-state collaboration portal to advance food safety and public health.","Food Safety Capacity and Infrastructure Building (U2F)
The purpose of this funding opportunity is to support the development, support, and promotion of innovative information sharing and research tools hosted on the Integrated Food Safety System (IFSS) collaboration/research portal, which serves as a critical federal-state collaboration portal to advance food safety and public health.
Only current recipients under RFA-FD-20-023 are eligible to apply for this funding opportunity.",False,,,False,False,False,False,False,False,,True,,False,False,False,False,False,False,False,False,1000000.0,award_ceiling,1000000.0,True,False,True,True,False,False,5.0,False,,False,False,False,False,False,False,False,False,False,False,True,1,False,False,,False,False,False,False,1,True,False,False,,True,False,False,False,,2026-09-30,2026-08-18,Food Safety Capacity and Infrastructure Building (U2F),forecast,ok,5,G5,G5.O1,"The grant funds information-sharing and research tools that support data infrastructure and data-driven decision-making for food safety, which aligns broadly with G5.O1 but is not a named NCDHHS food safety objective.","support the development, support, and promotion of innovative information sharing and research tools hosted on the Integrated Food Safety System (IFSS) collaboration/research portal",ineligible,Only current recipients under RFA-FD-20-023 are eligible to apply for this funding opportunity.,DPH,6,"DPH is the state public health division with environmental health and food safety responsibilities and would be the natural owner, though the portal-specific scope is narrower than its usual regulatory work.","NCDHHS is likely ineligible unless it is already a current recipient under RFA-FD-20-023, making this grant unwinnable for most applicants.",False,"Only current recipients under RFA-FD-20-023 may apply; unless NCDHHS holds that award, this is not an opportunity, and food-safety portal work is only a loose data-infrastructure fit.","[""Only current recipients under RFA-FD-20-023 are eligible to apply.""]",True,True,ineligible,deepseek/deepseek-v4-pro,92b0344f579a,True,0.0,0.0,0.85,0.0,0.0,0.0,confirmed_ineligible
102,17831514-d29d-4e00-8071-c319e7e79130,State Electronic Crash Data Collection,forecast,True,False,,17831514-d29d-4e00-8071-c319e7e79130,693JJ92023,forecasted,DOT-NHTSA,discretionary,,2023-02-02,,,,False,50.0,,,,"The Guide to Updating State Crash Data Systems (DOT HS 813 217) was published to provide guidance and promote noteworthy practices to States. The Traffic Records Program Assessment Advisory, 2018 Edition (DOT HS 821 601) provides a description of the",,20.614|National Highway Traffic Safety Administration (NHTSA) Discretionary Safety Grants and Cooperative Agreements,grant,arts,,state_governments,,National Highway Traffic Safety Administration,Department of Transportation,"Reba Dyer
Contracting Officer
No questions are accepted at this time.
NA",nhtsaoam@dot.gov,nhtsaoam@dot.gov,,2024-03-20,,2024-10-17,,2024.0,,,https://simpler.grants.gov/opportunity/17831514-d29d-4e00-8071-c319e7e79130,"<p><strong>Estimated Total Program Funding $250,000,000</strong></p>
<p><strong>﻿Additional Information on Eligibility</strong>: State crash data owners and custodians for each of the 50 States, the District of Columbia; the Commonwealth of Puerto Rico; the United States Virgin Islands; Guam; American Samoa; the Commonwealth of the Northern Mariana Islands; and the Secretary of the Interior, acting on behalf of an Indian Tribe. If there are multiple entities within a State responsible for the statewide crash data repository, the State should coordinate and appoint one point of contact for the grant application.</p>
<p><br></p>
<p><strong>Agency Name</strong>:&nbsp;National Highway Traffic Safety Administration (NHTSA)</p>
<p><strong>Description</strong>:&nbsp;&nbsp;&nbsp;&nbsp;&nbsp;&nbsp;State Electronic Crash Data Collection Program Grant</p>
<p>The National Highway Traffic Safety Administration’s National Center for Statistics and Analysis intends to award discretionary grants for the modernization of States’ crash data collection systems. These grants are for States to establish or upgrade and standardize their crash data systems to enable electronic data collection, intra-State sharing, and electronic transfer of their crash data to NHTSA in a standardized format using the <strong><em>Information Exchange Package Documentation (IEPD)</em></strong> data transfer protocol.</p>
<p>NHTSA has a history of working with States to make crash data available to the public to support highway safety. These grants will increase the number of States providing timely, standardized electronic crash data to NHTSA to support NHTSA data systems, including the Fatality Analysis Reporting System (FARS), the Crash Reporting Sampling System (CRSS), and the Crash Investigation Sampling System (CISS). The crash data received will enable NHTSA to analyze motor vehicle crash data, identify developing trends, and develop strategies and interventions to prevent and mitigate crash injury severity.&nbsp;NHTSA will make this State crash data accessible to the public.&nbsp;</p>
<p>Grant recipients will be required to contribute at least twenty (20) percent of State funds for eligible activity costs. States can use the funds for equipment to upgrade a centralized statewide crash data repository; adopt electronic crash reporting by law enforcement agencies; and increase alignment of State crash data with the forthcoming Model Minimum Uniform Crash Criteria (MMUCC) Sixth Edition.&nbsp;Recipients will also certify that they will electronically transfer crash data to NHTSA beginning no later than five years from the effective date of award.</p>
<p>This Notice is being published to allow potential applicants enough time to develop a plan to implement full electronic data transfer to NHTSA by no later than five years after the grant is awarded.&nbsp;The plan should describe the project, tasks, and steps that will enable electronic transfer of State crash data to NHTSA.&nbsp;This notification of funding opportunity (NOFO) is currently under development.&nbsp;We encourage prospective applicants to use the Grants.gov subscription option to register for future updates provided for this opportunity.</p>
<p><br></p>
<p><strong>Link to Additional Information</strong>:</p>
<p>States are encouraged to review the guidance, tools, and technical assistance provided by NHTSA for modernizing their crash data collection systems. The <a href=""https://crashstats.nhtsa.dot.gov/Api/Public/ViewPublication/813217"" target=""_blank"">Guide to Updating State Crash Data Systems (DOT HS 813 217)</a> was published to provide guidance and promote noteworthy practices to States. The <a href=""https://crashstats.nhtsa.dot.gov/Api/Public/ViewPublication/812601"" target=""_blank"">Traffic Records Program Assessment Advisory, 2018 Edition (DOT HS 821 601)</a> provides a description of the ideal crash system.</p>","Estimated Total Program Funding $250,000,000 

  ﻿Additional Information on Eligibility : State crash data owners and custodians for each of the 50 States, the District of Columbia; the Commonwealth of Puerto Rico; the United States Virgin Islands; Guam; American Samoa; the Commonwealth of the Northern Mariana Islands; and the Secretary of the Interior, acting on behalf of an Indian Tribe. If there are multiple entities within a State responsible for the statewide crash data repository, the State should coordinate and appoint one point of contact for the grant application.

 


  Agency Name : National Highway Traffic Safety Administration (NHTSA)

  Description :      State Electronic Crash Data Collection Program Grant

 The National Highway Traffic Safety Administration’s National Center for Statistics and Analysis intends to award discretionary grants for the modernization of States’ crash data collection systems. These grants are for States to establish or upgrade and standardize their crash data systems to enable electronic data collection, intra-State sharing, and electronic transfer of their crash data to NHTSA in a standardized format using the   Information Exchange Package Documentation (IEPD)   data transfer protocol.

 NHTSA has a history of working with States to make crash data available to the public to support highway safety. These grants will increase the number of States providing timely, standardized electronic crash data to NHTSA to support NHTSA data systems, including the Fatality Analysis Reporting System (FARS), the Crash Reporting Sampling System (CRSS), and the Crash Investigation Sampling System (CISS). The crash data received will enable NHTSA to analyze motor vehicle crash data, identify developing trends, and develop strategies and interventions to prevent and mitigate crash injury severity. NHTSA will make this State crash data accessible to the public. 

 Grant recipients will be required to contribute at least twenty (20) percent of State funds for eligible activity costs. States can use the funds for equipment to upgrade a centralized statewide crash data repository; adopt electronic crash reporting by law enforcement agencies; and increase alignment of State crash data with the forthcoming Model Minimum Uniform Crash Criteria (MMUCC) Sixth Edition. Recipients will also certify that they will electronically transfer crash data to NHTSA beginning no later than five years from the effective date of award.

 This Notice is being published to allow potential applicants enough time to develop a plan to implement full electronic data transfer to NHTSA by no later than five years after the grant is awarded. The plan should describe the project, tasks, and steps that will enable electronic transfer of State crash data to NHTSA. This notification of funding opportunity (NOFO) is currently under development. We encourage prospective applicants to use the Grants.gov subscription option to register for future updates provided for this opportunity.

 


  Link to Additional Information :

 States are encouraged to review the guidance, tools, and technical assistance provided by NHTSA for modernizing their crash data collection systems. The  Guide to Updating State Crash Data Systems (DOT HS 813 217)  was published to provide guidance and promote noteworthy practices to States. The  Traffic Records Program Assessment Advisory, 2018 Edition (DOT HS 821 601)  provides a description of the ideal crash system.","State Electronic Crash Data Collection
Estimated Total Program Funding $250,000,000 

  ﻿Additional Information on Eligibility : State crash data owners and custodians for each of the 50 States, the District of Columbia; the Commonwealth of Puerto Rico; the United States Virgin Islands; Guam; American Samoa; the Commonwealth of the Northern Mariana Islands; and the Secretary of the Interior, acting on behalf of an Indian Tribe. If there are multiple entities within a State responsible for the statewide crash data repository, the State should coordinate and appoint one point of contact for the grant application.

 


  Agency Name : National Highway Traffic Safety Administration (NHTSA)

  Description :      State Electronic Crash Data Collection Program Grant

 The National Highway Traffic Safety Administration’s National Center for Statistics and Analysis intends to award discretionary grants for the modernization of States’ crash data collection systems. These grants are for States to establish or upgrade and standardize their crash data systems to enable electronic data collection, intra-State sharing, and electronic transfer of their crash data to NHTSA in a standardized format using the   Information Exchange Package Documentation (IEPD)   data transfer protocol.

 NHTSA has a history of working with States to make crash data available to the public to support highway safety. These grants will increase the number of States providing timely, standardized electronic crash data to NHTSA to support NHTSA data systems, including the Fatality Analysis Reporting System (FARS), the Crash Reporting Sampling System (CRSS), and the Crash Investigation Sampling System (CISS). The crash data received will enable NHTSA to analyze motor vehicle crash data, identify developing trends, and develop strategies and interventions to prevent and mitigate crash injury severity. NHTSA will make this State crash data accessible to the public. 

 Grant recipients will be required to contribute at least twenty (20) percent of State funds for eligible activity costs. States can use the funds for equipment to upgrade a centralized statewide crash data repository; adopt electronic crash reporting by law enforcement agencies; and increase alignment of State crash data with the forthcoming Model Minimum Uniform Crash Criteria (MMUCC) Sixth Edition. Recipients will also certify that they will electronically transfer crash data to NHTSA beginning no later than five years from the effective date of award.

 This Notice is being published to allow potential applicants enough time to develop a plan to implement full electronic data transfer to NHTSA by no later than five years after the grant is awarded. The plan should describe the project, tasks, and steps that will enable electronic transfer of State crash data to NHTSA. This notification of funding opportunity (NOFO) is currently under development. We encourage prospective applicants to use the Grants.gov subscription option to register for future updates provided for this opportunity.

 


  Link to Additional Information :

 States are encouraged to review the guidance, tools, and technical assistance provided by NHTSA for modernizing their crash data collection systems. The  Guide to Updating State Crash Data Systems (DOT HS 813 217)  was published to provide guidance and promote noteworthy practices to States. The  Traffic Records Program Assessment Advisory, 2018 Edition (DOT HS 821 601)  provides a description of the ideal crash system.
",False,,,False,False,False,False,False,False,,True,,False,True,False,False,False,False,False,False,,unknown,,False,True,False,False,False,True,5.0,False,,False,False,True,False,False,False,False,False,False,False,False,1,False,False,,False,False,False,False,1,False,False,False,,False,False,False,True,,2026-09-30,2026-08-18,State Electronic Crash Data Collection,forecast,ok,4,G5,G5.O1,"The grant funds statewide crash data system modernization and standardized electronic data transfer, which most closely aligns with G5.O1's focus on data infrastructure, integration, and data-driven decision-making.",modernization of States’ crash data collection systems,ineligible,"State crash data owners and custodians for each of the 50 States, the District of Columbia; the Commonwealth of Puerto Rico; the United States Virgin Islands; Guam; American Samoa; the Commonwealth of the Northern Mariana Islands; and the Secretary of the Interior, acting on behalf of an Indian Tribe.",none,0,No NCDHHS division owns or operates the statewide crash data repository; that function sits with the state transportation/motor vehicle agency rather than health and human services.,"NCDHHS is likely not the statewide crash data owner or custodian, so this opportunity probably belongs with NCDOT and would require interagency coordination plus a state match for a system outside DHHS authority.",False,"Crash data system modernization aligns with operational data infrastructure, but NCDHHS does not own crash data; it likely belongs to NCDOT, so not recommended.","[""State match: recipients must contribute at least twenty (20) percent of State funds for eligible activity costs."", ""Data-transfer deadline: recipients must certify they will electronically transfer crash data to NHTSA beginning no later than five years from the effective date of award."", ""Coordination: if multiple state entities are responsible for the crash data repository, the State must appoint one point of contact for the application.""]",True,True,ineligible,deepseek/deepseek-v4-pro,92b0344f579a,True,0.0,0.0,0.85,0.0,0.0,0.0,confirmed_ineligible
103,9f5c5a97-af42-49ea-b8e0-0dcbd93a61eb,Health Promotion and Disease Prevention Research Centers:  2027 Special Interest Project Supplements (SIPS),forecast,True,False,,9f5c5a97-af42-49ea-b8e0-0dcbd93a61eb,RFA-DP-27-030,forecasted,HHS-CDC-HHSCDCERA,discretionary,,2026-07-28,,,2027-04-22,False,14.0,11700000.0,0.0,600000.0,,,93.135|Centers for Research and Demonstration for Health Promotion and Disease Prevention,cooperative_agreement,health,,other,"Only applicants approved for funding under CDC NOFO RFA-DP-24-004 Health Promotion and Disease Prevention Research Centers (PRCs)* are eligible to apply for SIP supplemental funding under this announcement.  On the SIP applicant's SF424 (R&R), the institution's legal name, EIN, and UEI (sections 8a, b and c of SF424) must match the information of the institution selected for funding under RFA-DP-24-004 as listed in the Notice of Award. Special eligibility may apply to each SIP that will be listed in the NOFO. *The 20 PRCs currently approved for funding under CDC RFA-DP-24-004 are listed below:  CDC Grant # PRC Recipient  U48 DP006809 Emory University U48 DP006803 Georgia State University U48 DP006785 Harvard School of Public Health U48 DP006802 Morehouse School of Medicine U48 DP006778 New York University School of Medicine U48 DP006816 San Diego State University U48 DP006799 University of Arizona U48 DP006814 University of Arkansas for Medical Sciences U48 DP006806 University of California San Francisco  U48 DP006812 University of Iowa U48 DP006808 University of Massachusetts Medical School Worcester U48 DP006791 University of Michigan at Ann Arbor U48 DP006787 University of Minnesota U48 DP006807 University of North Carolina at Chapel Hill U48 DP006801 University of Pennsylvania U48 DP006792 University of Pittsburgh  U48 DP006779 University of Rochester U48 DP006780 University of South Carolina at Columbia U48 DP006789 University of Utah U48 DP006793 University of Wisconsin-Madison",Centers for Disease Control and Prevention - ERA,Department of Health and Human Services,"Natalie Darling, MPH, Scientific Program Official
(770) 488-5740",researchnofo@cdc.gov,researchnofo@cdc.gov,2027-01-21,2027-03-23,Electronically submitted applications must be submitted no later than 11:59 pm ET on the listed application due date.,2027-08-30,2027-09-30,2027.0,,,https://simpler.grants.gov/opportunity/9f5c5a97-af42-49ea-b8e0-0dcbd93a61eb,"<p>This NOFO will provide supplemental funding to the currently funding twenty (20) CDC Prevention Research Centers (PRCs) to conduct Special Interest Projects (SIPs). The purpose of the SIPs is to inform public health practice through high-quality applied health promotion and disease prevention public health research in real-world settings to identify, design, test, assess, evaluate, disseminate, and translate interventions or resources to prevent and reduce risk for the leading causes of illness, disability, and death in the United States.&nbsp;</p><p>The ten (10) SIPs that will be included in this NOFO are: (1) Automating Cancer Survivorship Care Plans: A Feasibility Study; (2) Medicare Data on Prostate Cancer Patterns of Care and Quality Indicators; (3) Planning Better Ovarian Cancer Care: Using State and Local Data to Improve Access to Gynecologic Oncologists; (4) Messaging about the benefits of and community-level approaches to reducing alcohol use for cancer prevention; (5) Demonstration of the use of cancer registry data to improve cancer clinical trial enrollment; (6) Visual Aids for Sunscreen Application; (7) Demonstration project for weather-related emergency preparedness and response plans for cancer prevention and control; (8) Developing a framework for improving prostate cancer care and informing support services; (9) Public Health Approaches to Hereditary Cancer Prevention, Detection, and Treatment; and (10) Research on Recent Developments and Emerging Issues in Chronic Disease Prevention and Care.</p><p>&nbsp;</p>","This NOFO will provide supplemental funding to the currently funding twenty (20) CDC Prevention Research Centers (PRCs) to conduct Special Interest Projects (SIPs). The purpose of the SIPs is to inform public health practice through high-quality applied health promotion and disease prevention public health research in real-world settings to identify, design, test, assess, evaluate, disseminate, and translate interventions or resources to prevent and reduce risk for the leading causes of illness, disability, and death in the United States. 
 The ten (10) SIPs that will be included in this NOFO are: (1) Automating Cancer Survivorship Care Plans: A Feasibility Study; (2) Medicare Data on Prostate Cancer Patterns of Care and Quality Indicators; (3) Planning Better Ovarian Cancer Care: Using State and Local Data to Improve Access to Gynecologic Oncologists; (4) Messaging about the benefits of and community-level approaches to reducing alcohol use for cancer prevention; (5) Demonstration of the use of cancer registry data to improve cancer clinical trial enrollment; (6) Visual Aids for Sunscreen Application; (7) Demonstration project for weather-related emergency preparedness and response plans for cancer prevention and control; (8) Developing a framework for improving prostate cancer care and informing support services; (9) Public Health Approaches to Hereditary Cancer Prevention, Detection, and Treatment; and (10) Research on Recent Developments and Emerging Issues in Chronic Disease Prevention and Care.","Health Promotion and Disease Prevention Research Centers:  2027 Special Interest Project Supplements (SIPS)
This NOFO will provide supplemental funding to the currently funding twenty (20) CDC Prevention Research Centers (PRCs) to conduct Special Interest Projects (SIPs). The purpose of the SIPs is to inform public health practice through high-quality applied health promotion and disease prevention public health research in real-world settings to identify, design, test, assess, evaluate, disseminate, and translate interventions or resources to prevent and reduce risk for the leading causes of illness, disability, and death in the United States. 
 The ten (10) SIPs that will be included in this NOFO are: (1) Automating Cancer Survivorship Care Plans: A Feasibility Study; (2) Medicare Data on Prostate Cancer Patterns of Care and Quality Indicators; (3) Planning Better Ovarian Cancer Care: Using State and Local Data to Improve Access to Gynecologic Oncologists; (4) Messaging about the benefits of and community-level approaches to reducing alcohol use for cancer prevention; (5) Demonstration of the use of cancer registry data to improve cancer clinical trial enrollment; (6) Visual Aids for Sunscreen Application; (7) Demonstration project for weather-related emergency preparedness and response plans for cancer prevention and control; (8) Developing a framework for improving prostate cancer care and informing support services; (9) Public Health Approaches to Hereditary Cancer Prevention, Detection, and Treatment; and (10) Research on Recent Developments and Emerging Issues in Chronic Disease Prevention and Care.
Only applicants approved for funding under CDC NOFO RFA-DP-24-004 Health Promotion and Disease Prevention Research Centers (PRCs)* are eligible to apply for SIP supplemental funding under this announcement.  On the SIP applicant's SF424 (R&R), the institution's legal name, EIN, and UEI (sections 8a, b and c of SF424) must match the information of the institution selected for funding under RFA-DP-24-004 as listed in the Notice of Award. Special eligibility may apply to each SIP that will be listed in the NOFO. *The 20 PRCs currently approved for funding under CDC RFA-DP-24-004 are listed below:  CDC Grant # PRC Recipient  U48 DP006809 Emory University U48 DP006803 Georgia State University U48 DP006785 Harvard School of Public Health U48 DP006802 Morehouse School of Medicine U48 DP006778 New York University School of Medicine U48 DP006816 San Diego State University U48 DP006799 University of Arizona U48 DP006814 University of Arkansas for Medical Sciences U48 DP006806 University of California San Francisco  U48 DP006812 University of Iowa U48 DP006808 University of Massachusetts Medical School Worcester U48 DP006791 University of Michigan at Ann Arbor U48 DP006787 University of Minnesota U48 DP006807 University of North Carolina at Chapel Hill U48 DP006801 University of Pennsylvania U48 DP006792 University of Pittsburgh  U48 DP006779 University of Rochester U48 DP006780 University of South Carolina at Columbia U48 DP006789 University of Utah U48 DP006793 University of Wisconsin-Madison",False,,,False,False,False,False,False,False,,False,113.0,False,False,False,False,False,False,False,False,835714.2857142857,award_ceiling,600000.0,True,False,False,False,False,False,3.89,False,,False,False,False,False,False,False,False,False,False,False,True,1,False,False,,False,False,False,False,1,True,False,False,,True,False,False,False,,2026-09-30,2026-08-18,Health Promotion and Disease Prevention Research Centers:  2027 Special Interest Project Supplements (SIPS),forecast,ok,4,G1,G1.O2,"The funded SIPs use public health data and applied research to inform practice and improve access to cancer and chronic disease prevention, which is directionally aligned with NCDHHS's objective to use data to track disparities and improve outcomes.",inform public health practice through high-quality applied health promotion and disease prevention public health research in real-world settings,ineligible,Only applicants approved for funding under CDC NOFO RFA-DP-24-004 Health Promotion and Disease Prevention Research Centers (PRCs)* are eligible to apply for SIP supplemental funding under this announcement.,none,0,No NCDHHS division can apply because the supplement is limited to existing CDC Prevention Research Centers; DPH would be the closest programmatic fit only as a possible collaborator with UNC-Chapel Hill.,The Department cannot apply directly and would only benefit if the eligible University of North Carolina at Chapel Hill PRC agrees to include NCDHHS as a partner.,False,"NCDHHS is not an eligible applicant; only existing CDC Prevention Research Centers can receive this supplement, though UNC-Chapel Hill could be a potential partner.","[""Eligibility is limited to the 20 existing Prevention Research Centers funded under CDC RFA-DP-24-004."", ""Special eligibility requirements may apply to each individual SIP.""]",True,True,ineligible,deepseek/deepseek-v4-pro,92b0344f579a,True,0.0,0.0,0.85,0.0,0.0,0.0,confirmed_ineligible
104,b02912bb-0c85-4a16-9fa4-414a788554ec,Healthy Lifestyles in Youth,forecast,True,False,,b02912bb-0c85-4a16-9fa4-414a788554ec,HHS-2027-IHS-HLY-0001,forecasted,HHS-IHS,discretionary,,2026-08-18,,,,False,1.0,1562500.0,,,https://,https://,93.00K|Indian Health Service: Healthy Lifestyles in Youth Project,cooperative_agreement,health,,federally_recognized_native_american_tribal_governments;other_native_american_tribal_organizations;other,"Tribes, Tribal Organizations, Urban Organizations",Indian Health Service,Department of Health and Human Services,"Division of Grants Management
301-443-5204",dgm@ihs.gov,dgm@ihs.gov,2028-04-28,2028-06-30,"Electronically submitted applications must be submitted no later than 11:59 p.m., ET, on the listed application due date.",2028-08-30,2028-09-30,2027.0,,,https://simpler.grants.gov/opportunity/b02912bb-0c85-4a16-9fa4-414a788554ec,<p>New cohort of NPHR awards designed to fund Tribes and Tribal Orgs to provide Essential Public Health Services</p>,New cohort of NPHR awards designed to fund Tribes and Tribal Orgs to provide Essential Public Health Services,"Healthy Lifestyles in Youth
New cohort of NPHR awards designed to fund Tribes and Tribal Orgs to provide Essential Public Health Services
Tribes, Tribal Organizations, Urban Organizations",False,,,False,False,False,False,False,False,,False,576.0,False,False,False,False,False,False,False,False,1562500.0,average_award,1562500.0,True,False,True,True,False,False,5.97,False,,False,False,False,False,False,False,True,False,False,False,True,3,False,False,,False,False,False,False,1,True,False,False,,True,False,False,False,,2026-09-30,2026-08-18,Healthy Lifestyles in Youth,forecast,ok,4,G2,none,"The grant funds youth health promotion through essential public health services, which broadly supports NCDHHS's child and family well-being goal but does not map to a named objective.",New cohort of NPHR awards designed to fund Tribes and Tribal Orgs to provide Essential Public Health Services,ineligible,"Tribes, Tribal Organizations, Urban Organizations",none,0,"NCDHHS is a state health department, not a Tribe, Tribal Organization, or Urban Organization, so no division can directly run this IHS cooperative agreement under the stated eligibility.","NCDHHS appears ineligible to apply directly, so the grant would be valuable only through a tribal or urban Indian partner and likely cannot be led by the Department.",False,"Youth health broadly fits child and family well-being, but IHS limits applicants to tribes, tribal organizations, and urban organizations; NCDHHS cannot apply directly.","[""Eligibility limited to Tribes, Tribal Organizations, and Urban Organizations""]",True,True,ineligible,deepseek/deepseek-v4-pro,92b0344f579a,True,0.0,0.0,0.85,0.0,0.0,0.0,confirmed_ineligible
105,22227ca0-7530-42d3-858a-473b82a81d80,Retail Food Safety Regulatory Association Collaboration,forecast,True,False,,22227ca0-7530-42d3-858a-473b82a81d80,FOR-FD-26-003,forecasted,HHS-FDA,discretionary,,2025-08-04,,,,False,5.0,4000000.0,,,,,93.103|Food and Drug Administration Research,cooperative_agreement,agriculture;consumer_protection;food_and_nutrition,,other,"Competition will be limited to non-profit national organizations affiliated with one or more institutions of higher learning whose membership includes state, local, tribal and territorial regulatory personnel whose primary duties include retail food safety, as explicitly permitted by the grant-making provisions of FSMA (21 USC 399).",Food and Drug Administration,Department of Health and Human Services,"Danielle Head
Grants Management Specialist
(301) 796-2984",danielle.head@fda.hhs.gov,Contact FDA About this Opportunity,,,,,,2026.0,,,https://simpler.grants.gov/opportunity/22227ca0-7530-42d3-858a-473b82a81d80,"<p>The program furthers the FDA's support of state, local, tribal, and territorial (SLTT) retail food safety programs in their efforts to reduce the occurrence of food-borne illness risk factors for the benefit of the public. Recipients of this funding will assist SLTT agencies in conducting research, implementing intervention strategies, and performing other activities to reduce the occurrence of food-borne illness risk factors, reduce the burden of foodborne illness, and advance a nationally integrated food safety system.</p>","The program furthers the FDA's support of state, local, tribal, and territorial (SLTT) retail food safety programs in their efforts to reduce the occurrence of food-borne illness risk factors for the benefit of the public. Recipients of this funding will assist SLTT agencies in conducting research, implementing intervention strategies, and performing other activities to reduce the occurrence of food-borne illness risk factors, reduce the burden of foodborne illness, and advance a nationally integrated food safety system.","Retail Food Safety Regulatory Association Collaboration
The program furthers the FDA's support of state, local, tribal, and territorial (SLTT) retail food safety programs in their efforts to reduce the occurrence of food-borne illness risk factors for the benefit of the public. Recipients of this funding will assist SLTT agencies in conducting research, implementing intervention strategies, and performing other activities to reduce the occurrence of food-borne illness risk factors, reduce the burden of foodborne illness, and advance a nationally integrated food safety system.
Competition will be limited to non-profit national organizations affiliated with one or more institutions of higher learning whose membership includes state, local, tribal and territorial regulatory personnel whose primary duties include retail food safety, as explicitly permitted by the grant-making provisions of FSMA (21 USC 399).",False,,,False,False,False,False,False,False,,True,,False,False,False,False,False,False,False,False,800000.0,average_award,800000.0,True,False,False,False,False,False,4.52,False,,False,False,False,False,False,False,False,False,False,False,True,1,False,False,,False,False,False,False,1,True,False,False,,True,False,False,False,,2026-09-30,2026-08-18,Retail Food Safety Regulatory Association Collaboration,forecast,ok,3,none,none,"No NCDHHS strategic objective explicitly covers retail food safety or foodborne illness risk reduction, though the work is a core public health function.",reduce the occurrence of food-borne illness risk factors,ineligible,"Competition will be limited to non-profit national organizations affiliated with one or more institutions of higher learning whose membership includes state, local, tribal and territorial regulatory personnel whose primary duties include retail food safety",DPH,8,"DPH oversees environmental health and local health department food safety programs, so it could participate as a regulatory partner if a national organization invited it.","NCDHHS is not an eligible lead applicant, so the grant has value only if a national nonprofit selects NCDHHS as a partner or beneficiary.",False,"State agencies are not eligible lead applicants; no NCDHHS strategic objective directly matches retail food safety, so it is not worth pursuing as an applicant.","[""Lead applicant must be a non-profit national organization affiliated with an institution of higher learning; state agencies such as NCDHHS cannot apply as lead.""]",True,True,ineligible,deepseek/deepseek-v4-pro,92b0344f579a,True,0.0,0.0,0.85,0.0,0.0,0.0,confirmed_ineligible
106,6899b4bb-0139-4408-9a57-42898c940ebd,Retail Food Safety Regulatory Association Collaboration CAP,forecast,True,False,,6899b4bb-0139-4408-9a57-42898c940ebd,FOR-FD-25-008,forecasted,HHS-FDA,discretionary,,2024-08-14,,,,False,5.0,,4000000.0,4000000.0,,,93.103|Food and Drug Administration Research,cooperative_agreement,agriculture;consumer_protection;food_and_nutrition,,other,"Competition will be limited to non-profit national organizations affiliated with one or more institutions of higher learning whose membership includes state, local, tribal and territorial regulatory personnel whose primary duties include retail food safety, as explicitly permitted by the grant-making provisions of FSMA (21 USC 399). 

These organizations are well situated to assist FDA in leveraging state and local jurisdictions to advance retail food protection and reduce the national burden of foodborne illness and injury.",Food and Drug Administration,Department of Health and Human Services,"Terrin Brown
Grantor
2404027610",terrin.brown@fda.hhs.gov,terrin.brown@fda.hhs.gov,,,,,,2025.0,,,https://simpler.grants.gov/opportunity/6899b4bb-0139-4408-9a57-42898c940ebd,"<p>The proposed cooperative agreement is a renewal of the existing CAP supporting key stakeholders in retail food safety to coordinate and advance retail food protection in the United States.&nbsp;</p><p><br></p><p>The intended outcome of this NOFO is to collaboratively advance retail food safety initiatives to reduce food-borne illness. This cooperative agreement is intended to advance practices in retail food protection, conduct research related to such practices and identify opportunities for collaboration to reduce the occurrence of food-borne illness risk factors.&nbsp;</p>","The proposed cooperative agreement is a renewal of the existing CAP supporting key stakeholders in retail food safety to coordinate and advance retail food protection in the United States. 
 

 The intended outcome of this NOFO is to collaboratively advance retail food safety initiatives to reduce food-borne illness. This cooperative agreement is intended to advance practices in retail food protection, conduct research related to such practices and identify opportunities for collaboration to reduce the occurrence of food-borne illness risk factors.","Retail Food Safety Regulatory Association Collaboration CAP
The proposed cooperative agreement is a renewal of the existing CAP supporting key stakeholders in retail food safety to coordinate and advance retail food protection in the United States. 
 

 The intended outcome of this NOFO is to collaboratively advance retail food safety initiatives to reduce food-borne illness. This cooperative agreement is intended to advance practices in retail food protection, conduct research related to such practices and identify opportunities for collaboration to reduce the occurrence of food-borne illness risk factors.
Competition will be limited to non-profit national organizations affiliated with one or more institutions of higher learning whose membership includes state, local, tribal and territorial regulatory personnel whose primary duties include retail food safety, as explicitly permitted by the grant-making provisions of FSMA (21 USC 399). 

These organizations are well situated to assist FDA in leveraging state and local jurisdictions to advance retail food protection and reduce the national burden of foodborne illness and injury.",False,,,False,False,False,False,False,False,,True,,False,False,False,False,False,False,False,False,,award_ceiling,4000000.0,True,False,True,False,False,False,8.01,False,,False,False,False,False,False,False,False,False,False,False,True,1,False,False,,False,False,False,False,1,True,False,False,,True,False,False,False,,2026-09-30,2026-08-18,Retail Food Safety Regulatory Association Collaboration CAP,forecast,ok,3,none,none,Reducing foodborne illness supports public health protection but does not map directly to a named NCDHHS strategic objective.,The intended outcome of this NOFO is to collaboratively advance retail food safety initiatives to reduce food-borne illness.,ineligible,"Competition will be limited to non-profit national organizations affiliated with one or more institutions of higher learning whose membership includes state, local, tribal and territorial regulatory personnel whose primary duties include retail food safety",DPH,5,"DPH covers environmental health and local health department food safety programs, but the state cannot serve as the lead applicant under this cooperative agreement.","NCDHHS is not eligible to apply, so the Department would need to participate only as a partner under an eligible non-profit lead, if at all.",False,"NCDHHS is not eligible to apply; the award is limited to non-profit national retail food safety associations, so there is no lead role for the Department.","[""Eligibility is limited to non-profit national organizations affiliated with one or more institutions of higher learning""]",True,True,ineligible,deepseek/deepseek-v4-pro,92b0344f579a,True,0.0,0.0,0.85,0.0,0.0,0.0,confirmed_ineligible
107,35f5f5a6-5da9-4f20-89c8-b441cfca578b,Leadership Education in Adolescent Health (LEAH),forecast,True,False,,35f5f5a6-5da9-4f20-89c8-b441cfca578b,HRSA-27-034,forecasted,HHS-HRSA,discretionary,,2026-07-31,,,2028-09-01,False,9.0,4164330.0,400000.0,459370.0,,,93.110|Special Projects of Regional and National Significance,grant,health,,public_and_state_institutions_of_higher_education;other,"Domestic* non-profit private institutions of higher education are eligible to apply.  *""Domestic"" means the 50 states, the District of Columbia, the Commonwealth of Puerto Rico, the Northern Mariana Islands, American Samoa, Guam, the U.S. Virgin Islands, the Federated States of Micronesia, the Republic of the Marshall Islands, and the Republic of Palau. For purposes of this funding opportunity, an ""institution of higher education/learning"" is defined as any college or university accredited by a regionalized body or bodies approved for such purpose by the Secretary of Education, and any teaching hospital which has higher education among its purposes and functions and which has a formal affiliation with an accredited school of medicine and a full-time academic medical staff holding faculty status in such school of medicine.Individuals are not eligible applicants under this NOFO.",Health Resources and Services Administration,Department of Health and Human Services,"Leadership Education in Adolescent Health (LEAH) Program
240-472-9856",MCHBPlanning@hrsa.gov,Maternal and Child Health Bureau – Division of Maternal Child Health Workforce Development,2026-11-20,2027-01-20,"Electronically submitted applications must be submitted no later than 11:59 p.m., ET, on the listed application due date.",2027-06-01,2027-07-01,2027.0,,,https://simpler.grants.gov/opportunity/35f5f5a6-5da9-4f20-89c8-b441cfca578b,"<p>The Leadership Education in Adolescent Health (LEAH) Program establishes adolescent and young adult (AYA) health graduate training programs that aim to expand access to high quality, team-based health care for the AYA population. The LEAH program trains health care professionals who can address chronic disease prevention in adolescents and young adults.</p>","The Leadership Education in Adolescent Health (LEAH) Program establishes adolescent and young adult (AYA) health graduate training programs that aim to expand access to high quality, team-based health care for the AYA population. The LEAH program trains health care professionals who can address chronic disease prevention in adolescents and young adults.","Leadership Education in Adolescent Health (LEAH)
The Leadership Education in Adolescent Health (LEAH) Program establishes adolescent and young adult (AYA) health graduate training programs that aim to expand access to high quality, team-based health care for the AYA population. The LEAH program trains health care professionals who can address chronic disease prevention in adolescents and young adults.
Domestic* non-profit private institutions of higher education are eligible to apply.  *""Domestic"" means the 50 states, the District of Columbia, the Commonwealth of Puerto Rico, the Northern Mariana Islands, American Samoa, Guam, the U.S. Virgin Islands, the Federated States of Micronesia, the Republic of the Marshall Islands, and the Republic of Palau. For purposes of this funding opportunity, an ""institution of higher education/learning"" is defined as any college or university accredited by a regionalized body or bodies approved for such purpose by the Secretary of Education, and any teaching hospital which has higher education among its purposes and functions and which has a formal affiliation with an accredited school of medicine and a full-time academic medical staff holding faculty status in such school of medicine.Individuals are not eligible applicants under this NOFO.",False,,,False,False,False,False,False,False,,False,51.0,False,False,False,False,False,False,False,False,462703.3333333333,award_ceiling,459370.0,True,False,False,False,False,False,3.31,False,,False,False,False,False,True,False,False,False,False,False,True,2,False,False,,False,False,False,False,1,True,False,False,,True,False,False,False,,2026-09-30,2026-08-18,Leadership Education in Adolescent Health (LEAH),forecast,ok,3,G4,G4.O4,"The program funds graduate training for health professionals, which is broadly workforce-related but does not directly fund NCDHHS's named state or local public health and child welfare workforce strategies.",The LEAH program trains health care professionals who can address chronic disease prevention in adolescents and young adults.,ineligible,Domestic* non-profit private institutions of higher education are eligible to apply.,none,1,The agency is not an institution of higher education and no NCDHHS division runs graduate medical education programs.,"NCDHHS is not eligible to apply because the grant is limited to academic institutions, so the agency could not receive or directly administer the funds.",False,"NCDHHS is not eligible: LEAH funds academic graduate training programs, not state agencies, so this grant is not a fit.",[],True,True,ineligible,deepseek/deepseek-v4-pro,92b0344f579a,True,0.0,0.0,0.85,0.0,0.0,0.0,confirmed_ineligible
108,f2c96501-a60e-407d-b253-2c66e001a54e,Resident Opportunity and Self-Sufficiency Service Coordinator (ROSS-SC) Program – Fiscal Year 2026,forecast,True,False,,f2c96501-a60e-407d-b253-2c66e001a54e,PIH-2600-DC-0005,forecasted,HUD,discretionary,,2026-04-21,,,,True,143.0,40000000.0,272250.0,816750.0,https://www.hud.gov/program_offices/spm/gmomgmt/grantsinfo/fundingopps,https://www.hud.gov/program_offices/spm/gmomgmt/grantsinfo/fundingopps,14.870|Resident Opportunity and Supportive Services - Service Coordinators,grant,community_development;education;employment_labor_and_training;health;housing,,other_native_american_tribal_organizations;other;public_and_indian_housing_authorities;nonprofits_non_higher_education_with_501c3;nonprofits_non_higher_education_without_501c3;federally_recognized_native_american_tribal_governments,"Resident Associations (RAs) are eligible to apply. RAs must have either locally incorporated nonprofit status (usually designated by the state) or 501(c)(3) nonprofit status designated by the IRS.Multifamily Owners are eligible to apply. Multifamily Owners that are applying to serve RAD PBRA residents must be the entity that has the legal right to lease dwelling units in the PBRA project(s) to be served.Indian Tribes as defined in Section 4(13) of NAHASDA (25 U.S.C. 4103) are eligible to apply.Tribally-Designated Housing Entities (TDHEs) as defined in section 4(22) of NAHASDA (25 U.S.C. 4103) are also eligible to apply for FY25 ROSS funding. Tribes are reminded that the number of ROSS-SC positions they are eligible to apply for is based on the number of occupied units in projects to be served that receive NAHASDA-rental assistance as of the application deadline Individuals, foreign entities, and sole proprietorship organizations are not eligible to compete for, or receive, awards made under this announcement.",Department of Housing and Urban Development,Department of Housing and Urban Development,"US Department of Housing and Urban Development
(800) 955-2232",ross-pih@hud.gov,ross-pih@hud.gov,2026-07-28,2026-09-28,"Electronically submitted applications must be submitted no later than 11:59 p.m., ET, on the listed application due date.",2027-04-30,2027-06-01,2026.0,,,https://simpler.grants.gov/opportunity/f2c96501-a60e-407d-b253-2c66e001a54e,"<p>The Resident Opportunity and Self Sufficiency Service Coordinator (ROSS-SC) program is designed to assist residents of Public and Indian Housing make progress towards economic and housing self-sufficiency by addressing the educational, professional and health barriers they face.  Self-sufficiency is defined as an individual’s ability to support their household by maintaining financial, housing, and personal/family stability.  To achieve self-sufficiency, an individual moves along a continuum towards economic independence and stability; such movement is facilitated by the achievement of individual educational, professional, and health-related goals.<br><br>To help residents make progress towards self-sufficiency, HUD provides ROSS-SC grant funding to eligible applicants to hire a Service Coordinator who assesses the needs of Public and Indian housing residents and links them to local training and supportive services that will enable participants to move along the self-sufficiency continuum.  In the case of elderly/residents with disabilities, the Service Coordinator also links them to congregate and other supportive services which enable them to age/remain in place in addition to providing other desired training and supportive services which are made available to other residents.  In addition, with the ROSS-SC grant, HUD provides funding for grantees to provide direct services to further support the work of the ROSS-SC and ultimately, the goals of the ROSS program.</p>","The Resident Opportunity and Self Sufficiency Service Coordinator (ROSS-SC) program is designed to assist residents of Public and Indian Housing make progress towards economic and housing self-sufficiency by addressing the educational, professional and health barriers they face.  Self-sufficiency is defined as an individual’s ability to support their household by maintaining financial, housing, and personal/family stability.  To achieve self-sufficiency, an individual moves along a continuum towards economic independence and stability; such movement is facilitated by the achievement of individual educational, professional, and health-related goals.

To help residents make progress towards self-sufficiency, HUD provides ROSS-SC grant funding to eligible applicants to hire a Service Coordinator who assesses the needs of Public and Indian housing residents and links them to local training and supportive services that will enable participants to move along the self-sufficiency continuum.  In the case of elderly/residents with disabilities, the Service Coordinator also links them to congregate and other supportive services which enable them to age/remain in place in addition to providing other desired training and supportive services which are made available to other residents.  In addition, with the ROSS-SC grant, HUD provides funding for grantees to provide direct services to further support the work of the ROSS-SC and ultimately, the goals of the ROSS program.","Resident Opportunity and Self-Sufficiency Service Coordinator (ROSS-SC) Program – Fiscal Year 2026
The Resident Opportunity and Self Sufficiency Service Coordinator (ROSS-SC) program is designed to assist residents of Public and Indian Housing make progress towards economic and housing self-sufficiency by addressing the educational, professional and health barriers they face.  Self-sufficiency is defined as an individual’s ability to support their household by maintaining financial, housing, and personal/family stability.  To achieve self-sufficiency, an individual moves along a continuum towards economic independence and stability; such movement is facilitated by the achievement of individual educational, professional, and health-related goals.

To help residents make progress towards self-sufficiency, HUD provides ROSS-SC grant funding to eligible applicants to hire a Service Coordinator who assesses the needs of Public and Indian housing residents and links them to local training and supportive services that will enable participants to move along the self-sufficiency continuum.  In the case of elderly/residents with disabilities, the Service Coordinator also links them to congregate and other supportive services which enable them to age/remain in place in addition to providing other desired training and supportive services which are made available to other residents.  In addition, with the ROSS-SC grant, HUD provides funding for grantees to provide direct services to further support the work of the ROSS-SC and ultimately, the goals of the ROSS program.
Resident Associations (RAs) are eligible to apply. RAs must have either locally incorporated nonprofit status (usually designated by the state) or 501(c)(3) nonprofit status designated by the IRS.Multifamily Owners are eligible to apply. Multifamily Owners that are applying to serve RAD PBRA residents must be the entity that has the legal right to lease dwelling units in the PBRA project(s) to be served.Indian Tribes as defined in Section 4(13) of NAHASDA (25 U.S.C. 4103) are eligible to apply.Tribally-Designated Housing Entities (TDHEs) as defined in section 4(22) of NAHASDA (25 U.S.C. 4103) are also eligible to apply for FY25 ROSS funding. Tribes are reminded that the number of ROSS-SC positions they are eligible to apply for is based on the number of occupied units in projects to be served that receive NAHASDA-rental assistance as of the application deadline Individuals, foreign entities, and sole proprietorship organizations are not eligible to compete for, or receive, awards made under this announcement.",False,,,False,False,False,False,False,False,,False,-64.0,True,True,False,False,False,False,False,False,279720.27972027974,award_ceiling,816750.0,True,False,False,False,False,False,4.56,False,,True,False,False,False,False,True,True,False,False,False,True,6,False,False,,False,False,False,False,1,False,False,False,,False,False,False,False,,2026-09-30,2026-08-18,Resident Opportunity and Self-Sufficiency Service Coordinator (ROSS-SC) Program – Fiscal Year 2026,forecast,ok,3,G1,G1.O4,"The grant funds a Service Coordinator position that assesses resident needs and links them to supportive services, similar to community health worker or navigation capacity for underserved populations.",hire a Service Coordinator who assesses the needs of Public and Indian housing residents and links them to local training and supportive services that will enable participants to move along the self-sufficiency continuum.,ineligible,"other_native_american_tribal_organizations, other, public_and_indian_housing_authorities, nonprofits_non_higher_education_with_501c3, nonprofits_non_higher_education_without_501c3, federally_recognized_native_american_tribal_governments",none,0,"NCDHHS is a state agency and does not own public or Indian housing, and HUD lists only housing authorities, tribes/TDHEs, resident associations, and multifamily owners as eligible applicants.","NCDHHS is not an eligible applicant type, so the agency could only support a housing authority or tribal partner and would not control the award.",False,"State agencies are not among HUD's eligible ROSS-SC applicants, so NCDHHS cannot lead; the health access alignment is real but would require a housing authority or tribal partner.",[],True,True,ineligible,deepseek/deepseek-v4-pro,92b0344f579a,True,0.0,0.0,0.85,0.0,0.0,0.0,confirmed_ineligible
109,4dd9dfaf-b0da-4193-b312-74e1dc62db30,Comprehensive Housing Counseling (CHC) and the Housing Counseling Training (HCT) NOFO (FY2026),forecast,True,False,,4dd9dfaf-b0da-4193-b312-74e1dc62db30,HSG-2600-DC-0033,forecasted,HUD,discretionary,,2026-04-22,,,,False,175.0,53000000.0,1.0,3000000.0,https://www.hud.gov/program_offices/cfo/gmomgmt/grantsinfo/fundingopps,https://www.hud.gov/program_offices/cfo/gmomgmt/grantsinfo/fundingopps,14.169|Housing Counseling Assistance Program,grant,housing,,state_governments;other;nonprofits_non_higher_education_with_501c3,"1. Eligible applicants for the CHC award under this NOFO must satisfy the following criteria. Applicant must be approved to participate in the HUD Housing Counseling Program prior to the NOFO issue date. In addition, SHFAs are eligible for this NOFO if they possess statutory authority to provide housing counseling throughout their entire state and adhere to all program requirements outlined in 24 CFR Part 214, HUD Handbook 7610.1, and other governing policies and requirements.2. Eligible applicants for the HCT awards under this NOFO must satisfy the following criteria. Be a non-profit organization, other than an institution of higher education with at least two years of experience providing housing counseling training services nationwide to housing counselors employed by housing counseling agencies participating in HUD""s Housing Counseling Program.3. Limits on Applicants. Applicants and Subgrantees are prohibited from receiving FY 2025 Housing Counseling Program grant funding from multiple sources. For example, receiving funding under this NOFO as both a direct Grantee (e.g. LHCA) and as a Subgrantee of an Intermediary or SHFA is prohibited. Likewise, receiving funding under this NOFO as a Subgrantee of two different Intermediaries/SHFAs is prohibited.4. Affiliations. Subgrantees must maintain the same network affiliation for all awards under this NOFO. For example, a Subgrantee that receives a subgrant from an Intermediary, SHFA, or MSO for the FY 2025 Comprehensive Housing Counseling NOFO cannot receive a subgrant from a different Intermediary, SHFA, or MSO for the FY 2025 MSI Initiative. HUD may grant approval for different network affiliations on a case-by-case basis.5.  CHC MSI Initiative Award Additional Eligibility Requirement. Applicants wishing to apply for this award must also submit an application for the Comprehensive Housing Counseling NOFO. See Section I.B.3. Individuals, foreign entities, and sole proprietorship organizations are not eligible to compete for, or receive, awards made under this announcement.",Department of Housing and Urban Development,Department of Housing and Urban Development,"Gabriela Roman
Housing.Counseling@hud.gov",Housing.Counseling@hud.gov,OHC NOFO Lead,2026-09-30,2026-11-30,"Electronically submitted applications must be submitted no later than 11:59 p.m., ET, on the listed application due date.",2027-01-29,2027-02-01,2026.0,,,https://simpler.grants.gov/opportunity/4dd9dfaf-b0da-4193-b312-74e1dc62db30,"<p>The purpose of HUD’s Housing Counseling Grant Program is to provide funds to HUD-approved housing counseling agencies that provide counseling and advice to tenants and homeowners, with respect to property maintenance, financial management and literacy, and other matters as may be appropriate to assist program clients in improving their housing conditions, meeting their financial needs, and fulfilling the responsibilities of tenancy or homeownership. This NOFO plays an integral role in helping individuals and families obtain housing and stay in their homes through sustainable homeownership or affordable rental housing. Housing counseling agencies are an important safeguard in the prevention of housing scams and discrimination and serve as an important gateway to local, state, federal and private housing assistance and resources.</p>","The purpose of HUD’s Housing Counseling Grant Program is to provide funds to HUD-approved housing counseling agencies that provide counseling and advice to tenants and homeowners, with respect to property maintenance, financial management and literacy, and other matters as may be appropriate to assist program clients in improving their housing conditions, meeting their financial needs, and fulfilling the responsibilities of tenancy or homeownership. This NOFO plays an integral role in helping individuals and families obtain housing and stay in their homes through sustainable homeownership or affordable rental housing. Housing counseling agencies are an important safeguard in the prevention of housing scams and discrimination and serve as an important gateway to local, state, federal and private housing assistance and resources.","Comprehensive Housing Counseling (CHC) and the Housing Counseling Training (HCT) NOFO (FY2026)
The purpose of HUD’s Housing Counseling Grant Program is to provide funds to HUD-approved housing counseling agencies that provide counseling and advice to tenants and homeowners, with respect to property maintenance, financial management and literacy, and other matters as may be appropriate to assist program clients in improving their housing conditions, meeting their financial needs, and fulfilling the responsibilities of tenancy or homeownership. This NOFO plays an integral role in helping individuals and families obtain housing and stay in their homes through sustainable homeownership or affordable rental housing. Housing counseling agencies are an important safeguard in the prevention of housing scams and discrimination and serve as an important gateway to local, state, federal and private housing assistance and resources.
1. Eligible applicants for the CHC award under this NOFO must satisfy the following criteria. Applicant must be approved to participate in the HUD Housing Counseling Program prior to the NOFO issue date. In addition, SHFAs are eligible for this NOFO if they possess statutory authority to provide housing counseling throughout their entire state and adhere to all program requirements outlined in 24 CFR Part 214, HUD Handbook 7610.1, and other governing policies and requirements.2. Eligible applicants for the HCT awards under this NOFO must satisfy the following criteria. Be a non-profit organization, other than an institution of higher education with at least two years of experience providing housing counseling training services nationwide to housing counselors employed by housing counseling agencies participating in HUD""s Housing Counseling Program.3. Limits on Applicants. Applicants and Subgrantees are prohibited from receiving FY 2025 Housing Counseling Program grant funding from multiple sources. For example, receiving funding under this NOFO as both a direct Grantee (e.g. LHCA) and as a Subgrantee of an Intermediary or SHFA is prohibited. Likewise, receiving funding under this NOFO as a Subgrantee of two different Intermediaries/SHFAs is prohibited.4. Affiliations. Subgrantees must maintain the same network affiliation for all awards under this NOFO. For example, a Subgrantee that receives a subgrant from an Intermediary, SHFA, or MSO for the FY 2025 Comprehensive Housing Counseling NOFO cannot receive a subgrant from a different Intermediary, SHFA, or MSO for the FY 2025 MSI Initiative. HUD may grant approval for different network affiliations on a case-by-case basis.5.  CHC MSI Initiative Award Additional Eligibility Requirement. Applicants wishing to apply for this award must also submit an application for the Comprehensive Housing Counseling NOFO. See Section I.B.3. Individuals, foreign entities, and sole proprietorship organizations are not eligible to compete for, or receive, awards made under this announcement.",False,,,False,False,False,False,False,False,,False,0.0,False,False,False,False,False,False,False,False,302857.14285714284,award_ceiling,3000000.0,True,False,True,False,False,False,7.39,False,,False,False,True,False,False,True,False,False,False,False,True,3,False,False,,False,False,False,False,1,False,False,False,,False,False,False,False,,2026-09-30,2026-08-18,Comprehensive Housing Counseling (CHC) and the Housing Counseling Training (HCT) NOFO (FY2026),forecast,ok,2,none,none,"The grant funds housing counseling and financial management, which are social determinants of health but do not map directly to any named NCDHHS objective.","Housing counseling agencies are an important safeguard in the prevention of housing scams and discrimination and serve as an important gateway to local, state, federal and private housing assistance and resources.",ineligible,Applicant must be approved to participate in the HUD Housing Counseling Program prior to the NOFO issue date.,none,1,"No NCDHHS division operates a HUD-approved housing counseling program or has state housing finance authority, so this would be outside its existing role and partner network.","NCDHHS is not a HUD-approved housing counseling agency or an SHFA, so the Department likely cannot apply without taking on an unfamiliar federal housing program.",False,"HUD housing counseling funds housing agencies, not NCDHHS divisions; there is no clear health/human services owner and the Department is likely ineligible.","[""Applicants and Subgrantees are prohibited from receiving FY 2025 Housing Counseling Program grant funding from multiple sources."", ""Subgrantees must maintain the same network affiliation for all awards under this NOFO.""]",True,True,ineligible,deepseek/deepseek-v4-pro,92b0344f579a,True,0.0,0.0,0.85,0.0,0.0,0.0,confirmed_ineligible
110,9dc7dc74-19eb-4f04-b102-c914542f74d1,Notice of Intent to Publish a Request for Concept Notes Announcement on Capacity Development for the Reception & Placement Program,forecast,True,False,,9dc7dc74-19eb-4f04-b102-c914542f74d1,PRM-A-NOI-01,forecasted,DOS-PRM,discretionary,,2022-04-21,,,,False,,,50000.0,1000000.0,,,19.510|U.S. Refugee Admissions Program,cooperative_agreement,other,U.S. Refugee Admissions Program,nonprofits_non_higher_education_with_501c3;nonprofits_non_higher_education_without_501c3,,Bureau of Population Refugees and Migration,Department of State,"Kiera Berdinner
999-999-9999",BerdinnerKR@state.gov,PRM Program Officer,2022-04-28,2022-05-30,,,,2022.0,,,https://simpler.grants.gov/opportunity/9dc7dc74-19eb-4f04-b102-c914542f74d1,"<p><strong>PRM intends to issue a request for concept notes on or around April 28, 2022 to fund specialized technical assistance projects to develop and expand the capacity of existing and new partners participating in and contributing to? the Reception and Placement Program (R&amp;P) to resettle refugees admitted to the United States through the U.S. Refugee Admissions Program.&nbsp;The goal of this initiative is to improve outcomes for refugees resettled through the U.S. Refugee Admissions Program, including by building the capacity of and expanding the group of partners providing technical expertise and other support.&nbsp;&nbsp;</strong></p>
<p><strong>&nbsp;</strong></p>
<p><strong>The purpose of these technical assistance projects will be to increase the capacity of resettlement agencies, their affiliates, community partners, and new participating organizations to provide initial reception and placement services to refugees within the first 30 to 90 days of their arrival in the United States. The request for concept notes will invite proposals on technical assistance projects that address one or more of the following capacity building topics:&nbsp;&nbsp;</strong></p>
<p><strong>&nbsp;</strong></p>
<ul>
 <li><strong>identifying and developing new and innovative housing programs for newly arriving refugees;&nbsp;&nbsp;</strong></li>
 <li><strong>deepening community engagement in refugee resettlement, including through the use of community&nbsp;sponsorship programs;&nbsp;&nbsp;</strong></li>
 <li><strong>supporting and facilitating the entry of new partner organizations to participate in R&amp;P;&nbsp;&nbsp;</strong></li>
 <li><strong>strengthening the ability of current R&amp;P partners and/or communities to successfully resettle refugees, as well as to expand their capacity and resources as needed.&nbsp;&nbsp;</strong></li>
</ul>
<p><strong>&nbsp;</strong></p>
<p><strong>PRM welcomes applications from organizations who have not traditionally participated in the R&amp;P program.&nbsp;Organizations may apply to this anticipated request for concept notes as individual organizations or as consortia.&nbsp;For consortia, one organization must be designated as the lead applicant at both the concept note and full proposal stage, as applicable.&nbsp;&nbsp;Applicants may form consortia in order to bring together organizations with varied expertise to propose a comprehensive program in one proposal.&nbsp;&nbsp;&nbsp;&nbsp;</strong></p>
<p><br></p>
<p><strong>The request for concept notes will be posted on </strong><a href=""http://www.grants.gov/"" target=""_blank"" style=""color: rgb(0, 0, 255);""><strong>grants.gov</strong></a><strong>, and applications in response to this future posting must be submitted through </strong><a href=""http://www.grants.gov/"" target=""_blank"" style=""color: rgb(0, 0, 255);""><strong>grants.gov</strong></a><strong>.&nbsp;</strong></p>
<p><br></p>","PRM intends to issue a request for concept notes on or around April 28, 2022 to fund specialized technical assistance projects to develop and expand the capacity of existing and new partners participating in and contributing to? the Reception and Placement Program (R&P) to resettle refugees admitted to the United States through the U.S. Refugee Admissions Program. The goal of this initiative is to improve outcomes for refugees resettled through the U.S. Refugee Admissions Program, including by building the capacity of and expanding the group of partners providing technical expertise and other support.   

    

  The purpose of these technical assistance projects will be to increase the capacity of resettlement agencies, their affiliates, community partners, and new participating organizations to provide initial reception and placement services to refugees within the first 30 to 90 days of their arrival in the United States. The request for concept notes will invite proposals on technical assistance projects that address one or more of the following capacity building topics:   

    

 
   identifying and developing new and innovative housing programs for newly arriving refugees;   

   deepening community engagement in refugee resettlement, including through the use of community sponsorship programs;   

   supporting and facilitating the entry of new partner organizations to participate in R&P;   

   strengthening the ability of current R&P partners and/or communities to successfully resettle refugees, as well as to expand their capacity and resources as needed.   

 
    

  PRM welcomes applications from organizations who have not traditionally participated in the R&P program. Organizations may apply to this anticipated request for concept notes as individual organizations or as consortia. For consortia, one organization must be designated as the lead applicant at both the concept note and full proposal stage, as applicable.  Applicants may form consortia in order to bring together organizations with varied expertise to propose a comprehensive program in one proposal.     

 


  The request for concept notes will be posted on    grants.gov   , and applications in response to this future posting must be submitted through    grants.gov   .","Notice of Intent to Publish a Request for Concept Notes Announcement on Capacity Development for the Reception & Placement Program
PRM intends to issue a request for concept notes on or around April 28, 2022 to fund specialized technical assistance projects to develop and expand the capacity of existing and new partners participating in and contributing to? the Reception and Placement Program (R&P) to resettle refugees admitted to the United States through the U.S. Refugee Admissions Program. The goal of this initiative is to improve outcomes for refugees resettled through the U.S. Refugee Admissions Program, including by building the capacity of and expanding the group of partners providing technical expertise and other support.   

    

  The purpose of these technical assistance projects will be to increase the capacity of resettlement agencies, their affiliates, community partners, and new participating organizations to provide initial reception and placement services to refugees within the first 30 to 90 days of their arrival in the United States. The request for concept notes will invite proposals on technical assistance projects that address one or more of the following capacity building topics:   

    

 
   identifying and developing new and innovative housing programs for newly arriving refugees;   

   deepening community engagement in refugee resettlement, including through the use of community sponsorship programs;   

   supporting and facilitating the entry of new partner organizations to participate in R&P;   

   strengthening the ability of current R&P partners and/or communities to successfully resettle refugees, as well as to expand their capacity and resources as needed.   

 
    

  PRM welcomes applications from organizations who have not traditionally participated in the R&P program. Organizations may apply to this anticipated request for concept notes as individual organizations or as consortia. For consortia, one organization must be designated as the lead applicant at both the concept note and full proposal stage, as applicable.  Applicants may form consortia in order to bring together organizations with varied expertise to propose a comprehensive program in one proposal.     

 


  The request for concept notes will be posted on    grants.gov   , and applications in response to this future posting must be submitted through    grants.gov   .
",False,,,False,False,False,False,False,False,,False,-1616.0,True,True,False,False,False,False,False,False,,award_ceiling,1000000.0,True,False,True,False,False,False,5.0,False,,False,False,False,False,False,True,False,False,False,False,False,2,False,False,,False,False,False,False,1,False,False,False,,False,False,False,True,,2026-09-30,2026-08-18,Notice of Intent to Publish a Request for Concept Notes Announcement on Capacity Development for the Reception & Placement Program,forecast,ok,2,G1,G1.O4,"The grant funds capacity development for community partners serving a vulnerable population, which loosely aligns with NCDHHS's objective to invest in partner capacity, though it is not health-specific.",fund specialized technical assistance projects to develop and expand the capacity of existing and new partners,ineligible,"nonprofits_non_higher_education_with_501c3, nonprofits_non_higher_education_without_501c3",none,0,Refugee reception and placement is a federal-nonprofit resettlement function outside the listed NCDHHS divisions and their health and human services authorities.,"NCDHHS is not an eligible applicant type, so it could only participate as a partner in a nonprofit-led consortium, with no clear state role or funding path.",False,Nonprofit-only refugee resettlement capacity grant outside NCDHHS's divisions; the state agency is ineligible to apply.,[],True,True,ineligible,deepseek/deepseek-v4-pro,92b0344f579a,True,0.0,0.0,0.85,0.0,0.0,0.0,confirmed_ineligible
111,bc779217-71de-48ea-af41-d39ac6437ab2,Conformance with the Egg Regulatory Program Standards,forecast,True,False,,bc779217-71de-48ea-af41-d39ac6437ab2,FOR-FD-25-021,forecasted,HHS-FDA,discretionary,,2025-07-11,,,,False,,94000.0,,47000.0,,,93.103|Food and Drug Administration Research,cooperative_agreement,agriculture;consumer_protection;food_and_nutrition,,other,"Only the following state egg regulatory programs will be eligible to apply:

Current FDA egg inspection contract states or those willing to enter into a contract in 2025 are eligible to apply for funding under this cooperative agreement. Entering into this agreement will also require a current long-term 20.88 information sharing agreement and the expectation of full conformance with the standards and maintenance of the cooperative agreement.

The FDA will provide one year of funding with the possibility of up to two years of additional non-competitive support, contingent on performance and continued availability of federal funds. For ERPS, it is anticipated that full conformance of the ERPS will be achieved within five total funding years under an ERPS Cooperative Agreement, based on an FDA assessment of your program to ensure the elements are in conformance. States that have received funding in previous years are expected to be in full conformance and maintenance phase by the end of the 5th year. Future funds may be available for states maintaining full conformance.",Food and Drug Administration,Department of Health and Human Services,"Danielle Head
301-796-2984",Danielle.Head@fda.hhs.gov,Business e-mail address,,,,,,2025.0,,,https://simpler.grants.gov/opportunity/bc779217-71de-48ea-af41-d39ac6437ab2,"<p>The purpose of this funding opportunity is to advance efforts for a nationally integrated food regulatory system by assisting state egg regulatory programs to achieve and maintain full conformance with the Egg Regulatory Program Standards (ERPS). The ERPS Cooperative Agreement will provide funding for state egg regulatory programs to:</p><p>1. Develop a plan to fully implement&nbsp;the Standards (ERPS) within five years of first receiving funding.</p><p>2. Enhance egg regulatory programs to advance public health.</p><p>3. Share egg regulatory inspection, compliance and enforcement, and laboratory information and data between states and the FDA.</p><p>4. Improve the leveraging of state regulatory resources and direct regulatory activities to reduce egg-related illness, attributed to shell egg hazards in facilities that produce, process, pack, hold or transport shell eggs and materials/supplies.</p>","The purpose of this funding opportunity is to advance efforts for a nationally integrated food regulatory system by assisting state egg regulatory programs to achieve and maintain full conformance with the Egg Regulatory Program Standards (ERPS). The ERPS Cooperative Agreement will provide funding for state egg regulatory programs to:
 1. Develop a plan to fully implement the Standards (ERPS) within five years of first receiving funding.
 2. Enhance egg regulatory programs to advance public health.
 3. Share egg regulatory inspection, compliance and enforcement, and laboratory information and data between states and the FDA.
 4. Improve the leveraging of state regulatory resources and direct regulatory activities to reduce egg-related illness, attributed to shell egg hazards in facilities that produce, process, pack, hold or transport shell eggs and materials/supplies.","Conformance with the Egg Regulatory Program Standards
The purpose of this funding opportunity is to advance efforts for a nationally integrated food regulatory system by assisting state egg regulatory programs to achieve and maintain full conformance with the Egg Regulatory Program Standards (ERPS). The ERPS Cooperative Agreement will provide funding for state egg regulatory programs to:
 1. Develop a plan to fully implement the Standards (ERPS) within five years of first receiving funding.
 2. Enhance egg regulatory programs to advance public health.
 3. Share egg regulatory inspection, compliance and enforcement, and laboratory information and data between states and the FDA.
 4. Improve the leveraging of state regulatory resources and direct regulatory activities to reduce egg-related illness, attributed to shell egg hazards in facilities that produce, process, pack, hold or transport shell eggs and materials/supplies.
Only the following state egg regulatory programs will be eligible to apply:

Current FDA egg inspection contract states or those willing to enter into a contract in 2025 are eligible to apply for funding under this cooperative agreement. Entering into this agreement will also require a current long-term 20.88 information sharing agreement and the expectation of full conformance with the standards and maintenance of the cooperative agreement.

The FDA will provide one year of funding with the possibility of up to two years of additional non-competitive support, contingent on performance and continued availability of federal funds. For ERPS, it is anticipated that full conformance of the ERPS will be achieved within five total funding years under an ERPS Cooperative Agreement, based on an FDA assessment of your program to ensure the elements are in conformance. States that have received funding in previous years are expected to be in full conformance and maintenance phase by the end of the 5th year. Future funds may be available for states maintaining full conformance.",False,,,False,False,False,False,False,False,,True,,False,False,False,False,False,False,False,False,,award_ceiling,47000.0,True,False,False,False,False,False,0.0,False,,False,False,False,False,False,False,False,False,False,False,True,1,False,False,,False,False,False,False,1,True,False,False,,True,False,False,False,,2026-09-30,2026-08-18,Conformance with the Egg Regulatory Program Standards,forecast,ok,2,none,none,"The grant funds state egg regulatory program conformance and shell-egg illness reduction, which is food-safety regulation rather than a named NCDHHS health-access, child/family, behavioral health, workforce, or operational objective.","reduce egg-related illness, attributed to shell egg hazards in facilities that produce, process, pack, hold or transport shell eggs and materials/supplies.",ineligible,Only the following state egg regulatory programs will be eligible to apply:,none,0,"No NCDHHS division regulates shell egg production, processing, packing, holding, or transport; that authority sits with the state agriculture or food regulatory agency rather than NCDHHS.","NCDHHS cannot apply directly because the funding is limited to state egg regulatory programs with FDA egg inspection contracts, so pursuit would depend on another state agency leading an application outside NCDHHS authority.",False,"This FDA cooperative agreement targets state egg regulatory programs, not NCDHHS divisions, so it has no realistic owner here and should not be pursued.","[""Only state egg regulatory programs are eligible; requires current FDA egg inspection contract or willingness to enter into a contract in 2025."", ""Requires a current long-term 20.88 information sharing agreement."", ""Expectation of full conformance with the Egg Regulatory Program Standards and maintenance of the cooperative agreement."", ""Full conformance of the ERPS expected within five total funding years."", ""One year of funding with additional non-competitive support contingent on performance and continued availability of federal funds.""]",True,True,ineligible,deepseek/deepseek-v4-pro,92b0344f579a,True,0.0,0.0,0.85,0.0,0.0,0.0,confirmed_ineligible
112,8be6fe10-f53b-4855-b3a3-06d2baeb2fa9,Children’s Hospitals Graduate Medical Education (CHGME) Payment Program,forecast,True,False,,8be6fe10-f53b-4855-b3a3-06d2baeb2fa9,HRSA-27-016,forecasted,HHS-HRSA,discretionary,,2026-07-08,,,2026-09-30,False,59.0,371000000.0,32000.0,28000000.0,,,93.255|Children's Hospitals Graduate Medical Education Payment Program,grant,health,,other,"​​Currently Eligible Hospitals​Includes freestanding children""s hospitals that meet the original eligibility requirements for CHGME payments, as described in the CHGME Federal Register published on March 1, 2001 (66 FRN 12940), established prior to the Children""s Hospital GME Support Reauthorization Act of 2013. A children""s teaching hospital is considered ""freestanding"" if it does not operate under a Medicare hospital provider number assigned to a larger health care entity that receives Medicare GME payments. These freestanding children""s hospitals must meet all the following criteria: Have a Medicare payment agreement.Are excluded from the Medicare Inpatient Prospective Payment System (IPPS) pursuant to section 1886(d)(1)(B)(iii) of the Social Security Act (SSA) and its accompanying regulations. The exclusion of children""s hospitals from IPPS set forth under section 1886(d)(1)(B)(iii) of the SSA states this exclusion exists for hospitals whose inpatients are predominantly individuals under 18 years of age.Participate in an approved GME residency training program as defined in section 1886(h)(5)(A) of the SSA. It is a ""freestanding"" children's hospital. ​Newly Qualified Hospitals​As per the Children""s Hospital GME Support Reauthorization Act of 2013, a freestanding hospital may be eligible for CHGME payments depending on the level of funding appropriated to the program if it meets all the following criteria: Has a Medicare payment agreement.Is excluded from Medicare IPPS pursuant to section 1886(d)(1)(B) of the SSA and its accompanying regulations.Its inpatients are predominantly people under 18 years of age.Has an approved medical residency training program as defined in section 1886(h)(5)(A) of the SSA.Is not otherwise qualified to receive payments under 42 U.S.C. § 256e or section 1886(h) of the SSA as a Currently Eligible Hospital. ​For those freestanding children""s hospitals that met the above requirements for Newly Qualified Hospitals as of April 7, 2014, and the Secretary had not previously determined an average number of full-time equivalent (FTE) residents under section 1886(h)(4) of the SSA, the Secretary may establish such number of FTE residents for the purposes of calculating CHGME Payment Program payments.",Health Resources and Services Administration,Department of Health and Human Services,"Lisa Flach-Fulcher, MBA, MS
301.443.0365",AFlach-Fulcher@hrsa.gov,AFlach-Fulcher@hrsa.gov,2026-07-31,2026-08-31,"Electronically submitted applications must be submitted no later than 11:59 p.m., ET, on the listed application due date.",2026-10-01,2026-10-01,2027.0,,,https://simpler.grants.gov/opportunity/8be6fe10-f53b-4855-b3a3-06d2baeb2fa9,"<p><span style=""background-color:white;"">The Children’s Hospitals Graduate Medical Education (CHGME) Payment Program funds freestanding, children's hospitals. The money helps their graduate medical education (GME) programs train resident physicians and dentists.</span></p>","The Children’s Hospitals Graduate Medical Education (CHGME) Payment Program funds freestanding, children's hospitals. The money helps their graduate medical education (GME) programs train resident physicians and dentists.","Children’s Hospitals Graduate Medical Education (CHGME) Payment Program
The Children’s Hospitals Graduate Medical Education (CHGME) Payment Program funds freestanding, children's hospitals. The money helps their graduate medical education (GME) programs train resident physicians and dentists.
​​Currently Eligible Hospitals​Includes freestanding children""s hospitals that meet the original eligibility requirements for CHGME payments, as described in the CHGME Federal Register published on March 1, 2001 (66 FRN 12940), established prior to the Children""s Hospital GME Support Reauthorization Act of 2013. A children""s teaching hospital is considered ""freestanding"" if it does not operate under a Medicare hospital provider number assigned to a larger health care entity that receives Medicare GME payments. These freestanding children""s hospitals must meet all the following criteria: Have a Medicare payment agreement.Are excluded from the Medicare Inpatient Prospective Payment System (IPPS) pursuant to section 1886(d)(1)(B)(iii) of the Social Security Act (SSA) and its accompanying regulations. The exclusion of children""s hospitals from IPPS set forth under section 1886(d)(1)(B)(iii) of the SSA states this exclusion exists for hospitals whose inpatients are predominantly individuals under 18 years of age.Participate in an approved GME residency training program as defined in section 1886(h)(5)(A) of the SSA. It is a ""freestanding"" children's hospital. ​Newly Qualified Hospitals​As per the Children""s Hospital GME Support Reauthorization Act of 2013, a freestanding hospital may be eligible for CHGME payments depending on the level of funding appropriated to the program if it meets all the following criteria: Has a Medicare payment agreement.Is excluded from Medicare IPPS pursuant to section 1886(d)(1)(B) of the SSA and its accompanying regulations.Its inpatients are predominantly people under 18 years of age.Has an approved medical residency training program as defined in section 1886(h)(5)(A) of the SSA.Is not otherwise qualified to receive payments under 42 U.S.C. § 256e or section 1886(h) of the SSA as a Currently Eligible Hospital. ​For those freestanding children""s hospitals that met the above requirements for Newly Qualified Hospitals as of April 7, 2014, and the Secretary had not previously determined an average number of full-time equivalent (FTE) residents under section 1886(h)(4) of the SSA, the Secretary may establish such number of FTE residents for the purposes of calculating CHGME Payment Program payments.",False,,,False,False,False,False,False,False,,False,-61.0,True,True,False,False,False,False,False,False,6288135.593220339,award_ceiling,28000000.0,True,False,True,False,False,False,10.0,False,,False,False,False,False,False,False,False,False,False,False,True,1,False,False,,False,False,False,False,1,True,False,False,,True,False,False,False,,2026-09-30,2026-08-18,Children’s Hospitals Graduate Medical Education (CHGME) Payment Program,forecast,ok,1,none,none,"The grant funds graduate medical education at freestanding children's hospitals, which is not among NCDHHS's named strategic objectives.","The Children’s Hospitals Graduate Medical Education (CHGME) Payment Program funds freestanding, children's hospitals.",ineligible,"freestanding children""s hospitals that meet the original eligibility requirements for CHGME payments",none,0,"No NCDHHS division would administer this program because HRSA makes CHGME payments directly to eligible freestanding children's hospitals, not through state agencies.","NCDHHS is not an eligible applicant, so the grant does not provide a funding opportunity for the Department.",False,"NCDHHS is ineligible; CHGME funds freestanding children's hospitals directly, so it does not align with a division-owned objective.",[],True,True,ineligible,deepseek/deepseek-v4-pro,92b0344f579a,True,0.0,0.0,0.85,0.0,0.0,0.0,confirmed_ineligible
113,8d79c6d1-86ef-4cb3-b467-b00baccfeea0,Federal and State Integration Activities to Advance Cooperation and Regulatory Standards Among Animal Food Safety Regulatory Programs,forecast,True,False,,8d79c6d1-86ef-4cb3-b467-b00baccfeea0,FOR-FD-25-022,forecasted,HHS-FDA,discretionary,,2025-07-21,,,,False,1.0,,,,,,93.103|Food and Drug Administration Research,cooperative_agreement,agriculture;consumer_protection;food_and_nutrition,,other,"This limited competition opportunity is only available to the following animal food safety training entities that collaborate with one or more institutes of higher education:

National organizations and associations representing state animal food regulatory programs as a primary purpose and primarily consisting of membership from state animal feed regulatory program directors and staff, or government agencies including, but not limited to, AFRPS enrollees, and who collaborate with one or more institutions of higher education as defined in 21 USC 399(b).",Food and Drug Administration,Department of Health and Human Services,"Danielle Head
Grants Management Specialist
danielle.head@fda.hhs.gov",danielle.head@fda.hhs.gov,Government Email Address,,,,,,2025.0,,,https://simpler.grants.gov/opportunity/8d79c6d1-86ef-4cb3-b467-b00baccfeea0,"<p><span style=""color: rgb(51, 51, 51);"">The purpose is to provide a funding opportunity for national feed associations to advance and promote a national animal food safety system by building inter-agency collaboration, improving states' regulatory and surveillance protection programs, and promoting the Animal Feed Regulatory Program Standards (AFRPS). Effective leveraging of animal food safety resources and harmonization requires collaboration with relevant initiatives, including those of federal partners, national initiatives and associations, and state partners.</span></p>","The purpose is to provide a funding opportunity for national feed associations to advance and promote a national animal food safety system by building inter-agency collaboration, improving states' regulatory and surveillance protection programs, and promoting the Animal Feed Regulatory Program Standards (AFRPS). Effective leveraging of animal food safety resources and harmonization requires collaboration with relevant initiatives, including those of federal partners, national initiatives and associations, and state partners.","Federal and State Integration Activities to Advance Cooperation and Regulatory Standards Among Animal Food Safety Regulatory Programs
The purpose is to provide a funding opportunity for national feed associations to advance and promote a national animal food safety system by building inter-agency collaboration, improving states' regulatory and surveillance protection programs, and promoting the Animal Feed Regulatory Program Standards (AFRPS). Effective leveraging of animal food safety resources and harmonization requires collaboration with relevant initiatives, including those of federal partners, national initiatives and associations, and state partners.
This limited competition opportunity is only available to the following animal food safety training entities that collaborate with one or more institutes of higher education:

National organizations and associations representing state animal food regulatory programs as a primary purpose and primarily consisting of membership from state animal feed regulatory program directors and staff, or government agencies including, but not limited to, AFRPS enrollees, and who collaborate with one or more institutions of higher education as defined in 21 USC 399(b).",False,,,False,False,False,False,False,False,,True,,False,False,False,False,False,False,False,False,,unknown,,False,True,False,True,False,True,5.0,False,,False,False,False,False,False,False,False,False,False,False,True,1,False,False,,False,False,True,False,1,True,False,False,,True,False,False,False,,2026-09-30,2026-08-18,Federal and State Integration Activities to Advance Cooperation and Regulatory Standards Among Animal Food Safety Regulatory Programs,forecast,ok,1,none,none,"The grant funds animal feed safety regulatory cooperation and standards, which does not advance any named NCDHHS health or human services strategic objective.",promoting the Animal Feed Regulatory Program Standards (AFRPS),ineligible,National organizations and associations representing state animal food regulatory programs as a primary purpose,none,0,"NCDHHS divisions do not regulate animal feed or operate an animal food safety regulatory program, so no division could realistically run this cooperative agreement.","NCDHHS appears ineligible and the programmatic focus on animal feed safety is outside any NCDHHS division's authority, so pursuing it would likely be non-competitive and off-mission.",False,NCDHHS is not the eligible applicant type and animal feed safety is outside its health and human services mission; route to agriculture rather than NCDHHS.,"[""Must collaborate with one or more institutes of higher education as defined in 21 USC 399(b)"", ""Limited competition available only to national organizations and associations representing state animal food regulatory programs or certain government agencies""]",True,True,ineligible,deepseek/deepseek-v4-pro,92b0344f579a,True,0.0,0.0,0.85,0.0,0.0,0.0,confirmed_ineligible
114,0af7d5aa-210e-4d0e-93c0-e8f2bf6304d4,Flexible Funding Model-Infrastructure Development and Maintenance for State Manufactured Food Regulatory Programs (U2F) Clinical Trials Not Allowed,forecast,True,False,,0af7d5aa-210e-4d0e-93c0-e8f2bf6304d4,FOR-FD-24-009,forecasted,HHS-FDA,discretionary,,2023-11-24,,,,False,4.0,,340000.0,1285000.0,,,93.103|Food and Drug Administration Research,cooperative_agreement,consumer_protection;agriculture;food_and_nutrition,,federally_recognized_native_american_tribal_governments;state_governments;other,"Governments•	U.S. Territory or PossessionThis opportunity is only available to the following State, Tribal or Territorial food safety programs:Manufactured food regulatory programs with current the FDA food safety inspection contracts (providing funding to state agency food protection regulatory programs), or those that meet the eligibility requirements and agree to enter into a food safety inspection contract with the FDA at the earliest possible date, are eligible to apply for funding under this cooperative agreement. Competition is limited to state, tribal and territorial manufactured food regulatory programs because the foundational work conducted under the current FDA food safety inspection contracts is necessary for the completion of significant improvements in an IFSS.Applicants will be categorized under one of two funding tracks: MFRPS Development or MFRPS Maintenance (see eligibility criteria below). Within each funding track, an applicant may apply for additional funding options for which they meet the eligibility criteria (below).The applicant must hold a long-term food nonpublic information sharing agreement with the FDA pursuant to 20 CFR §20.88 (“20.88 agreement”) or agree to enter into a 20.88 agreement with the FDA by the end of grant year one (June 30, 2025).Applicants are encouraged to apply for cooperative agreement assistance that reflects their jurisdiction’s needs both in terms of amounts of funding and number of project years.To ascertain an applicant's tier’s funding level, please consult Section II. Award Information.Funding Track 1:  MFRPS DevelopmentState programs are eligible for Funding Track 1 if they have received less than five (5) years funding under a past MFRPS cooperative agreement or have never received a MFRPS cooperative agreement.Applicants may request up to $300,000/year for this funding option.State programs will move to MFRPS Maintenance funding levels in the sixth year of funding under MFRPS cooperative agreements. Applicants with less than five (5) years funding under a past MFRPS cooperative agreement may elect to count years of MFRPS enrollment under the FDA Food Inspection Contract towards the five (5) years MFRPS funding eligibility requirement when determining the entry date for Funding Track 2 (MFRPS Maintenance).2018-19 MFRPS Cooperative Agreement Recipients (RFA-FD-18-001): State programs who began receiving MFRPS cooperative agreement funding in 2018 and/or 2019 are not eligible for Funding Track 1 of this cooperative agreement.  These state programs must request funding under Funding Track 2 (MFRPS Maintenance).2020 MFRPS Cooperative Agreement Recipients: State programs who began receiving MFRPS cooperative agreement funding in 2020 are only eligible to receive funding under Funding Track 1 (MFRPS Development) for year 1 of this two-year cooperative agreement.2021-22 MFRPS Cooperative Agreement Recipients: State programs who began receiving MFRPS cooperative agreement funding in 2021 and/or 2022 are eligible to receive funding under Funding Track 1 for years 1 and 2 of this cooperative agreement. See section titled, ""MFRPS Funding Track 2"" for variable funding levels and additional funding options.Programs who meet the eligibility requirements for Funding Track 1 (MFRPS Development):•	Are also eligible to apply for a FPTF option.•	Are not eligible to apply for Dietary Supplements or Special Projects funding options.Funding Track 2:  MFRPS Maintenance State programs are eligible for Funding Track 2 if they have received five (5) years funding under a past MFRPS cooperative agreement. Applicants with less than five (5) years funding under a past MFRPS cooperative agreement may elect to count years of MFRPS enrollment under the FDA Food Inspection Contract towards the five (5) years MFRPS funding eligibility requirement when determining the entry date for Funding Track 2 (MFRPS Maintenance).",Food and Drug Administration,Department of Health and Human Services,"Terrin Brown
Grantor
(240) 402-7610",terrin.brown@fda.hhs.gov,terrin.brown@fda.hhs.gov,,,,,,2024.0,,,https://simpler.grants.gov/opportunity/0af7d5aa-210e-4d0e-93c0-e8f2bf6304d4,"<p>The intended outcome of this Notice of Funding Opportunity (NOFO) is to advance efforts for a nationally Integrated Food Safety System (IFSS) by supporting Manufactured Food Regulatory Program Standards (MFRPS), Food Protection Task Force (FPTF) programs, Dietary Supplement (DS) programs, and special projects. For the purposes of this NOFO, the term state encompasses all eligible organizations as defined in Section 3.</p>
<p><br></p>
<p><strong>MFRPS Development or Maintenance:</strong></p>
<p><br></p>
<p>The purpose of this Notice of Funding Opportunity (NOFO) section is to advance efforts for a nationally Integrated Food Safety System (IFSS) by assisting state manufactured food regulatory programs to achieve and maintain conformance with the most current version of the Manufactured Food Regulatory Program Standards (MFRPS). The MFRPS are intended to ensure that state manufactured food regulatory programs implement a high-quality regulatory program through the development and maintenance of a regulatory framework that builds on and emphasizes mutual reliance with all programs. Also, the program standards are intended to enhance food safety by establishing a uniform basis for measuring and improving the performance of manufactured food regulatory programs in the United States. Conformance with these program standards will help federal and state programs better direct their regulatory activities at reducing foodborne illness hazards in plants that manufacture, process, pack, or hold foods.</p>
<p><br></p>
<p><strong>Food Protection Task Force (FPTF):</strong></p>
<p><br></p>
<p>The purpose of this funding option is to establish and/or support a Food Protection Task Force (FPTF) with diverse membership representative of stakeholders across the state that is responsible for promoting the integration of an efficient statewide human and animal food (HAF) protection system that addresses state and region-specific needs and that maximize the protection of the public health. These efforts include: establishing a food safety/protection network of subject matter experts, fostering educational opportunities, developing replicable resources and systematically fostering communication, education, outreach, cooperation and collaboration within the states among federal, state, local, tribal and territorial HAF protection, public health, agriculture, and regulatory agencies, industry, academia, and consumers to initiate and/or support HAF protection activities to improve public health.</p>
<p><br></p>
<p>A strong FPTF can also help improve human and animal food emergency surveillance, response, and post-response systems by focusing on preparedness, building strong communication channels, and establishing relationships with key players before food-related incidents occur.</p>
<p><br></p>
<p><strong>Dietary Supplements:</strong></p>
<p><br></p>
<p>The goal of this funding option is to facilitate the development of state driven dietary supplement regulatory framework and programs. The overall objective of this funding opportunity is to advance the adoption and implementation of the cGMPs for Dietary Supplements Rule codified at 21 CFR Part 111. Specifically, this track will provide funding support for dietary supplement training and program development activities.</p>
<p><br></p>
<p><strong>Special Projects:</strong></p>
<p><br></p>
<p><span style=""color: black;"">The purpose of this funding option is to develop and implement special projects that support innovation and integration in a IFSS using the MFRPS framework. This track will support other emerging food safety priorities that develop over the lifespan of the project. State programs will be expected to share project deliverables and resources developed with other programs.</span></p>","The intended outcome of this Notice of Funding Opportunity (NOFO) is to advance efforts for a nationally Integrated Food Safety System (IFSS) by supporting Manufactured Food Regulatory Program Standards (MFRPS), Food Protection Task Force (FPTF) programs, Dietary Supplement (DS) programs, and special projects. For the purposes of this NOFO, the term state encompasses all eligible organizations as defined in Section 3.

 


  MFRPS Development or Maintenance: 

 


 The purpose of this Notice of Funding Opportunity (NOFO) section is to advance efforts for a nationally Integrated Food Safety System (IFSS) by assisting state manufactured food regulatory programs to achieve and maintain conformance with the most current version of the Manufactured Food Regulatory Program Standards (MFRPS). The MFRPS are intended to ensure that state manufactured food regulatory programs implement a high-quality regulatory program through the development and maintenance of a regulatory framework that builds on and emphasizes mutual reliance with all programs. Also, the program standards are intended to enhance food safety by establishing a uniform basis for measuring and improving the performance of manufactured food regulatory programs in the United States. Conformance with these program standards will help federal and state programs better direct their regulatory activities at reducing foodborne illness hazards in plants that manufacture, process, pack, or hold foods.

 


  Food Protection Task Force (FPTF): 

 


 The purpose of this funding option is to establish and/or support a Food Protection Task Force (FPTF) with diverse membership representative of stakeholders across the state that is responsible for promoting the integration of an efficient statewide human and animal food (HAF) protection system that addresses state and region-specific needs and that maximize the protection of the public health. These efforts include: establishing a food safety/protection network of subject matter experts, fostering educational opportunities, developing replicable resources and systematically fostering communication, education, outreach, cooperation and collaboration within the states among federal, state, local, tribal and territorial HAF protection, public health, agriculture, and regulatory agencies, industry, academia, and consumers to initiate and/or support HAF protection activities to improve public health.

 


 A strong FPTF can also help improve human and animal food emergency surveillance, response, and post-response systems by focusing on preparedness, building strong communication channels, and establishing relationships with key players before food-related incidents occur.

 


  Dietary Supplements: 

 


 The goal of this funding option is to facilitate the development of state driven dietary supplement regulatory framework and programs. The overall objective of this funding opportunity is to advance the adoption and implementation of the cGMPs for Dietary Supplements Rule codified at 21 CFR Part 111. Specifically, this track will provide funding support for dietary supplement training and program development activities.

 


  Special Projects: 

 


  The purpose of this funding option is to develop and implement special projects that support innovation and integration in a IFSS using the MFRPS framework. This track will support other emerging food safety priorities that develop over the lifespan of the project. State programs will be expected to share project deliverables and resources developed with other programs.","Flexible Funding Model-Infrastructure Development and Maintenance for State Manufactured Food Regulatory Programs (U2F) Clinical Trials Not Allowed
The intended outcome of this Notice of Funding Opportunity (NOFO) is to advance efforts for a nationally Integrated Food Safety System (IFSS) by supporting Manufactured Food Regulatory Program Standards (MFRPS), Food Protection Task Force (FPTF) programs, Dietary Supplement (DS) programs, and special projects. For the purposes of this NOFO, the term state encompasses all eligible organizations as defined in Section 3.

 


  MFRPS Development or Maintenance: 

 


 The purpose of this Notice of Funding Opportunity (NOFO) section is to advance efforts for a nationally Integrated Food Safety System (IFSS) by assisting state manufactured food regulatory programs to achieve and maintain conformance with the most current version of the Manufactured Food Regulatory Program Standards (MFRPS). The MFRPS are intended to ensure that state manufactured food regulatory programs implement a high-quality regulatory program through the development and maintenance of a regulatory framework that builds on and emphasizes mutual reliance with all programs. Also, the program standards are intended to enhance food safety by establishing a uniform basis for measuring and improving the performance of manufactured food regulatory programs in the United States. Conformance with these program standards will help federal and state programs better direct their regulatory activities at reducing foodborne illness hazards in plants that manufacture, process, pack, or hold foods.

 


  Food Protection Task Force (FPTF): 

 


 The purpose of this funding option is to establish and/or support a Food Protection Task Force (FPTF) with diverse membership representative of stakeholders across the state that is responsible for promoting the integration of an efficient statewide human and animal food (HAF) protection system that addresses state and region-specific needs and that maximize the protection of the public health. These efforts include: establishing a food safety/protection network of subject matter experts, fostering educational opportunities, developing replicable resources and systematically fostering communication, education, outreach, cooperation and collaboration within the states among federal, state, local, tribal and territorial HAF protection, public health, agriculture, and regulatory agencies, industry, academia, and consumers to initiate and/or support HAF protection activities to improve public health.

 


 A strong FPTF can also help improve human and animal food emergency surveillance, response, and post-response systems by focusing on preparedness, building strong communication channels, and establishing relationships with key players before food-related incidents occur.

 


  Dietary Supplements: 

 


 The goal of this funding option is to facilitate the development of state driven dietary supplement regulatory framework and programs. The overall objective of this funding opportunity is to advance the adoption and implementation of the cGMPs for Dietary Supplements Rule codified at 21 CFR Part 111. Specifically, this track will provide funding support for dietary supplement training and program development activities.

 


  Special Projects: 

 


  The purpose of this funding option is to develop and implement special projects that support innovation and integration in a IFSS using the MFRPS framework. This track will support other emerging food safety priorities that develop over the lifespan of the project. State programs will be expected to share project deliverables and resources developed with other programs.
Governments•	U.S. Territory or PossessionThis opportunity is only available to the following State, Tribal or Territorial food safety programs:Manufactured food regulatory programs with current the FDA food safety inspection contracts (providing funding to state agency food protection regulatory programs), or those that meet the eligibility requirements and agree to enter into a food safety inspection contract with the FDA at the earliest possible date, are eligible to apply for funding under this cooperative agreement. Competition is limited to state, tribal and territorial manufactured food regulatory programs because the foundational work conducted under the current FDA food safety inspection contracts is necessary for the completion of significant improvements in an IFSS.Applicants will be categorized under one of two funding tracks: MFRPS Development or MFRPS Maintenance (see eligibility criteria below). Within each funding track, an applicant may apply for additional funding options for which they meet the eligibility criteria (below).The applicant must hold a long-term food nonpublic information sharing agreement with the FDA pursuant to 20 CFR §20.88 (“20.88 agreement”) or agree to enter into a 20.88 agreement with the FDA by the end of grant year one (June 30, 2025).Applicants are encouraged to apply for cooperative agreement assistance that reflects their jurisdiction’s needs both in terms of amounts of funding and number of project years.To ascertain an applicant's tier’s funding level, please consult Section II. Award Information.Funding Track 1:  MFRPS DevelopmentState programs are eligible for Funding Track 1 if they have received less than five (5) years funding under a past MFRPS cooperative agreement or have never received a MFRPS cooperative agreement.Applicants may request up to $300,000/year for this funding option.State programs will move to MFRPS Maintenance funding levels in the sixth year of funding under MFRPS cooperative agreements. Applicants with less than five (5) years funding under a past MFRPS cooperative agreement may elect to count years of MFRPS enrollment under the FDA Food Inspection Contract towards the five (5) years MFRPS funding eligibility requirement when determining the entry date for Funding Track 2 (MFRPS Maintenance).2018-19 MFRPS Cooperative Agreement Recipients (RFA-FD-18-001): State programs who began receiving MFRPS cooperative agreement funding in 2018 and/or 2019 are not eligible for Funding Track 1 of this cooperative agreement.  These state programs must request funding under Funding Track 2 (MFRPS Maintenance).2020 MFRPS Cooperative Agreement Recipients: State programs who began receiving MFRPS cooperative agreement funding in 2020 are only eligible to receive funding under Funding Track 1 (MFRPS Development) for year 1 of this two-year cooperative agreement.2021-22 MFRPS Cooperative Agreement Recipients: State programs who began receiving MFRPS cooperative agreement funding in 2021 and/or 2022 are eligible to receive funding under Funding Track 1 for years 1 and 2 of this cooperative agreement. See section titled, ""MFRPS Funding Track 2"" for variable funding levels and additional funding options.Programs who meet the eligibility requirements for Funding Track 1 (MFRPS Development):•	Are also eligible to apply for a FPTF option.•	Are not eligible to apply for Dietary Supplements or Special Projects funding options.Funding Track 2:  MFRPS Maintenance State programs are eligible for Funding Track 2 if they have received five (5) years funding under a past MFRPS cooperative agreement. Applicants with less than five (5) years funding under a past MFRPS cooperative agreement may elect to count years of MFRPS enrollment under the FDA Food Inspection Contract towards the five (5) years MFRPS funding eligibility requirement when determining the entry date for Funding Track 2 (MFRPS Maintenance).",False,,,False,False,False,False,False,False,,True,,False,False,False,False,False,False,False,False,,award_ceiling,1285000.0,True,False,True,False,False,False,5.54,False,,False,False,True,False,False,False,True,False,False,False,True,3,False,False,,True,False,False,True,1,True,False,False,,True,False,False,False,,2026-09-30,2026-08-18,Flexible Funding Model-Infrastructure Development and Maintenance for State Manufactured Food Regulatory Programs (U2F) Clinical Trials Not Allowed,forecast,ok,0,none,none,"The grant funds manufactured food regulatory program infrastructure and inspections, which does not directly advance any listed NCDHHS strategic goal or objective.",advance efforts for a nationally Integrated Food Safety System (IFSS) by assisting state manufactured food regulatory programs to achieve and maintain conformance with the most current version of the Manufactured Food Regulatory Program Standards (MFRPS).,ineligible,"Competition is limited to state, tribal and territorial manufactured food regulatory programs because the foundational work conducted under the current FDA food safety inspection contracts is necessary for the completion of significant improvements in an IFSS.",none,0,"The grant requires a manufactured food regulatory program with FDA food safety inspection contract authority, which is not an existing role described for any NCDHHS division.","NCDHHS is likely not the state manufactured food regulatory program, so the application would be ineligible or would require an FDA food safety inspection contract outside the department's authority.",False,Food safety regulatory program infrastructure is not an NCDHHS strategic objective and likely sits with another state agency; not a fit for DHHS.,"[""The applicant must hold a long-term food nonpublic information sharing agreement with the FDA pursuant to 20 CFR \u00a720.88 (\u201c20.88 agreement\u201d) or agree to enter into a 20.88 agreement with the FDA by the end of grant year one (June 30, 2025)."", ""Applicants will be categorized under one of two funding tracks: MFRPS Development or MFRPS Maintenance (see eligibility criteria below)."", ""State programs will be expected to share project deliverables and resources developed with other programs.""]",True,True,ineligible,deepseek/deepseek-v4-pro,92b0344f579a,True,0.0,0.0,0.85,0.0,0.0,0.0,confirmed_ineligible
115,0bbeec01-73e3-4391-997b-1dc30c7e8e82,"Animal Food Regulatory Program Standards Implementation Development and Maintenance, with Mutual Reliance Initiatives",forecast,True,False,,0bbeec01-73e3-4391-997b-1dc30c7e8e82,FOR-FD-25-003,forecasted,HHS-FDA,discretionary,,2024-08-14,,,,False,30.0,,10600000.0,10600000.0,,,93.103|Food and Drug Administration Research,cooperative_agreement,consumer_protection;agriculture;food_and_nutrition,,other,Competition is limited to these national organizations/associations for the following reasons:Limited competition ensures the applicant has responsibility and authority for animal food regulation in their respective jurisdictions. The animal food safety contract must be maintained in satisfactory condition. Awardees must have or be willing to enter into a 20.88 information disclosure agreement with the FDA and will be required to have at least a commissioning certificate (or be willing to procure one) to facilitate information sharing between other States and FDA.,Food and Drug Administration,Department of Health and Human Services,"Terrin Brown
Grantor
2404027610",terrin.brown@fda.hhs.gov,terrin.brown@fda.hhs.gov,,,,,,2025.0,,,https://simpler.grants.gov/opportunity/0bbeec01-73e3-4391-997b-1dc30c7e8e82,"<p>The purpose of this Notice of Funding Opportunity (NOFO) is to advance efforts for a nationally integrated animal food safety system providing State animal food regulatory programs the ability to achieve and maintain full implementation of the Animal Feed Regulatory Program Standards (AFRPS), and to fund optional projects for State animal food regulatory programs to develop and standardize processes, procedures, systems, and other methods to integrate federal and state animal food regulatory work resulting in mutual reliance.</p><p><br></p><p>Specific outcomes may include, but are not limited to:</p><p>• State animal food regulatory programs will achieve and maintain implementation of the AFRPS, which is recognized as a critical element to creating a national, fully integrated food safety system.</p><p>• Operational use of standardized animal food regulatory systems developed by state programs to compel federal reliance on state regulatory work and resources and reciprocal state reliance on federal work and resources, resulting in mutual reliance.</p><p><br></p><p>Outputs, Objectives, and Outcomes for this NOFO are currently under development and subject to change before the submission of the NOFO for clearance.</p>","The purpose of this Notice of Funding Opportunity (NOFO) is to advance efforts for a nationally integrated animal food safety system providing State animal food regulatory programs the ability to achieve and maintain full implementation of the Animal Feed Regulatory Program Standards (AFRPS), and to fund optional projects for State animal food regulatory programs to develop and standardize processes, procedures, systems, and other methods to integrate federal and state animal food regulatory work resulting in mutual reliance.
 

 Specific outcomes may include, but are not limited to:
 • State animal food regulatory programs will achieve and maintain implementation of the AFRPS, which is recognized as a critical element to creating a national, fully integrated food safety system.
 • Operational use of standardized animal food regulatory systems developed by state programs to compel federal reliance on state regulatory work and resources and reciprocal state reliance on federal work and resources, resulting in mutual reliance.
 

 Outputs, Objectives, and Outcomes for this NOFO are currently under development and subject to change before the submission of the NOFO for clearance.","Animal Food Regulatory Program Standards Implementation Development and Maintenance, with Mutual Reliance Initiatives
The purpose of this Notice of Funding Opportunity (NOFO) is to advance efforts for a nationally integrated animal food safety system providing State animal food regulatory programs the ability to achieve and maintain full implementation of the Animal Feed Regulatory Program Standards (AFRPS), and to fund optional projects for State animal food regulatory programs to develop and standardize processes, procedures, systems, and other methods to integrate federal and state animal food regulatory work resulting in mutual reliance.
 

 Specific outcomes may include, but are not limited to:
 • State animal food regulatory programs will achieve and maintain implementation of the AFRPS, which is recognized as a critical element to creating a national, fully integrated food safety system.
 • Operational use of standardized animal food regulatory systems developed by state programs to compel federal reliance on state regulatory work and resources and reciprocal state reliance on federal work and resources, resulting in mutual reliance.
 

 Outputs, Objectives, and Outcomes for this NOFO are currently under development and subject to change before the submission of the NOFO for clearance.
Competition is limited to these national organizations/associations for the following reasons:Limited competition ensures the applicant has responsibility and authority for animal food regulation in their respective jurisdictions. The animal food safety contract must be maintained in satisfactory condition. Awardees must have or be willing to enter into a 20.88 information disclosure agreement with the FDA and will be required to have at least a commissioning certificate (or be willing to procure one) to facilitate information sharing between other States and FDA.",False,,,False,False,False,False,False,False,,True,,False,False,False,False,False,False,False,False,,award_ceiling,10600000.0,True,False,True,False,False,False,10.0,False,,False,False,False,False,False,False,False,False,False,False,True,1,False,False,,False,False,False,False,1,True,False,False,,True,False,False,False,,2026-09-30,2026-08-18,"Animal Food Regulatory Program Standards Implementation Development and Maintenance, with Mutual Reliance Initiatives",forecast,ok,0,none,none,"The funded activity supports state animal food regulatory programs and animal feed safety standards, which do not map to any NCDHHS strategic goal or objective.",advance efforts for a nationally integrated animal food safety system,ineligible,Competition is limited to these national organizations/associations,none,0,No NCDHHS division has authority over animal feed regulation; that regulatory function sits outside the department.,"NCDHHS is not eligible because the competition is limited to national organizations/associations, and no division has authority over animal feed regulation.",False,"This FDA cooperative agreement is limited to national animal food regulatory organizations, so NCDHHS cannot apply and no division owns animal feed regulation.","[""Competition is limited to national organizations/associations"", ""Awardees must have or be willing to enter into a 20.88 information disclosure agreement with the FDA"", ""Awardees must have at least a commissioning certificate or be willing to procure one"", ""The animal food safety contract must be maintained in satisfactory condition""]",True,True,ineligible,deepseek/deepseek-v4-pro,92b0344f579a,True,0.0,0.0,0.85,0.0,0.0,0.0,confirmed_ineligible
116,85cfae9e-d222-469b-b791-a4271fd26b29,Unemployment Insurance Integrity Center of Excellence Operations,forecast,True,False,,85cfae9e-d222-469b-b791-a4271fd26b29,ETA-UI-2024-01,forecasted,DOL-ETA,mandatory,,2024-09-12,,,,False,1.0,,0.0,9000000.0,,,17.225|Unemployment Insurance,cooperative_agreement,other,The Employment and Training Administration (ETA) intends to award a cooperative agreement to the Center for Employment Security Education and Research (CESER) for continued operations of the Unemployment Insurance (UI) Integrity Center of Excellence (Integrity Center).,other,Sole Source Award to Center for Employment Security Education and Research,Employment and Training Administration,Department of Labor,"Jeannette Flowers
0000000000",Flowers.Jeannette@dol.gov,Flowers.Jeannette@dol.gov,2024-09-12,2024-09-26,,,,2024.0,,,https://simpler.grants.gov/opportunity/85cfae9e-d222-469b-b791-a4271fd26b29,"<p>The Employment and Training Administration (ETA) intends to award a cooperative agreement to the Center for Employment Security Education and Research (CESER) for continued operations of the Unemployment Insurance (UI) Integrity Center of Excellence (Integrity Center).&nbsp;&nbsp;&nbsp;</p><p>&nbsp;</p><p>The Further Consolidated Appropriations Act, 2024 (Public Law 118-47) provides “… <em>$9,000,000 for continued support of the Unemployment Insurance Integrity Center of Excellence</em>… .” as part of the Department’s appropriation for State Unemployment Insurance and Employment Service Operations.&nbsp; The UI Integrity Center has been operated by the National Association of State Workforce Agencies’ (NASWA)/CESER since Fiscal Year 2017.&nbsp; CESER is a 501(c)(3) entity incorporated in August 1994 as an education and research arm of the NASWA, which is a national organization of state administrators of the publicly-funded state workforce system and is a leading provider of information technology, education, and research support focused exclusively on UI and workforce development initiatives and activities.&nbsp;&nbsp;&nbsp;</p><p>&nbsp;</p><p>The primary mission of the UI Integrity Center is to provide training and technical assistance to states to improve UI program integrity; develop and disseminate UI program integrity resources&nbsp; and promote innovative new tools and products that are transferable and scalable for all states to prevent UI improper payments and enhance fraud prevention solutions; and enable rapid alerts to states on new improper payment practices and fraud schemes as they are identified.&nbsp;</p><p><br></p>","The Employment and Training Administration (ETA) intends to award a cooperative agreement to the Center for Employment Security Education and Research (CESER) for continued operations of the Unemployment Insurance (UI) Integrity Center of Excellence (Integrity Center).   
  
 The Further Consolidated Appropriations Act, 2024 (Public Law 118-47) provides “…  $9,000,000 for continued support of the Unemployment Insurance Integrity Center of Excellence … .” as part of the Department’s appropriation for State Unemployment Insurance and Employment Service Operations.  The UI Integrity Center has been operated by the National Association of State Workforce Agencies’ (NASWA)/CESER since Fiscal Year 2017.  CESER is a 501(c)(3) entity incorporated in August 1994 as an education and research arm of the NASWA, which is a national organization of state administrators of the publicly-funded state workforce system and is a leading provider of information technology, education, and research support focused exclusively on UI and workforce development initiatives and activities.   
  
 The primary mission of the UI Integrity Center is to provide training and technical assistance to states to improve UI program integrity; develop and disseminate UI program integrity resources  and promote innovative new tools and products that are transferable and scalable for all states to prevent UI improper payments and enhance fraud prevention solutions; and enable rapid alerts to states on new improper payment practices and fraud schemes as they are identified.","Unemployment Insurance Integrity Center of Excellence Operations
The Employment and Training Administration (ETA) intends to award a cooperative agreement to the Center for Employment Security Education and Research (CESER) for continued operations of the Unemployment Insurance (UI) Integrity Center of Excellence (Integrity Center).   
  
 The Further Consolidated Appropriations Act, 2024 (Public Law 118-47) provides “…  $9,000,000 for continued support of the Unemployment Insurance Integrity Center of Excellence … .” as part of the Department’s appropriation for State Unemployment Insurance and Employment Service Operations.  The UI Integrity Center has been operated by the National Association of State Workforce Agencies’ (NASWA)/CESER since Fiscal Year 2017.  CESER is a 501(c)(3) entity incorporated in August 1994 as an education and research arm of the NASWA, which is a national organization of state administrators of the publicly-funded state workforce system and is a leading provider of information technology, education, and research support focused exclusively on UI and workforce development initiatives and activities.   
  
 The primary mission of the UI Integrity Center is to provide training and technical assistance to states to improve UI program integrity; develop and disseminate UI program integrity resources  and promote innovative new tools and products that are transferable and scalable for all states to prevent UI improper payments and enhance fraud prevention solutions; and enable rapid alerts to states on new improper payment practices and fraud schemes as they are identified.
Sole Source Award to Center for Employment Security Education and Research",False,,,False,False,False,False,False,False,,False,-748.0,True,True,False,False,False,False,False,False,,award_ceiling,9000000.0,True,False,True,True,False,False,9.77,False,,False,False,False,False,False,False,False,False,False,False,True,1,False,False,,False,False,False,False,1,False,False,False,,False,False,False,False,,2026-09-30,2026-08-18,Unemployment Insurance Integrity Center of Excellence Operations,forecast,ok,0,none,none,"The funded activity supports unemployment insurance program integrity, which is outside NCDHHS's health and human services strategic goals and objectives.",Unemployment Insurance Integrity Center of Excellence Operations,ineligible,Sole Source Award to Center for Employment Security Education and Research,none,0,"NCDHHS does not administer unemployment insurance or UI integrity programs, so this would be outside the agency's authority and partner network.","It is a sole-source award to CESER, so NCDHHS cannot apply and there is no competitive opportunity.",False,"This sole-source cooperative agreement funds a national unemployment insurance integrity center, outside NCDHHS's health and human services mission and not open to state agency applicants.",[],True,True,ineligible,deepseek/deepseek-v4-pro,92b0344f579a,True,0.0,0.0,0.85,0.0,0.0,0.0,confirmed_ineligible
